round,condition,iteration,end_to_end_ms,total_compute_ms,non_compute_overhead_ms,total_activation_bytes,num_hops,hop_1_compute_ms,hop_1_deserialize_ms,hop_1_serialize_ms,hop_1_forward_ms,hop_1_activation_bytes,hop_2_compute_ms,hop_2_deserialize_ms,hop_2_serialize_ms,hop_2_forward_ms,hop_2_activation_bytes,hop_3_compute_ms,hop_3_deserialize_ms,hop_3_serialize_ms,hop_3_forward_ms,hop_3_activation_bytes,hop_4_compute_ms,hop_4_deserialize_ms,hop_4_serialize_ms,hop_4_forward_ms,hop_4_activation_bytes,hop_5_compute_ms,hop_5_deserialize_ms,hop_5_serialize_ms,hop_5_forward_ms,hop_5_activation_bytes
1,chain_5svc,1,105.43946800021331,84.13755900028264,21.301908999930674,2107392,4,29.600156000014977,0.3348189998177986,0.11940700005652616,70.31503400003203,602112,17.670490000000427,0.4283209998448001,0.08460399999421497,47.41138700001102,802816,16.450006000013673,0.2736149999691406,0.055103000022427295,27.51291599997785,401408,19.607944000199495,0.17670199986241641,0.051000999974348815,4.5016560000021855,200704,0.8089630000540637,0.1633130000300298,0.04290299989406776,0.0,100352
1,chain_5svc,2,103.84112099995946,82.2269199998118,21.61420100014766,2107392,4,28.77010999986851,0.3290180000021792,0.102405000006911,69.42988500009051,602112,12.566533000153868,0.4991249998056446,0.06290299984357262,51.57669699997314,802816,16.970034999985728,0.25871399998322886,0.05400300005931058,30.81829799998559,401408,23.24148899992906,0.17090200003622158,0.051101000053677126,3.7482469999758905,200704,0.6787529998746322,0.14901100007591594,0.038803000052212155,0.0,100352
1,chain_5svc,3,96.57180199997129,75.04967399995621,21.522128000015073,2107392,4,28.348585999992792,0.3636210001332074,0.1918109999223816,61.646749999908934,602112,11.221064999972441,0.4985250000117958,0.0842049998937,45.85390900001585,802816,12.490088000049582,0.5666309998559882,0.049403000048187096,29.75733899984334,401408,22.24087700005839,0.17590199990991096,0.06289999987529882,4.15315199984434,200704,0.7490579998830071,0.15351199999713572,0.04340300006333564,0.0,100352
1,chain_5svc,4,96.24269200003255,76.59723899973869,19.645453000293855,2107392,4,29.74256399988917,0.324518000070384,0.12590699998327182,61.1053190000348,602112,11.605283999870153,0.46762400006628013,0.05960299995422247,44.840258000022004,802816,16.550411000025633,0.26831500008484,0.06780399985473196,24.877070000002277,401408,17.97182299992528,0.17970200019590266,0.04150099994149059,3.667045999918628,200704,0.7271570000284555,0.16241299999819603,0.04390300000522984,0.0,100352
1,chain_5svc,5,98.3155540000098,77.87756699963211,20.43798700037769,2107392,4,27.680147999944893,0.3266189999067137,0.11980700014646573,64.92593299981309,602112,11.894598999788286,0.47092400018300395,0.0635030000921688,48.68095100005121,802816,13.976870000078634,0.23101200008568412,0.07350399982897216,30.772095999964222,401408,23.596692999944935,0.1773020001110126,0.05900099995415076,3.732946000127413,200704,0.7292569998753606,0.1607120000244322,0.042303000100218924,0.0,100352
1,chain_5svc,6,108.06644799981768,87.21876899971903,20.84767900009865,2107392,4,27.238123999950403,0.36522000004879374,0.19321100012348325,75.31451499994546,602112,13.173762999940664,0.5111259999921458,0.07870400008869183,57.02207199988152,802816,19.837291999920126,0.2927170000930346,0.058304000049247406,33.56274899988421,401408,26.139925000052244,0.2059030000509665,0.05310000005920301,4.109951000145884,200704,0.8296649998555949,0.16431200015176728,0.0473039999633329,0.0,100352
1,chain_5svc,7,107.99904499981494,86.90045799971813,21.098587000096813,2107392,4,27.70114999998441,0.333318999992116,0.12950699988323322,74.31725900005404,602112,11.017254999842407,0.47082400010367564,0.05490200010171975,59.028871999998955,802816,21.120263000057093,0.3575199998522294,0.06550400007654389,33.811762999903294,401408,26.240525999810416,0.24500300014551613,0.05440000018097635,4.051549999985582,200704,0.8212640000238025,0.1508119999016344,0.043703000073946896,0.0,100352
1,chain_5svc,8,101.05733599993982,80.4012129997318,20.656123000208026,2107392,4,27.37553199995091,0.3400190000775183,0.34871900015787105,67.8831979998904,602112,10.041706000038175,0.4227209999498882,0.06740300000274146,53.20207900012974,802816,16.2530949999109,0.24371399990741338,0.057803000117928605,33.44954299996061,401408,26.00062299984529,0.20600200014087022,0.04950100014866621,3.939649000130885,200704,0.7302569999865227,0.15991300006135134,0.0416029999996681,0.0,100352
1,chain_5svc,9,101.61985399986406,80.63730899971233,20.98254500015173,2107392,4,27.252724999925704,0.3368190000401228,0.19100999998045154,68.62553999985721,602112,11.999004000017521,0.502825000012308,0.06240299990167841,52.247530999920855,802816,16.839027999822065,0.29621600015161675,0.058603000070434064,31.089611999959743,401408,23.8111950000075,0.16900299988265033,0.05170100007489964,3.960550000101648,200704,0.7353569999395404,0.19831600002362393,0.041403000068385154,0.0,100352
1,chain_5svc,10,105.36776599997211,83.72030100008487,21.647464999887234,2107392,4,33.01474800014148,0.3300179998859676,0.19821099999717262,65.73367900000449,602112,13.451277000058326,0.479823999967266,0.06050299998605624,47.41508799997973,802816,10.914900999978272,0.24811399998725392,0.04400299985718448,32.92371399993499,401408,25.609617999862166,0.2027020000241464,0.07640100011485629,4.126151000036771,200704,0.7297570000446285,0.15921299996080052,0.0421029999415623,0.0,100352
1,chain_5svc,11,101.83456000004298,79.87441700015552,21.960142999887466,2107392,4,26.71899500001018,0.3302180000446242,0.13580799986812053,68.47273100015627,602112,12.791443999958574,0.48542400008955155,0.054102999911265215,50.95386600009988,802816,14.712911000060558,0.26691499988373835,0.06600300002901349,32.28697900021871,401408,24.907710000206862,0.2052019999609911,0.051799999937429675,3.7854469999274443,200704,0.7433569999193423,0.19801600001301267,0.04490400010581652,0.0,100352
1,chain_5svc,12,110.16160999997737,87.44979999983116,22.711810000146215,2107392,4,28.870815999880506,0.32841799998095667,0.17621000006329268,75.6211309999344,602112,10.924851000027047,0.4460220000055415,0.06490300006589678,59.756409000101485,802816,18.605924999974377,0.287516000071264,0.0556029999643215,35.89207699997132,401408,28.318951999835917,0.20190300006106554,0.05260000011730881,4.042849999905229,200704,0.7292560001133097,0.15761299982841592,0.042603999872881104,0.0,100352
1,chain_5svc,13,104.35233500015784,83.5039770001913,20.848357999966538,2107392,4,29.198532000009436,0.3610200001276098,0.17950999995264283,69.7154980000505,602112,10.974952999958987,0.42722200009848166,0.0613029999385617,53.60759900008816,802816,16.579713000055563,0.2928159999555646,0.060803999986092094,33.32793599997785,401408,26.049624000052063,0.20820200006710365,0.05220100001679384,3.6116449998644384,200704,0.70115500011525,0.14681099992230884,0.03680200006783707,0.0,100352
1,chain_5svc,14,97.7999379999801,77.14917599992077,20.65076200005933,2107392,4,28.477992000034646,0.33251899981223687,0.09690499996395374,63.924474000032205,602112,11.411574000021574,0.4731239998818637,0.05730299994866073,47.20707699993909,802816,16.427304999979242,0.2921160000823875,0.055103000022427295,27.060191000146006,401408,20.12485000000197,0.20280299986552563,0.046999999995023245,3.56874399994922,200704,0.707454999883339,0.15211200002340775,0.04070299996783433,0.0,100352
1,chain_5svc,15,104.11732800002937,83.12048199968558,20.996846000343794,2107392,4,27.833456000053047,0.36642100008066336,0.1253069999620493,70.28222900021319,602112,11.664986999903704,0.4769240001678554,0.055103000022427295,53.832711000040945,802816,12.745002999963617,0.2949160000298434,0.043602000005193986,37.1931490001316,401408,30.076272999849607,0.21140300009392377,0.08030100002542895,3.7845469998956105,200704,0.8007629999156052,0.1826140000957821,0.03940300007343467,0.0,100352
1,chain_5svc,16,95.78757799999948,75.12044200029777,20.667135999701713,2107392,4,26.86030200015921,0.36572099998011254,0.12170599984528963,63.43414599996322,602112,11.602984000091965,0.40952099993774027,0.06430300004467426,47.336284000039086,802816,10.438174999990224,0.2787160001389566,0.04230199988342065,33.164727999974275,401408,25.38011599995116,0.2235019999261567,0.06260000009206124,4.096651000054408,200704,0.8388650001052156,0.15991299983397766,0.04240299995217356,0.0,100352
1,chain_5svc,17,94.25703300007626,74.0432659997623,20.213767000313965,2107392,4,26.44177899992428,0.3291180000815075,0.1898099999380065,62.221279000141294,602112,10.518730000057985,0.48332400001527276,0.0582019999910699,46.81275699999787,802816,10.754991999874619,0.2604149999569927,0.05240300015429966,32.32548100004351,401408,25.75751999984277,0.21220300004642922,0.06410000014511752,3.774546999920858,200704,0.5702450000626413,0.12981000008949195,0.03350199995111325,0.0,100352
1,chain_5svc,18,102.14627000004839,81.67271400020581,20.473555999842574,2107392,4,26.523783000129697,0.32671799999661744,0.18520999992688303,70.24902700004532,602112,13.346471999966525,0.48332400001527276,0.06280299999161798,52.492742999902475,802816,11.50133300006928,0.24771399989731435,0.04570300006889738,37.24705199988421,401408,29.544567000129973,0.21170299987716135,0.06400099982784013,4.283852999833471,200704,0.7565589999103395,0.16711300008864782,0.04130299998905684,0.0,100352
1,chain_5svc,19,96.75060699987625,76.4687339997181,20.281873000158157,2107392,4,28.84691200006273,0.47512700007246167,0.18471099997441343,61.991165999870645,602112,10.908649999919362,0.45472300007531885,0.05820200021844357,46.44553900016035,802816,17.999591999796394,0.2503130001514364,0.06770400000277732,25.0261789999513,401408,17.97492300011072,0.173101999962455,0.03979999996772676,3.9366490000247722,200704,0.7386569998288905,0.24531899998692097,0.04210400015836058,0.0,100352
1,chain_5svc,20,97.89304199989601,77.80882499992003,20.08421699997598,2107392,4,32.68622799987497,0.319318000038038,0.17700900002637354,59.54352900016602,602112,10.492028000044229,0.40632099990034476,0.05840300013915112,44.18522500009203,802816,16.233994000003804,0.3177169999162288,0.05320300010680512,24.457147000020996,401408,17.67701899984786,0.17090300002564618,0.1055010000072798,3.5543440001220006,200704,0.7195560001491685,0.16331299980265612,0.04070299996783433,0.0,100352
1,chain_5svc,21,87.36932600004366,66.66642500022135,20.702900999822305,2107392,4,27.603542999941055,0.3296180000234017,0.12360699997771007,54.577151000103186,602112,10.622434999959296,0.41212000019186235,0.0525030000062543,39.7728030000053,802816,10.436775000016496,0.2502140000615327,0.042501999814703595,23.927117999846814,401408,17.272915000148714,0.17440199985685467,0.03979999996772676,3.4223430000110966,200704,0.7307570001557906,0.1639130000512523,0.041802999930951046,0.0,100352
1,chain_5svc,22,103.17520000012337,82.93658200000209,20.238618000121278,2107392,4,26.725493999947503,0.3343190001032781,0.12910700002066733,70.62634799990519,602112,12.111309999909281,0.48602500010019867,0.055102000033002696,53.78520800013575,802816,18.44261600012942,0.24621400007163174,0.07880399994064646,31.948359999887543,401408,24.98730999991494,0.18260299998473783,0.06780100011383183,3.7216470000203117,200704,0.6698520001009456,0.14591199987989967,0.03730299999915587,0.0,100352
1,chain_5svc,23,97.2770229998332,75.07659800012334,22.200424999709867,2107392,4,28.730305999943084,0.3706210000018473,0.0937050001539319,62.03456899993398,602112,10.205214000052365,0.4040199999053584,0.06990399992901075,46.84535899991715,802816,11.532434999935504,0.3095170000051439,0.04880300002696458,31.438832000048933,401408,24.02719800011255,0.1729019998037984,0.06370100004460255,4.044949999979508,200704,0.5814450000798388,0.13061099980404833,0.03110200009359687,0.0,100352
1,chain_5svc,24,109.51439100017524,87.60369299989179,21.910698000283446,2107392,4,29.225534000033804,0.3404189999400842,0.21451199995681236,73.33700000003773,602112,11.191263000000617,0.4342219999671215,0.06430400003409886,57.38688999986152,802816,15.489952999814705,0.2502140000615327,0.04340200007391104,37.44816299990816,401408,30.94188399995801,0.21290300014698005,0.05160099999557133,3.519544000027963,200704,0.7550590000846569,0.15921299996080052,0.05770400002802489,0.0,100352
1,chain_5svc,25,100.2176109998345,78.64414900041083,21.57346199942367,2107392,4,27.316627000118388,0.33771899984458287,0.12600699983522645,66.95804400010275,602112,12.440927000170632,0.49202499985767645,0.06290299984357262,49.28668200000175,802816,17.977089999931195,0.28571600000759645,0.058703000149762374,27.48561399994287,401408,20.212151000123413,0.17370199998367752,0.04380099994705233,3.8481479998608847,200704,0.6973540000672074,0.1533119998384791,0.0385030000416009,0.0,100352
1,chain_5svc,26,96.02308600005927,75.69045399986862,20.332632000190642,2107392,4,27.891558999954214,0.33001900010276586,0.10620600005495362,62.78621100000237,602112,10.393523999937315,0.41052000005947775,0.058202999980494496,47.91731299997082,802816,17.77607999997599,0.2625140000418469,0.07070400010888989,26.262546999987535,401408,18.91133499998432,0.17700199987302767,0.04349999994701648,4.190751999885833,200704,0.717956000016784,0.15771199991831963,0.04080300004716264,0.0,100352
1,chain_5svc,27,98.92907300013576,78.44415100043989,20.48492199969587,2107392,4,26.533784000093874,0.3286179999122396,0.19001100008608773,67.11505199996282,602112,16.172515000107524,0.44942199997421994,0.11920599990844494,46.11862299998393,802816,17.832383000040863,0.27071499994235637,0.0723040000139008,24.202133000017056,401408,17.18991300003836,0.17810200006351806,0.04110099985155102,3.6898460000429623,200704,0.7155560001592676,0.1539119998597016,0.0411030000577739,0.0,100352
1,chain_5svc,28,96.01748499994756,75.62366999991355,20.39381500003401,2107392,4,28.014366999968843,0.33101799999712966,0.18791000002238434,62.60070000007545,602112,13.199364999991303,0.49922499988497293,0.06740300000274146,44.921661999978824,802816,15.621760999920298,0.2663140001004649,0.07350400005634583,25.18988800011357,401408,18.107423999936145,0.17550300003676966,0.041200999930879334,3.6236449998341413,200704,0.6807530000969564,0.15571199992336915,0.03480299983493751,0.0,100352
1,chain_5svc,29,104.1173290000188,83.45223300034377,20.66509599967503,2107392,4,26.795697999887125,0.3282180000496737,0.10900600000240956,71.91512100007458,602112,11.998604000154955,0.48432399989906116,0.06480299998656847,55.35648699992635,802816,17.00153600017984,0.2860160000182077,0.07430400000885129,34.630707999895094,401408,26.875534000055268,0.17750200004229555,0.06470099992839096,4.2095530000096915,200704,0.7808610000665794,0.37522899992836756,0.04230299987284525,0.0,100352
1,chain_5svc,30,102.91519299994434,81.98196500006816,20.93322799987618,2107392,4,27.520438999999897,0.3246180001497123,0.12200599985590088,69.36707799991382,602112,10.189612999965902,0.4507230000854179,0.08080399993559695,54.52414600017619,802816,17.94888900008118,0.2729149998685898,0.05520299987438193,32.708002000163106,401408,25.452456000039092,0.1778030000423314,0.054800999805593165,3.7318559998311684,200704,0.8705679999820859,0.15361200007646403,0.04650300002140284,0.0,100352
1,chain_5svc,31,104.47303899991311,83.34653699989758,21.126502000015535,2107392,4,30.122484999992594,0.35952000007455354,0.14620799993281253,68.6996409999665,602112,10.143511000023864,0.4119210000226303,0.05880300000171701,53.948616000070615,802816,16.280796999808445,0.2715150001222355,0.05370300004869932,33.625352999933966,401408,26.06968700001744,0.17450299992560758,0.053801000149178435,4.159161999950811,200704,0.7300570000552398,0.161212999955751,0.04250300003150187,0.0,100352
1,chain_5svc,32,96.12208799990185,72.34833999950752,23.773748000394335,2107392,4,29.461646999834556,0.3676210001231084,0.09580500000083703,60.999909999964075,602112,11.619584999834842,0.44012200010001834,0.05900300016037363,41.02506600020206,802816,10.02665199985131,0.24571400012973754,0.06590400016648346,27.591519999987213,401408,20.58570500003043,0.17790300012165972,0.051901000006182585,3.5891529998934857,200704,0.6547509999563772,0.13691100002688472,0.03690300013658998,0.0,100352
1,chain_5svc,33,102.47467899989715,81.55576499984818,20.91891400004897,2107392,4,28.25607999989188,0.35391999995226797,0.09780499999578751,68.49342999998953,602112,11.505079000016849,0.486224000042057,0.05760299995927198,52.12762499991186,802816,15.854773999990357,0.29781600005662767,0.05280300001686555,32.457287999932305,401408,25.19127400000798,0.2125029998296668,0.06370100004460255,3.816956000036953,200704,0.7485579999411129,0.1389110000218352,0.042804000031537726,0.0,100352
1,chain_5svc,34,106.50460000010753,83.59934199984309,22.90525800026444,2107392,4,29.265436000059708,0.34341900004619674,0.18061099990518414,69.50748600002044,602112,11.03725600000871,0.44572199999493023,0.06520300007650803,53.606699000056324,802816,16.518910000058895,0.31751799997437047,0.05740300002798904,33.314735999965706,401408,26.103286999841657,0.1762030001373205,0.052101000164839206,3.8950579998981993,200704,0.67445299987412,0.14841200004411803,0.041503000147713465,0.0,100352
1,chain_5svc,35,103.63811399997758,83.90837099977944,19.72974300019814,2107392,4,26.85790200007432,0.3274179998697946,0.18840999996427854,71.47859600013362,602112,13.41037499992126,0.48492400014765735,0.06010300012349035,53.56509700004608,802816,17.446661999883872,0.29511599996112636,0.066603000050236,32.51789099999769,401408,25.490578000017194,0.20200300014039385,0.05220100001679384,3.3998500000507192,200704,0.702853999882791,0.13591100014309632,0.03760300000976713,0.0,100352
1,chain_5svc,36,105.37706599984631,83.98448199955055,21.392584000295756,2107392,4,29.33293999990383,0.32791800003906246,0.19071100018663856,70.03191600006176,602112,12.169412999810447,0.4799240000465943,0.06140300001789001,53.085172999999486,802816,16.242895000004864,0.29351600005611544,0.058203999969919096,33.192927999834865,401408,25.536078999948586,0.20250300008228805,0.05160099999557133,3.7896559999808233,200704,0.7031549998828268,0.16231199992944312,0.12141000001975044,0.0,100352
1,chain_5svc,37,94.23203100004685,71.59647499997845,22.63555600006839,2107392,4,28.249879999975747,0.3327179999814689,0.1029049999488052,60.19286499986265,602112,13.573783000083495,0.4456219999156019,0.07650399993508472,41.71940099990934,802816,10.516078999899037,0.2528140000777057,0.045403000058286125,27.4990150001031,401408,18.502174000104787,0.1700029999938124,0.04230099989399605,5.830786999922566,200704,0.754558999915389,0.16241200000877143,0.042803000042113126,0.0,100352
1,chain_5svc,38,97.4360280001747,76.57316599988917,20.86286200028553,2107392,4,28.212876999987202,0.3287189999809925,0.12850699999944482,63.711463000117874,602112,13.952990999996473,0.5010249999486405,0.0749040000300738,44.9703290000798,802816,15.86417400017126,0.2796149999539921,0.06040399989615253,25.19228699998166,401408,17.768463999800588,0.17850200015345763,0.04440000020622392,3.7456560000919126,200704,0.7746599999336468,0.15991300006135134,0.04100299997844559,0.0,100352
1,chain_5svc,39,100.25471199992353,79.74706100003459,20.507650999888938,2107392,4,27.185320000171487,0.32271800000671647,0.11030599989680923,67.13405300001796,602112,10.47531899985188,0.4821240002002014,0.05880300000171701,52.362594999976864,802816,16.07218499998453,0.28731599991260737,0.06100299992795044,32.620697999846016,401408,25.206973999956972,0.20760300003530574,0.052800000048591755,4.347163999909753,200704,0.8072630000697245,0.13781099983134482,0.04300299997339607,0.0,100352
1,chain_5svc,40,101.1137380000946,81.36005000005753,19.753688000037073,2107392,4,27.052112000092166,0.318117999995593,0.14010799986863276,68.61893700011024,602112,10.907440999972096,0.4419219999363122,0.09820500008572708,53.25804000017342,802816,17.78988000000936,0.2791150000120979,0.06100299992795044,31.880155999942872,401408,25.01937099987117,0.2038030002040614,0.057701000059751095,3.3197489999565732,200704,0.5912460001127329,0.1243100000465347,0.03420300004108867,0.0,100352
1,chain_5svc,41,107.92734300002849,85.46298999999635,22.464353000032133,2107392,4,33.48697199999151,0.3269179999279004,0.15650900013497449,67.45437099993978,602112,10.57312400007504,0.42652100000850623,0.05550299988499319,51.77756699981728,802816,15.833072000077664,0.34021900000880123,0.064003000034063,32.03106499995556,401408,24.88426900004015,0.19920299996556423,0.053100999821253936,3.6836540000422247,200704,0.6855529998119891,0.14261100000112492,0.03810300017903501,0.0,100352
1,chain_5svc,42,94.91285199987942,74.0347130004011,20.878138999478324,2107392,4,26.541784000073676,0.32891799992285087,0.17101000003094669,61.834256999873105,602112,11.727382000117359,0.43692199983524915,0.05530199996428564,45.663863000072524,802816,16.82032700000491,0.29091600003994245,0.05730299994866073,24.783865000017613,401408,18.322571999988213,0.1783029999842256,0.041400000100111356,3.377150000005713,200704,0.622648000216941,0.13481099995260593,0.036902999909216305,0.0,100352
1,chain_5svc,43,101.72895799996695,81.05123600034858,20.67772199961837,2107392,4,26.918405000060375,0.3732210000180203,0.18570999986877723,68.93565499990473,602112,11.507871000048908,0.4081199999745877,0.06140300001789001,53.270241000063834,802816,17.143944000054034,0.3300179998859676,0.05810400011796446,32.29587900000297,401408,24.883769000098255,0.21440299997266266,0.05310100004862761,3.656255000123565,200704,0.5972470000870089,0.13700999988941476,0.03570299986677128,0.0,100352
1,chain_5svc,44,98.31306199998835,77.09601700025814,21.217044999730206,2107392,4,28.766109000116558,0.3307179999865184,0.23621299988008104,63.41404599993439,602112,13.305959000035728,0.46252299989646417,0.0640040000234876,45.55825800002822,802816,17.011137000054077,0.2829160000601405,0.060602999838010874,24.565853000012794,401408,17.312957000058304,0.17450299992560758,0.04069999999956053,3.631353000173476,200704,0.6998549999934767,0.14271099985307956,0.05800400003863615,0.0,100352
1,chain_5svc,45,105.25606999999582,84.233949999998,21.022119999997813,2107392,4,35.13556400002926,0.325918000044112,0.3667210000912746,63.702462000037485,602112,13.023145000033765,0.479823999967266,0.05380299990065396,45.874873999991905,802816,16.404302999944775,0.28881599996566365,0.05660400006490818,25.938728000028277,401408,18.963082000027498,0.17380200006300583,0.04579999995257822,3.612152999949103,200704,0.7078559999627032,0.13601000000562635,0.040503000036551384,0.0,100352
1,chain_5svc,46,105.87349000002177,81.6888619999645,24.184628000057273,2107392,4,29.236135000019203,0.3934219998882327,0.2283119999901828,70.42683800000304,602112,10.761132999959955,0.4607230000601703,0.05440299992187647,54.9641249999695,802816,23.090771999932258,0.33761899999262823,0.0910050000584306,25.583608999795615,401408,17.862765000018044,0.17790300012165972,0.04240099997332436,4.297963999988497,200704,0.7380570000350417,0.1611129998764227,0.041903000010279357,0.0,100352
1,chain_5svc,47,107.56454000011217,85.57085300003564,21.993687000076534,2107392,4,27.06121300002451,0.3379190000032395,0.18921100013358227,74.14134500004366,602112,12.625326000033965,0.4929239999000856,0.07350400005634583,56.70881199989708,802816,17.018537000012657,0.28821599994444114,0.05630400005429692,35.631162000072436,401408,28.09151699989343,0.1783029999842256,0.05410000017036509,3.853457000104754,200704,0.7742600000710809,0.15781299998707254,0.04230299987284525,0.0,100352
1,chain_5svc,48,107.66274299999168,87.23454400001174,20.42819899997994,2107392,4,26.92660499997146,0.3261179999753949,0.19431100008659996,75.10219899995718,602112,12.987143999907858,0.4805240000678168,0.055902999974932754,57.41424600000755,802816,18.563323000080345,0.31311699990510533,0.05620299998554401,35.145736000004035,401408,28.047516000015094,0.19560299983822915,0.04190100003143016,3.599453999868274,200704,0.709956000036982,0.15371199992841866,0.04300299997339607,0.0,100352
1,chain_5svc,49,102.6536929998656,80.40536600015002,22.248326999715573,2107392,4,26.38507500000742,0.33521900013511186,0.13450799997372087,70.08631899998363,602112,11.609874999976455,0.4766239999298705,0.06310300000222924,53.753265000068495,802816,18.404414000087854,1.3886770000226534,0.07430400000885129,30.526681999845096,401408,23.280345000102898,0.17330199989373796,0.045301000000108615,3.858857000068383,200704,0.7256569999753992,0.1586119999501534,0.04020300002594013,0.0,100352
1,chain_5svc,50,102.78779700001905,80.61994500030778,22.167851999711274,2107392,4,29.371141999945394,0.33611899993957195,0.1924109999436041,67.6172809999116,602112,10.788835000084873,0.4871240000738908,0.059702999806177104,51.56995599986658,802816,20.279917000152636,0.28771600000254693,0.06880399996589404,27.06429099998786,401408,19.379188000129943,0.17390199991496047,0.042099999973288504,3.9041580000684917,200704,0.8008629999949335,0.24781899992376566,0.04330299998400733,0.0,100352
1,chain_5svc,51,103.29301199999463,82.16193099997326,21.131081000021368,2107392,4,30.291793000060352,0.33301899998150475,0.14060800003790064,67.28796199990938,602112,12.602424999840878,0.4841240001951519,0.06290300007094629,49.81136900005367,802816,12.061963999940417,0.28621599994949065,0.043602000005193986,33.94886999990376,401408,26.49589400016339,0.1700020000043878,0.0503999999637017,4.045059999953082,200704,0.7098549999682291,0.17971400006899785,0.04020400001536473,0.0,100352
1,chain_5svc,52,109.17148799990173,85.04735399992569,24.12413399997604,2107392,4,29.29463699979351,0.33841900017250737,0.1800100001219107,70.82055899991246,602112,11.454768000021431,0.48062299993034685,0.05760299995927198,54.52620300002309,802816,18.455417000041052,0.28371500002322136,0.06670399989161524,32.221675000073446,401408,25.075772000036523,0.20560300004035525,0.05790099999103404,3.8687579999532318,200704,0.7667600000331731,0.14121100002739695,0.03680300005726167,0.0,100352
1,chain_5svc,53,102.41058500014333,82.18261799993343,20.2279670002099,2107392,4,31.864281000025585,0.3339190000133385,0.19811100014521799,65.01563500000884,602112,13.144951999947807,0.4841239999677782,0.055203000101755606,47.11663600005522,802816,11.988460999873496,0.2788150000014866,0.05750300010731735,31.866755000010016,401408,24.41216300007909,0.20670300000347197,0.04910000006930204,4.04445999993186,200704,0.7727610000074492,0.15541200014013157,0.043402999835961964,0.0,100352
1,chain_5svc,54,97.21282900000006,76.17926800003261,21.03356099996745,2107392,4,28.1418729998677,0.3270189999966533,0.19461100009721122,62.80351200007317,602112,12.126501000011558,0.44432200002120226,0.05850299999110575,46.075784000095155,802816,10.420474000056856,0.24091399995995744,0.0509029998738697,32.214874999908716,401408,24.82446799990612,0.2074030001040228,0.0582010000016453,3.6332539998511493,200704,0.6659520001903729,0.15691199996581418,0.03810299995166133,0.0,100352
1,chain_5svc,55,90.96314099997471,67.74896800015995,23.214172999814764,2107392,4,26.769996000211904,0.480326999877434,0.12690699986706022,55.316392000122505,602112,10.62232699996457,0.41931999999178515,0.056903000086094835,40.27329599989571,802816,11.413328999879013,0.2512139999453211,0.05100200019114709,25.172287000032156,401408,18.37817199998426,0.17580300004738092,0.04280100006326393,3.3867509998799505,200704,0.565144000120199,0.1284099998883903,0.03160300002491567,0.0,100352
1,chain_5svc,56,103.82952800000567,81.02241899996443,22.807109000041237,2107392,4,28.013566000026913,0.3276190000178758,0.1258069999039435,67.65678200008551,602112,10.141402000044764,0.45142299995859503,0.09190499986289069,53.15773600000284,802816,16.742421999879298,0.27991599995402794,0.06360300017149711,32.82420799996544,401408,25.464978000172778,0.20610299998224946,0.056700999948589015,3.8522580000517337,200704,0.6600509998406778,0.14341100018100406,0.039803000163374236,0.0,100352
1,chain_5svc,57,101.09334600019793,80.31214600055137,20.78119999964656,2107392,4,27.736250000089058,0.3349189998971269,0.19221100001232116,67.82809200012707,602112,11.234957000169743,0.46722399997634056,0.05720199987990782,51.85937099986404,802816,16.781424000100742,0.2787159999115829,0.07340399997701752,31.24882100019022,401408,23.760553000101936,0.17070199987756496,0.050900999895020504,4.172462000042287,200704,0.7989620000898867,0.1602130000719626,0.044403999936548644,0.0,100352
1,chain_5svc,58,109.77770699992107,88.8161659997877,20.961541000133366,2107392,4,34.763343999884455,0.771643000007316,0.12490700009948341,69.06026100000418,602112,13.22395600004711,0.48472399998900073,0.05700199994862487,50.97092699998029,802816,15.473451999923782,0.24761400004535972,0.05440300014925015,31.936658999939027,401408,24.759866999829683,0.20660300015151734,0.05630100008602312,3.677053999808777,200704,0.5955470001026697,0.1341099998626305,0.03670299997793336,0.0,100352
1,chain_5svc,59,92.79449599989675,71.25561199973163,21.538884000165126,2107392,4,26.66659100009383,0.3255179999541724,0.12160699998275959,60.83290100013983,602112,10.161003999883178,0.4134210000756866,0.08050399992498569,46.158487999946374,802816,16.564811999842277,0.2839160001713026,0.05540300003303855,26.026933000139252,401408,17.233955999927275,0.1741020000736171,0.0385000000733271,3.688555000053384,200704,0.6292489999850659,0.1352100000531209,0.03660299989860505,0.0,100352
1,chain_5svc,60,93.30010999997285,73.2077500001651,20.09235999980774,2107392,4,26.55658499998026,0.3386190001037903,0.11200600010852213,60.69369400006508,602112,10.976845000186586,0.41721999991750636,0.05630199984807405,45.24224300007518,802816,16.133989000081783,0.27941500002270914,0.0561029999062157,25.867224999956306,401408,18.888679999918168,0.5828089999795338,0.04010099996776262,3.2312480000200594,200704,0.65165099999831,0.15011100003903266,0.0364029999673221,0.0,100352
1,chain_5svc,61,94.19983800012233,74.71993399985877,19.47990400026356,2107392,4,28.355284999861396,0.33011900018209417,0.1804099999844766,60.53728400002001,602112,10.890339999832577,0.39922000019032566,0.08080400016297062,45.17883999983496,802816,16.033683000159726,0.2812159998484276,0.055402999805664876,25.676315000055183,401408,18.840980000049967,0.22900299995853857,0.051799999937429675,3.344948999938424,200704,0.5996459999551007,0.14421199989556044,0.13771099997939018,0.0,100352
1,chain_5svc,62,113.05900599995766,87.40872199996375,25.650283999993917,2107392,4,30.028979000007894,0.3228180000860448,0.310317999947074,75.79183699999703,602112,11.412965999852531,0.4924240001855651,0.10340500011807308,58.77871400002732,802816,26.197743000011542,0.34401900006741926,0.08140399995681946,28.63347699985752,401408,19.116284000119776,0.17470299985689053,0.061600999970323755,4.018859999860069,200704,0.6527499999720021,0.14171099996929115,0.03720299991982756,0.0,100352
1,chain_5svc,63,109.80080800004544,88.80755699988185,20.993251000163582,2107392,4,34.50012799999058,0.33001900010276586,0.1356079999368376,69.69199700006357,602112,11.595474999921862,0.4497219999848312,0.05720300009670609,52.8263189999052,802816,16.954634000057922,0.27591499997470237,0.056302999837498646,31.781749999936437,401408,25.177973999916503,0.20880300007775077,0.05160099999557133,3.4640520000266406,200704,0.5793459999949846,0.12990999994144659,0.03510200008349784,0.0,100352
1,chain_5svc,64,95.37267300015628,73.37540499975148,21.9972680004048,2107392,4,26.794597999924008,0.3384189999451337,0.19811100014521799,62.02106699993237,602112,12.33821200003149,0.44752200005859777,0.09960500005945505,45.21994199990331,802816,16.13538900005551,0.26961499997923966,0.05570300004364981,24.928372999966086,401408,17.511958999875787,0.17950300002667063,0.03930100001525716,3.475651999906404,200704,0.5952469998646848,0.16181199998754892,0.036502000057225814,0.0,100352
1,chain_5svc,65,110.48772799995277,90.14320000005682,20.344527999895945,2107392,4,34.48222799988798,0.333718000092631,0.1389080000535614,70.46753999998145,602112,12.36761299992395,0.44892200003232574,0.0561029999062157,53.30504299990935,802816,24.23873500015361,0.32471800000166695,0.1893109999855369,25.06188100005602,401408,18.39897300010307,0.17840200007412932,0.0504009999531263,3.0958459999510524,200704,0.655650999988211,0.13070999989395204,0.03620300003603916,0.0,100352
1,chain_5svc,66,104.17293799991967,77.42754600008084,26.74539199983883,2107392,4,29.055724000045302,0.3618200000801153,0.12930799994137487,69.66909500010843,602112,10.513621999962197,0.408220000053916,0.06010299989611667,48.0841840001176,802816,19.449270999984947,0.31541800012746535,0.05760299995927198,24.751163000019005,401408,17.527360000030967,0.17660299999988638,0.05140000007486378,3.8026559998343146,200704,0.881569000057425,0.1580119999289309,0.045404000047710724,0.0,100352
1,chain_5svc,67,102.61309099996652,82.02918200004206,20.58390899992446,2107392,4,26.593785999921238,0.3282190000390983,0.09780599998521211,70.42873699992924,602112,10.55432400016798,0.3939189998618531,0.056701999938013614,54.648109000027034,802816,19.0190480000183,0.29081599996061414,0.060003000044162036,32.12066900005084,401408,25.222373999895353,0.20760300003530574,0.05960099997537327,3.518351999900915,200704,0.6396500000391825,0.13301099988893839,0.03750299993043882,0.0,100352
1,chain_5svc,68,89.72070199979498,70.49301799975183,19.227684000043155,2107392,4,30.133884999941074,0.3535190001002775,0.18941100006486522,54.13122699997075,602112,10.933142000112639,0.423620999981722,0.04960299997947004,38.7592219999533,802816,10.145358999807286,0.2464130000134901,0.041403000068385154,25.255390999973315,401408,18.548374999909356,0.17790299989428604,0.044001000105708954,3.621653999971386,200704,0.7322569999814732,0.1633130000300298,0.04130299998905684,0.0,100352
1,chain_5svc,69,88.79077400001734,68.33508200020333,20.455691999814007,2107392,4,26.39697600011459,0.33081799983847304,0.18591000002743385,56.90558100013732,602112,10.071799000115789,0.39442000002054556,0.05930299994361121,42.21439200000532,802816,12.086065999938,0.2750150001702423,0.047102000053200754,26.238045999889437,401408,19.02698200001396,0.19000299994331726,0.0437010000950977,3.817057000105706,200704,0.7532590000209893,0.15581200000269746,0.03990300001532887,0.0,100352
1,chain_5svc,70,100.56102899989128,80.69489500007876,19.86613399981252,2107392,4,31.85258000007707,0.32511899985365744,0.13490800006366044,63.310239999964324,602112,10.577924000017447,0.4181209999387647,0.0535029998900427,48.23879100013073,802816,16.679917999908866,0.2844160001131968,0.06220400018719374,27.804031999949075,401408,20.7612080000672,0.1783029999842256,0.03930100001525716,3.538353000067218,200704,0.8232650000081776,0.1582120000875875,0.04490299988901825,0.0,100352
1,chain_5svc,71,107.79924700000265,85.19773899979555,22.601508000207104,2107392,4,25.714336999953957,0.32681900006537035,0.12960699996256153,74.93098899999495,602112,10.22870699989653,0.40201999991040793,0.05640300014420063,59.802865000165184,802816,22.911862000000838,0.3063169999677484,0.06100399991737504,33.04542099999708,401408,25.668379999842728,0.21700399997826025,0.052801000038016355,3.6812540001847083,200704,0.6744530001014937,0.13280999996823084,0.037002999988544616,0.0,100352
1,chain_5svc,72,89.02688199987097,68.4814759999881,20.54540599988286,2107392,4,26.669291000189332,0.3388189998076996,0.17120899997280503,56.46965799996906,602112,10.410716000023967,0.4013200000372308,0.059002999932999955,41.30874800011952,802816,11.323523999863028,0.2762149999853136,0.04380200016385061,26.27224700017905,401408,19.332887000018673,0.17820200014284637,0.048300999878847506,3.541953000194553,200704,0.7450579998931062,0.16111200011437177,0.04260400010025478,0.0,100352
1,chain_5svc,73,96.13309599990316,73.29683500006468,22.836260999838487,2107392,4,27.81175500012978,0.32201799990616564,0.12710700002571684,62.72010600014255,602112,11.639277000085713,0.39731899983053154,0.0665039999603323,45.31624700007342,802816,13.974369999914416,0.2958160000616772,0.061903000187157886,26.888981000183776,401408,19.268185999862908,0.1772020000316843,0.03940100009458547,4.2053629999827535,200704,0.6032470000718604,0.13751000005868264,0.03750299993043882,0.0,100352
1,chain_5svc,74,94.94526000003134,74.81090000032964,20.1343599997017,2107392,4,28.30878299982942,0.32371800011787855,0.18021000005319365,61.08431500001643,602112,12.40971500010346,0.47852399984549265,0.055802999895604444,44.083885999953054,802816,16.359402000034606,0.2950160001091717,0.06000299981678836,23.601599999892642,401408,17.15025500016054,0.17890200001602352,0.04330000001573353,3.3308489998944424,200704,0.5827450002016121,0.1316109999152104,0.03570299986677128,0.0,100352
1,chain_5svc,75,94.62424999992436,74.511166000093,20.11308399983136,2107392,4,27.335529000083625,0.3223179999167769,0.26751500013233454,61.68614900002467,602112,11.44926699998905,0.5231260001892224,0.0525030000062543,45.58725999982016,802816,17.466462000129468,0.2885159999550524,0.06810399986534321,24.7151619998931,401408,17.672361999984787,0.17580200005795632,0.04500099998949736,3.5205530000439467,200704,0.5875459999060695,0.13761100012743555,0.03200200012543064,0.0,100352
1,chain_5svc,76,94.91985900012878,72.12515200012604,22.794707000002745,2107392,4,31.277248999913354,0.3493189999517199,0.1821100001961895,56.7757740000161,602112,10.701530999995157,0.4088200000751385,0.05850299999110575,41.197942000053445,802816,11.650840999891443,0.2528140000777057,0.041903000010279357,24.6051560000069,401408,17.59886100012409,0.18020199991042318,0.04270099998393562,3.5838539999986097,200704,0.8966700002019934,0.16261199994005437,0.0421029999415623,0.0,100352
1,chain_5svc,77,108.8825799999995,87.33894200008763,21.54363799991188,2107392,4,26.852702000041972,0.33141799985969556,0.11210599996047677,75.48292000001311,602112,14.877638000143634,0.4128199998376658,0.07350299983954756,55.96347400000923,802816,19.24785999995038,0.29151600006116496,0.058304000049247406,33.098824000035165,401408,25.54467899994961,0.20440299999791023,0.0639009999758855,3.895657999919422,200704,0.8160630000020319,0.19091499984824623,0.04570400005832198,0.0,100352
1,chain_5svc,78,96.69101300005423,73.45870800008925,23.23230499996498,2107392,4,26.77769700017052,0.3318189999390597,0.1986109998597385,61.71075099996415,602112,14.24930600001062,0.43072199991911475,0.060003000044162036,42.36300000002302,802816,14.139779000061026,0.2521139999771549,0.0556029999643215,24.49944999989384,401408,17.427958999860493,0.17760300011104846,0.04409999996823899,3.6162530000183324,200704,0.8639669999865873,0.15831200016691582,0.04710399980467628,0.0,100352
1,chain_5svc,79,100.7346349999807,78.21389800005818,22.52073699992252,2107392,4,27.622044000054302,0.33361900000272726,0.13340800001060416,65.05933700009336,602112,13.612074999855395,0.4179200000180572,0.06520300007650803,46.95192799999859,802816,16.966034999995827,0.287516000071264,0.07120400005078409,26.50656000014351,401408,19.273485999974582,0.253203000056601,0.048300999878847506,3.734656000005998,200704,0.7402580001780734,0.15941199990265886,0.04610399992088787,0.0,100352
1,chain_5svc,80,104.60635100002946,82.90115999989212,21.705191000137347,2107392,4,26.724494999825765,0.328518000060285,0.13500700015356415,71.8195150000156,602112,18.161801000132982,0.4715229999874282,0.08820399989417638,48.28839399988283,802816,16.919904999895152,0.2543130001413374,0.04660200011130655,27.524270999947476,401408,20.361901999876864,0.17820300013227097,0.0385000000733271,3.7669560001631908,200704,0.7330570001613523,0.16851299983500212,0.044003999846609076,0.0,100352
1,chain_5svc,81,107.80844699979752,87.76540999997451,20.043036999823016,2107392,4,27.53404000009141,0.334718999965844,0.19070999996984028,74.17534699993666,602112,11.18445499992049,0.4304209999190789,0.06220300019776914,58.918721000054575,802816,27.074947000073735,0.29611599984491477,0.060803999986092094,28.27431099990463,401408,21.31541699986883,0.18170200019085314,0.043100000084450585,3.440251000029093,200704,0.6565510000200447,0.1659130000462028,0.03850299981422722,0.0,100352
1,chain_5svc,82,90.45532499999354,71.24905599994236,19.20626900005118,2107392,4,27.93276100010189,0.3209179999430489,0.1258079998933681,56.99758699984159,602112,10.383014999888474,0.42302099996049947,0.05710300001737778,41.933479000135776,802816,14.19275800003561,0.28111500000704837,0.05580300012297812,24.229395000020304,401408,18.051367999987633,0.1731029999518796,0.04259999991518271,3.265547999944829,200704,0.6891539999287488,0.15621200009263703,0.03840299996227259,0.0,100352
1,chain_5svc,83,93.36771299990687,72.76515999978983,20.60255300011704,2107392,4,26.228665999951772,0.3339190000133385,0.13140800001565367,60.90440500020122,602112,11.142452000058256,0.4075209999427898,0.06320299985418387,45.263643999987835,802816,14.710485999785305,0.24511300011909043,0.057803000117928605,26.883336999844687,401408,19.90759499994965,0.17400299998371338,0.04810099994756456,3.778455999963626,200704,0.7759610000448447,0.15901200004009297,0.037702999861721764,0.0,100352
1,chain_5svc,84,105.74398600010682,83.27387400004227,22.470112000064546,2107392,4,27.78485399994679,0.33571800008758146,0.11810599994532822,71.35968900001899,602112,17.59267199986425,0.42772100005095126,0.08400400020036614,49.32504499993229,802816,16.515983000090273,0.2853149999282323,0.06460300005528552,28.21100699998169,401408,20.628506000093694,0.24850399995557382,0.050999999984924216,3.9736590001666627,200704,0.7518590000472614,0.16211299998758477,0.04510299982030119,0.0,100352
1,chain_5svc,85,96.27380100005212,76.08850299993719,20.185298000114926,2107392,4,29.759464000107982,0.37002099998062477,0.1299069999731728,60.14726300008988,602112,10.338711999793304,0.4096210000170686,0.06360300017149711,45.64016199992693,802816,16.844100000071194,0.4029219999210909,0.055902999974932754,24.93193300006169,401408,18.46397400004207,0.16720200005693187,0.04570099986267451,3.280447999941316,200704,0.682252999922639,0.1419119998899987,0.03910300006282341,0.0,100352
1,chain_5svc,86,116.87392099997851,95.07732099996247,21.796600000016042,2107392,4,27.19472100011444,0.34031899986075587,0.13030700006311235,83.39716299997235,602112,15.300758999956088,0.41461999990133336,0.057702000049175695,63.61615399987386,802816,26.247002999980396,0.3178169999955571,0.07290400003512332,33.69630099996357,401408,25.59167999993406,0.21050300006209,0.06560099996022473,4.140362000043751,200704,0.743157999977484,0.19771500001297682,0.0416039999890927,0.0,100352
1,chain_5svc,87,96.78301500002817,75.25192700018124,21.531087999846932,2107392,4,26.64858999992248,0.32201799990616564,0.1908100000491686,63.972976999821185,602112,11.997895000149583,0.4814239998722769,0.05520299987438193,47.21044100006111,802816,16.905204000067897,0.3037159999621508,0.06280299999161798,25.960187000009682,401408,18.96548099989559,0.1799030001166102,0.04480100005821441,3.5882530000890256,200704,0.7347570001456916,0.15761199983899132,0.03940399983548559,0.0,100352
1,chain_5svc,88,109.09748699987176,86.09337399980177,23.004113000069992,2107392,4,28.31108200007293,0.3230180000173277,0.19201100008103822,75.21040500000709,602112,12.431615999958012,0.4165210000337538,0.05620299998554401,58.16658399999142,802816,17.088713000021016,0.2976160001253447,0.07880399994064646,35.73701000004803,401408,27.546407999807343,0.2075030001833511,0.049801000159277464,4.614167999989149,200704,0.7155549999424693,0.16031299992391723,0.04300399996282067,0.0,100352
1,chain_5svc,89,98.1394560001263,74.25849600008405,23.88096000004225,2107392,4,26.786896999965393,0.3339190000133385,0.18631099987942434,62.01756799987379,602112,11.56507399991824,0.4097200001069723,0.06380300010278006,45.81417099984719,802816,16.74889500009158,0.3011159999459778,0.05570300004364981,25.087440999868704,401408,18.44017400003395,0.1710020001155499,0.04219999982524314,3.3231490001526254,200704,0.7174560000748897,0.15701300003456709,0.041903000010279357,0.0,100352
1,chain_5svc,90,97.44903599994359,76.23183700047775,21.217198999465836,2107392,4,29.5503520001148,0.32631799990667787,0.17920999994203157,61.518340000020544,602112,11.462368000138667,0.42302099996049947,0.06380399986483098,45.29074499987473,802816,16.77439700006289,0.2839149999545043,0.06230300004972378,24.861029000021517,401408,17.716263000011168,0.20030299992868095,0.04859999990003416,3.733154999963517,200704,0.7284570001502289,0.16131199981828104,0.05530399994313484,0.0,100352
1,chain_5svc,91,109.33349300012196,86.97233100042467,22.361161999697288,2107392,4,37.81501399998888,0.3285179998329113,0.17721000017445476,64.7558210000625,602112,11.288459000070361,0.9713490001104219,0.06840399987595447,48.36349800007156,802816,11.695825000060722,0.24091299997053284,0.05080299979454139,32.31542799994713,401408,25.46727800017834,0.20030299992868095,0.053100999821253936,3.6259529999824736,200704,0.7057550001263735,0.1503119999597402,0.03910299983544974,0.0,100352
1,chain_5svc,92,103.91252999988865,80.75588500014419,23.156644999744458,2107392,4,34.595435000028374,0.3342190000239498,0.10590599981696869,63.042926000207444,602112,9.590776000095502,0.39481899989368685,0.05550199989556859,48.431401000016194,802816,10.183544000028633,0.24981399997159315,0.04120200014767761,34.69395499996608,401408,25.774881999950594,0.21300399998835928,0.05880100002286781,3.5602519999429205,200704,0.6112480000410869,0.1337100000000646,0.034601999914229964,0.0,100352
1,chain_5svc,93,104.25413999996636,82.83871899971018,21.415421000256174,2107392,4,30.03057999990233,0.33141800008706923,0.1155070001459535,67.92929900007039,602112,11.640576999980112,0.4242210000029445,0.059002999932999955,51.38134699996044,802816,18.398682999986704,0.276115000133359,0.07390399991891172,29.282665000209818,401408,22.11812799987456,0.2121030001944746,0.04100099999959639,3.887857999870903,200704,0.6507509999664762,0.14271100008045323,0.03670199998850876,0.0,100352
1,chain_5svc,94,107.11012699994171,84.72323299997697,22.38689399996474,2107392,4,26.41407800001616,0.32621800005472323,0.21921200004726416,74.22955200013348,602112,11.377163999895856,0.8411420001266379,0.05740300002798904,57.19043499993859,802816,16.90180400009922,0.25311300009889237,0.06020299997544498,36.28093900010754,401408,29.36883500001386,0.23990399995454936,0.05740099982176616,3.3491500000764063,200704,0.6613519999518758,0.13270999988890253,0.03620300003603916,0.0,100352
1,chain_5svc,95,102.41248600004837,81.04699199975585,21.36549400029253,2107392,4,27.49483799993868,0.43752500005211914,0.12940700003127859,68.10350899991136,602112,11.92539199996645,0.4503220000060537,0.0525020000168297,51.706562999925154,802816,15.71323999996821,0.25391300005139783,0.07140399998206703,32.396731999824624,401408,25.317176000044128,0.21050300006209,0.05380099992180476,3.616054000076474,200704,0.5963459998383769,0.1332100000581704,0.03230299989809282,0.0,100352
1,chain_5svc,96,104.24653999984912,81.66144100050587,22.585098999343245,2107392,4,29.316240000071048,0.35851999996339146,0.1143059998867102,67.64858400015328,602112,14.497319000156494,0.4975239999112091,0.06020299997544498,47.64666200003376,802816,17.50963600011346,0.2906160000293312,0.05880300000171701,26.54601900007947,401408,19.62669099998493,0.1726030000099854,0.05060099988440925,3.5307519999605574,200704,0.711555000179942,0.1311099999838916,0.035802999718725914,0.0,100352
1,chain_5svc,97,102.49448700005814,81.19260699982078,21.30188000023736,2107392,4,28.47199199982242,0.33621900001890026,0.28851600018242607,67.20965899990006,602112,9.971493999955783,0.40682000008018804,0.05930299994361121,52.96442600001683,802816,19.036217999882865,0.28511499999694934,0.0723040000139008,29.99830299995665,401408,22.904639999978826,0.17510300017420377,0.039499999957115506,3.7025550000180374,200704,0.8082630001808866,0.1512109997747757,0.04890299987891922,0.0,100352
1,chain_5svc,98,100.65383299979658,75.9180219999962,24.73581099980038,2107392,4,28.527796000162198,0.337318999982017,0.17600999990463606,62.999023999964265,602112,11.283759999969334,0.4190209999705985,0.08920400000533846,47.03203200006101,802816,17.910957999902166,0.28881499997623905,0.07040300010885403,25.26855000019168,401408,17.5951610001448,0.16810299985081656,0.03839999999399879,3.545051999935822,200704,0.6003469998177025,0.1349100002698833,0.03460200014160364,0.0,100352
1,chain_5svc,99,109.88481000003958,89.70980900016912,20.175000999870463,2107392,4,30.232091000016226,0.3302180000446242,0.1279069999782223,74.1014449999966,602112,16.955241000005117,0.435221000088859,0.07090300005074823,52.26669099988612,802816,18.25947600013933,0.2854159999969852,0.07990399990376318,30.24801700007629,401408,23.600149999992937,0.2022030000716768,0.04650100004255364,3.433850999954302,200704,0.6628510000155075,0.14371099996424164,0.03540299985616002,0.0,100352
1,chain_5svc,100,98.11305599987463,77.2446650000802,20.86839099979443,2107392,4,30.56770900002448,0.3375190001406736,0.12640699992516602,61.143819999870175,602112,10.456117999865455,0.40381999997407547,0.06730400014021143,45.58055899997271,802816,11.975440000014714,0.2510140000140382,0.05230300007497135,30.007003000037002,401408,23.63995100017746,0.2011029998811864,0.046099999963189475,3.3458499999596825,200704,0.6054469999980938,0.14121100002739695,0.03720299991982756,0.0,100352
1,chain_5svc,101,107.27133200020944,85.37642900023457,21.894902999974875,2107392,4,31.218445999911637,0.335919000008289,0.13450799997372087,69.45978500016281,602112,11.483869999892704,0.42922100010400754,0.0994050001281721,52.889521999986755,802816,16.483981000192216,0.2881149998756882,0.05520299987438193,32.72894900010215,401408,25.501278000092498,0.20450300007723854,0.053200999900582246,3.637754000010318,200704,0.6888540001455112,0.1502109998909873,0.040702999740460655,0.0,100352
1,chain_5svc,102,110.58533200002785,86.4681279999786,24.11720400004924,2107392,4,32.378510999933496,0.33411899994462146,0.18751000015981845,70.16462399997181,602112,9.809486999984074,0.4249210001034953,0.0556019999748969,54.10728299989387,802816,19.01871600011873,0.30181599981915497,0.05750399986936827,31.226868999965518,401408,24.620964999940043,0.20470300000852149,0.05310100004862761,3.197148000026573,200704,0.6404490000022633,0.13641099985761684,0.03410299996176036,0.0,100352
1,chain_5svc,103,105.21296999991137,83.25643900002433,21.956530999887036,2107392,4,29.27533700017193,0.5830329998843808,0.10280599985890149,69.09946500013575,602112,12.217105999980049,0.4980250000699016,0.061602999949172954,51.88247199998841,802816,16.526383000154965,0.28781599985450157,0.0587029999223887,31.94560800011459,401408,24.64006599984714,0.2292030001171952,0.05160000000614673,3.606752999985474,200704,0.5975469998702465,0.12930999992022407,0.033602000257815234,0.0,100352
1,chain_5svc,104,103.93573100009235,82.15567800039025,21.780052999702093,2107392,4,28.71600599996782,0.3318190001664334,0.1825100000587554,69.26937499997621,602112,12.442417000102068,0.40681999985281436,0.06330299993351218,51.76156599986825,802816,15.757342000142671,0.2866150000500056,0.0530029999481485,31.54558599999291,401408,24.62016599997696,0.20740299987664912,0.05910100003347907,3.5332529998868267,200704,0.6197470002007321,0.1425109999217966,0.03650300004665041,0.0,100352
1,chain_5svc,105,101.87646899998981,80.93578900025022,20.940679999739586,2107392,4,27.507738000167592,0.3374189998339716,0.12770799980899028,68.84795100017982,602112,10.655229000121835,0.4685229998813156,0.05290199987939559,52.90442299997267,802816,16.628889000003255,0.27941500002270914,0.07020300017757108,32.781652000039685,401408,25.42187699987153,0.2832039999702829,0.05160099999557133,4.002559999889854,200704,0.7220560000860132,0.15711199966972345,0.041802999930951046,0.0,100352
1,chain_5svc,106,107.84854899998209,85.44439399997827,22.40415500000381,2107392,4,27.46163599999818,0.3360190000876173,0.19331099997543788,74.7664820000864,602112,10.861339000030057,0.46762300007685553,0.050202000011267955,59.31444099996952,802816,17.720147000090947,0.28061500006515416,0.05830299983244913,36.47534900005667,401408,28.815627000085442,0.2094029998715996,0.0551010000435781,4.171161999920514,200704,0.585644999773649,0.12771000001521315,0.03260299990870408,0.0,100352
1,chain_5svc,107,110.96184300004097,89.57856199981507,21.383281000225907,2107392,4,32.727229999863994,0.4003230001217162,0.12710700002571684,72.74506900012057,602112,12.655327999937072,0.5547270000079152,0.07210299986581958,54.795216000002256,802816,15.82254599998123,0.24891299995033478,0.059103000012328266,35.24568400007411,401408,27.77571199999329,0.21060299991404463,0.07310099999813247,3.500052000163123,200704,0.5977460000394785,0.13761099990006187,0.03640199975052383,0.0,100352
1,chain_5svc,108,105.35677400002896,85.41013799981556,19.946636000213402,2107392,4,31.303150999974605,0.3306189998966147,0.13750700009040884,68.39282500004629,602112,9.80128599985619,0.4404220001106296,0.051902999985031784,53.98207600001115,802816,15.452726000148687,0.24761299982856144,0.07180399984463293,34.81136099981086,401408,28.183023999872603,0.16550300006201724,0.05150100014361669,3.4558550000838295,200704,0.6699509999634756,0.14901199983796687,0.03830300011031795,0.0,100352
1,chain_5svc,109,99.20348900004683,79.32425700028034,19.87923199976649,2107392,4,28.612199999997756,0.3280189998804417,0.18741000008049014,65.06343899991407,602112,10.056499000029362,0.41102000000137195,0.060702999917339184,50.43020100015383,802816,20.666305000077045,0.375920000124097,0.06280299999161798,25.736574999882578,401408,19.396606999862342,0.20470300000852149,0.04010099996776262,3.081448999864733,200704,0.5926460003138345,0.12820999972973368,0.036702999750559684,0.0,100352
1,chain_5svc,110,100.10781599999063,79.14231800009475,20.965497999895888,2107392,4,26.807899999994333,0.3290180000021792,0.18861000012293516,67.48767399994904,602112,10.048397999980807,0.41682100004436506,0.07120300006135949,52.65771000017594,802816,16.13446200008184,0.2370129998325865,0.059002999932999955,32.68754700002319,401408,25.429801999962365,0.2054030001090723,0.05860099986421119,3.6564580000231217,200704,0.721756000075402,0.1363110000056622,0.03500200000416953,0.0,100352
1,chain_5svc,111,104.39924499996778,82.9865420000715,21.412702999896283,2107392,4,29.82306800004153,0.3286179999122396,0.2132120000624127,68.54293299988967,602112,10.999945000094158,0.4069199999321427,0.05700299993804947,52.611007999985304,802816,16.48738099993352,0.272115000143458,0.0556029999643215,32.25562399984483,401408,24.997395999889704,0.2090030000090337,0.05129999999553547,3.4902549998605537,200704,0.6787520001125813,0.13661100001627347,0.04220299979351694,0.0,100352
1,chain_5svc,112,106.9586219998655,84.04212000004918,22.91650199981632,2107392,4,32.19810099994902,0.41532300019753166,0.1283069998407882,68.7630459999582,602112,10.593526000093334,0.4534219999641209,0.06110300000727875,53.16993599990383,802816,15.966253999977198,0.28201500003888214,0.05440300014925015,33.41118500020457,401408,24.657090999880893,0.17220199993062124,0.06490100008704758,3.8876619998973183,200704,0.6271480001487362,0.1295100000788807,0.05150400011189049,0.0,100352
1,chain_5svc,113,97.67954199992346,76.40527099988503,21.274271000038425,2107392,4,26.16906299999755,0.32831900011842663,0.19371100006537745,65.61807000002773,602112,10.605625999914992,0.4145200000493787,0.05710300001737778,50.33889499986799,802816,16.371875000004366,0.3354180000769702,0.06880399996589404,29.50337699985539,401408,22.622257999955764,0.20100300002923177,0.04100099999959639,3.436254000007466,200704,0.6364490000123624,0.12810999987777905,0.033103000077971956,0.0,100352
1,chain_5svc,114,94.49674699999377,73.87680899978477,20.619938000209004,2107392,4,26.696592999996938,0.32681899983799667,0.1935110001340945,61.98566700004449,602112,10.310011000001396,0.5317270001796714,0.06380299964803271,46.49400500011325,802816,10.126940999953149,0.2350130000650097,0.04320199991525442,32.86795600001824,401408,26.074211999912222,0.20360300004540477,0.05400100008046138,3.5332559998551005,200704,0.6690519999210665,0.14491100000668666,0.03930299999410636,0.0,100352
1,chain_5svc,115,106.90622099991742,79.78075299979537,27.125468000122055,2107392,4,26.262469000130295,0.3463189998456073,0.18961099999614817,69.11176499988869,602112,10.312610999790195,0.42742100004034,0.054303000069921836,53.67166099995302,802816,17.01730900003895,0.27891500008081493,0.054902999863770674,32.691747999933796,401408,25.360300999864194,0.2054030001090723,0.05130099998496007,3.908761000047889,200704,0.8280629999717348,0.16171299967027153,0.039603999994142214,0.0,100352
1,chain_5svc,116,99.67290200006573,78.95192600039991,20.720975999665825,2107392,4,27.294527000094604,0.33141799985969556,0.1383080000323389,66.42751499998667,602112,12.8033350001715,0.4851240000789403,0.061002999700576765,48.828719000084675,802816,18.898810000109734,0.28821499995501654,0.05620299998554401,26.24720299991168,401408,19.33100600012949,0.19580299999688577,0.04150099994149059,3.6337579999781155,200704,0.6242479998945782,0.14321099979497376,0.03720300037457491,0.0,100352
1,chain_5svc,117,92.62599099997715,71.91311800011135,20.712872999865795,2107392,4,26.764097000068432,0.3322180000395747,0.11760699999285862,60.1212620001661,602112,10.909839999840187,0.4602230001182761,0.051002999953198014,44.3561970000701,802816,10.501062000003003,0.26811400016413245,0.04290199990464316,30.32101999997394,401408,23.029963999988468,0.1724029998513288,0.052901000117344665,3.879960999938703,200704,0.7081550002112635,0.15901200004009297,0.040503000036551384,0.0,100352
1,chain_5svc,118,99.64150099995095,77.03974000037306,22.60176099957789,2107392,4,28.278381999825797,0.5051279999861435,0.10740600009739865,63.94067599990194,602112,12.733531000321818,0.41501999976389925,0.10060499971586978,46.42909999984113,802816,16.24336800000492,0.309415999936391,0.06690400005027186,26.28920500001186,401408,19.033601000046474,0.1824030000534549,0.0416010000208189,3.896561999908954,200704,0.7508580001740484,0.16691199971319293,0.042004000079032267,0.0,100352
1,chain_5svc,119,100.81563699986873,79.2102190002879,21.605417999580823,2107392,4,29.524650999974256,0.34241899993503466,0.2142119999462011,65.00243600021349,602112,11.087450000104582,0.4040200001327321,0.0628029997642443,49.01192900024398,802816,17.5703390000308,0.2870150001399452,0.057202999869332416,27.717982000012853,401408,20.2803209999729,0.17600199998923927,0.037800999962200876,3.7750600001800194,200704,0.7474580002053699,0.1560119999339804,0.03720299991982756,0.0,100352
1,chain_5svc,120,100.417625000091,76.09463899962066,24.322986000470337,2107392,4,27.685048999956052,0.3327179999814689,0.13760700016973715,67.07055200013201,602112,13.436665999961406,0.42812099991351715,0.11940600006710156,45.69456299986996,802816,16.549183999813977,0.2568140000676067,0.058202999980494496,25.50786300002983,401408,17.655480000030366,0.1730029998725513,0.03979999996772676,3.918762000012066,200704,0.7682599998588557,0.15831200016691582,0.04260300011083018,0.0,100352
1,chain_5svc,121,101.5506590001678,80.9417879997909,20.608871000376894,2107392,4,27.088114999969548,0.3349190001245006,0.18191000003753288,69.03376099990055,602112,11.223556000004464,0.4294209998079168,0.056803000006766524,52.73081199993612,802816,15.844246999904499,0.25971400009439094,0.05890300008104532,33.42668700020113,401408,26.046812999993563,0.21230300012575753,0.051799999937429675,3.816460000052757,200704,0.7390569999188301,0.16311300032612053,0.04600300007950864,0.0,100352
1,chain_5svc,122,93.36752800004433,72.94788099920879,20.41964700083554,2107392,4,28.027467999891087,0.35032000005230657,0.21211100010987138,59.17251000005308,602112,11.134951999792975,0.40571999988969765,0.0604030001341016,43.725366999751714,802816,15.656036999871503,0.25141300011455314,0.07000400000833906,24.46950800003833,401408,17.528977999972994,0.17810200006351806,0.04980099993190379,3.7868599999910657,200704,0.6004459996802325,0.1349100002698833,0.03720300037457491,0.0,100352
1,chain_5svc,123,100.33791799992287,79.84998900019491,20.487928999727956,2107392,4,26.773798000021998,0.33291899990217644,0.17270900002586131,67.78739199990014,602112,12.168403000032413,0.41141999963656417,0.06310300022960291,51.19053599992185,802816,15.884550000009767,0.2869150000606169,0.054901999874346075,31.224669000039285,401408,24.359186000083355,0.2022030000716768,0.04719999992630619,3.3563530000719766,200704,0.6640520000473771,0.1440109999748529,0.037802999941050075,0.0,100352
1,chain_5svc,124,104.80584800006909,84.02644799980408,20.779400000265014,2107392,4,28.05276899994169,0.3291180000815075,0.17761000003702065,71.0714750000534,602112,10.305010999672959,0.41112000008070027,0.06590300017705886,55.73376099982852,802816,24.14479100002609,0.3097159999470023,0.07190399992396124,27.846687999954156,401408,20.930431000124372,0.17280299994126835,0.0504009999531263,3.2414510001217423,200704,0.5934460000389663,0.1346099998045247,0.03640300019469578,0.0,100352
1,chain_5svc,125,97.02792100006263,74.29885000055947,22.729070999503165,2107392,4,27.675448000081815,0.33141799985969556,0.1227069999458763,63.85907200001384,602112,11.530971999945905,0.4460219997781678,0.07340299998759292,47.11963499994454,802816,16.68849200018485,0.27861499984283,0.059002999932999955,24.72452200004227,401408,17.634778999990885,0.17790299989428604,0.041300000020783045,3.7023580000550282,200704,0.7691590003560123,0.15671199980715755,0.04100299975107191,0.0,100352
1,chain_5svc,126,102.57148300001973,81.98944900027527,20.582033999744453,2107392,4,27.585742999917784,0.32931800001279043,0.12030700008835993,69.13016599992261,602112,10.544022999965819,0.4113200002393569,0.05930199995418661,54.01077600026838,802816,17.22922099997959,0.298014999998486,0.05750300010731735,32.79815399992003,401408,25.977410999985295,0.20960300003025623,0.05400100008046138,3.374853000195799,200704,0.6530510004267853,0.13790999992124853,0.03640199975052383,0.0,100352
1,chain_5svc,127,105.85947899994608,84.54378400006135,21.315694999884727,2107392,4,27.73085099988748,0.3276190000178758,0.1331070000105683,72.2896430002038,602112,10.33881300008943,0.46292299975903006,0.057702000049175695,57.16063199997734,802816,19.89636299981612,0.6511349999982485,0.05890300008104532,32.99096399996415,401408,25.990311999976257,0.20160300005045428,0.07840100010980677,3.742658999954074,200704,0.5874450002920639,0.13391099992077216,0.03320199994050199,0.0,100352
1,chain_5svc,128,103.53871100005563,82.35456000033992,21.184150999715712,2107392,4,28.025367000054757,0.3449200000886776,0.17501000002084766,69.69979899986356,602112,10.681229000056192,0.40341999965676223,0.06200300003911252,54.19878500015329,802816,16.88710300004459,0.2905149999605783,0.07690400002502429,33.550593999962075,401408,26.127813000130118,0.2089029999297054,0.05630100008602312,4.011262999938481,200704,0.6330480000542593,0.1433109996469284,0.037802999941050075,0.0,100352
1,chain_5svc,129,106.46719600003962,84.65672400006952,21.810471999970105,2107392,4,28.197776999832058,0.32931900000221503,0.21611200008919695,72.07293100009338,602112,11.065747999964515,0.4166210001130821,0.057703000038600294,56.128880999949615,802816,19.602748000124848,0.2969160000247939,0.058902999853671645,32.55423999985396,401408,25.077596000073754,0.22590399998989596,0.052700999958688044,3.9358620001621603,200704,0.7128550000743417,0.13700999988941476,0.032902999919315334,0.0,100352
1,chain_5svc,130,100.97093700005644,79.87663500011877,21.09430199993767,2107392,4,28.626200999951834,0.33291799991275184,0.11950700013585447,66.91074200011826,602112,10.470317999988765,0.4911249998258427,0.05540300026041223,51.51595200004522,802816,16.86170200014203,0.29821599991919356,0.06360299994412344,30.764044000079593,401408,23.33756899997752,0.19280300011814688,0.0535009999111935,3.464154999846869,200704,0.5808450000586163,0.1305099999626691,0.03390200026842649,0.0,100352
1,chain_5svc,131,97.50213600000279,76.07626300023185,21.425872999770945,2107392,4,26.581687000089005,0.3291180000815075,0.12380699990899302,65.3097520000756,602112,15.056746000027488,0.4201209999337152,0.061903000187157886,44.439900999805104,802816,14.557378000063181,0.2678139999261475,0.06070300014471286,26.316805999840653,401408,19.268805000137945,0.17700199987302767,0.03970099987782305,3.6215580000771297,200704,0.6116469999142282,0.1374110001961526,0.035603000014816644,0.0,100352
1,chain_5svc,132,101.23774399994545,79.0445999991789,22.19314400076655,2107392,4,29.03962400000637,0.34131899997191795,0.21971299997858296,65.86018399980276,602112,15.022244999727263,0.4135200001655903,0.06290300007094629,46.09948400002395,802816,16.9908079999459,0.320917000180998,0.06230400003914838,25.262849999990067,401408,17.37177499990139,0.17710200017972966,0.04340100008448644,4.440871000042534,200704,0.6201479995979753,0.13241000033303862,0.0366030003533524,0.0,100352
1,chain_5svc,133,94.96566200004963,72.23645800036138,22.729203999688252,2107392,4,27.846557999964716,0.34541900004114723,0.1341069998943567,59.84034700009033,602112,11.294259000351303,0.4635229997802526,0.06480399997599307,43.79047000020364,802816,12.741681000079552,0.25091299994528526,0.047103000042625354,27.39016400005312,401408,19.733811999913087,0.17540299995744135,0.03930000002583256,4.059363999886045,200704,0.6201480000527226,0.17191400002047885,0.03570199987734668,0.0,100352
1,chain_5svc,134,100.44402099993022,80.05955399994491,20.384466999985307,2107392,4,27.675947000034284,0.37212100005490356,0.18911100005425396,67.57147899998017,602112,10.22950700007641,0.5325259999153786,0.053202999879431445,52.5838050002676,802816,15.752442000120936,0.28781599985450157,0.05470299993248773,33.170773000165354,401408,25.759907999827192,0.2121029999671009,0.051900000016757986,3.7854600000173377,200704,0.6417499998860876,0.13510999997379258,0.04100300020581926,0.0,100352
1,chain_5svc,135,106.90340800010745,85.93156100005217,20.971847000055277,2107392,4,29.230135000034352,0.3297189998647809,0.18270999999003834,72.29874399990877,602112,11.45816799999011,0.41942000007111346,0.06000299981678836,55.95737200019357,802816,18.500889000051757,0.2822149999701651,0.056803000006766524,33.689799999820025,401408,26.0027120000359,0.21280300006765174,0.06380099989655719,4.095965000033175,200704,0.7396569999400526,0.1632119997339032,0.04320400012147729,0.0,100352
1,chain_5svc,136,98.40086099984546,77.94147099957627,20.459390000269195,2107392,4,29.40844499994455,0.348719999919922,0.1971110000340559,63.16323299984106,602112,11.391864999950485,0.41112000008070027,0.10450499985381612,46.93252500010203,802816,16.893202999881396,0.2879149999444053,0.05570300004364981,26.4036109999779,401408,19.628210000064428,0.1777029999630031,0.04150099994149059,3.552956000021368,200704,0.6197479997354094,0.13421100038613076,0.033102000088547356,0.0,100352
1,chain_5svc,137,103.64961400000539,79.27123300009953,24.378380999905858,2107392,4,30.636112999900433,0.3753210000922991,0.1966110000921617,65.52476499996374,602112,10.597824999877048,0.4114200000913115,0.05380299990065396,50.31629300037821,802816,17.37622900009228,0.29611599984491477,0.06030300005477329,29.43757299999561,401408,20.017917000132,0.1757029999680526,0.041999999893960194,5.91409300000123,200704,0.6431490000977647,0.14421099967876216,0.04030299987789476,0.0,100352
1,chain_5svc,138,101.54625300015141,80.57748599981096,20.96876700034045,2107392,4,28.188076999867917,0.37001999999120017,0.213312000141741,67.17655700003888,602112,18.458014999851002,0.43652200020005694,0.08150400026352145,43.859872999746585,802816,16.562584999974206,0.29651599993485434,0.06010300012349035,23.619063000069218,401408,16.799364999997124,0.17670299985184101,0.0442010000369919,3.4398539999074274,200704,0.5694440001207113,0.12770900002578855,0.034002999655058375,0.0,100352
1,chain_5svc,139,98.02245099990614,76.80406199983736,21.218389000068782,2107392,4,28.771009000138292,0.32721799993851164,0.3125179998733074,63.432647999889014,602112,13.245156999801111,0.4352209998614853,0.0646030002826592,45.09143399991444,802816,16.187165000019377,0.29301599988684757,0.05480300001181604,24.691119999943112,401408,17.996484999912354,0.18130300009033817,0.04070099998898513,3.399853999781044,200704,0.6042459999662242,0.13651100016431883,0.035102999845548766,0.0,100352
1,chain_5svc,140,93.4952190000331,73.50556800020058,19.98965099983252,2107392,4,27.959962999830168,0.3323190001083276,0.13650800019604503,60.02815800002281,602112,10.777634000078251,0.41771999985940056,0.06310300022960291,44.67011300039303,802816,15.467026000123951,0.2537139998821658,0.07370399998762878,25.269750000006752,401408,18.674996000072497,0.18200299996351532,0.046100999952614075,3.2500510001227667,200704,0.6259490000957157,0.1315099998464575,0.0342019998242904,0.0,100352
1,chain_5svc,141,97.79604400000608,76.34147800013125,21.45456599987483,2107392,4,29.92047299994738,0.3301189999547205,0.17871000000013737,62.19097799998963,602112,11.789084000156436,0.41212099995391327,0.060802999996667495,45.667062000120495,802816,16.786896999974488,0.30171599996720033,0.05970300003355078,24.712120999993203,401408,17.156971000076737,0.17370299997310212,0.04200099988338479,3.891361999876608,200704,0.6880529999762075,0.14931200030332548,0.039603000004717615,0.0,100352
1,chain_5svc,142,92.97640399995544,72.46071200006554,20.515691999889896,2107392,4,26.387676000013016,0.33461799989709107,0.11780699992414156,60.70939599999292,602112,10.759533000054944,0.5551280000872794,0.08970399994723266,45.093333999830065,802816,16.13126300003387,0.28721500007122813,0.05700299993804947,25.273750999986078,401408,18.564192999974694,0.1773030001004372,0.039500999946540105,3.2581509999545233,200704,0.6180469999890192,0.1633130000300298,0.03700299976117094,0.0,100352
1,chain_5svc,143,106.0781850001149,82.61567100021239,23.462513999902512,2107392,4,28.351384999950824,0.3521200001159741,0.11600699986047402,68.83304999996653,602112,10.401215000001685,0.4330219999246765,0.07510400018873042,53.84816800005865,802816,16.96880700001202,0.29651599993485434,0.06030300005477329,32.98036199998933,401408,26.27761600001577,0.2074030001040228,0.060600999859161675,3.372753999883571,200704,0.6166480002320895,0.13530999967770185,0.041602999772294424,0.0,100352
1,chain_5svc,144,105.29536199987888,84.34707900028116,20.948282999597723,2107392,4,27.57104200009053,0.32621800005472323,0.1143069998761348,72.15223499997592,602112,13.76748199982103,0.57062899986704,0.05800300004921155,53.703760000189504,802816,16.903903999946124,0.29821600014656724,0.09020400011650054,32.55033999994339,401408,25.491404000149487,0.20650299984481535,0.053100999821253936,3.5299559999657504,200704,0.6132470002739865,0.13130999968780088,0.03430299966566963,0.0,100352
1,chain_5svc,145,105.2389609999409,83.34375100048419,21.89520999945671,2107392,4,28.866413999821816,0.32001800013858883,0.17961000003197114,70.10462099992765,602112,11.42796600015572,0.48532399978284957,0.056803000006766524,53.437546999703045,802816,17.109414000060497,0.28261500006010465,0.06800400001338858,32.42903299997124,401408,25.195099000029586,0.2219030000105704,0.05160099999557133,3.7412599999697704,200704,0.7448580004165706,0.16241200000877143,0.04370299984657322,0.0,100352
1,chain_5svc,146,107.88083700026618,82.39097099999526,25.489866000270922,2107392,4,27.145217999986926,0.3287190002083662,0.18950999992739526,72.17373699995733,602112,12.717629999769997,0.4403220000313013,0.06120299985923339,54.8640179999893,802816,13.63922900009129,0.27991499996460334,0.052802000027440954,36.871570999892356,401408,28.28814700001203,0.2022040000611014,0.05120099990563176,3.478155000038896,200704,0.6007470001350157,0.13041000011071446,0.03620200004661456,0.0,100352
1,chain_5svc,147,103.37460599976112,81.6570720000982,21.71753399966292,2107392,4,28.753507999908834,0.3899220000675996,0.13020700021115772,68.99135799994838,602112,10.487420000117709,0.4819239998141711,0.06000299981678836,53.47715000016251,802816,16.75219499998093,0.2827149999120593,0.05320300010680512,32.36102899995785,401408,24.97189500013519,0.20410399997672357,0.05290099988997099,3.8650610001695895,200704,0.6920539999555331,0.14781099980609724,0.04890300033366657,0.0,100352
1,chain_5svc,148,96.75291399980779,75.83747500029858,20.915438999509206,2107392,4,28.082769999855373,0.3224179999961052,0.1212070001201937,63.188834000129646,602112,10.257507999995141,0.4089209996891441,0.05830300005982281,48.01747900000919,802816,12.210553000159052,0.2490130000296631,0.05830299983244913,31.74599700014369,401408,24.572989000034795,0.20060300016666588,0.05380099992180476,3.72665899999447,200704,0.7136550002542208,0.15141199992285692,0.04220299979351694,0.0,100352
1,chain_5svc,149,104.6410429999014,82.75709399981679,21.883949000084613,2107392,4,30.779721000044447,0.35851999996339146,0.18481100005374174,68.2458169999336,602112,11.20845500008727,0.4224209997119033,0.0587029999223887,51.5293529997507,802816,14.241560999835201,0.23381200003314007,0.04590300000018033,33.219175000112955,401408,25.924009999926056,0.20680300008280028,0.05120099990563176,4.063164000172037,200704,0.603346999923815,0.1326100000369479,0.03620200004661456,0.0,100352
1,chain_5svc,150,98.94247700003689,78.64533500037396,20.297141999662927,2107392,4,28.517695000118692,0.3217179998955544,0.18060999991575954,64.86612799994873,602112,9.639677999984997,0.4294209998079168,0.06130300016593537,50.584405999870796,802816,12.637675999940257,0.27161399998476554,0.05730299994866073,34.325135000017326,401408,27.111729000125706,0.2109029999246559,0.050900999895020504,3.830560000096739,200704,0.7385570002043096,0.16011300022000796,0.04240299995217356,0.0,100352
1,chain_5svc,151,96.84851699967112,77.02778800035048,19.820728999320636,2107392,4,26.44397900007789,0.3209179999430489,0.12750699988828273,64.83522600001379,602112,12.424215000010008,0.4942249997839099,0.05820300020786817,47.99697799990099,802816,11.947339000016655,0.23691299998063187,0.04580199993142742,32.58584200011683,401408,25.551203999839345,0.2053040000191686,0.054601000101683894,3.7377599999217637,200704,0.6610510004065873,0.14381199980562087,0.03790199980358011,0.0,100352
1,chain_5svc,152,100.77422999984265,81.07841199989707,19.695817999945575,2107392,4,28.8706149999598,0.316718000021865,0.1888100000542181,66.54142200000024,602112,11.402364999867132,0.4135200001655903,0.06090300030336948,50.851719000093,802816,11.884935000125552,0.28301499992267054,0.106005999896297,35.30998700011878,401408,28.29234799992264,0.20760300003530574,0.05970100005470158,3.58785599996736,200704,0.6281490000219492,0.13561000014306046,0.039802999708626885,0.0,100352
1,chain_5svc,153,98.79127300018808,76.17856300043968,22.612709999748404,2107392,4,29.89507200004482,0.3229180001653731,0.1803099999051483,62.55619800003842,602112,12.140901000293525,0.46132299985401914,0.05580299966823077,44.55290799978684,802816,13.608728000008341,0.23831199996493524,0.04960199999004544,27.123549999942043,401408,19.932715000095413,0.20230299992363143,0.035800999739876715,3.0870489999870188,200704,0.6011469999975816,0.12971000023753732,0.03640299973994843,0.0,100352
1,chain_5svc,154,93.74472599984074,72.12076399969192,21.623962000148822,2107392,4,28.03006700014521,0.335919000008289,0.13600800002677715,60.040057999685814,602112,11.347661999934644,0.43952199985142215,0.061003000155324116,43.81387100011125,802816,12.361459999965518,0.23951299999680487,0.04890300010629289,27.950293999992937,401408,19.51680899992425,0.20390300005601603,0.040101000195136294,5.078380999748333,200704,0.8647659997222945,0.15741200013508205,0.2150170003005769,0.0,100352
1,chain_5svc,155,97.09112300015477,77.188551999825,19.902571000329772,2107392,4,29.383043000052567,0.32631800013405154,0.19081099981121952,61.89306199985367,602112,11.553972999990947,0.4312210003263317,0.056601999858685303,45.97047699962786,802816,16.69149200006359,0.2807149999171088,0.060802999996667495,25.656670999978815,401408,18.98639999990337,0.2065030002995627,0.03750099995158962,3.2217510001828487,200704,0.5736439998145215,0.1274100000046019,0.03260299990870408,0.0,100352
1,chain_5svc,156,101.09593900006075,80.08992099985335,21.006018000207405,2107392,4,28.47959299970171,0.35412000033829827,0.1820100001168612,66.04949400025362,602112,9.982093999951758,0.40372000012212084,0.05600299982688739,51.627156999984436,802816,11.19459800020195,0.2365129998906923,0.04720299989457999,36.98317600014889,401408,29.552567999871826,0.20660300015151734,0.05139999984749011,3.875660999710817,200704,0.8810680001261062,0.16191199983950355,0.051403999805188505,0.0,100352
1,chain_5svc,157,95.58527900026093,73.84162500079583,21.743653999465096,2107392,4,26.7028940002092,0.9135509999396163,0.1850099997682264,62.065171000085684,602112,11.025946000245312,0.49302499974146485,0.059702999806177104,45.988578999640595,802816,12.63297499986038,0.23531300007562095,0.04790299999513081,29.8954979998598,401408,22.836561000076472,0.2625040001476009,0.07140199977584416,3.415854000195395,200704,0.6432490004044666,0.14171099974191748,0.03750299993043882,0.0,100352
1,chain_5svc,158,101.98176499989131,80.69547400032206,21.286290999569246,2107392,4,30.187489000127243,0.323318000027939,0.18510999962018104,66.24180499966315,602112,11.131451999972342,0.41822000002866844,0.06200300003911252,50.253389999852516,802816,17.13214500000504,0.2879159999338299,0.07390399991891172,28.960097999970458,401408,21.646142000008695,0.21490400013135513,0.047901000016281614,3.5567560003073595,200704,0.5982460002087464,0.1311099999838916,0.034002999655058375,0.0,100352
1,chain_5svc,159,96.23179900017931,73.99511799985703,22.236681000322278,2107392,4,30.664314999739872,0.39872300021670526,0.1363070000479638,57.5080160001562,602112,11.713979999967705,0.5881289998797001,0.06130300016593537,41.40455100014151,802816,12.222673999986,0.2381130000230769,0.05470299993248773,25.646614999914163,401408,18.719697000051383,0.17750200004229555,0.044299999899521936,3.6280570002418244,200704,0.6744520001120691,0.14171099974191748,0.03820299980361597,0.0,100352
1,chain_5svc,160,92.84729999990304,73.16967700012356,19.677622999779487,2107392,4,27.87175899993599,0.3300189996480185,0.1440080000065791,59.31511700009651,602112,11.181454000052327,0.4139200000281562,0.05370300004869932,43.783069999790314,802816,14.539902000024085,0.26181400016866974,0.049302999968858785,25.60381199987205,401408,18.736696999894775,0.1768020001691184,0.04310099984650151,3.5765570000876323,200704,0.8398650002163777,0.16101199980766978,0.03940299984606099,0.0,100352
1,chain_5svc,161,95.6201809999584,75.20305899970481,20.417122000253585,2107392,4,26.385675999790692,0.32571800011282903,0.17630999991524732,63.736264999988634,602112,11.110550000012154,0.4797239998879377,0.0646030002826592,48.07648199994219,802816,17.764480000096228,0.6715369997891685,0.42652399997678003,25.99603399994521,401408,19.32140500002788,0.17760300033842213,0.053200999900582246,3.212950000033743,200704,0.6209479997778544,0.13240999987829127,0.03530300000420539,0.0,100352
1,chain_5svc,162,99.91200600006778,78.94423900029324,20.96776699977454,2107392,4,28.408788999968237,0.3259179998167383,0.13100700016366318,65.87778499988417,602112,12.920240000312333,0.3997199996774725,0.05830300005982281,47.7220650000163,802816,17.19484799991733,0.29141599998183665,0.05740300002798904,26.519362000044566,401408,19.78801299992483,0.17070300009436323,0.04330000001573353,3.295151999736845,200704,0.6323490001705068,0.14821099966866313,0.034702999982982874,0.0,100352
1,chain_5svc,163,109.34038000004875,86.40812199951142,22.93225800053733,2107392,4,27.3056269998051,0.3317189998597314,0.18691100012802053,75.62653000013597,602112,12.415715999850363,0.44292200027484796,0.06000299981678836,58.586003000073106,802816,20.285518999799024,0.29271600010361,0.07730400011496386,34.20618600011949,401408,25.694905999898765,0.21020399981352966,0.06190100020830869,3.643356999873504,200704,0.7063540001581714,0.14431099998546415,0.03990300001532887,0.0,100352
1,chain_5svc,164,103.52871000031882,83.10584399964682,20.422866000672002,2107392,4,27.868557999681798,0.326819000292744,0.11210699994990136,70.17802499967729,602112,10.027196999999433,0.4633220000869187,0.057002999710675795,55.640957000377966,802816,18.662929999891276,0.2486130001670972,0.05960299995422247,33.154829000068275,401408,25.898709000102826,0.17550300026414334,0.051200999678258086,3.903861999788205,200704,0.6484499999714899,0.1349110002593079,0.035802999718725914,0.0,100352
1,chain_5svc,165,97.36283099982757,75.7027810004729,21.66004999935467,2107392,4,27.586843000335648,0.3305189998172864,0.1906099996631383,63.53765399990152,602112,10.876938999899721,0.3955199999836623,0.05340200004866347,47.88337199988746,802816,16.92593300003864,0.2933159998974588,0.06290400006037089,27.325506999886784,401408,19.581710000238672,0.17770299973562942,0.05260099987935973,4.014263000044593,200704,0.7313559999602148,0.1675130001785874,0.04060399987793062,0.0,100352
1,chain_5svc,166,96.90251800020633,76.15407400044205,20.748443999764277,2107392,4,29.520151000269834,0.4363250000096741,0.18010999974649167,61.96016599960785,602112,10.777534000226296,0.40821999982654233,0.060602999838010874,46.35199600033957,802816,17.20474900002955,0.2886160000343807,0.12510700003076636,25.35369800011722,401408,17.9241840000941,0.17210299984071753,0.03930000002583256,4.112565000014001,200704,0.7274559998222685,0.16181199998754892,0.042904000110866036,0.0,100352
1,chain_5svc,167,96.84111600017786,76.58915399997568,20.251962000202184,2107392,4,29.45644800001901,0.3334180000820197,0.18660999967323733,61.61484599988398,602112,10.480619000190927,0.3987199997936841,0.05730299972128705,46.779417999914585,802816,17.017138000028353,0.2905159999500029,0.06980400007705612,25.825724000014816,401408,19.01330099963161,0.17140299996754038,0.05120000014358084,3.497354999581148,200704,0.6216480001057789,0.14701200007039006,0.036701999761135085,0.0,100352
1,chain_5svc,168,104.54643999992186,82.71253300017634,21.833906999745523,2107392,4,26.80519900013678,0.3229180001653731,0.18781099970510695,71.08987600031469,602112,10.731832000146824,0.4025200000796758,0.09070399983102106,55.62225599987869,802816,18.87884200004919,0.282414999901448,0.05470299993248773,33.28283599989845,401408,25.567003999640292,0.21100400044815615,0.05070099996373756,4.143464999742719,200704,0.7296560002032493,0.16001199992388138,0.04240299995217356,0.0,100352
1,chain_5svc,169,107.8632359999574,86.49002100105463,21.373214998902768,2107392,4,28.249180000329943,0.33621900001890026,0.09920499996951548,73.64471900018543,602112,13.20025400036684,0.4753230000460462,0.059202999636909226,55.27793800001746,802816,18.632728000056886,0.2938160000667267,0.057703000038600294,32.83601099997213,401408,25.73730699987209,0.21250300005704048,0.05070099996373756,3.8091599999461323,200704,0.6705520004288701,0.14361099965753965,0.038002999644959345,0.0,100352
1,chain_5svc,170,98.88937499999884,76.95454900022014,21.934825999778695,2107392,4,29.81426799988185,0.3627200003393227,0.1129060001403559,62.93331999995644,602112,10.510321000310796,0.4068199996254407,0.06160299972179928,47.99577799985855,802816,18.820937999862508,0.3770210000766383,0.06960400014577317,24.189634999856935,401408,17.151971000203048,0.17730299987306353,0.044501000047603156,3.6529580002024886,200704,0.6570509999619389,0.1477109999541426,0.05510400023922557,0.0,100352
1,chain_5svc,171,94.05033500024729,73.2062990000486,20.844036000198685,2107392,4,29.163330999836035,0.3241180002078181,0.17630999991524732,59.13040799987357,602112,11.303459999908227,0.4066199999215314,0.1081049999811512,43.398449999585864,802816,14.047873999970761,0.31911800010675506,0.04810299992641376,25.004479000017454,401408,18.0646860003435,0.17700299986245227,0.039600000036443816,3.683057999751327,200704,0.6269479999900796,0.13671100032297545,0.033802999951149104,0.0,100352
1,chain_5svc,172,103.43280799997956,82.95716800034825,20.475639999631312,2107392,4,28.054870000232768,0.32191799982683733,0.18900999975812738,69.85100799965949,602112,10.779334000289964,0.4174199998487893,0.060102999668742996,54.38869399995383,802816,15.972680999993827,0.28681599997071316,0.056903000086094835,34.67741200006458,401408,27.523734999704175,0.2086040003632661,0.05720099989048322,3.711758000008558,200704,0.6265480001275137,0.1332100000581704,0.036902999909216305,0.0,100352
1,chain_5svc,173,93.88333000015336,73.12113700072587,20.762192999427498,2107392,4,28.038269000262517,0.3266180001446628,0.17290899995714426,59.647235999818804,602112,11.091150000083871,0.40151999974114005,0.060802999996667495,44.06078300007721,802816,16.33950099994763,0.3162180000799708,0.05570300004364981,23.916918999930203,401408,17.03166900006181,0.17310300017925329,0.043400999857112765,3.3219530000678787,200704,0.6205480003700359,0.13540999998440384,0.03660299989860505,0.0,100352
1,chain_5svc,174,92.43988799971703,70.86576599954242,21.57412200017461,2107392,4,27.524438999989798,0.41672399993331055,0.1809099999263708,58.240059000127076,602112,10.876738999741065,0.4158199999437784,0.056103000133589376,42.683314999976574,802816,10.925001999794404,0.2438139999867417,0.04260300011083018,27.79023299990513,401408,20.802129000003333,0.17070300009436323,0.03890100015269127,3.6802589997932955,200704,0.7374570000138192,0.15091199975358904,0.0428040002589114,0.0,100352
1,chain_5svc,175,113.03608699972756,90.17218500002855,22.86390199969901,2107392,4,30.276993000370567,0.33331899976474233,0.17750999995769234,77.07781199997044,602112,13.003143999867461,0.8419420000791433,0.05980300011287909,57.68525800021962,802816,16.786325999873952,0.2870160001293698,0.05890300008104532,37.15054899998904,401408,29.373464999935095,0.20660300015151734,0.05220100001679384,4.110164999929111,200704,0.7322569999814732,0.16591300027357647,0.041802999930951046,0.0,100352
1,chain_5svc,176,110.69131900012508,88.21977700063144,22.47154199949364,2107392,4,26.74449599999207,0.32271800000671647,0.11680700026772683,78.41678699969634,602112,15.316059000269888,0.5425259996627574,0.07400399999824003,58.44609599989781,802816,16.445206999833317,0.31711700012238,0.05840300013915112,36.25079900007222,401408,28.995759000281396,0.2048030000878498,0.05260099987935973,3.5328560002199083,200704,0.7182560002547689,0.1554119999127579,0.04060299988850602,0.0,100352
1,chain_5svc,177,111.3992400000825,89.27093200099989,22.128307999082608,2107392,4,27.78685500015854,0.3338189999340102,0.11150599993925425,77.13641500004087,602112,12.178903000403807,0.5499269996107614,0.16930899982980918,59.446844999911264,802816,16.45950800002538,0.28821599994444114,0.0613029999385617,39.33127000004788,401408,32.102908000069874,0.20880299962300342,0.0635010001133196,3.776059999836434,200704,0.7427580003422918,0.15711199966972345,0.04460299987840699,0.0,100352
1,chain_5svc,178,104.8876510003538,81.5986490006253,23.289001999728498,2107392,4,28.283082000143622,0.32961900024019997,0.16400899994550855,70.69155500039415,602112,11.19815500032928,0.42742099958559265,0.07300299967027968,54.804315000183124,802816,15.438851999988401,0.2874159999919357,0.05520299987438193,35.64966599992658,401408,26.071813000271504,0.2031029998761369,0.051201000133005437,6.261299000016152,200704,0.6067469998924935,0.15451199988092412,0.03530300000420539,0.0,100352
1,chain_5svc,179,112.67987700011872,91.28464699983851,21.395230000280208,2107392,4,29.65625899969382,0.3397190002942807,0.09300500005338108,77.37222800005839,602112,11.954292000154965,0.42612100014594034,0.05910299978495459,60.075375999986136,802816,22.08451799992872,0.2984170000672748,0.06300299992290093,34.19028600001184,401408,26.916025999980775,0.20460399991861777,0.0653009997222398,3.598156999942148,200704,0.6735520000802353,0.1363110000056622,0.037802999941050075,0.0,100352
1,chain_5svc,180,99.00487899994914,78.49842700011322,20.506451999835917,2107392,4,26.22266700018372,0.4031230000691721,0.18170999965150259,66.79003699991881,602112,10.36171399982777,0.39771900037521846,0.0542020002285426,52.054378999855544,802816,16.36980299986135,0.2919160001511045,0.06810300010329229,31.832855000175186,401408,24.92639499996585,0.20430299991858192,0.05270100018606172,3.4902550000879273,200704,0.6178480002745346,0.13910999996369355,0.07410599982904387,0.0,100352
1,chain_5svc,181,101.63625499990303,79.91717400045673,21.719080999446305,2107392,4,26.57468699999299,0.3604200001063873,0.1315069998781837,69.33457900004214,602112,10.372214000199165,0.41302099998574704,0.08140399995681946,53.36264400011714,802816,16.686120000031224,0.3088169999045931,0.05940400001236412,32.59569800002282,401408,25.699907000216626,0.2083029999084829,0.05329999976311228,3.2875520000743563,200704,0.5842460000167193,0.1319099997090234,0.03440199998294702,0.0,100352
1,chain_5svc,182,94.89766000024247,73.81565499963472,21.08200500060775,2107392,4,28.631902000142873,0.3171179996570572,0.18481000006431714,60.61329100020885,602112,10.852337999949668,0.4169210001236934,0.059902999964833725,45.08133399986036,802816,16.14358999995602,0.996454999949492,0.04800300007445912,23.739609000131168,401408,17.586277999726008,0.17760299988367478,0.047901000016281614,3.002946999913547,200704,0.6015469998601475,0.13521000028049457,0.03610300018408452,0.0,100352
1,chain_5svc,183,103.48250900005951,81.80028499987202,21.68222400018749,2107392,4,28.612400999918464,0.3210180002497509,0.09660500018071616,68.80244900003163,602112,12.484919000144146,0.41041999975277577,0.05710200002795318,51.42854799987617,802816,17.179447999978947,0.7168390000060754,0.05400300005931058,29.743839999810007,401408,22.802660999786895,0.1747020000948396,0.052801000038016355,3.931461999854946,200704,0.7208560000435682,0.16291299971271656,0.04220300024826429,0.0,100352
1,chain_5svc,184,108.22334800013778,84.9957299997186,23.22761800041917,2107392,4,29.04382499991698,0.3282180000496737,0.10930600001302082,73.39550599999711,602112,11.082748999797332,0.40841999998519896,0.057003000165423146,57.622955000169895,802816,17.85178399995857,0.28421599995454017,0.059104000001752866,36.01288699996985,401408,26.2883159998637,0.17370299974572845,0.06490100031442125,3.667857999971602,200704,0.7290560001820268,0.1398109998262953,0.04120399989915313,0.0,100352
1,chain_5svc,185,105.94058100014081,84.6820269998716,21.258554000269214,2107392,4,29.567753999799606,0.3249179999329499,0.28361600016069133,70.11892299988176,602112,10.461618000135786,0.4079209998053557,0.09060399997906643,55.1192309999351,802816,18.094998999913514,0.2943160000086209,0.055802999895604444,33.11562699991555,401408,25.96590999974069,0.21360400023695547,0.05240100017545046,3.6255569998502324,200704,0.5917460002820008,0.13601099999505095,0.03130200002487982,0.0,100352
1,chain_5svc,186,121.99094800007515,97.05960999940544,24.93133800066971,2107392,4,39.99663799959308,0.32861800036698696,0.09880500010694959,76.507980000315,602112,14.426613999603433,0.473324000267894,0.06720400006088312,57.18433299989556,802816,16.272598000114158,0.25551399994583335,0.060003000044162036,36.81083099991156,401408,25.675106000107917,0.21300300022630836,0.051000999974348815,3.797259999828384,200704,0.6886539999868546,0.14431099998546415,0.03860300012092921,0.0,100352
1,chain_5svc,187,119.65197900008206,96.87224299932495,22.77973600075711,2107392,4,40.29595399970276,0.3329190003569238,0.09570500014888239,72.0512310003869,602112,12.847235999743134,0.41512100006002584,0.05600300028163474,54.49019999969096,802816,17.13384499998938,0.33511900005578354,0.07400399999824003,33.26103399990643,401408,25.83484899969335,0.2085020000777149,0.05330000021785963,3.9947539999047876,200704,0.7603590001963312,0.16271300000880728,0.041602999772294424,0.0,100352
1,chain_5svc,188,107.18901700010974,84.18993800000862,22.99907900010112,2107392,4,29.93457499997021,0.32411799975307076,0.380721000055928,70.69195499980196,602112,10.549222999998165,0.4507220000959933,0.06040299967935425,55.387744000199746,802816,16.998636999915107,0.29981700004100276,0.055103000022427295,34.81211999996958,401408,26.033051000013074,0.20840299976043752,0.05430100009107264,3.793550999944273,200704,0.6744520001120691,0.14641200004916755,0.035803000173473265,0.0,100352
1,chain_5svc,189,104.35933400003705,75.05979800021123,29.29953599982582,2107392,4,27.282126000045537,0.3724210000655148,0.19021100024474435,70.22532900009537,602112,10.904239999945275,0.43752200008384534,0.061703000028501265,47.29404299996531,802816,16.43020599999545,0.2879159999338299,0.0542030002179672,26.728574000117078,401408,19.643663999886485,0.17270299986194004,0.043000999994546873,3.826150999884703,200704,0.7995620003384829,0.16201299968088279,0.04170299962424906,0.0,100352
1,chain_5svc,190,101.71335700033524,81.191900000249,20.52145700008623,2107392,4,29.83797000024424,0.33241799974348396,0.12170599984528963,66.12849900011497,602112,10.743632999947295,0.4049199997098185,0.13560600018536206,50.311693000367086,802816,16.96953600003326,0.29861600000913313,0.06200300003911252,29.77844199995161,401408,22.99020999998902,0.1882020001175988,0.05270100018606172,3.4448460000930936,200704,0.6505510000351933,0.13411000009000418,0.046503000248776516,0.0,100352
1,chain_5svc,191,101.36884800022017,80.30474299948764,21.064105000732525,2107392,4,27.264925000054063,0.40682300004846184,0.1081059999705758,68.4905319999416,602112,10.502020999865636,0.41812099971139105,0.0573020001866098,53.07543000026271,802816,16.40950499995597,0.25441399998271663,0.060703999906763784,32.97021899993524,401408,25.520744000004925,0.20860299991909415,0.05240099972070311,3.7696509998568217,200704,0.6075479996070499,0.13311000020621577,0.09400700037076604,0.0,100352
1,chain_5svc,192,105.90407900008358,85.8447540006182,20.05932499946539,2107392,4,29.678861000320467,0.3238179997424595,0.13930799968875363,70.55064700034563,602112,13.772883000001457,0.4882240000370075,0.07870399986131815,52.239488000395795,802816,16.801126000018485,0.29031600001871993,0.05860400005985866,32.01746600007027,401408,24.976137000066956,0.17870199962999322,0.05790100021840772,3.6424490003810206,200704,0.6157470002108312,0.13541099997382844,0.03680300005726167,0.0,100352
1,chain_5svc,193,104.46293699988018,83.24941599994418,21.21352099993601,2107392,4,29.9177739998413,0.33571900030437973,0.1201069999297033,68.85985200005962,602112,10.173604000101477,0.4252210001141066,0.061903000187157886,53.51565099999789,802816,16.944134999903326,0.3007160000834119,0.059902999964833725,32.780308000155856,401408,25.43564300003709,0.21020299982410506,0.06100100017647492,4.1335560003972205,200704,0.7782600000609818,0.14821200011283509,0.047403999815287534,0.0,100352
1,chain_5svc,194,111.27883600011046,87.73853599973336,23.5403000003771,2107392,4,30.95433199996478,0.4300240002521605,0.1643089999561198,74.48996700031785,602112,12.60682399970392,0.45012300006419537,0.05740300002798904,56.366608000189444,802816,17.729978000033952,0.29301599988684757,0.05920300009165658,33.18973099999312,401408,25.74374699997861,0.24890300028346246,0.0549009996575478,3.560948000085773,200704,0.7036550000520947,0.15461199973287876,0.04260400010025478,0.0,100352
1,chain_5svc,195,108.21824699996796,86.14110200028335,22.077144999684606,2107392,4,37.998526000137645,0.3325189995848632,0.34391899998809095,64.53901100030635,602112,13.020054000207892,0.4964249997101433,0.06900299968037871,45.68279400018582,802816,16.740924000032464,0.2994159999616386,0.06140300001789001,25.042782000127772,401408,17.589836999832187,0.15770199979669997,0.044100000195612665,4.114254999876721,200704,0.7917610000731656,0.1629130001674639,0.04410399969856371,0.0,100352
1,chain_5svc,196,104.93365199999971,83.59835199962617,21.335300000373536,2107392,4,30.09708399986266,0.32771799988040584,0.12880700023742975,69.18127000017193,602112,10.76024000030884,0.4363220000414003,0.06380299964803271,53.68689499982793,802816,17.003938000016205,0.40132200001608,0.05950399986431876,32.69070300007115,401408,25.064437999844813,0.20970300010958454,0.05360000022847089,3.658949000055145,200704,0.6726519995936542,0.14331100010167575,0.03930299999410636,0.0,100352
1,chain_5svc,197,107.33792200016978,85.41391800008569,21.924004000084096,2107392,4,28.80611199998384,0.3218179999748827,0.11450600004536682,72.7557700001853,602112,11.17016100033652,0.4191210000499268,0.07060400002956158,57.13186799994219,802816,18.85764000007839,0.3931219998776214,0.05550300011236686,33.996075000004566,401408,25.847947999864118,0.2065030002995627,0.06000099983793916,4.060154000399052,200704,0.7320569998228166,0.16621299982944038,0.038703000427631196,0.0,100352
1,chain_5svc,198,99.10248100004537,78.20751899998868,20.894962000056694,2107392,4,29.083926999646792,0.3266180001446628,0.1222070000039821,64.39340299994001,602112,10.70133800021722,0.4465219999474357,0.07980400005180854,49.10916599965276,802816,11.616640999818628,0.3392190001250128,0.04340200007391104,33.87056799988386,401408,26.012451000042347,0.23930299994390225,0.05400100008046138,3.9598540001861693,200704,0.7931620002636919,0.1560119999339804,0.04400299985718448,0.0,100352
1,chain_5svc,199,101.16624200009028,80.06203599984474,21.10420600024554,2107392,4,26.8793039999764,0.31551700021736906,0.12860700007877313,68.55853500019293,602112,10.46112499989249,0.42102100042029633,0.06130299971118802,53.75949900007981,802816,16.44890700003998,0.26491499988878786,0.06230400003914838,33.16912900004354,401408,25.56394499970338,0.20950299995092792,0.052600000344682485,3.708649999680347,200704,0.708755000232486,0.14941099971110816,0.04280399980416405,0.0,100352
1,chain_5svc,200,111.99523799996314,91.14308300013363,20.85215499982951,2107392,4,38.360045999979775,0.47772700008863467,0.09200499971484533,67.83829500000138,602112,9.977800999877218,0.45112299994798377,0.05960299995422247,53.13586700003725,802816,17.036439000094106,0.25541399986650504,0.0478029999158025,32.214576999876954,401408,24.992337000185216,0.20490199995037983,0.051901000006182585,3.81955199964068,200704,0.7764599999973143,0.15271199981725658,0.042503000258875545,0.0,100352
2,chain_5svc,1,99.73074800018367,77.28964799980531,22.441100000378356,2107392,4,27.001314999779424,0.32631900012347614,0.11860700033139437,65.6725860003462,602112,10.025096999925154,0.40662000037627877,0.05930299994361121,51.125735999903554,802816,17.576868000105605,0.5819319999318395,0.06210299989106716,29.067000000395637,401408,21.959811999749945,0.1689030000306957,0.05240100017545046,3.8136540001687536,200704,0.7265560002451821,0.16031299992391723,0.04190399977233028,0.0,100352
2,chain_5svc,2,95.4080630003773,72.50346499949956,22.90459800087774,2107392,4,27.45974200024648,0.3207179997843923,0.18550999993749429,62.04948399999921,602112,11.573174000204745,0.5653289999827393,0.05920199964748463,45.87637599979644,802816,15.491252999709104,0.28311500000199885,0.15860800021982868,26.23634299970945,401408,17.328845999600162,0.16990300036923145,0.036501000067801215,5.5659790000390785,200704,0.6504499997390667,0.14061100000617444,0.03640300019469578,0.0,100352
2,chain_5svc,3,108.203112999945,85.94876500046666,22.25434799947834,2107392,4,27.397538000059285,0.37792100010847207,0.1323079995927401,75.15831999990041,602112,12.736932000279921,0.4859239998040721,0.07470299988199258,56.888222000452515,802816,19.773288000124012,0.2832159998433781,0.067704000230151,33.306233000075736,401408,25.4454609998902,0.17480299993621884,0.05020100024921703,4.37076199978037,200704,0.5955460001132451,0.13601099999505095,0.03650300004665041,0.0,100352
2,chain_5svc,4,105.93806899987612,83.08568699976604,22.852382000110083,2107392,4,26.537189000009676,0.3280189998804417,0.13380800010054372,71.93043799998122,602112,14.60762499982593,0.48192400026891846,0.06240299990167841,52.737415000137844,802816,15.513654000187671,0.2656149999893387,0.06260300006033503,33.40503900017211,401408,25.731664999966597,0.2037029998973594,0.051000999974348815,4.046657999879244,200704,0.6955539997761662,0.15661200040995027,0.039603000004717615,0.0,100352
2,chain_5svc,5,100.45226200008983,78.20925100031673,22.243010999773105,2107392,4,28.984727000079147,0.3315189997010748,0.167408999914187,65.62938400020357,602112,10.568924999915907,0.4093200000170327,0.0722029999451479,49.26744400017924,802816,12.448284000129206,0.2502140000615327,0.0580029995944642,32.862806000139244,401408,25.546063000092545,0.20170299967503524,0.05180100015422795,3.5922510001000774,200704,0.6612520000999211,0.14891099999658763,0.03640200020527118,0.0,100352
2,chain_5svc,6,106.4624789996742,84.37488299978213,22.087595999892073,2107392,4,27.927267999984906,0.3254190000916424,0.12570700027936255,72.81258800003343,602112,13.692679000087082,0.4766239999298705,0.06680299975414528,54.36959700000443,802816,16.880727999705414,0.29201600000305916,0.0604030001341016,32.036960999903386,401408,25.25385900025867,0.207802999739215,0.050600000122358324,3.276246000041283,200704,0.6203489997460565,0.1343100002486608,0.03410199997233576,0.0,100352
2,chain_5svc,7,100.49576199980947,79.17364800050564,21.322113999303838,2107392,4,26.99091500016948,0.32371799989050487,0.1923109998642758,67.61199600032342,602112,10.411716000362503,0.5191259997445741,0.057202999869332416,52.25499200014383,802816,16.563310000037745,0.2891160002036486,0.05950400009169243,31.646939999973256,401408,24.44044699996084,0.17730300032781088,0.0535009999111935,3.7021530001766223,200704,0.7672599999750673,0.16441299976577284,0.04440300017449772,0.0,100352
2,chain_5svc,8,94.3623429998297,74.01391499979582,20.34842800003389,2107392,4,27.37253600025724,0.3379189997758658,0.2047119996859692,61.48455099992134,602112,11.144852999677823,0.39971900014279527,0.058603000070434064,45.903776999693946,802816,16.766020999966713,0.31391800030178274,0.06200400002853712,24.901769000280183,401408,18.128058000002056,0.170501999946282,0.0403999997615756,3.4823490000235324,200704,0.6024469998919812,0.13671000033355085,0.02920199995060102,0.0,100352
2,chain_5svc,9,101.38317999962965,80.27977000028841,21.10340999934124,2107392,4,26.114266000149655,0.31631799993192544,0.18680999983189395,69.77551699992546,602112,11.364464000052976,0.40361999981541885,0.05960299995422247,53.94867599989084,802816,16.880027999832237,0.2950160001091717,0.06270399990171427,33.10412000018914,401408,25.237959000151022,0.20720300017273985,0.053000999741925625,3.489149999950314,200704,0.6830530001025181,0.1342109999313834,0.03770300008909544,0.0,100352
2,chain_5svc,10,100.30705899998793,77.95706000024438,22.349998999743548,2107392,4,28.98452699992049,0.3355190001457231,0.17151000020021456,64.75713500003621,602112,11.748682999950688,0.4662229998757539,0.06110300000727875,46.82042200010983,802816,19.086549999883573,0.2924160003203724,0.06890399981784867,24.043821999839565,401408,17.47434900016742,0.17450199993618298,0.039399999877787195,3.4548490002634935,200704,0.6629510003222094,0.14961199985918938,0.03990400000475347,0.0,100352
2,chain_5svc,11,97.49590399997032,74.9035809999441,22.592323000026227,2107392,4,26.794603999860556,0.32431800036647473,0.1720099999147351,64.6222279997346,602112,11.726681000254757,0.40831999967849697,0.07200399977591587,48.52950799977407,802816,18.17729899994447,0.30051699968680623,0.0594030002503132,23.79570799985231,401408,17.598850000013044,0.1720019999993383,0.039601000025868416,3.0527439998877526,200704,0.606146999871271,0.13221099970905925,0.03640300019469578,0.0,100352
2,chain_5svc,12,101.5443830001459,78.65298400020038,22.891398999945523,2107392,4,28.19188200010103,0.33421900025132345,0.1298079996558954,64.68443099993237,602112,14.59242400005678,0.40401999967798474,0.05780200035587768,45.55145899985291,802816,17.941586000233656,0.2879159997064562,0.06990399970163708,23.87801299983039,401408,17.34094699986599,0.17610200029594125,0.041600999793445226,3.502649999973073,200704,0.5861449999429169,0.1305109999520937,0.03170299987687031,0.0,100352
2,chain_5svc,13,96.9300930000827,76.56441800008906,20.365674999993644,2107392,4,27.244929000062257,0.3952229999413248,0.17501000002084766,64.01809399994818,602112,12.460718000056659,0.4122209998058679,0.05740200003856444,47.065535000001546,802816,17.281850000017585,0.28291499984334223,0.06380400009220466,25.997430000188615,401408,18.908268999894062,0.16110199976537842,0.05020000025979243,3.8280540002233465,200704,0.6686520000585006,0.14841099982731976,0.03550300016286201,0.0,100352
2,chain_5svc,14,102.9364109999733,80.625487999896,22.31092300007731,2107392,4,28.248885999801132,0.3189180001754721,0.18541000008553965,69.06967800023267,602112,12.4532170002567,0.4069199999321427,0.0639039999441593,52.03388100017037,802816,11.694942999838531,0.24781299998721806,0.056302999837498646,36.51830800026801,401408,27.581591999933153,0.2096030002576299,0.05380099992180476,5.424476999905892,200704,0.646850000066479,0.13431099978333805,0.04030299987789476,0.0,100352
2,chain_5svc,15,96.20589499991183,73.94864299976689,22.257252000144945,2107392,4,26.534288999755518,0.335919000008289,0.12020700023640529,62.65711800006102,602112,12.604126000042015,0.8149400000547757,0.05910300023970194,44.759919999705744,802816,16.98063399999228,0.2967159998661373,0.0594030002503132,23.91281500013065,401408,17.191643999922235,0.31620499976270366,0.052101000164839206,3.445749000093201,200704,0.6379500000548433,0.13791099991067313,0.04060300034325337,0.0,100352
2,chain_5svc,16,105.11556999972527,81.04454899967095,24.071021000054316,2107392,4,28.546902000016416,0.3423189996283327,0.10870599999179831,70.37805100026162,602112,11.026146999938646,0.4114210000807361,0.0594020002608886,54.600808000031975,802816,21.383975999924587,0.5130280001139909,0.06220299974302179,29.342313000142894,401408,19.487576999836165,0.18010200028584222,0.04170100010014721,3.5252500001661247,200704,0.5999469999551366,0.13540999998440384,0.04840400015382329,0.0,100352
2,chain_5svc,17,97.26643999965745,76.51062199965963,20.755817999997817,2107392,4,26.632894999693235,0.31741800012241583,0.1108070000555017,64.70542800025214,602112,13.112850000197795,0.4341210001257423,0.07500399988202844,47.05013400007374,802816,17.372754999996687,0.511327999902278,0.05780399987997953,25.915624999925058,401408,18.6680649999289,0.1610019999134238,0.04290100014259224,3.9607560001968523,200704,0.7240569998430146,0.25761999995665974,0.040902999899117276,0.0,100352
2,chain_5svc,18,99.45080399984363,79.02201800015973,20.428785999683896,2107392,4,27.705752000201755,0.7504420000259415,0.17660999992585857,65.40796499984936,602112,11.505370000122639,0.41352099970026757,0.060802999996667495,49.47785400008797,802816,21.893403999911243,0.2934160002041608,0.05920300009165658,23.828410000078293,401408,17.324945999916963,0.17940299994734232,0.04780100016432698,3.391547999854083,200704,0.5925460000071325,0.13611100030175294,0.034901999697467545,0.0,100352
2,chain_5svc,19,97.5083469998026,77.41003300043303,20.098313999369566,2107392,4,28.983124000205862,0.32061799993243767,0.1498080000601476,62.92942599975504,602112,13.265858000067965,0.4034200001115096,0.08920399977796478,45.41635299983682,802816,17.287449999912496,0.2766150000752532,0.06760400037819636,24.13862799994604,401408,17.139144000339,0.16790199970273534,0.03859999969790806,3.695053000228654,200704,0.7344569999077066,0.19761600015044678,0.040902999899117276,0.0,100352
2,chain_5svc,20,97.68095199979143,76.29636899991965,21.384582999871782,2107392,4,29.38224600029571,0.3217179996681807,0.16881000010471325,61.92027000042799,602112,10.877139999593055,0.4036200002701662,0.05160199998499593,46.63351299996066,802816,17.650069999945117,0.2789150003081886,0.056303999826923246,25.090079000165133,401408,17.581650000010995,0.1595019998603675,0.0390010000046459,3.8997550000203773,200704,0.805263000074774,0.16331299957528245,0.04600300007950864,0.0,100352
2,chain_5svc,21,100.7977430003848,79.89437199967142,20.903371000713378,2107392,4,28.19988100009141,0.33021799981725053,0.18000999989453703,66.65763499995592,602112,10.140702999706264,0.3921200000149838,0.06200300003911252,51.662362000115536,802816,20.824445000016567,0.28461500005505513,0.06730399991283775,26.96238299995457,401408,19.96018299996649,0.19870300002367003,0.038700999994034646,3.8104539999039844,200704,0.7691599998906895,0.13450999995257007,0.034702999982982874,0.0,100352
2,chain_5svc,22,97.06323399996108,75.61296399944695,21.450270000514138,2107392,4,27.54784299986568,0.3505200002109632,0.17440999999962514,63.82577599970318,602112,10.520022000036988,0.432621000072686,0.0625030002083804,48.06118399983461,802816,17.785578000257374,0.27631500006464194,0.06040399966877885,25.941926000086823,401408,19.1206719996444,0.2048030000878498,0.038099999983387534,3.2228459999714687,200704,0.6388489996425051,0.13411000009000418,0.032703000215406064,0.0,100352
2,chain_5svc,23,96.96923199999219,75.67690400037463,21.292327999617555,2107392,4,26.917308000065532,0.32601799966869294,0.185111000064353,64.5088150004085,602112,13.71478000010029,0.4859239998040721,0.05840299991177744,45.51005699977395,802816,16.467705000195565,0.27311499979987275,0.07120400005078409,24.929169999722944,401408,17.848154000148497,0.16240200011452544,0.03969999988839845,3.8587550002375792,200704,0.7289569998647494,0.15721199997642543,0.043402999835961964,0.0,100352
2,chain_5svc,24,100.40663199970368,79.7688439997728,20.63778799993088,2107392,4,32.14360099991609,0.32051800008048303,0.17651000007390394,62.763517000348656,602112,11.8762889997015,0.46942400012994767,0.05890300008104532,46.33809899996777,802816,17.084040000099776,0.2797150000333204,0.059902999964833725,24.99787499982631,401408,17.892254999878787,0.17460200024288497,0.038499999845953425,3.7048519998279517,200704,0.7726590001766453,0.1678129997344513,0.04020400001536473,0.0,100352
2,chain_5svc,25,102.9721069999141,81.11913200036724,21.85297499954686,2107392,4,30.045984000025783,0.32621799982734956,0.13450699998429627,66.85884599983183,602112,12.57402400005958,0.42042099994432647,0.06070300014471286,48.812422000082734,802816,18.013490000157617,0.2784149996841734,0.057203999858757015,26.845275999676232,401408,19.8218820000875,0.1744029996189056,0.07990099993548938,3.525850000187347,200704,0.6637520000367658,0.13790999992124853,0.03720299991982756,0.0,100352
2,chain_5svc,26,102.23108499985756,79.45217000087723,22.778914998980326,2107392,4,27.145421000113856,0.3322190000289993,0.13120699986757245,66.78944200029946,602112,15.273958000307175,0.39941999966686126,0.06500299969047774,47.342547999960516,802816,17.800379000163957,0.28111500023442204,0.05480299978444236,25.70001300000513,401408,18.613164000271354,0.18000299996856484,0.04130099978283397,3.1986459998734063,200704,0.6192480000208889,0.13561100013248506,0.0373029997717822,0.0,100352
2,chain_5svc,27,102.28678700013916,80.95918799972424,21.32759900041492,2107392,4,27.69945199997892,0.32711799985918333,0.11860700033139437,68.92946300013136,602112,10.144402999685553,0.4065200000695768,0.06760300038877176,53.381247999823245,802816,16.67631700001948,0.29891600024711806,0.07120400005078409,32.93661099996825,401408,25.799065999763116,0.20120299996051472,0.05180100015422795,3.703152000070986,200704,0.6399500002771674,0.136109999857581,0.03640199975052383,0.0,100352
2,chain_5svc,28,99.66791099986949,78.61838999951942,21.04952100035007,2107392,4,29.34804400001667,0.3223180001441506,0.19261099987488706,64.45411100003184,602112,13.350161999824195,0.4310220001570997,0.0749040000300738,46.270395000192366,802816,17.834880000009434,0.28691600027741515,0.05600399981631199,24.532048999844847,401408,17.33414599993921,0.17390299990438507,0.04000100034318166,3.822254000169778,200704,0.7511579997299123,0.15891200018813834,0.040002999867283506,0.0,100352
2,chain_5svc,29,95.27668200007611,74.53622799994264,20.740454000133468,2107392,4,26.908108000043285,0.34641899992493563,0.13660700005857507,62.71541399974012,602112,11.935691999951814,1.5652769998268923,0.09650499987401417,45.36324999980934,802816,16.665517000092223,0.3108169998995436,0.061902999732410535,24.771962000158965,401408,18.393962000118336,0.17580199983058264,0.04279999984646565,2.9282420000527054,200704,0.6329489997369819,0.13501100011126255,0.03810299995166133,0.0,100352
2,chain_5svc,30,97.29704099981973,77.57680099939535,19.720240000424383,2107392,4,29.112130999692454,0.319318000038038,0.11790700000346988,63.11393700025292,602112,10.96824399974139,0.399320000269654,0.058102999901166186,47.77897000030862,802816,18.45741499982978,0.32151799996427144,0.3237180003452522,24.89636900008918,401408,18.394360999991477,0.17070299963961588,0.039200000173877925,3.3274470001742884,200704,0.6446500001402455,0.136109999857581,0.03840299996227259,0.0,100352
2,chain_5svc,31,110.51662799991391,83.55718499979048,26.95944300012343,2107392,4,27.268027999980404,0.32751800017649657,0.1867109999693639,75.63703799996802,602112,11.364664000211633,0.39491999996243976,0.057202999869332416,58.65170900005978,802816,22.349728999870422,0.31551700021736906,0.06030299982739962,28.810283999973763,401408,21.886510999593156,0.17190300013680826,0.05820100022901897,3.852354999708041,200704,0.6882530001348641,0.15061200019772514,0.039603000004717615,0.0,100352
2,chain_5svc,32,103.43692100013868,79.6703529995284,23.766568000610278,2107392,4,30.117087000235188,0.751042000047164,0.44892599999002414,64.50271399990015,602112,10.942443000203639,0.3950199998143944,0.05760299973189831,48.921726000116905,802816,17.973788999825047,0.28781499986507697,0.055902999974932754,27.172194000286254,401408,19.99758399961138,0.1710020001155499,0.04060100036440417,3.7434529999700317,200704,0.6394499996531522,0.13671000033355085,0.03820300025836332,0.0,100352
2,chain_5svc,33,101.79577300004894,80.29668900007891,21.499083999970026,2107392,4,35.823808000259305,0.32211799998549395,0.10480599985385197,60.482789000161574,602112,11.047248000068066,0.6044299998393399,0.05520200011233101,44.180790999689634,802816,15.156432999901881,0.2662150000105612,0.06950399983907118,25.16988399975162,401408,17.618549999951938,0.17110299995692912,0.038700999994034646,4.192559999864898,200704,0.6506499998977233,0.17861400010588113,0.03610300018408452,0.0,100352
2,chain_5svc,34,100.91094700010217,79.92585799956942,20.985089000532753,2107392,4,25.97435499956191,0.3239180000491615,0.18531100022300961,69.09067199967467,602112,11.33766300017669,0.41782000016610255,0.05530199996428564,53.00772999999026,802816,16.6974180001489,0.2842159997271665,0.06310299977485556,32.48818600013692,401408,25.07795699966664,0.1741020000736171,0.05450000026030466,3.8319539999065455,200704,0.838465000015276,0.16131299980770564,0.0359030000254279,0.0,100352
2,chain_5svc,35,107.21763099991222,85.72886100046162,21.488769999450597,2107392,4,29.875774000174715,0.31551800020679366,0.187909999567637,71.70381800005998,602112,12.753232999784814,0.4801240002052509,0.0542020002285426,54.15408599992588,802816,16.52080800022304,0.296216999686294,0.06010300012349035,32.77710300017134,401408,25.980598999922222,0.2021029999923485,0.0525010000274051,3.494854000109626,200704,0.5984470003568276,0.13310999975146842,0.034001999665633775,0.0,100352
2,chain_5svc,36,111.13144499995542,87.46561899988592,23.6658260000695,2107392,4,31.77288100005171,0.3269179997005267,0.1413079999110778,73.54092100013077,602112,11.096850999820163,0.4192200003672042,0.059902999964833725,55.31954400021277,802816,16.635414000120363,0.2897160002248711,0.059903999954258325,34.8139140000967,401408,27.258219000032113,0.17850299991550855,0.05199999986871262,4.124563000004855,200704,0.7022539998615684,0.15661199995520292,0.03850299981422722,0.0,100352
2,chain_5svc,37,112.3937819997991,91.73544899931585,20.658333000483253,2107392,4,30.245694999848638,0.33191900001838803,0.1270070001737622,76.23257199975342,602112,11.845087999972748,0.431320999723539,0.06590300017705886,59.87907000007908,802816,24.106425999889325,0.30761700008952175,0.05760300018664566,31.853351999870938,401408,24.761079999734648,0.17390299990438507,0.045201000375527656,3.7472580002031464,200704,0.7771599998704914,0.15821299984963844,0.044503000026452355,0.0,100352
2,chain_5svc,38,95.81949800030998,74.06665799999246,21.75284000031752,2107392,4,26.997012999800063,0.36942099995940225,0.13190700019549695,62.25508899979104,602112,10.95654300024762,0.4309219998503977,0.05490300009114435,46.716916999685054,802816,12.160368999957427,0.2812150000863767,0.05530299995371024,30.42227300011291,401408,22.92145299998083,0.17460199978813762,0.10610099980112864,4.154164000283345,200704,1.031280000006518,0.1440109999748529,0.050504000228102086,0.0,100352
2,chain_5svc,39,110.09351499978948,88.24273399932281,21.850781000466668,2107392,4,26.962111000102595,0.3770210000766383,0.1888100000542181,76.89150799978961,602112,12.760932999754004,0.46822300009807805,0.05220299999564304,59.345544000279915,802816,22.5513399996089,0.2872160002880264,0.06300400036707288,32.82860500030438,401408,25.14188599980116,0.20470300023589516,0.05450100024972926,3.901560000031168,200704,0.8264640000561485,0.1523119999546907,0.04290300012144144,0.0,100352
2,chain_5svc,40,112.43008400015242,89.45594900023934,22.974134999913076,2107392,4,35.17237100004422,0.32891799992285087,0.14010799986863276,71.12628599998061,602112,9.794485999918834,0.47072300003492273,0.05260300031295628,56.27889100014727,802816,16.70791900005497,0.3249179999329499,0.059702999806177104,34.18147999991561,401408,27.027914999962377,0.20090399993932806,0.05430100009107264,4.0967629997794575,200704,0.7532580002589384,0.16901299977689632,0.043602999994618585,0.0,100352
2,chain_5svc,41,103.86443399966083,83.02742699970622,20.83700699995461,2107392,4,27.195823999591084,0.36082000042370055,0.1250070004061854,70.4796489999353,602112,13.011645000005956,0.4847240002163744,0.05580299966823077,52.87782200002766,802816,16.724520000025223,0.2860150002561568,0.06900400012455066,32.237072000043554,401408,25.49499199994898,0.2041029997599253,0.05380100037655211,3.517654000006587,200704,0.6004460001349798,0.13661100001627347,0.036002999877382535,0.0,100352
2,chain_5svc,42,106.90832199998113,85.63511200009088,21.27320999989024,2107392,4,29.2751409997436,0.31701800025984994,0.10990600003424333,71.6876169999523,602112,12.03309700031241,0.48012399975050357,0.053201999890006846,55.01002699975288,802816,18.616123999890988,0.38232099996093893,0.0618029998804559,32.282874999964406,401408,24.832982000134507,0.19960299960075645,0.05050100025982829,4.015962000266882,200704,0.8777680000093824,0.18591399975775857,0.04810400014321203,0.0,100352
2,chain_5svc,43,105.24107299988827,84.8163530004058,20.424719999482477,2107392,4,28.913220000049478,0.3202180000698718,0.21481299972947454,70.77956600005564,602112,12.77303300003041,0.52732600033778,0.05940299979556585,53.344643999935215,802816,17.215946999840526,0.29181599984440254,0.06310300022960291,32.53978900011134,401408,25.03258500019001,0.2093029997922713,0.05060099965703557,3.896758999871963,200704,0.8815680002953741,0.1454109997212072,0.03720299991982756,0.0,100352
2,chain_5svc,44,96.55371999997442,76.40521299936154,20.14850700061288,2107392,4,27.12681999992128,0.32901800022955285,0.15650899968022713,63.849778000076185,602112,11.024946999896201,0.4018199997517513,0.06130300016593537,48.037982000096235,802816,17.784778000077495,0.2917159999924479,0.05930299994361121,26.50435799978368,401408,19.62360199968316,0.1789020002433972,0.03990100003647967,3.5469539998302935,200704,0.8450659997834009,0.16041199978644727,0.05020300022806623,0.0,100352
2,chain_5svc,45,87.80066400004216,68.49608199991053,19.30458200013163,2107392,4,26.49718499969822,0.3256180002608744,0.09520499997961451,55.84763000024395,602112,10.573724000096263,0.40222000006906455,0.053403000038088067,40.85942599976988,802816,11.412928000027023,0.25181399996654363,0.06250299975363305,26.226242000120692,401408,19.400098000005528,0.1875029997790989,0.03890100015269127,3.3007510000970797,200704,0.6121470000834961,0.1378110000587185,0.03550300016286201,0.0,100352
2,chain_5svc,46,112.38798200020028,90.00943799992456,22.378544000275724,2107392,4,28.07547300017177,0.3284189997430076,0.1280070000575506,78.15458000004583,602112,13.37406299990107,0.46052300012888736,0.06380300010278006,59.95597200035263,802816,15.572255999813933,0.24501400002918672,0.05960299995422247,40.8058439998058,401408,32.375797999975475,0.36920499996995204,0.05240100017545046,4.878775000179303,200704,0.6118480000623094,0.136109999857581,0.03630299988799379,0.0,100352
2,chain_5svc,47,98.2925600001181,77.64137600042886,20.651183999689238,2107392,4,32.09129800006849,0.33191800002896343,0.1299079999625974,59.9767610001436,602112,10.36621399998694,0.4019200000584533,0.054902999636397,45.09553599973515,802816,17.135943000084808,0.290116000087437,0.05760299973189831,24.234831999820017,401408,17.358767000132502,0.16910299973460496,0.04020000005766633,3.748757000266778,200704,0.6891540001561225,0.13891099979446153,0.038302000120893354,0.0,100352
2,chain_5svc,48,106.60549799968067,84.26694700074222,22.338550998938445,2107392,4,30.031783000140422,0.3218179999748827,0.2879159997064562,70.35864300041794,602112,10.709431000123004,0.3961190000154602,0.06150299986984464,54.036378000091645,802816,18.1608990001223,0.3050169998459751,0.05910299978495459,31.931055999848468,401408,24.65347900033521,0.20800299989787163,0.05060099965703557,3.69755699966845,200704,0.7113550000212854,0.1409110000167857,0.04010300017398549,0.0,100352
2,chain_5svc,49,99.31870699983847,77.63264800041725,21.68605899942122,2107392,4,27.026614000078553,0.31051799987835693,0.18971100007547648,66.7900430003101,602112,11.966493000272749,0.4080199996678857,0.05470299993248773,50.34669599990593,802816,17.850382000233367,0.28061500006515416,0.06150299986984464,27.124490999995032,401408,20.157609999841952,0.1793020001059631,0.03980100018452504,3.482554000129312,200704,0.6315489999906276,0.14111099972069496,0.03820300025836332,0.0,100352
2,chain_5svc,50,115.12882200031527,92.16917100047795,22.959650999837322,2107392,4,29.69866400007959,0.3417190000618575,0.12440699993021553,79.81237200010582,602112,10.878039000090212,0.4108210000595136,0.05330299973138608,64.38099200022407,802816,26.099435000105586,0.31741700013299123,0.06130400015535997,34.49269699967772,401408,24.82128100018599,0.20560299981298158,0.05140099983691471,3.6130550001871597,200704,0.6717520000165678,0.17391299979863106,0.038003000099706696,0.0,100352
2,chain_5svc,51,106.15408600006049,83.86405200008085,22.29003399997964,2107392,4,28.759910999724525,0.3449200003160513,0.17341000011583674,70.51885199962271,602112,11.369063000074675,0.41502099975332385,0.0594030002503132,54.45729899975049,802816,16.8664269999681,0.3282180000496737,0.058102999901166186,33.64224999995713,401408,26.270604000274034,0.20670300000347197,0.05160099999557133,3.735257999778696,200704,0.5980470000395144,0.14131099987935158,0.03710200007844833,0.0,100352
2,chain_5svc,52,103.37641400019493,82.19757600045341,21.178837999741518,2107392,4,26.384778000192455,0.36712099972646683,0.1861109999481414,71.31739600026776,602112,13.05284699992626,0.5213260001255549,0.06160300017654663,53.258439999808616,802816,16.59291200030566,0.29141599998183665,0.06350399962684605,32.55178999961572,401408,25.571093000053224,0.20210399998177309,0.05780099991170573,3.338551000069856,200704,0.595945999975811,0.12831000003643567,0.03430300012041698,0.0,100352
2,chain_5svc,53,99.03689899965684,78.25432800018461,20.782570999472227,2107392,4,28.537499000321986,0.329418999626796,0.11470599974927609,64.31800400014254,602112,10.482718999810459,0.39752000020598643,0.06480299998656847,49.33124499984842,802816,16.877428000043437,0.2926160000242817,0.059002999932999955,28.47316499992303,401408,21.734934000051,0.16620199994576978,0.05200099985813722,3.4017520001725643,200704,0.6217479999577336,0.13621099969896022,0.03610300018408452,0.0,100352
2,chain_5svc,54,93.56035599967072,74.16774800003623,19.392607999634492,2107392,4,28.62490400002571,0.31651800009058206,0.17850999984148075,59.621541000069556,602112,10.24740799994106,0.39571999968757154,0.08430400021097739,45.102135999968596,802816,16.37220000020534,0.28761599969584495,0.05820300020786817,25.326992999907816,401408,18.19087900003069,0.1695030000519182,0.03860100014208001,3.982861000167759,200704,0.7323569998334278,0.18901400017057313,0.04170300007899641,0.0,100352
2,chain_5svc,55,101.79457200001707,76.67348699987997,25.1210850001371,2107392,4,30.544611000095756,0.3203179999218264,0.2168119999623741,65.84169000007023,602112,10.909140999956435,0.6698330003018782,0.05670300015481189,45.55475799998021,802816,16.53570899998158,0.2876160001505923,0.05830300005982281,25.23888799987617,401408,18.070277999868267,0.17350200005239458,0.03980100018452504,3.600954999910755,200704,0.6137479999779316,0.13971099997434067,0.03610200019465992,0.0,100352
2,chain_5svc,56,101.96997699995336,81.3933219997125,20.576655000240862,2107392,4,29.485252000085893,0.32001799991121516,0.18220999982077046,66.40822100007426,602112,11.361463999946864,0.4093200000170327,0.07880300017859554,50.59660899996743,802816,16.256393999810825,0.29201600000305916,0.05820300020786817,30.815293999694404,401408,23.67556399985915,0.17600299997866387,0.05289999990054639,3.753257999960624,200704,0.6146480000097654,0.1394099999743048,0.03440299997237162,0.0,100352
2,chain_5svc,57,102.41018800024904,81.5970879998531,20.813100000395934,2107392,4,28.355188999739767,0.3185179998581589,0.18001000034928438,68.53664000027493,602112,11.189855000338866,0.5186260000300535,0.05330199974196148,52.66851099986525,802816,16.49070599978586,0.2864160001081473,0.06510400044135167,32.15096799976891,401408,24.834282000028907,0.18080300014844397,0.050600000122358324,3.8596590002271114,200704,0.7270559999597026,0.14891099999658763,0.03620300003603916,0.0,100352
2,chain_5svc,58,95.34740300023259,73.50827900017975,21.839124000052834,2107392,4,26.581888999771763,0.3127180002593377,0.1826110001275083,62.6638109997657,602112,10.745032000158972,0.487624000015785,0.055203000101755606,46.182488999875204,802816,16.714118999971106,0.3457190000517585,0.05490300009114435,25.58260700016035,401408,18.826988999990135,0.17450300038035493,0.04240099997332436,3.2254500001727138,200704,0.6402500002877787,0.1335099996140343,0.03550299970811466,0.0,100352
2,chain_5svc,59,97.98687199963751,74.64260400001876,23.34426799961875,2107392,4,28.111674999763636,0.31591800006935955,0.22171199998410884,62.64971099972172,602112,9.365064000121492,0.4145200000493787,0.05150300012246589,48.50480499999321,802816,19.1111499998442,0.3573200001483201,0.060303999816824216,24.85656699991523,401408,17.440068000269093,0.1741030000630417,0.040299999909620965,3.579254999749537,200704,0.6146470000203408,0.1425109999217966,0.03340300008858321,0.0,100352
2,chain_5svc,60,102.31048600007853,76.34994500040193,25.960540999676596,2107392,4,28.836915000283625,0.32621899981677416,0.18771099985315232,65.06824600000982,602112,11.640777000138769,0.47022399985507946,0.06290300007094629,48.007480000251235,802816,16.717818999950396,0.29091599981256877,0.07230400024127448,27.49911199998678,401408,18.531185000028927,0.21560400000453228,0.040299999909620965,3.3729510000739538,200704,0.6232490000002144,0.1367099998788035,0.036302000353316544,0.0,100352
2,chain_5svc,61,98.8243940000757,78.38831900016885,20.43607499990685,2107392,4,30.97123499992449,0.660437000078673,0.22131300011096755,61.900967999918066,602112,10.367013000177394,0.4027199997835851,0.06030299982739962,46.49510499984899,802816,19.17425400006323,0.28561599992826814,0.06010300012349035,23.902014000213967,401408,17.170563000036054,0.1713029996608384,0.03860100014208001,3.5260549998383794,200704,0.705253999967681,0.16481300008308608,0.04040300018459675,0.0,100352
2,chain_5svc,62,94.77418799997395,74.23051000023406,20.543677999739884,2107392,4,26.459382000211917,0.3290189997642301,0.1882110000224202,62.7713170001698,602112,9.732283000175812,0.46482299967465224,0.054102999911265215,48.55890699991505,802816,18.0262919998313,0.4944269999214157,0.2605139998195227,26.40725100036434,401408,19.27899600013916,0.1720029999887629,0.04190100025880383,3.9060599997355894,200704,0.7335569998758729,0.1633130000300298,0.043603000449365936,0.0,100352
2,chain_5svc,63,103.81522499983475,79.8330719999285,23.982152999906248,2107392,4,28.718709999793646,0.3299180002613866,0.1930100002027757,69.19717700020556,602112,12.941340999987005,0.5278260000523005,0.06310299977485556,50.88362199967378,802816,17.39745699978812,0.33311800007140846,0.06960300015634857,26.905978999820945,401408,20.058908999999403,0.17520200026410748,0.04149999995206599,3.397452000172052,200704,0.7166550003603334,0.16281299986076192,0.0421039999309869,0.0,100352
2,chain_5svc,64,92.66983299994536,72.12875699997312,20.541075999972236,2107392,4,26.31097499988755,0.3230180000173277,0.17821000028561684,60.37778399968374,602112,10.607625999909942,0.4559230001177639,0.05400200006988598,45.297245000256225,802816,16.922629999953642,0.2841160003299592,0.058603000070434064,24.581951000072877,401408,17.573470000115776,0.17330299988316256,0.03909999986717594,3.698556000017561,200704,0.7140560001062113,0.1606119999451039,0.040503000036551384,0.0,100352
2,chain_5svc,65,102.77459799999633,82.39499800038175,20.379599999614584,2107392,4,26.107362999937322,0.3219180002815847,0.17790999982025824,71.17408800013436,602112,11.512271000356122,0.48412399974040454,0.06980399984968244,55.33964400001423,802816,18.570421000276838,0.2833159996953327,0.07910399972388404,33.105519999935495,401408,25.553293000029953,0.20660300015151734,0.05360099976314814,3.92936100024599,200704,0.6516499997815117,0.1457110001865658,0.03770300008909544,0.0,100352
2,chain_5svc,66,90.6670800000029,70.79487999953926,19.872200000463636,2107392,4,26.283072999831347,0.32521799994356115,0.1803099999051483,59.027207999861275,602112,10.062199000003602,0.48482400006832904,0.06000299981678836,44.44840299993302,802816,16.260893999969994,0.29031599979134626,0.055203000101755606,24.26253400017231,401408,17.616069999803585,0.1944030000231578,0.0380010001208575,3.264351000325405,200704,0.5726439999307331,0.13381000007939292,0.029703000109293498,0.0,100352
2,chain_5svc,67,97.80486699992252,77.75271600030464,20.05215099961788,2107392,4,28.358489000311238,0.3259189998061629,0.11770599985538865,63.900180000018736,602112,13.094948999878397,0.5389269999795943,0.08930400008466677,45.866274000218255,802816,17.19044599985864,0.28661499982263194,0.05810300035591354,25.235587999759446,401408,18.484984000224358,0.17330299988316256,0.03880099984598928,3.3473520002189616,200704,0.6238480000320124,0.15031199973236653,0.03830300011031795,0.0,100352
2,chain_5svc,68,104.45844200012289,84.09524799981227,20.363194000310614,2107392,4,32.27620799998476,0.3259189998061629,0.11440700018283678,66.23131200012722,602112,15.28805799989641,0.4915240001537313,0.0635030000921688,46.39279899993198,802816,16.974133000076108,0.2859159999388794,0.0587029999223887,25.567906000105722,401408,18.7782889997834,0.16940300019996357,0.04650000028050272,3.614154999922903,200704,0.7785600000715931,0.16421200007243897,0.03650300004665041,0.0,100352
2,chain_5svc,69,98.30887999987681,75.62558600011471,22.6832939997621,2107392,4,26.337075999890658,0.32111800010170555,0.17010999999911292,66.34551799970723,602112,11.99509499974738,0.49062400012189755,0.0604030001341016,49.07063200016637,802816,17.783977999897616,0.297517000035441,0.055703000271023484,27.188194999780535,401408,18.911891000243486,0.1969029999600025,0.03879999985656468,4.193763999865041,200704,0.5975460003355693,0.13751100004810723,0.036702999750559684,0.0,100352
2,chain_5svc,70,104.87105299989707,84.35563900002307,20.515413999874,2107392,4,26.94850999978371,0.32731900000726455,0.17981000019062776,72.2951509997074,602112,11.78798499995537,0.4763229999298346,0.0573030001760344,55.50905099971715,802816,20.124907000081294,0.3191169998899568,0.07040299988148035,31.695342999682907,401408,24.766581000221777,0.20320299972809153,0.05090100012239418,3.7314579999474518,200704,0.7276559999809251,0.16041300023061922,0.0411030000577739,0.0,100352
2,chain_5svc,71,103.91952800000581,83.58457600024849,20.334951999757322,2107392,4,27.372534000278392,0.32671799999661744,0.12860699962402578,70.78656700014108,602112,10.611325999889232,0.4322220001995447,0.05760200019722106,55.81716699998651,802816,19.40676699996402,0.2867159996640112,0.06270300036703702,32.707797999592,401408,25.438591000238375,0.20670300000347197,0.051201000133005437,3.8153590003275895,200704,0.7553579998784699,0.16261300015685265,0.04340399982538656,0.0,100352
2,chain_5svc,72,93.74845999991521,72.15832500014585,21.59013499976936,2107392,4,27.436036999915814,0.31671799979449133,0.18180999995820457,60.71650200010481,602112,10.059497999918676,0.42552100012471783,0.1795090001905919,45.085835000008956,802816,10.364369999933842,0.24951300019893097,0.07770399997752975,30.863497000154894,401408,23.531961000117008,0.16900299988265033,0.0670019999233773,3.8103589999991527,200704,0.766459000260511,0.15821299984963844,0.043203000132052694,0.0,100352
2,chain_5svc,73,102.34818700018877,81.30061799965915,21.04756900052962,2107392,4,29.60355899995193,0.3320180003356654,0.15170799997576978,66.56862999989244,602112,11.288859999694978,0.41492000036669197,0.06180300033520325,50.41469900015727,802816,15.992180000012013,0.6320340003185265,0.05780299989055493,30.412371999773313,401408,23.704264000116382,0.16920300004130695,0.05260099987935973,3.370651999830443,200704,0.7117549998838513,0.15901200004009297,0.03450299982432625,0.0,100352
2,chain_5svc,74,99.32120699977531,76.31432199968913,23.006885000086186,2107392,4,27.61514799976794,0.3329180003674992,0.10050499986391515,63.68956899996192,602112,12.256208000053448,0.45242199985295883,0.0532020003447542,46.674914000050194,802816,16.862426999978197,0.2890159998969466,0.07570399975520559,25.8796230000371,401408,18.976291999933892,0.17640199985180516,0.03880100030073663,3.593154999634862,200704,0.6042469999556488,0.1374110001961526,0.03700199977174634,0.0,100352
2,chain_5svc,75,106.34719200015752,83.48915499982468,22.858037000332843,2107392,4,27.103019000151107,0.31951700020727003,0.18150999994759331,72.83218099973965,602112,11.155853000218485,0.4259209999872837,0.08190399967133999,57.52475200006302,802816,18.931240999791044,0.2536140000302112,0.07120400005078409,32.30707600005189,401408,25.696494999920105,0.21430299966596067,0.06550100033564377,3.335951999815734,200704,0.6025469997439359,0.1556120000714145,0.03620300003603916,0.0,100352
2,chain_5svc,76,98.94999800008009,77.97168599972792,20.97831200035216,2107392,4,28.0092699999841,0.34931900017909356,0.18770999986372772,64.74042700028804,602112,10.339112999645295,0.4874240003118757,0.05740200003856444,49.97997700002088,802816,16.53340900020339,0.33551899969097576,0.06130300016593537,29.34651399982613,401408,22.43294399977458,0.17840300006355392,0.04040100020574755,3.503052999803913,200704,0.6569500001205597,0.1481119998061331,0.037802999941050075,0.0,100352
2,chain_5svc,77,94.48817999964376,74.79636799962464,19.691812000019127,2107392,4,28.20057999997516,0.3349190001245006,0.17671000023256056,60.351082000124734,602112,11.85188699992068,0.4283210000721738,0.06570400000782683,44.21629199987365,802816,15.907073999642307,0.24721399995542015,0.05670400014423649,24.763762000020506,401408,18.234879999909026,0.17830300021159928,0.040501000057702186,3.3655519996500516,200704,0.6019470001774607,0.13550999983635847,0.03570299986677128,0.0,100352
2,chain_5svc,78,101.38536099975681,80.31845399955273,21.066907000204083,2107392,4,27.38543399982518,0.3282190000390983,0.18131000024368404,68.30262699986633,602112,12.693828999999823,0.48732400000517373,0.08200399997804197,50.459601000056864,802816,15.890773999672092,0.25451400006204494,0.057003000165423146,30.884897999840177,401408,23.665963999974338,0.22320400012176833,0.03890000016326667,3.670756999781588,200704,0.6824530000812956,0.1411110001754423,0.03530300000420539,0.0,100352
2,chain_5svc,79,109.67087900007755,83.27943699987372,26.391442000203824,2107392,4,26.23106999999436,0.33241899973290856,0.1805100000638049,75.87735200013412,602112,12.772532999861141,0.5779289999736648,0.06140300001789001,58.23218599971369,802816,18.11039599988362,0.25411400019947905,0.06270299991228967,35.40114599991284,401408,25.58029300007547,0.20350299973870278,0.04980099993190379,3.5592539998106076,200704,0.5851450000591285,0.13231000002633664,0.032703000215406064,0.0,100352
2,chain_5svc,80,103.44101600003341,80.68838300005154,22.75263299998187,2107392,4,27.901562999886664,0.3301189999547205,0.18391000003248337,69.96812099987437,602112,13.231554999947548,0.4918250001537672,0.06140300001789001,52.137485000002926,802816,12.999815000057424,0.25391400004082243,0.07100399989212747,35.33284299965089,401408,25.870097000279202,0.20400399989739526,0.05060099965703557,3.5744550000345043,200704,0.6853529998807062,0.14821200011283509,0.0411030000577739,0.0,100352
2,chain_5svc,81,111.39172399998643,83.69906600000832,27.69265799997811,2107392,4,28.172178999739117,0.35502000037013204,0.18591000025480753,71.56041000007463,602112,10.499419999632664,0.461923000329989,0.07270400010384037,56.28668999997899,802816,18.35770900015632,1.298171000144066,0.05530299995371024,33.181024999976216,401408,25.90479900027276,0.2041029997599253,0.05149999969944474,3.71325700007219,200704,0.7649590002074547,0.24111799984893878,0.037602999782393454,0.0,100352
2,chain_5svc,82,105.1115589998517,84.49365900014527,20.617899999706424,2107392,4,32.78693700030999,0.324417999763682,0.11500599975988735,66.8739480001932,602112,10.25390899985723,0.48622399981468334,0.16690800021024188,51.70056199995088,802816,15.9367769997516,0.25611399996705586,0.05550300011236686,32.09686500031239,401408,24.80588100024761,0.2016039998125052,0.05050099980508094,3.9283609999074542,200704,0.7101549999788404,0.15661199995520292,0.040902999899117276,0.0,100352
2,chain_5svc,83,109.1325649999817,86.45849999993516,22.67406500004654,2107392,4,26.59979000009116,0.3222179998374486,0.11160699978063349,77.04601700015701,602112,18.153999999867665,0.47572300036335946,0.09490499996900326,53.305543000078615,802816,15.655960999993113,0.32271800000671647,0.05600299982688739,33.861460000025545,401408,25.256288000036875,0.21570399985648692,0.05130099998496007,4.005162000339624,200704,0.7924609999463428,0.16581299996687449,0.04230400008964352,0.0,100352
2,chain_5svc,84,104.04073100016831,82.85214999978052,21.188581000387785,2107392,4,27.83666000004814,0.581331999910617,0.10760600025605527,70.40204500026448,602112,11.185854999894218,0.45002200022281613,0.054803000239189714,54.73371300013241,802816,18.256101999668317,0.25261400014642277,0.060603000292758225,33.01521100001992,401408,24.932783000167547,0.19870300002367003,0.05430100009107264,3.5796550000668503,200704,0.6407500000022992,0.13341000021682703,0.034902999686892144,0.0,100352
2,chain_5svc,85,103.5481180001625,82.3696430002201,21.17847499994241,2107392,4,27.311930999985634,0.33461900011388934,0.11980599992966745,69.74120800032324,602112,9.890191000067716,0.4066199999215314,0.07130299991331412,55.668759000127466,802816,19.803687000148784,0.2880160000131582,0.06260300006033503,32.01845700004924,401408,24.65867899991281,0.20360400003482937,0.05379999993238016,3.846158999749605,200704,0.705155000105151,0.1564119997965463,0.03820299980361597,0.0,100352
2,chain_5svc,86,97.06154799960132,76.94797699923583,20.113571000365482,2107392,4,26.44578099989303,0.3270189999966533,0.18111100007445202,65.13134899978468,602112,10.80423499979588,0.4320220000408881,0.05270300016491092,49.741765999897325,802816,12.928109999847948,0.2606140001262247,0.04750200014314032,32.99781099985921,401408,26.140901999951893,0.17460299977756222,0.0511000002916262,3.3800520000113465,200704,0.628948999747081,0.1332100000581704,0.04130300021643052,0.0,100352
2,chain_5svc,87,108.33614400007718,86.42136300022685,21.914780999850336,2107392,4,26.412379999783298,0.3229180001653731,0.18791100001180894,74.47007300015684,602112,13.108350000038627,0.5921290003243485,0.055201999657583656,56.78541400038739,802816,27.155490000041027,0.2459130000715959,0.05820299975312082,25.882921000174974,401408,19.111594000150944,0.20850299961239216,0.040101000195136294,3.248850000090897,200704,0.6335490002129518,0.1278099998671678,0.03550300016286201,0.0,100352
2,chain_5svc,88,103.83242599982623,82.17639099984808,21.656034999978147,2107392,4,29.641861000072822,0.6308350002655061,0.13410799965640763,67.25736900034462,602112,12.429515999883733,0.4071200000907993,0.05840299991177744,50.57200700002795,802816,14.080871999794908,0.27441500014901976,0.05440300037662382,32.481783000093856,401408,25.338889000067866,0.20900299978166004,0.0525010000274051,3.7871580002502014,200704,0.6852530000287516,0.1461110000491317,0.03700299976117094,0.0,100352
2,chain_5svc,89,105.26626299997588,82.52039600029093,22.74586699968495,2107392,4,27.893662999758817,0.33311800007140846,0.22551300025952514,71.57251000035103,602112,10.256709000259434,0.4342209999776969,0.05620199999611941,55.10483200032468,802816,17.615866000141978,0.2923160000136704,0.07510400018873042,33.15351900027963,401408,26.002400000379566,0.20250299985491438,0.053700999615102774,3.978760999871156,200704,0.7517579997511348,0.16351300018868642,0.042503000258875545,0.0,100352
2,chain_5svc,90,105.8845789998486,81.59078500011674,24.29379399973186,2107392,4,29.175734999626002,0.3810210000665393,0.11820600002465653,68.98746599972583,602112,10.084399999868765,0.7489370000257622,0.05890300008104532,54.17548600007649,802816,16.603712000232917,0.27931499971600715,0.05580300012297812,33.74015100007455,401408,25.032985000052577,0.1768020001691184,0.05600099984803819,3.756158000214782,200704,0.693953000336478,0.15591299961670302,0.039603000004717615,0.0,100352
2,chain_5svc,91,96.73684000017602,74.81551400042008,21.921325999755936,2107392,4,28.574801000104344,0.32811899973239633,0.13900800013288972,61.11162500019418,602112,11.268158999882871,0.44892200003232574,0.2403110001978348,45.42485199999646,802816,17.07283699988693,0.29361600036281743,0.05740300002798904,24.391538000145374,401408,17.23336500026562,0.18050299968308536,0.04260099967723363,3.6340560000098776,200704,0.6663520002803125,0.14731100009157672,0.03850299981422722,0.0,100352
2,chain_5svc,92,93.2841480002935,73.72101999999359,19.563128000299912,2107392,4,27.79085700012729,0.3270189999966533,0.11930699974982417,59.653042999798345,602112,10.912340999766457,0.39971900014279527,0.055203000101755606,44.64421299962851,802816,16.280393000215554,0.2759149997473287,0.05370300004869932,24.48744399998759,401408,18.087477999870316,0.1774030001797655,0.040501000057702186,3.2416500002909743,200704,0.6499510000139708,0.13351000006878166,0.04120299990972853,0.0,100352
2,chain_5svc,93,92.4431270000241,71.9316289996641,20.511498000360007,2107392,4,26.51098499973159,0.32801900033518905,0.1905110002553556,59.77384900006655,602112,9.959092999906716,0.4487229998630937,0.05690300031346851,45.43885299972317,802816,16.59621099997821,0.2802149997478409,0.06310300022960291,24.7410580000178,401408,18.05357700004606,0.17370299974572845,0.04890099990007002,3.4819529996639176,200704,0.8117630000015197,0.15651199964850093,0.04060300034325337,0.0,100352
2,chain_5svc,94,106.88600599996789,84.53568600043582,22.350319999532076,2107392,4,30.8163270001387,0.392121999993833,0.12610700014192844,68.41853400010223,602112,10.252907999984018,0.40472000000590924,0.058603000070434064,53.3521440002005,802816,16.391200000271056,0.27421499999036314,0.05710300001737778,33.07681500018589,401408,26.50280699981522,0.19670300025609322,0.051901000006182585,3.4362520000286167,200704,0.5724440002268238,0.14001099998495192,0.03320299992992659,0.0,100352
2,chain_5svc,95,109.8193830002856,83.3134450003854,26.505937999900198,2107392,4,28.93522100021073,0.3317189998597314,0.21291199982442777,69.45989399991959,602112,11.371863000022131,0.46852399964336655,0.05580300012297812,53.491851999751816,802816,16.639212999962183,0.27621499975793995,0.05800300004921155,32.754697000200395,401408,25.661094000042795,0.20320300018283888,0.04960099977324717,3.6009559999001794,200704,0.7060540001475601,0.1606129999345285,0.0421029999415623,0.0,100352
2,chain_5svc,96,101.90807499975563,80.49619599933067,21.41187900042496,2107392,4,27.411837999807176,0.3282180000496737,0.1270070001737622,68.3315340002082,602112,10.950842000056582,0.48522399993089493,0.061003999690001365,52.681410999866785,802816,15.781565999986924,0.2864160001081473,0.059002999932999955,32.96460900037346,401408,25.626893999742606,0.2052029999504157,0.05070099996373756,3.6611569998967752,200704,0.7250559997373784,0.16141200012498302,0.042704000406956766,0.0,100352
2,chain_5svc,97,103.88342700025532,82.93804100048874,20.945385999766586,2107392,4,32.31281299986222,0.32731800001783995,0.14370799999596784,65.42687000001024,602112,12.042397000186611,0.48312399985661614,0.6289319999268628,48.10428500013586,802816,20.290713000122196,0.35841999988406315,0.0597039997956017,24.227930000051856,401408,17.694672000288847,0.1788019999366952,0.037800999962200876,3.0911479998394498,200704,0.5974460000288673,0.12970999978278996,0.034702999982982874,0.0,100352
2,chain_5svc,98,103.84422600009202,81.60254799986433,22.241678000227694,2107392,4,29.131934999895748,0.3282180000496737,0.25761400002011214,67.42868299988913,602112,12.2204059998694,0.41472000020803534,0.058603000070434064,50.112584000089555,802816,21.375772999817855,0.28251499998077634,0.055002999943098985,25.008072999753495,401408,18.157079000047815,0.176803000158543,0.040499999613530235,3.5072540003966424,200704,0.7173550002335105,0.15691199996581418,0.0404029997298494,0.0,100352
2,chain_5svc,99,96.49873299986211,74.71528599944577,21.783447000416345,2107392,4,29.097632999764755,0.32361800003855024,0.12930699995195027,61.07752700017954,602112,10.4407179996997,0.4450219998943794,0.05470200039781048,45.80377000002045,802816,16.615411999737262,0.4794259998561756,0.07190400037870859,24.899466000078974,401408,17.97827700011112,0.17330199989373796,0.043000000005122274,3.396651999992173,200704,0.5832460001329309,0.1278099998671678,0.03210200020475895,0.0,100352
2,chain_5svc,100,103.71802300005584,82.28627000062261,21.43175299943323,2107392,4,27.42773899990425,0.34001900030489196,0.1340069998150284,70.00452800002677,602112,11.837187000310223,0.41822100001809304,0.0632029996268102,53.59745699979612,802816,16.387899000164907,0.2994169999510632,0.05710300001737778,33.389632000307756,401408,26.052900000195223,0.20420300006662728,0.05090100012239418,3.7305569999261934,200704,0.580545000048005,0.13341099975150428,0.0342019998242904,0.0,100352
2,chain_5svc,101,104.95465500025603,83.66336400058572,21.29129099967031,2107392,4,30.524812000294332,0.3593199999158969,0.12750799987770733,68.65165099998194,602112,10.57152400017003,0.41672099996503675,0.06310300022960291,53.72266299991679,802816,15.907872999832762,0.24191300008169492,0.057202999869332416,34.36238599988428,401408,25.929897999958484,0.1713029996608384,0.08750200004215003,3.950061000068672,200704,0.729257000330108,0.15861199972277973,0.040702999740460655,0.0,100352
2,chain_5svc,102,87.07498600006147,65.81662300050084,21.25836299956063,2107392,4,26.58289100008915,0.34701999993558275,0.1363080000373884,54.39595100006045,602112,11.050248000174179,0.4191210000499268,0.06070300014471286,38.841126000079385,802816,10.224761000245053,0.2485129998603952,0.0414029996136378,24.461842000164324,401408,17.205565000040224,0.1617020002413483,0.043399999867688166,3.9288600000872975,200704,0.7531579999522364,0.15931300004012883,0.041802999930951046,0.0,100352
2,chain_5svc,103,93.90936499994496,73.61627999944176,20.293085000503197,2107392,4,26.688297999953647,0.3286179999122396,0.12240600017321412,61.661359000027005,602112,12.654127999667253,0.40122000018527615,0.05850300021847943,44.79691999995339,802816,12.40818099995522,0.24451399985991884,0.0511020002704754,28.889785000046686,401408,21.27402699989034,0.17360200035909656,0.23510399978476926,3.3123510002042167,200704,0.5916459999752988,0.15791199984960258,0.034003000109805726,0.0,100352
2,chain_5svc,104,93.55205500014563,72.28918199962209,21.26287300052354,2107392,4,26.285674999598996,0.3341190003993688,0.12260700032129535,60.9934220001378,602112,10.858037999696535,0.4718240002148377,0.06410300011339132,45.41005100008988,802816,14.965621000101237,0.26381499992567115,0.04440199973032577,27.023683000152232,401408,19.568001000152435,0.17600299997866387,0.039399999877787195,3.3452510001552582,200704,0.6118470000728848,0.13241100032246322,0.03570299986677128,0.0,100352
2,chain_5svc,105,102.2163829998135,74.19183100000737,28.024551999806135,2107392,4,27.02501600015239,0.3375189999132999,0.12310700003581587,61.666658999911306,602112,10.940742000002501,0.4393220001475129,0.053902999752608594,45.92437700011942,802816,12.157966999893688,0.2986160002365068,0.044702999730361626,30.061949999890203,401408,23.48456099980467,0.170602000252984,0.05050099980508094,3.458754000348563,200704,0.5835450001541176,0.12981000008949195,0.034202999813714996,0.0,100352
2,chain_5svc,106,108.44784700020682,87.13775400019586,21.310093000010966,2107392,4,26.500086999931227,0.3243179999117274,0.10540600032982184,76.42818800013629,602112,18.81523299971377,0.42422100023031817,0.07240400009322912,52.52310400010174,802816,16.530907000287698,0.2863159998014453,0.06030299982739962,31.698440000127448,401408,24.67357900013667,0.23570399980599177,0.04950099992129253,3.4557529997982783,200704,0.6179480001264892,0.13401000023804954,0.03640299973994843,0.0,100352
2,chain_5svc,107,94.9657930000285,74.14147000054072,20.824322999487777,2107392,4,26.480185999844252,0.3266180001446628,0.13020699998378404,62.76972199975717,602112,12.539121000372688,0.4481219998524466,0.06930399968041456,45.74626800012993,802816,17.351352000332554,0.32891799992285087,0.06120299985923339,24.033918999975867,401408,17.164563999813254,0.17290300002059666,0.03659999993033125,3.2232500002464803,200704,0.606247000177973,0.13601099999505095,0.03460200014160364,0.0,100352
2,chain_5svc,108,103.61611999996967,83.85905399973126,19.75706600023841,2107392,4,33.63828700003069,0.33971899983953335,0.2490140000190877,64.35891099999935,602112,12.06369800001994,0.43172100004085223,0.05580300012297812,47.744767000040156,802816,18.73152799998934,0.2867159996640112,0.06650400018770597,25.26938599976347,401408,18.76008899989756,0.16910200019992772,0.0380000001314329,3.4832530000130646,200704,0.6654519997937314,0.14591099989047507,0.035802000184048666,0.0,100352
2,chain_5svc,109,98.37238199997955,77.70911400029945,20.6632679996801,2107392,4,26.340577000155463,0.32831899989105295,0.18391100002190797,66.51553200026683,602112,15.534170000137237,0.4188209995845682,0.08000400021046516,46.70801499969457,802816,16.961630999958288,0.2861150001081114,0.059002999932999955,25.9903259998282,401408,18.139279000024544,0.16780200030552805,0.0383009996767214,5.004376999750093,200704,0.7334570000239182,0.16241299999819603,0.04390300000522984,0.0,100352
2,chain_5svc,110,97.2110520001479,75.90230000050724,21.308751999640663,2107392,4,26.4601839999159,0.5416300000433694,0.1919110000017099,64.7509320001518,602112,10.260009000376158,0.49302399975204025,0.08330399987244164,49.439550999977655,802816,16.78242100024363,0.28351599985398934,0.05670300015481189,28.905485999985103,401408,21.71073299996351,0.1964029997907346,0.043201000153203495,3.546853999978339,200704,0.6889530000080413,0.14551200001733378,0.04480400002648821,0.0,100352
2,chain_5svc,111,92.32292400020015,71.76075399956972,20.56217000063043,2107392,4,26.662195999961114,0.32871799976419425,0.19231100031902315,60.0703700001759,602112,10.584724999716855,0.4088200003025122,0.07170400022005197,45.10023600005297,802816,16.60041100012677,0.2751150000221969,0.06950399983907118,24.08882200006701,401408,17.15716299986525,0.17480299993621884,0.044300999888946535,3.618955000092683,200704,0.7562589998997282,0.14521100001729792,0.0459040002169786,0.0,100352
2,chain_5svc,112,93.45755300000747,72.950390999722,20.50716200028546,2107392,4,26.592592000270088,0.3347179999764194,0.12520699965534732,60.89581600008387,602112,11.626876999798696,0.4530220003289287,0.06090300030336948,44.585210000150255,802816,16.45050299975992,0.28521600006570225,0.05650299999615527,24.451342000247678,401408,17.682371999853785,0.17480199994679424,0.03930100001525716,3.3673520001684665,200704,0.5980470000395144,0.13370999977269094,0.03370200010976987,0.0,100352
2,chain_5svc,113,99.89782200000263,79.81477200019071,20.08304999981192,2107392,4,26.72749900011695,0.3562199999578297,0.1292079996346729,67.51808800026993,602112,10.498719999759487,0.4073210002388805,0.06620300018767011,52.72761400010495,802816,16.7100170001504,0.277414999800385,0.058102999901166186,32.348875000025146,401408,25.262187999942398,0.20950299995092792,0.05120000014358084,3.612739999880432,200704,0.6163480002214783,0.13520999982574722,0.03500299999359413,0.0,100352
2,chain_5svc,114,105.26206299982732,83.61903900004108,21.643023999786237,2107392,4,27.818161000141117,0.3278180001871078,0.12430699962351355,71.63371900014681,602112,10.793735999868659,0.6032289998074702,0.05200200030230917,55.68065999977989,802816,18.429312000080245,0.2807149999171088,0.07970399974510656,33.32502800003567,401408,25.974382999720547,0.1882020001175988,0.053200999900582246,3.2814359997246356,200704,0.603447000230517,0.1377109997520165,0.0359030000254279,0.0,100352
2,chain_5svc,115,105.3357649998361,79.67396799949711,25.661797000338993,2107392,4,32.55062700009148,0.33191800002896343,0.1326070000686741,64.41521399983685,602112,11.628276999999798,0.48792400002639624,0.05580299966823077,47.92057600025146,802816,16.734917999656318,0.32671799999661744,0.07110400019882945,27.072886000041763,401408,18.155798999941908,0.17290200003117207,0.041000000237545464,5.686861999947723,200704,0.6043469998076034,0.13661100001627347,0.03700300021591829,0.0,100352
2,chain_5svc,116,94.93429199983439,74.02409799988163,20.910193999952753,2107392,4,33.74419300007503,0.3406189998713671,0.12200699984532548,55.28360199969029,602112,10.298311000042304,0.4169210001236934,0.05910299978495459,39.93427899968083,802816,9.629128000142373,0.24401399969065096,0.03820199981419137,26.45535200008453,401408,19.716915999651974,0.17610200029594125,0.03860000015265541,3.52323900006013,200704,0.6355499999699532,0.13820999993185978,0.03680300005726167,0.0,100352
2,chain_5svc,117,101.48426400019162,79.9072210002123,21.577042999979312,2107392,4,30.22969599987846,0.4932280003231426,0.12790699975084863,65.39746900034515,602112,13.038646000040899,0.48842399974091677,0.06380300010278006,47.52325599974938,802816,16.768020000199613,0.29651699969690526,0.07740399996691849,26.380148000043846,401408,19.24131000032503,0.17680199971437105,0.052800000048591755,3.163334000419127,200704,0.6295489997683035,0.14131100033409894,0.03660299989860505,0.0,100352
2,chain_5svc,118,103.18980900001407,82.58855299982315,20.601256000190915,2107392,4,31.028340999910142,0.33831900009317906,0.12100699996153708,65.99720199983494,602112,13.25735699992947,0.4084200004399463,0.06020299997544498,47.68876399975852,802816,20.375218000026507,0.29181599984440254,0.05460300008053309,23.75640399986878,401408,17.31098900017969,0.1740019997669151,0.03799999967668555,3.247335999731149,200704,0.6166479997773422,0.1388099999530823,0.036002999877382535,0.0,100352
2,chain_5svc,119,96.55793499996435,76.34820199882597,20.209733001138375,2107392,4,27.809859999706532,0.3915219999726105,0.14870800032440457,62.71711899989896,602112,11.046447999888187,0.40321999995285296,0.0542020002285426,47.17203799964409,802816,16.906727999867144,0.2903160002460936,0.06380400009220466,26.254541000071185,401408,19.969617999777256,0.17400200022166246,0.042800000301213004,3.0899339999450604,200704,0.6155479995868518,0.16891300037968904,0.03540300031090737,0.0,100352
2,chain_5svc,120,103.51261799996792,82.91257800010499,20.60003999986293,2107392,4,28.404792999936035,0.31941800034474,0.13000799981455202,69.55350200041721,602112,11.151252000217937,0.4200210000817606,0.06000299981678836,53.73036300034073,802816,16.132186000049842,0.28611499965336407,0.0525030000062543,33.49393799999234,401408,26.501090000238037,0.17000099978758954,0.042299999677197775,3.5949390003224835,200704,0.7232569996631355,0.1363100000162376,0.0366020003639278,0.0,100352
2,chain_5svc,121,100.25573200027793,79.3719980001697,20.883734000108234,2107392,4,27.719355000044743,0.3212179999536602,0.1898099999380065,66.54933399977381,602112,12.514517999989039,0.41021999959411914,0.07460400001946255,49.313237000205845,802816,17.17794300020614,0.28871599988633534,0.059202999636909226,28.410358999735763,401408,21.340933999908884,0.1710020001155499,0.03909999986717594,3.6518400002023554,200704,0.6192480000208889,0.13961100012238603,0.03840299996227259,0.0,100352
2,chain_5svc,122,107.11371200022768,86.07876499991107,21.034947000316606,2107392,4,29.00472700002865,0.9207510001942865,0.18261099967276095,71.89573300001939,602112,13.936988999830646,0.41212099995391327,0.06450299997595721,53.62935099992683,802816,16.80162200000268,0.2853149999282323,0.07120400005078409,32.89450499960367,401408,25.74178099985147,0.21130300001459545,0.051900000016757986,3.612639000039053,200704,0.5936460001976229,0.1336099999207363,0.03410299996176036,0.0,100352
2,chain_5svc,123,107.21001399997476,86.95045400099843,20.25955999897633,2107392,4,30.804628000169032,0.32251799984805984,0.18411000019114,70.84987500002171,602112,11.868387000049552,0.399320000269654,0.09940499967342475,54.49429300006159,802816,18.36530800028413,0.3124169998045545,0.0566029998481099,32.1812659999523,401408,25.20697600039057,0.1781019996087707,0.05739999960496789,3.529138000430976,200704,0.705155000105151,0.1529119999759132,0.052303999837022275,0.0,100352
2,chain_5svc,124,119.92974799977674,97.97672699960458,21.953021000172157,2107392,4,27.963068999724783,0.31641700024920283,0.10300600024493178,85.28888499995446,602112,18.839831000150298,0.9028439999383409,0.06110300000727875,61.66784799961533,802816,23.365781999928004,0.3147180000269145,0.0732039998183609,34.37248599993836,401408,27.187196999875596,0.23080300024957978,0.05109999983687885,3.4982389997821883,200704,0.6208479999258998,0.14001099998495192,0.03530300000420539,0.0,100352
2,chain_5svc,125,128.8766829998167,107.18366000082824,21.693022998988454,2107392,4,50.512434000211215,0.31571799991070293,0.14620799993281253,72.71928000000116,602112,13.84448400040128,0.4110199997739983,0.06220299974302179,54.54219499961255,802816,16.731818000152998,0.2843150000444439,0.05930399993303581,32.60658899989721,401408,25.499278000097547,0.19760299983317964,0.051000999974348815,3.5039379999943776,200704,0.5956459999651997,0.1363100000162376,0.036002999877382535,0.0,100352
2,chain_5svc,126,104.41325400006463,83.70746499940651,20.705789000658115,2107392,4,29.171535999921616,0.3209179999430489,0.15630899997631786,69.73281199998382,602112,12.327509999977337,0.5784279996987607,0.05060200010120752,52.508094999666355,802816,15.916973999992479,0.27821500043501146,0.05510299979505362,32.893205000164016,401408,25.42567799991957,0.2031019998867123,0.051901000006182585,4.006944000138901,200704,0.8657669995955075,0.155012000050192,0.04870400016443455,0.0,100352
2,chain_5svc,127,104.24867599977006,82.71192900019742,21.536746999572642,2107392,4,29.66276500001186,0.38042100004531676,0.10300499980075983,68.75915699993129,602112,11.134450000099605,0.5233259998931317,0.05260299985820893,52.648001999841654,802816,16.183188000013615,0.28781599985450157,0.05540300026041223,32.07426000017222,401408,25.06757400033166,0.20540199966490036,0.0525010000274051,3.52803900022991,200704,0.6639519997406751,0.14271100008045323,0.04610299993146327,0.0,100352
2,chain_5svc,128,112.2575509998569,88.7055150001288,23.552035999728105,2107392,4,28.30028800008222,0.40012199997363496,0.15760899987071753,77.26493400014078,602112,11.223454999708338,0.43922200029555825,0.05490200010171975,59.813756000039575,802816,22.694446000059543,0.3180169996994664,0.057003000165423146,33.282827000221005,401408,25.929683000413206,0.2058019999822136,0.05240099972070311,3.411537000374665,200704,0.557642999865493,0.1312100002905936,0.03030300013051601,0.0,100352
2,chain_5svc,129,96.91248200033442,75.27944299999945,21.633039000334975,2107392,4,27.97096899985263,0.32041799977378105,0.1281070003642526,61.950075999902765,602112,10.40241500004413,0.4050200000165205,0.16380799979742733,47.23423499990531,802816,11.530233000030421,0.2462129996274598,0.0556029999643215,32.21186700011458,401408,24.664770000072167,0.19880199988620006,0.05230099986874848,4.143645000112883,200704,0.7110560000000987,0.15611199978593504,0.03970299985667225,0.0,100352
2,chain_5svc,130,99.47861000000557,79.291529999864,20.187080000141577,2107392,4,26.34967800031518,0.3504199999042612,0.13080700000500656,67.3204770000666,602112,9.773382999810565,0.4393220001475129,0.05200200030230917,53.213330000289716,802816,17.18074299969885,0.2996160001202952,0.061703000028501265,32.57078700016791,401408,25.361276999774418,0.20490200040512718,0.050800999815692194,3.4513380001044425,200704,0.6264490002649836,0.13351000006878166,0.03450199983490165,0.0,100352
2,chain_5svc,131,94.25305599961575,75.13521899954867,19.117837000067084,2107392,4,26.493586000015057,0.31381799999508075,0.12670700016315095,62.28229399994234,602112,10.348210999836738,0.4436220001480251,0.05760300018664566,47.660155999892595,802816,12.71049699971627,0.27961500018136576,0.044703000185108976,31.59423400029482,401408,24.898472000131733,0.20250199986548978,0.05160099999557133,3.446838000400021,200704,0.6844529998488724,0.15281200012395857,0.0397030003114196,0.0,100352
2,chain_5svc,132,102.77851699993334,81.71977200026959,21.05874499966376,2107392,4,28.934522999861656,0.3245190000598086,0.23781299978509196,68.34883500005162,602112,9.879588000330841,0.5012249998799234,0.05240199971012771,53.96716799987189,802816,16.799220999928366,0.29151600028853863,0.07020400016699568,33.12451800002236,401408,25.293576999956713,0.19780200000241166,0.050799999826267594,4.166745000020455,200704,0.8128630001920101,0.16181199998754892,0.03850299981422722,0.0,100352
2,chain_5svc,133,107.12149499977386,86.53052599993316,20.590968999840698,2107392,4,28.984525999931066,0.33581800016690977,0.11990700022579404,72.1030449999489,602112,9.917490000134421,0.40722099993217853,0.052301999858173076,57.50014099976397,802816,21.6587879999679,0.2878160003092489,0.09630499971535755,31.95865399993636,401408,25.392476999968494,0.20570200013025897,0.05160099999557133,3.226535000067088,200704,0.5772449999312812,0.12760999970851117,0.03060200015170267,0.0,100352
2,chain_5svc,134,101.99683900009404,81.18623199925423,20.81060700083981,2107392,4,26.411282000026404,0.32881800007089623,0.09760500006450457,69.93632299963792,602112,12.473716999920725,0.48902400021688663,0.05650299999615527,52.46009300026344,802816,16.459203999602323,0.2559140002631466,0.05600300028163474,32.144764000349824,401408,25.150975000087783,0.2062019998447795,0.05319999991115765,3.4148379995713185,200704,0.6910539996169973,0.13711100018554134,0.03920300014215172,0.0,100352
2,chain_5svc,135,109.49092900000323,86.23728000020492,23.253648999798315,2107392,4,27.460341000278277,0.31791799983693636,0.1512079998065019,75.64434300002176,602112,14.338308999867877,0.4014189998997608,0.134307000280387,55.95486599986543,802816,18.12819499991747,0.28321500030870084,0.06110300000727875,33.02791299984165,401408,25.583878999896115,0.20630300014090608,0.0532010003553296,3.969543000039266,200704,0.7265560002451821,0.16251299985015066,0.0411040000471985,0.0,100352
2,chain_5svc,136,104.6189650000997,84.08070500036047,20.53825999973924,2107392,4,28.701310000087688,0.32461799992233864,0.12210700015202747,70.3523470001528,602112,12.482116999763093,0.5292260002534022,0.06890400027259602,53.2977339998979,802816,17.51136100028816,0.28511599975900026,0.060802999996667495,31.920452000122168,401408,24.77807000013854,0.2037029998973594,0.051000999974348815,3.4246380000695353,200704,0.6078470000829839,0.1329109995822364,0.03630300034274114,0.0,100352
2,chain_5svc,137,108.14396600017062,86.87604700025986,21.267918999910762,2107392,4,31.620074000329623,0.3581199998734519,0.14100799990046653,70.5797599998732,602112,12.989542000013898,0.47342300013042404,0.05620299998554401,52.80371000026207,802816,16.635112000130903,0.31261799995263573,0.07310399996640626,32.42957900010879,401408,25.04387399994812,0.2027020000241464,0.050799999826267594,3.800241000135429,200704,0.5874449998373166,0.13291100003698375,0.03630300034274114,0.0,100352
2,chain_5svc,138,103.07490400009556,81.83738400020957,21.23751999988599,2107392,4,26.865506999911304,0.3210180002497509,0.12590699998327182,70.3355460000239,602112,12.842635000197333,0.41251999982705456,0.059202999636909226,52.41479000005711,802816,16.69951600024433,0.2990170000884973,0.06270399990171427,31.87284900013765,401408,24.72046999992017,0.20460199993976858,0.05140099983691471,3.8163419999364123,200704,0.7092559999364312,0.14411099982680753,0.03920300014215172,0.0,100352
2,chain_5svc,139,101.65230600023278,80.69484900033785,20.95745699989493,2107392,4,28.635607000069285,0.4202230002192664,0.212011999792594,66.8271489998915,602112,10.688429000310862,0.41512000007060124,0.05980299965813174,51.6049509997174,802816,16.19308900035321,0.24801299969112733,0.07060400002956158,31.642936000025657,401408,24.453966999772092,0.20130199982304475,0.05050100025982829,3.744340999674023,200704,0.7237569998324034,0.1585119998708251,0.041403000068385154,0.0,100352
2,chain_5svc,140,101.94221399979142,79.7426699996322,22.19954400015922,2107392,4,27.350735000254645,0.33101799999712966,0.18620999981067143,67.62549399991258,602112,9.989193999899726,0.40682000008018804,0.05260299985820893,53.37543799987543,802816,16.094682999664656,0.2895160000662145,0.0573030001760344,33.76625300006708,401408,25.239274999876216,0.21600300033242092,0.05110099982630345,4.596950999712135,200704,1.068782999936957,0.1668129998506629,0.04870300017500995,0.0,100352
2,chain_5svc,141,101.36910000028365,80.3703790002146,20.998721000069054,2107392,4,27.196526000352605,0.33291799991275184,0.22621299967795494,68.38303599988649,602112,10.55902200005221,0.41482000005999,0.06130299971118802,53.13752599977306,802816,16.472203999910562,0.34191900022051414,0.05820300020786817,32.95990900005563,401408,25.525178999942,0.21020200028942782,0.056401000165351434,3.7746410002910125,200704,0.6174479999572213,0.1405110001542198,0.03790300024775206,0.0,100352
2,chain_5svc,142,102.22222199990938,81.94393800022226,20.27828399968712,2107392,4,26.23217099971953,0.3225180003028072,0.11860700033139437,70.43785200039565,602112,10.497418999875663,0.40952000017568935,0.06500300014522509,55.51774399964415,802816,18.45731200000955,0.28671600011875853,0.1315079998676083,33.05421400000341,401408,26.103585000328167,0.1975019999918004,0.051000999974348815,3.864442000121926,200704,0.6534510002893512,0.16311299987137318,0.03850299981422722,0.0,100352
2,chain_5svc,143,111.51616899996952,90.38815100029751,21.12801799967201,2107392,4,36.962473999665235,0.3292179999334621,0.17931000002135988,68.48194200028956,602112,10.439416000281199,0.4101199997421645,0.05780299989055493,53.22743100032312,802816,17.085137000321993,0.29531699965446023,0.06250299975363305,32.37557600004948,401408,25.28607699969143,0.20740200034197187,0.05600000031336094,3.5558380000111356,200704,0.615047000337654,0.13901099964641617,0.03710300006787293,0.0,100352
2,chain_5svc,144,103.70766200003345,82.67010399958963,21.037558000443823,2107392,4,27.773857999818574,0.3314190003038675,0.1326080000580987,70.27384200000597,602112,13.011643000027107,0.41712100028235,0.05330299973138608,52.92301600002247,802816,15.82706799990774,0.2894159997595125,0.16110900014609797,33.3085279999068,401408,25.305276999915804,0.20730200003526988,0.052599999889935134,4.222546000164584,200704,0.7522579999204027,0.14591099989047507,0.04600400006893324,0.0,100352
2,chain_5svc,145,99.18414100002337,73.49620400009371,25.68793699992966,2107392,4,28.079875000003085,0.33701899974403204,0.17621000006329268,65.60087999969255,602112,11.76248100000521,0.48232400013148435,0.06290300007094629,48.97391999975298,802816,10.787692000121751,0.25051400007214397,0.04190199979348108,34.10047099987423,401408,21.266432000174973,0.20470200024647056,0.03750099995158962,9.47790400005033,200704,1.5997239997886936,0.2347180002288951,0.03540299985616002,0.0,100352
2,chain_5svc,146,120.29500300013751,91.71616100002211,28.5788420001154,2107392,4,32.37811700000748,0.3344179999658081,0.18141000009563868,74.04835500028639,602112,10.88263800011191,0.437821000105032,0.059702999806177104,58.23757899997872,802816,16.701116999684018,0.29791600036332966,0.0936050000746036,37.613664000218705,401408,31.124439999985043,0.21450200028994004,0.041401000089535955,3.1420350001098996,200704,0.6298490002336621,0.12870999989900156,0.03460299967628089,0.0,100352
2,chain_5svc,147,106.77764299998671,84.90018700013024,21.877455999856465,2107392,4,35.39598599991223,0.3243179999117274,0.17801000012696022,65.77089000029446,602112,9.648477000155253,0.40411999998468673,0.05670200016538729,51.596349999726954,802816,12.344578000011097,0.2693139999792038,0.04040200019517215,35.421742999915296,401408,26.829593000002205,0.17230200000994955,0.05050100025982829,5.415458999777911,200704,0.6815530000494618,0.15101200006029103,0.03950299969801563,0.0,100352
2,chain_5svc,148,97.64970000014728,73.87157800030764,23.77812199983964,2107392,4,26.56049000006533,0.7170409999162075,0.10470600000189734,62.309496000125364,602112,10.558122000020376,0.41922099990188144,0.055701999826851534,47.35634000007849,802816,16.4878040000076,0.291316000129882,0.05910299978495459,27.040582999688922,401408,19.64931400016212,0.20360300004540477,0.041200999930879334,4.080645000158256,200704,0.6158480000522104,0.14591099989047507,0.036002999877382535,0.0,100352
2,chain_5svc,149,101.42250099988814,80.38536399953955,21.037137000348594,2107392,4,28.45009599968762,0.3278180001871078,0.12310700003581587,67.24297199980356,602112,13.303958000051352,0.5408269998952164,0.054602000091108494,49.4632449999699,802816,12.363077999907546,0.7472410002264951,0.049602999752096366,32.730996000282175,401408,25.605280000036146,0.23090200011210982,0.051700999847525964,3.7827409996680217,200704,0.6629519998568867,0.1460109997424297,0.03730300022652955,0.0,100352
2,chain_5svc,150,105.56921099987449,83.32424899936086,22.244962000513624,2107392,4,28.76481299972511,0.3292190003776341,0.18701099997997517,70.4305510002996,602112,12.9332390001764,0.5479269998431846,0.06220300019776914,51.59064999998009,802816,15.824468999653618,0.2864150001187227,0.056303000292246,31.95585299999948,401408,25.097274000017933,0.20800299989787163,0.05180000016480335,3.54143800041129,200704,0.7044539997878019,0.13351100005820626,0.04510400003709947,0.0,100352
2,chain_5svc,151,102.40412700022716,82.21006300027511,20.19406399995205,2107392,4,32.4582210000699,0.4089229996679933,0.18430999989504926,64.0470930002266,602112,11.655576000066503,0.40222000006906455,0.06020299997544498,47.89786700030163,802816,18.269401999987167,0.8135449998007971,0.05920300009165658,25.395292999746744,401408,19.110009000087302,0.1986020001822908,0.038699999549862696,3.311937000034959,200704,0.7168550000642426,0.17731400021148147,0.03950299969801563,0.0,100352
2,chain_5svc,152,102.58173200008969,79.80169799930081,22.780034000788874,2107392,4,28.239683999800036,0.3292179999334621,0.12970800025868812,66.03250399984972,602112,10.2067050002006,0.4423219997988781,0.06650299974353402,51.61135100024694,802816,23.16717099984089,1.006054999834305,0.06630400002904935,23.681498999849282,401408,17.59659199979069,0.1710020001155499,0.03880000031131203,3.2427350001853483,200704,0.5915459996685968,0.12981000008949195,0.03100200001426856,0.0,100352
2,chain_5svc,153,95.23423600012393,74.51687499997206,20.717361000151868,2107392,4,27.09341999980097,0.33471900042059133,0.1930100002027757,62.45990399975199,602112,10.70973000014419,0.4290209999453509,0.05830200007039821,46.52249999980995,802816,17.88208100015254,0.2881159998651128,0.05830300005982281,24.97867000010956,401408,18.253698999615153,0.16920200005188235,0.03790000027947826,3.29243599981055,200704,0.5779450002592057,0.12470999990910059,0.03190200004610233,0.0,100352
2,chain_5svc,154,100.47627599988118,79.70040200052608,20.7758739993551,2107392,4,26.763802000004944,0.34221899977637804,0.12230699985593674,67.98061300014524,602112,13.450264999846695,0.49732400020729983,0.05710300001737778,49.84796400003688,802816,10.369669000283466,0.2859159999388794,0.04200199964543572,35.7414609998159,401408,28.406510000422713,0.17060199979823665,0.06980099988140864,3.917042000011861,200704,0.710155999968265,0.15331100030380185,0.04130299976168317,0.0,100352
2,chain_5svc,155,107.83057099979487,87.63355799965211,20.19701300014276,2107392,4,27.152923999892664,0.31961800004864926,0.23271300005944795,75.03620899979069,602112,10.528620000059163,0.43282199976601987,0.05940299979556585,60.130672000013874,802816,16.560708999804774,0.28381500032992335,0.07030400001895032,39.78318300005412,401408,32.794259000183956,0.21650200005751685,0.051699999858101364,3.58973899983539,200704,0.597045999711554,0.15591200008202577,0.03810299995166133,0.0,100352
2,chain_5svc,156,102.77363700015485,81.32562500031781,21.448011999837036,2107392,4,26.62789400028487,0.35531999992599594,0.11540599962245324,70.53735699992103,602112,11.713279000105103,0.4255209996699705,0.06000300027153571,53.99766800019279,802816,16.798522000044613,0.28201499981150846,0.06130300016593537,33.09081599991259,401408,25.55028000006132,0.20770199989783578,0.05529999998543644,3.9057430003595073,200704,0.6356499998219078,0.15731200028312742,0.03520200016282615,0.0,100352
2,chain_5svc,157,108.99200199992265,87.26598900011595,21.7260129998067,2107392,4,27.161222999893653,0.3317189998597314,0.12170700028946158,76.00646399987454,602112,13.721677999910753,0.44632199978877907,0.06160300017654663,57.33673400027328,802816,16.52880700021342,0.2942159999292926,0.05890300008104532,37.08293499994397,401408,29.034116999810067,0.20040200024595833,0.05229999987932388,4.3431469998722605,200704,0.8201640002880595,0.15821199986021384,0.0421029999415623,0.0,100352
2,chain_5svc,158,100.3335719997267,78.58108199980052,21.752489999926183,2107392,4,27.187426000182313,0.3255179999541724,0.09750499975780258,67.61269300022832,602112,11.13004999979239,0.6566329998349829,0.06820300040999427,51.0392219998721,802816,11.737043999801244,0.25141400010397774,0.04060200035382877,35.12912799988044,401408,27.77440399995612,0.19490200020300108,0.054600000112259295,4.054944000017713,200704,0.752158000068448,0.16671299999870826,0.04220299979351694,0.0,100352
2,chain_5svc,159,101.27249700008178,80.57880700062015,20.69368999946164,2107392,4,26.296774999991612,0.33151900015582214,0.12420699977155891,69.34318999992684,602112,11.505869000302482,0.40162000004784204,0.059002999932999955,53.39543899981436,802816,16.962131000127556,0.28771600000254693,0.07340399997701752,32.62479000022722,401408,25.073274000078527,0.19700199982253253,0.04930099976263591,3.9286430001084227,200704,0.7407580001199676,0.16571300011491985,0.03810299995166133,0.0,100352
2,chain_5svc,160,100.26786900016305,78.53850099991178,21.72936800025127,2107392,4,25.117910000062693,0.3291180000815075,0.11100600022473373,69.69491000018024,602112,11.124149999886868,0.445222000053036,0.05710300001737778,53.96516700011489,802816,16.602410999894346,0.29871600008846144,0.06090399983804673,33.589142999971955,401408,24.96477300019251,0.20270199956939905,0.05330000021785963,5.036754999764526,200704,0.7292569998753606,0.1440109999748529,0.03450299982432625,0.0,100352
2,chain_5svc,161,106.83774500012078,84.3354100002216,22.502334999899176,2107392,4,26.477784999769938,0.39352200019493466,0.18711100028667715,74.14565999988554,602112,11.135350000131439,0.40942099985841196,0.0618029998804559,58.483690000230126,802816,16.35479500009751,0.3240179999011161,0.05730299972128705,36.93662299974676,401408,29.633823000040138,0.1903020001918776,0.05070099996373756,3.931642999759788,200704,0.7336570001825748,0.1595119997546135,0.04060299988850602,0.0,100352
2,chain_5svc,162,98.1429130001743,74.53519899945604,23.60771400071826,2107392,4,25.67814099984389,0.3282180000496737,0.1146060003520688,65.85839500030488,602112,10.008994999679999,0.410820000070089,0.05620299998554401,49.71655800000008,802816,15.97217400012596,0.25491399992461083,0.06160399971122388,29.202898999756144,401408,22.280842999862216,0.20970300010958454,0.04069999977218686,3.468137999789178,200704,0.5950459999439772,0.13621000016428297,0.03510300030029612,0.0,100352
2,chain_5svc,163,98.1913139999051,77.78331700046692,20.407996999438183,2107392,4,26.684896999995544,0.32361800003855024,0.1261069996871811,66.15061100001185,602112,10.269608000271546,0.4126199996790092,0.06110300000727875,51.37283900012335,802816,16.537405000235594,0.28831600002376945,0.055002999943098985,30.817488000138837,401408,23.67215899994335,0.17170199998872704,0.05180000016480335,3.7371409998741,200704,0.6192480000208889,0.1419109999005741,0.03550300016286201,0.0,100352
2,chain_5svc,164,103.5373569998228,80.80112800007555,22.736228999747254,2107392,4,28.061873999831732,0.33171900031447876,0.21771199999420787,68.915165999897,602112,10.342610999941826,0.41102000022874563,0.06470300013461383,53.82135999980164,802816,16.590408999945794,0.2903160002460936,0.066603000050236,33.336524999867834,401408,25.028273000316403,0.19910299988623592,0.05230099986874848,4.060043999743357,200704,0.7779610000397952,0.16211199999816017,0.04310299982535071,0.0,100352
2,chain_5svc,165,102.45942900019145,80.36270000002332,22.096729000168125,2107392,4,27.785259000211227,0.31881799986877013,0.1906109996525629,69.13097799997558,602112,10.675626999727683,0.63443199996982,0.05820300020786817,52.582798000003095,802816,15.99707600007605,0.28621599994949065,0.06590400016648346,32.98420500004795,401408,25.079473000005237,0.20630300014090608,0.05230099986874848,4.238847000124224,200704,0.8252650000031281,0.3026229996976326,0.04350300014266395,0.0,100352
2,chain_5svc,166,122.80837000025713,91.463725000267,31.344644999990123,2107392,4,30.639019000318513,0.3369189998920774,0.11580599993976648,84.80875800023568,602112,10.573022000244237,0.4112209999220795,0.05450299977383111,70.07726300025752,802816,24.90716300007989,0.3103169997302757,0.07650499992450932,32.29876800014608,401408,24.676769000052445,0.2021020000029239,0.050100999942515045,3.8469419996545184,200704,0.6677519995719194,0.149812000017846,0.03820300025836332,0.0,100352
2,chain_5svc,167,102.82453899981192,80.87602399973548,21.94851500007644,2107392,4,28.155380000043806,0.3458189999037131,0.18000999989453703,68.21402700006729,602112,10.719230000177049,0.4093200000170327,0.061002999700576765,52.585399000236066,802816,16.221087999838346,0.2857150002455455,0.05490300009114435,32.27806699987923,401408,25.11307399981888,0.20320200019341428,0.05130099998496007,3.7635410003531433,200704,0.6672519998573989,0.14341099995363038,0.037402000089059584,0.0,100352
2,chain_5svc,168,100.1849679996667,78.28295800027263,21.902009999394068,2107392,4,27.405737999742996,0.3301179999652959,0.18531000023358501,66.0212039997532,602112,11.423864999869693,0.4079199998159311,0.05370300004869932,49.6919560000606,802816,13.154421000308503,0.2874150000025111,0.0473019999844837,32.64828799956376,401408,25.60488000017358,0.23410299991155625,0.055699999848002335,3.5898389996873448,200704,0.6940540001778572,0.1394109999637294,0.033302999781881226,0.0,100352
2,chain_5svc,169,110.18943399994896,90.15347800050222,20.03595599944674,2107392,4,31.93419100034589,0.3375189999132999,0.1139060000241443,72.7459810000255,602112,12.249904999862338,0.4580230001920427,0.05850300021847943,56.10967399979927,802816,19.068844000230456,0.2598149999357702,0.05940299979556585,33.30492300028709,401408,26.232486000026256,0.19880299987562466,0.05200099985813722,3.5461389998090453,200704,0.668052000037278,0.14931099985915353,0.03610299972933717,0.0,100352
2,chain_5svc,170,101.94591399977071,80.86137600002985,21.08453799974086,2107392,4,26.52258800026175,0.4303239998080244,0.19101099996987614,69.82841800027018,602112,10.839635999673192,0.4345209999883082,0.06290300007094629,54.014169000311085,802816,16.847121999944648,0.2990170000884973,0.061704000017925864,33.04820900029881,401408,26.068484999996144,0.20650199985539075,0.05129999999553547,3.374836000148207,200704,0.5835450001541176,0.12250999998286716,0.031102999855647795,0.0,100352
2,chain_5svc,171,103.34545200021239,80.70230800058198,22.64314399963041,2107392,4,27.394536999963748,0.32361800003855024,0.12550700012070592,69.54980199998317,602112,11.314660000152799,0.4680229999394214,0.06130300016593537,53.8010589998521,802816,16.252490000169928,0.29141499999241205,0.056103000133589376,33.428530000037426,401408,25.13857400026609,0.20690299970738124,0.049900999783858424,3.8298419999591715,200704,0.6020470000294154,0.13791099991067313,0.03620200004661456,0.0,100352
2,chain_5svc,172,117.25982300004034,95.83562599982542,21.424197000214917,2107392,4,40.089148999868485,0.35552000008465257,0.12340700004642713,70.953783999812,602112,11.87788700008241,0.42182099969068076,0.05470299993248773,54.53219499986517,802816,17.35984999959328,0.2882160001718148,0.05760300018664566,33.364726999934646,401408,25.75888199999099,0.20570200013025897,0.0555999999960477,3.934443000161991,200704,0.74985800029026,0.17961399998966954,0.038702999972883845,0.0,100352
2,chain_5svc,173,104.38198000019838,84.07228199985184,20.309698000346543,2107392,4,28.3695049997732,0.3376190002200019,0.11050700004489045,70.57719300019016,602112,10.696027999983926,0.42232099985994864,0.054303000069921836,55.398437999883754,802816,18.66332200006582,0.2924160003203724,0.0587029999223887,33.12511400008589,401408,25.74728099989443,0.22360200000548502,0.10280100013915217,3.895842000019911,200704,0.5961460001344676,0.13751100004810723,0.03650299959190306,0.0,100352
2,chain_5svc,174,105.03819700034,79.71048499985045,25.327712000489555,2107392,4,26.421394999943004,0.7049400001051254,0.13890799982618773,68.67888599981598,602112,11.335959999996703,0.4305209999984072,0.0742039997021493,52.18947899993509,802816,16.62170999998125,0.28681499998128857,0.05820299975312082,31.917148000047746,401408,24.665568999807874,0.20140300011917134,0.0511010002810508,3.4274370000275667,200704,0.66585100012162,0.13751100004810723,0.03820299980361597,0.0,100352
2,chain_5svc,175,100.25266899992857,79.92191800030923,20.33075099961934,2107392,4,27.339246999872557,0.3316180000183522,0.12540699981400394,67.34831100038718,602112,10.131801000170526,0.404419999995298,0.05360300019674469,52.65580300010697,802816,17.490757999894413,0.29411600007733796,0.07000400000833906,31.228809999902296,401408,24.35786600017309,0.20420300006662728,0.052599999889935134,3.4027370002149837,200704,0.6022460001986474,0.14001099998495192,0.03790299979300471,0.0,100352
2,chain_5svc,176,103.39985400014484,83.0706939996162,20.329160000528645,2107392,4,26.99312699996881,0.3339190002407122,0.11980699991909205,70.78410500025711,602112,10.548221000135527,0.43602200003078906,0.05690299985872116,55.927464999967924,802816,16.18818699989788,0.2853149999282323,0.05450300022857846,35.78535999986343,401408,28.742313999828184,0.2007020002565696,0.05060100011178292,3.6558400001922564,200704,0.598844999785797,0.13901100010116352,0.03460300013102824,0.0,100352
2,chain_5svc,177,101.96841600009066,80.82579299980353,21.14262300028713,2107392,4,27.21433899978365,0.33881900026244693,0.1281080003536772,68.84469499982515,602112,10.44821600044088,0.42502099995544995,0.059902999964833725,53.838960000121006,802816,16.541604999929405,0.2952169998025056,0.060804000440839445,33.3674269995754,401408,25.95888299993021,0.2531029999772727,0.05220100001679384,3.7646410000888864,200704,0.6627499997193809,0.13981100028104265,0.03550200017343741,0.0,100352
2,chain_5svc,178,101.29749700035973,80.48559200005911,20.811905000300612,2107392,4,27.21853999992163,0.33661899988146615,0.1318070003435423,67.64202700014721,602112,10.224204999758513,0.4138200001762016,0.11690600013025687,52.981218000240915,802816,16.843622000124014,0.2917159999924479,0.07030400001895032,32.337769999685406,401408,25.59427999995023,0.1972020004359365,0.05329999976311228,3.663039999992179,200704,0.6049450003047241,0.13681099972018274,0.03530300000420539,0.0,100352
2,chain_5svc,179,107.67996699996729,87.14846299972123,20.53150400024606,2107392,4,27.15003599996635,0.3305179998278618,0.12660800030062092,74.89753799973187,602112,15.257053999903292,0.41532100021868246,0.08070400008364231,54.47929199999635,802816,16.980129999865312,0.3001160002895631,0.06240299990167841,33.96185900010096,401408,27.146997000272677,0.206801999866002,0.039399999877787195,3.2457349998367135,200704,0.6142459997136029,0.13421000039670616,0.03480300028968486,0.0,100352
2,chain_5svc,180,98.33011799992164,73.99967899982585,24.330439000095794,2107392,4,26.415395000185526,0.32661799968991545,0.12560699997266056,63.598397999612644,602112,11.728179999863642,0.5884289998903114,0.07260400025188574,46.10907899996164,802816,17.406752999704622,0.28941500022483524,0.0704040003256523,24.88646300025721,401408,17.67159300015919,0.17150099984064582,0.040700999761611456,3.889242999775888,200704,0.7777579999128648,0.15731200028312742,0.04120399989915313,0.0,100352
2,chain_5svc,181,105.62761300025159,82.23278700006631,23.394826000185276,2107392,4,26.952225000059116,0.32671799999661744,0.12060699964422383,72.8459209999528,602112,11.089648000051966,0.4100209998796345,0.061703000028501265,57.28923200013014,802816,18.11639200013815,0.2897160002248711,0.07500399988202844,32.10095700023885,401408,25.489178000043466,0.20960199981345795,0.050801000270439545,3.2400360000792716,200704,0.5853439997736132,0.12250899999344256,0.03150200018353644,0.0,100352
2,chain_5svc,182,106.95764799993412,83.60048799977449,23.357160000159638,2107392,4,26.900221999767382,0.34241899993503466,0.10210600021309801,74.53741700010141,602112,11.504069000238815,0.4070199997840973,0.07100299990270287,55.84576000001107,802816,17.268645000058314,0.2826159998221556,0.06210299989106716,34.72970199982228,401408,27.207796999846323,0.20360200005598017,0.05110099982630345,3.782741000122769,200704,0.7197549998636532,0.16261200016742805,0.040902999899117276,0.0,100352
2,chain_5svc,183,96.82247899991125,76.68484800024089,20.137630999670364,2107392,4,27.111233999676188,0.34872000014729565,0.18441000020175125,64.19163199961986,602112,10.737531000359013,0.4371219997665321,0.06140300001789001,48.523698000281,802816,18.7039239999649,0.28731600013998104,0.08120399979816284,26.125930000034714,401408,19.51551299998755,0.20660200016209274,0.038099999983387534,3.2714349999878323,200704,0.6166460002532403,0.13030999980401248,0.036202999581291806,0.0,100352
2,chain_5svc,184,92.08405199979097,72.1762419998413,19.907809999949677,2107392,4,25.949467999907938,0.3260190001128649,0.1810100002330728,60.51142300020729,602112,11.124448999908054,0.5005250000067463,0.07510400018873042,44.85731700015094,802816,15.974573999756103,0.27751600009651156,0.0656040001558722,25.243481999950745,401408,18.472402000043076,0.1985019998755888,0.040299999909620965,3.6046400000486756,200704,0.6553490002261242,0.1387109996358049,0.03370300009919447,0.0,100352
2,chain_5svc,185,114.97606200009614,93.59627099956924,21.379791000526893,2107392,4,30.650533999960317,0.3353189999870665,0.10650600006556488,78.87096199965526,602112,9.994593999635981,0.41492000036669197,0.09990500029743998,63.77795200023684,802816,25.688406999961444,0.317016999815678,0.09620500031815027,33.78154999973049,401408,26.58128500024759,0.20120299996051472,0.051901000006182585,3.6808529998779704,200704,0.6814509997639107,0.13921100025982014,0.03840299996227259,0.0,100352
2,chain_5svc,186,105.90081999998802,84.6247850004147,21.276034999573312,2107392,4,28.95553899998049,0.3164179997838801,0.12690699986706022,70.90811199987002,602112,12.411913000050845,0.4129200001443678,0.06340399977489142,53.67795300026046,802816,16.608409000127722,0.28721599983327906,0.05980400010230369,33.627540999987104,401408,26.024477000191837,0.20860299991909415,0.051901000006182585,3.395148999970843,200704,0.6244470000638103,0.13551100028053042,0.03630199989856919,0.0,100352
2,chain_5svc,187,112.16878699997324,90.65985299912427,21.508934000848967,2107392,4,30.48122499967576,0.35991999993711943,0.12240700016263872,75.27035899965995,602112,12.360210999759147,0.40702000023884466,0.13210599990998162,58.209277000059956,802816,22.063107999656495,0.29601599999296013,0.06280400020841626,31.919848000143247,401408,25.15796399984538,0.20660300015151734,0.0587009999435395,3.2695469999453053,200704,0.597345000187488,0.13351100005820626,0.03560199957064469,0.0,100352
2,chain_5svc,188,108.80639800006975,86.94282799933717,21.86357000073258,2107392,4,28.295001000060438,0.32431800036647473,0.12860799961345037,74.18919699966864,602112,10.711828999774298,0.41052100004890235,0.06960400014577317,58.823506999942765,802816,23.17436799967254,0.29721700002482976,0.15120900025067385,31.406019999849377,401408,23.591742000007798,0.17380300005243043,0.05289999990054639,4.148259999965376,200704,1.1698879998220946,0.27962100011791335,0.04040300018459675,0.0,100352
2,chain_5svc,189,100.51647699992827,79.01594899976772,21.500528000160557,2107392,4,26.857518999804597,0.6994400000621681,0.18861100033973344,67.83703799965224,602112,10.519420000036916,0.4773230002683704,0.05420299976321985,51.79275999989841,802816,16.65301200000613,0.3019159998984833,0.0587029999223887,31.481823999911285,401408,24.392753000029188,0.20590299982359284,0.04950099992129253,3.278648000105022,200704,0.5932449998908851,0.13240999987829127,0.04130300021643052,0.0,100352
2,chain_5svc,190,103.9839690001827,80.79477000001134,23.189199000171357,2107392,4,28.91083599979538,0.32681899983799667,0.12040599995088996,66.79747899988797,602112,11.059045999900263,0.40532000002713175,0.07770399997752975,51.404140000158804,802816,14.961319000121875,0.25141400010397774,0.0701039998602937,32.01665300002787,401408,25.22362100035025,0.2020019996962219,0.05059999966761097,3.445843999998033,200704,0.6399479998435709,0.1353100001324492,0.03840299996227259,0.0,100352
2,chain_5svc,191,101.87111200002619,81.10398899998472,20.767123000041465,2107392,4,29.408064000108425,0.34011899970209925,0.12660699985644897,66.12504100030492,602112,15.0159419999909,0.4184199997325777,0.055703000271023484,46.48339799996393,802816,11.416325000027427,0.2525139998397208,0.04660300010073115,31.41222000022026,401408,24.666212999818526,0.2089029999297054,0.08130100013659103,3.3298420003120555,200704,0.5974450000394427,0.13441000010061543,0.036902999909216305,0.0,100352
2,chain_5svc,192,105.81571800003076,83.80674799991539,22.00897000011537,2107392,4,29.86248900015198,0.3270189999966533,0.13410800011115498,69.91495600004782,602112,11.627975000010338,0.400420000005397,0.059901999975409126,53.916964999643824,802816,16.84082199972181,0.2746150003076764,0.07200400023066322,32.17816200003654,401408,24.859915999968507,0.206902000172704,0.055000999964249786,3.8148479998199036,200704,0.61554600006275,0.14061100000617444,0.03440299997237162,0.0,100352
2,chain_5svc,193,104.34217799956969,83.68542400012302,20.656753999446664,2107392,4,26.46979699966323,0.3322190000289993,0.17750999995769234,71.89996799979781,602112,10.169002000111504,0.40381999997407547,0.08230399998865323,57.543343999896024,802816,21.140557000308036,0.28781599985450157,0.07770499996695435,32.54878200004896,401408,25.27372100030334,0.20610299998224946,0.05070099996373756,3.6889469997731794,200704,0.6323469997369102,0.13941100041847676,0.03630299988799379,0.0,100352
2,chain_5svc,194,99.6468539997295,78.17256599946631,21.474288000263186,2107392,4,26.80711599987262,0.4539259998637135,0.10480600030859932,66.88098299991907,602112,9.757381999861536,0.42942100026266417,0.06010300012349035,52.75410700005523,802816,16.526004999832367,0.28541500023493427,0.0604030001341016,32.37817199988058,401408,24.39511099964875,0.20810200021514902,0.05050000027040369,4.565358000036213,200704,0.6869520002510399,0.13010999964535586,0.03330199979245663,0.0,100352
2,chain_5svc,195,100.07626500009792,79.37260700009574,20.70365800000218,2107392,4,28.955439000128536,0.3129169999738224,0.18120999993698206,65.56430899991028,602112,9.552672000154416,0.46592299986514263,0.06470300013461383,51.45564300028127,802816,15.136929000163946,0.25021299961736077,0.05380299990065396,32.22246399991491,401408,25.111919999744714,0.20630200015148148,0.06930000017746352,3.5723450000659795,200704,0.6156469999041292,0.1440099999854283,0.0366030003533524,0.0,100352
2,chain_5svc,196,99.9391610002931,79.47577100048875,20.46338999980435,2107392,4,26.41599500020675,0.33811899993452244,0.09720499974719132,67.06219399984548,602112,10.358811000060086,0.40272000023833243,0.0556029999643215,52.18547899994519,802816,16.24429000003147,0.2797150000333204,0.05710300001737778,32.509680000202934,401408,25.830428000062966,0.20960299980288255,0.060400999700505054,3.456344000369427,200704,0.6262470001274778,0.13721100003749598,0.03540299985616002,0.0,100352
2,chain_5svc,197,94.4047140001203,72.51276399983908,21.891950000281213,2107392,4,27.679565999733313,0.3283180003563757,0.18111100007445202,61.24836599974515,602112,10.745630999736022,0.4100199998902099,0.055703000271023484,45.39080599988665,802816,16.446901000108483,0.29221599970696843,0.05360300019674469,23.640593999971315,401408,16.98971599989818,0.1740019997669151,0.03570100034266943,3.2695419999981823,200704,0.6509500003630819,0.136009999550879,0.035101999856124166,0.0,100352
2,chain_5svc,198,91.26943100000062,70.45664500037674,20.812785999623884,2107392,4,26.279287000306795,0.3202180000698718,0.12600699983522645,58.93103400012478,602112,10.440305999964039,0.4171200002929254,0.05600199983746279,44.05833300006634,802816,16.24388900017948,0.24871400000847643,0.06720399960613577,23.459085000013147,401408,16.85621499973422,0.18180200004280778,0.03870000000461005,3.1521400001111033,200704,0.6369480001922057,0.1301100001001032,0.03850299981422722,0.0,100352
2,chain_5svc,199,98.46862199992756,78.35191099957228,20.11671100035528,2107392,4,25.994269999955577,0.32111900009113015,0.0998059999801626,66.95428800003356,602112,10.385003000010329,0.41592000025048037,0.0656030001664476,52.07872300024974,802816,15.860867999890615,0.28681599997071316,0.05490300009114435,32.418875000075786,401408,25.497223999991547,0.21190300003581797,0.0535009999111935,3.648546000022179,200704,0.6145459997242142,0.13761000036538462,0.034003000109805726,0.0,100352
2,chain_5svc,200,103.29995099982625,82.04490900016026,21.25504199966599,2107392,4,26.547001999915665,0.31731699982628925,0.18801099986376357,70.8645089998754,602112,11.90807600005428,0.431421000030241,0.058802999774343334,54.571541999848705,802816,17.572862000179157,0.2801149998958863,0.06830399979662616,32.6904899998226,401408,25.414922999971168,0.2379029997428006,0.056601000324008055,3.534043999934511,200704,0.6020460000399908,0.1405100001647952,0.07740499995634309,0.0,100352
3,chain_5svc,1,99.95856500017908,78.1029889999445,21.855576000234578,2107392,4,26.124166999579757,0.3282180000496737,0.11630600010903436,67.837707000308,602112,10.021795999819005,0.41432100033489405,0.05460300008053309,52.64950899982068,802816,16.822024000248348,0.2904159996433009,0.05740300002798904,31.724241000119946,401408,24.40224500014665,0.22050300003684242,0.05130099998496007,3.7653529998351587,200704,0.7327570001507411,0.15861299971220433,0.042502999804128194,0.0,100352
3,chain_5svc,2,106.6154350000943,84.64210300007835,21.973332000015944,2107392,4,30.760025999825302,0.3287190002083662,0.13140800001565367,68.4497420002117,602112,12.880937999852904,0.47332399981314666,0.061503000324591994,51.022628000282566,802816,17.732372999944346,0.2926170000137063,0.05750299987994367,29.05009500000233,401408,22.676720000163186,0.17060299978766125,0.03890100015269127,3.3406470001864363,200704,0.592046000292612,0.13451099994199467,0.03260199991927948,0.0,100352
3,chain_5svc,3,94.21221700040405,74.15085999991788,20.06135700048617,2107392,4,28.639807000217843,0.3552200000740413,0.12690699986706022,59.96146500001487,602112,10.30481099996905,0.42552100012471783,0.05600300028163474,44.76951900005588,802816,17.345251999813627,0.2934160002041608,0.06720400006088312,23.574994999762566,401408,17.255842999929882,0.16750299982959405,0.042501000280026346,3.2989470000757137,200704,0.6051469999874826,0.13931100011177477,0.03540299985616002,0.0,100352
3,chain_5svc,4,99.75115900033416,79.71444700024222,20.03671200009194,2107392,4,33.66628999992827,0.34861899985116906,0.12050600025759195,60.25848199988104,602112,10.830536999947071,0.4397210000206542,0.05910300023970194,45.24064199995337,802816,16.797222000150214,0.2983169997605728,0.0697039999977278,24.772760000359995,401408,17.827652000050875,0.1778020000529068,0.04090099992026808,3.1471449997297896,200704,0.5927460001657892,0.14851200012344634,0.030901999707566574,0.0,100352
3,chain_5svc,5,94.86013400010052,75.53870599986112,19.321428000239393,2107392,4,28.67861000004268,0.324518000070384,0.12200699984532548,60.681706000195845,602112,10.997344999850611,0.40792000027067843,0.16350799978681607,45.4688529998748,802816,17.18334399993182,0.2917159999924479,0.05450299977383111,24.55384800032334,401408,18.015555000147288,0.17870200008474058,0.0404009997510002,3.25334599983762,200704,0.6638519998887205,0.19771500001297682,0.038702999972883845,0.0,100352
3,chain_5svc,6,97.56150299972433,72.35616199977812,25.205340999946202,2107392,4,27.942468000219378,0.3234179998798936,0.12970699981451617,62.932132000241836,602112,10.400114999811194,0.46412300025622244,0.0687040001139394,47.28354300004867,802816,16.190288999951008,0.2500139999028761,0.06010300012349035,25.5533029999242,401408,17.231444000117335,0.1782019999154727,0.04070000022693421,3.3931480002138414,200704,0.591845999679208,0.13401100022747414,0.032702000225981465,0.0,100352
3,chain_5svc,7,94.26631799988172,74.20513800025219,20.06117999962953,2107392,4,26.213870999981737,0.3291190000709321,0.09720500020193867,62.46460600004866,602112,10.610326000005443,0.3903189999618917,0.04980199992132839,47.224739999819576,802816,16.458804000194505,0.29701599987674854,0.059002999932999955,27.128188999995473,401408,20.28538700005811,0.1788019999366952,0.04170000011072261,3.2880460003070766,200704,0.6367500000123982,0.14441099983741879,0.036002999877382535,0.0,100352
3,chain_5svc,8,92.57597499981784,72.83007800015184,19.745896999666,2107392,4,26.589993000015966,0.3240179999011161,0.18331000001126085,60.07157100020777,602112,15.204453000023932,0.49162499999511056,0.2002100000026985,40.45360400004938,802816,11.168207000082475,0.246514000082243,0.04200300008960767,25.911610000093788,401408,19.177370999841514,0.17730200033838628,0.04180099995210185,3.6854519998996693,200704,0.6900540001879563,0.13891099979446153,0.03610199973991257,0.0,100352
3,chain_5svc,9,97.34029699984603,76.64326599979177,20.697031000054267,2107392,4,28.67550900009519,0.3354189998390211,0.1919110000017099,62.835626999913075,602112,11.460067999905732,0.4107200002181344,0.20730999995066668,46.65961199998492,802816,10.510372000226198,0.255613999797788,0.04280199982531485,31.94363800002975,401408,25.219156999810366,0.19370200016055605,0.054601000101683894,3.6212509999131726,200704,0.7781599997542799,0.15901300002951757,0.04140400005780975,0.0,100352
3,chain_5svc,10,95.23184299996501,74.44619100033378,20.785651999631227,2107392,4,27.366935999907582,0.4949280000801082,0.10840599998118705,61.96377800006303,602112,11.041546999877028,0.41612099994381424,0.05920300009165658,46.19959000001472,802816,16.3312880004014,0.28681599997071316,0.05770400002802489,26.110421000339556,401408,19.051569000112067,0.17650300014793174,0.043400999857112765,3.436749000229611,200704,0.6548510000357055,0.14221099991118535,0.03710300006787293,0.0,100352
3,chain_5svc,11,103.69885999989492,80.15805400054887,23.54080599934605,2107392,4,26.943212000333006,0.33561899999767775,0.1875109996944957,68.1765260001157,602112,11.194355000043288,0.4133200000069337,0.08720400001038797,52.31789300023593,802816,15.763257999878988,0.2755149998847628,0.05220299999564304,32.84098699987226,401408,25.342358000216336,0.22850400000606896,0.052999999752501026,4.070557999966695,200704,0.9148710000772553,0.16181299997697352,0.04840400015382329,0.0,100352
3,chain_5svc,12,95.42224799997712,75.6526579993988,19.76959000057832,2107392,4,25.706441999773233,0.326819000292744,0.12420700022630626,63.971791000312805,602112,11.069647999647714,0.4403220000313013,0.058803000229090685,48.76831599995057,802816,11.855745000048046,0.2510129997972399,0.04200300008960767,33.39911800003392,401408,26.38727299972743,0.19680300010804785,0.05379999993238016,3.5759500001404376,200704,0.6335500002023764,0.138411000079941,0.038002999644959345,0.0,100352
3,chain_5svc,13,103.02224299994123,80.63658700029919,22.38565599964204,2107392,4,26.168468999912875,0.3249179999329499,0.18631100010679802,71.3000020000436,602112,11.248156999954517,0.44182200008435757,0.08570499994675629,55.8406670002114,802816,17.682961999980762,0.2750150001702423,0.09230499972545658,31.939838000198506,401408,24.92705200029377,0.19940299989684718,0.05060099965703557,3.283646999989287,200704,0.6099470001572627,0.1353110001218738,0.0328030000673607,0.0,100352
3,chain_5svc,14,102.08481900008337,81.5847990002112,20.500019999872165,2107392,4,26.036861000193312,0.32821799959492637,0.19041099994865363,70.21464100034791,602112,10.995045000072423,0.41192099979525665,0.06200300003911252,54.497801000252366,802816,17.970877999687218,0.2853159999176569,0.06890300028317142,32.84848700013754,401408,25.966267000057996,0.20640299999286071,0.05070099996373756,3.3495480001874967,200704,0.6157480002002558,0.13480999996318133,0.037602999782393454,0.0,100352
3,chain_5svc,15,97.76760799968542,77.25251399961053,20.515094000074896,2107392,4,26.03416100009781,0.33491899966975325,0.13640799988934305,65.62238300011813,602112,11.418565999974817,0.5102249997435138,0.08330400032718899,49.5288540000729,802816,16.83701599995402,0.28621599994949065,0.07070399988151621,29.104784000082873,401408,22.2343139998884,0.16810299985081656,0.03860000015265541,3.6269510001147864,200704,0.7284569996954815,0.1571120001244708,0.04290300012144144,0.0,100352
3,chain_5svc,16,93.57220100037011,73.4564929989574,20.115708001412713,2107392,4,26.261373999659554,0.32971800010273,0.12070700040567317,61.67276199994376,602112,12.204704999930982,0.499224000122922,0.06310299977485556,44.71771499993338,802816,16.734209999867744,0.2909160002673161,0.06010300012349035,24.350924999907875,401408,17.534147999867855,0.17010200008371612,0.03890000016326667,3.598250999857555,200704,0.7220559996312659,0.15541200036750524,0.03630300034274114,0.0,100352
3,chain_5svc,17,103.72996100022647,81.70872100026827,22.021239999958198,2107392,4,26.612593000209017,0.34781999966071453,0.18691100012802053,71.08298999992257,602112,12.435415999789257,0.39642000001549604,0.11030600035155658,53.77416399960566,802816,16.319488000135607,0.2853149999282323,0.060104000112914946,33.0404979999912,401408,25.537361000260717,0.17660299999988638,0.051900000016757986,4.116658000384632,200704,0.8038629998736724,0.1805140000215033,0.043203000132052694,0.0,100352
3,chain_5svc,18,90.074511000239,69.5825849998073,20.491926000431704,2107392,4,27.05721899974378,0.3332189999127877,0.13620700019600918,57.3489180001161,602112,10.467617999893264,0.41532100021868246,0.0556029999643215,42.21889200016449,802816,11.133305999919685,0.2731150002546201,0.045402000068861526,27.57860100018661,401408,20.194985000216548,0.17560199967192602,0.04280099983589025,3.697052999996231,200704,0.7294570000340173,0.1605119996384019,0.044703000185108976,0.0,100352
3,chain_5svc,19,108.75949000001128,87.9616730003363,20.79781699967498,2107392,4,30.469410000023345,0.35991999993711943,0.18141100008506328,72.43126499997743,602112,12.868337999861978,0.4034200001115096,0.05980300011287909,55.228535999958694,802816,18.587610999929893,0.25511400008326746,0.06230300004972378,32.607674000246334,401408,25.31705800038253,0.22520299989992054,0.05229999987932388,3.685851999762235,200704,0.7192560001385573,0.1533119998384791,0.03970399984609685,0.0,100352
3,chain_5svc,20,102.53773100021135,81.97375600047963,20.563974999731727,2107392,4,27.70255499990526,0.3614199999901757,0.21961199990983005,68.8936870001271,602112,11.644977000287327,0.39452000009987387,0.05860299961568671,52.80161599966959,802816,16.765413000030094,0.28961600037291646,0.061002999700576765,32.24085500005458,401408,25.140454999927897,0.1969029999600025,0.05060100011178292,3.605450999657478,200704,0.7203560003290477,0.1585119998708251,0.041603999761719024,0.0,100352
3,chain_5svc,21,96.06136399997922,74.37063499992291,21.690729000056308,2107392,4,28.459909000048356,0.3558200000952638,0.11160699978063349,61.027851999824634,602112,10.272308999901725,0.41031999990082113,0.05350300034479005,46.26619300006496,802816,11.607832000208873,0.2729149996412161,0.04510200005825027,29.99953300013658,401408,23.3332299999347,0.16290199982904596,0.053499999921768904,3.4491490000618796,200704,0.6973549998292583,0.15331200029322645,0.042303000100218924,0.0,100352
3,chain_5svc,22,109.69521399965743,86.30127600054038,23.393937999117043,2107392,4,27.833274000386155,0.3228189998480957,0.11230599966438604,74.373906999881,602112,15.911589000097592,0.477123999644391,0.06110300000727875,53.00412599990523,802816,16.70780900030877,0.28681599997071316,0.059702999806177104,32.5205700000879,401408,25.25425699968764,0.2031019998867123,0.05240100017545046,3.8434539997069805,200704,0.5943470000602247,0.1409110000167857,0.03640199975052383,0.0,100352
3,chain_5svc,23,103.70145999968372,81.86196200040285,21.839497999280866,2107392,4,27.729469000405516,0.32721799971113796,0.12180699968666886,69.69694300005358,602112,11.769184000058885,0.40881999984776485,0.057002000175998546,53.60995699993509,802816,16.563101999963692,0.27941500002270914,0.05930299994361121,32.2247540002536,401408,25.134054999853106,0.20080300009794882,0.054100999932416016,3.515849999985221,200704,0.6661520001216559,0.13130999968780088,0.040002999867283506,0.0,100352
3,chain_5svc,24,108.79799099984666,88.14036700050565,20.657623999341013,2107392,4,30.366418000085105,0.32321800017598434,0.2620149998620036,72.36499299960997,602112,14.336010000079114,0.42442099993422744,0.0587029999223887,53.24353900005008,802816,16.738010000153736,0.2818160000970238,0.05770400002802489,32.80438499996308,401408,25.900166000155878,0.19620300008682534,0.050800999815692194,3.6009509999530565,200704,0.7997630000318168,0.1378100000692939,0.04100300020581926,0.0,100352
3,chain_5svc,25,102.51122999989093,80.85252499995477,21.658704999936162,2107392,4,26.177081000241742,0.3307179999865184,0.12030700008835993,69.95805699989432,602112,11.913990000266494,0.41652099980638013,0.05750299987994367,53.399846000047546,802816,16.783112999746663,0.283915000181878,0.07020400016699568,33.07889999996405,401408,24.822550999942905,0.2002030000767263,0.05819999978484702,4.804768000212789,200704,1.155789999756962,0.23831900034565479,0.0473029999739083,0.0,100352
3,chain_5svc,26,100.3311740000754,78.72650899980727,21.60466500026814,2107392,4,26.28988800006482,0.3322180000395747,0.19471099994916585,67.83443699987401,602112,10.3499130000273,0.4601229998115741,0.07050300018818234,51.85397000013836,802816,16.774513000200386,0.28561599992826814,0.05910299978495459,31.602518999989115,401408,24.717048999718827,0.2061030004369968,0.05180100015422795,3.5403500000938948,200704,0.5951459997959319,0.13241000033303862,0.03530300000420539,0.0,100352
3,chain_5svc,27,108.64348699988113,88.21469500026069,20.428791999620444,2107392,4,29.921392999767704,0.32951800039882073,0.20281100023566978,72.3658929996418,602112,16.279907000352978,0.5567270000028657,0.0670029999128019,51.78146599973843,802816,16.456695000215404,0.3239180000491615,0.06750400007149437,31.699425000169867,401408,24.941652000052272,0.20150299997112597,0.051901000006182585,3.430247999858693,200704,0.6150479998723313,0.13581100029114168,0.03660299989860505,0.0,100352
3,chain_5svc,28,101.86061300009897,81.57799999935378,20.282613000745187,2107392,4,27.451952999854257,0.3693210001074476,0.15010800007075886,68.92299800028923,602112,10.890439999911905,0.6056299998817849,0.05930299994361121,53.560354000183,802816,16.310987999986537,0.28361500017126673,0.07090400004017283,33.336013999814895,401408,26.314171999729297,0.19350299999132403,0.05430100009107264,3.4870489998866105,200704,0.6104469998717832,0.1346109997939493,0.036003000332129886,0.0,100352
3,chain_5svc,29,98.65183000010802,78.2600389993604,20.391791000747617,2107392,4,28.39490599990313,0.33571900030437973,0.16241000002992223,64.46664599980068,602112,10.62132599963661,0.4411220002111804,0.07410400030494202,48.6019079999096,802816,12.833098000101018,0.2462129996274598,0.04500300019572023,32.1027459999641,401408,25.84516499973688,0.1913030000650906,0.05340100005923887,3.0397430000448367,200704,0.5655439999827649,0.12341000001470093,0.03250200006732484,0.0,100352
3,chain_5svc,30,94.37032100004217,75.1119909996305,19.25833000041166,2107392,4,28.09818900004757,0.32311899985870696,0.13480799998433213,60.85964299973057,602112,9.956493000117916,0.432421999903454,0.05360300019674469,46.71221499984313,802816,11.068402999626414,0.25521300040054484,0.04350200015323935,32.10084600004848,401408,25.376957999924343,0.1919030000863131,0.058400999932928244,3.4141490000365593,200704,0.6119479999142641,0.12480999976105522,0.03510300030029612,0.0,100352
3,chain_5svc,31,91.0576360001869,70.17064000046958,20.88699599971733,2107392,4,27.066030999776558,0.3289190003670228,0.12930699995195027,57.656060999761394,602112,9.888790000331937,0.475923999601946,0.05340200004866347,43.19294000015361,802816,15.09112100029597,0.255613999797788,0.05910399977437919,24.22761800016815,401408,17.46734700009256,0.1734019997456926,0.05430100009107264,3.3238470000469533,200704,0.6573509999725502,0.14131100033409894,0.03680299960251432,0.0,100352
3,chain_5svc,32,96.30687000026228,75.68452899931799,20.62234100094429,2107392,4,26.90872199991645,0.33001900010276586,0.1361069998893072,63.92571600008523,602112,11.827185999663925,0.852142000439926,0.06010300012349035,47.2977429999446,802816,11.430021999785822,0.23431299996445887,0.04460199988898239,32.025342999986606,401408,24.911151999731374,0.20250200032023713,0.05450100024972926,3.8050530001783045,200704,0.607447000220418,0.1288099997509562,0.03430299966566963,0.0,100352
3,chain_5svc,33,108.41048099973705,87.68856499955291,20.721916000184137,2107392,4,29.084245999911218,0.33141799985969556,0.18150999994759331,73.50895799982027,602112,15.439164999861532,0.40321999995285296,0.06470300013461383,53.675160000238975,802816,17.512352999801806,0.30431699997279793,0.05850300021847943,31.73822700000528,401408,25.045653999768547,0.20110300010856008,0.06230100007087458,3.4608490000209713,200704,0.6071470002098067,0.13651099970957148,0.03540299985616002,0.0,100352
3,chain_5svc,34,104.35347699967679,83.79022600047392,20.563250999202864,2107392,4,29.125146999831486,0.319217999731336,0.22961300010138075,69.73174499989909,602112,12.185603000034462,0.5059249997430015,0.06330399992293678,52.75601399989682,802816,15.840362000290042,0.27891499985344126,0.04460299987840699,33.00969699967027,401408,26.0518680001951,0.2048030000878498,0.053200999900582246,3.462848999788548,200704,0.5872460001228319,0.1298099996347446,0.03410199997233576,0.0,100352
3,chain_5svc,35,110.4091319998588,79.13043800044761,31.27869399941119,2107392,4,28.054587000042375,0.3195179997419473,0.19701100018210127,75.09994800011555,602112,11.790384000050835,0.4856240002482082,0.121505999686633,50.342794000243885,802816,13.78785000042626,0.2771149997897737,0.05930299994361121,32.609175000288815,401408,24.608147999970242,0.20360300004540477,0.04980000039722654,4.605765000178508,200704,0.8894689999578986,0.16181299997697352,0.7233559999804129,0.0,100352
3,chain_5svc,36,97.64590499980841,77.45794399988881,20.187960999919596,2107392,4,27.90617900018333,0.32271800000671647,0.13260699961392675,63.83161099984136,602112,11.11254999977973,0.43822200041176984,0.05910300023970194,48.104383000008966,802816,12.989107000066724,0.27781499966295087,0.0449030003437656,31.368006999855425,401408,24.698248999811767,0.1986030001717154,0.050999999984924216,3.690852000090672,200704,0.7518590000472614,0.16521299994565197,0.04220299979351694,0.0,100352
3,chain_5svc,37,100.38607499973295,79.74125200053095,20.644822999202006,2107392,4,27.08983200000148,0.32621899981677416,0.12230699985593674,67.4336150000272,602112,10.203706000083912,0.4087199999958102,0.07070299989209161,52.76151399993978,802816,16.517399000349542,0.27991499973722966,0.059002999932999955,32.42736499987586,401408,25.161955999919883,0.20050200009791297,0.05200099985813722,3.8079539999671397,200704,0.7683590001761331,0.15671299979658215,0.035603000014816644,0.0,100352
3,chain_5svc,38,101.70791000018653,79.81261499980974,21.89529500037679,2107392,4,26.894821000041702,0.3322190000289993,0.13650800019604503,67.30910699980086,602112,12.720129999706842,0.4700230001617456,0.0542030002179672,50.04187999975329,802816,13.853653999831295,0.23501299983763602,0.07480400017811917,32.68337800000154,401408,25.751564000074723,0.1903030001813022,0.05129999999553547,3.361046999998507,200704,0.5924460001551779,0.1371099997413694,0.036702999750559684,0.0,100352
3,chain_5svc,39,103.4100529996067,82.28444999986095,21.12560299974575,2107392,4,27.461453000341862,0.3253189997849404,0.10040600000138511,70.42168299994955,602112,11.344961999839143,0.41102000022874563,0.0566029998481099,54.11378100006914,802816,16.747311000017362,0.28581600008692476,0.06260400004975963,33.54882599978737,401408,25.991966999754368,0.1934030001393694,0.05340100005923887,3.826654000022245,200704,0.7387569999082189,0.16841300021042116,0.040902999899117276,0.0,100352
3,chain_5svc,40,106.25952600003075,85.07911899960163,21.180407000429113,2107392,4,28.233796999757033,0.3345190002619347,0.1758100002007268,71.974071999648,602112,14.064096999845788,0.4017199998997967,0.06270299991228967,53.59835600029328,802816,16.95502199982002,0.2870160001293698,0.05960399994364707,32.58697299997948,401408,25.2180560000852,0.19720299997061375,0.051200999678258086,3.7976540002091497,200704,0.6081470000935951,0.13831099977323902,0.08350699999937206,0.0,100352
3,chain_5svc,41,99.71355800007586,79.44323700030509,20.270320999770775,2107392,4,25.521542999740632,0.3323190003357013,0.18601100009618676,68.62418199989406,602112,11.317161000079068,0.5225260001679999,0.06030299982739962,52.84651900001336,802816,17.097730000386946,0.2921159998550138,0.057002999710675795,31.786530000317725,401408,24.829051000324398,0.20180299998173723,0.05229999987932388,3.5497500002747984,200704,0.6777519997740455,0.14991199986980064,0.036003000332129886,0.0,100352
3,chain_5svc,42,102.36262599983093,80.53078200009622,21.8318439997347,2107392,4,26.430094999795983,0.33081899982789764,0.12890700008938438,70.25437400034207,602112,11.176554000030592,0.4590229996210837,0.07120300006135949,53.66555899990999,802816,16.87741800014919,0.2996160001202952,0.06340399977489142,32.823886000187485,401408,25.322158000108175,0.1985029998650134,0.05400099962571403,3.855253999972774,200704,0.7245570000122825,0.16171200013559428,0.0421029999415623,0.0,100352
3,chain_5svc,43,104.19957300018723,83.86985499964794,20.329718000539287,2107392,4,26.34609000006094,0.33271900019826717,0.18861099988498609,72.20578500027841,602112,15.056845999879442,0.40272000023833243,0.06400299980668933,52.7867150003658,802816,16.81671500000448,0.2915159998337913,0.06180400032462785,31.923237000228255,401408,25.000853999699757,0.1976020002985024,0.052400000186025864,3.6750520002897247,200704,0.6493500000033237,0.1374110001961526,0.03820299980361597,0.0,100352
3,chain_5svc,44,101.6794080001091,81.07971200115571,20.599695998953393,2107392,4,26.375991999884718,0.32421900004919735,0.14530799990097876,69.53453300002366,602112,10.176804000366246,0.4022199996143172,0.05420199977379525,55.189934999816614,802816,18.392601000414288,0.3124169998045545,0.09070499982044566,32.541771000069275,401408,25.41315900043628,0.201402999664424,0.05530099997486104,4.083257000274898,200704,0.7211560000541795,0.1585119998708251,0.04220299979351694,0.0,100352
3,chain_5svc,45,104.70988699989903,84.07913999963057,20.630747000268457,2107392,4,26.587803999973403,0.33031899965862976,0.1256070004274079,71.92926900006569,602112,13.787282000066625,0.4024199997729738,0.059002999932999955,53.768962000049214,802816,16.974723999737762,0.3071169999202539,0.07940400018924265,32.86108800011789,401408,25.90236600008211,0.22420300001613214,0.05130099998496007,3.6743519999618,200704,0.826963999770669,0.16481300008308608,0.044504000015876954,0.0,100352
3,chain_5svc,46,103.87456500029657,83.28630800042447,20.5882569998721,2107392,4,26.157380000313424,0.3546200000528188,0.11510599961184198,71.98777199982942,602112,16.751229999954376,0.40981999973155325,0.07090300005074823,50.78661400011697,802816,14.526890000070125,0.2896159999181691,0.0697039999977278,32.39806300007331,401408,25.18705600004978,0.20230299969625776,0.05290099988997099,3.63695199985159,200704,0.6637520000367658,0.15041200003906852,0.03820299980361597,0.0,100352
3,chain_5svc,47,104.25277500007724,84.25528400039184,19.997490999685397,2107392,4,27.029128999856766,0.3278180001871078,0.19221100001232116,71.8022609999025,602112,10.922141000264673,0.40721999994275393,0.05820199976369622,56.536198999765475,802816,20.266503000129887,0.30281699991974165,0.06260299960558768,32.38016200020866,401408,25.36505899979602,0.19840200002363417,0.050801000270439545,3.482049000012921,200704,0.6724520003444923,0.15361199984909035,0.033302999781881226,0.0,100352
3,chain_5svc,48,109.20970200004376,83.71075500008374,25.498946999960026,2107392,4,29.31505800006562,0.3274189998592192,0.17461000015828176,74.16659499995149,602112,10.344511999846873,0.5238260000623995,0.06340300024021417,55.592151999917405,802816,17.717264000111754,0.4404239998621051,0.06300399991232553,33.12150200008546,401408,25.57756199985306,0.19100300005447934,0.052400000186025864,3.907454999989568,200704,0.7563590002064302,0.1622129998395394,0.041602999772294424,0.0,100352
3,chain_5svc,49,101.97791600012351,80.17357300013828,21.804342999985238,2107392,4,26.37849200027631,0.328518000060285,0.11710699982359074,69.67434099988168,602112,10.879638000005798,0.477223999951093,0.053202999879431445,53.932468999846606,802816,17.35344400003669,0.31441700002687867,0.07710399995630723,32.432765000066865,401408,24.966651999875467,0.19030299972655484,0.05070100041848491,3.7122520002412784,200704,0.5953469999440131,0.13340999976207968,0.04030299987789476,0.0,100352
3,chain_5svc,50,105.1865579997866,82.84340799946222,22.343150000324385,2107392,4,26.81161600003179,0.33241899973290856,0.11450700003479142,72.00987300029738,602112,13.276157999825955,0.5663280003318505,0.06710300021950388,54.08477800028777,802816,16.954022999925655,0.3283180003563757,0.06410300011339132,32.83728699989297,401408,25.07515399975091,0.20410300021467265,0.058801000250241486,3.9246550004463643,200704,0.7264569999279047,0.16001200037862873,0.043602999994618585,0.0,100352
3,chain_5svc,51,93.77740600029938,74.21116599971356,19.56624000058582,2107392,4,28.994539999985136,0.3218179999748827,0.17561000004207017,59.132045000296785,602112,10.44641699991189,0.4040200001327321,0.05670299970006454,44.33639499984565,802816,16.78371399975731,0.3148170003441919,0.0691029999870807,23.52947999997923,401408,17.331845000171597,0.16090200006146915,0.03910099985660054,3.103943999576586,200704,0.6546499998876243,0.13181099984649336,0.03510300030029612,0.0,100352
3,chain_5svc,52,107.19650700002603,83.41162499937127,23.78488200065476,2107392,4,29.163649999645713,0.37162100034038303,0.12210600016260287,69.67404099987107,602112,10.92704099983166,0.4538220000540605,0.0646030002826592,54.04877499995564,802816,16.9552229999681,0.32041699978435645,0.06050299998605624,32.8022849998888,401408,25.75576400022328,0.19090199975835276,0.052100999710091855,3.570850999949471,200704,0.6099469997025153,0.1357109999844397,0.0359030000254279,0.0,100352
3,chain_5svc,53,101.43122099998436,80.60317399986161,20.82804700012275,2107392,4,26.999426999736897,0.323318000027939,0.11780700015151524,68.7961919998088,602112,10.262708000027487,0.4035199999634642,0.3245160000915348,54.04857499979698,802816,16.934921000029135,0.3031169999303529,0.061503000324591994,32.80108499984635,401408,25.67516199997044,0.19850300031976076,0.05220100001679384,3.7722529996244702,200704,0.7309560000976489,0.16191299982892815,0.04140400005780975,0.0,100352
3,chain_5svc,54,105.12747599977956,83.18198100005247,21.94549499972709,2107392,4,27.296344000205863,0.3628209997259546,0.1886099998955615,71.66595299986511,602112,12.070797999967908,0.5018249999011459,0.057202999869332416,54.713608999918506,802816,16.927321999901324,0.31431700017492403,0.06110300000727875,33.68133300000409,401408,26.291471000149613,0.18840299981093267,0.05090099966764683,3.5609510000540467,200704,0.5960459998277656,0.13401100022747414,0.036703000205307035,0.0,100352
3,chain_5svc,55,105.59328399995138,83.67497899962473,21.918305000326654,2107392,4,28.39840699971319,0.3256180002608744,0.1843100003497966,71.39453899981163,602112,12.236104999828967,0.4725240000880149,0.0884050000422576,54.22918500016749,802816,17.221436999989237,0.3085170001213555,0.06540399999721558,32.862787999874854,401408,24.79815000015151,0.19140299991704524,0.051200999678258086,4.340861999935441,200704,1.020879999941826,0.16721300016797613,0.05060400008005672,0.0,100352
3,chain_5svc,56,102.12303099979181,80.99079700014045,21.132233999651362,2107392,4,26.307787999940047,0.33832000008260366,0.18541000008553965,69.68624199998885,602112,11.617975999797636,0.40892000015446683,0.08380400004170951,53.572152000015194,802816,17.01902600007088,0.3143169997201767,0.06520299984913436,32.34806099999332,401408,25.427259000025515,0.1919030000863131,0.052101000164839206,3.4519490000093356,200704,0.6187480003063683,0.1402109996888612,0.03540199986673542,0.0,100352
3,chain_5svc,57,106.34819500000958,82.63247700006104,23.715717999948538,2107392,4,27.45395300007658,0.3376190002200019,0.18761000001177308,71.93016899964277,602112,11.827584999991814,0.48542400008955155,0.060802999996667495,55.377541999860114,802816,17.12533199997779,0.31381700000565615,0.06380400009220466,33.47572199982096,401408,25.64386199992441,0.1948029998857237,0.056401000165351434,3.239145999941684,200704,0.58174500009045,0.13180999985706876,0.032902999919315334,0.0,100352
3,chain_5svc,58,102.03903000001446,80.41707000074894,21.621959999265528,2107392,4,26.689209999858576,0.324518000070384,0.18501000022297376,69.00850300007733,602112,10.680928000056156,0.4124209999645245,0.06130299971118802,53.999072999886266,802816,16.812115000448102,0.3124169998045545,0.06290399960562354,33.27951099981874,401408,25.50476000033086,0.19390299985388992,0.051000999974348815,3.961156000059418,200704,0.7300570000552398,0.16441299976577284,0.041203000364475884,0.0,100352
3,chain_5svc,59,97.98446899958435,77.79780999999275,20.1866589995916,2107392,4,28.258499000003212,0.32371799989050487,0.11150599993925425,63.846111000202654,602112,11.455966999619704,0.41102000022874563,0.056103000133589376,48.13088199989579,802816,16.381091000312153,0.28511599975900026,0.05850399975315668,27.884616999926948,401408,20.973196999875654,0.1731020001898287,0.05809999993289239,3.6699520001093333,200704,0.7290560001820268,0.16291299971271656,0.04080400003658724,0.0,100352
3,chain_5svc,60,101.43332100005864,80.56659099929675,20.86673000076189,2107392,4,27.3980499996469,0.33211800018762005,0.17711000009512645,68.30266299994037,602112,10.756532999948831,0.46772299992881017,0.06540300000779098,52.50179900031071,802816,16.349989999980608,0.2793150001707545,0.05740300002798904,32.4581660001968,401408,25.264355999752297,0.23230400029206066,0.0563010003133968,3.9069549998203,200704,0.7976619999681134,0.1670130000093195,0.0473029999739083,0.0,100352
3,chain_5svc,61,103.54485299967564,82.71760100069514,20.8272519989805,2107392,4,28.15169200039236,0.33121899969046353,0.13450799997372087,69.5125319998624,602112,11.84938599999441,0.4793240000253718,0.07450399971276056,52.985224000167364,802816,16.737011000259372,0.29091599981256877,0.05820299975312082,32.27305600012187,401408,25.26755700000649,0.2127030002156971,0.05800100007036235,3.648652000265429,200704,0.7119550000425079,0.15311199967982247,0.03880300027958583,0.0,100352
3,chain_5svc,62,111.93527800014635,89.79853399932836,22.136744000818,2107392,4,28.184993999730068,0.35812000032819924,0.18631100010679802,76.81034400002318,602112,10.339311999814527,0.4214209998281149,0.05840299991177744,61.63305100017169,802816,16.20468200007963,0.28311500000199885,0.05820299975312082,41.87967899997602,401408,34.2800849998639,0.2557030002208194,0.08280100018964731,3.6998519999542623,200704,0.7894609998402302,0.16041300023061922,0.04100400019524386,0.0,100352
3,chain_5svc,63,96.62134900008823,74.25444899990907,22.366900000179157,2107392,4,27.613561999714875,0.34251900024173665,0.17591000005268143,63.15987200014206,602112,10.921739999957936,1.7798880003283557,0.07780399982948438,45.79586699992433,802816,17.133532000116247,0.2938160000667267,0.0763039997764281,24.452629999814235,401408,17.76505099996939,0.16460200004075887,0.039600000036443816,3.6987520002185192,200704,0.8205640001506254,0.16111299964904902,0.0411030000577739,0.0,100352
3,chain_5svc,64,93.76340600010735,73.04248500031463,20.720920999792725,2107392,4,26.844318000257772,0.3259179998167383,0.17790999982025824,61.34496999993644,602112,11.704580000241549,0.44582200007425854,0.06000299981678836,44.70051299995248,802816,16.380792000290967,0.2896159999181691,0.05930299994361121,24.10741199992117,401408,17.49644699975761,0.15940200000841287,0.04040100020574755,3.237945999899239,200704,0.6163479997667309,0.14731100009157672,0.035603000014816644,0.0,100352
3,chain_5svc,65,104.64796900032525,83.518045999881,21.12992300044425,2107392,4,30.317815000216797,0.44912600014868076,0.12450699978217017,67.6756280004156,602112,10.251007000078971,0.43562200016822317,0.06110300000727875,52.872816999752104,802816,16.675307000241446,0.2850159999070456,0.061003999690001365,32.62417499990988,401408,25.551860999712517,0.206902000172704,0.05050100025982829,3.8171539999893866,200704,0.7220559996312659,0.15481200034628273,0.044304000311967684,0.0,100352
3,chain_5svc,66,108.93463399997927,82.63469500025167,26.2999389997276,2107392,4,28.7057239997921,0.324518000070384,0.33461900011388934,74.26670099994226,602112,11.47556900014024,0.46862299996064394,0.09340399992652237,58.14877900002102,802816,16.45149500018306,0.29341599974941346,0.07000400000833906,37.698051999996096,401408,25.39075899994714,0.2023020001615805,0.05180100015422795,8.929526999963855,200704,0.6111480001891323,0.14131099987935158,0.03720299991982756,0.0,100352
3,chain_5svc,67,110.67365999997492,85.34971799963387,25.32394200034105,2107392,4,31.528483999863965,0.3338179999445856,0.1353080001536,71.77446000014243,602112,9.677478999947198,0.3996199998255179,0.05720300032407977,53.74776100006784,802816,17.16573400017296,0.3021160000571399,0.06330399992293678,32.93479300009494,401408,26.357371999893076,0.20160300027782796,0.05090100012239418,3.2490449998476834,200704,0.6206489997566678,0.13551000029110583,0.03730300022652955,0.0,100352
3,chain_5svc,68,108.24502300010863,87.01512499965247,21.22989800045616,2107392,4,30.90094799972576,0.3286189999016642,0.1791100003174506,71.24253000029057,602112,13.147450999895227,0.5159249999451276,0.07050300018818234,53.50884900008168,802816,16.712709999865183,0.29041600009804824,0.07550400005129632,32.936993000021175,401408,25.556561000030342,0.20390300005601603,0.05150099968886934,3.876954999668669,200704,0.6974550001359603,0.15281199966921122,0.0390029999834951,0.0,100352
3,chain_5svc,69,104.55896800021947,83.71316499960813,20.84580300061134,2107392,4,29.23655399990821,0.3224179999961052,0.12000700007774867,69.30972000009206,602112,11.603374000060285,0.4815239999516052,0.060102999668742996,53.072927000357595,802816,16.938421999839193,0.2932160000455042,0.06310300022960291,32.5822730001164,401408,25.1783560001968,0.2010029998018581,0.050799999826267594,3.9380550001624215,200704,0.7564589996036375,0.16101300025184173,0.04100300020581926,0.0,100352
3,chain_5svc,70,108.21302299973468,87.53926699955628,20.6737560001784,2107392,4,36.40895999978966,0.3324190001876559,0.18111000008502742,65.84732400006033,602112,15.932987999804027,0.4832240001633181,0.059703000260924455,45.037430000320455,802816,14.323279000109324,0.2536140000302112,0.0594030002503132,27.013070000066364,401408,20.170184999642515,0.17220200015799492,0.0411010000789247,3.5076499998467625,200704,0.7038550002107513,0.155012000050192,0.0414029996136378,0.0,100352
3,chain_5svc,71,100.04270000035831,79.53002900057982,20.512670999778493,2107392,4,28.74102599980688,0.33481900027254596,0.12900699994133902,65.47290299977249,602112,12.875438000264694,0.5358260000321025,0.10860499969567172,47.78276500019274,802816,12.004553000224405,0.24761399981798604,0.042501999814703595,32.08744599987767,401408,25.186055000176566,0.20320299972809153,0.053900999773759395,3.9131549997364345,200704,0.7229570001072716,0.16481199963891413,0.042702999962784816,0.0,100352
3,chain_5svc,72,109.79024700009177,86.35789900017699,23.432347999914782,2107392,4,30.947350999667833,0.32801800034576445,0.1332070000898966,72.96432700013611,602112,11.630676000095264,0.4799230000571697,0.06370299979607807,56.67650599980334,802816,17.555155000081868,0.28931599990755785,0.13800799979435396,32.91169100020852,401408,25.489760000255046,0.20650299984481535,0.052801000038016355,3.8232540000535664,200704,0.7349570000769745,0.2577200002633617,0.04280399980416405,0.0,100352
3,chain_5svc,73,103.59855399974549,82.60652899980414,20.99202499994135,2107392,4,26.412493999941944,0.5980340001769946,0.1274070000363281,70.47618700016756,602112,10.723931000029552,0.46722300021428964,0.060102999668742996,55.5290489996878,802816,17.641359999743145,0.29931600010968396,0.07450400016750791,34.34396900001957,401408,27.05038300018714,0.23450299977412215,0.05030000011174707,3.678852000120969,200704,0.7783609999023611,0.1598120002199721,0.041602999772294424,0.0,100352
3,chain_5svc,74,102.7828410001348,80.83300999896892,21.949831001165876,2107392,4,26.92942299972856,0.3323189998809539,0.14410800031328108,70.06876400009787,602112,11.738480999611056,0.49542500028110226,0.06290300007094629,52.48979899988626,802816,16.48939699998664,0.2995159998135932,0.056803000006766524,32.25175599982322,401408,24.95705299998008,0.20900199979223544,0.05130099998496007,3.833453999959602,200704,0.7186559996625874,0.16181299997697352,0.04080300004716264,0.0,100352
3,chain_5svc,75,103.19014800006698,82.63709899938476,20.553049000682222,2107392,4,26.73451299961016,0.33421800026189885,0.1306070003010973,70.64829699993425,602112,13.670476999777748,0.3957200001423189,0.09390400009579025,52.65410599986353,802816,16.533999999865046,0.29351600005611544,0.07190399992396124,32.054144000085216,401408,24.975353000172618,0.19760299983317964,0.050799999826267594,3.6400510002749797,200704,0.7227559999591904,0.16171299967027153,0.0411030000577739,0.0,100352
3,chain_5svc,76,105.12357700008579,83.30403300078615,21.81954399929964,2107392,4,27.744869000343897,0.35942099975727615,0.1163069996437116,70.68329799994899,602112,11.261458000262792,0.4172199996901327,0.0566029998481099,54.630605000056676,802816,18.373200000041834,0.333718000092631,0.08240499983003247,32.56107200013503,401408,25.31115800002226,0.19080299989582272,0.05220100001679384,3.8403539997489133,200704,0.6133480001153657,0.13760999991063727,0.03480299983493751,0.0,100352
3,chain_5svc,77,105.7527860002665,85.30305800059068,20.449727999675815,2107392,4,26.906022000275698,0.32041799977378105,0.1857110000855755,73.02663100017526,602112,11.457468000116933,0.4375209996396734,0.07060300004013698,57.28063500009739,802816,21.305359000052704,0.25701399999888963,0.05780399987997953,32.45726700015439,401408,24.89475200036395,0.1916029996209545,0.050999999984924216,4.023356999823591,200704,0.739456999781396,0.16201300013563014,0.04220400023768889,0.0,100352
3,chain_5svc,78,102.35413500004142,81.3672439999209,20.986891000120522,2107392,4,27.020527999866317,0.35182000010536285,0.20391199996083742,69.50213200025246,602112,11.619975000030536,0.44742199997926946,0.05760299973189831,53.22313499982556,802816,17.162334000204282,0.28991599992878037,0.07160399991334998,32.0947459999843,401408,24.82994999991206,0.20430299991858192,0.051201000133005437,3.7787530000059633,200704,0.7344569999077066,0.1602130000719626,0.04130299976168317,0.0,100352
3,chain_5svc,79,101.97592900021846,79.35633900024186,22.619589999976597,2107392,4,26.6607080002359,0.3374190000613453,0.1471089999540709,69.69834300025468,602112,10.442516999773943,0.40682000008018804,0.05180300013307715,54.56020099973102,802816,16.520399000000907,0.285115000224323,0.060303999816824216,32.41256399996928,401408,24.94225300006292,0.2031029998761369,0.05180000016480335,3.642351000053168,200704,0.7904620001681906,0.16191299982892815,0.05440399991130107,0.0,100352
3,chain_5svc,80,102.36203500016927,81.23112200019023,21.130912999979046,2107392,4,26.612704999934067,0.32931899977484136,0.19021100024474435,69.90685500022664,602112,10.925641000085307,0.45142199996917043,0.05600299982688739,54.09777899967594,802816,17.52895300023738,0.2890159998969466,0.05960399994364707,32.50276800008578,401408,25.31705699993836,0.23350399987975834,0.051201000133005437,3.666951000013796,200704,0.8467659999951138,0.16111300010379637,0.04900399972029845,0.0,100352
3,chain_5svc,81,100.96291399986512,78.28416499933155,22.67874900053357,2107392,4,26.39419299975998,0.33211900017704465,0.19111100027657812,68.56677799987665,602112,10.301909999725467,0.48752400016383035,0.054803000239189714,53.535451000243484,802816,15.599749000102747,0.28031499959979556,0.06580400031452882,34.513278000304126,401408,25.273256999753357,0.20880300007775077,0.05200099985813722,3.9026550002745353,200704,0.7150559999899997,0.16041199978644727,0.04120299990972853,0.0,100352
3,chain_5svc,82,96.30094400017697,74.37625600005049,21.92468800012648,2107392,4,26.05047299994112,0.3240180003558635,0.19281100003354368,62.74724900004003,602112,11.188554000000295,0.4684229998019873,0.06180300033520325,46.94152299998677,802816,11.166907000188075,0.25591399980839924,0.04400299985718448,32.043244000306004,401408,25.086954000016704,0.19420299986450118,0.050800999815692194,3.8044529997023346,200704,0.8833679999042943,0.15951300019878545,0.04100400019524386,0.0,100352
3,chain_5svc,83,95.28512900033093,74.40389699968364,20.881232000647287,2107392,4,26.351689999955852,0.33291899990217644,0.12030700008835993,62.91365900005985,602112,12.367412000003242,0.48532399978284957,0.05140300027051126,45.96647599964854,802816,15.861662999668624,0.2851160002137476,0.05740300002798904,26.10502000015913,401408,19.00746799992703,0.17430299976695096,0.041001000226970064,3.87065499990058,200704,0.8156640001288906,0.3110239999841724,0.050503999773354735,0.0,100352
3,chain_5svc,84,97.34886000023835,76.4726200000041,20.876240000234247,2107392,4,27.363047000108054,0.32351899972127285,0.12920800008942024,64.13102800024717,602112,12.208403999920847,0.538626999968983,0.05550300011236686,46.91712199974063,802816,12.336470999798621,0.28161499994894257,0.04500300019572023,30.82107799991718,401408,23.764436000419664,0.1674019999882148,0.041199999941454735,3.8967549999142648,200704,0.8002619997569127,0.16461299992442946,0.045404000047710724,0.0,100352
3,chain_5svc,85,106.75020100006805,85.50825399970563,21.241947000362416,2107392,4,29.130647999863868,0.3283190003458003,0.12020599979223334,71.3725370001157,602112,16.43151400003262,0.5255259998193651,0.08210399982999661,50.083479000022635,802816,16.930622000018047,0.29911599995102733,0.060802999996667495,29.180087999975513,401408,22.30281499987541,0.17070300009436323,0.05340000006981427,3.7531530001615465,200704,0.712654999915685,0.15951200020936085,0.03940399983548559,0.0,100352
3,chain_5svc,86,102.41583500010165,81.49555499949201,20.920280000609637,2107392,4,27.499955000166665,0.35762100014835596,0.10480599985385197,68.84999400017477,602112,10.817335999945499,0.40721999994275393,0.060802999996667495,53.26303700030621,802816,16.307037999922613,0.2865149999706773,0.0587029999223887,33.41991800016331,401408,26.146768999751657,0.20450300007723854,0.05200100031288457,3.7566529999821796,200704,0.7244569997055805,0.16281200032608467,0.042303000100218924,0.0,100352
3,chain_5svc,87,105.87787400027082,85.46188999980586,20.41598400046496,2107392,4,29.666378000001714,0.33201799988091807,0.1270080001631868,70.5595910003467,602112,10.435416999825975,0.4208210002616397,0.06610300033571548,55.52634900004705,802816,18.97077499961597,0.2888150002036127,0.07340400043176487,32.943592999799876,401408,25.658163000116474,0.1934020001499448,0.051000999974348815,3.950755999994726,200704,0.7311570002457302,0.16261300015685265,0.04190299978290568,0.0,100352
3,chain_5svc,88,105.53806500001883,81.6267340005652,23.91133099945364,2107392,4,26.404594000268844,0.34972000003108406,0.18541000008553965,70.67039699995803,602112,13.5452700001224,0.47382399998241453,0.059702999806177104,51.940171999831364,802816,16.85736600029486,0.28991499993935577,0.06760399992344901,31.496718999733275,401408,23.98443899983249,0.16050300018832786,0.05529999998543644,4.1988590000983095,200704,0.8350650000465976,0.15581199977532378,0.048304000301868655,0.0,100352
3,chain_5svc,89,101.52706400003808,76.4428090005822,25.08425499945588,2107392,4,27.627661999758857,0.36842100007561385,0.17981000019062776,68.11155300010796,602112,10.321511000256578,0.4714229999080999,0.05620299998554401,53.04412599980424,802816,12.182426000435953,0.2900149997913104,0.06940299999769195,32.53357199992024,401408,25.705063000259543,0.1937029996952333,0.05640099971060408,3.4451490000719787,200704,0.606146999871271,0.14041100030226517,0.035803000173473265,0.0,100352
3,chain_5svc,90,99.38310999996247,79.10767999965174,20.275430000310735,2107392,4,26.404893999824708,0.3272180001658853,0.21901199988860753,67.33520900024814,602112,10.549921999881917,0.41052100004890235,0.05870300037713605,52.37969299969336,802816,16.703557999790064,0.29881500040573883,0.07000400000833906,31.967042999895057,401408,24.714448999930028,0.19140299991704524,0.05070099996373756,3.7941529999443446,200704,0.7348570002250199,0.1622129998395394,0.04220299979351694,0.0,100352
3,chain_5svc,91,115.73662299997522,95.07022900015727,20.666393999817956,2107392,4,35.85562799980835,0.3557200002433092,0.18841100018107682,74.2000969999026,602112,10.113701000136643,0.4107200002181344,0.06040299967935425,59.4617440001457,802816,23.057684999912453,0.30281599993031705,0.07430400000885129,32.52957199993034,401408,25.308058000064193,0.1958029997695121,0.05270000019663712,3.809853999882762,200704,0.7351570002356311,0.16621299982944038,0.042902999666694086,0.0,100352
3,chain_5svc,92,99.81001999994987,78.39772499983155,21.41229500011832,2107392,4,26.072675000250456,0.33561899999767775,0.13580699987869593,67.75833200026682,602112,10.667828999885387,0.409620000027644,0.10210500022367341,52.30868999979066,802816,15.61300299999857,0.2848139997695398,0.056103000133589376,32.766084000286355,401408,25.261756999952922,0.21220300004642922,0.05430100009107264,4.197758999907819,200704,0.7824609997442167,0.16721300016797613,0.04290300012144144,0.0,100352
3,chain_5svc,93,92.95044700002109,72.57158400034314,20.37886299967795,2107392,4,26.111576999937824,0.3198180002073059,0.13180799987821956,61.22426299998551,602112,11.792184000114503,0.4445219997251115,0.0711039997440821,44.848920999811526,802816,15.775810000377533,0.28661499982263194,0.05510299979505362,24.765272999957233,401408,18.17415699997582,0.17070200010493863,0.03859999969790806,3.47564899993813,200704,0.7178559999374556,0.16441299976577284,0.04210300039630965,0.0,100352
3,chain_5svc,94,99.19190499977049,78.8060210002186,20.38588399955188,2107392,4,27.13513500020781,0.3316190000077768,0.11990699977104669,66.07233700015058,602112,10.888938999869424,0.41722100013430463,0.06020299997544498,50.73171200001525,802816,16.792963000170857,0.29601500000353553,0.05800300004921155,30.056444999900123,401408,23.28002900003412,0.17490199979874888,0.05230100032349583,3.463248999651114,200704,0.7089549999363953,0.1592120001987496,0.040902999899117276,0.0,100352
3,chain_5svc,95,95.89612100035083,75.01285599983021,20.883265000520623,2107392,4,26.20868200028781,0.3226189996894391,0.11420600003475556,63.54939499988177,602112,13.324359999842272,0.4473220001273148,0.05530199996428564,45.761264999782725,802816,12.555344999782392,0.28981500008740113,0.053903000207355944,29.182099999616185,401408,22.21141300015006,0.2099029998134938,0.040700999761611456,3.7877540003137256,200704,0.7130559997676755,0.160212000082538,0.04280299981473945,0.0,100352
3,chain_5svc,96,103.6909179997565,79.68565300052433,24.005264999232168,2107392,4,25.95196800029953,0.33431899964853073,0.11960699976043543,71.66315400036183,602112,10.801835000165738,0.45302199987418135,0.058802999774343334,56.37368999987302,802816,15.884916999766574,0.2544130002206657,0.05720300032407977,33.56232500027545,401408,26.250771000377426,0.17470199964009225,0.053200999900582246,3.949555999952281,200704,0.7961619999150571,0.1633120000406052,0.04260300011083018,0.0,100352
3,chain_5svc,97,100.37203499996394,79.37143100025423,21.00060399970971,2107392,4,26.56830300020374,0.364120000085677,0.0977059999058838,68.29456300010861,602112,11.151952000091114,0.49102399998446344,0.10010500000134925,51.98347300029127,802816,14.552747999914573,0.24891300017770845,0.055002999943098985,33.81393800009391,401408,26.38607300013973,0.24200400002882816,0.05449999980555731,3.950056000121549,200704,0.7123549999050738,0.1533119998384791,0.036902999909216305,0.0,100352
3,chain_5svc,98,105.79057099994316,84.11188199988828,21.678689000054874,2107392,4,25.990458000251238,0.32451799961563665,0.18871099973694072,73.28020899967669,602112,15.395662000173616,0.41562099977454636,0.057903000197256915,53.644055999939155,802816,16.307138999763993,0.28941400023541064,0.06090299984862213,33.34071299968855,401408,25.642861999585875,0.19220300009692437,0.05600100030278554,4.136357999868778,200704,0.7757610001135617,0.17591300002095522,0.042502999804128194,0.0,100352
3,chain_5svc,99,92.32473199972446,71.8299689997366,20.49476299998787,2107392,4,25.767645000087214,0.32691900014469866,0.09800499992707046,61.0663239999667,602112,11.664477000067563,0.4378220000944566,0.057703000038600294,44.82882000002064,802816,16.504647999681765,0.2970150003420713,0.059902999964833725,24.226644999998825,401408,17.173443000046973,0.17450199993618298,0.03980100018452504,3.5694499997589446,200704,0.7197559998530778,0.14891199998601223,0.041603000227041775,0.0,100352
3,chain_5svc,100,93.63626399999703,73.14294400021026,20.493319999786763,2107392,4,25.810347000060574,0.3202180000698718,0.18250999983138172,61.78966400011632,602112,13.288758000271628,0.4184209997220023,0.06290300007094629,43.93867599992518,802816,16.446144999918033,0.28911499975947663,0.07200400023066322,23.82272400018337,401408,16.873737999958394,0.17590299967196188,0.04200100011075847,3.6066510001546703,200704,0.7239560000016354,0.16181299997697352,0.03850299981422722,0.0,100352
3,chain_5svc,101,102.51218899975356,80.84956900029283,21.66261999946073,2107392,4,27.503342000272823,0.3285189995949622,0.1927109997268417,68.78795699958573,602112,11.183953999989171,0.5030239999541664,0.06510299999717972,52.602203999867925,802816,24.351350999950228,0.29341599974941346,0.08120400025291019,24.209344999690074,401408,16.693134999968606,0.17290300002059666,0.04980099993190379,4.062157000134903,200704,1.1177870001120027,0.15841200001887046,0.0390029999834951,0.0,100352
3,chain_5svc,102,93.90677200008213,73.47823199961567,20.428540000466455,2107392,4,27.86576199969204,0.33201900032509,0.12630700030058506,60.494493000078364,602112,11.010244999852148,0.4826240001420956,0.05750299987994367,44.75361499999053,802816,15.885415999946417,0.2892150000661786,0.05840299991177744,25.003785000080825,401408,18.019154999819875,0.1878030002444575,0.040299999909620965,3.4947489998558012,200704,0.6976540003051923,0.15621199963788968,0.08690699996805051,0.0,100352
3,chain_5svc,103,91.21950400003698,70.07249899970702,21.147005000329955,2107392,4,26.71699799975613,0.32901900021897745,0.12160699998275959,58.688391000032425,602112,14.416913000331988,0.4045199998472526,0.061002999700576765,39.866272999915964,802816,11.826706999727321,0.2486130001670972,0.044703000185108976,23.338500000136264,401408,16.498333000072307,0.15920299983918085,0.03700000024764449,3.226444999654632,200704,0.613547999819275,0.13131000014254823,0.0390029999834951,0.0,100352
3,chain_5svc,104,104.80174599979364,83.37617599954683,21.425570000246807,2107392,4,27.502741999796854,0.3278190001765324,0.18591000025480753,71.6359170000942,602112,13.341361000129837,0.4467220001060923,0.0846039997668413,53.386943000077736,802816,16.767262000030314,0.28541500023493427,0.059002999932999955,32.40266500006328,401408,25.027752999903896,0.19490299973767833,0.054601000101683894,3.8578550002057455,200704,0.7370579996859306,0.16041200024119462,0.041802999930951046,0.0,100352
3,chain_5svc,105,100.686443000086,79.84797400013122,20.838468999954785,2107392,4,28.680308000275545,0.39452200007872307,0.1772099999470811,66.21941399998832,602112,10.658727000190993,0.4216209999867715,0.061703000028501265,51.00522499969884,802816,14.14462699995056,0.25821300005191006,0.05980300011287909,33.10300200018901,401408,25.754064000011567,0.1933019998432428,0.05620100000669481,3.7204519999249897,200704,0.6102479997025512,0.13521000028049457,0.0359030000254279,0.0,100352
3,chain_5svc,106,102.8029960002641,82.34758400067221,20.455411999591888,2107392,4,27.416837000146188,0.3316190000077768,0.13820799995301059,69.8679170000105,602112,10.924340000201482,0.4393220001475129,0.09090499997910229,54.68540699985169,802816,17.082577999644855,0.3187160000379663,0.06260300006033503,33.50042100009887,401408,26.17097000029389,0.202703000013571,0.05130099998496007,3.7801529997523176,200704,0.7528590003857971,0.16801299989310792,0.043802999698527856,0.0,100352
3,chain_5svc,107,105.21965699990687,82.63022699975409,22.589430000152788,2107392,4,28.623104999951465,0.7204410003396333,0.11730599999282276,70.44085000006817,602112,10.85373800015077,0.41422000003876747,0.05820300020786817,53.95907100000841,802816,16.86316599989368,0.283814999875176,0.05820300020786817,33.0782010000803,401408,25.569661999725213,0.20760300003530574,0.05310000005920301,3.594451000026311,200704,0.720556000032957,0.16201200014620554,0.044504000015876954,0.0,100352
3,chain_5svc,108,101.12245299978895,80.3610160005519,20.76143699923705,2107392,4,27.055017000293446,0.33241899973290856,0.13640799988934305,68.35043299997778,602112,10.522121000121842,0.40682000008018804,0.0687030001245148,53.494748000048276,802816,16.53535000014017,0.2973149998979352,0.06110300000727875,33.00869699978648,401408,25.36225900030331,0.20400299990797066,0.05650000002788147,4.013657000086823,200704,0.8862689996931294,0.1654130001043086,0.04680400024881237,0.0,100352
3,chain_5svc,109,102.00277600006302,81.70176300018284,20.301012999880186,2107392,4,28.249684000002162,0.32351799973184825,0.12870699993072776,67.73079799995685,602112,10.09890000023006,0.4102200000488665,0.06300299992290093,53.349341999819444,802816,16.880467999726534,0.304715000311262,0.05850300021847943,32.71408099999462,401408,25.907867000114493,0.19990200007669046,0.05229999987932388,3.0577429997720174,200704,0.5648440001095878,0.1278099998671678,0.031602000035491074,0.0,100352
3,chain_5svc,110,90.25537899970004,69.87706899917612,20.378310000523925,2107392,4,30.499009999857662,0.3440189998400456,0.12140700027885032,53.58850499987966,602112,10.101101000145718,0.40731999979470856,0.05840199992235284,38.56260900010966,802816,10.633645999860164,0.25501299978714087,0.04860300032305531,24.347651999960362,401408,17.884452999624045,0.17040200009432738,0.038500000300700776,3.3588470000722737,200704,0.7588589996885275,0.1446119999855,0.03770300008909544,0.0,100352
3,chain_5svc,111,100.49383700015824,80.5597140001737,19.934122999984538,2107392,4,27.28973000012047,0.3216180002709734,0.19631099985417677,67.57948999984364,602112,10.438116999921476,0.472223000087979,0.05160199998499593,52.766313000120135,802816,16.505848000178958,0.2713139997467806,0.0535029998900427,32.55877299989152,401408,25.595961999897554,0.2021029999923485,0.052599999889935134,3.8876549997439724,200704,0.7300570000552398,0.1608120001037605,0.04150299992033979,0.0,100352
3,chain_5svc,112,94.4932859997607,73.84565200027282,20.64763399948788,2107392,4,26.707597999575228,0.3231180003240297,0.18931100021291059,61.93337300010171,602112,11.12315000000308,0.4107209997528116,0.058603000070434064,46.35839499997019,802816,17.420995000065886,0.2698140001484717,0.05570299981627613,25.177393999911146,401408,17.867152000235365,0.16930299989326159,0.04510099961407832,4.01325699976951,200704,0.7267570003932633,0.16441199977634824,0.04300299997339607,0.0,100352
3,chain_5svc,113,95.40610999965793,75.66289299984419,19.74321699981374,2107392,4,29.40094899986434,0.3256180002608744,0.11310700028843712,60.39358599991829,602112,10.33721100020557,0.4174209998382139,0.08880499990482349,45.78696699991269,802816,18.243038000036904,0.321215999974811,0.055902999974932754,23.59441299995524,401408,16.963438999937352,0.17050300039045396,0.04080100006831344,3.3794480000324256,200704,0.7182559998000215,0.16011200023058336,0.042004000079032267,0.0,100352
3,chain_5svc,114,107.73812099978386,86.49291699930473,21.245204000479134,2107392,4,28.971224000088114,0.32871899975361885,0.21381199985626154,72.91838899982395,602112,10.660427999937383,0.4083200001332443,0.1029049999488052,57.53994800033979,802816,20.140134999564907,0.2758150003501214,0.058803000229090685,33.456018999913795,401408,25.884064999900147,0.2033030000347935,0.06340100026136497,4.082057000232453,200704,0.8370649998141744,0.16491299993504072,0.04790399998455541,0.0,100352
3,chain_5svc,115,106.79249700024229,80.30333699980474,26.48916000043755,2107392,4,31.39015999977346,0.3706210000018473,0.1774100001057377,69.6637070000179,602112,11.036246000003302,0.42272099972251453,0.07630400023117545,49.722362000011344,802816,11.673699999846576,0.2835150003193121,0.04190199979348108,34.29846199969688,401408,25.24745700020503,0.2072029997179925,0.06880099999762024,4.1159580000567075,200704,0.9557739999763726,0.21171699972910574,0.14691200021843542,0.0,100352
3,chain_5svc,116,112.28333500002918,87.98302599961971,24.30030900040947,2107392,4,30.423705999965023,0.3405190000194125,0.18331000001126085,75.62113999983922,602112,13.871086999643012,0.5248260004009353,0.1254060002793267,54.56060100004834,802816,17.69891000003554,0.3060149997509143,0.06430300027204794,33.02329699999973,401408,25.307169999905454,0.20050300008733757,0.05340000006981427,4.012158999557869,200704,0.6821530000706844,0.14951100001781015,0.03650300004665041,0.0,100352
3,chain_5svc,117,109.53026600009252,83.68340599918156,25.846860000910965,2107392,4,28.224783000041498,0.3838210000139952,0.1070059997800854,70.50275300025532,602112,11.69167899979584,0.4695229999924777,0.06810300010329229,54.196683000100165,802816,18.168533999869396,0.29991600013090647,0.058803000229090685,31.797633999758546,401408,25.01976499979719,0.2058029999716382,0.052101000164839206,3.4394499998597894,200704,0.5786449996776355,0.127010000142036,0.03530300000420539,0.0,100352
3,chain_5svc,118,97.27445699991222,74.4468069992763,22.827650000635913,2107392,4,26.685595999879297,0.324518000070384,0.13040700014244067,64.88503799982936,602112,10.555521999776829,0.41572100008124835,0.05820300020786817,50.08807900003376,802816,10.852557999896817,0.249712000368163,0.04280199982531485,32.35466300020562,401408,25.616273999730765,0.19950300020354916,0.058400999932928244,3.7239540001792193,200704,0.7368569999925967,0.15991300006135134,0.04220299979351694,0.0,100352
3,chain_5svc,119,108.02662799960672,84.84356700000717,23.183060999599547,2107392,4,30.21119400000316,0.3305179998278618,0.13560800016421126,69.48469700000715,602112,10.746131999894715,0.4076199998053198,0.056603000302857254,54.18668300035279,802816,17.77041300010751,0.2895150000767899,0.059902999964833725,32.714981000026455,401408,25.374370999998064,0.24090299984891317,0.05230100032349583,3.8816559999759193,200704,0.7414570000037202,0.16131299980770564,0.04300400041756802,0.0,100352
3,chain_5svc,120,119.53751900000498,95.71224100000109,23.82527800000389,2107392,4,40.419667000151094,0.33671900018816814,0.25711399985084427,70.4355489997397,602112,11.942590999751701,0.48022400005720556,0.058603000070434064,53.536150000127236,802816,16.49274700002934,0.29911599995102733,0.0687040001139394,33.35001400000692,401408,26.157981999858748,0.20290300017222762,0.054201000239118,3.807554999639251,200704,0.6992540002102032,0.1556120000714145,0.03970299985667225,0.0,100352
3,chain_5svc,121,104.2424319998645,79.97470199916279,24.267730000701704,2107392,4,28.59540300005392,0.33061900012398837,0.18571099963082816,68.14612099969963,602112,12.610423999831255,0.4789240001628059,0.0587029999223887,50.67840799983969,802816,12.21862800002782,0.28891500005556736,0.05220299999564304,34.28696199989645,401408,25.622474999636324,0.20310300033088424,0.05220100001679384,3.9264580000235583,200704,0.9277719996134692,0.16251200031547341,0.039803000163374236,0.0,100352
3,chain_5svc,122,107.32351100023152,83.25146600009248,24.072045000139042,2107392,4,26.818802999969193,0.3328190000502218,0.18851100003303145,72.15144599967971,602112,11.316459999761719,0.483724000332586,0.055703000271023484,55.5708520000735,802816,18.870370000058756,0.25821300005191006,0.06620299973292276,32.899391000228206,401408,25.467272000241792,0.20460299992919317,0.06520099987028516,3.8279559998954937,200704,0.7785610000610177,0.18371399983152514,0.04260300011083018,0.0,100352
3,chain_5svc,123,96.58903899980942,75.33933599961529,21.24970300019413,2107392,4,26.845305999813718,0.3375190003680473,0.18770999986372772,63.01943400012533,602112,10.271908000049734,0.40781999996397644,0.0535029998900427,48.38569499997902,802816,11.34758399985003,0.2743140003076405,0.0659029997223115,33.69903199973123,401408,26.15588199978447,0.20590299982359284,0.05400100008046138,3.9806590002626763,200704,0.7186560001173348,0.15961200006131548,0.04370299984657322,0.0,100352
3,chain_5svc,124,110.94050200017591,90.58316400023614,20.357337999939773,2107392,4,32.48102200041103,0.33031799966920516,0.11960699976043543,72.86028499993336,602112,15.376860999822384,0.4512219998105138,0.08940500038079335,52.8654159998041,802816,16.482346999964648,0.3036160001101962,0.09320499975729035,32.446667999920464,401408,25.439172000005783,0.19940299989684718,0.053200999900582246,3.793755000060628,200704,0.8037620000322931,0.16351300018868642,0.044703999719786225,0.0,100352
3,chain_5svc,125,95.98392399993827,75.75820500051123,20.225718999427045,2107392,4,26.923709000129747,0.3656210001281579,0.12430699962351355,63.25644700018529,602112,11.286959000244678,0.4220209998493374,0.07130299991331412,47.64995799996541,802816,12.028218000068591,0.254512999617873,0.045002000206295634,31.97484300017095,401408,24.7861620000549,0.20250299985491438,0.06260100008148584,3.9947580003172334,200704,0.733157000013307,0.1606129999345285,0.04170300007899641,0.0,100352
3,chain_5svc,126,105.06825299989941,83.85800799942444,21.21024500047497,2107392,4,28.854017999947246,0.33111800030383165,0.12510699980339268,70.35704500003703,602112,15.602673000103096,0.4105199996047304,0.06580299987035687,50.235585999871546,802816,13.419789999716158,0.25471300023127696,0.18290900015927036,32.271059000322566,401408,25.223067999831983,0.19680300010804785,0.055501000133517664,3.9069570002538967,200704,0.7584589998259617,0.16031299992391723,0.043203000132052694,0.0,100352
3,chain_5svc,127,103.70471899977929,81.77922900040357,21.925489999375714,2107392,4,29.631661000166787,0.3386190001037903,0.19201099985366454,66.99835699964751,602112,10.929440999916551,0.48162399980355985,0.055203000101755606,51.40064399984112,802816,15.745910000077856,0.2729140001065389,0.059202999636909226,31.84133699960512,401408,24.77206200001092,0.202602999706869,0.051201000133005437,3.679953000300884,200704,0.7001550002314616,0.1529119999759132,0.0411030000577739,0.0,100352
3,chain_5svc,128,99.62082300035036,79.65478999994957,19.966033000400785,2107392,4,30.37830399989616,0.45322500000111177,0.17560900005264557,63.305250000212254,602112,11.955291000049328,0.4338220001045556,0.05370300004869932,47.039027999744576,802816,10.978463999890664,0.3770190000977891,0.04440300017449772,32.35416300003635,401408,25.610973999846465,0.20180299998173723,0.05520100012290641,3.6977539998588327,200704,0.7317570002669527,0.15901200004009297,0.19731599968508817,0.0,100352
3,chain_5svc,129,103.31923100011409,81.66699599996718,21.652235000146902,2107392,4,28.075973999875714,0.32791900002848706,0.22231299999475596,68.55644400002348,602112,14.412914000331511,0.41561999978512176,0.05930199995418661,49.4420469999568,802816,13.341286000013497,0.2615130001686339,0.05890300008104532,32.515770999907545,401408,25.12926700001117,0.20690299970738124,0.052801000038016355,3.9213569998537423,200704,0.7075549997352937,0.17281300006288802,0.04020400001536473,0.0,100352
3,chain_5svc,130,104.49096100001043,83.93979899983606,20.551162000174372,2107392,4,28.9920259997416,0.39912200008984655,0.13300800037541194,69.89961999988736,602112,11.60037400040892,0.4097199998795986,0.12060599965479923,54.2054829998051,802816,16.83066499981578,0.3307169999970938,0.07310300043172901,33.19510599976638,401408,25.787176999983785,0.20640299999286071,0.05450099979498191,3.949457000089751,200704,0.7295569998859719,0.19041500036109937,0.043402999835961964,0.0,100352
3,chain_5svc,131,109.35778499970183,88.39740299936238,20.96038200033945,2107392,4,36.028819999955886,0.41622400021879,0.1875109996944957,67.36737799974435,602112,10.745931999736058,0.4119200002605794,0.06760299993402441,52.27488700029426,802816,13.358486000015546,0.2582129995971627,0.044703000185108976,35.14790600002016,401408,27.42339999986143,0.20470300023589516,0.08140199997797026,4.162261000146827,200704,0.8407649997934641,0.1602130000719626,0.04220299979351694,0.0,100352
3,chain_5svc,132,97.64468699995632,76.40720899962616,21.237478000330157,2107392,4,28.070873999695323,0.3413190001992916,0.14410800031328108,63.448358000187,602112,10.754132999863941,0.41561999978512176,0.055702000281598885,47.43944799974997,802816,11.002464999819495,0.2552129999457975,0.045903000227554,32.847687999947084,401408,25.804177000281925,0.20390299960126868,0.05900099995415076,3.8125559999571124,200704,0.7755599999654805,0.1654130001043086,0.04440400016392232,0.0,100352
3,chain_5svc,133,97.33827900026881,77.29547899953104,20.04280000073777,2107392,4,29.171736000080273,0.3297190000921546,0.11470599974927609,62.2832929998367,602112,11.184353999851737,0.44232100026420085,0.05760300018664566,46.75771500023984,802816,11.018365999916568,0.23891199998615775,0.05070299994258676,32.17285400023684,401408,25.215467999714747,0.20490300039455178,0.05060100011178292,3.9376580002681294,200704,0.7055549999677169,0.15101200006029103,0.04010300017398549,0.0,100352
3,chain_5svc,134,98.62881299977744,76.6736960003982,21.955116999379243,2107392,4,26.744199999939156,0.3299179998066393,0.1357070000267413,64.75253099961265,602112,11.206454000330268,0.46862299996064394,0.07070399988151621,48.534101999848644,802816,11.966615000346792,0.2686139996512793,0.06930399968041456,33.06639999982508,401408,26.188882000042213,0.20250299985491438,0.05130099998496007,3.505750999920565,200704,0.5675449997397664,0.12770900002578855,0.031602000035491074,0.0,100352
3,chain_5svc,135,104.83196999985012,81.96567799950571,22.8662920003444,2107392,4,28.77201299997978,0.3323190003357013,0.18431099988447386,70.45325099988986,602112,14.252104999741277,0.4395220003061695,0.07020400016699568,51.8675670000448,802816,11.970314999871334,0.2522130002944323,0.0535029998900427,34.066850999806775,401408,26.185282999904302,0.19910299988623592,0.05430100009107264,3.741455000181304,200704,0.7859620000090217,0.14661099976365222,0.04020300002594013,0.0,100352
3,chain_5svc,136,102.20670299986523,80.56450199910614,21.642201000759087,2107392,4,28.879519999918557,0.3283180003563757,0.1263069998458377,66.6359370002283,602112,11.693678999563417,0.43822100042234524,0.06430300027204794,50.258587000371335,802816,12.860861000262958,0.2527130000089528,0.06930400013516191,33.661929999652784,401408,26.400685999760753,0.20470300023589516,0.05380099992180476,4.075358999671153,200704,0.7297559996004566,0.16491300038978807,0.04210400038573425,0.0,100352
3,chain_5svc,137,95.55853400024716,74.20776399976603,21.350770000481134,2107392,4,25.94655499979126,0.33001900010276586,0.11580599993976648,63.93768599991745,602112,12.056597000082547,0.5245259999355767,0.06380300010278006,46.45759899995028,802816,17.342991000077745,0.3124159998151299,0.06010300012349035,25.189195000166364,401408,18.135164999875997,0.16770299998825067,0.04020000005766633,3.7278539998624183,200704,0.7264559999384801,0.1581129999976838,0.03840299996227259,0.0,100352
3,chain_5svc,138,106.28170700010742,80.37957000078677,25.902136999320646,2107392,4,27.518643000348675,0.33141799985969556,0.1854109996202169,73.483620999923,602112,16.91513700006908,0.42332099974373705,0.06640299989157938,46.622907999790186,802816,16.727560000163066,0.30131599987726077,0.0711029997546575,26.12724199980221,401408,18.455570000242005,0.1985019998755888,0.0390010000046459,3.679054000258475,200704,0.7626599999639438,0.15571199992336915,0.04390300000522984,0.0,100352
3,chain_5svc,139,114.11390700004631,93.38227000034749,20.73163699969882,2107392,4,35.87171099979969,0.33521900013511186,0.1288069997826824,72.75457899959292,602112,10.927541000000929,0.4580219997478707,0.05930299994361121,57.05642400016586,802816,18.687860000227374,0.29761499990854645,0.05940299979556585,34.2791620000753,401408,27.081395000095654,0.201402999664424,0.05340100005923887,3.9264570000341337,200704,0.8137630002238438,0.1529119999759132,0.04010399970866274,0.0,100352
3,chain_5svc,140,111.85644899978797,91.12148699978206,20.734962000005908,2107392,4,36.09902400012288,0.35251999997854,0.17660999992585857,69.88721900006567,602112,11.528970000199479,0.44202199978826684,0.0711039997440821,53.9103679998334,802816,16.502447999755532,0.2940150002359587,0.0718040000720066,33.459920000041166,401408,26.20008299982146,0.20620300028895144,0.053200999900582246,3.8829569998597435,200704,0.7909619998827111,0.16041200024119462,0.08750599999984843,0.0,100352
3,chain_5svc,141,108.85257299969453,88.13086800000747,20.721704999687063,2107392,4,26.161366999986058,0.3263179996793042,0.19311100004415493,76.67480000009164,602112,13.145751000138262,0.47792299983484554,0.05740300002798904,58.81361100000504,802816,21.50890499979141,0.29601599999296013,0.06210299989106716,33.6803309996867,401408,26.5848880003432,0.20020299962197896,0.05060099965703557,3.7962549999974726,200704,0.7299569997485378,0.16011300022000796,0.04240299995217356,0.0,100352
3,chain_5svc,142,101.20087800032707,81.19393500010119,20.006943000225874,2107392,4,25.96455499997319,0.3282190000390983,0.1263079998352623,69.50749799989353,602112,11.28735800011782,0.4664230000344105,0.0587029999223887,53.93516999993153,802816,17.186684000080277,0.2882140001929656,0.06210299989106716,33.014497000294796,401408,26.016679999884218,0.19990300006611506,0.05240100017545046,3.622053000071901,200704,0.7386580000456888,0.1612119999663264,0.04200300008960767,0.0,100352
3,chain_5svc,143,107.84154600014517,87.74498499997208,20.096561000173097,2107392,4,26.161567000144714,0.3253179997955158,0.10210599975835066,75.92345700004444,602112,19.76957799979573,0.39832000038586557,0.06090299984862213,51.75766199999998,802816,15.78181200011386,0.25721300016812165,0.056601999858685303,32.29666000015641,401408,25.290470000072673,0.20340299988674815,0.054601000101683894,3.734755000095902,200704,0.7415579998450994,0.1581120000082592,0.04000300032203086,0.0,100352
3,chain_5svc,144,108.12265399999887,84.3721920000462,23.750461999952677,2107392,4,27.620348999789712,0.33191900001838803,0.19231000032959855,75.03170800009684,602112,11.507368999900791,0.3996199998255179,0.05690300031346851,58.78130900009637,802816,18.182234000050812,0.29781600005662767,0.0770040001043526,34.95479699995485,401408,26.35598500000924,0.20420299961187993,0.05900099995415076,3.5683520000020508,200704,0.7062550002956414,0.1502109998909873,0.044003999846609076,0.0,100352
3,chain_5svc,145,102.55741199989643,81.23654000019087,21.32087199970556,2107392,4,27.53674499990666,0.37562099987553665,0.21431200002552941,69.50629799985109,602112,12.193002999993041,0.42232099985994864,0.09590500030753901,52.66960700009804,802816,22.73546800006443,0.3031159999409283,0.07300399965970428,25.759524000022793,401408,17.98846300016521,0.1792029997886857,0.04000099988843431,3.917957000339811,200704,0.7828610000615299,0.1633120000406052,0.040504000025975984,0.0,100352
3,chain_5svc,146,91.04391900018527,70.50358100059384,20.54033799959143,2107392,4,26.4628840000114,0.3313180000077409,0.11460699988674605,59.06761300002472,602112,9.782084000107716,0.4436220001480251,0.06380299964803271,44.432799000333034,802816,15.414392000366206,0.2784139996947488,0.07540399974459433,25.054686999737896,401408,18.13286500009781,0.17110199996750453,0.04010099974038894,3.991358999883232,200704,0.71135600001071,0.16681300030541024,0.040702999740460655,0.0,100352
3,chain_5svc,147,92.96566799957873,72.35516599939729,20.61050200018144,2107392,4,26.1027629999262,0.32561899979555164,0.18031100034932024,61.35404099995867,602112,11.61657499960711,0.44962200036025024,0.06470300013461383,43.907372999910876,802816,15.671105999899737,0.2620129998831544,0.05960299995422247,24.548761999994895,401408,18.271467999966262,0.17020199993567076,0.04130000024815672,3.4561500001473178,200704,0.6932539999979781,0.15231200040943804,0.03990300001532887,0.0,100352
3,chain_5svc,148,89.23377300016,69.61214799957816,19.621625000581844,2107392,4,28.728211000270676,0.33641899972280953,0.1288069997826824,54.801173000214476,602112,11.18365399997856,0.41482000005999,0.06020299997544498,38.86682300026223,802816,11.120571999981621,0.2538130001994432,0.04800199985766085,23.888128000180586,401408,17.969162999634136,0.17130200012616115,0.03880100030073663,3.0984449999778008,200704,0.6105479997131624,0.1291100002163148,0.03820300025836332,0.0,100352
3,chain_5svc,149,100.17385199989803,80.57065399998464,19.60319799991339,2107392,4,26.712698000210366,0.41422399999646586,0.12230599986651214,67.83390400005374,602112,12.78323199994702,0.4152210003667278,0.06500299969047774,50.837615999625996,802816,16.89302599970688,0.2926160000242817,0.0587029999223887,30.55017399992721,401408,23.482242999762093,0.17420200038031908,0.04150099994149059,3.727454999989277,200704,0.6994550003582845,0.14241099961509462,0.10280799961037701,0.0,100352
3,chain_5svc,150,101.42648400005783,81.05283100030647,20.373652999751357,2107392,4,27.262629000233574,0.3695209998113569,0.1950109999597771,68.3430330000192,602112,12.781332000031398,0.4763239999192592,0.05330299973138608,50.7410120003442,802816,18.13749299981282,0.29241599986562505,0.05620299998554401,29.178197999954136,401408,22.197125000275264,0.17520199980936013,0.046299999667098746,3.6261529999137565,200704,0.6742519999534125,0.18251400024382747,0.03930399998353096,0.0,100352
3,chain_5svc,151,106.3310080003248,86.26866199938377,20.062346000941034,2107392,4,27.927266000006057,0.3243179999117274,0.1913109999804874,73.07939800011809,602112,14.698626999688713,0.47572400035278406,0.06680300020889263,53.73165900027743,802816,16.705815000022994,0.2905159999500029,0.060802999996667495,33.25582300021779,401408,25.99478000001909,0.17750300003172015,0.055501000133517664,4.01965899982315,200704,0.9421739996469114,0.17411300041203503,0.04990400020687957,0.0,100352
3,chain_5svc,152,101.68918999988819,80.77008399959595,20.91910600029223,2107392,4,27.55034500023612,0.334618999659142,0.32481800008099526,68.42193700003918,602112,10.203804999946442,0.44742199997926946,0.0867039998411201,53.64405499994973,802816,16.4061989999027,0.291316000129882,0.0594040002397378,33.462332999988575,401408,25.881077999656554,0.2034030003414955,0.05430100009107264,4.049158999805513,200704,0.7286569998541381,0.25611999990360346,0.0421029999415623,0.0,100352
3,chain_5svc,153,102.96342300034667,81.21253799936312,21.750885000983544,2107392,4,27.68375199957518,0.3370190001987794,0.13510800044969073,69.89201900023545,602112,11.087648999819066,0.46782300023551215,0.055203000101755606,54.09527700021499,802816,16.710515999875497,0.28691500028799055,0.07060400002956158,33.06641200015292,401408,25.006764999943698,0.2047029997811478,0.0511010002810508,3.9368570000988257,200704,0.7238560001496808,0.16181299997697352,0.039802999708626885,0.0,100352
3,chain_5svc,154,99.96164599988333,78.25367599980382,21.707970000079513,2107392,4,27.85916199991334,0.3385189997970883,0.1785100002962281,66.35142100003577,602112,13.695078000182548,0.520924999818817,0.06410300011339132,47.28994100014461,802816,16.36659599989798,0.2793160001601791,0.0649039998279477,27.368699999897217,401408,19.630685999800335,0.17480299993621884,0.03950100017391378,3.947757999867463,200704,0.7021540000096138,0.15341199969043373,0.04170400006842101,0.0,100352
3,chain_5svc,155,105.08877700021912,82.80875799982823,22.280019000390894,2107392,4,29.921977999947558,0.4162229997746181,0.13400700026977574,67.72199700026249,602112,10.983543000293139,0.42492099964874797,0.06160299972179928,51.85806700001194,802816,16.862522999872454,0.28541600022435887,0.06140400000731461,31.7083370000546,401408,24.268453999866324,0.20620300028895144,0.042500999825278996,3.847256999961246,200704,0.7722599998487567,0.1644130002205202,0.04310299982535071,0.0,100352
3,chain_5svc,156,97.9689949999738,76.65699699964534,21.311998000328458,2107392,4,27.439339000011387,0.32531800025026314,0.25171399965984165,64.56552100007684,602112,11.648275999959878,0.42202100030408474,0.09890499995890423,47.71106099997269,802816,16.950328999882913,0.2783150002869661,0.06880299997646944,27.029480999772204,401408,19.814089999727003,0.17500300009487546,0.04080000007888884,3.823755999746936,200704,0.8049630000641628,0.1643129999138182,0.0411030000577739,0.0,100352
3,chain_5svc,157,102.92262100028893,82.40353600012895,20.519085000159976,2107392,4,26.811902999725135,0.33381900038875756,0.13720800006922218,70.41654899967398,602112,12.030196000068827,0.41871999974318896,0.059902999964833725,54.0430739997646,802816,16.30809300013425,0.28471599989643437,0.05730299972128705,34.01616299970556,401408,26.516787000218756,0.21390299980339478,0.05270100018606172,3.9411569996445905,200704,0.7365569999819854,0.16141300011440762,0.04240299995217356,0.0,100352
3,chain_5svc,158,106.2733069998103,86.00236300026154,20.270943999548763,2107392,4,26.84130500028914,0.3327189997435198,0.18951099991681986,73.98314900001424,602112,11.277258000063739,0.416920999668946,0.06780300009268103,58.07777399968472,802816,16.28189300026861,0.2854149997801869,0.08180399981938535,37.84777300006681,401408,30.881651000072452,0.20660299969676998,0.051700999847525964,3.414150000025984,200704,0.7202559995675983,0.13981100028104265,0.03790300024775206,0.0,100352
3,chain_5svc,159,113.04137900015121,91.13761999969938,21.903759000451828,2107392,4,28.948923999905674,0.3280179998910171,0.10940600031972281,78.42899800016312,602112,10.717029999796068,0.4523229999904288,0.13210599990998162,62.51229400004377,802816,16.578208999817434,0.2855150000868889,0.058603000070434064,42.033802999867476,401408,34.16370000013558,0.7894109999142529,0.05229999987932388,3.9561579997098306,200704,0.7297570000446285,0.160111999775836,0.04150299992033979,0.0,100352
3,chain_5svc,160,108.35055999996257,85.45184500007963,22.89871499988294,2107392,4,28.157078999811347,0.3344179999658081,0.12290699987715925,73.86014200028512,602112,11.873387000377988,0.41652099980638013,0.12560699997266056,56.156080000164366,802816,16.518004999852565,0.2892160000556032,0.06140400000731461,35.98337099992932,401408,28.099410999857355,0.20220299984430312,0.054601000101683894,4.359163000117405,200704,0.8039630001803744,0.16421300006186357,0.04570299961415003,0.0,100352
3,chain_5svc,161,125.76940300004935,104.09384300055535,21.675559999494,2107392,4,34.66744400020616,0.3276180000284512,0.17850999984148075,85.3765880001447,602112,13.301158000103896,0.4245210002409294,0.06560299971170025,67.5492430000304,802816,29.29900600020119,0.2911159999712254,0.15560799965896877,33.66534500037233,401408,26.166083000134677,0.20570300011968357,0.052101000164839206,3.6290530001679144,200704,0.6601519999094307,0.1347100001112267,0.03820299980361597,0.0,100352
3,chain_5svc,162,101.99539800032653,81.71876699952918,20.27663100079735,2107392,4,27.382835000025807,0.32271899999614106,0.1888110000436427,68.92736500003593,602112,11.543070999778138,0.4117200001019228,0.05780300034530228,53.11752900024658,802816,17.039533999650303,0.3096170003118459,0.06280300021899166,32.27486900004806,401408,24.94596399992588,0.2016029998230806,0.06110100002842955,3.9921580000736867,200704,0.8073630001490528,0.1567120002619049,0.04710299981525168,0.0,100352
3,chain_5svc,163,108.28935799963801,84.15999699991517,24.12936099972285,2107392,4,28.833416999987094,0.32731900000726455,0.177909000285581,74.146058000224,602112,11.20165399970574,0.4238210003677523,0.058102999901166186,57.23183300005985,802816,18.457211000168172,0.28721599983327906,0.07120399959603674,34.598095000092144,401408,25.048766000054457,0.20140300011917134,0.05250099957265775,3.704453999944235,200704,0.6189489999997022,0.1315099998464575,0.036702000215882435,0.0,100352
3,chain_5svc,164,113.63339400031691,92.53196399959052,21.101430000726396,2107392,4,38.0895349999264,0.3363189998708549,0.13440800012176624,69.95752300008462,602112,10.663227999884839,0.40602000035505625,0.06210299989106716,54.42899399986345,802816,17.810574999657547,0.30621700034316746,0.06290400006037089,32.29986899987125,401408,25.226067999938095,0.2085030000671395,0.05400100008046138,3.773855000417825,200704,0.7425580001836352,0.16501299978699535,0.04280299981473945,0.0,100352
3,chain_5svc,165,107.34453399982158,86.60109900029056,20.74343499953102,2107392,4,26.763501000004908,0.3295179999440734,0.1150070002040593,74.8920989999533,602112,14.883437000207778,0.517025000135618,0.06260300006033503,55.30833700004223,802816,16.50670400022136,0.28721599983327906,0.05940299979556585,34.9716159998934,401408,27.786105999894062,0.20860299991909415,0.05240100017545046,3.7013539999861678,200704,0.6613509999624512,0.12401000003592344,0.03610299972933717,0.0,100352
3,chain_5svc,166,102.8548200001751,79.97706999958609,22.877750000589003,2107392,4,27.620348999789712,0.33261900034631253,0.12760700019498472,66.59743499994875,602112,9.96769299990774,0.39642000001549604,0.061003000155324116,52.13237999987541,802816,16.696614000011323,0.28771600000254693,0.06840400010332814,31.75874000044132,401408,25.086966999879223,0.19920299973819056,0.0511000002916262,3.4252500004186004,200704,0.6054469999980938,0.12631000026885886,0.034702999982982874,0.0,100352
3,chain_5svc,167,118.98343100028796,97.46561800056952,21.517812999718444,2107392,4,31.208450000121957,0.3234189998693182,0.11690600013025687,82.12020499968276,602112,10.742732000380784,0.3987189998042595,0.08900499960873276,67.2960309998416,802816,29.37870899995687,0.32101799979500356,0.07590399991386221,32.78069499992853,401408,25.42227100002492,0.19880299987562466,0.053200999900582246,3.9432580001630413,200704,0.7134560000849888,0.1498110000284214,0.039802999708626885,0.0,100352
3,chain_5svc,168,111.3043350001135,89.42147700054193,21.88285799957157,2107392,4,26.511186999869096,0.3198180002073059,0.19011099993804237,79.22674299970822,602112,11.765581999952701,0.477423000120325,0.06120299985923339,62.42568899961043,802816,25.357189000260405,0.33551799970155116,0.14000700002725353,32.84969900005308,401408,25.125467000179924,0.20130299981246935,0.05240099972070311,3.8291559999379388,200704,0.6620520002798003,0.25601999959690147,0.03830300011031795,0.0,100352
3,chain_5svc,169,111.48073999993358,90.88456499966924,20.59617500026434,2107392,4,28.83671699964907,0.3202180000698718,0.09340500037069432,77.1050240000477,602112,10.231006000140042,0.3915199999937613,0.05440299992187647,62.21307900023021,802816,23.137766999752785,0.29991600013090647,0.055703000271023484,35.08122099992761,401408,27.79690599982132,0.20510300009846105,0.05380099992180476,4.125259999909758,200704,0.8821690003060212,0.15551199976471253,0.044903999878442846,0.0,100352
3,chain_5svc,170,105.51128800034348,84.98244099973817,20.52884700060531,2107392,4,28.8462180001261,0.33391799979654024,0.15340800018748268,71.09578700010388,602112,12.407614000039757,0.4144210001868487,0.10480499986442737,53.992473000107566,802816,17.982984999889595,0.28211500011821045,0.06260400004975963,32.21226400000887,401408,24.988064999888593,0.20080300009794882,0.05710100003852858,3.9753579999342037,200704,0.7575589997941279,0.15021200033515925,0.044503000026452355,0.0,100352
3,chain_5svc,171,105.79519399971105,83.29805899984422,22.49713499986683,2107392,4,27.191225000024133,0.3301179999652959,0.19041099994865363,71.68282000020554,602112,11.046445999909338,0.42302100018787314,0.05440299992187647,55.58515099983197,802816,16.76791800036881,0.2826159998221556,0.05570299981627613,35.17992700017203,401408,27.398000999710348,0.21960300000500865,0.05069999997431296,4.093159999683849,200704,0.894468999831588,0.15221200010273606,0.042004000079032267,0.0,100352
3,chain_5svc,172,108.86747299991839,88.70190099924002,20.165572000678367,2107392,4,29.62296099985906,0.33311900006083306,0.2162119999411516,73.74663500013412,602112,15.395361999708257,0.3941190002478834,0.07970400019985391,53.5947519997535,802816,17.266145999656146,0.2974160001940618,0.05540300026041223,32.76129400001082,401408,25.690075000056822,0.2068039998448512,0.050800999815692194,3.5754529999394435,200704,0.7273569999597385,0.14691099977426347,0.04120299990972853,0.0,100352
3,chain_5svc,173,103.40463400007138,82.18215799979589,21.222476000275492,2107392,4,26.599291999900743,0.3603199997996853,0.13930700015407638,70.39584799986187,602112,11.89538900007392,0.4398209998726088,0.06050299998605624,53.97677099972498,802816,17.080534999877273,0.2932160000455042,0.07140399975469336,33.37192700018932,401408,25.75987599993823,0.21330300023691962,0.0525010000274051,4.31986399962625,200704,0.8470660000057251,0.19081500022366527,0.04510400003709947,0.0,100352
3,chain_5svc,174,100.51966100036225,79.85674200017456,20.662919000187685,2107392,4,27.362033999907,0.3583200000321085,0.1924110001709778,67.5372879995848,602112,9.776183000212768,0.4179210000074818,0.055002999943098985,53.07092699968052,802816,16.184785999939777,0.2875159998438903,0.056104000123013975,32.98510600006921,401408,25.723876000029122,0.20660299969676998,0.052601000334107084,4.035759000089456,200704,0.8098630000858975,0.16361300004064105,0.041602999772294424,0.0,100352
3,chain_5svc,175,103.22272900020835,81.56614600056855,21.656582999639795,2107392,4,27.19693200015172,0.334918000135076,0.18930999976873863,69.29780199970992,602112,11.231555999984266,0.4131200003030244,0.0618029998804559,53.38644199991904,802816,16.98033000002397,0.29131599967513466,0.05910300023970194,32.63248700022814,401408,25.4190710002149,0.20080300009794882,0.05240099972070311,4.130061000068963,200704,0.7382570001936983,0.16301300001941854,0.04060299988850602,0.0,100352
3,chain_5svc,176,107.77584500010562,86.54790999980833,21.227935000297293,2107392,4,31.508373999713513,0.32531800025026314,0.2137120000043069,70.41846500032989,602112,11.708578999787278,0.40411999998468673,0.056303000292246,53.66645599997355,802816,16.83162200015431,0.29301599988684757,0.058603000070434064,32.77289500010738,401408,25.753277000148955,0.197502999981225,0.05069999997431296,3.770854999856965,200704,0.7460580000042683,0.15391200031444896,0.0373029997717822,0.0,100352
3,chain_5svc,177,114.0969060002135,92.3394289998214,21.7574770003921,2107392,4,37.62501799974416,0.5184290002944181,0.1924110001709778,69.95853800026453,602112,11.444265999671188,0.4100200003449572,0.09170500015898142,53.977172000031715,802816,16.59770900005242,0.2902159999393916,0.05780299989055493,33.404029000394075,401408,25.937978999991174,0.21250299960229313,0.05360100021789549,3.9787589998923067,200704,0.734457000362454,0.16141199967023567,0.043603999984043185,0.0,100352
3,chain_5svc,178,102.08369999963907,79.34054599991214,22.74315399972693,2107392,4,28.824222999901394,0.32881900006032083,0.12110599982406711,67.22288400032994,602112,10.176504000355635,0.4012199997305288,0.05260299985820893,52.61260399993262,802816,14.454191999902832,0.24711300011404091,0.05650299999615527,33.63314199987144,401408,25.123566999809555,0.20290300017222762,0.05200100031288457,4.0201580000029935,200704,0.7620599999427213,0.1612119999663264,0.04240299995217356,0.0,100352
3,chain_5svc,179,102.45260900001085,79.74675700052103,22.705851999489823,2107392,4,27.051623000261316,0.32101899978442816,0.13760699994236347,69.77372899973489,602112,10.287609999977576,0.5073250003988505,0.05760199974247371,52.50959900013186,802816,16.54900599987741,0.29411600007733796,0.05400300005931058,32.09995799988974,401408,25.237669000034657,0.20990300026824116,0.05240099972070311,3.4536509997451503,200704,0.6208490003700717,0.13911099995311815,0.035801999729301315,0.0,100352
3,chain_5svc,180,96.78186500013908,76.3561670000854,20.42569800005367,2107392,4,27.94757399988157,0.324518000070384,0.1733100002638821,63.359366999975464,602112,10.300709000148345,0.40341999965676223,0.05550300011236686,48.28339000005144,802816,11.998057000255358,0.2526139996916754,0.0442020000264165,32.71179100011068,401408,25.37966999989294,0.20240300000295974,0.06050100000720704,3.839856000013242,200704,0.7301569999071944,0.1654130001043086,0.04310300028009806,0.0,100352
3,chain_5svc,181,104.11275199976444,84.33568500004185,19.777066999722592,2107392,4,29.798476999985724,0.3297190000921546,0.11960699976043543,68.95228300027156,602112,11.486068000067462,0.404419999995298,0.05490300009114435,53.192331999980524,802816,16.553406000184623,0.283615999705944,0.055902999974932754,32.914103000166506,401408,25.76957700011917,0.202703000013571,0.05270100018606172,3.9129570000113745,200704,0.7281569996848702,0.1612119999663264,0.04260300011083018,0.0,100352
3,chain_5svc,182,94.03609500031962,73.11434999974153,20.921745000578085,2107392,4,29.4291569998677,0.36301999989518663,0.0943050004025281,58.5785980001674,602112,10.228806000213808,0.4456219999156019,0.06480299998656847,43.44975000003615,802816,16.442600999653223,0.28731600013998104,0.05850300021847943,23.017761000119208,401408,16.424039999947126,0.18520300000091083,0.038300000142044155,3.36194900000919,200704,0.5897460000596766,0.130909999825235,0.03540300031090737,0.0,100352
3,chain_5svc,183,104.8771709997709,84.71371600035127,20.163454999419628,2107392,4,29.97518800020771,0.32791800003906246,0.1875099997050711,69.40980800027319,602112,12.037995999889972,0.4419219999363122,0.10240500023428467,52.85571600006733,802816,16.58670799997708,0.29151600028853863,0.07270399964909302,32.58068400009506,401408,25.44577200023923,0.20240300000295974,0.06370099981722888,3.663052999854699,200704,0.668052000037278,0.15971199991327012,0.03620300003603916,0.0,100352
3,chain_5svc,184,102.63341400013815,80.8474260006733,21.78598799946485,2107392,4,27.624255000318954,0.5183289999877161,0.17290999994656886,68.87367700028335,602112,10.466317999998864,0.41451999959463137,0.05870300037713605,53.1619309999769,802816,17.16604000012012,0.2821159996528877,0.08550400025342242,32.0544549999795,401408,24.96186400003353,0.20030299992868095,0.05470099995363853,3.500151000025653,200704,0.6289490002018283,0.1491109997004969,0.036002999877382535,0.0,100352
3,chain_5svc,185,102.12400099999286,81.13213499973426,20.991866000258597,2107392,4,27.082824999979493,0.3282180000496737,0.17181000021082582,69.2348980001043,602112,11.61347500010379,0.43292100008329726,0.06430299981730059,53.20453300009831,802816,16.42649999985224,0.2876160001505923,0.05910300023970194,32.8197970002293,401408,25.142666999727226,0.2052029999504157,0.06820099997639772,4.012958000203071,200704,0.8666680000715132,0.17721299991535489,0.04150299992033979,0.0,100352
3,chain_5svc,186,102.69141599974319,82.1934549994694,20.49796100027379,2107392,4,27.458545999706985,0.3285190000497096,0.11900600020453567,69.51651400004266,602112,11.410064999836322,0.38761899986639037,0.05870200038771145,53.60165299998698,802816,16.763717999765504,0.28471599989643437,0.05710300001737778,32.80759700010094,401408,25.950179000119533,0.202703000013571,0.051700999847525964,3.487451000182773,200704,0.6109470000410511,0.15571299991279375,0.03540300031090737,0.0,100352
3,chain_5svc,187,110.3803109999717,85.15820599996005,25.222105000011652,2107392,4,26.94741699997394,0.3378189999239112,0.13030799982516328,77.65997199976482,602112,11.091548999957013,0.4185200000392797,0.056303000292246,61.69005400033711,802816,20.305311999891273,0.29251600017232704,0.055203000101755606,37.49315300001399,401408,26.22928300024796,0.20120299996051472,0.05260099987935973,7.779412999752822,200704,0.5846449998898606,0.12451000020519132,0.032002999887481565,0.0,100352
3,chain_5svc,188,96.57385999980761,76.6503869999724,19.923472999835212,2107392,4,27.52244899966172,0.36262100002204534,0.18651100026545464,63.25996199984729,602112,11.291059000086534,0.44312199997875723,0.06380300010278006,47.257439000077284,802816,11.942353999984334,0.2476140002727334,0.04500199975154828,31.91884800025946,401408,25.164868000047136,0.20290300017222762,0.05110099982630345,3.606452999974863,200704,0.7296570001926739,0.16001299991330598,0.042502999804128194,0.0,100352
3,chain_5svc,189,99.05412299985983,78.42528799983484,20.628835000024992,2107392,4,26.04616700000406,0.3820209999503277,0.17230999992534635,67.13998099985474,602112,11.149651999858179,0.410721000207559,0.06070300014471286,51.4192450000337,802816,15.634757000043464,0.2750150001702423,0.057202999869332416,31.793940999705228,401408,24.985564999951748,0.19740299967452302,0.05810100037706434,3.3466489999227633,200704,0.6091469999773835,0.13761099990006187,0.03500299999359413,0.0,100352
3,chain_5svc,190,103.45413499999268,82.43688799939264,21.017247000600037,2107392,4,27.897770999970817,0.3282180000496737,0.19311100004415493,69.73772700030167,602112,12.142500999743788,0.48542400008955155,0.056103000133589376,52.738809999937075,802816,16.318693999892275,0.29391599991868134,0.07020300017757108,32.33636999993905,401408,25.43567200018515,0.20190299983369187,0.050999999984924216,3.614453000409412,200704,0.6422499996006081,0.13891100024920888,0.03740300007848418,0.0,100352
3,chain_5svc,191,100.46085900012258,77.33004600004278,23.130813000079797,2107392,4,29.102837999744224,0.3396199999770033,0.11570700007723644,64.83914999989793,602112,11.1396520001108,0.41982099992310395,0.059001999943575356,47.940072000074,802816,11.780145000102493,0.2499139995961741,0.04330199999458273,32.24366599988571,401408,24.64406000035524,0.20630299968615873,0.05310100004862761,3.6225529997864214,200704,0.663350999730028,0.13591100014309632,0.03750299993043882,0.0,100352
3,chain_5svc,192,99.55943599970851,79.01664900055039,20.542786999158125,2107392,4,28.34839600018313,0.32671799999661744,0.11970700006713741,65.15166899998803,602112,12.91843900025924,0.46692299974893103,0.05830300005982281,47.68375999992713,802816,11.083106999649317,0.24891300017770845,0.04330299998400733,32.984407000185456,401408,26.061160000153905,0.1985029998650134,0.057701000059751095,3.8099530002000392,200704,0.6055470003047958,0.13391099992077216,0.033601999803067883,0.0,100352
3,chain_5svc,193,102.2829050002656,82.05727199947432,20.225633000791277,2107392,4,34.53614399995786,0.3275189997111738,0.12670700016315095,61.32435200015607,602112,10.823634999724163,0.4117210000913474,0.058603000070434064,46.5404030001082,802816,10.863094999876921,0.26281400005245814,0.06410400010281592,32.04445500023212,401408,25.192447999870637,0.2000019999286451,0.05430100009107264,3.4375469999758934,200704,0.6419500000447442,0.13370999977269094,0.03300300022601732,0.0,100352
3,chain_5svc,194,101.44338400004926,81.37752100037687,20.06586299967239,2107392,4,26.40038600020489,0.3230190000067523,0.11150599993925425,69.32000300002983,602112,11.889288000020315,0.40282000009028707,0.06400300026143668,53.20783300021503,802816,17.2537450002892,0.31111699991015485,0.059902999964833725,32.15026099996976,401408,25.12164700010544,0.1995029997488018,0.053001000196672976,3.712251999786531,200704,0.7124549997570284,0.15661200040995027,0.04190300023765303,0.0,100352
3,chain_5svc,195,105.7269930001894,84.43486999931338,21.292123000876018,2107392,4,26.03956599978119,0.3152170002067578,0.11490700035210466,73.40333299998747,602112,14.676525999675505,0.44372199999997974,0.06300300037764828,53.81236299990633,802816,17.922281000210205,0.25301400000898866,0.05440299992187647,32.00895300005868,401408,25.164846999814472,0.1986030001717154,0.05160099999557133,3.601449000143475,200704,0.6316499998320069,0.16171200013559428,0.03520200016282615,0.0,100352
3,chain_5svc,196,103.45283500009828,80.01423699988663,23.43859800021164,2107392,4,26.275678999809315,0.33771900007195654,0.11440700018283678,71.48132499969506,602112,10.520820999772695,0.40232000037576654,0.08770400017965585,56.47209499966266,802816,16.95422900002086,0.27161499974681647,0.05650299999615527,33.080711999900814,401408,25.57295399992654,0.20430299991858192,0.05090000013296958,3.830853000181378,200704,0.6905540003572241,0.20501599965427886,0.03740299962373683,0.0,100352
3,chain_5svc,197,95.54593399980149,75.60603999991145,19.939893999890046,2107392,4,30.1565979998486,0.37792100010847207,0.13770800023849006,59.829969000020355,602112,10.975043000144069,0.4093200000170327,0.06210299989106716,44.45540000006076,802816,16.702013999747578,0.28521600006570225,0.0673040003675851,23.991814000055456,401408,17.17443799998364,0.1803019999897515,0.04340000032243552,3.597949000322842,200704,0.5979470001875598,0.13961100012238603,0.035102999845548766,0.0,100352
3,chain_5svc,198,103.14442700018844,81.0121910003545,22.132235999833938,2107392,4,27.601554000284523,0.3322180000395747,0.1492090000283497,69.76042799988136,602112,10.420715999771346,0.4312210003263317,0.051902999985031784,54.610102999959054,802816,16.45080100024643,0.27861499984283,0.07190399992396124,33.35532700020849,401408,25.705855000069278,0.2165029995921941,0.051000999974348815,3.992554999967979,200704,0.83326499998293,0.15731199982838007,0.04990399975213222,0.0,100352
3,chain_5svc,199,110.64581800019369,86.61642799961555,24.029390000578132,2107392,4,33.60119199987821,0.36322000005384325,0.19021100024474435,69.9559390000104,602112,10.875839000163978,0.4083200001332443,0.0525020000168297,53.587352000249666,802816,16.25579099982133,0.29041600009804824,0.058603000070434064,33.66094300008626,401408,25.113845999840123,0.21280300006765174,0.050801000270439545,3.4623470000951784,200704,0.769759999911912,0.13741099974140525,0.04990400020687957,0.0,100352
3,chain_5svc,200,107.1510289998514,84.14204000018799,23.008988999663416,2107392,4,26.506693000101222,0.3369189998920774,0.1909100001284969,74.46339199987051,602112,14.376011000422295,0.41342099984831293,0.11080499962190515,55.29263600010381,802816,16.873823999958404,0.28901600035169395,0.06770399977540364,33.28862299986213,401408,25.65845499975694,0.20870300022579613,0.053200999900582246,4.1372569999111874,200704,0.7270569999491272,0.160212000082538,0.042303000100218924,0.0,100352
4,chain_5svc,1,104.59922799964261,83.33119899998565,21.268028999656963,2107392,4,27.989375999823096,0.3229180001653731,0.18521099991630763,70.53797199978362,602112,11.674674000005325,0.4490219998842804,0.06140300001789001,54.09686300026806,802816,16.6158090000863,0.2867159996640112,0.057304000165459,33.61144000018612,401408,26.473195000107808,0.2021029999923485,0.07810099987182184,3.607253000154742,200704,0.578144999963115,0.12761000016325852,0.032901999929890735,0.0,100352
4,chain_5svc,2,105.87676000022839,85.15363399965281,20.723126000575576,2107392,4,28.257090999886714,0.32681899983799667,0.18771000031847507,71.5845309996439,602112,11.428661999616452,0.4108210000595136,0.05920300009165658,55.426727999929426,802816,19.17004899996755,0.28471599989643437,0.059002999932999955,32.50937899974815,401408,25.641082000220194,0.17560299966135062,0.05530099997486104,3.5078519999842683,200704,0.6567499999619031,0.14761200009161257,0.039603999994142214,0.0,100352
4,chain_5svc,3,97.22314200007531,77.30227799993372,19.92086400014159,2107392,4,29.460157999892544,0.33001900010276586,0.18491099990569637,62.265605999982654,602112,10.910436999893136,0.5215259998294641,0.053203000334178796,46.75230200018632,802816,17.423753999992186,0.28671500012933393,0.05750299987994367,25.92581999988397,401408,18.89738199997737,0.17460300023230957,0.04200000012133387,3.3864500001072884,200704,0.6105470001784852,0.13851099993189564,0.03540299985616002,0.0,100352
4,chain_5svc,4,103.85140900007173,81.4719320005679,22.379476999503822,2107392,4,27.227533000313997,0.3323189998809539,0.1388079999742331,69.9086360000365,602112,11.22325300002558,0.4232209998917824,0.08050399992498569,53.92845500000476,802816,16.689214000052743,0.28511499976957566,0.06000300027153571,33.09241200031465,401408,25.72288400006073,0.20880299962300342,0.054201000239118,3.8948579999669164,200704,0.6090480001148535,0.13950999982625945,0.032701999771234114,0.0,100352
4,chain_5svc,5,115.49910200028535,94.90852699991592,20.590575000369427,2107392,4,27.568651999899885,0.3278180001871078,0.12190699999337085,82.46414299992466,602112,16.34460500008572,0.4159209997851576,0.088404000052833,61.14600999990216,802816,24.391935000039666,0.24621400007163174,0.08360499987247749,33.11971299990546,401408,25.983687000007194,0.18480300013834494,0.05360099976314814,4.0367600004174164,200704,0.6196479998834548,0.13601000000562635,0.036002999877382535,0.0,100352
4,chain_5svc,6,104.53652599971974,83.13202599947545,21.404500000244298,2107392,4,29.567164999662054,0.3293180002401641,0.1805100000638049,69.28370100013126,602112,10.387810999873182,0.9268459998565959,0.055002999943098985,54.04936100012492,802816,16.81562000021586,0.29611599984491477,0.07460500000888715,33.15841499988892,401408,25.761383999906684,0.24870400011423044,0.05290099988997099,3.794556999764609,200704,0.6000459998176666,0.13761099990006187,0.03640300019469578,0.0,100352
4,chain_5svc,7,111.75160799984951,89.52044299985573,22.23116499999378,2107392,4,28.428600000097504,0.33291899990217644,0.13520799984689802,77.62247000027855,602112,11.471065000023373,0.44482200019047013,0.05380199991122936,61.411723000219354,802816,17.507057999864628,0.296316999992996,0.05890300008104532,39.91568500032372,401408,31.455069000003277,0.19450299987511244,0.05110099982630345,5.016174000047613,200704,0.6586509998669499,0.14381100027094362,0.03740300007848418,0.0,100352
4,chain_5svc,8,97.43284799969842,77.75596300052712,19.676884999171307,2107392,4,26.760007000120822,0.3322190000289993,0.1924110001709778,65.01966099995116,602112,10.710828000355832,0.41131999978460954,0.058101999911741586,50.03686400004881,802816,12.274772000182566,0.28991599992878037,0.04470200019568438,34.26357500029553,401408,27.389907999804564,0.19250300010753563,0.051700999847525964,3.606553999816242,200704,0.6204480000633339,0.13891099979446153,0.034902000152214896,0.0,100352
4,chain_5svc,9,100.0247130000389,80.50476599964895,19.519947000389948,2107392,4,27.75286199994298,0.3282190000390983,0.1857110000855755,66.70985600021595,602112,11.533367000083672,0.45052199993733666,0.09270499958802247,50.73209700003645,802816,14.665802999843436,0.25461400036874693,0.05740300002798904,32.51958100008778,401408,25.93878700008645,0.21050299983471632,0.056600999869260704,3.354250000029424,200704,0.6139469996924163,0.13671100032297545,0.04370400029074517,0.0,100352
4,chain_5svc,10,105.05433900016214,83.34770799956459,21.706631000597554,2107392,4,29.189043999849673,0.3569200002857542,0.18941100006486522,69.68832400025349,602112,10.119397999915236,0.41052100004890235,0.05930299994361121,54.46408199986763,802816,16.553807000036613,0.2888160001930373,0.059003999922424555,33.959561999836296,401408,26.69679799964797,0.20240300000295974,0.05340100005923887,3.6291540000092937,200704,0.7886610001150984,0.1394109999637294,0.04550399989966536,0.0,100352
4,chain_5svc,11,97.48164899974654,77.82017899990024,19.661469999846304,2107392,4,29.828080000243062,0.32811799974297173,0.1212070001201937,61.884484000074735,602112,14.06409299988809,0.3993190002802294,0.07610400007251883,43.244628999673296,802816,16.557907999867894,0.2560140001151012,0.06150299986984464,23.353579999820795,401408,16.750650000176392,0.1902019998851756,0.03880099984598928,3.442851999807317,200704,0.6194479997247981,0.14931200030332548,0.03780200040637283,0.0,100352
4,chain_5svc,12,101.90145999968081,79.03869699975985,22.86276299992096,2107392,4,27.925771999889548,0.3374190000613453,0.13180799987821956,67.15628200026913,602112,12.801229999695352,0.4694230001405231,0.0618029998804559,49.84005400001479,802816,17.221144000359345,1.2227669999447244,0.07120300006135949,27.31779700025072,401408,20.505605999915133,0.19040300003325683,0.03979999974035309,3.2616479998068826,200704,0.5849449999004719,0.13271000034364988,0.034003000109805726,0.0,100352
4,chain_5svc,13,95.33119500019893,74.42374400034169,20.907450999857247,2107392,4,27.34053899985156,0.3573200001483201,0.18001000034928438,62.56202199983818,602112,11.443163999956596,0.4084200004399463,0.06670299990219064,46.72210000035193,802816,16.847722999955295,0.2891160002036486,0.057703000038600294,26.3304430000062,401408,18.192872000327043,0.17100199966080254,0.0555999999960477,3.413950999856752,200704,0.5994460002511914,0.12810999987777905,0.03430299966566963,0.0,100352
4,chain_5svc,14,96.54472600004738,76.63549899962163,19.909227000425744,2107392,4,28.65011299991238,0.3330190002088784,0.15180899981714902,62.32540900009553,602112,12.470113999825116,0.44492200004242477,0.06150299986984464,45.28183000002173,802816,17.67286799986323,0.28251599997020094,0.07000400000833906,23.801005000223086,401408,17.233756999758043,0.17040200009432738,0.03910100031134789,3.5981539999738743,200704,0.608647000262863,0.1429109997843625,0.03720299991982756,0.0,100352
4,chain_5svc,15,92.35051999985444,72.33513799974389,20.01538200011055,2107392,4,26.46959000003335,0.33041899996533175,0.1643099999455444,60.54310899980919,602112,10.267404999922292,0.41112000008070027,0.07150400006139535,45.86855800016565,802816,16.930026999943948,0.28791600016120356,0.05840399990120204,24.897863999740366,401408,18.05286899980274,0.17110299995692912,0.03990000004705507,3.647454000201833,200704,0.6152470000415633,0.1350109996565152,0.03810299995166133,0.0,100352
4,chain_5svc,16,96.02911199999653,75.9246800002984,20.104431999698136,2107392,4,31.074149000232865,0.32561799980612705,0.13020799997320864,59.4862490002015,602112,10.243604000152118,0.4062200000589655,0.054102999911265215,45.269128999734676,802816,16.413599999850703,0.29031499980192166,0.0587029999223887,25.000470000122732,401408,17.30465800028469,0.17870299961941782,0.037599999814119656,4.317964000165375,200704,0.8886689997780195,0.1695129999461642,0.04910400002700044,0.0,100352
4,chain_5svc,17,98.59907700001713,76.88084900019021,21.718227999826922,2107392,4,26.486590999866166,0.37052100014989264,0.1858110003922775,66.22842900014803,602112,11.5168669999548,0.46542299969587475,0.059502000112843234,50.0511639997967,802816,16.812821000257827,0.2802159997372655,0.06940399998711655,28.403756999978214,401408,21.399519000169676,0.16530199991393602,0.05220100001679384,3.5519529997145582,200704,0.6650509999417409,0.13621099969896022,0.04220300024826429,0.0,100352
4,chain_5svc,18,92.68272799999977,72.06045200018707,20.6222759998127,2107392,4,26.510393000080512,0.3218179999748827,0.13100699970891583,60.52470800023002,602112,10.816131999945355,0.4018199997517513,0.05650299999615527,44.54819300008239,802816,16.829922999932023,0.28981500008740113,0.0573030001760344,23.914411000077962,401408,17.31095800005278,0.16700300011507352,0.04069999977218686,3.160047000164923,200704,0.5930460001764004,0.1332100000581704,0.03440299997237162,0.0,100352
4,chain_5svc,19,98.2748689998516,75.54793499957668,22.726934000274923,2107392,4,26.177973999892856,0.31741800012241583,0.12390699976094766,65.39578199999596,602112,13.751776999924914,0.47592300006726873,0.06090300030336948,46.57709299999624,802816,17.88777999990998,0.3120169999419886,0.13250800020614406,24.811160000353993,401408,17.091454999899724,0.17150199983007042,0.03930100001525716,3.5943539996878826,200704,0.6389489999492071,0.1361109998470056,0.03370300009919447,0.0,100352
4,chain_5svc,20,106.63297800010696,84.57994000036706,22.0530379997399,2107392,4,26.462790000095993,0.37022099968453404,0.18770999986372772,73.7524520000079,602112,13.9224849999664,0.5729290000999754,0.05650299999615527,54.24857100024383,802816,16.732916999899317,0.30721700022695586,0.060602999838010874,33.736848999978974,401408,26.858901000196056,0.20560299981298158,0.06369999982780428,3.526353000324889,200704,0.6028470002092945,0.13411000009000418,0.03300299977126997,0.0,100352
4,chain_5svc,21,94.09216399990328,73.94415899989326,20.148005000010016,2107392,4,25.73944899995695,0.3235180001865956,0.17420999984096852,62.643227000080515,602112,10.491416000149911,0.3967200000261073,0.07020399971224833,47.78015200008667,802816,16.973229999621253,0.2886160000343807,0.059003000387747306,26.9119739996313,401408,19.86269600001833,0.17280200017921743,0.03950100017391378,3.8309579999804555,200704,0.8773680001468165,0.22561799960385542,0.05070399993201136,0.0,100352
4,chain_5svc,22,91.63140200007547,71.91666099924987,19.714741000825597,2107392,4,25.64317599990318,0.3231190003134543,0.19001300006493693,60.468058999958885,602112,11.165748999701464,0.4272209998816834,0.0901050002539705,44.691600999613,802816,16.745916999752808,0.2882160001718148,0.06650400018770597,24.13962300033745,401408,17.632563000006485,0.16630199979772442,0.0442010000369919,3.5467530001369596,200704,0.729255999885936,0.1561120002406824,0.04320299967730534,0.0,100352
4,chain_5svc,23,91.96241100016778,71.22436800045762,20.73804299971016,2107392,4,25.986944000123913,0.32462199988003704,0.10500700000193319,60.400854000363324,602112,10.258705000069313,0.4637229999389092,0.061703000028501265,45.09331999997812,802816,16.33619499989436,0.2857160002349701,0.055203000101755606,25.101275999986683,401408,17.91056700039917,0.17460299977756222,0.04330100000515813,3.846956999950635,200704,0.7319569999708619,0.18891499985329574,0.042503000258875545,0.0,100352
4,chain_5svc,24,92.36722000014197,71.95635900097841,20.41086099916356,2107392,4,26.737895000223943,0.3240219998588145,0.12090799964425969,60.29944700003398,602112,10.96724000035465,0.4950239999743644,0.05860299961568671,44.25547899973026,802816,16.716816000098333,0.2801159998853109,0.05850299976373208,23.868907999712974,401408,16.778250000243133,0.19770299968513427,0.03950000018448918,3.781656000228395,200704,0.756158000058349,0.16151299996636226,0.041802999930951046,0.0,100352
4,chain_5svc,25,99.7760059999564,80.29473000033249,19.481275999623904,2107392,4,26.155456000196864,0.3251220000493049,0.11310699983368977,68.69521099997655,602112,10.616422000111925,0.4174209998382139,0.05730299972128705,53.62973999990572,802816,16.475502999583114,0.2907160001086595,0.05920300009165658,33.481935000054364,401408,26.328293000005942,0.20300300002418226,0.05270099973131437,3.74175600018134,200704,0.719056000434648,0.15871199957473436,0.040002999867283506,0.0,100352
4,chain_5svc,26,100.05381299970395,80.03067499930694,20.02313800039701,2107392,4,26.84270200006722,0.33622299997659866,0.1917119998324779,67.95686099985687,602112,10.913537999840628,0.4524220003077062,0.057702000049175695,52.75769699983357,802816,16.429100999630464,0.2850150003723684,0.07010300032561645,32.34767200001443,401408,25.074873999983538,0.2054030001090723,0.05380099992180476,3.794957000081922,200704,0.7704599997850892,0.17031300012604333,0.04660400009015575,0.0,100352
4,chain_5svc,27,100.1698159998341,79.24039399949834,20.929422000335762,2107392,4,26.12725400013005,0.35132399989379337,0.18621199978952063,68.50739900028202,602112,11.334457999964798,0.46762300007685553,0.06880299997646944,52.506985000036366,802816,15.382242999748996,0.2486140001565218,0.056803000006766524,33.2462219998888,401408,25.673783000002004,0.20220299984430312,0.05199999986871262,4.101960999832954,200704,0.7226559996524884,0.16361300004064105,0.04240300040692091,0.0,100352
4,chain_5svc,28,96.17761600020458,74.77109899946299,21.406517000741587,2107392,4,26.38047100026597,0.3226220001124602,0.18591199977890938,64.31311699998332,602112,13.694173999738268,0.43652200020005694,0.06440300012400257,46.20707499998389,802816,17.441155999676994,0.2899160003835277,0.05600300028163474,24.856961999830673,401408,16.61504799994873,0.17650300014793174,0.039200000173877925,3.4485510000195063,200704,0.6402499998330313,0.1556120000714145,0.034202999813714996,0.0,100352
4,chain_5svc,29,100.60702700002366,79.59033599991017,21.016691000113497,2107392,4,32.29206800006068,0.39372599985654233,0.12400800005707424,62.69470899997032,602112,10.383010999703401,0.4181210001661384,0.05640300014420063,47.25322700005563,802816,16.593610000199988,0.29451599993990385,0.07130399990273872,26.63646000019071,401408,19.606891999956133,0.17370299974572845,0.043000999994546873,3.828556999906141,200704,0.7147549999899638,0.15971299990269472,0.04060299988850602,0.0,100352
4,chain_5svc,30,105.26284500019756,78.07681500025865,27.18602999993891,2107392,4,26.316866000342998,0.3447239996603457,0.18001199987338623,71.73841499979972,602112,13.432261000161816,0.46862299996064394,0.09090499997910229,51.22242199968241,802816,16.729417000078683,0.32131800026036217,0.08260399999926449,30.78208699980678,401408,20.82011099992087,0.17220200015799492,0.042099999973288504,3.857256999708625,200704,0.7781599997542799,0.15411200001835823,0.04690400010076701,0.0,100352
4,chain_5svc,31,93.32244500001252,73.25777599953653,20.064669000475988,2107392,4,26.129754000066896,0.34902299967143335,0.21051400017313426,61.60483500025293,602112,12.614220999694226,0.5105250002088724,0.06260300006033503,44.473688999914884,802816,16.267090999917855,0.2839160001713026,0.05940299979556585,24.46104099999502,401408,17.642162999891298,0.2564040000834211,0.03890100015269127,3.4201510002276336,200704,0.60454699996626,0.12821000018448103,0.03340300008858321,0.0,100352
4,chain_5svc,32,91.4988990002712,71.62222299984933,19.876676000421867,2107392,4,26.299566000034247,0.31442099998457707,0.17461100014770636,59.751011000116705,602112,11.162848999902053,0.40602000035505625,0.07020400016699568,44.21717700006411,802816,16.345695999916643,0.2818160000970238,0.06380300010278006,24.248028000329214,401408,17.08075500027917,0.17120199981945916,0.0411010000789247,3.9341589999821736,200704,0.7333569997172162,0.16151199997693766,0.04320400012147729,0.0,100352
4,chain_5svc,33,92.51682400008576,72.08504100026403,20.431782999821735,2107392,4,26.81480000001102,0.32442200017612777,0.1898119999168557,60.144136999952025,602112,10.669025999959558,0.40831999967849697,0.06320300008155755,45.0398180000775,802816,16.340396000032342,0.2932160000455042,0.05750300033469102,24.52244400001291,401408,17.520661000162363,0.16940299974521622,0.03880099984598928,3.585553999982949,200704,0.7401580000987451,0.1575119999870367,0.04020300002594013,0.0,100352
4,chain_5svc,34,102.1278660000462,80.83908900061942,21.288776999426773,2107392,4,26.31526599998324,0.34892400026365067,0.18141200007448788,69.64177400004701,602112,11.55256800029747,0.45092299978932715,0.0977049999164592,53.579738000280486,802816,16.776020000179415,0.29291600003489293,0.05800300004921155,32.82449900007123,401408,25.467579000178375,0.2323039998373133,0.05400099962571403,3.926557999875513,200704,0.7276559999809251,0.16071300024123047,0.04230299964547157,0.0,100352
4,chain_5svc,35,94.97958599968115,73.9258339999651,21.05375199971604,2107392,4,27.823766999972577,0.3307229999336414,0.11790799999289447,61.70694200000071,602112,10.56922099996882,0.43622099974527373,0.05510200026037637,46.28487799982395,802816,16.781320000063715,0.2882160001718148,0.0587029999223887,25.63500499991278,401408,18.005867999818292,0.17490300024292083,0.04000099988843431,3.988160000062635,200704,0.7456580001417024,0.16611299997748574,0.041602999772294424,0.0,100352
4,chain_5svc,36,102.78998199964917,82.35858799980633,20.43139399984284,2107392,4,26.18015699999887,0.32672199995431583,0.1919129999805591,71.04926900001374,602112,10.826932999862038,0.45102200010660454,0.058102999901166186,55.54393500005972,802816,16.954829000042082,0.28581600008692476,0.06000399980621296,34.64509800005544,401408,27.665411999805656,0.202703000013571,0.046100999952614075,3.674855000099342,200704,0.7312570000976848,0.1554119999127579,0.04290300012144144,0.0,100352
4,chain_5svc,37,108.8107340001443,87.52405200038993,21.286681999754364,2107392,4,28.4286080000129,0.32522199990125955,0.0956069998210296,74.65581199994631,602112,10.436713000217424,0.4253209999660612,0.054102999911265215,59.161912000035954,802816,16.553006999856734,0.29291600003489293,0.07330400012506288,38.78662599981908,401408,31.37566700024763,0.17030299977705,0.050800999815692194,4.1668620001473755,200704,0.7300570000552398,0.1523119999546907,0.040002999867283506,0.0,100352
4,chain_5svc,38,102.22636799971951,80.12702599990007,22.099341999819444,2107392,4,27.329133999955957,0.32582199992248206,0.17961200001082034,68.50839799972164,602112,11.081145999924047,0.4143199998907221,0.06280300021899166,52.20426999994743,802816,16.994031999729486,0.29081599996061414,0.061503000324591994,31.358119000287843,401408,23.998758000288944,0.17410299960829434,0.056999999742402,4.080261000126484,200704,0.7239560000016354,0.20081500042579137,0.037602999782393454,0.0,100352
4,chain_5svc,39,101.86885999974038,79.65383399960047,22.215026000139915,2107392,4,26.6710900000362,0.3233219999856374,0.11380800015103887,69.19894500015289,602112,10.460614999828977,0.4447220003385155,0.05630199984807405,53.241320999859454,802816,16.324793999956455,0.2832159998433781,0.06140400000731461,32.87060100001327,401408,25.482479999936913,0.20730400001411908,0.054600000112259295,4.02455999983431,200704,0.7148549998419185,0.14791200010222383,0.040902999899117276,0.0,100352
4,chain_5svc,40,103.02878800030157,79.01702600020144,24.011762000100134,2107392,4,26.049148999845784,0.31292100038626813,0.18491199989512097,70.8294549999664,602112,10.41961300006733,0.4199209997750586,0.060603000292758225,55.863749999844,802816,17.311048000010487,0.3292189999228867,0.06060399982743547,32.50088100003268,401408,24.525360000097862,0.25320299982922734,0.04130000024815672,3.5354520000510092,200704,0.7118560001799779,0.1529119999759132,0.04020300002594013,0.0,100352
4,chain_5svc,41,106.43317399990337,84.24798800024291,22.18518599966046,2107392,4,28.714027000205533,0.3244219997213804,0.13340899977265508,71.10407300024235,602112,12.600620000284835,0.45572299995910726,0.08020399991437444,53.799449000052846,802816,16.579609000018536,0.2909160002673161,0.05910299978495459,33.282724000400776,401408,25.633576000018365,0.24010300012378138,0.051000999974348815,3.975657999944815,200704,0.7201559997156437,0.16111300010379637,0.04240299995217356,0.0,100352
4,chain_5svc,42,98.1694659999448,77.39005799930965,20.779408000635158,2107392,4,26.288765000117564,0.32752100014477037,0.18691299965212238,66.26064800002496,602112,12.71682599963242,0.4627230000551208,0.055903000429680105,48.70909800001755,802816,16.48150299979534,0.31331700029113563,0.07450500015693251,28.505062000022008,401408,21.219910999661806,0.17300300032729865,0.041400000100111356,4.005157999927178,200704,0.6830530001025181,0.148511999668699,0.04130300021643052,0.0,100352
4,chain_5svc,43,94.41587200035428,73.4678979997625,20.947974000591785,2107392,4,26.175156999670435,0.3322219999972731,0.18581299991637934,62.869920000139246,602112,9.829084000102739,0.4506219997892913,0.05530199996428564,47.4454360000891,802816,16.393398999753117,0.32261700016533723,0.05850300021847943,27.131586999985302,401408,20.292398000037792,0.1762020001478959,0.04169999965597526,3.6138529999334423,200704,0.777860000198416,0.16631300013614236,0.04220399978294154,0.0,100352
4,chain_5svc,44,95.4409979999582,75.16421599984824,20.27678200010996,2107392,4,25.939840999853914,0.3292219998911605,0.10900699999183416,63.790482000058546,602112,9.91968900007123,0.40211899977293797,0.08790400033831247,49.485537000236945,802816,16.600410000137344,0.29241599986562505,0.0573030001760344,28.90568400016491,401408,22.026922999884846,0.17940299994734232,0.041599999804020626,3.6407529996722587,200704,0.6773529999009043,0.13501000012183795,0.034903000141639495,0.0,100352
4,chain_5svc,45,108.70403099988835,84.75670299958438,23.94732800030397,2107392,4,25.69862500013187,0.3270219999649271,0.118407999707415,77.22728399994594,602112,10.939637999854313,0.43402200026321225,0.07270400010384037,60.697588000039104,802816,17.18154099989988,0.36992100012867013,0.05710300001737778,39.33965599981093,401408,30.224242999793205,0.24890400027288706,0.041001000226970064,3.752555000119173,200704,0.7126559999051096,0.2508190000298782,0.040902999899117276,0.0,100352
4,chain_5svc,46,95.50780000017767,75.03871500011883,20.46908500005884,2107392,4,27.640754999993078,0.3332229998704861,0.16191099985007895,62.06886600011785,602112,10.135098999853653,0.4063200003656675,0.08890399976735353,47.24242600013895,802816,16.62221100013994,0.28731500015055644,0.06200400002853712,26.974278000125196,401408,19.90209199993842,0.1751029999468301,0.048000000333559,3.663454000161437,200704,0.7385580001937342,0.1626129997021053,0.05150400011189049,0.0,100352
4,chain_5svc,47,102.35427099996741,80.94739199987089,21.406879000096524,2107392,4,26.2319599996772,0.3287230001660646,0.12970900024811272,70.34682299990891,602112,11.618372000157251,0.5104249999021704,0.057703000038600294,53.756447000068874,802816,16.893726000034803,0.28871499989691074,0.060303999816824216,32.71529299991016,401408,25.406371999906696,0.18140299971491913,0.05230100032349583,4.00405900018086,200704,0.7969620000949362,0.1622119998501148,0.04310400026952266,0.0,100352
4,chain_5svc,48,98.5451749997992,75.37489699961952,23.170278000179678,2107392,4,26.002845000220987,0.3276219999861496,0.1212090000990429,66.77588200000173,602112,11.416563999773643,0.5371260003812495,0.07330400012506288,50.14607700013585,802816,16.999131999909878,0.29661600001418265,0.06030299982739962,28.833880000092904,401408,20.17939600000318,0.19680300010804785,0.04220099981466774,5.445580000014161,200704,0.7769599997118348,0.15901300002951757,0.04020300002594013,0.0,100352
4,chain_5svc,49,103.52349999993748,81.91490200078988,21.608597999147605,2107392,4,26.21125999985452,0.3228209998269449,0.1836120000007213,71.94475400001465,602112,16.470814000058454,0.42352099990239367,0.07560299991382635,51.06962299987572,802816,12.52918700038208,0.3319179995742161,0.04240199996274896,33.029809999788995,401408,25.92028000026403,0.20690299970738124,0.054100999932416016,3.7270549996719637,200704,0.7833610002307978,0.16571300011491985,0.04410299970913911,0.0,100352
4,chain_5svc,50,92.73212999960379,72.3287359992355,20.40339400036828,2107392,4,25.6525380000312,0.3318190001664334,0.12830700006816187,61.52274899977783,602112,10.612124999624939,0.4103200003555685,0.08200399997804197,46.082576000117115,802816,17.327048999959516,0.29181599984440254,0.06070400013413746,24.69695399986449,401408,17.963163999866083,0.17500200010545086,0.042300000131945126,3.552652000053058,200704,0.7738599997537676,0.15591200008202577,0.04170400006842101,0.0,100352
4,chain_5svc,51,100.99303699962547,79.90033699979904,21.092699999826436,2107392,4,26.30597500001386,0.32881900006032083,0.13410700012173038,68.42573600033575,602112,10.36621200000809,0.3999200002908765,0.06250299975363305,53.508342999975866,802816,16.656611999678717,0.31821800030229497,0.056303000292246,33.10531400029504,401408,25.799277999794867,0.20560300026772893,0.062201000218919944,3.957358000207023,200704,0.7722600003035041,0.1543119997222675,0.044702999730361626,0.0,100352
4,chain_5svc,52,101.49805000037304,80.51107400024193,20.986976000131108,2107392,4,26.410681000015757,0.335818999701587,0.18691000013859593,69.01816899971891,602112,10.871537000184617,0.41632000011304626,0.061702999573753914,53.795556999830296,802816,16.716615999939677,0.2778150001176982,0.06220300019776914,33.19821900004172,401408,25.701776999994763,0.20320300018283888,0.05610100015474018,3.8468560001092555,200704,0.81046300010712,0.15891200018813834,0.04330399997343193,0.0,100352
4,chain_5svc,53,93.25660000013158,72.83565799980352,20.42094200032807,2107392,4,26.26237200001924,0.32651900028213277,0.19051099980060826,61.32153799990192,602112,10.656627000116714,0.41262000013375655,0.060802999996667495,45.53014900011476,802816,16.993030999856273,0.2880160000131582,0.05780299989055493,24.628450000363955,401408,18.132965999939188,0.1710020001155499,0.04000099988843431,3.435949999584409,200704,0.7906619998720998,0.1622119998501148,0.05100399994262261,0.0,100352
4,chain_5svc,54,98.54383499987307,76.5849509994041,21.95888400046897,2107392,4,26.480983999590535,0.32651800029270817,0.10000600013881922,65.66258199973163,602112,9.612874999675114,0.4062200000589655,0.05830300005982281,51.11932599993452,802816,21.218263000264415,0.32521799994356115,0.07060399957481422,25.57460199977868,401408,18.53357199979655,0.1768020001691184,0.04040100020574755,3.688554000291333,200704,0.7392570000774867,0.1898149998851295,0.04220299979351694,0.0,100352
4,chain_5svc,55,108.70550000026924,87.53847399930237,21.16702600096687,2107392,4,26.673394999761513,0.3375189999132999,0.11970700006713741,76.13646800018614,602112,10.725129000093148,0.41252099981647916,0.05810300035591354,60.74840100018264,802816,24.185625999962213,0.29871600008846144,0.07450399971276056,32.79169699999329,401408,25.259269999878597,0.202703000013571,0.05620100000669481,3.992458000084298,200704,0.6950539996068983,0.15961300005074008,0.03810300040640868,0.0,100352
4,chain_5svc,56,101.49784100030956,81.52183499987586,19.9760060004337,2107392,4,27.749355000196374,0.4261239996594668,0.1872110001386318,68.26692699996784,602112,10.239606000141066,0.40492000016456586,0.05730299972128705,53.5012430000279,802816,17.202042999997502,0.27751500010708696,0.05710300001737778,32.761196000137716,401408,25.599374999728752,0.19900300003428129,0.06890100030432222,3.9303580001615046,200704,0.7314559998121695,0.16171300012501888,0.04020400001536473,0.0,100352
4,chain_5svc,57,104.87666199969681,84.78215299965086,20.094509000045946,2107392,4,27.47903999988921,0.32251899983748444,0.1764100002219493,71.97843599988119,602112,10.70562900031291,0.4024199997729738,0.07370299999820418,56.91481100029705,802816,16.320293999797286,0.28481600020313635,0.06030299982739962,37.012227999639435,401408,29.55073299972355,0.20600300013029482,0.08810200006337254,3.7117550000402844,200704,0.7264569999279047,0.16461199993500486,0.041403000068385154,0.0,100352
4,chain_5svc,58,105.51138599976184,81.57262700024148,23.93875899952036,2107392,4,32.16550300021481,0.36532000012812205,0.17700999978842447,65.92469599991091,602112,11.073746999954892,0.6050300003153097,0.052102999688941054,50.24358199989365,802816,16.70301500007554,0.28511599975900026,0.07200399977591587,28.457558999889443,401408,20.912407000196254,0.17020199993567076,0.0525010000274051,3.942558000289864,200704,0.7179549997999857,0.15071200004967977,0.09450800007471116,0.0,100352
4,chain_5svc,59,105.19237300013629,85.2622419997715,19.93013100036478,2107392,4,36.41684200010786,0.3270180000072287,0.2635149999150599,62.99443199986854,602112,10.503319000235933,0.4048199998578639,0.05690299985872116,48.01617200018882,802816,16.77811899980952,0.28291599983276683,0.05800300004921155,27.67691700000796,401408,20.85030599982929,0.17660299999988638,0.0494000000799133,3.627652999966813,200704,0.713655999788898,0.16221200030486216,0.04170300007899641,0.0,100352
4,chain_5svc,60,107.54475799967622,85.815776999425,21.728981000251224,2107392,4,38.89138100021228,0.390821999644686,0.1782099998308695,61.83436699984668,602112,10.947640999802388,0.4488220001803711,0.06280300021899166,46.14238000021942,802816,16.81642199991984,0.2901150000980124,0.05890300008104532,25.532699999985198,401408,18.33646899967789,0.17560300011609797,0.0390000000152213,4.028558999834786,200704,0.8238639998126018,0.15031200018711388,0.040703000195208006,0.0,100352
4,chain_5svc,61,95.72523499991803,75.73863899915523,19.986596000762802,2107392,4,27.45523899966429,0.3216180002709734,0.1253069999620493,62.65191300008155,602112,11.265756999819132,0.41492000036669197,0.07450300017808331,47.00712200019552,802816,16.497703999903024,0.29041600009804824,0.057703000038600294,26.652560000002268,401408,19.915991999823746,0.1699019999250595,0.04290100014259224,3.3450490000177524,200704,0.6039469999450375,0.13151000030120485,0.035603000014816644,0.0,100352
4,chain_5svc,62,94.93350499997177,74.19576200027223,20.73774299969955,2107392,4,27.824259000226448,0.3278190001765324,0.21081199975014897,60.89871399990443,602112,11.546670999905473,0.41671999997561215,0.06480299998656847,44.901717999891844,802816,16.581508999934158,0.2919160001511045,0.05890300008104532,24.766257000010228,401408,17.375155000081577,0.17370199975630385,0.04020100004709093,4.241061999891826,200704,0.8681680001245695,0.5193399997551751,0.047402999825862935,0.0,100352
4,chain_5svc,63,96.7878730002667,76.58026700073606,20.207605999530642,2107392,4,30.48560900015218,0.33971899983953335,0.134007999804453,60.787708000134444,602112,10.958241000025737,0.41102000022874563,0.057703000038600294,44.91591799978778,802816,16.34579500023392,0.28671600011875853,0.058303999594500056,24.65095100023973,401408,18.05086400008804,0.176803000158543,0.04000099988843431,3.2072469998638553,200704,0.7397580002361792,0.1643129999138182,0.044503000026452355,0.0,100352
4,chain_5svc,64,92.83353099999658,71.84632000007696,20.987210999919625,2107392,4,26.672896000036417,0.38932200004637707,0.19200999986423994,59.91985899981955,602112,10.37751300009404,0.40091899973049294,0.05510299979505362,45.270836999861785,802816,16.30449399999634,0.28901500036226935,0.05730299972128705,24.80355999978201,401408,17.75705999989441,0.17830300021159928,0.04240099997332436,3.8124560001051577,200704,0.734357000055752,0.1522119996479887,0.03720299991982756,0.0,100352
4,chain_5svc,65,93.00573700011228,73.51042600021174,19.49531099990054,2107392,4,26.608092000060424,0.3658209998320672,0.23261300020749331,60.76570699997319,602112,12.78033200014761,0.4767229997924005,0.056601999858685303,43.675457000063034,802816,16.33289599976706,0.28171500025564455,0.061903000187157886,23.686699000336375,401408,17.085050999867235,0.17530200011606212,0.03870000000461005,3.533951999997953,200704,0.7040550003694079,0.15471200003958074,0.03940299984606099,0.0,100352
4,chain_5svc,66,98.63313799996831,77.52639300042574,21.10674499954257,2107392,4,28.52399899984448,0.40132200001608,0.13090800030113314,64.54771899961997,602112,10.101899000346748,0.40401999967798474,0.05860299961568671,49.78045899997596,802816,19.401363000270067,0.2915159998337913,0.056102999678842025,26.49825199978295,401408,18.762574999982462,0.4369069997665065,0.04290000015316764,3.5876520000783785,200704,0.7365569999819854,0.16561300026296522,0.04220299979351694,0.0,100352
4,chain_5svc,67,101.47054100025343,80.66822999990109,20.802311000352347,2107392,4,33.86279799997283,0.32951900038824533,0.18580999994810554,61.697858999650634,602112,9.701680000034685,0.3924190000361705,0.06120299985923339,47.22813299986228,802816,16.486402999817074,0.2944160000879492,0.05450300022857846,27.14758799993433,401408,19.883192000179406,0.17430199977752636,0.04600000011123484,3.766255000300589,200704,0.7341569998970954,0.16171300012501888,0.04220300024826429,0.0,100352
4,chain_5svc,68,111.39449600022999,89.81096100023933,21.58353499999066,2107392,4,30.914232999748492,0.39852200006862404,0.18761100000119768,74.96930199977214,602112,12.391212000238738,0.405519999731041,0.09700500004328205,58.04536699997698,802816,16.971730000022944,0.2933160003522062,0.0722039999345725,36.8229179998707,401408,28.69792100000268,0.2075030001833511,0.0555999999960477,4.518765999819152,200704,0.8358650002264767,0.1699129998087301,0.04600400006893324,0.0,100352
4,chain_5svc,69,102.93019299979278,81.81485500017516,21.115337999617623,2107392,4,26.82970399973783,0.335919000008289,0.12500699995143805,69.82851399970968,602112,11.54677000022275,0.4154210000706371,0.05830300005982281,53.77325600011318,802816,17.463356999996904,0.3323179998915293,0.05470299993248773,32.46687999990172,401408,25.28427000015654,0.17000299976643873,0.04390100002638064,4.1617609999775595,200704,0.6907540000611334,0.1598120002199721,0.041802999930951046,0.0,100352
4,chain_5svc,70,96.60856599975887,76.89009799969426,19.718468000064604,2107392,4,26.690295999742375,0.3162180000799708,0.18711000029725255,64.58382099981463,602112,10.24550600004659,0.41212099995391327,0.07920400003058603,49.927966999803175,802816,16.723016000014468,0.286116000097536,0.05960399994364707,29.567319999841857,401408,22.601930999826436,0.17110199996750453,0.04460099989955779,3.6282529999880353,200704,0.6293490000643942,0.13491099980456056,0.03350199995111325,0.0,100352
4,chain_5svc,71,101.99055900011444,80.86922300117294,21.121335998941504,2107392,4,27.654850000089937,0.330718999975943,0.13580799986812053,68.2493260001138,602112,13.659375000315777,0.4894240000794525,0.06650299974353402,49.47024400007649,802816,16.75481900019804,0.28371500002322136,0.07670400009374134,29.042392000064865,401408,22.079423000377574,0.17840299960880657,0.04270099998393562,3.649452999979985,200704,0.7207560001916136,0.15171199993346818,0.04150299992033979,0.0,100352
4,chain_5svc,72,96.49776200012639,75.98127600022053,20.516485999905854,2107392,4,27.172623999831558,0.3326179999021406,0.11550600038390257,64.07349199980672,602112,12.456715000098484,0.4111199996259529,0.06270399990171427,46.99622199996156,802816,16.458302000046388,0.3282180000496737,0.05730399971071165,26.3046420000137,401408,19.196280999949522,0.17540299995744135,0.0390010000046459,3.592153000226972,200704,0.6973540002945811,0.14041099984751781,0.04350300014266395,0.0,100352
4,chain_5svc,73,99.150457000178,78.31599699920844,20.834460000969557,2107392,4,27.96246699972471,0.5156289998922148,0.12310700003581587,65.43976900002235,602112,11.02804499987542,0.4784230000041134,0.05380300035540131,49.50984599963704,802816,16.239589999713644,0.2870160001293698,0.0646030002826592,29.239602999950876,401408,22.18022499982908,0.1761029998306185,0.04170100010014721,3.892857000209915,200704,0.9056700000655837,0.16131299980770564,0.04300399996282067,0.0,100352
4,chain_5svc,74,99.90938500004631,78.08079799997358,21.82858700007273,2107392,4,27.31153099966832,0.3188180003235175,0.1299069999731728,67.11336299986215,602112,10.869836999972904,2.057702000001882,0.05380299990065396,49.96356899982857,802816,17.39325300013661,0.2821149996634631,0.05470299993248773,28.92868599974463,401408,21.77041899994947,0.19580300022425945,0.051000999974348815,3.6723540001730726,200704,0.7357580002462782,0.28082199969503563,0.04120299990972853,0.0,100352
4,chain_5svc,75,94.85930300024847,74.7064480001427,20.152855000105774,2107392,4,28.550500000164902,0.318117999995593,0.11360700000295765,60.522292999849014,602112,10.330809999686608,0.40662000037627877,0.06980400030442979,45.76526099981493,802816,16.685215000052267,0.3015160000359174,0.05710300001737778,25.390691999746196,401408,18.466271000306733,0.16610200009381515,0.041199999941454735,3.7286540000422974,200704,0.6736519999321899,0.1467120000597788,0.036002999877382535,0.0,100352
4,chain_5svc,76,101.10872799987192,79.9545129998478,21.154215000024124,2107392,4,28.27918499997395,0.319318000038038,0.11690600013025687,66.1818100002165,602112,10.045695999906457,0.4638230002456112,0.05280300001686555,51.58994800012806,802816,16.882225000244944,0.28161599993836717,0.05800300004921155,30.907093999758217,401408,24.040851999870938,0.18080300014844397,0.050100999942515045,3.2003470000745438,200704,0.7065549998515053,0.13271099987832713,0.034701999993558275,0.0,100352
4,chain_5svc,77,106.98033800008488,84.3790449998778,22.60129300020708,2107392,4,27.030714999909833,0.32211799998549395,0.12870799992015236,72.7949809997881,602112,10.748330999831524,0.518126000315533,0.058803000229090685,57.42023699986021,802816,16.621410999960062,0.2892160000556032,0.06240299990167841,36.99892800023008,401408,29.19942800008357,0.2085030000671395,0.05250099957265775,3.9615579999008332,200704,0.7791600000928156,0.1602130000719626,0.04220399978294154,0.0,100352
4,chain_5svc,78,101.15492899967649,81.15721699914502,19.997712000531465,2107392,4,27.69355199961865,0.3375190003680473,0.18651100026545464,67.57718900007603,602112,10.735129999829951,0.44332200013741385,0.06320300008155755,52.35408599992297,802816,16.70821599964256,0.28321500030870084,0.06850399995528278,32.12266000036834,401408,25.416771999971388,0.18020300012722146,0.053900999773759395,3.233647999877576,200704,0.6035470000824716,0.13490999981513596,0.03660299989860505,0.0,100352
4,chain_5svc,79,98.50923399972089,77.09587599993029,21.413357999790605,2107392,4,26.142266000078962,0.33391899978596484,0.13810700011163135,66.79134500018336,602112,10.424914999930479,1.2601620001078118,0.07290399980774964,51.374438000038936,802816,16.27839299999323,0.28731500015055644,0.05830300005982281,31.406421000156115,401408,23.516045000178565,0.276303999726224,0.04010099974038894,4.238361999796325,200704,0.73425699974905,0.16161300027306424,0.04310299982535071,0.0,100352
4,chain_5svc,80,119.74579600018842,94.58403200005705,25.16176400013137,2107392,4,35.777206000148,0.33401900009266683,0.10530500003369525,78.4086959997694,602112,15.21405199991932,0.4169200001342688,0.06050299998605624,53.6557499999617,802816,17.056834999948478,0.2940160002253833,0.061003000155324116,32.99170799982676,401408,25.749678000011045,0.2069030001621286,0.05409999994299142,3.8026560000616882,200704,0.7862610000302084,0.17021399980876595,0.03640300019469578,0.0,100352
4,chain_5svc,81,99.54097099989667,74.2734640002709,25.267506999625766,2107392,4,27.173124000000826,0.6429360000765882,0.18961000023409724,64.16549700043106,602112,12.922038999931829,0.4036200002701662,0.06610299988096813,46.56610099982572,802816,16.4048990000083,0.2807159999065334,0.08110400040095556,23.7648019997323,401408,17.118951000156812,0.17940199995791772,0.039601000025868416,3.2499480003025383,200704,0.6544510001731396,0.1470109996262181,0.03820299980361597,0.0,100352
4,chain_5svc,82,98.6442389998956,77.13579100027346,21.50844799962215,2107392,4,28.18148000005749,0.3201169997737452,0.18141100008506328,64.60302200002843,602112,11.143449999963195,0.4972250003447698,0.053403000038088067,48.50559600026827,802816,16.274992000035127,0.2835160003087367,0.057703000038600294,28.288350000366336,401408,20.67980300034833,0.17730299987306353,0.03999999989900971,4.129160000047705,200704,0.8560659998693154,0.16871300022103242,0.04910400002700044,0.0,100352
4,chain_5svc,83,107.83836899963717,84.57885400048326,23.259514999153907,2107392,4,27.448139000171068,0.33031799966920516,0.09910500011756085,74.72398900017652,602112,15.87158400025146,0.45362299988482846,0.06340299978546682,51.79175800003577,802816,16.857223999977577,0.2869149998332432,0.061203999848657986,31.31751599994459,401408,23.615846000211604,0.17420299991499633,0.053701000069850124,4.081460000179504,200704,0.7860609998715518,0.16521299994565197,0.06490500027211965,0.0,100352
4,chain_5svc,84,103.43011099985233,82.01464999956443,21.415461000287905,2107392,4,26.066261999858398,0.3220180001335393,0.11130600023534498,71.80562599978657,602112,12.864235000051849,0.41522099991198047,0.06380399963745731,54.30808299979617,802816,16.820821999772306,0.2829150002980896,0.05840299991177744,32.77339599981133,401408,25.529974000164657,0.20400299990797066,0.0587009999435395,3.956658000333846,200704,0.7333569997172162,0.16631300013614236,0.041203000364475884,0.0,100352
4,chain_5svc,85,93.9336699998421,73.08386400018207,20.84980599966002,2107392,4,26.04526100003568,0.3133169998363883,0.09590499985279166,61.877468999682605,602112,11.204454000107944,0.4073200002494559,0.05910199979552999,46.10857699981352,802816,16.860124000231735,0.28701499968519784,0.07000400000833906,25.51339799993002,401408,18.23846799970852,0.16990200037980685,0.04149999995206599,3.9428569998563034,200704,0.735557000098197,0.16551299995626323,0.042504000248300144,0.0,100352
4,chain_5svc,86,114.8001189999377,93.4271009996337,21.373018000304,2107392,4,39.53871599969716,0.3313189999971655,0.20221100021444727,68.82045800011838,602112,10.586323000097764,0.4071200000907993,0.07140300022001611,53.569645999687054,802816,17.00693200018577,0.28831600002376945,0.06270299991228967,32.816498000102,401408,25.583174999610492,0.2127030002156971,0.052801000038016355,3.817156000422983,200704,0.7119550000425079,0.16761300003054203,0.0428030002694868,0.0,100352
4,chain_5svc,87,101.73314999974536,82.20424699948126,19.52890300026411,2107392,4,32.50672299964208,0.32431800036647473,0.17881000030683936,64.02208899999096,602112,14.027192999947147,0.42822100022021914,0.09920499996951548,45.309438000003865,802816,16.6343109999616,0.28521600006570225,0.07040399987090495,24.876562999907037,401408,18.376969000200916,0.1834029999372433,0.04000099988843431,3.4111499999198713,200704,0.6590509997295158,0.1494110001658555,0.09240800000043237,0.0,100352
4,chain_5svc,88,99.1272559999743,78.98699599900283,20.140260000971466,2107392,4,27.533642999969743,0.3250190002290765,0.16971000013654702,66.10250600033396,602112,11.328859999593988,0.4970240001966886,0.056803000006766524,50.44889200007674,802816,16.39499800012345,0.2879159997064562,0.06250399974305765,29.969542999879195,401408,23.008637999737402,0.17440200008422835,0.04269999999451102,3.5687519998646167,200704,0.7208569995782454,0.15991200007192674,0.038903000131540466,0.0,100352
4,chain_5svc,89,101.88475599989033,82.15443700009928,19.730318999791052,2107392,4,27.237926999987394,0.3199180000592605,0.18180999995820457,69.32618600012574,602112,11.42156400010208,0.4423219997988781,0.051901999995607184,53.45343999988472,802816,16.65121199994246,0.2843160000338685,0.07460400001946255,33.16981800026042,401408,26.202183999885165,0.20970300010958454,0.056601000324008055,3.540251999766042,200704,0.6415500001821783,0.13480999996318133,0.039803000163374236,0.0,100352
4,chain_5svc,90,103.85022499986007,82.35675200057813,21.49347299928195,2107392,4,28.107876000376564,0.3347179999764194,0.17940999987331452,68.6492489999182,602112,11.174552000284166,0.4086199996891082,0.06820299995524692,52.80980899988208,802816,21.065954999812675,0.3100170001744118,0.0697039999977278,28.060438000011345,401408,21.285511999849405,0.1712030002636311,0.03980000019510044,3.5871519999091106,200704,0.722857000255317,0.15941199990265886,0.04390300000522984,0.0,100352
4,chain_5svc,91,97.21608800009562,76.40497000011237,20.811117999983253,2107392,4,28.36079000007885,0.3276190000178758,0.11810599971795455,63.74187399978837,602112,12.943639000241092,0.41042099974220037,0.06210299989106716,45.1930330000323,802816,16.952828999819758,0.2840150000338326,0.05760300018664566,24.368835000132094,401408,17.415655000149854,0.17460299977756222,0.03999999989900971,3.5529520000636694,200704,0.7320569998228166,0.16971300010482082,0.10020800027632504,0.0,100352
4,chain_5svc,92,102.77638700017633,82.45278299955316,20.323604000623163,2107392,4,26.782401999753347,0.33291799991275184,0.13450699998429627,70.8221700001559,602112,13.235653999799979,0.4768230000991025,0.06720300007145852,52.80790799997703,802816,16.49560299983932,0.2888160001930373,0.05770400002802489,32.187664000048244,401408,25.247070000204985,0.256803999945987,0.05230099986874848,3.34444899999653,200704,0.6920539999555331,0.1525110001239227,0.03920300014215172,0.0,100352
4,chain_5svc,93,111.68140600011611,89.25888700014184,22.422518999974272,2107392,4,35.19497300021612,0.6411360000129207,0.1906109996525629,68.7261530001706,602112,10.507919000247057,0.44702200011670357,0.05960299995422247,53.74715500011007,802816,17.410554999969463,0.25591399980839924,0.07430400000885129,32.825498999955016,401408,25.247169999602193,0.20670300000347197,0.05240100017545046,3.979657999934716,200704,0.8982700001070043,0.1585129998602497,0.047203000121953664,0.0,100352
4,chain_5svc,94,100.62850999975126,80.42485200076044,20.20365799899082,2107392,4,25.866150000183552,0.3240179999011161,0.18260999968333635,69.00706899978104,602112,10.749031000159448,0.4102200000488665,0.05840299991177744,54.10337199964488,802816,16.98773100042672,0.29281599972819095,0.06000299981678836,33.37332899991452,401408,26.070681999954104,0.2224029999524646,0.05330100020728423,3.75445600002422,200704,0.7512580000366142,0.1571120001244708,0.040903999888541875,0.0,100352
4,chain_5svc,95,98.82434500013915,79.39262699983374,19.43171800030541,2107392,4,26.295673999811697,0.34722000009423937,0.12240700016263872,67.49038299994936,602112,10.44631600007051,0.4305209999984072,0.0566029998481099,52.59349799962365,802816,16.498504000082903,0.2921159998550138,0.06210299989106716,32.39557599999898,401408,25.35567099994296,0.20500299979175907,0.053901000228506746,3.537451999818586,200704,0.7964619999256684,0.16311200033669593,0.044003999846609076,0.0,100352
4,chain_5svc,96,94.68829699972048,75.064526999995,19.623769999725482,2107392,4,26.163967000229604,0.3440189998400456,0.13080799999443116,63.4821590001593,602112,9.525671000119473,0.42602099983923836,0.05450299977383111,49.64005200008614,802816,21.53627999996388,0.2817159997903218,0.05780300034530228,24.235128000327677,401408,17.095150999921316,0.17110199996750453,0.04089999993084348,3.469051000138279,200704,0.7434579997607216,0.16011300022000796,0.042303000100218924,0.0,100352
4,chain_5svc,97,92.05560300006255,72.20016599967494,19.85543700038761,2107392,4,27.415536000262364,0.3278189997217851,0.17771000011634897,59.51773700007834,602112,10.427714999877935,0.43122199986100895,0.054602000091108494,44.413493999854836,802816,16.387398000006215,0.2891160002036486,0.05940299979556585,24.064119000286155,401408,17.131150999830425,0.17150200028481777,0.038301000131468754,3.7826560001121834,200704,0.8383659996979986,0.15861200017752708,0.04240299995217356,0.0,100352
4,chain_5svc,98,101.96445800011134,81.17965700012064,20.784800999990694,2107392,4,34.800550999989355,0.3602209999371553,0.1795100001800165,60.8442110001306,602112,12.275406999833649,0.4643229999601317,0.08680400014782208,44.06657699973948,802816,16.28969200010033,0.2843160000338685,0.06820399994467152,23.94441199976427,401408,17.09555100023863,0.17060299978766125,0.03909999986717594,3.4907509998447495,200704,0.7184559999586781,0.1577120001456933,0.039803000163374236,0.0,100352
4,chain_5svc,99,109.89434199973402,88.1160409999211,21.778300999812927,2107392,4,30.029683000066143,0.6040339999344724,0.14070799988985527,73.27840800007834,602112,10.439315999974497,0.40682000008018804,0.05490300009114435,58.38588400001754,802816,30.036745999950654,0.2813149999383313,1.037656999869796,23.24977399985073,401408,17.020949999732693,0.1720029999887629,0.039600000036443816,3.206347000286769,200704,0.5893460001971107,0.13130999968780088,0.035603000014816644,0.0,100352
4,chain_5svc,100,91.94489900028202,72.59828500036747,19.346613999914553,2107392,4,31.416662000083306,0.32101799979500356,0.14950800004953635,55.13779099965177,602112,10.313909000160493,0.40992100002767984,0.05760299973189831,40.08017999967706,802816,12.696295999830909,0.27751500010708696,0.05350300034479005,23.72319999994943,401408,17.367455000112386,0.1681020003161393,0.03819999983534217,3.5424520001470228,200704,0.8039630001803744,0.16111199965962442,0.042702999962784816,0.0,100352
4,chain_5svc,101,95.92794099989987,74.25909499988848,21.6688460000114,2107392,4,27.484641000228294,0.3161169997838442,0.1336079999418871,61.43475299995771,602112,11.051446000237775,0.46192299987524166,0.06920299983903533,45.809663,802816,18.37700699979905,0.2899160003835277,0.056803000006766524,23.522988999957306,401408,16.600442999788356,0.17030300023179734,0.03890000016326667,3.788655000334984,200704,0.7455579998350004,0.17111299985117512,0.04000400031145546,0.0,100352
4,chain_5svc,102,96.87957500000266,72.79493099986212,24.084644000140543,2107392,4,27.68676100004086,0.319318000038038,0.1025060000756639,64.0162079998845,602112,10.706227999889961,0.4160210000918596,0.054303000069921836,48.10827600022094,802816,17.309848999957467,0.2855150000868889,0.0753039998926397,23.037663000195607,401408,16.420241000105307,0.17440200008422835,0.039201000163302524,3.468950999831577,200704,0.6718519998685224,0.15131200007090229,0.16361300004064105,0.0,100352
4,chain_5svc,103,106.9629629996598,85.78322700032004,21.179735999339755,2107392,4,27.767665999817837,0.32341800033464096,0.12110599982406711,73.40943799999877,602112,11.650475999886112,0.44382200030668173,0.05640300014420063,56.686899999931484,802816,16.528506000213383,0.27871499969478464,0.05750299987994367,36.614105999888125,401408,29.171027000302274,0.2033030000347935,0.05380099992180476,3.9729579998493136,200704,0.6655520001004334,0.15801199970155722,0.0359030000254279,0.0,100352
4,chain_5svc,104,102.4488839998412,79.83755799932624,22.611326000514964,2107392,4,27.398043999710353,0.3136180002911715,0.12510700025814003,68.6642710002161,602112,10.914438999861886,0.4187210001873609,0.05260300031295628,53.395837000152824,802816,22.976858999754768,0.24911399987104232,0.06020299997544498,26.747365000119316,401408,17.84996200012756,0.2751040001385263,0.03839999999399879,3.823156000180461,200704,0.6982539998716675,0.15681200011385954,0.040903999888541875,0.0,100352
4,chain_5svc,105,111.28760699966733,82.63941599989266,28.64819099977467,2107392,4,27.13752999989083,0.32501799978490453,0.20931100016241544,76.8546320000496,602112,11.103548999926716,0.41441999974267674,0.057703000038600294,57.36813400017127,802816,18.44541099990238,0.28621599994949065,0.05820300020786817,32.733594000092125,401408,25.232770000002347,0.20240300000295974,0.05290099988997099,3.9040579999891634,200704,0.720156000170391,0.15971199991327012,0.040002999867283506,0.0,100352
4,chain_5svc,106,103.97852200003399,82.14364200011914,21.834879999914847,2107392,4,29.403458000160754,1.0199569996984792,0.09730500005389331,68.37305399994875,602112,12.68662599977688,0.6236310000531375,0.07150400006139535,50.39639000005991,802816,18.030688000180817,0.8013430001483357,0.07330499965974013,28.184944000258838,401408,21.25871099997312,0.1647029998821381,0.03880099984598928,3.6298530003477936,200704,0.7641590000275755,0.16671299999870826,0.046703999942110386,0.0,100352
4,chain_5svc,107,104.35343199969793,84.2827950004903,20.070636999207636,2107392,4,30.89124100006302,0.3444200001467834,0.18741099984254106,68.15214099970035,602112,11.033545000373124,0.4093200000170327,0.06030299982739962,52.61909899991224,802816,20.853442000316136,0.352419999671838,0.05770400002802489,28.01953499965748,401408,20.67550299989307,0.16970200022115023,0.0411010000789247,4.030859000067721,200704,0.8290639998449478,0.16101300025184173,0.04460399986783159,0.0,100352
4,chain_5svc,108,100.50393499977872,79.29206800008615,21.211866999692575,2107392,4,30.538521999915247,0.3413190001992916,0.1309069998569612,64.40933099975155,602112,11.965891000272677,0.43322199962858576,0.09540399969409918,47.458245000143506,802816,19.039443000110623,0.29001600023548235,0.0684039996485808,24.47294100011277,401408,16.943448999882094,0.17040200009432738,0.03930000002583256,4.077458999745431,200704,0.8047629999055061,0.17411299995728768,0.04710299981525168,0.0,100352
4,chain_5svc,109,110.09377599975778,89.16189399997165,20.93188199978613,2107392,4,44.62611500002822,0.353720000020985,0.13420799996310961,60.25979700007156,602112,10.22470499992778,0.41052000005947775,0.05750299987994367,43.98437300005753,802816,13.108317999922292,0.28561599992826814,0.04560200022751815,27.15158799992423,401408,20.482800000081625,0.1979029998437909,0.04350100016381475,3.6899540000376874,200704,0.7199560000117344,0.1626119997126807,0.04080300004716264,0.0,100352
4,chain_5svc,110,101.42535799968755,80.62019199996939,20.805165999718156,2107392,4,28.45010300006834,0.352620000285242,0.22111299995231093,66.57965300018986,602112,14.826632000222162,0.42442099993422744,0.06120299985923339,47.161030000097526,802816,16.48890299975392,0.3252180003983085,0.05750299987994367,27.116685999772017,401408,20.07889400010754,0.17390199991496047,0.04360100001576939,3.83785700023509,200704,0.7756599998174352,0.16511300009369734,0.04080300004716264,0.0,100352
4,chain_5svc,111,101.2397540002894,78.40444099974775,22.835313000541646,2107392,4,29.571666999800073,0.35961999992650817,0.37002099998062477,66.13502799973503,602112,10.168201999931625,0.39462000040657585,0.0535019999006181,50.99061899954904,802816,16.44520099989677,0.2855150000868889,0.07210400008261786,28.687472000001435,401408,21.502714999769523,0.1762030001373205,0.05900099995415076,3.8462570000774576,200704,0.716656000349758,0.15841200001887046,0.03940299984606099,0.0,100352
4,chain_5svc,112,92.63643699978275,72.5738989990532,20.062538000729546,2107392,4,26.696104999700765,0.3556199999366072,0.10740600009739865,60.78032599998551,602112,10.978042000260757,0.39431899995179265,0.05840299991177744,45.14742999981536,802816,17.19644199965842,0.28361600016069133,0.06960400014577317,23.80650399982187,401408,16.904047999560134,0.1706030002424086,0.03839999999399879,3.8024559999030316,200704,0.7992619998731243,0.16041299977587187,0.04610299993146327,0.0,100352
4,chain_5svc,113,107.48041099986949,86.61111499941399,20.869296000455506,2107392,4,29.151044000172988,0.3890220000357658,0.17350899997836677,72.98571399996945,602112,15.137446999688109,0.53752700023324,0.06130300016593537,52.77610700022706,802816,23.812703999738005,0.3189180001754721,0.07200400023066322,24.781157999768766,401408,17.759460999968724,0.17670200031716377,0.04069999977218686,3.82095599979948,200704,0.7504589998461597,0.165412000114884,0.040503000036551384,0.0,100352
4,chain_5svc,114,98.9476959998683,79.12900599967543,19.818690000192873,2107392,4,29.548366000199167,0.34811900013664854,0.12480699979278143,64.24922199994398,602112,13.000442999782535,0.4005190003226744,0.05670200016538729,46.28768700013097,802816,18.021086999851832,0.3442189999987022,0.05910299978495459,24.632650000057765,401408,17.950862999896344,0.17810200006351806,0.03920099970855517,3.4863509999922826,200704,0.6082469999455498,0.13680999973075814,0.03710300006787293,0.0,100352
4,chain_5svc,115,105.23265399979209,83.74947700031043,21.483176999481657,2107392,4,30.381413000213797,0.35461999959807144,0.18321000015930622,68.96568699994532,602112,11.522968999997829,0.4720229999293224,0.05890300008104532,52.02946999997948,802816,15.868569999838655,0.2525139998397208,0.0708040001882182,32.510881000234804,401408,25.274370000261115,0.20840299976043752,0.05230099986874848,3.7429539997901884,200704,0.7021549999990384,0.17451299981985358,0.03910299983544974,0.0,100352
4,chain_5svc,116,101.75396600016029,81.44639999954961,20.307566000610677,2107392,4,28.93523099965023,0.3527200001371966,0.1868110002760659,67.28439300013633,602112,10.431115999836038,0.5151249997652485,0.05090200011181878,51.77105800021309,802816,12.226169999848935,0.29811600006723893,0.0442020000264165,35.853565000252274,401408,29.129727000054118,0.1689030000306957,0.053001000196672976,3.618353000092611,200704,0.724156000160292,0.1612119999663264,0.04240299995217356,0.0,100352
4,chain_5svc,117,107.14800200003083,87.03686799935895,20.111134000671882,2107392,4,30.98874599982082,0.34892000030595227,0.17871000000013737,70.65378200013583,602112,13.814082999942912,0.4914240003017767,0.05470299993248773,52.348787000028096,802816,16.916427000069234,0.2926160000242817,0.07190399992396124,31.806642999981705,401408,24.649360999774217,0.20800299989787163,0.05040100040787365,3.4835510000448267,200704,0.6682509997517627,0.14441200028159074,0.03440299997237162,0.0,100352
4,chain_5svc,118,100.35803200025839,79.37393199972576,20.984100000532635,2107392,4,32.23611700013862,0.34972000003108406,0.19321099989610957,62.016994999794406,602112,10.547420999955648,0.4357220000201778,0.05740300002798904,46.950120000019524,802816,12.752798999827064,0.30811700025878963,0.04930300019623246,30.61677799996687,401408,23.108338999918487,0.16730200013626018,0.05450099979498191,3.887056999701599,200704,0.729255999885936,0.1650130002417427,0.04240299995217356,0.0,100352
4,chain_5svc,119,97.4131570001191,75.73364700010643,21.67951000001267,2107392,4,29.73037599986128,0.3529199998411059,0.190510000265931,61.07544299993606,602112,11.698178000187909,0.4880239998783509,0.059002999932999955,44.593801999781135,802816,16.417899999851215,0.29411600007733796,0.05450300022857846,24.06811899982131,401408,17.168636999940645,0.17190200014738366,0.03890000016326667,3.6806500002057874,200704,0.7185560002653801,0.16001199992388138,0.042502999804128194,0.0,100352
4,chain_5svc,120,100.92834600027345,80.56956700011142,20.35877900016203,2107392,4,27.29363900016324,0.39912200008984655,0.12440699993021553,67.40029899992805,602112,10.320110000066052,0.5345270001271274,0.06110300000727875,52.63409999997748,802816,16.565408000133175,0.24501299958501477,0.05820300020786817,32.75909500007401,401408,25.649653000073158,0.20650299984481535,0.053900999773759395,3.8702540000485897,200704,0.7407569996757957,0.1646130003791768,0.04260300011083018,0.0,100352
4,chain_5svc,121,93.85976700013998,73.47432599999593,20.385441000144056,2107392,4,28.662316000009014,0.34151900035794824,0.1703089997135976,59.788470000057714,602112,10.359412000070733,0.4157199996370764,0.05550300011236686,44.507097999940015,802816,16.506003999893437,0.3069170002163446,0.07650499992450932,24.37023499987845,401408,17.221237999820005,0.16780200030552805,0.03950000018448918,3.9858549998825765,200704,0.725356000202737,0.16401299990320695,0.04220299979351694,0.0,100352
4,chain_5svc,122,92.13992400009374,71.62640700016709,20.51351699992665,2107392,4,28.72011899989957,0.3447200001573947,0.11870600019392441,57.155922000220016,602112,10.345211000185373,0.41211999996448867,0.061902999732410535,42.47129800023686,802816,14.19397800009392,0.25161400026263436,0.06610299988096813,24.534143999972002,401408,17.637642999943637,0.17400200022166246,0.0411010000789247,3.624349999881815,200704,0.7294560000445927,0.16141299965966027,0.0421029999415623,0.0,100352
4,chain_5svc,123,99.8345180000797,79.8236719997476,20.010846000332094,2107392,4,34.12452399970789,0.33931899997696746,0.1440080000065791,60.53001200007202,602112,10.947640999802388,0.4899240002487204,0.05960299995422247,44.79481299995314,802816,16.595109999798296,0.2783150002869661,0.05650299999615527,24.55404499960423,401408,17.43034000037369,0.17310199973508134,0.04800099986823625,3.790452999965055,200704,0.7260570000653388,0.1622119998501148,0.0535039998794673,0.0,100352
4,chain_5svc,124,95.4797080003118,74.87619899984566,20.603509000466147,2107392,4,27.906472999802645,0.32691800015527406,0.10200600036114338,61.36115900017103,602112,12.659824999900593,0.47172399990813574,0.052103000143688405,44.1658820000157,802816,16.61160999992717,0.27211499991608434,0.06950399983907118,23.784803000125976,401408,16.96423400017011,0.17170199998872704,0.03930000002583256,3.6553499999172345,200704,0.7340570000451407,0.16471200024170685,0.04020300002594013,0.0,100352
4,chain_5svc,125,93.41255600020304,73.28224499997305,20.130311000229995,2107392,4,28.766022000127123,0.34741999979814864,0.2179120001528645,59.0718299999935,602112,12.817732999792497,0.42252100001860526,0.10940599986497546,41.3213420001739,802816,12.472382999931142,0.2531139998609433,0.04400300031193183,24.904263999815157,401408,18.567256000096677,0.17320199958703597,0.04000099988843431,3.3046459998331557,200704,0.6588510000256065,0.14481100015473203,0.03910299983544974,0.0,100352
4,chain_5svc,126,97.71296400003848,77.47059200119111,20.242371998847375,2107392,4,26.5591970000969,0.3514199997880496,0.19051099980060826,65.6244990000232,602112,11.30195800033107,0.49042399996324093,0.05460300008053309,49.67485199995281,802816,13.4560380001858,0.2813149999383313,0.046101999942038674,32.55058399963673,401408,25.545052000325086,0.21390299980339478,0.0525010000274051,3.5450479999781237,200704,0.6083470002522517,0.13721100003749598,0.03320299992992659,0.0,100352
4,chain_5svc,127,103.36740699995062,83.20308900010787,20.16431799984275,2107392,4,26.60520000017641,0.35182000010536285,0.18470999975761515,71.1700120000387,602112,13.518564999685623,0.48332400001527276,0.061003000155324116,53.099614000075235,802816,16.5455070000462,0.28521600006570225,0.07930399988254067,32.75129499979812,401408,25.721354000324936,0.20110299965381273,0.05600099984803819,3.5798499998236366,200704,0.8124629998746968,0.13341100020625163,0.040503000036551384,0.0,100352
4,chain_5svc,128,103.60921300025439,80.7059440003286,22.903268999925785,2107392,4,30.561322999801632,0.3444190001573588,0.12190699999337085,66.25853500008816,602112,11.374760000308015,0.43282199976601987,0.06690300006084726,50.306876999911765,802816,16.585008000220114,0.28661599981205654,0.07230399978652713,29.825734000041848,401408,21.45119600027101,0.17490199979874888,0.040099999750964344,3.6602499999389693,200704,0.7336569997278275,0.1637129998925957,0.041603000227041775,0.0,100352
4,chain_5svc,129,111.16840399972716,88.74565999985862,22.422743999868544,2107392,4,34.4319410000935,0.33911899981831084,0.18141000009563868,71.07510700006969,602112,12.664322999626165,0.4725230000985903,0.06410400010281592,52.644492000126775,802816,16.475902999900427,0.29311600019354955,0.059002999932999955,32.20026400003917,401408,24.440137000055984,0.17060199979823665,0.055000999964249786,4.073656999935338,200704,0.733356000182539,0.17061399967133184,0.04230400008964352,0.0,100352
4,chain_5svc,130,102.40508300012152,81.04611400040085,21.358968999720673,2107392,4,29.64087100008328,0.3477189998193353,0.18111100007445202,66.57655299977705,602112,11.257354999997915,0.4190199997538002,0.09620400032872567,50.455985000098735,802816,16.80162000002383,0.2793160001601791,0.056803000006766524,29.80953300038891,401408,22.61841200015624,0.17870300007416517,0.04799999987881165,3.7644519998139003,200704,0.7278560001395817,0.16961399978754343,0.04010300017398549,0.0,100352
4,chain_5svc,131,105.0461500003621,84.21478999980536,20.831360000556742,2107392,4,28.145187000063743,0.33971899983953335,0.11940700005652616,71.53243299990208,602112,13.93348600004174,0.48162399980355985,0.060802999996667495,52.568088000043645,802816,16.648313000132475,0.2870150001399452,0.05800300004921155,31.970952000392572,401408,24.680840999735665,0.1789020002433972,0.0525000000379805,3.920154000297771,200704,0.8069629998317396,0.16381200020987308,0.04380300015327521,0.0,100352
4,chain_5svc,132,101.07612999991034,73.72932699990997,27.346803000000364,2107392,4,27.580355000281997,0.3450199997132586,0.17480899987276644,68.13223999961338,602112,11.30015699982323,0.41461999990133336,0.06950300030439394,48.98641199997655,802816,16.832121999868832,0.29661700000360725,0.05740300002798904,28.264549000141415,401408,17.323438999937935,0.17540199996801675,0.03920099970855517,3.33684599991102,200704,0.6932539999979781,0.1519120000921248,0.03640300019469578,0.0,100352
4,chain_5svc,133,101.06569499976104,81.2591860003522,19.806508999408834,2107392,4,26.626300999851082,0.3552200000740413,0.1150060002146347,69.2038010001852,602112,11.85648399996353,0.44482200019047013,0.07830399999875226,52.92970599975888,802816,23.770302000230004,0.3125170001112565,0.07480399972337182,25.249783999697684,401408,18.40655300020444,0.1765029996931844,0.03880099984598928,3.526348999912443,200704,0.5995460001031461,0.12990999994144659,0.032902999919315334,0.0,100352
4,chain_5svc,134,96.75428000036845,76.62656300044546,20.127716999922995,2107392,4,26.77640899992184,0.3394189998289221,0.18861100033973344,64.5313370000622,602112,12.543818000267493,0.4896239997833618,0.05780299989055493,47.289328000260866,802816,11.531032000220875,0.23631299973203568,0.04680199981521582,32.225666000158526,401408,25.014844999986963,0.1793030000953877,0.05120000014358084,4.1074559999287885,200704,0.7604590000482858,0.1591119998920476,0.04240299995217356,0.0,100352
4,chain_5svc,135,88.53076100012913,68.74189500013017,19.78886599999896,2107392,4,26.34798500002944,0.3562199999578297,0.1975119998860464,56.97871199981819,602112,11.171749999903113,0.4862240002694307,0.05460300008053309,41.07012199983728,802816,11.782045000018115,0.23691300020800554,0.0518029996783298,25.567800999851897,401408,18.69625700010147,0.17460299977756222,0.042100999962713104,3.7703519997194235,200704,0.7438580000780348,0.16311199988194858,0.043602999994618585,0.0,100352
4,chain_5svc,136,99.2020449998563,78.41511700007686,20.786927999779437,2107392,4,27.021122999940417,0.38662199995087576,0.1920110003084119,66.84166800005187,602112,11.350158999903215,0.48622399981468334,0.05980300011287909,50.30087600016486,802816,17.969785000332195,0.2853149999282323,0.06140300001789001,28.373554999689077,401408,21.348393999687687,0.18690300021262374,0.03770100011024624,3.7591519999295997,200704,0.7256560002133483,0.1608130000931851,0.0518039996677544,0.0,100352
4,chain_5svc,137,100.00986599970929,77.28249599904302,22.72737000066627,2107392,4,28.0180790000486,0.38042200003474136,0.19161099999109865,65.80461000021387,602112,11.165149999669666,0.4799240000465943,0.06370300025082543,49.63414299982105,802816,17.078135999781807,0.28891600004499196,0.06290300007094629,26.911774999916815,401408,20.380880999709916,0.17530300010548672,0.043000000005122274,3.272445000220614,200704,0.6402499998330313,0.1492110000071989,0.03550300016286201,0.0,100352
4,chain_5svc,138,106.9165509998129,84.2574930002229,22.659057999590004,2107392,4,27.4835489999532,0.34851999998863903,0.13290800006870995,71.50223099961295,602112,11.373459999958868,0.4749240001729049,0.0587029999223887,55.7827460002045,802816,27.29249499998332,0.29601599999296013,0.0556029999643215,24.48064100008196,401408,17.49404100019092,0.1730019998831267,0.03970099987782305,3.3666459999039944,200704,0.6139480001365882,0.1419109999005741,0.03570199987734668,0.0,100352
4,chain_5svc,139,104.08037499973943,80.21897899971009,23.861396000029345,2107392,4,31.905499000004056,0.7358409998232673,0.17771000011634897,64.7689510001328,602112,10.439013999985036,0.3983189999416936,0.05170299982637516,49.18762199986304,802816,12.136065000049712,0.28781599985450157,0.06980299986025784,32.48908000023221,401408,25.03924599977836,0.2065020003101381,0.05319999991115765,3.7384509996627457,200704,0.6991549998929258,0.15761199983899132,0.040303000332642114,0.0,100352
4,chain_5svc,140,108.45219200018619,88.06306700034838,20.389124999837804,2107392,4,29.11674100005257,0.3361190001669456,0.1882110000224202,73.98427099997207,602112,17.203246999997646,0.4021200002171099,0.07200299978649127,52.42628099995272,802816,16.044079000039346,0.27871499969478464,0.056303000292246,32.496081000317645,401408,24.97034399993936,0.20530300025711767,0.05130099998496007,4.001955000148882,200704,0.7286560003194609,0.16581299996687449,0.0421039999309869,0.0,100352
4,chain_5svc,141,98.76693299975159,77.64921799980584,21.117714999945747,2107392,4,27.396344999942812,0.3469190000942035,0.1322070002061082,65.10717000037403,602112,14.504614000088623,0.46172199972716044,0.05260299985820893,45.767653999973845,802816,17.510058999960165,0.2856160003830155,0.05640299968945328,24.260028999833594,401408,17.474340999797278,0.17170199998872704,0.03930100001525716,3.6831509996773093,200704,0.7638590000169643,0.16411299975516158,0.04440300017449772,0.0,100352
4,chain_5svc,142,97.53570100019715,77.08302800028832,20.452672999908827,2107392,4,26.712306000263197,0.3546200000528188,0.1184059997285658,65.68710300007297,602112,12.97933900013959,0.6060299997443508,0.06720300007145852,47.41533399965192,802816,15.151530999901297,0.25351400017825654,0.05570299981627613,28.73307499976363,401408,21.517495999887615,0.18060299998978735,0.05360099976314814,3.902653000295686,200704,0.7223560000966245,0.1660130001255311,0.04010299971923814,0.0,100352
4,chain_5svc,143,88.1366500002514,67.48168299964163,20.65496700060976,2107392,4,27.851469999859546,0.3593199999158969,0.1836100000218721,54.244357999778,602112,10.307306999948196,0.5577279998760787,0.0594030002503132,39.26353299993934,802816,11.16041099976428,0.2497140003470122,0.04150299992033979,24.309632000040438,401408,17.470640999817988,0.19790300029853825,0.039400999867211794,3.8369530002455576,200704,0.6918540002516238,0.13891099979446153,0.04130299976168317,0.0,100352
4,chain_5svc,144,94.08440900006099,74.66789100089954,19.416517999161442,2107392,4,27.137630000197532,0.3602199999477307,0.25941499961845693,61.641374999908294,602112,11.460864000127913,0.4137209998589242,0.06270299991228967,45.877859000029275,802816,18.588919000194437,0.29431599978124723,0.07290399980774964,23.66079700004775,401408,16.89123300002393,0.1751019999574055,0.051201000133005437,3.275945000041247,200704,0.5892450003557315,0.13231100001576124,0.03340299963383586,0.0,100352
4,chain_5svc,145,101.05209499988632,80.0044180000441,21.047676999842224,2107392,4,27.946675999828585,0.353820000327687,0.318216999858123,66.72566100041877,602112,14.754126000298129,0.44572199976755655,0.06400399979611393,47.04401600019992,802816,11.098407999725168,0.26651500002117245,0.04710300026999903,32.41247599999042,401408,25.4844520000006,0.17870199962999322,0.05300000020724838,3.8241530000959756,200704,0.7207560001916136,0.19641500011857715,0.04060299988850602,0.0,100352
4,chain_5svc,146,100.5788819998088,80.00455900037196,20.574322999436845,2107392,4,27.10702800004583,0.3573200001483201,0.18150999994759331,67.85932599996158,602112,13.23915200009651,0.4830240000046615,0.061703000028501265,49.80605199989441,802816,19.2675559997042,0.2859159999388794,0.07270400010384037,26.369645000158926,401408,19.73807200010924,0.1741020000736171,0.042100999962713104,3.171144000134518,200704,0.6527510004161741,0.14741099994353135,0.03700299976117094,0.0,100352
4,chain_5svc,147,100.94769200031806,79.8676270001124,21.08006500020565,2107392,4,27.335141000094154,0.5292299997563532,0.1222070000039821,67.14408500010904,602112,13.961786999971082,0.4650230002880562,0.06070299968996551,48.798002999774326,802816,12.722797000151331,0.24871400000847643,0.05090300010124338,32.039855000220996,401408,25.128545999905327,0.1964029997907346,0.0525010000274051,3.65455099972678,200704,0.7193559999905119,0.1660130001255311,0.04280299981473945,0.0,100352
4,chain_5svc,148,95.20003799980259,75.13597800061689,20.0640599991857,2107392,4,27.178232000096614,0.3519199999573175,0.18590999980006018,62.52112499987561,602112,10.416012999939994,0.5893289999221452,0.05510300024980097,47.33353100027671,802816,11.640938000255119,0.25191399981849827,0.0421019999521377,31.89004700016085,401408,25.308949000191205,0.19310200013933354,0.05310100004862761,3.3793470001910464,200704,0.5918460001339554,0.13210999986768002,0.035602000025392044,0.0,100352
4,chain_5svc,149,103.52526099995885,79.35188999954335,24.1733710004155,2107392,4,29.40125699979035,0.35161999994670623,0.12890700008938438,67.93642999991789,602112,10.521517999677599,0.6137300001682888,0.06980300031500519,52.52408599972114,802816,12.5846900000397,0.27731499994843034,0.05330299973138608,36.074676000225736,401408,25.972058000206744,0.19530200006556697,0.0525010000274051,6.611692000205949,200704,0.8723669998289552,0.17031300012604333,0.04350400013208855,0.0,100352
4,chain_5svc,150,100.66168399998787,79.23524000034377,21.426443999644107,2107392,4,26.853713999571482,0.35292000029585324,0.11680600027830224,68.0287350000981,602112,13.019141000313539,0.4054199998790864,0.05840299991177744,50.411080999765545,802816,16.904726000120718,0.28931599990755785,0.07400399999824003,29.463815000326576,401408,21.671399000297242,0.1786019997780386,0.042099999973288504,3.7114510000719747,200704,0.7862600000407838,0.1588130003256083,0.042003999624284916,0.0,100352
4,chain_5svc,151,102.68613800008097,82.8666800002793,19.81945799980167,2107392,4,28.07338200000231,0.3514199997880496,0.19021100024474435,69.50931899973511,602112,11.907185999916692,0.4382219999570225,0.05820300020786817,53.19771899985426,802816,16.508805000285065,0.3025169999091304,0.061702999573753914,32.71929299990006,401408,25.704454999868176,0.1961020002454461,0.052099999720667256,3.3953470001506503,200704,0.6728520002070582,0.13171000000511413,0.036002999877382535,0.0,100352
4,chain_5svc,152,104.14947700019184,83.48720699950718,20.662270000684657,2107392,4,27.276037999854452,0.3728209999280807,0.19741100004466716,71.50773100011065,602112,11.612670999966213,0.4212210001242056,0.05710300001737778,55.15081500016095,802816,17.95568399984404,0.2537139998821658,0.061003000155324116,33.224820000214095,401408,25.907756999913545,0.192302999948879,0.05290100034471834,3.997254999831057,200704,0.7350569999289291,0.19491600005494547,0.0421029999415623,0.0,100352
4,chain_5svc,153,93.48499199995786,74.40244199960944,19.08255000034842,2107392,4,27.002523000192014,0.34951899988300283,0.12790700020559598,60.87833099991258,602112,10.25860499976261,0.4026190003969532,0.05460300008053309,46.607994999703806,802816,18.465611999999965,0.32721799971113796,0.08350400003109826,23.965913000211003,401408,17.967946999760898,0.16050300018832786,0.040101000195136294,3.0664429996249964,200704,0.7077549998939503,0.1564119997965463,0.04030299987789476,0.0,100352
4,chain_5svc,154,94.85102999997252,74.54962299971157,20.30140700026095,2107392,4,28.646615000070597,0.3432190001149138,0.0911050001377589,60.96993599976486,602112,10.575021000022389,0.4811240000890393,0.06300299992290093,45.35633300019981,802816,15.991976999885082,0.26401400009490317,0.059002999932999955,25.277385000208596,401408,18.6586569998326,0.17900300008477643,0.05810100037706434,3.17914400011432,200704,0.6773529999009043,0.15171199993346818,0.039803000163374236,0.0,100352
4,chain_5svc,155,92.43856500006586,72.49935399977403,19.939211000291834,2107392,4,28.856526000254235,0.34591999974509235,0.14310899996416993,57.685052000124415,602112,10.06389499980287,0.41282100028183777,0.050502999783930136,43.1559250000646,802816,15.251035999881424,0.23481300013372675,0.06520300030388171,24.411537000105454,401408,17.61054200005674,0.17950299979929696,0.05150100014361669,3.609848999985843,200704,0.7173549997787632,0.15931300004012883,0.03990300001532887,0.0,100352
4,chain_5svc,156,100.5331810001735,79.90162399937617,20.63155700079733,2107392,4,27.70886200005407,0.3468200002316735,0.13660699960382772,67.41069999998217,602112,10.730527999839978,0.3921190000255592,0.11860599988722242,52.24287300006836,802816,17.295147999902838,0.2760150000540307,0.05760299973189831,30.602076999912242,401408,23.35132199959844,0.17590200013728463,0.04220000027999049,3.9878550001049007,200704,0.8157639999808453,0.16921299993555294,0.039403000300808344,0.0,100352
4,chain_5svc,157,90.70111799974256,72.09097900067718,18.610138999065384,2107392,4,29.293551000137086,0.3757219997169159,0.17251000008400297,56.204367999725946,602112,13.096144999963144,0.42252100001860526,0.18320900016988162,38.731307000034576,802816,10.452973000155907,0.40992300000652904,0.04880200003753998,24.835961000007956,401408,18.549656000232062,0.17700199987302767,0.03979999974035309,3.3023459996002202,200704,0.6986540001889807,0.1425109999217966,0.03720299991982756,0.0,100352
4,chain_5svc,158,95.93145799999547,74.63774300003934,21.293714999956137,2107392,4,29.744176999884075,0.3682199999275326,0.1394079999954556,59.06302900029914,602112,11.330757999985508,0.5120249998071813,0.09450400011701277,43.25963000019328,802816,14.736007999999856,0.23891299997558235,0.06120300031398074,25.152778000119724,401408,18.196950999936234,0.17790199990486144,0.04399999988891068,3.568449000340479,200704,0.6298490002336621,0.13851099993189564,0.03480199984551291,0.0,100352
4,chain_5svc,159,104.44258500001524,81.89740599982542,22.54517900018982,2107392,4,30.799935999766603,0.3609200002756552,0.22521300024891389,66.05322300038097,602112,13.243152000086411,0.4374220002318907,0.06530299970108899,48.31797799988635,802816,13.411334000011266,0.2948169999399397,0.04500300019572023,31.26331300018137,401408,23.69782599998871,0.17840300006355392,0.041400999634788604,3.720150999924954,200704,0.7451579999724345,0.16281300031550927,0.03970299985667225,0.0,100352
4,chain_5svc,160,92.7536730000611,72.24777699957485,20.505896000486246,2107392,4,28.275793999910093,0.3582200001801539,0.18431099988447386,59.071529999982886,602112,10.352010000133305,0.4869239996878605,0.05910300023970194,44.12117199990462,802816,11.393523999686295,0.2528140003050794,0.045603000216942746,29.065892999824428,401408,21.574098000201047,0.17040199963958003,0.04619999981514411,4.320958999869617,200704,0.6523509996441135,0.14511100016534328,0.03480200030026026,0.0,100352
4,chain_5svc,161,90.81252199985101,71.65912700111221,19.153394998738804,2107392,4,31.85929600022064,0.33931899997696746,0.12300699972911389,53.757830999984435,602112,10.444014000313473,0.42872099993473967,0.05650299999615527,38.963618999787286,802816,11.363021999841294,0.23531299984824727,0.04370300030132057,24.37833599969963,401408,17.2675380003966,0.17450199993618298,0.0456009997833462,3.808552000009513,200704,0.725257000340207,0.16241200000877143,0.04100299975107191,0.0,100352
4,chain_5svc,162,102.38522999998168,82.02282799993554,20.36240200004613,2107392,4,27.51565100015796,0.33821899978647707,0.11610599995037774,69.59822300041196,602112,10.665124999832187,0.39431899995179265,0.05400300005931058,54.28147299971897,802816,17.118237999966368,0.2371129999119148,0.07190400037870859,33.70314700032395,401408,25.990858000113803,0.17730299987306353,0.054601000101683894,4.373860000214336,200704,0.7329559998652257,0.1654130001043086,0.04480400002648821,0.0,100352
4,chain_5svc,163,98.59482799993202,75.80129400002988,22.793533999902138,2107392,4,31.81009299987636,0.33621900001890026,0.17771000011634897,58.021770999857836,602112,10.899435999817797,0.4071200000907993,0.054303000069921836,42.872510999586666,802816,11.23881600005916,0.23231300019688206,0.04170199963482446,28.193945000111853,401408,21.1121910001566,0.20960299980288255,0.042501000280026346,3.9201539998430235,200704,0.7407580001199676,0.19831500003419933,0.04200300008960767,0.0,100352
4,chain_5svc,164,101.31590099990717,80.92079300058685,20.395107999320317,2107392,4,27.957576000062545,0.3440189998400456,0.18371099986325135,67.89022699967973,602112,12.206401000184997,0.4372210000838095,0.05840299991177744,50.72099699964383,802816,14.818212000136555,0.23251299990079133,0.05530299995371024,32.47698000041055,401408,25.205647000348108,0.20540299965432496,0.05270099973131437,3.8565530003324966,200704,0.7329569998546503,0.1623120001568168,0.041403000068385154,0.0,100352
4,chain_5svc,165,93.30648800005292,72.9381749993081,20.36831300074482,2107392,4,27.368842999749177,0.3501200003483973,0.17310900011580088,60.7595249998667,602112,10.593520999918837,0.4674229999181989,0.055002999943098985,45.279728999958024,802816,16.56100799982596,0.2919160001511045,0.06050299998605624,24.646651000239217,401408,17.64114299976427,0.17340200020043994,0.040501000057702186,3.6358500001369976,200704,0.7736600000498584,0.16051200009314925,0.043602999994618585,0.0,100352
4,chain_5svc,166,87.83114200014097,67.93740200009779,19.89374000004318,2107392,4,26.696804000039265,0.37302100008673733,0.22831299975223374,55.63373599989063,602112,10.56922099996882,0.3997189996880479,0.05550200012294226,40.46129200014548,802816,12.081862000286492,0.23411299980580225,0.053403000038088067,24.718753999877663,401408,17.661243000020477,0.175502999809396,0.03860100014208001,3.760651999982656,200704,0.9282719997827371,0.15691199996581418,0.04610399992088787,0.0,100352
4,chain_5svc,167,101.060895000046,80.91257900059645,20.14831599944955,2107392,4,26.856314000269776,0.3592200000639423,0.10150499974770355,68.8164789999064,602112,11.708376000115095,0.4404219998832559,0.06930400013516191,52.45248299979721,802816,15.896871000222745,0.28561599992826814,0.04660300010073115,32.76339600006395,401408,25.611352999931114,0.19310300012875814,0.05240100017545046,3.7652519999937795,200704,0.839665000057721,0.15981299975464935,0.05200400028115837,0.0,100352
4,chain_5svc,168,105.40261000005557,83.5426919998099,21.85991800024567,2107392,4,27.577353999731713,0.3531199999997625,0.18321100014873082,71.02350400009527,602112,12.768927999786683,0.44792200014853734,0.09900500026560621,53.53013500007364,802816,16.16558600017015,0.27251399978922564,0.05570299981627613,33.71804800008249,401408,26.220661000024847,0.1969029999600025,0.05330100020728423,3.891553999892494,200704,0.8101630000965088,0.1674129998718854,0.044503000026452355,0.0,100352
4,chain_5svc,169,102.4197310002819,80.98136900025565,21.438362000026245,2107392,4,31.568579000122554,0.348620000295341,0.17520999972475693,64.41643099969951,602112,10.856634999981907,0.4123200001231453,0.05330199974196148,48.840003999885084,802816,11.748444000204472,0.29971599997224985,0.046501999804604566,33.39372900018134,401408,26.150560000132828,0.1961030002348707,0.05460099964693654,3.692150999995647,200704,0.6571509998138936,0.14961199985918938,0.038503000268974574,0.0,100352
4,chain_5svc,170,99.57225499965716,78.01599799995529,21.556256999701873,2107392,4,26.71950600006312,0.3459190002104151,0.2504149997548666,67.19438800018906,602112,11.182449999978417,0.42962099996657344,0.09040499980983441,51.305926000168256,802816,13.223523999840836,0.28251599997020094,0.06010300012349035,34.416684999996505,401408,26.138860000173736,0.1958029997695121,0.05420099978437065,4.864767000071879,200704,0.7516579998991801,0.1689129999249417,0.04570400005832198,0.0,100352
4,chain_5svc,171,105.2661070002614,84.1758700007631,21.090236999498302,2107392,4,30.570823000289238,0.34821999997802777,0.17290999994656886,69.012389999898,602112,12.036792000344576,0.48022400005720556,0.060802999996667495,51.9369580001694,802816,15.506650000133959,0.26861400010602665,0.059002999932999955,32.738193000113824,401408,25.33764899999369,0.2016029998230806,0.05450100024972926,3.7139510000088194,200704,0.7239560000016354,0.16411299975516158,0.04200300008960767,0.0,100352
4,chain_5svc,172,106.88884999990478,83.74506300106077,23.143786998844007,2107392,4,29.29525099989405,0.3442199999881268,0.17491000016889302,71.99345899971377,602112,11.645373000192194,0.4215209996800695,0.05840299991177744,53.29422400018302,802816,17.102336000334617,0.2926160000242817,0.07360399968092679,32.098157000291394,401408,24.93654400041123,0.20420299961187993,0.050800999815692194,3.765351999845734,200704,0.7655590002286772,0.15791199984960258,0.042502999804128194,0.0,100352
4,chain_5svc,173,112.75390599985258,91.76282199950947,20.991084000343108,2107392,4,31.02824999996301,0.38452099988717237,0.17651000007390394,75.61456299981728,602112,11.074244999690563,0.41892100034601754,0.060603000292758225,59.86914700042689,802816,24.289429999953427,0.3173170002810366,0.05850299976373208,31.755438999880425,401408,24.636139999984152,0.20640200000343611,0.05720099989048322,3.661051000108273,200704,0.7347569999183179,0.16511300009369734,0.042702999962784816,0.0,100352
4,chain_5svc,174,102.70123800000874,81.92743500012512,20.773802999883628,2107392,4,26.407389000269177,0.34841899969251244,0.13390799995249836,70.15035399990666,602112,10.733627999798045,0.4202210002404172,0.06450299997595721,55.16661599995132,802816,18.41830800003663,0.30491699999402044,0.05980399964755634,32.95750500001304,401408,25.633653000113554,0.20530300025711767,0.053200999900582246,3.797351999764942,200704,0.7344569999077066,0.15681200011385954,0.04010300017398549,0.0,100352
4,chain_5svc,175,104.17607799990947,83.16760800016709,21.008469999742374,2107392,4,25.81195499988098,0.3467199999249715,0.11490599990793271,72.43438300019989,602112,12.42291100015791,0.4815239999516052,0.07310399996640626,55.38072599983934,802816,16.504103999977815,0.2864160001081473,0.07000400000833906,34.89090999983091,401408,27.70568200003254,0.22790299999542185,0.053499999921768904,3.7609519999932672,200704,0.722956000117847,0.16491299993504072,0.042702999962784816,0.0,100352
4,chain_5svc,176,99.6357569997599,79.1796210000939,20.456135999666003,2107392,4,26.257479999912903,0.3488199999992503,0.18321000015930622,67.54380799975479,602112,11.277856000106112,0.41262000013375655,0.06020299997544498,51.71704599979421,802816,16.401498000050196,0.2815149996422406,0.056303000292246,31.567929000175354,401408,24.637340000026597,0.175701999978628,0.05239999973127851,3.492247999929532,200704,0.6054469999980938,0.13381000007939292,0.03360299979249248,0.0,100352
4,chain_5svc,177,109.11740999972608,88.97652499945252,20.140885000273556,2107392,4,31.691185999989102,0.34761999995680526,0.19241099971623044,72.02766000000338,602112,15.724573999705171,0.4934240000693535,0.11090600037277909,51.56423899961737,802816,15.70746000015788,0.27651600021272316,0.05690299985872116,32.45317700020678,401408,25.08644599993204,0.2089019999402808,0.05060100011178292,3.8857539998389257,200704,0.7668589996683295,0.16101300025184173,0.04010300017398549,0.0,100352
4,chain_5svc,178,110.62444899971524,89.51445899992905,21.109989999786194,2107392,4,34.639552000044205,0.36522099981084466,0.19511099981173174,69.23240299965983,602112,11.829581999791117,0.43372199979785364,0.059703000260924455,52.955308000036894,802816,16.828322000037588,0.32881800007089623,0.058802999774343334,32.34587199995076,401408,25.577352999789582,0.20500300024650642,0.05220100001679384,3.3095460003096377,200704,0.6396500002665562,0.16141200012498302,0.035801999729301315,0.0,100352
4,chain_5svc,179,107.42476499990516,84.38895500012222,23.03580999978294,2107392,4,30.40861399995265,0.480427000184136,0.1367079998999543,69.9272420001762,602112,10.439113000302314,0.4160210000918596,0.06720399960613577,54.399679000198375,802816,16.55950699978348,0.2995160002683406,0.06290300007094629,33.6274409996804,401408,26.20666099983282,0.21260299990899512,0.05240100017545046,3.7464520000867196,200704,0.77506000025096,0.15861200017752708,0.04390299955048249,0.0,100352
4,chain_5svc,180,95.61384900007397,74.76126499932434,20.85258400074963,2107392,4,27.476749000015843,0.3816210000877618,0.13270699992062873,61.6422739999507,602112,10.864833999676193,0.3994200001216086,0.056803000006766524,46.28367800023625,802816,10.772090000045864,0.2674140000635816,0.04240199996274896,31.594529999892984,401408,25.05204599992794,0.20560300026772893,0.05180000016480335,3.177843999765173,200704,0.5955459996584977,0.132210000174382,0.03810300040640868,0.0,100352
4,chain_5svc,181,108.07488199998261,85.720852000577,22.35402999940561,2107392,4,26.995819000148913,0.341119000040635,0.1772099999470811,73.7033479999809,602112,16.01538900013111,0.49052399981519557,0.07500299989260384,53.102213999864034,802816,17.33934899993983,0.25921499991454766,0.05980300011287909,31.93994899993413,401408,24.65994000021965,0.20860299991909415,0.05230099986874848,3.6636509998970723,200704,0.710355000137497,0.14601100019717705,0.04230399963489617,0.0,100352
4,chain_5svc,182,99.80026099992756,78.49877299986474,21.301488000062818,2107392,4,25.80085199997484,0.3506190000734932,0.10720599993874202,68.04742900021665,602112,11.073345000113477,0.4818239999622165,0.06610299988096813,52.42418100033319,802816,15.920871999696828,0.2856160003830155,0.05510300024980097,32.399574000010034,401408,24.93724399982966,0.2037019999079348,0.05050100025982829,3.7034510000921728,200704,0.7664600002499355,0.16281199987133732,0.041602999772294424,0.0,100352
4,chain_5svc,183,98.4073240001635,77.90603400053442,20.50128999962908,2107392,4,27.280235000034736,0.33671900018816814,0.17501000002084766,65.13466600017637,602112,11.505767000016931,0.4138200001762016,0.05520200011233101,49.279026000021986,802816,13.376432000313798,0.2526139996916754,0.04550299991024076,32.00385299987829,401408,25.030845000401314,0.20770199989783578,0.05140099983691471,3.5267480002403317,200704,0.7127549997676397,0.1567120002619049,0.03920300014215172,0.0,100352
4,chain_5svc,184,111.48157300021921,90.08301099993332,21.398562000285892,2107392,4,30.463215000054333,0.46982599997136276,0.1734099996610894,75.25493499997538,602112,11.022042999684345,0.460822000150074,0.05510300024980097,59.16671299974041,802816,22.905854000327963,0.300216999676195,0.06720400006088312,32.43797699997231,401408,24.981045000004087,0.21280300006765174,0.05430000010164804,3.8444530000560917,200704,0.7108539998625929,0.15791200030434993,0.03920299968740437,0.0,100352
4,chain_5svc,185,105.92042400003265,84.59836899965012,21.322055000382534,2107392,4,28.40019899986146,0.3727210000761261,0.1281070003642526,71.58322800023598,602112,11.40786099995239,0.4278209999029059,0.05760300018664566,55.04361000021163,802816,18.18989599996712,0.28321500030870084,0.06050299998605624,33.14131500019357,401408,25.864656000067043,0.21760300023743184,0.05230099986874848,3.6730500000885513,200704,0.7357569998021063,0.15941199990265886,0.04170300007899641,0.0,100352
4,chain_5svc,186,103.94187100018826,82.08535799985839,21.85651300032987,2107392,4,27.338937999957125,0.35281999998915126,0.18581099993753014,70.80518500015387,602112,11.404262000269227,1.1117539997940185,0.07720399980826187,54.30907399977514,802816,17.50205799999094,0.3192180001860834,0.05840299991177744,33.01490700005161,401408,25.160446999962005,0.21010299997215043,0.08340099975612247,3.920053999991069,200704,0.6796529996790923,0.176813000052789,0.03920300014215172,0.0,100352
4,chain_5svc,187,100.5909820000852,80.04775700010214,20.543224999983067,2107392,4,30.379810000340512,0.3665199997158197,0.15490899977521622,64.38122300005489,602112,12.240102999840019,0.4127199999857112,0.0573030001760344,47.406734000105644,802816,11.755643999549648,0.2503140003682347,0.044302000333118485,32.08995800014236,401408,24.94654400015861,0.23400300005960162,0.06360099996527424,3.7975519999235985,200704,0.7256560002133483,0.16421200007243897,0.05980499963698094,0.0,100352
4,chain_5svc,188,101.62181000032433,77.10306300032244,24.518747000001895,2107392,4,28.36729600039689,0.3607199996622512,0.12430699962351355,65.25517199997921,602112,10.383610999724624,0.41532100021868246,0.06010300012349035,49.830953999844496,802816,11.927953999929741,0.2553139997871767,0.045402000068861526,32.19946300032461,401408,25.816756000040186,0.2006029999392922,0.05409999994299142,3.1478429996241175,200704,0.6074460002309934,0.13621100015370757,0.03750299993043882,0.0,100352
4,chain_5svc,189,102.39602999990893,81.60970500011899,20.78632499978994,2107392,4,27.081224000085058,0.3819209996436257,0.18761100000119768,69.3981059998805,602112,11.398960999940755,0.4892239999207959,0.06290300007094629,53.43913100023201,802816,16.583407999860356,0.2967159998661373,0.06210400033523911,33.114512999873114,401408,25.795455000206857,0.21420299981400603,0.055000999964249786,3.663150000193127,200704,0.7506570000259671,0.1561120002406824,0.0421039999309869,0.0,100352
4,chain_5svc,190,99.59205600034693,77.24418000043443,22.347875999912503,2107392,4,26.62449799981914,0.3583200000321085,0.20201200004521525,66.86006300014924,602112,13.602268999875378,0.4580230001920427,0.30411500029003946,48.02066399997784,802816,11.25501600017742,0.25191399981849827,0.0442030000158411,32.34677199998259,401408,25.07794500024829,0.20630299968615873,0.053900999773759395,3.818151999894326,200704,0.6844520003141952,0.14991199986980064,0.03790299979300471,0.0,100352
4,chain_5svc,191,88.20515199977308,67.63487599982909,20.570275999943988,2107392,4,26.79900800012547,0.3676209998957347,0.1751099998728023,55.59532799998124,602112,10.48761599986392,0.4060199999003089,0.05470300038723508,40.64840099999856,802816,11.681438999858074,0.28231600026629167,0.04350300014266395,24.595147000127326,401408,17.79214599991974,0.16720200028430554,0.03999999989900971,3.650050000032934,200704,0.8746670000618906,0.2552199998717697,0.049404000037611695,0.0,100352
4,chain_5svc,192,99.07384100006311,78.03058500076077,21.043255999302346,2107392,4,28.884225000183505,0.3576209996936086,0.1170069999716361,63.79659100002755,602112,10.187902000325266,0.4075199999533652,0.058603000070434064,48.745099999905506,802816,16.328894000253058,0.2723149996199936,0.06140300001789001,28.903583000101207,401408,21.79999999998472,0.17490300024292083,0.05220100001679384,3.9555539997309097,200704,0.8295640000142157,0.16041199978644727,0.047403000280610286,0.0,100352
4,chain_5svc,193,104.42868500012992,84.56998400015436,19.858700999975554,2107392,4,33.60979099988981,0.35011999989364995,0.17970999988392578,65.05996100031552,602112,13.054043000011006,0.48392400003649527,0.0618029998804559,47.420033999969746,802816,11.912852000023122,0.23061299998516915,0.0442020000264165,32.10095799977353,401408,25.36675000010291,0.20490299993980443,0.0555999999960477,3.4645480000108364,200704,0.6265480001275137,0.13790999992124853,0.03500299999359413,0.0,100352
4,chain_5svc,194,99.833762000344,79.42382700048256,20.409934999861434,2107392,4,29.613266000069416,0.34972000003108406,0.21841199986738502,64.53483099994628,602112,11.193551999895135,0.5051240000284452,0.05710200002795318,48.53368900012356,802816,12.955809000231966,0.23321299977396848,0.043602999994618585,31.988751999961096,401408,24.92894300030457,0.20480299963310244,0.05470099995363853,3.7362520001806843,200704,0.7322569999814732,0.16251199986072606,0.043203000132052694,0.0,100352
4,chain_5svc,195,110.42644500003007,87.26818999957686,23.15825500045321,2107392,4,30.20749999996042,0.4010220000054687,0.5010280001442879,73.9207599999645,602112,13.23015200023292,0.4845240000577178,0.06290300007094629,56.059860000004846,802816,16.98403000000326,0.27681499977916246,0.05950300010226783,35.09422200022527,401408,26.23686099968836,0.22130400020614616,0.08230100002037943,3.224943999612151,200704,0.6096469996919041,0.13140999999450287,0.03510300030029612,0.0,100352
4,chain_5svc,196,104.6415910000178,81.21313699984967,23.42845400016813,2107392,4,29.50416000021505,0.3552200000740413,0.19101099996987614,69.19869399962408,602112,13.518566000129795,0.48112300009961473,0.053002000186097575,51.14681800023391,802816,10.642582999935257,0.23681299990130356,0.058603000070434064,35.18322700028875,401408,26.79906999992454,0.552906999928382,0.052599999889935134,3.911654000148701,200704,0.7487579996450222,0.16281300031550927,0.0421029999415623,0.0,100352
4,chain_5svc,197,102.04932100032238,81.15610299955733,20.893218000765046,2107392,4,32.757844000116165,0.3659209996840218,0.17460900016885716,63.571576999947865,602112,9.889287000078184,0.40411999998468673,0.05160199998499593,48.836505000053876,802816,11.947353999858024,0.24801400013529928,0.05280300001686555,33.22131899994929,401408,25.726453999595833,0.20430300037332927,0.052101000164839206,3.79415199995492,200704,0.8351639999091276,0.16241299999819603,0.046304000079544494,0.0,100352
4,chain_5svc,198,101.92551699992691,80.34046499960823,21.585052000318683,2107392,4,30.469014000118477,0.35281999998915126,0.18121099992640666,64.52833200000896,602112,10.696326999550365,0.3963190001741168,0.055903000429680105,49.31722799983618,802816,12.788300000011077,0.24491400017723208,0.050102999921364244,32.922803000019485,401408,25.58356300005471,0.2021029999923485,0.05090000013296958,3.9805559999877005,200704,0.8032609998736007,0.15591200008202577,0.04190399977233028,0.0,100352
4,chain_5svc,199,113.97793900005126,87.58126399970934,26.39667500034193,2107392,4,32.74144299984982,0.445924999894487,0.21801200000481913,70.80678500005888,602112,12.760827999954927,0.4860239996560267,0.05840300036652479,52.68519399987781,802816,16.06768000010561,0.2424130002509628,0.05680299955201917,33.03870900026595,401408,25.296658000115713,0.20150299997112597,0.0535009999111935,3.8754539996261883,200704,0.7146549996832618,0.16421300006186357,0.03830300011031795,0.0,100352
4,chain_5svc,200,101.99722000015754,81.44381600004635,20.553404000111186,2107392,4,30.79523299993525,0.4226239998388337,0.1772099999470811,65.2508719999787,602112,13.821081000060076,0.4766229999404459,0.09000399995784392,46.754102000249986,802816,10.668885000086448,0.2334119999432005,0.05090200011181878,32.68318999971598,401408,25.407858999642485,0.2000029999180697,0.054201000239118,3.763752999930148,200704,0.7507580003220937,0.15991200007192674,0.0442030000158411,0.0,100352
5,chain_5svc,1,89.1587759997492,69.11749500022779,20.041280999521405,2107392,4,28.32949200001167,0.8762500001466833,0.11770599985538865,54.46475999997347,602112,10.798533000070165,0.4112209999220795,0.05450200023915386,39.405044999966776,802816,12.090862000150082,0.23671300004934892,0.04460299987840699,23.975213000085205,401408,17.063542999949277,0.17490300024292083,0.0380000001314329,3.883155000039551,200704,0.8350650000465976,0.18641499991645105,0.04410299970913911,0.0,100352
5,chain_5svc,2,89.45288699987941,68.80091199991512,20.651974999964295,2107392,4,28.30008999990241,0.3405190000194125,0.11360700000295765,55.17530099996293,602112,9.664976999829378,0.3999200002908765,0.05760300018664566,41.18423299996721,802816,13.389334000294184,0.26961399998981506,0.05420299976321985,23.53928899992752,401408,16.47323499992126,0.1741020000736171,0.037800999962200876,4.01145700016059,200704,0.9732759999678819,0.16251300030489801,0.044302999867795734,0.0,100352
5,chain_5svc,3,96.5962660002333,74.91155399929994,21.68471200093336,2107392,4,27.71315699965271,0.3499200001897407,0.17571000034877216,61.674866000430484,602112,10.8677359999092,0.5826289998367429,0.10030500016000587,46.07067500000994,802816,17.19024099975286,0.30821700011074427,0.05960399994364707,25.204679999660584,401408,18.389662000117823,0.17540199996801675,0.03790099981415551,3.5108500001115317,200704,0.7507579998673464,0.15271199981725658,0.03630300034274114,0.0,100352
5,chain_5svc,4,98.39593600008811,77.67724800078213,20.718687999305985,2107392,4,27.433942000243405,0.3431189998082118,0.12070699995092582,64.59223000001657,602112,12.955439000052138,0.48692400014260784,0.051902999985031784,46.836113000154,802816,19.339559000400186,0.2761149999059853,0.06240399989110301,23.90200999980152,401408,17.13784499997928,0.1781019996087707,0.05220000002736924,3.755752999950346,200704,0.81046300010712,0.15781199999764794,0.04260300011083018,0.0,100352
5,chain_5svc,5,101.18764399976499,74.58448599891199,26.603158000853,2107392,4,28.584005999618967,0.3907220002474787,0.12900700039608637,65.80869800018263,602112,10.729428999638913,0.4200210000817606,0.05640300014420063,50.49039300001823,802816,17.100035999646934,0.2971170001728751,0.07200400023066322,29.429111999888846,401408,17.299446999913926,0.1896019998639531,0.04669999998441199,3.9557559998684155,200704,0.871568000093248,0.16381200020987308,0.04050299958180403,0.0,100352
5,chain_5svc,6,93.6166499996034,73.33954800014908,20.277101999454317,2107392,4,26.971314999627793,0.348620000295341,0.3177180001330271,60.72051199998896,602112,10.168502999931661,0.4754230003527482,0.05600199983746279,45.86516400013352,802816,16.478803000154585,0.3223169996999786,0.057003000165423146,25.917918999766698,401408,19.008971000403108,0.17940299994734232,0.036499999623629265,3.6285510000197974,200704,0.7119560000319325,0.16261200016742805,0.04100300020581926,0.0,100352
5,chain_5svc,7,101.14234299999225,80.66469100003815,20.477651999954105,2107392,4,28.802118000385235,0.3696209996633115,0.12960699996256153,66.17491900033201,602112,10.047496999959549,0.4295210001146188,0.0697030000083032,51.526043999729154,802816,15.728260999821941,0.2586140003586479,0.05600299982688739,32.19056299985823,401408,25.406161999853794,0.20350200020402553,0.05160099999557133,3.3699479999995674,200704,0.6806530000176281,0.13351100005820626,0.038002999644959345,0.0,100352
5,chain_5svc,8,104.8749889996543,81.882910999866,22.992077999788307,2107392,4,31.279058000109217,0.3498199998830387,0.12620699999388307,67.90421499999866,602112,13.028143000155978,0.4788239998561039,0.06130299971118802,49.78915900028369,802816,13.021313000081136,0.24971399989226484,0.054803000239189714,33.20041899996795,401408,23.799038999641198,0.16800200000943732,0.05960099997537327,6.084586999804742,200704,0.7553579998784699,0.16841400019984576,0.052503999995678896,0.0,100352
5,chain_5svc,9,93.1785329999002,73.31580599975496,19.86272700014524,2107392,4,27.553348000310507,0.3423200000725046,0.09590499985279166,60.05927500018515,602112,11.4180639998267,0.3900189999512804,0.050802000259864144,44.08147599997392,802816,13.764053999693715,0.2476140002727334,0.07110400019882945,26.36324400009471,401408,19.847882999783906,0.17590200013728463,0.04090099992026808,3.3203470002263202,200704,0.7324570001401298,0.15371100016636774,0.041803999920375645,0.0,100352
5,chain_5svc,10,93.90076099998623,73.68990699978895,20.210854000197287,2107392,4,27.365036999981385,0.37152100003368105,0.18421100003251922,60.85591900000509,602112,11.172551999607094,0.4363210000519757,0.05160199998499593,44.94541899975957,802816,16.40319800026191,0.3273179995630926,0.05860400005985866,24.766257000010228,401408,17.915254999934405,0.17450199993618298,0.04310099984650151,3.617452000071353,200704,0.8338650000041525,0.1608120001037605,0.040902999899117276,0.0,100352
5,chain_5svc,11,88.73765999987882,68.75772000012148,19.979939999757335,2107392,4,26.754603999961546,0.35901999990528566,0.12470699994082679,56.135054000151285,602112,9.712880000279256,0.4031200001008983,0.05420299976321985,42.219885000122304,802816,13.080815999728657,0.24951400018835557,0.04660300010073115,25.338087999898562,401408,18.486562999896705,0.1771029997144069,0.042301000121369725,3.7103529998603335,200704,0.722857000255317,0.16041199978644727,0.0421029999415623,0.0,100352
5,chain_5svc,12,103.54013699998177,82.44967799964797,21.090459000333794,2107392,4,26.450686999851314,0.36151999984213035,0.1264070001525397,71.2243020002461,602112,11.054146000333276,0.4865239998252946,0.06790299994463567,55.61874699969849,802816,18.70532499970068,0.27861500029757735,0.08200399997804197,33.28582299991467,401408,25.51366399984545,0.2169030003642547,0.05070099996373756,4.189159999896219,200704,0.7258559999172576,0.1643129999138182,0.04150299992033979,0.0,100352
5,chain_5svc,13,95.29661500027942,74.76239300012821,20.534222000151203,2107392,4,30.37450700003319,0.3440189998400456,0.16901000026336988,59.17912499990052,602112,10.17440199984776,0.4208210002616397,0.059002999932999955,44.46109600030468,802816,13.565943000230618,0.2884149998862995,0.048702999720262596,27.51160699972388,401408,19.900083000266022,0.17590300012670923,0.042300999666622374,4.076358000020264,200704,0.7474579997506225,0.16381300019929768,0.043602999994618585,0.0,100352
5,chain_5svc,14,104.84818800023277,84.52524999984234,20.322938000390423,2107392,4,34.38683200010928,0.3571199999896635,0.18310999985260423,64.7574380000151,602112,13.72177700022803,0.4102200000488665,0.05760299973189831,46.40699099991252,802816,16.589308999755303,0.2922160001617158,0.07310399996640626,26.200135000181035,401408,19.035370999972656,0.17380200006300583,0.038700999994034646,3.84835499971814,200704,0.7919609997770749,0.16041300023061922,0.04210300039630965,0.0,100352
5,chain_5svc,15,101.12824199995885,78.57795999962036,22.550282000338484,2107392,4,26.77200400012225,0.3467199999249715,0.1315069998781837,68.43864599977678,602112,19.179447000169603,2.1538060000239057,0.07850400015740888,42.72720900007698,802816,14.75220799966337,0.24491300018780748,0.046101999942038674,24.545445000057953,401408,17.143143999874155,0.1741020000736171,0.041401000089535955,3.7407540003187023,200704,0.7311569997909828,0.1612119999663264,0.04410300016388646,0.0,100352
5,chain_5svc,16,93.83785799991529,73.8947410000037,19.94311699991158,2107392,4,27.906868000172835,0.347319999946194,0.11800699985542451,60.27908699979889,602112,10.332310999729089,0.5018240003664687,0.05330200019670883,45.15943000023981,802816,17.579363000095327,0.29781600005662767,0.06270299991228967,23.927211000227544,401408,17.41954799990708,0.1743030002216983,0.03770100011024624,3.2137460002559237,200704,0.656651000099373,0.13311100019564037,0.03680199961308972,0.0,100352
5,chain_5svc,17,91.82648000023619,72.57914499950857,19.247335000727617,2107392,4,32.22801099991557,0.3395190001356241,0.18561099977887352,54.141141999934916,602112,10.243005999654997,0.39752000020598643,0.05510200026037637,39.56075299993245,802816,11.193811999874015,0.30291600023701903,0.05400300005931058,25.04386800001157,401408,18.19366000017908,0.17670199986241641,0.03870000000461005,3.7758530002065527,200704,0.7206559998849116,0.16481300008308608,0.04100300020581926,0.0,100352
5,chain_5svc,18,96.10134699960327,76.64275899969653,19.45858799990674,2107392,4,26.5351909997662,0.34402000028421753,0.17400900014763465,63.908191000336956,602112,11.056545999963419,0.40492000016456586,0.05670300015481189,48.57859899993855,802816,12.961108000126842,0.26441399995746906,0.05650299999615527,32.39886999972441,401408,25.43036299994128,0.20250200032023713,0.05129999999553547,3.694552999604639,200704,0.6595509998987836,0.15001200017650262,0.036902999909216305,0.0,100352
5,chain_5svc,19,102.79990800017913,81.79225999992923,21.0076480002499,2107392,4,28.378095000334724,0.3533199997036718,0.12090699965483509,68.7932659998296,602112,10.583721999864792,0.4291220002414775,0.05370300004869932,53.95936500008247,802816,17.178238999804307,0.29481600040526246,0.07000400000833906,32.82949300000837,401408,25.036355999873194,0.20250300030966173,0.060801000017818296,4.06285700000808,200704,0.6158480000522104,0.1582120003149612,0.03680299960251432,0.0,100352
5,chain_5svc,20,101.7873679998047,81.37166100004833,20.415706999756367,2107392,4,33.61718900032429,0.4923269998471369,0.10110599987456226,62.47851099988111,602112,10.675927000193042,0.47812399998292676,0.05910299978495459,46.9892199998867,802816,11.554230999990978,0.2448129998811055,0.04190300023765303,31.978146999790624,401408,24.738852999689698,0.20080300009794882,0.05050000027040369,3.9744559999235207,200704,0.7854609998503292,0.18021400001089205,0.042503000258875545,0.0,100352
5,chain_5svc,21,107.64709700015374,85.84449400041194,21.802602999741794,2107392,4,29.091934999996738,0.6210350002220366,0.16870899980858667,72.18205600020156,602112,12.193802000183496,0.410820000070089,0.05760299973189831,55.54334299995389,802816,19.341455999892787,0.28731600013998104,0.05730299972128705,31.244507000337762,401408,24.56114999995407,0.20550299996102694,0.052101000164839206,3.3146470000247064,200704,0.6561510003848525,0.1491109997004969,0.03860299966618186,0.0,100352
5,chain_5svc,22,107.90040700021564,83.58657800090441,24.313828999311227,2107392,4,33.15576300019529,0.41322300012325286,0.18631000011737342,65.57858499991198,602112,10.707929000091099,0.41522099991198047,0.05360200020732009,49.20722899987595,802816,14.322882000215031,0.24981400019896682,0.0597039997956017,31.44821800015052,401408,24.727352000354585,0.20980299996153917,0.06350099965857225,3.3884480003507633,200704,0.6726520000484015,0.13821099992128438,0.0359030000254279,0.0,100352
5,chain_5svc,23,104.81378599979507,83.54723699994793,21.266548999847146,2107392,4,27.70045699980983,0.3386190001037903,0.1784099999895261,70.75377599994681,602112,12.320008000187954,0.4393220001475129,0.05820299975312082,53.81315700014966,802816,17.50855699992826,0.2992160002577293,0.05890300008104532,32.4450720004279,401408,25.327961000130017,0.21550300016315305,0.050100999942515045,3.6601530000552884,200704,0.6902539998918655,0.1384100000905164,0.04000300032203086,0.0,100352
5,chain_5svc,24,101.82006900004126,81.0322169995743,20.787852000466955,2107392,4,27.523045999714668,0.3501200003483973,0.18351100015934207,68.52745100013635,602112,10.84783599981165,0.4528220001702721,0.0573030001760344,53.50014200030273,802816,17.021330000261514,0.28141499979028595,0.05580299966823077,31.87404099980995,401408,25.025656999787316,0.1982030003091495,0.05180000016480335,3.5365500002626504,200704,0.6143479999991541,0.13861100023859763,0.03530300000420539,0.0,100352
5,chain_5svc,25,95.72063199993863,75.16932599992288,20.551306000015757,2107392,4,27.79346199986321,0.37152000004425645,0.13860800027032383,61.587860000145156,602112,10.262407000027451,0.5940290002399706,0.06550299985974561,46.64440399983505,802816,17.09333400003743,0.24551300020903,0.05650299999615527,25.810510000155773,401408,19.43127699996694,0.1736029998937738,0.051699999858101364,3.12054400001216,200704,0.5888460000278428,0.1367109998682281,0.03230199990866822,0.0,100352
5,chain_5svc,26,100.0590009998632,77.57204000017737,22.486960999685834,2107392,4,27.151925999987725,0.35321999985171715,0.11260600012974464,66.4287320000767,602112,11.98919200032833,1.497274000030302,0.05710300001737778,49.001920000137034,802816,12.970907999715564,0.2372130002186168,0.06240399989110301,32.2248600000421,401408,24.66885200010438,0.20350200020402553,0.051200999678258086,4.015356999843789,200704,0.7911620000413677,0.1613120002730284,0.04300299997339607,0.0,100352
5,chain_5svc,27,116.38823800012688,94.95295300075668,21.435284999370197,2107392,4,38.20064600040496,0.34471999970264733,0.11790700000346988,71.45631499997762,602112,13.263955000184069,0.48292400015270687,0.07100299990270287,53.65464900023653,802816,17.135936000158836,0.28361600016069133,0.05580299966823077,32.864094999695226,401408,25.720567000007577,0.20730300002469448,0.051000999974348815,3.5870510000677314,200704,0.6318490000012389,0.1430110000910645,0.03910300029019709,0.0,100352
5,chain_5svc,28,103.25872599969443,82.6263970002401,20.63232899945433,2107392,4,33.545485000104236,0.6410359997062187,0.13020699998378404,63.668778000192106,602112,10.477817000264622,0.4049199997098185,0.06900400012455066,48.95041700001457,802816,12.564785999984451,0.27781499966295087,0.04640300039682188,32.64918300010322,401408,25.442062999900372,0.20320300018283888,0.05180000016480335,3.779054000005999,200704,0.5962459999864222,0.14421100013350951,0.035603000014816644,0.0,100352
5,chain_5svc,29,90.32032100003562,69.89348300021447,20.426837999821146,2107392,4,28.838220000125148,0.35691999983100686,0.12210700015202747,55.82783499994548,602112,10.949340000024677,0.427221999871108,0.09620499986340292,39.580854999712756,802816,11.275716000000102,0.26961499997923966,0.4270230001566233,24.60374399970533,401408,18.225360000087676,0.17600199998923927,0.0390000000152213,3.1327440001405193,200704,0.6048469999768713,0.14171099974191748,0.03320200039524934,0.0,100352
5,chain_5svc,30,109.68777600010071,81.18981999950847,28.49795600059224,2107392,4,34.18161899980987,0.3837210001620406,0.10360599981140695,69.9306270003035,602112,12.28500700017321,0.778038000134984,0.1325059997725475,51.44213999983549,802816,16.31939099979718,0.268415000391542,0.13310799977261922,24.685349000264978,401408,17.768853999768908,0.1731020001898287,0.04760000001624576,3.363447000083397,200704,0.6349489999593061,0.14001099998495192,0.032703000215406064,0.0,100352
5,chain_5svc,31,110.52110900027401,89.84738399976777,20.673725000506238,2107392,4,28.980928000237327,0.3555199996299052,0.12660699985644897,75.73875299976862,602112,10.172301999773481,0.40881999984776485,0.06280300021899166,60.63789400013775,802816,17.205839999860473,0.2788150000014866,0.06090300030336948,39.730371000132436,401408,32.904068999869196,0.22260300011112122,0.07020100019872189,3.2023460003074433,200704,0.5842450000272947,0.13351100005820626,0.03230299989809282,0.0,100352
5,chain_5svc,32,96.63816800002678,77.07207599969479,19.56609200033199,2107392,4,29.14273599981243,0.35032000005230657,0.1322080001955328,61.74556699988898,602112,11.989091999566881,0.6168310001157806,0.059703000260924455,45.35643999997774,802816,17.20493999982864,0.28891600004499196,0.08170399996743072,24.600244000339444,401408,18.091258000367816,0.17790199990486144,0.04180099995210185,3.1201450001390185,200704,0.644050000119023,0.14201100020727608,0.03450299982432625,0.0,100352
5,chain_5svc,33,102.15088199993261,82.08458099989002,20.066301000042586,2107392,4,34.60734300006152,0.36162000014883233,0.11720699967554538,61.892374999843014,602112,12.799831999927846,0.687334000303963,0.061002999700576765,44.308688000000984,802816,16.660809999848425,0.2778150001176982,0.055703000271023484,23.61579000034908,401408,17.389548000210198,0.1698019996183575,0.03620100005718996,3.0864440000186733,200704,0.6270479998420342,0.14141099973130622,0.03610300018408452,0.0,100352
5,chain_5svc,34,98.21082899998146,77.64220000035493,20.568628999626526,2107392,4,30.8873339999991,0.3527200001371966,0.16910999966057716,60.95482199998514,602112,10.91853900015849,0.4600229999596195,0.058102999901166186,45.52834799960692,802816,16.599506000147812,0.290116000087437,0.06230400003914838,25.56289700032721,401408,18.500264000067546,0.184801999694173,0.039601000025868416,3.713052999955835,200704,0.7365569999819854,0.16251300030489801,0.042502999804128194,0.0,100352
5,chain_5svc,35,94.43168100006005,74.24584399950618,20.185837000553875,2107392,4,28.014272999826062,0.3357189998496324,0.1822100002755178,60.853515999951924,602112,10.723030000008293,0.41482000005999,0.06240299990167841,45.74045799972737,802816,16.80471800000305,0.29351600005611544,0.05670300015481189,25.308482999662374,401408,17.815453999901365,0.17400300021108706,0.037199999951553764,4.271661000075255,200704,0.8883689997674082,0.14171100019666483,0.048503000016353326,0.0,100352
5,chain_5svc,36,100.73412699966866,80.99818799973946,19.735938999929203,2107392,4,29.56435899977805,0.3677210002024367,0.12510700025814003,65.41227299976526,602112,11.105647999556822,0.41512100006002584,0.054303000069921836,50.09697400009827,802816,14.096670000071754,0.29441599963320186,0.05780299989055493,32.48057399969184,401408,25.642065000283765,0.1730019998831267,0.05330099975253688,3.6475520000749384,200704,0.5894460000490653,0.1332100000581704,0.03450299982432625,0.0,100352
5,chain_5svc,37,100.93913500031704,81.34824899980231,19.59088600051473,2107392,4,29.74967000000106,0.3541199998835509,0.1727100002426596,65.33606799985137,602112,11.172651999913796,0.4082200002812897,0.055001999953674385,49.74445600009858,802816,17.632263999985298,0.27951499987466377,0.06650300019828137,28.607163000287983,401408,22.18481599993538,0.1699019999250595,0.04950099992129253,3.1501439998464775,200704,0.6088469999667723,0.1350099996670906,0.037603000237140805,0.0,100352
5,chain_5svc,38,110.94442500007062,89.0026189999844,21.941806000086217,2107392,4,29.780771999867284,0.33892000010382617,0.2417129999230383,74.48558200030675,602112,14.027191999957722,0.4700240001511702,0.05740300002798904,55.553443000007974,802816,26.3351380003769,0.9932549996847229,0.05840299991177744,24.803055000120366,401408,18.116659000043,0.1737020002110512,0.04269999999451102,3.3093470001404057,200704,0.7428579997394991,0.14341099995363038,0.03880300027958583,0.0,100352
5,chain_5svc,39,109.13695499993992,85.58833999995841,23.54861499998151,2107392,4,28.708412000014505,0.35191900042264024,0.1765099996191566,72.52607200007333,602112,12.99464200019429,0.4035199999634642,0.055402999805664876,54.56549399968935,802816,16.008775000045716,0.4018219997306005,0.048302000323019456,34.82790299995031,401408,24.48284899992359,0.17560300011609797,0.050999999984924216,7.385605000308715,200704,3.3936619997803064,0.6973539998398337,0.041203000364475884,0.0,100352
5,chain_5svc,40,126.57663399977537,103.37128100081827,23.205352998957096,2107392,4,36.197933000039484,0.3572199998416181,0.1868100002866413,83.41148299996348,602112,15.85528300029182,0.4784230000041134,0.05480299978444236,62.75399900005141,802816,24.569942000198353,0.3024159996130038,0.07410399985019467,34.137663999899814,401408,26.083372000357485,0.20630199969673413,0.07030100005067652,3.3253470001000096,200704,0.6647509999311296,0.14031099999556318,0.03830300011031795,0.0,100352
5,chain_5svc,41,94.51158399997439,74.05539100045644,20.456192999517953,2107392,4,27.515445000062755,0.35961999992650817,0.1888110000436427,61.16173299960792,602112,9.8631870000645,0.3983199999311182,0.06010300012349035,46.18148100007602,802816,17.153037000298355,0.2931159997388022,0.05910299978495459,25.697102999856725,401408,18.82406799995806,0.17600299997866387,0.03880099984598928,3.4400489998915873,200704,0.6996540000727691,0.1546120001876261,0.0411040000471985,0.0,100352
5,chain_5svc,42,100.6379239997841,80.3494400006457,20.288483999138407,2107392,4,27.7646590002405,0.3530200001478079,0.18991099977938575,67.27927700012515,602112,14.02279300009468,0.4205209997962811,0.09610400002202368,48.045872999864514,802816,19.876285000009375,0.28751600029863766,0.0566029998481099,24.64994599995407,401408,18.08955700016668,0.17670299985184101,0.03990100003647967,3.023643000233278,200704,0.5961460001344676,0.13430999979391345,0.03630299988799379,0.0,100352
5,chain_5svc,43,102.63620099976833,78.61008899953958,24.02611200022875,2107392,4,28.444297000078222,0.35952000007455354,0.18771099985315232,68.54724899994835,602112,14.30880599991724,0.4112209999220795,0.07580400006190757,49.11182600017128,802816,18.101288999787357,0.3036160001101962,0.058803000229090685,23.793799000031868,401408,17.075243999897793,0.1629020002837933,0.036699999782285886,3.470549000212486,200704,0.6804529998589715,0.15551200021945988,0.03820300025836332,0.0,100352
5,chain_5svc,44,104.28026499994303,84.03280299990001,20.247462000043015,2107392,4,27.259730999958265,0.3592200000639423,0.13040700014244067,71.36440700014646,602112,12.293407000015577,0.4917239998576406,0.07130399990273872,54.7723039999255,802816,17.013729000154854,0.2983159997711482,0.058803999763767933,34.1710669999884,401408,26.773181999942608,0.19560300006560283,0.06400000029316288,3.798654000092938,200704,0.6927539998287102,0.16431200037914095,0.03850299981422722,0.0,100352
5,chain_5svc,45,106.71936100015955,86.08276700078932,20.636593999370234,2107392,4,27.968370000053255,0.3550199999153847,0.11780700015151524,73.43732299978001,602112,15.502066000408377,0.6601319996661914,0.1143059998867102,52.982715999860375,802816,16.86992100030693,0.2915159998337913,0.05920300009165658,32.40276999986236,401408,25.045357000180957,0.19300199983263155,0.04980099993190379,3.867054999773245,200704,0.6970529998397978,0.15361199984909035,0.04080400003658724,0.0,100352
5,chain_5svc,46,105.89532199992391,85.750886999449,20.144435000474914,2107392,4,29.22194099983244,0.3587199998946744,0.13540700001613004,70.9051809999437,602112,10.187702999701287,0.4179210000074818,0.0525030000062543,55.996165000124165,802816,20.69452999967325,0.25261400014642277,0.08650500012663542,31.916344000364916,401408,24.972461000288604,0.19420299986450118,0.05029999965699972,3.4171489996879245,200704,0.6742519999534125,0.14311099994301912,0.0328030000673607,0.0,100352
5,chain_5svc,47,110.83553100024801,87.31083899965597,23.52469200059204,2107392,4,29.181738999795925,0.3504189999148366,0.1233060002050479,76.14647499985949,602112,15.3640590001487,0.41521999992255587,0.07350399982897216,56.31288099993981,802816,16.806518000066717,0.2915159998337913,0.06020299997544498,32.6214820001951,401408,25.205863999872236,0.19550299975890084,0.05050100025982829,3.9445570000680164,200704,0.7526589997723931,0.1588120003361837,0.04370300030132057,0.0,100352
5,chain_5svc,48,95.5270979998204,75.69731199964735,19.829786000173044,2107392,4,27.794659999926807,0.375521000023582,0.1433079996786546,62.290397999731795,602112,10.18090299976393,0.40301999979419634,0.06110300000727875,47.88056500001403,802816,11.287116999938007,0.2511130001039419,0.0535029998900427,32.917298000029405,401408,25.633270000071207,0.19550299975890084,0.05130099998496007,3.863456000090082,200704,0.8013619999474031,0.1633120000406052,0.04480400002648821,0.0,100352
5,chain_5svc,49,106.87521800036848,87.06872100037799,19.806496999990486,2107392,4,30.364704000021447,0.38552199976038537,0.17361000027449336,71.20919799990588,602112,10.914939000031154,0.4727230002572469,0.05110299980515265,55.49463999977888,802816,19.214549000025727,0.28511599975900026,0.07230400024127448,32.9151969999657,401408,25.845673000276292,0.22120399989944417,0.05050099980508094,3.68685400007962,200704,0.7288560000233701,0.16541299964956124,0.07440600029440247,0.0,100352
5,chain_5svc,50,107.13942600023074,83.24221499970008,23.89721100053066,2107392,4,28.09327700015274,0.5329299997356429,0.1917109998430533,73.15000700009477,602112,11.392762000014045,0.47392399983436917,0.056103000133589376,57.073218999903474,802816,17.392849999851023,0.40222200004791375,0.05770400002802489,32.759089000137465,401408,25.636569999733183,0.1955030002136482,0.05060100011178292,3.7241539998831286,200704,0.7267559999490913,0.16211199999816017,0.04260400010025478,0.0,100352
5,chain_5svc,51,103.43092099992646,82.89201700017657,20.53890399974989,2107392,4,28.95322499989561,0.3442189999987022,0.1674099999036116,68.568950000099,602112,11.006544000338181,0.39631899971936946,0.06050299998605624,53.35783400005312,802816,17.242841000097542,0.2864160001081473,0.05740400001741364,32.02234899981704,401408,25.114763000146922,0.19430199972703122,0.05050100025982829,3.333247999762534,200704,0.5746439996983099,0.12661000027947011,0.041603000227041775,0.0,100352
5,chain_5svc,52,109.58789599999363,83.86595799993302,25.721938000060618,2107392,4,30.25909899997714,0.4149229998802184,0.17380899998897803,68.59795099990151,602112,10.134900000139169,0.4082210002707143,0.06770299978597905,53.571644999919954,802816,17.059232000065094,0.2867159996640112,0.056303000292246,32.78159100000266,401408,25.689270999919245,0.19250300010753563,0.05900099995415076,3.4835510000448267,200704,0.7234559998323675,0.1592120001987496,0.0411040000471985,0.0,100352
5,chain_5svc,53,104.42794999971738,83.23030700057643,21.197642999140953,2107392,4,27.457842000330857,0.34261899963894393,0.18320999970455887,71.38490700026523,602112,11.872185999891371,0.4077210001014464,0.059702999806177104,54.81698999983564,802816,17.48315500026365,0.29201600000305916,0.05650299999615527,33.81804699984059,401408,25.75137200028621,0.20190299983369187,0.05150099968886934,3.46594999973604,200704,0.6657519998043426,0.147510999795486,0.03640300019469578,0.0,100352
5,chain_5svc,54,106.56831000005695,85.74911699997756,20.819193000079395,2107392,4,29.22434099991733,0.34701899994615815,0.20031099984407774,71.61282100014432,602112,16.308299000229454,0.44942199974684627,0.0749030000406492,50.265860999843426,802816,13.710848999835434,0.2486130001670972,0.0566029998481099,33.19281299991417,401408,25.787671999751183,0.20120300041526207,0.051201000133005437,3.8488559998768324,200704,0.7179560002441576,0.1606119999451039,0.04010299971923814,0.0,100352
5,chain_5svc,55,105.31737399969643,84.92520999925546,20.39216400044097,2107392,4,27.692154999840568,0.34872000014729565,0.19211100016036653,71.41890899993086,602112,11.877180999817938,0.43392199995651026,0.06760299993402441,55.25900500015268,802816,19.0838429998621,0.28831500003434485,0.06310300022960291,32.79609099990921,401408,25.460068000029423,0.20500300024650642,0.05310100004862761,3.99015800030611,200704,0.811962999705429,0.17571400030647055,0.04780300014317618,0.0,100352
5,chain_5svc,56,105.067267999857,82.8098979995957,22.25737000026129,2107392,4,28.405393999946682,0.35281999998915126,0.1653099998293328,70.0234310002088,602112,11.415558999942732,0.5017240000597667,0.06020299997544498,53.63002600006439,802816,16.71201299996028,0.2996170001097198,0.06900299968037871,32.80129099994156,401408,25.443266999900516,0.20640299999286071,0.05150100014361669,3.9416569998138584,200704,0.8336649998454959,0.1623120001568168,0.044503000026452355,0.0,100352
5,chain_5svc,57,102.19078699992679,81.65586799987068,20.534919000056107,2107392,4,29.22774099988601,0.34861899985116906,0.12050700024701655,67.28857699999935,602112,10.372707999977138,0.48212299998340313,0.05180300013307715,52.219356000023254,802816,16.515801999958057,0.28521600006570225,0.06830400025137351,32.2660619999624,401408,24.7793579997051,0.20080300009794882,0.04920100036542863,4.004958000223269,200704,0.7602590003443765,0.1674129998718854,0.04810299969904008,0.0,100352
5,chain_5svc,58,101.68177200011996,82.00425299992276,19.677519000197208,2107392,4,27.065619000040897,0.3417190000618575,0.12400700006764964,69.0563769999244,602112,10.606318999634823,0.494024000090576,0.06160300017654663,53.649726000003284,802816,18.277197999850614,0.28671600011875853,0.06150399985926924,31.859340000210068,401408,25.411467000139965,0.1958029997695121,0.07900199989308021,3.436450000208424,200704,0.6436500002564571,0.14321099979497376,0.03720299991982756,0.0,100352
5,chain_5svc,59,113.78496100041957,93.25145200000406,20.533509000415506,2107392,4,30.867233000208216,0.36882099993817974,0.4617260001396062,76.82611400014139,602112,13.050239000222064,0.4797229998985131,0.07250399994518375,59.395007000148325,802816,22.948054000153206,0.28991599992878037,0.07970400019985391,32.60758100032035,401408,25.66977099968426,0.20360300004540477,0.05380099992180476,3.7094529998284997,200704,0.7161549997363181,0.1660130001255311,0.03910300029019709,0.0,100352
5,chain_5svc,60,106.28230999964217,86.33738899970922,19.944920999932947,2107392,4,27.79666099968381,0.3832219999821973,0.1451080001970695,72.46406800004479,602112,10.911434000263398,0.40461899970978266,0.06360399993354804,57.428610999977536,802816,21.440471000005346,0.3016169998772966,0.05600299982688739,32.29116400007115,401408,25.491468999916833,0.20190299983369187,0.04979999994247919,3.70575299984921,200704,0.6973539998398337,0.155012000050192,0.040703000195208006,0.0,100352
5,chain_5svc,61,106.35821300002135,86.12002300014865,20.238189999872702,2107392,4,35.10987199979354,0.35031900006288197,0.2251119999527873,65.368970000236,602112,10.415210000246589,0.4352209998614853,0.059002999932999955,50.080351999895356,802816,17.83947400008401,0.28331600015008007,0.07360399968092679,28.406751999682456,401408,22.138519999771233,0.16840300031617517,0.07000100004006526,3.0866450001667545,200704,0.6169470002532762,0.13851099993189564,0.03650300004665041,0.0,100352
5,chain_5svc,62,101.6065339999841,81.26762500023688,20.33890899974722,2107392,4,27.12432299995271,0.3548200002114754,0.12180700014141621,68.593650999901,602112,11.092043000189733,0.4220209998493374,0.05840199992235284,52.91968999972596,802816,17.29714500015689,0.28721499984385446,0.05730299972128705,32.01204900005905,401408,25.070161999792617,0.2021029999923485,0.05090100012239418,3.5170499995729188,200704,0.6839520001449273,0.14691199976368807,0.03610300018408452,0.0,100352
5,chain_5svc,63,106.76022799998464,85.54075499932878,21.219473000655853,2107392,4,28.764515000148094,0.3781220002565533,0.1753090000420343,72.40546499997436,602112,11.160545999700844,0.42842100037887576,0.05400300005931058,56.50586599995222,802816,19.572969999899215,0.28691500028799055,0.07400399999824003,33.28921799993623,401408,25.299065999661252,0.21010300042689778,0.050801000270439545,3.8929559996176977,200704,0.7436579999193782,0.16171200013559428,0.040703000195208006,0.0,100352
5,chain_5svc,64,101.62733400011348,80.71562099985385,20.911713000259624,2107392,4,27.33713399993576,0.37622099989675917,0.1826110001275083,68.11612399997102,602112,10.968937000143342,0.4073200002494559,0.06090299984862213,52.52467099990099,802816,17.363348999879236,0.3181170000061684,0.07210400008261786,31.37111299975004,401408,24.42535299996962,0.20560299981298158,0.054100999932416016,3.487750999738637,200704,0.6208479999258998,0.13441000010061543,0.034902999686892144,0.0,100352
5,chain_5svc,65,103.79181600001175,82.6179079999747,21.173908000037045,2107392,4,29.72726899997724,0.3944219997720211,0.12260700032129535,68.40694099992106,602112,10.415910000119766,0.40981999973155325,0.05800300004921155,53.27200800002174,802816,16.718013000172505,0.29221599970696843,0.07610400007251883,32.479374000104144,401408,25.047562000054313,0.20430299991858192,0.05110099982630345,3.963157999805844,200704,0.70915399965088,0.15961300005074008,0.03920300014215172,0.0,100352
5,chain_5svc,66,103.98932299995067,83.36389199985206,20.625431000098615,2107392,4,26.613093999912962,0.3488199999992503,0.13280699977258337,71.76842900025804,602112,13.842278000083752,0.4129200001443678,0.05920199964748463,53.06349800002863,802816,16.444198000044707,0.31481799987886916,0.05830300005982281,32.776189999822236,401408,25.833573999989312,0.20510300009846105,0.051699999858101364,3.319448000183911,200704,0.6307479998213239,0.14071100031287642,0.03610300018408452,0.0,100352
5,chain_5svc,67,97.75958800037188,76.61359599978823,21.145992000583647,2107392,4,26.814005999767687,0.35591999994721846,0.12560699997266056,64.7461349999503,602112,9.887683999750152,0.40852000029190094,0.07330400012506288,49.6784319998369,802816,14.50659199963411,0.2860160002455814,0.05800300004921155,31.482920000144077,401408,24.651856000218686,0.2038030002040614,0.05000099963581306,3.528850999828137,200704,0.753458000417595,0.14681099992230884,0.03790299979300471,0.0,100352
5,chain_5svc,68,114.72522800022489,91.66590100085159,23.059326999373297,2107392,4,30.975139000020135,0.39332200003627804,0.15800899973328342,78.06248299993968,602112,11.04354000017338,0.5682280002474727,0.06360399993354804,61.52221099955568,802816,23.846503000186203,0.2864150001187227,0.07520400004068506,33.824248000200896,401408,25.07146300013119,0.20500300024650642,0.0846009997985675,4.699766999692656,200704,0.7292560003406834,0.16171199968084693,0.0414039996030624,0.0,100352
5,chain_5svc,69,108.39768999994703,86.98956499938504,21.408125000561995,2107392,4,27.962769999703596,0.3764210000554158,0.1081059999705758,74.78279899987683,602112,10.78682800016395,0.4718230002254131,0.060102999668742996,58.77627700010635,802816,21.249059999718156,0.29991700012033107,0.08020499990379903,33.874450999974215,401408,25.138263999906485,0.20820300005652825,0.05820099977427162,5.0773739999385725,200704,1.8526429998928506,0.17541399984111194,0.11260800010859384,0.0,100352
5,chain_5svc,70,113.96339900011299,92.36983199980386,21.593567000309122,2107392,4,26.85200799987797,0.3479199999674165,0.1270070001737622,81.1082529999112,602112,10.649720999936108,0.41091999992204364,0.05490300009114435,65.30269699987912,802816,28.700166999897192,0.2881159998651128,0.056803000006766524,33.12860999994882,401408,25.24136500005625,0.21070299999337294,0.055701000292174285,4.388463999930536,200704,0.926571000036347,0.16361300004064105,0.04600400006893324,0.0,100352
5,chain_5svc,71,109.83534299975872,89.21505799935403,20.620285000404692,2107392,4,28.22928499972477,0.37262100022417144,0.13040700014244067,75.5544420003389,602112,10.285902999839891,0.45312300017030793,0.06950399983907118,60.604467000302975,802816,24.658447000092565,0.32521799994356115,0.05850299976373208,32.106954000028054,401408,25.295165999978053,0.20150299997112597,0.04980099993190379,3.3701490001476486,200704,0.7462569997187529,0.15831300015634042,0.04310400026952266,0.0,100352
5,chain_5svc,72,115.63596299993151,87.3015199999827,28.334442999948806,2107392,4,27.996471999813366,0.3727210000761261,0.19791100021393504,80.52002100021127,602112,12.126593999710167,0.482623000152671,0.07480300018869457,59.19309799992334,802816,20.29300800040801,0.30051599969738163,0.11190699979124474,33.18901300008292,401408,25.95537500019418,0.20590299982359284,0.05060099965703557,3.907655999682902,200704,0.93007099985698,0.1602130000719626,0.04790399998455541,0.0,100352
5,chain_5svc,73,106.75032799963446,86.6217769994364,20.12855100019806,2107392,4,30.057386999942537,0.3453200001786172,0.12590699998327182,71.03728800029785,602112,11.993586999778927,0.43702099992515286,0.0915050000003248,54.60667300030764,802816,17.82837400014614,0.28251499998077634,0.06110300000727875,33.0206039998302,401408,26.076076999743236,0.20040300023538293,0.050801000270439545,3.6987540001973684,200704,0.6663519998255651,0.14281099993240787,0.0366030003533524,0.0,100352
5,chain_5svc,74,104.0224240000498,83.32125600009022,20.70116799995958,2107392,4,27.7414580000368,0.34161899975515553,0.18461000036040787,70.55626100009249,602112,10.514714999771968,0.4736229998343333,0.06140300001789001,55.204501999924105,802816,17.227541000011115,0.29031599979134626,0.060803999986092094,34.075260999998136,401408,27.193793000151345,0.2021029999923485,0.055700999837426934,3.2912479996412003,200704,0.6437490001189872,0.1440109999748529,0.03630299988799379,0.0,100352
5,chain_5svc,75,106.42421500006094,84.9087290002899,21.515485999771045,2107392,4,28.54400300020643,0.34811900013664854,0.09210500002154731,72.05734500030303,602112,12.557515000025887,0.4822240002795297,0.0649029998385231,53.97874300024341,802816,17.997883000134607,0.2968169997075165,0.0739040001462854,32.4616729999434,401408,24.922160000187432,0.20450300007723854,0.050100999942515045,3.968156999690109,200704,0.8871679997355386,0.21151700002519647,0.046304000079544494,0.0,100352
5,chain_5svc,76,105.54438200006189,83.09773300015877,22.44664899990312,2107392,4,29.433352000069135,0.34912000000986154,0.11040599974876386,70.01293099983741,602112,10.433711000132462,0.39721899975120323,0.08360399988305289,55.07329600004596,802816,17.14863699999114,0.29001600023548235,0.06150299986984464,34.18616699991617,401408,25.183763999848452,0.20120299996051472,0.0532010003553296,4.148959999838553,200704,0.8982690001175797,0.16481300008308608,0.04380300015327521,0.0,100352
5,chain_5svc,77,106.16280500016728,84.88432900003318,21.278476000134106,2107392,4,29.12743499973658,0.3561200001058751,0.09990600028686458,71.37410699988322,602112,12.903132000246842,0.4763229999298346,0.05890299962629797,53.445616000317386,802816,17.344847999993362,0.2637140000842919,0.0804039996182837,32.32036600002175,401408,24.786758000118425,0.2031029998761369,0.05430100009107264,4.268660999969143,200704,0.7221559999379679,0.1592120001987496,0.040703000195208006,0.0,100352
5,chain_5svc,78,104.10932800004957,83.45055100062382,20.658776999425754,2107392,4,28.076076000161265,0.36251999972591875,0.12620699999388307,70.38255099996604,602112,10.845231000075728,0.43332099994586315,0.0925039998946886,54.8071829998662,802816,19.00973800002248,0.2853159999176569,0.06000299981678836,31.50862100028462,401408,24.925059999986843,0.20290300017222762,0.050100999942515045,3.408150000268506,200704,0.5944460003775021,0.1329109995822364,0.03610199973991257,0.0,100352
5,chain_5svc,79,105.17706800010274,84.78857800037076,20.388489999731974,2107392,4,27.58934900020904,0.34811900013664854,0.10410599998067482,71.78372999987914,602112,11.028739999801473,0.4721230002360244,0.05840300036652479,56.364759000189224,802816,19.277453000086098,0.2873149996958091,0.07060400002956158,33.38702400014881,401408,26.132678000067244,0.20120199997109012,0.054100999932416016,3.2947479999165807,200704,0.7603580002069066,0.14511199970002053,0.03750299993043882,0.0,100352
5,chain_5svc,80,110.34606300017913,89.46121999997558,20.884843000203546,2107392,4,30.80692999992607,0.34771900027408265,0.1720089999253105,73.59143100029542,602112,10.084894000101485,0.40821999982654233,0.08050399992498569,58.69057299969427,802816,17.903977000059967,0.29201600000305916,0.0525030000062543,37.12632799988569,401408,29.46462599993538,0.2968039998449967,0.05620100000669481,4.1762599998946826,200704,1.2007929999526823,0.1689129999249417,0.046303000090119895,0.0,100352
5,chain_5svc,81,101.62703400010287,80.71520499970575,20.91182900039712,2107392,4,29.14113599990742,0.3478200001154619,0.14520800004902412,66.28112099997452,602112,12.97103499973673,0.4739240002891165,0.06000200028211111,48.43317099994238,802816,18.205893999947875,0.28681599997071316,0.061004000144748716,26.417842999762797,401408,19.673684000281355,0.1740029997563397,0.03930100001525716,3.54085099979784,200704,0.7234559998323675,0.2193169998463418,0.03920300014215172,0.0,100352
5,chain_5svc,82,103.75541400026123,83.02510899966364,20.730305000597582,2107392,4,28.239685999778885,0.35242000012658536,0.1712090002001787,69.62000800012902,602112,10.654420999799186,0.4093200000170327,0.05720300032407977,54.41346399993563,802816,17.872475999865856,0.28731600013998104,0.07110400019882945,33.0664070002058,401408,25.526569000248855,0.20260300016161636,0.05380099992180476,3.9572569999108964,200704,0.7319569999708619,0.1643119999243936,0.043602999994618585,0.0,100352
5,chain_5svc,83,104.12792799979798,83.39850499987733,20.729422999920644,2107392,4,30.84583100007876,0.3920220001418784,0.12250700001459336,67.60079500008942,602112,11.062540999773773,0.44292200027484796,0.06200300003911252,51.82443700005024,802816,14.839111000128469,0.2688149997993605,0.3513189999466704,32.844093999756296,401408,26.07277700008126,0.21460299967657193,0.054100999932416016,3.3549489999131765,200704,0.5782449998150696,0.1311099999838916,0.03480300028968486,0.0,100352
5,chain_5svc,84,113.8756960003775,92.21241599971108,21.66328000066642,2107392,4,32.72323700002744,0.370320999991236,0.19091099966317415,74.02205599964873,602112,11.104944000180694,0.43992099972456344,0.06230300004972378,58.402259000104095,802816,22.199612999884266,0.2892160000556032,0.05550300011236686,32.59058000003279,401408,25.485467999715183,0.2038030002040614,0.06070100016586366,3.6970539999856555,200704,0.6991539999035012,0.14421100013350951,0.07080499972289545,0.0,100352
5,chain_5svc,85,106.20310700005575,85.58584999991581,20.617257000139944,2107392,4,29.16093700014244,0.34561900019980385,0.18160999979954795,71.60332000012204,602112,10.472412000126496,0.42272099972251453,0.06000299981678836,56.02074200032803,802816,19.677874999615597,0.3006160000040836,0.05980300011287909,32.60668099983377,401408,25.54067000028226,0.1999029996113677,0.05400000009103678,3.7352539998209977,200704,0.7339559997490142,0.1643129999138182,0.04300399996282067,0.0,100352
5,chain_5svc,86,103.93452099970091,83.76813600079913,20.166384998901776,2107392,4,29.135236000001896,0.36792099990634597,0.12200699984532548,69.17558399982227,602112,11.27565200022218,0.4112199999326549,0.05950300010226783,53.00629499970455,802816,16.92932500009192,0.28291599983276683,0.057202999869332416,32.424870999875566,401408,25.778072000321117,0.202703000013571,0.053000999741925625,3.4756499999275547,200704,0.6498510001620161,0.14161099988996284,0.035802000184048666,0.0,100352
5,chain_5svc,87,101.41392600007748,80.99080600050002,20.423119999577466,2107392,4,26.90581100023337,0.33911899981831084,0.13510799999494338,68.86136599996462,602112,9.972088000267831,0.40921999971033074,0.08170399996743072,54.32415899986154,802816,18.01968499967188,0.29161600014049327,0.07100300035745022,32.634382999731315,401408,25.365566000346007,0.2000029999180697,0.05340100005923887,3.8451559998975426,200704,0.7276559999809251,0.1619130002836755,0.04190299978290568,0.0,100352
5,chain_5svc,88,104.95566000008694,84.66208700019706,20.293572999889875,2107392,4,30.001483999967604,0.35432000004220754,0.17481000031693839,69.17268300003343,602112,10.221200999694702,0.44012099988322007,0.05550200012294226,54.61837300026673,802816,17.872976000035123,0.2975160000460164,0.05640300014420063,33.066406000216375,401408,25.907075000304758,0.20730299956994713,0.053000999741925625,3.628853000009258,200704,0.6593510001948744,0.14701200007039006,0.03630199989856919,0.0,100352
5,chain_5svc,89,94.2131540000446,75.26998499997717,18.943169000067428,2107392,4,26.824906000001647,0.353720000020985,0.11580599993976648,61.8840749998526,602112,13.099340999815468,0.4591219999383611,0.055703000271023484,44.54578100012441,802816,16.993928999909258,0.28521500007627765,0.057002999710675795,24.096715999803564,401408,17.657955000231595,0.1720029999887629,0.03770100011024624,3.2895479998842347,200704,0.6938540000192006,0.15631199994459166,0.03920300014215172,0.0,100352
5,chain_5svc,90,93.18051499985813,72.18982899985349,20.990686000004644,2107392,4,26.29207600011796,0.335919000008289,0.18270999999003834,61.282641000161675,602112,10.222999999768945,0.4073200002494559,0.051902999985031784,46.991000000161876,802816,17.160136999791575,0.2807159999065334,0.07480400017811917,26.146827999582456,401408,17.736755999976594,0.17170299997815164,0.03890099969794392,3.6885539998365857,200704,0.777860000198416,0.15661199995520292,0.14261099977375125,0.0,100352
5,chain_5svc,91,94.71967299987227,75.16239800042968,19.557274999442598,2107392,4,27.43864100011706,0.36692100002255756,0.1820100001168612,61.729365999781294,602112,12.75482400023975,0.4123200001231453,0.09190499986289069,44.785291999687615,802816,14.478991000032693,0.25011299976540613,0.05620299998554401,26.780162999784807,401408,19.76138500003799,0.23490400008086,0.041200999930879334,3.534651000336453,200704,0.7285570000021835,0.16711299986127415,0.038903000131540466,0.0,100352
5,chain_5svc,92,95.40139899991118,74.74813300041205,20.653265999499126,2107392,4,32.04169900027409,0.3414189995964989,0.18771099985315232,57.61513500010551,602112,10.826629999883153,0.39221899987751385,0.057003000165423146,41.51523200016527,802816,12.437378999948123,0.25241399998776615,0.0442030000158411,25.415287999749125,401408,18.73497100041277,0.1755019998199714,0.04440099974090117,3.4892499998022686,200704,0.7074539998939144,0.1574129996697593,0.04060300034325337,0.0,100352
5,chain_5svc,93,102.12375300034182,82.560550999915,19.563202000426827,2107392,4,27.979570999832504,0.34511900003053597,0.1299079999625974,68.47034400016128,602112,11.013438999725622,0.41112000008070027,0.06050299998605624,53.135601000121824,802816,16.546304000257805,0.25691399969218764,0.058802999774343334,33.17810199996529,401408,26.288579999800277,0.20720300017273985,0.05510100027095177,3.5602510001808696,200704,0.7326570002987864,0.16691299970261753,0.04300299997339607,0.0,100352
5,chain_5svc,94,97.19056600033582,75.880958000198,21.309608000137814,2107392,4,29.827274000126636,0.3502199997456046,0.1975109998966218,61.73906700041698,602112,10.918433999904664,0.4215209996800695,0.06640300034632673,45.10340800015911,802816,12.499278000177583,0.24991400005092146,0.04750199968839297,28.810762999910366,401408,21.92521699998906,0.16290299981847056,0.04440000020622392,3.530951000357163,200704,0.7107550000000629,0.1571120001244708,0.03910299983544974,0.0,100352
5,chain_5svc,95,102.41496400021788,79.86467899945637,22.550285000761505,2107392,4,28.040773999691737,0.34451999999873806,0.1753100000314589,68.64535400018212,602112,13.217947000157437,0.4549219997898035,0.059902999964833725,50.402068000039435,802816,18.887423999785824,0.2835160003087367,0.05920300009165658,28.08162299970718,401408,18.929072999981145,0.1641029998609156,0.044101000185037265,5.941586000062671,200704,0.7894609998402302,0.16471200024170685,0.04410400015331106,0.0,100352
5,chain_5svc,96,100.02187300005971,79.82212700062519,20.199745999434526,2107392,4,28.779316000054678,0.347519000115426,0.14830800000709132,65.19205999984479,602112,12.789026000064041,0.47092400018300395,0.05430200008049724,47.3755190000702,802816,19.902280000223982,0.25261400014642277,0.058102999901166186,23.866895000082877,401408,17.721356000038213,0.16090300005089375,0.04089999993084348,2.9807430000801105,200704,0.6301490002442733,0.14381099981619627,0.03550199971869006,0.0,100352
5,chain_5svc,97,98.98433399985151,77.94672299951344,21.037611000338075,2107392,4,28.98922800022774,0.345018999723834,0.17390999983035726,64.29190899962123,602112,12.924531999942701,0.4747240000142483,0.05650299999615527,45.80854300002102,802816,17.557751999902393,0.2851160002137476,0.06110399999670335,24.51102999975774,401408,17.77125699982207,0.1643020000301476,0.038700999994034646,3.4203489999526937,200704,0.703953999618534,0.16241299999819603,0.03860300012092921,0.0,100352
5,chain_5svc,98,97.22316799980035,73.19927099979395,24.0238970000064,2107392,4,26.698999000018375,0.3461189999143244,0.13290800006870995,64.62692800005243,602112,10.354406999795174,0.40282000009028707,0.05820200021844357,50.02464799963491,802816,17.68615899982251,0.2891160002036486,0.0594030002503132,28.137625999988813,401408,17.81925700015563,0.15860299981795833,0.040300999899045564,7.045002000268141,200704,0.6404490000022633,0.1405110001542198,0.035102999845548766,0.0,100352
5,chain_5svc,99,114.44031699966217,94.11999200028731,20.32032499937486,2107392,4,38.69657300037943,0.3603199997996853,0.13330699994185125,69.98462899991864,602112,11.380056999769295,0.478423999993538,0.05260300031295628,54.00704300018333,802816,17.109528000219143,0.31771699968885514,0.0535029998900427,33.340109000164375,401408,26.226479999877483,0.2089029999297054,0.05359999977372354,3.645352000148705,200704,0.7073540000419598,0.16861299991433043,0.04150399990976439,0.0,100352
5,chain_5svc,100,104.96396000007735,84.33954000020094,20.62441999987641,2107392,4,31.703680000191525,0.35011999989364995,0.1741089999995893,67.48978899986469,602112,10.45871199994508,0.47232299993993365,0.05870300037713605,52.083349999975326,802816,17.378343000018504,0.29131499968571006,0.05840300036652479,31.11898800034396,401408,24.06184800020128,0.1786029997674632,0.05050099980508094,3.5063509999417874,200704,0.7369569998445513,0.15321199998652446,0.03910300029019709,0.0,100352
5,chain_5svc,101,109.49143100015135,89.07698900020478,20.414441999946575,2107392,4,29.51615700021648,0.3458189999037131,0.18831099987437483,74.26456899975165,602112,10.482613000021956,0.41412000018681283,0.058802999774343334,59.23170000005484,802816,24.170710999896983,0.28171600024506915,0.07100399989212747,31.28319699999338,401408,24.152949999916018,0.17560200012667337,0.051699999858101364,3.4976500000993838,200704,0.7545580001533381,0.1722130000416655,0.040902999899117276,0.0,100352
5,chain_5svc,102,99.73096300018369,79.42570399973192,20.30525900045177,2107392,4,27.49234399971101,0.3552200000740413,0.18640999996932806,66.45923099995343,602112,10.934034999991127,0.4280210000615625,0.11800599986599991,51.156903999981296,802816,14.732599000126356,0.29611599984491477,0.05650299999615527,32.76457699985258,401408,25.53246899969963,0.19410300001254654,0.05470099995363853,3.7868550002713164,200704,0.7342570002037974,0.15941199990265886,0.04300299997339607,0.0,100352
5,chain_5svc,103,103.44990300018253,83.21295099995041,20.236952000232122,2107392,4,35.81511099991985,0.7227400001283968,0.12380699990899302,61.1659339997459,602112,11.784277000060683,0.44162199992570095,0.05690300031346851,44.79509300017526,802816,17.804166000132682,0.28361500017126673,0.0587029999223887,23.498573999859218,401408,17.184848999932,0.1623020002625708,0.03839999999399879,3.2347469996238942,200704,0.6245479999051895,0.13911099995311815,0.03530300000420539,0.0,100352
5,chain_5svc,104,98.64692100018146,77.35811199972886,21.288809000452602,2107392,4,26.057662999846798,0.3780209999604267,0.11650700025711558,66.39652700005172,602112,15.5316599998514,0.4384210001262545,0.16320800023095217,46.21656200015423,802816,18.456000999776734,0.28851600018242607,0.056103000133589376,23.683585000071616,401408,16.716942000130075,0.15940200000841287,0.03899999956047395,3.8608559998465353,200704,0.5958460001238564,0.14071099985812907,0.034903000141639495,0.0,100352
5,chain_5svc,105,102.02184900026623,80.9521060004954,21.069742999770824,2107392,4,27.376737000395224,0.33991899999819,0.1361079998787318,69.39749599996503,602112,11.81717800000115,0.4780239996762248,0.0625030002083804,52.74538200001189,802816,16.31968500032599,0.2937159997600247,0.04890299987891922,32.61636899969744,401408,24.822459000006347,0.19800199970632093,0.050801000270439545,4.394963999857282,200704,0.6160469997666951,0.14471099984803004,0.033803000405896455,0.0,100352
5,chain_5svc,106,106.29620999998224,84.66657999997551,21.629630000006728,2107392,4,29.022628999882727,0.3400189998501446,0.12130699997214833,71.9550399999207,602112,11.975685999914276,0.4165210002611275,0.05840299991177744,54.57597199983866,802816,17.307639000136987,0.29451599993990385,0.06130299971118802,33.08189399967887,401408,25.653571000020747,0.1940030001605919,0.050799999826267594,3.8978559996394324,200704,0.7070550000207732,0.15981199976522475,0.03880300027958583,0.0,100352
5,chain_5svc,107,104.85295600028621,84.72224900015135,20.130707000134862,2107392,4,33.47997899982147,0.34221999976580264,0.12730700018437346,65.32946800007267,602112,11.047940000025847,0.47712400009913836,0.0525030000062543,49.92174399967553,802816,17.55105200027174,0.2915159998337913,0.0877039997249085,28.701356999590644,401408,21.831415000178822,0.1772030000211089,0.04290100014259224,3.6345529997561243,200704,0.8118629998534743,0.15411100002893363,0.044003999846609076,0.0,100352
5,chain_5svc,108,100.6617970001571,79.20565799986434,21.45613900029275,2107392,4,30.22649700005786,0.3479189999779919,0.09960600027625333,64.25060699984897,602112,11.319655000079365,0.48332300002584816,0.06260300006033503,48.1692580001436,802816,17.989575999763474,0.323318000027939,0.056103000133589376,26.207022000107827,401408,18.94017399990844,0.17600199998923927,0.042300000131945126,3.796054999838816,200704,0.7297560000552039,0.16241299999819603,0.04150299992033979,0.0,100352
5,chain_5svc,109,100.08757600007812,77.17463600056362,22.912939999514492,2107392,4,26.561591000245244,0.4315239998504694,0.12720699987767148,67.84400900005494,602112,11.555466000118031,0.41902000020854757,0.05770299958385294,52.00494600012462,802816,16.677504000199406,0.29391599991868134,0.05760299973189831,31.479707000016788,401408,21.55851099996653,0.30340500006786897,0.03970099987782305,4.036858999825199,200704,0.8215640000344138,0.17351299993606517,0.044504000015876954,0.0,100352
5,chain_5svc,110,102.73217600024509,79.95649900021817,22.775677000026917,2107392,4,26.673398000184534,0.33491799968032865,0.17521000017950428,70.3967519998514,602112,10.838631000297028,0.4387209996821184,0.060602999838010874,54.76258099997722,802816,17.972274999920046,0.3010159998666495,0.05760300018664566,30.882775999998557,401408,23.81314400008705,0.21000299966544844,0.09120100003201514,3.5911519998990116,200704,0.6590509997295158,0.15381200000774697,0.03840300041701994,0.0,100352
5,chain_5svc,111,97.83629100002145,76.31510599958347,21.52118500043798,2107392,4,28.69491100000232,0.3654199999800767,0.19781099990723305,62.81862700006968,602112,17.049133999989863,0.41052100004890235,0.07670400009374134,41.46562999994785,802816,12.065254999924946,0.3002159996867704,0.04300199998397147,24.669637999977567,401408,17.894457999773294,0.17750300003172015,0.04800099986823625,3.387547999864182,200704,0.6113479998930416,0.138411000079941,0.034701999993558275,0.0,100352
5,chain_5svc,112,104.35523700016347,83.55058500046653,20.804651999696944,2107392,4,29.031030000169267,0.3556199999366072,0.16980999998850166,69.65151099984723,602112,14.693119000185106,0.40671999977348605,0.058802999774343334,50.505873000020074,802816,17.948474000149872,0.2860150002561568,0.05980299965813174,28.298534999976255,401408,21.155005999844434,0.1751019999574055,0.04640100041797268,3.7830549999853247,200704,0.722956000117847,0.16211199999816017,0.04060299988850602,0.0,100352
5,chain_5svc,113,106.96413499999835,86.46007400011513,20.504060999883222,2107392,4,26.792504000241024,0.3550199999153847,0.11200599965377478,74.53908500019679,602112,20.981527000003553,0.48192400026891846,0.12280600003578002,49.029199999949924,802816,18.530905000261555,0.2926160000242817,0.05710300001737778,26.510538999900746,401408,19.425381000019115,0.17090200026359526,0.04500099976212368,3.901157000200328,200704,0.7297569995898812,0.1623120001568168,0.04200300008960767,0.0,100352
5,chain_5svc,114,95.67040899992207,75.79742600046302,19.872982999459055,2107392,4,26.838406000024406,0.33721899990268867,0.11450700003479142,63.50246500005596,602112,11.486162999972294,0.4069199999321427,0.061003000155324116,47.6229319997401,802816,16.906017000110296,0.2536140000302112,0.05930299994361121,26.95506200007003,401408,19.908488000055513,0.2007030002459942,0.03930100001525716,3.4920499997497245,200704,0.6583520003005106,0.147510999795486,0.035801999729301315,0.0,100352
5,chain_5svc,115,101.02631099971404,80.83374999978332,20.19256099993072,2107392,4,29.171336999752384,0.35432000004220754,0.18501100021239836,66.11861200008207,602112,11.538165000274603,0.4918239997095952,0.0697030000083032,49.950744999932795,802816,18.372896000073524,0.32131800026036217,0.0659039997117361,27.71840399964276,401408,21.151904999896942,0.23700400015513878,0.04180099995210185,3.2264470000882284,200704,0.5994469997858687,0.13751100004810723,0.03450199983490165,0.0,100352
5,chain_5svc,116,96.96355799997036,76.36174100025528,20.601816999715084,2107392,4,27.36753699991823,0.3529199998411059,0.11540600007720059,63.3702580003046,602112,12.502611999934743,0.4405210002005333,0.06160300017654663,46.42007200027365,802816,15.425337000124273,0.28771600000254693,0.05740300002798904,27.16877399961959,401408,20.265192000351817,0.18210300004284363,0.03790099981415551,3.7648550000994874,200704,0.8010629999262164,0.17101299999922048,0.03970299985667225,0.0,100352
5,chain_5svc,117,107.48715499994432,87.49017600030129,19.996978999643034,2107392,4,36.65875800015783,0.3437189998294343,0.17450999985157978,65.43747400019129,602112,11.200347999874793,0.44622199993682443,0.061703000028501265,49.52702499986117,802816,18.847823000214703,0.3361179997227737,0.07310399996640626,26.84865700030059,401408,20.07399100011753,0.16810199986139196,0.04479999961404246,3.5707510000975162,200704,0.7092559999364312,0.18421400000079302,0.038503000268974574,0.0,100352
5,chain_5svc,118,102.37666200009699,80.36222900045686,22.01443299964012,2107392,4,29.62796400015577,0.6416359997274412,0.11510600006658933,64.91614399965329,602112,14.183794000018679,0.41301999999632244,0.06760399992344901,46.54817899972841,802816,17.30903900033809,0.34081800004059914,0.05670299970006454,25.476482000158285,401408,18.39336600005481,0.1802019996830495,0.037601000258291606,3.502151000247977,200704,0.8480659998895135,0.160212000082538,0.043603999984043185,0.0,100352
5,chain_5svc,119,99.05293700012407,77.85491300046488,21.1980239996592,2107392,4,28.54660299999523,0.3437190002841817,0.17080999987229006,64.62172800002008,602112,10.862632000225858,0.4305209999984072,0.053201999890006846,49.23250999991069,802816,16.982821000055992,0.2881159998651128,0.05750299987994367,28.29923500030418,401408,20.738400000027468,0.17660299999988638,0.08860100024321582,4.413063999891165,200704,0.7244570001603279,0.16421200007243897,0.04110299960302655,0.0,100352
5,chain_5svc,120,111.18609499999366,89.0863569989051,22.099738001088554,2107392,4,31.85388799965949,0.8935509999901114,0.12660700031119632,72.88899200011656,602112,12.723021999590856,0.45272200031831744,0.05600300028163474,55.439014000057796,802816,19.055132999710622,0.27961600017079036,0.05840400035594939,32.192546000260336,401408,24.724757000058162,0.1762030001373205,0.05090099966764683,4.1244600001846266,200704,0.7295569998859719,0.16101200026241713,0.04220299979351694,0.0,100352
5,chain_5svc,121,106.67166500024905,84.06814499949178,22.60352000075727,2107392,4,28.014072999667405,0.3507200003696198,0.14290800027083606,72.67538000041895,602112,12.622517999716365,0.46762300007685553,0.0863039999785542,55.36581099977411,802816,16.975620999801322,0.28421600018191384,0.05760300018664566,32.73557599959531,401408,25.65757100001065,0.202703000013571,0.05110099982630345,3.884556000230077,200704,0.7983620002960379,0.17291399990426726,0.040902999899117276,0.0,100352
5,chain_5svc,122,115.96484499978033,83.38941999954841,32.57542500023192,2107392,4,29.207839999799035,0.3905220000888221,0.0953050002863165,79.38765700009753,602112,10.12529599984191,0.4077200001120218,0.06110300000727875,64.54105900002105,802816,17.658757999925,0.3651200004242128,0.06730399991283775,32.91568599979655,401408,25.688571000046068,0.21000299966544844,0.049700000090524554,3.8558549999834213,200704,0.7089549999363953,0.15571199992336915,0.03830300011031795,0.0,100352
5,chain_5svc,123,100.93278600015765,80.9522829999878,19.980503000169847,2107392,4,28.43889699988722,0.396121999983734,0.08930500007409137,66.79224999970756,602112,11.168747000283474,0.4381209996608959,0.058603000070434064,51.07219999990775,802816,17.195132999859197,0.2874159999919357,0.07340299998759292,30.1339350003218,401408,23.238934999881167,0.17660299999988638,0.039399999877787195,3.674051999951189,200704,0.9105710000767431,0.16541299964956124,0.044503000026452355,0.0,100352
5,chain_5svc,124,104.65960000010455,81.14784100007455,23.511759000029997,2107392,4,29.436953000185895,0.3836209998553386,0.17440999999962514,69.3185920003998,602112,11.291453000012552,0.45722300001216354,0.061002999700576765,53.204804999950284,802816,17.536151000058453,0.2855150000868889,0.06000399980621296,32.130043000051955,401408,22.033318000012514,0.17750200004229555,0.03999999989900971,6.595894999918528,200704,0.8499659998051357,0.18031399986284669,0.046503000248776516,0.0,100352
5,chain_5svc,125,108.58452000002217,84.9693149993982,23.615205000623973,2107392,4,28.532200999961788,0.34801999981937115,0.18901100020229933,73.37651999978334,602112,10.760326999843528,0.5654279998452694,0.055901999985508155,56.459263999840914,802816,19.69316799977605,0.2872160002880264,0.05670300015481189,32.49616300035996,401408,25.264062999667658,0.20050300008733757,0.0504009999531263,4.008356999747775,200704,0.7195560001491685,0.16561299980821786,0.04010299971923814,0.0,100352
5,chain_5svc,126,106.92316899985599,85.18641699993168,21.73675199992431,2107392,4,29.590861000087898,0.34972000003108406,0.13230800004748744,71.60131999989972,602112,12.197497000215662,0.4238209999130049,0.06410300011339132,54.801982999833854,802816,17.262335999930656,0.28851600018242607,0.0573030001760344,32.81037999977343,401408,25.391865000074176,0.20050300008733757,0.04980099993190379,4.09465899974748,200704,0.7438579996232875,0.16631300013614236,0.15001200017650262,0.0,100352
5,chain_5svc,127,101.98931900004027,81.85542499904841,20.13389400099186,2107392,4,30.478210999717703,0.34771900027408265,0.13730799992117682,66.10991100023966,602112,13.370054999995773,0.5687280004167405,0.08500399962940719,48.334866000004695,802816,19.435453999903984,0.2896159999181691,0.07580400006190757,24.85324799999944,401408,17.965157999697112,0.17380300005243043,0.04080100006831344,3.093044999786798,200704,0.6065469997338369,0.1425109999217966,0.03420300026846235,0.0,100352
5,chain_5svc,128,107.34378200004357,85.17711900003633,22.166663000007247,2107392,4,28.714812000089296,0.3475200001048506,0.1367079998999543,72.85438999997496,602112,12.516411999968113,0.4425219999575347,0.058603000070434064,55.50441699961084,802816,18.127982999885717,0.2934160002041608,0.07690399979765061,32.614368999929866,401408,25.165362000279856,0.20560299981298158,0.04890099990007002,3.776254000058543,200704,0.6525499998133455,0.14961200031393673,0.035803000173473265,0.0,100352
5,chain_5svc,129,106.7356639996433,86.4202260008824,20.3154379987609,2107392,4,30.50021300032313,0.35961999992650817,0.13100699970891583,70.31924800003253,602112,12.002387999928033,0.4432210002960346,0.07140300022001611,53.61432400013655,802816,16.907117000300786,0.2954159999717376,0.06090299984862213,33.16029899997375,401408,25.1267620001272,0.23620399997525965,0.05129999999553547,4.629366000244772,200704,1.8837460002032458,0.1454109997212072,0.03640299973994843,0.0,100352
5,chain_5svc,130,106.8961680002758,86.57940099965344,20.31676700062235,2107392,4,30.194895999557048,0.3565200004231883,0.1723090003906691,71.44711099999768,602112,10.688427000332013,0.45442299960996024,0.07810399984009564,56.221371999981784,802816,19.417953999891324,0.28631500026676804,0.058802999774343334,32.6470709997011,401408,25.557167999977537,0.20190299983369187,0.053700000080425525,3.847155000130442,200704,0.7209559998955228,0.16051300008257385,0.04010300017398549,0.0,100352
5,chain_5svc,131,104.52529699978186,83.94514799965691,20.580149000124948,2107392,4,29.58266099994944,0.34801899982994655,0.14340799998535658,69.39799599967955,602112,11.03664399988702,0.4473220001273148,0.057703000038600294,54.006663000109256,802816,22.04159599978084,0.2886160000343807,0.06500300014522509,27.9563170001893,401408,20.6364969999413,0.1761029998306185,0.0411000000895001,3.648051999789459,200704,0.6477500000983127,0.1408109997100837,0.09720800017021247,0.0,100352
5,chain_5svc,132,97.06706799988751,75.2671459999874,21.799921999900107,2107392,4,26.742602000012994,0.34701899994615815,0.10660599991751951,61.98517999973774,602112,10.622523000165529,0.42442099993422744,0.05450299977383111,47.076622000076895,802816,18.31239299963272,0.2980160002152843,0.048503000016353326,25.09716100030346,401408,18.86627200019575,0.1699019999250595,0.03879999985656468,3.5056500000791857,200704,0.7233559999804129,0.16311299987137318,0.040503000036551384,0.0,100352
5,chain_5svc,133,103.28055799982394,82.39219600045544,20.8883619993685,2107392,4,27.56574700015335,0.34381999967081356,0.1098060001822887,69.80361899968557,602112,10.338510000110546,0.4106199999114324,0.05920300009165658,55.13041899985183,802816,18.720315999871673,0.29651599970748066,0.04310200029067346,32.689374000256066,401408,24.9610600003507,0.20030299992868095,0.049899999794433825,3.6383520000526914,200704,0.8065629999691737,0.16361200005121646,0.045404000047710724,0.0,100352
5,chain_5svc,134,102.62473800003136,81.4500530004807,21.174684999550664,2107392,4,27.089020000403252,0.3440199998294702,0.11160699978063349,69.78151800012711,602112,10.082097000122303,0.4081199999745877,0.05800300004921155,54.93060800017702,802816,18.88742400024057,0.28311599999142345,0.07440399986080592,32.07243999986531,401408,24.67045599996709,0.20410300021467265,0.05139999984749011,3.9203559999805293,200704,0.7210559997474775,0.1965159999599564,0.038503000268974574,0.0,100352
5,chain_5svc,135,108.52604999990945,85.1958240004933,23.330225999416143,2107392,4,27.693554000052245,0.3535199998623284,0.12560699997266056,74.80119900037607,602112,11.53796800008422,0.6213309998202021,0.05540300026041223,58.55538700006946,802816,20.130192000124225,1.9009029997505422,0.055902999974932754,31.949433999670873,401408,25.23896299999251,0.19920299973819056,0.09100199986278312,3.572551999695861,200704,0.5951470002401038,0.136109999857581,0.035801999729301315,0.0,100352
5,chain_5svc,136,102.17893800017919,82.29262600025322,19.886311999925965,2107392,4,27.822162000120443,0.3492189998723916,0.16870999979801127,68.76926099994307,602112,14.582219000203622,0.4882240000370075,0.05750299987994367,49.669849000110844,802816,13.177414999972825,0.2615140001580585,0.04500299974097288,32.757176999894,401408,25.99047400008203,0.21330300023691962,0.04910099960397929,3.7585539998872264,200704,0.7203559998743003,0.1353110001218738,0.04510300004767487,0.0,100352
5,chain_5svc,137,104.96203799993964,84.89460800092274,20.067429999016895,2107392,4,30.89263400033815,0.3481199996713258,0.1730099997985235,68.46254399988538,602112,13.379360000271845,0.476122999771178,0.05960299995422247,50.461288999940734,802816,12.19256200010932,0.2502130000721081,0.04530199976215954,34.6822820001762,401408,27.763900000081776,0.21290299991960637,0.05000000010113581,3.6788530001103936,200704,0.6661520001216559,0.1394109999637294,0.036902999909216305,0.0,100352
5,chain_5svc,138,96.4267330000439,76.12792899999477,20.29880400004913,2107392,4,28.629706999709015,0.3567200001270976,0.11630700009845896,61.85587299978579,602112,12.464915000236942,0.40731999979470856,0.08540399994672043,44.613099999878614,802816,16.671103999669867,0.25241399998776615,0.072803999955795,24.332720000074914,401408,17.73995500025194,0.17450299992560758,0.03820099982476677,3.1647450000491517,200704,0.6222480001270014,0.13461000025927206,0.03880299982483848,0.0,100352
5,chain_5svc,139,100.48407800013592,79.4126129999313,21.071465000204626,2107392,4,30.680022000069584,0.35492000006343005,0.17230999992534635,64.05879700014339,602112,11.532169000020076,0.40802000012263306,0.08160400011547608,47.925162999945314,802816,13.519134000034683,0.3450179997344094,0.05830300005982281,30.007628000021214,401408,22.94973099969866,0.17440200008422835,0.07550100008302252,3.580851999686274,200704,0.731557000108296,0.14451100014412077,0.04390300000522984,0.0,100352
5,chain_5svc,140,93.35882400000628,73.19867400019575,20.16014999981053,2107392,4,28.973325999686494,0.3527200001371966,0.12470699994082679,58.80890200023714,602112,12.049795000166341,0.41501999976389925,0.13330599995242665,42.23008300004949,802816,13.677341999937198,0.2496140000403102,0.04280199982531485,24.33792000010726,401408,17.789756000183843,0.22980399990046863,0.03879999985656468,3.6000519999106473,200704,0.7084550002218748,0.15971199991327012,0.042702999962784816,0.0,100352
5,chain_5svc,141,96.09002199977112,75.12883699928352,20.961185000487603,2107392,4,27.443540999684046,0.3510189999360591,0.11790700000346988,62.5352109996129,602112,10.890037000081065,0.43082100000901846,0.056803000006766524,47.17812600028992,802816,17.20083300006081,0.2668140000423591,0.0566029998481099,25.939507000202866,401408,18.89697199976581,0.17640299984122976,0.03860100014208001,3.400249000151234,200704,0.6974539996917883,0.149812000017846,0.03770300008909544,0.0,100352
5,chain_5svc,142,101.25120500015328,81.27287099978275,19.978334000370523,2107392,4,29.696266999962972,0.35631999980978435,0.11960700021518278,65.40327199991225,602112,15.22635099991021,0.48042299977169023,0.05820300020786817,45.978568000009545,802816,11.985149999873101,0.25391400004082243,0.042302000110794324,30.739367000023776,401408,23.540639000202646,0.17180199984068167,0.050300999646424316,4.032857999845874,200704,0.8244639998338243,0.1619130002836755,0.040902999899117276,0.0,100352
5,chain_5svc,143,93.84644200008552,73.17153199983295,20.674910000252567,2107392,4,29.189938999934384,0.34602000005179434,0.1820100001168612,58.393077999880916,602112,11.399061999782134,0.42502099995544995,0.06120300031398074,42.37738999972862,802816,13.15471299994897,0.28311599999142345,0.044302999867795734,25.27697100003934,401408,18.82397100007438,0.17380300005243043,0.03980100018452504,3.0867440000292845,200704,0.6038470000930829,0.15651199964850093,0.032702000225981465,0.0,100352
5,chain_5svc,144,95.76600900027188,75.60073399963585,20.16527500063603,2107392,4,28.04357400009394,0.34701999993558275,0.13230700005806284,62.120388000039384,602112,10.41921399973944,0.4145200000493787,0.09530499983156915,47.008317000290845,802816,11.793539999871427,0.25881400006255717,0.04310199983592611,31.558012000004965,401408,24.689454999588634,0.2055030004157743,0.05790100021840772,3.6453519996939576,200704,0.6549510003424075,0.15131199961615494,0.03630299988799379,0.0,100352
5,chain_5svc,145,111.299262999637,90.48314400024537,20.81611899939162,2107392,4,29.95108100003563,0.43042400011472637,0.16800999992483412,74.3143719996624,602112,11.797882000337268,0.48102399978233734,0.06790299994463567,57.84665200008021,802816,28.421842000170727,0.31011700002636644,0.05650299999615527,26.11861700006557,401408,19.589682000059838,0.17380300005243043,0.039200000173877925,3.486651000002894,200704,0.722656999641913,0.16201200014620554,0.04090300035386463,0.0,100352
5,chain_5svc,146,98.2837000001382,77.42790699921898,20.85579300091922,2107392,4,27.31993399993371,0.3536200001690304,0.12890699963463703,64.93584500003635,602112,10.059195999929216,0.410820000070089,0.057003000165423146,50.42208599979858,802816,21.393159999661293,0.39022100008878624,0.05020300022806623,25.107462000050873,401408,17.883956999867223,0.17460299977756222,0.04040100020574755,3.9210559998537065,200704,0.7716599998275342,0.16251300030489801,0.041603000227041775,0.0,100352
5,chain_5svc,147,102.48164900031043,82.08281500037629,20.39883399993414,2107392,4,31.700280000222847,0.3456189997450565,0.21251199996186187,64.9662470000294,602112,10.81483300004038,0.4045199998472526,0.054303000069921836,49.95026300002792,802816,17.20803399985016,0.2857150002455455,0.057703000038600294,29.074876999857224,401408,21.631512000112707,0.17630199999985052,0.03999999989900971,3.9871570002105727,200704,0.728156000150193,0.16091299994513975,0.04130299976168317,0.0,100352
5,chain_5svc,148,104.16810900005657,83.1648509997649,21.00325800029168,2107392,4,29.649263999999675,0.3369189998920774,0.13250800020614406,69.1783829997803,602112,12.343808999958128,0.691233999987162,0.06880299997646944,51.121019999754935,802816,13.455329999942478,0.28681499998128857,0.05370300004869932,33.95914200018524,401408,26.93938699985665,0.20980299996153917,0.051901000006182585,3.5349509998923168,200704,0.7770610000079614,0.16781300018919865,0.04230299964547157,0.0,100352
5,chain_5svc,149,104.81723199973203,78.43776600020647,26.379465999525564,2107392,4,30.483512000046176,0.3421189999244234,0.17380899998897803,68.29123399984383,602112,10.556221000115329,0.40841999998519896,0.05670300015481189,47.8333589999238,802816,18.78351899995323,0.28171500025564455,0.05930399993303581,24.867449000339548,401408,17.884057000173925,0.17420299991499633,0.04400099987833528,3.714454000146361,200704,0.7304569999178057,0.16351200019926182,0.0421029999415623,0.0,100352
5,chain_5svc,150,94.28785799991601,75.02411499990558,19.263743000010436,2107392,4,31.94949400040059,0.4314239999985148,0.17060899972420884,56.42336799974146,602112,11.125447999802418,0.3948200001104851,0.05540300026041223,41.15172899992103,802816,11.544125999989774,0.24731400026212214,0.04410300016388646,26.17362000000867,401408,19.56158199982383,0.17650200015850714,0.03749999996216502,3.515449999667908,200704,0.8434649998889654,0.15841300000829506,0.044704000174533576,0.0,100352
5,chain_5svc,151,94.37786099988443,74.42973199977132,19.948129000113113,2107392,4,30.08578899971326,0.3826209999715502,0.09690600018075202,58.87510499997006,602112,11.097546999735641,0.4442220001692476,0.059902999964833725,42.557297999792354,802816,14.456584000072326,0.24881399986043107,0.046101999942038674,24.460727000132465,401408,18.12646100006532,0.1727030003166874,0.03679999963424052,3.322948000004544,200704,0.6633510001847753,0.1523119999546907,0.03790299979300471,0.0,100352
5,chain_5svc,152,93.33702300000368,73.6468020004395,19.69022099956419,2107392,4,28.824918000282196,0.3575199998522294,0.22641299983661156,59.040114999788784,602112,10.211904000243521,0.4114200000913115,0.05850299976373208,43.98086899982445,802816,16.00676799989742,0.27071500016973005,0.04490299988901825,24.147810000158643,401408,17.9092580001452,0.17280299971389468,0.03999999989900971,3.1440460002158943,200704,0.6939539998711552,0.14521100001729792,0.04020300002594013,0.0,100352
5,chain_5svc,153,91.93487299990011,71.78230499903293,20.152568000867177,2107392,4,27.351134999662463,0.4671260003306088,0.12490700009948341,58.827202999964356,602112,11.018642999715667,0.42152100013481686,0.055002999943098985,43.050322999988566,802816,15.296829999897454,0.24511299989171675,0.059002999932999955,24.204512999858707,401408,17.553452999891306,0.46730699978070334,0.04080000007888884,2.845941000032326,200704,0.5622439998660411,0.12481000021580257,0.03350199995111325,0.0,100352
5,chain_5svc,154,91.30575100016358,69.71367200048917,21.592078999674413,2107392,4,27.365636000013183,0.3544199998941622,0.13290800006870995,57.4285239999881,602112,10.908237999956327,0.40702000023884466,0.09200400018016808,41.51204700019662,802816,12.36987099991893,0.25681300030555576,0.08520499977748841,24.942753000232187,401408,18.241163000311644,0.17420199992557173,0.03839999999399879,3.3129480002571654,200704,0.8287640002890839,0.15961299959599273,0.039802999708626885,0.0,100352
5,chain_5svc,155,106.00497400037057,83.4823420000248,22.522632000345766,2107392,4,28.329990000202088,0.3628209997259546,0.10790599981191917,71.64242299995749,602112,11.026044000118418,0.4798239997398923,0.058102999901166186,54.33967899989511,802816,18.17548600001828,0.2926150000348571,0.07460400001946255,32.31215300002077,401408,25.180361999900924,0.20970300010958454,0.051201000133005437,3.7045539997961896,200704,0.7704599997850892,0.16451200008305022,0.044504000015876954,0.0,100352
5,chain_5svc,156,101.97123100033423,80.95210599958591,21.019125000748318,2107392,4,29.258142999879055,0.34471899971322273,0.12260700032129535,66.04400699961843,602112,13.602771000023495,0.40952000017568935,0.054801999795017764,48.28848099987226,802816,12.478976999773295,0.28481500021371176,0.044303000322543085,32.12384300013582,401408,24.899958999867522,0.20250299985491438,0.05240100017545046,3.9018560000840807,200704,0.7122560000425437,0.20711599972855765,0.04150299992033979,0.0,100352
5,chain_5svc,157,102.57505300023695,79.62064000048485,22.954412999752094,2107392,4,28.914123000049585,0.3535199998623284,0.1709099997242447,67.0193629998721,602112,11.301956999886897,0.431421000030241,0.05740300002798904,49.91926100001365,802816,16.143576000104076,0.2833159996953327,0.05490300009114435,29.900722000093083,401408,22.490124000341893,0.20490299993980443,0.04270099998393562,3.870256000027439,200704,0.7708600001024024,0.17691399989416823,0.04500299974097288,0.0,100352
5,chain_5svc,158,96.59393899983115,76.4219270004105,20.172011999420647,2107392,4,27.604450000126235,0.3718210000442923,0.11440600019341218,63.12064299982012,602112,10.220203999779187,0.405720000344445,0.06260300006033503,48.85390900017228,802816,16.878915000233974,0.29031599979134626,0.05740300002798904,28.204830000049697,401408,21.007802999974956,0.2425029997539241,0.03870000000461005,3.2256459999189246,200704,0.7105550002961536,0.15971299990269472,0.04170299962424906,0.0,100352
5,chain_5svc,159,100.18506699998397,78.10518699989188,22.07988000009209,2107392,4,27.841163000175584,0.41502299973217305,0.39782199974069954,65.03055100029087,602112,11.312357999941014,0.41212099995391327,0.09550400000080117,48.83480799981044,802816,16.787009999916336,0.30081700015216484,0.07820500013622222,28.217731000040658,401408,21.56740999998874,0.19800300015049288,0.03820099982476677,3.485149999960413,200704,0.5972459998702107,0.13191000016377075,0.0359030000254279,0.0,100352
5,chain_5svc,160,105.61886100003903,81.79388000007748,23.824980999961554,2107392,4,28.975725999771385,0.3438200001255609,0.1274070000363281,71.11699199958821,602112,11.308557000120345,0.41342099984831293,0.052302999847597675,52.75900099968567,802816,13.841551000041363,0.27691500008586445,0.05180300013307715,34.515272000135155,401408,26.91608700024517,0.22190299978319672,0.05240099972070311,4.160859999956301,200704,0.751958999899216,0.16511200010427274,0.04300299997339607,0.0,100352
5,chain_5svc,161,101.2618059999113,80.30934399994294,20.952461999968364,2107392,4,29.413850999844726,0.3344189999552327,0.10750599994935328,65.3369679998832,602112,14.618620999954146,0.41432000034546945,0.0587029999223887,46.240579999903275,802816,12.051653000071383,0.24291399995490792,0.04480299958231626,30.68116500026008,401408,23.1244329997935,0.1730029998725513,0.049700000090524554,4.153060000135156,200704,1.1007860002791858,0.16191199983950355,0.04300299997339607,0.0,100352
5,chain_5svc,162,104.66032700014694,84.43612099927122,20.22420600087571,2107392,4,34.61724399994637,0.34761899996738066,0.17711000009512645,64.13849999989907,602112,12.80813199991826,0.4414220002217917,0.06030299982739962,47.009018000153446,802816,16.855313999712962,0.2812150000863767,0.060604000282182824,26.222321999739506,401408,19.50137999983781,0.17760299988367478,0.04020100004709093,3.332648000196059,200704,0.6540509998558264,0.14581200002794503,0.03640200020527118,0.0,100352
5,chain_5svc,163,100.03696200010381,79.71355800009405,20.32340400000976,2107392,4,27.84186300004876,0.3417190000618575,0.2199119999204413,66.57083799973407,602112,16.069892999894364,0.4113200002393569,0.05910300023970194,46.01356900002429,802816,16.276883000045927,0.28981600007682573,0.05650299999615527,26.020212000275933,401408,18.91497199994774,0.2099029998134938,0.03980100018452504,3.6736530000780476,200704,0.6099470001572627,0.13821099992128438,0.03630299988799379,0.0,100352
5,chain_5svc,164,97.35246599984748,77.44770299996162,19.90476299988586,2107392,4,29.592161999971722,0.34101900018868037,0.18321000015930622,61.890075000064826,602112,12.743228000090312,0.43812200010506785,0.06540300000779098,44.544996000240644,802816,16.608400999757578,0.2644140004122164,0.058102999901166186,24.41002400018988,401408,17.777256000044872,0.17270299986194004,0.03950000018448918,3.552551000211679,200704,0.7266560000971367,0.15881199988143635,0.0390029999834951,0.0,100352
5,chain_5svc,165,89.31467999991582,68.9007840001068,20.41389599980903,2107392,4,26.41108299985717,0.3614199999901757,0.17631000036999467,56.8885939997017,602112,11.125549000098545,0.4413219999150897,0.05340200004866347,41.211832000044524,802816,13.899854000101186,0.24821399983920855,0.04790200000570621,23.404169000059483,401408,16.730841000025976,0.17730299987306353,0.0380000001314329,3.475849999631464,200704,0.7334570000239182,0.16161200028363965,0.042503999793552794,0.0,100352
5,chain_5svc,166,92.24588500001119,73.4750259998691,18.77085900014208,2107392,4,28.25938599971778,0.34151900035794824,0.19011099993804237,58.50668500033862,602112,12.506817000030424,0.3946189999624039,0.05750299987994367,41.86846499987951,802816,15.216624999993655,0.2605140002742701,0.07400399999824003,23.003648000212706,401408,16.768641999988176,0.16760199969212408,0.039200000173877925,3.416648999973404,200704,0.7235560001390695,0.16191199983950355,0.040504000025975984,0.0,100352
5,chain_5svc,167,104.23031200025434,82.12712500017005,22.10318700008429,2107392,4,27.469642000141903,0.35361999971428304,0.10420599983262946,69.09907899989776,602112,11.60607199972219,0.39891999995234073,0.09730500005389331,52.8639059998568,802816,16.239779999978055,0.25511400008326746,0.056803999996191124,33.153498000046966,401408,26.099875999989308,0.18560299986347673,0.04960100022799452,3.803355000400188,200704,0.7117550003385986,0.1467110000703542,0.037102999613125576,0.0,100352
5,chain_5svc,168,102.24583999979586,82.15535100089255,20.09048899890331,2107392,4,29.418851000173163,0.3457200000411831,0.10560599957898376,67.09236599999713,602112,11.596272000133467,0.48502400022698566,0.05580299966823077,50.95221200008382,802816,14.777002000300854,0.24811299999782932,0.05480299978444236,32.402858000295964,401408,25.63826899995547,0.19670300025609322,0.051201000133005437,3.6464529998738726,200704,0.7249570003295958,0.16191199983950355,0.040503000036551384,0.0,100352
5,chain_5svc,169,101.60881799993149,80.07224999983009,21.536568000101397,2107392,4,27.25443000008454,0.5508310000550409,0.13000699982512742,68.01151799982108,602112,12.761930000124266,0.5171249999875727,0.05600200029221014,50.357582999822625,802816,19.39805299980435,0.2861150001081114,0.06130300016593537,26.51043799960462,401408,20.021488000111276,0.17810300005294266,0.041200999930879334,3.35544800009302,200704,0.6363489997056604,0.1343110002380854,0.036703000205307035,0.0,100352
5,chain_5svc,170,88.80976199998258,68.80245499996818,20.007307000014407,2107392,4,27.217127999847435,0.3401190001568466,0.19151100013914402,55.73732899983952,602112,10.679427000013675,0.4069199999321427,0.05310200003805221,40.714707000006456,802816,13.005106000036903,0.2376130000811827,0.0421019999521377,23.508876000050805,401408,17.312549000052968,0.18740299992714426,0.038700999994034646,3.082644000187429,200704,0.5882450000171957,0.13151100029062945,0.03260299990870408,0.0,100352
5,chain_5svc,171,99.2448339998191,78.42144699952769,20.823387000291405,2107392,4,26.43588399996588,0.3394189998289221,0.14060800003790064,66.88305499983471,602112,14.093594999849302,0.4809239999303827,0.105005000023084,47.461440000006405,802816,17.14773100002276,0.30441599983532797,0.06200300003911252,26.426634000017657,401408,20.139089999702264,0.17450199993618298,0.0390010000046459,2.8994419999435195,200704,0.6051469999874826,0.13601099999505095,0.032702000225981465,0.0,100352
5,chain_5svc,172,99.47224200004712,78.53373899979488,20.93850300025224,2107392,4,30.198894999557524,0.3499200001897407,0.14000800001667812,62.38050199999634,602112,12.554619000184175,0.3967200000261073,0.05690299985872116,45.50474400002713,802816,16.649208000217186,0.2892160000556032,0.07810399984009564,25.198374999945372,401408,18.485066999801347,0.17110199996750453,0.040100000205711694,3.4451490000719787,200704,0.6459500000346452,0.182913999651646,0.03680300005726167,0.0,100352
5,chain_5svc,173,97.37876700000925,77.16285399965273,20.215913000356522,2107392,4,29.33464699981414,0.3459190002104151,0.18971100007547648,62.423103999663,602112,10.84633499976917,0.4193210002085834,0.057703000038600294,47.122524000315025,802816,17.2563410001203,0.2740149998317065,0.05890400007046992,26.204730000245036,401408,18.98617300003025,0.17130300011558575,0.03930100001525716,3.570451000086905,200704,0.739357999918866,0.18421400000079302,0.044503000026452355,0.0,100352
5,chain_5svc,174,108.70296999974016,85.24074300021312,23.462226999527047,2107392,4,29.661864999980025,0.3505200002109632,0.19081099981121952,73.4717250002177,602112,13.4099619999688,0.6176300003062352,0.06090299984862213,51.82155500006047,802816,16.435396000360925,0.2757150000434194,0.05510299979505362,31.833837000249332,401408,24.949258999640733,0.2003030003834283,0.0573010001971852,3.5297509998599708,200704,0.7842610002626316,0.1753139999891573,0.04300299997339607,0.0,100352
5,chain_5svc,175,100.23076900006345,79.51084800015451,20.719920999908936,2107392,4,28.108978000091156,0.35671999967235024,0.1747100000102364,66.32592400001158,602112,15.2586520002842,0.4304209996917052,0.057902999742509564,45.86766099964734,802816,16.26188699992781,0.3604200001063873,0.053403000038088067,26.11712499992791,401408,19.17807600011656,0.19300299982205615,0.045000000227446435,3.403249000257347,200704,0.7032549997347814,0.15801200015630457,0.03880300027958583,0.0,100352
5,chain_5svc,176,97.39876799994818,76.24734699993496,21.151421000013215,2107392,4,27.136923000398383,1.0795609996421263,0.1315079998676083,63.799982000091404,602112,15.006239999820536,0.4030200002489437,0.05670300015481189,44.35118700030216,802816,16.327690999787592,0.28211500011821045,0.05550300011236686,24.029210999742645,401408,17.184447000090586,0.1740029997563397,0.041401000089535955,3.5793520000879653,200704,0.5920459998378647,0.1395110002704314,0.03450199983490165,0.0,100352
5,chain_5svc,177,103.2672769997589,83.52362899950094,19.743648000257963,2107392,4,34.682246999636845,0.35042000035900855,0.1743100001476705,62.783324999600154,602112,13.29615599979661,0.4082200002812897,0.06800300025133765,45.00841999970362,802816,16.75801400006094,0.27311499979987275,0.051402999815763906,24.602543000128207,401408,18.11466000026485,0.17790299989428604,0.040501000057702186,3.2059469999694556,200704,0.6725519997416995,0.1468120003664808,0.03830300011031795,0.0,100352
5,chain_5svc,178,109.70480600008159,86.87473200006934,22.830074000012246,2107392,4,32.15880500010826,0.3573210001377447,0.13280699977258337,71.29600300004313,602112,10.770030999992741,0.42552100012471783,0.06270399990171427,55.27352599983715,802816,17.86237499982235,0.28691600027741515,0.05710300001737778,33.78604299996368,401408,25.361264999901323,0.2002030000767263,0.05360100021789549,5.234974999893893,200704,0.7222560002446698,0.16661299969200627,0.040503000036551384,0.0,100352
5,chain_5svc,179,104.5666230002098,83.03546799970718,21.531155000502622,2107392,4,30.28660099971603,0.36571999999068794,0.12670700016315095,67.34138000001622,602112,10.173501999815926,0.41482000005999,0.05670200016538729,52.933909999865136,802816,17.581559000063862,0.4611250001289591,0.05940299979556585,31.649027000185015,401408,24.268149999898014,0.17490200025349623,0.055500000144093065,3.624853000019357,200704,0.7256560002133483,0.16511300009369734,0.04010399970866274,0.0,100352
5,chain_5svc,180,105.66676300004474,83.15469699982714,22.5120660002176,2107392,4,26.973815000019385,0.3567200001270976,0.12490700009948341,72.38936400017337,602112,10.208002999661403,0.45022200038147275,0.06280300021899166,57.408131000102,802816,19.160645000283694,0.3790209998442151,0.044702999730361626,33.060004000162735,401408,26.044275000003836,0.20770300034200773,0.06299999995462713,3.547651000189944,200704,0.7679589998588199,0.16001299991330598,0.04260400010025478,0.0,100352
5,chain_5svc,181,105.53985800015653,84.08835599948361,21.451502000672917,2107392,4,31.24765499978821,0.3903219999301655,0.17100900004152209,68.02311899991764,602112,10.938839000118605,0.4840239998884499,0.05710300001737778,52.414783999665815,802816,15.381638999770075,0.2555140004005807,0.05930399993303581,33.14620799983459,401408,25.884672999836766,0.20250200032023713,0.05030100010117167,3.736354000011488,200704,0.6355499999699532,0.14691099977426347,0.0359020000360033,0.0,100352
5,chain_5svc,182,99.41453999999794,77.79082799970638,21.62371200029156,2107392,4,29.391949999990175,0.35452000020086416,0.12690699986706022,63.93838900021365,602112,10.506718000215187,0.4776239998136589,0.06270299991228967,48.40368599980138,802816,11.449224999978469,0.307816999793431,0.040302000343217514,32.85069300000032,401408,25.602068999887706,0.20300300002418226,0.05050100025982829,3.774354000142921,200704,0.8408659996348433,0.1546120001876261,0.047403000280610286,0.0,100352
5,chain_5svc,183,98.4129049998046,78.03261700018993,20.380287999614666,2107392,4,29.91527899985158,0.33831900009317906,0.2050120001513278,62.842427999839856,602112,10.09009800009153,0.42462100009288406,0.054602000091108494,47.980765999909636,802816,18.57821400017201,0.28061500006515416,0.046101999942038674,25.803106999774172,401408,18.717568999818468,0.17830300021159928,0.03970099987782305,3.56065200003286,200704,0.7314570002563414,0.16251199986072606,0.04220299979351694,0.0,100352
5,chain_5svc,184,96.79634699978124,75.14619800031141,21.65014899946982,2107392,4,29.773573000056786,0.35691999983100686,0.1295080001000315,60.08237900005042,602112,10.168401000100857,0.438922000284947,0.05750299987994367,45.43253999963781,802816,16.624607000267133,0.2591139996184211,0.07500399988202844,24.698447999981,401408,17.799555999772565,0.17550200027471874,0.04000099988843431,3.7883549998696253,200704,0.780061000114074,0.16441299976577284,0.04370299984657322,0.0,100352
5,chain_5svc,185,94.2133539997485,74.01031600011265,20.203037999635853,2107392,4,27.675855999859778,0.35122000008414034,0.17630999991524732,61.274545999822294,602112,10.636823999902845,0.45002300021224073,0.06600300002901349,45.82115899984274,802816,16.807917000278394,0.291316000129882,0.05770299958385294,25.017365000167047,401408,18.160961999910796,0.1712020002742065,0.040299999909620965,3.6545519997162046,200704,0.7287570001608401,0.16461299992442946,0.04190300023765303,0.0,100352
5,chain_5svc,186,100.08706300004633,79.77017199982583,20.316891000220494,2107392,4,35.02006899998378,0.35281999998915126,0.21401200001491816,59.667055000318214,602112,9.837484999934532,0.40532000002713175,0.06920300029378268,44.9304150001808,802816,16.590805999840086,0.2911159999712254,0.07230399978652713,24.47943600009239,401408,17.564553000283922,0.17730299987306353,0.04419999959281995,3.414849000364484,200704,0.7572589997835166,0.16051200009314925,0.03860300012092921,0.0,100352
5,chain_5svc,187,101.87693300031242,82.20476199903715,19.672171001275274,2107392,4,29.40535399966393,0.3789209999922605,0.13580700033344328,67.2719839999445,602112,16.008189999865863,0.41611999995438964,0.05490200010171975,46.96881600011693,802816,18.32980100016357,0.2863149998120207,0.05830300005982281,24.660946000039985,401408,17.6573539997662,0.17010200008371612,0.03930100001525716,3.5842520001097,200704,0.8040629995775816,0.13561000014306046,0.03700300021591829,0.0,100352
5,chain_5svc,188,99.30779800015443,79.98161799969239,19.326180000462045,2107392,4,27.855266999722517,0.33771900007195654,0.13590700018539792,66.07091599971682,602112,12.971640000159823,0.5107249999127816,0.05780299989055493,48.72270300029413,802816,20.129097999870282,0.2826150002874783,0.0739040001462854,25.229075999959605,401408,18.427966000217566,0.1740019997669151,0.04079999962414149,3.1949459998941165,200704,0.5976469997222011,0.13361000037548365,0.034003000109805726,0.0,100352
5,chain_5svc,189,98.53027400004066,75.39720600016153,23.13306799987913,2107392,4,29.06893499994112,0.35381999987293966,0.12480700024752878,63.67358100033016,602112,11.283956000170292,0.3972200001953752,0.05580299966823077,47.58294599969304,802816,16.688311000052636,0.28891500005556736,0.0573030001760344,26.4291419998699,401408,17.734055999881093,0.17450199993618298,0.03880000031131203,3.53055100003985,200704,0.6219480001163902,0.1388109999425069,0.036902999909216305,0.0,100352
5,chain_5svc,190,109.39481200011869,87.1620959997017,22.232716000416985,2107392,4,35.66690599973299,0.35432000004220754,0.17281000009461422,67.87471799998457,602112,11.424964000070759,0.4076199998053198,0.06210299989106716,52.22157399975913,802816,17.486854999788193,0.28381500032992335,0.05650299999615527,30.79197999977623,401408,21.86071500000253,0.1740029997563397,0.03890000016326667,3.5908520003431477,200704,0.7226560001072357,0.1657129996601725,0.044703000185108976,0.0,100352
5,chain_5svc,191,105.32108500001414,85.33008200083714,19.991002999177,2107392,4,27.08512300023358,0.34951999987242743,0.18460999990566052,72.65378600004624,602112,19.48596100010036,0.4299209999771847,0.05980300011287909,48.827908000021125,802816,17.149936000350863,0.2904159996433009,0.0556029999643215,27.808916999674693,401408,20.80900000009933,0.1736019999043492,0.03880099984598928,3.893255999628309,200704,0.8000620000530034,0.17581399970367784,0.0542040002073918,0.0,100352
5,chain_5svc,192,99.13189300004888,79.71768300012627,19.414209999922605,2107392,4,29.9337840001499,0.3587199998946744,0.21771199999420787,64.02130100013892,602112,10.408313999960228,0.41501999976389925,0.06110300000727875,48.96881500008021,802816,16.90602200005742,0.2922160001617158,0.05740300002798904,28.343547000076796,401408,21.85621499984336,0.20080300009794882,0.04000000035375706,3.381149000233563,200704,0.6133480001153657,0.13740999975198065,0.08690699996805051,0.0,100352
5,chain_5svc,193,107.86736399995789,81.41891900004339,26.4484449999145,2107392,4,28.34099299980153,0.3488199999992503,0.11630700009845896,68.09763000001112,602112,10.229504999642813,0.42962099996657344,0.17840900000010151,52.70829900018725,802816,16.39199400005964,0.2844159998858231,0.05740300002798904,32.7068850001524,401408,25.71637000028204,0.20120299996051472,0.05090100012239418,3.8009549998605507,200704,0.7400570002573659,0.1608130000931851,0.04280399980416405,0.0,100352
5,chain_5svc,194,92.91459799987933,72.86154700022962,20.053050999649713,2107392,4,26.74120399979074,0.3448200000093493,0.11660600011964561,60.2427879998686,602112,10.977741000260721,0.4048199998578639,0.05840299991177744,45.11772500018196,802816,16.23628600009397,0.30231699975047377,0.054303000069921836,25.11267099998804,401408,18.22646300024644,0.1788019999366952,0.03989999959230772,3.4009490000244114,200704,0.6798529998377489,0.15801200015630457,0.03630300034274114,0.0,100352
5,chain_5svc,195,107.63485699999364,87.11161100018217,20.52324599981148,2107392,4,34.59674500027177,0.34651999976631487,0.17630999991524732,67.96982300011223,602112,11.161450000145123,0.41412100017623743,0.0504029999319755,52.38388300040242,802816,16.824517999793898,0.28991599992878037,0.05740300002798904,31.627325000044948,401408,23.807942000075855,0.19200299993826775,0.04980099993190379,4.653567000332259,200704,0.7209559998955228,0.16461299992442946,0.03930299999410636,0.0,100352
5,chain_5svc,196,105.41528800013111,84.67249699970125,20.74279100042986,2107392,4,29.01083100005053,0.34812000012607314,0.22331299987854436,71.15650200012169,602112,10.688126999866654,0.40972000033434597,0.06110300000727875,56.15516799980469,802816,18.320399999993242,0.2788150000014866,0.05670300015481189,33.687439000004815,401408,25.77317099985521,0.20840300021518487,0.059699999837903306,3.9668569997957093,200704,0.8799679999356158,0.16731300001993077,0.045803999910276616,0.0,100352
5,chain_5svc,197,99.86111400030495,77.07428000048822,22.786833999816736,2107392,4,28.2607890003419,0.4221239996695658,0.1464079996367218,65.73099700017337,602112,10.051795999970636,0.4080199996678857,0.06220300019776914,50.02566699977251,802816,12.109061000046495,0.2514129996598058,0.6963380001252517,33.11760699989463,401408,25.87797300020611,0.20950299995092792,0.05999999984851456,3.767054000036296,200704,0.7746609999230714,0.16421200007243897,0.043602999994618585,0.0,100352
5,chain_5svc,198,102.53239799976654,82.02946399933353,20.502934000433015,2107392,4,31.585276999976486,0.3610200001276098,0.12080699980288045,65.5066839999563,602112,11.668074999761302,0.39801999992050696,0.06690300006084726,49.463539000043966,802816,17.379647999860026,0.2955160002784396,0.07750499980829773,28.00072799982445,401408,20.522196000001713,0.20590299982359284,0.04020000005766633,4.01315799990698,200704,0.8742679997340019,0.18191400022260495,0.04680300025938777,0.0,100352
5,chain_5svc,199,102.46149600015997,82.48684299996967,19.9746530001903,2107392,4,27.7766630001679,0.358920000053331,0.2512139999453211,69.14678900011495,602112,10.686426999654941,0.4134200003136357,0.05810300035591354,53.795051999713905,802816,16.770815000199946,0.28601599979083403,0.05640299968945328,33.40032300002349,401408,26.535082000009425,0.17980199982048362,0.05270100018606172,3.5558509998736554,200704,0.7178559999374556,0.16791300004115328,0.041203000364475884,0.0,100352
5,chain_5svc,200,99.91741600015303,79.49117899943303,20.426237000719993,2107392,4,29.91828299991539,0.3603199997996853,0.1961110001502675,64.46152500029712,602112,10.77873099984572,0.41832099987004767,0.060802999996667495,49.1521239996473,802816,16.245286999946984,0.2812150000863767,0.055902999974932754,29.26239699991129,401408,21.69991199980359,0.17590300012670923,0.05140100029166206,4.051558999890403,200704,0.8489659999213472,0.1623130001462414,0.04100300020581926,0.0,100352
