round,condition,iteration,end_to_end_ms,total_compute_ms,non_compute_overhead_ms,total_activation_bytes,num_hops,hop_1_compute_ms,hop_1_deserialize_ms,hop_1_serialize_ms,hop_1_forward_ms,hop_1_activation_bytes,hop_2_compute_ms,hop_2_deserialize_ms,hop_2_serialize_ms,hop_2_forward_ms,hop_2_activation_bytes,hop_3_compute_ms,hop_3_deserialize_ms,hop_3_serialize_ms,hop_3_forward_ms,hop_3_activation_bytes,hop_4_compute_ms,hop_4_deserialize_ms,hop_4_serialize_ms,hop_4_forward_ms,hop_4_activation_bytes,hop_5_compute_ms,hop_5_deserialize_ms,hop_5_serialize_ms,hop_5_forward_ms,hop_5_activation_bytes
1,chain_5svc,1,100.18516899981478,85.37937500022963,14.805793999585148,2107392,4,29.867001000184246,0.2545009997447778,0.19094600020252983,66.73356500004957,602112,13.710474999697908,0.3925080000044545,0.10979000035149511,49.05289199996332,802816,15.965859000061755,0.22810199970990652,0.03764400025829673,30.384873999992124,401408,25.343519000216475,0.16489499967065058,0.03149899976051529,2.797143999941909,200704,0.49252100006924593,0.09114299973589368,0.022418999833462294,0.0,100352
1,chain_5svc,2,100.55176600008053,85.9816850002062,14.570080999874335,2107392,4,28.324904000328388,0.25617799974497757,0.09840599977906095,68.5330950000207,602112,14.374734999819339,0.5324000003383844,0.11551700026757317,49.88442200010468,802816,16.544284999781667,0.22956900011195103,0.06627899983868701,30.920974999844475,401408,26.23008499995194,0.16748000007282826,0.031987000056687975,2.657042000009824,200704,0.5076760003248637,0.11111799994978355,0.025212999844370643,0.0,100352
1,chain_5svc,3,99.19677500010948,84.34648999991623,14.850285000193253,2107392,4,29.153921000215632,0.25876200015773065,0.17264699999941513,66.35055500009912,602112,14.19133099989267,0.327835000007326,0.0920510001378716,48.22024399982183,802816,15.755007999814552,0.24982300010378822,0.0639049999335839,29.85058800004481,401408,24.800851999771112,0.12599399997270666,0.031289000162360026,2.9004390003137814,200704,0.4453780002222629,0.09679999993750243,0.02011399965340388,0.0,100352
1,chain_5svc,4,99.89511799994943,84.87295400027506,15.022163999674376,2107392,4,28.84480300008363,0.2598099999886472,0.1674789996286563,67.21079099997951,602112,14.50142700014112,0.3232249996472092,0.09735899993756902,48.42487900032211,802816,16.322119000051316,0.20288899986553588,0.05678100023942534,29.61990199992215,401408,24.766770000042015,0.160984000103781,0.031429000046045985,2.7999369999633927,200704,0.4378349999569764,0.10175800025535864,0.01955600009750924,0.0,100352
1,chain_5svc,5,98.69293999963702,85.07067400023516,13.622265999401861,2107392,4,28.764205999777914,0.2799240000967984,0.0885590002326353,66.49659300001076,602112,14.221572000224114,0.3324449999126955,0.08716199999980745,48.661362000075314,802816,16.522495000117488,0.19464700017124414,0.03771399997276603,29.59804100009933,401408,25.122610999915196,0.12808900009986246,0.032826000278873835,2.397581999957765,200704,0.43979000020044623,0.0949840000430413,0.01857799998106202,0.0,100352
1,chain_5svc,6,97.94689499995002,83.98981000027561,13.957084999674407,2107392,4,28.509145000043645,0.3075810000154888,0.18039999986285693,65.83743100009087,602112,13.827598000261787,0.3191749997313309,0.08939700001064921,48.43675300026007,802816,15.676436999910948,0.2033079999819165,0.03806399990935461,30.145528000048216,401408,25.504573000034725,0.13290800006870995,0.02996200009874883,2.3773269999765034,200704,0.4720570000245061,0.09484500014877995,0.01955600009750924,0.0,100352
1,chain_5svc,7,99.5373210002981,84.94447199973365,14.592849000564456,2107392,4,28.734733999954187,0.2700760001062008,0.1637079999454727,67.47318399993674,602112,13.957921999917744,0.33544799998708186,0.08758000012676348,49.979057000200555,802816,16.246410999883665,0.23320000036619604,0.035200000183976954,30.920625000362634,401408,25.562961000105133,0.14918099986971356,0.031987000056687975,2.4785969999356894,200704,0.44244399987292127,0.11893999999301741,0.01983499987545656,0.0,100352
1,chain_5svc,8,97.77864800025782,83.7639450005554,14.014702999702422,2107392,4,29.088269000112632,0.34082599995599594,0.17977199968299828,65.11394500012102,602112,13.293313000303897,0.34773900006257463,0.09023499978866312,48.31089800018162,802816,15.38317399990774,0.2001650000238442,0.03925000009985524,30.323831999794493,401408,25.548363999860157,0.151137000102608,0.032965000173135195,2.316983999662625,200704,0.45082500037096906,0.0907939997887297,0.019485999928292586,0.0,100352
1,chain_5svc,9,97.70127000001594,84.14116100038882,13.560108999627118,2107392,4,28.86107600033938,0.3628259996730776,0.0879299996086047,65.35637099977976,602112,13.702723000278638,0.3068129999519442,0.09868600000118022,48.12687099956747,802816,15.754381000078865,0.2024700002039026,0.05817800001750584,29.752323999673536,401408,25.342193999676965,0.1631499999348307,0.032407000162493205,2.3315129997172335,200704,0.48078700001497054,0.0907939997887297,0.019905000044673216,0.0,100352
1,chain_5svc,10,96.97157099981268,83.54108999992604,13.43048099988664,2107392,4,28.15742799975851,0.258482999925036,0.08911700024327729,65.54731699998229,602112,13.32627900001171,0.32636800006002886,0.09966300012820284,48.90504200011492,802816,16.20115600007921,0.2341780000278959,0.03680600002553547,30.065492000176164,401408,25.351623999995354,0.15071699999680277,0.03219700010959059,2.4317339998560783,200704,0.5046030000812607,0.09533399997962988,0.02137199999197037,0.0,100352
1,chain_5svc,11,97.22935499985397,82.9033680001885,14.325986999665474,2107392,4,28.659028000220133,0.33314299980702344,0.09184200007439358,65.1041040000564,602112,13.28039300005912,0.350184000126319,0.09142199996858835,48.12282000011692,802816,15.474457999971492,0.19758100006583845,0.05580300012297812,29.990272999839362,401408,25.04879100024482,0.1421969996044936,0.031429000046045985,2.578261000053317,200704,0.44069799969292944,0.09400599992659409,0.020185000266792485,0.0,100352
1,chain_5svc,12,97.32531699955871,82.98082399960549,14.344492999953218,2107392,4,28.855981000106112,0.29025999992882134,0.09435500032850541,65.0568910000402,602112,13.255529999696591,0.32154900009118137,0.08527599993612967,48.00017899970044,802816,15.40622299989991,0.19318099975862424,0.0688630002514401,29.81560000034733,401408,24.975457999971695,0.19080700030826847,0.031009999929665355,2.41713700006585,200704,0.4876319999311818,0.09107300002142438,0.02193099999203696,0.0,100352
1,chain_5svc,13,98.91818799997054,84.4196249995548,14.498563000415743,2107392,4,29.72662299998774,0.31526299972028937,0.21538999999393127,65.59166599981836,602112,13.464006000049267,0.42330799988121726,0.06397400011337595,48.337721999814676,802816,15.702767999755451,0.20261000008758856,0.03638800035332679,30.019885999990947,401408,25.030842999967717,0.14973899988035555,0.03191699988747132,2.445352999984607,200704,0.4953849997946236,0.10811400034071994,0.020323000171629246,0.0,100352
1,chain_5svc,14,97.14002900000196,83.57545299986668,13.564576000135276,2107392,4,29.348570999900403,0.28865500007668743,0.16985400043267873,64.52707500011456,602112,13.312799999766867,0.34257100014656316,0.0899550000212912,47.92698499977632,802816,15.344972000093549,0.19639299989648862,0.039180999920063186,29.930209999747603,401408,25.03503299976728,0.18947899980048533,0.031638000109524,2.456457999869599,200704,0.5340770003385842,0.09016500007419381,0.023256999611476203,0.0,100352
1,chain_5svc,15,97.84773000001223,83.7650700004815,14.082659999530733,2107392,4,28.342157999759365,0.26414000012664474,0.08814000011625467,66.01804699994318,602112,14.319701000204077,0.36820300010731444,0.09512399992672727,47.843524999734655,802816,15.497924000101193,0.19604399994932464,0.05810799984828918,29.952767999930074,401408,25.154392000331427,0.16000599998733378,0.10434299974804162,2.376350000304228,200704,0.45089500008543837,0.09393700020154938,0.01955599964276189,0.0,100352
1,chain_5svc,16,98.46862000040346,84.46739600003639,14.001224000367074,2107392,4,29.13709199992809,0.3177080002387811,0.09163200002149097,65.90671999992992,602112,13.948495000022376,0.34983500017915503,0.09016500007419381,48.44073799995385,802816,15.69445800032554,0.21999999989930075,0.05580299966823077,29.985593000219524,401408,25.242112999876554,0.15134600016608601,0.031008999940240756,2.4022620000323514,200704,0.4452379998838296,0.09484500014877995,0.01857799998106202,0.0,100352
1,chain_5svc,17,96.85095499980889,82.90183100052673,13.949123999282165,2107392,4,28.427153999928123,0.2648390000103973,0.08485799980917363,65.30720199998541,602112,13.548444000207382,0.3797270001086872,0.09568199993736926,47.958345000097324,802816,15.862426000239793,0.19583499988584663,0.04176499987806892,29.4262349998462,401408,24.62799700015239,0.13716900002691546,0.0309399997604487,2.524482999888278,200704,0.43580999999903725,0.09393699974680203,0.021022000055381795,0.0,100352
1,chain_5svc,18,97.9628979998779,84.00420599946301,13.958692000414885,2107392,4,28.57633599978726,0.2873970001928683,0.17320599999948172,65.94275799989191,602112,14.455262999945262,0.36073000001124456,0.08478800009470433,48.0022049996478,802816,15.438419000020076,0.19178399998054374,0.0379940001948853,29.861765000077867,401408,25.10759799997686,0.14841299980616895,0.04567599989968585,2.429708000363462,200704,0.42658999973355094,0.09009600034914911,0.018788000033964636,0.0,100352
1,chain_5svc,19,97.92183599984128,84.02027500005715,13.901560999784124,2107392,4,29.233962000034808,0.29074900021441863,0.17111099987232592,65.20893999959299,602112,13.443401999666094,0.3265080003984622,0.09149200013780501,47.90575800006991,802816,15.393442999993567,0.19855899972753832,0.05524400012291153,29.805267000028834,401408,25.464699000167457,0.17760699984137318,0.032405999718321254,2.2997349997240235,200704,0.4847690001952287,0.09540299970467458,0.02039299988609855,0.0,100352
1,chain_5svc,20,99.71892800012938,84.84817699945779,14.87075100067159,2107392,4,28.772523000043293,0.26344199977756944,0.16168199999810895,67.41222599976027,602112,14.180229999965377,0.3729529998963699,0.08820900029604672,48.80999399983921,802816,15.82394499973816,0.19967600019299425,0.05566400022871676,29.92211099990527,401408,25.546831999690767,0.19541600022421335,0.03247599988753791,2.291073999913351,200704,0.5246470000201953,0.097707999884733,0.023258000055648154,0.0,100352
1,chain_5svc,21,98.95772800018676,83.58712399967771,15.370604000509047,2107392,4,28.793823999876622,0.2956380003524828,0.1716699998723925,66.66548199973477,602112,13.986630000090372,0.3476699998827826,0.08806999994703801,48.42935899978329,802816,15.348394999818993,0.19793000001300243,0.03673700030049076,29.974351999953797,401408,24.96372799987512,0.14547899991157465,0.031009000394988107,2.6117160000467265,200704,0.4945470000166097,0.09156200030702166,0.020463000055315206,0.0,100352
1,chain_5svc,22,98.9477410003019,84.45126699962202,14.496474000679882,2107392,4,28.767494000021543,0.2809720003824623,0.11761299992940621,66.67875199991613,602112,13.618006999877252,0.3546540001480025,0.0928889999158855,49.42103500025041,802816,16.403767000156222,0.198837999960233,0.037225999676593347,30.254065999997692,401408,25.231986999642686,0.151137000102608,0.033385000278940424,2.4508009996679903,200704,0.43001199992431793,0.09114300019064103,0.020044999928359175,0.0,100352
1,chain_5svc,23,98.16789200021958,84.58299099993383,13.584901000285754,2107392,4,29.936916999758978,0.29389200017249095,0.16992400014714804,64.71460499960813,602112,13.450179000301432,0.40549799996369984,0.09372699969389942,47.8569389997574,802816,15.514198999881046,0.21552999987761723,0.03911100020559388,29.888027999732003,401408,25.177091999921686,0.1330479999523959,0.031009999929665355,2.6458679999450396,200704,0.5046040000706853,0.0920510001378716,0.02151099988623173,0.0,100352
1,chain_5svc,24,97.71993099957399,83.72450199976811,13.995428999805881,2107392,4,28.606929000034143,0.2816699998220429,0.19562500028769136,65.57407200034504,602112,13.673600999936752,0.4391620000205876,0.09058400019057444,48.348202999932255,802816,15.391139000257681,0.19974599990746356,0.056849999964470044,30.313849999856757,401408,25.523784999677446,0.14925000004950562,0.03289500000391854,2.4880969999685476,200704,0.5290479998620867,0.09477399999013869,0.02262899988636491,0.0,100352
1,chain_5svc,25,98.3256640001855,84.02041799990911,14.305246000276384,2107392,4,28.695138999864866,0.29445100017255754,0.11398100014048396,66.35839000000487,602112,13.607181000224955,0.3427120000196737,0.0984769999377022,49.047943000005034,802816,15.290775999801554,0.19953699984398554,0.03680700001496007,31.133437999869784,401408,25.992419999965932,0.16852699991432019,0.032407000162493205,2.757963000021846,200704,0.4349020000518067,0.09540299970467458,0.02193000000261236,0.0,100352
1,chain_5svc,26,100.76745600008508,86.71936499968069,14.048091000404384,2107392,4,29.66216100003294,0.2714729998842813,0.11789200016210089,67.67454999999245,602112,15.546814000117593,0.4000509998149937,0.11356200002410333,48.62707899974339,802816,16.3093419996585,0.28383500011841534,0.055314000292128185,29.617603000133386,401408,24.747777999891696,0.15840000014577527,0.031988000046112575,2.5813350002863444,200704,0.4532699999799661,0.10050199989564135,0.018926999928225996,0.0,100352
1,chain_5svc,27,98.04993099987769,83.90979099976903,14.140140000108659,2107392,4,28.383228000166127,0.29850100008843583,0.16217099982895888,65.93375500006005,602112,13.396330999967176,0.3396379997866461,0.08939600002122461,49.1067490002024,802816,16.416967999703047,0.30953600025895867,0.03443100013100775,29.748765000022104,401408,25.22779699984312,0.14094000016484642,0.03010199998243479,2.3564460002489795,200704,0.4854670000895567,0.094914000328572,0.01941599975907593,0.0,100352
1,chain_5svc,28,95.14942099986001,81.3848880002297,13.764532999630319,2107392,4,27.69787500028542,0.25883199987219996,0.11111699996035895,63.892224000028364,602112,13.239188000170543,0.3453650001574715,0.08855899977788795,46.992304000013974,802816,15.53745599994727,0.26029800028481986,0.0365269997928408,28.637938999963808,401408,24.478120999901876,0.12194300006740377,0.03219600012016599,2.184565999868937,200704,0.4322479999245843,0.09826599989537499,0.019066999811911955,0.0,100352
1,chain_5svc,29,93.96582299996226,80.77126399984991,13.19455900011235,2107392,4,26.796224000008806,0.274405999789451,0.17131999993580393,63.69918499967753,602112,13.370140000006359,0.3712060001817008,0.08674299988342682,47.10726600023918,802816,15.45050300001094,0.24660999997649924,0.03764499979297398,29.069629999867175,401408,24.68841500012786,0.12773900016327389,0.030031999813218135,2.1798170000693062,200704,0.46598199969594134,0.09135200025411905,0.0196949999917706,0.0,100352
1,chain_5svc,30,91.12887499986755,77.19301799943423,13.935857000433316,2107392,4,26.28400999992664,0.26197500028501963,0.13081199995212955,61.75948600002812,602112,12.551321999580978,0.35667900010594167,0.08772099999987404,45.639342999947985,802816,14.614574000006542,0.21615900004690047,0.03582899989851285,27.83776999967813,401408,23.30688399979408,0.15309200034607784,0.030590999813284725,2.3741159998280637,200704,0.4362280001259933,0.08534600010534632,0.017949999801203376,0.0,100352
1,chain_5svc,31,89.5081379999283,76.48992800022825,13.018209999700048,2107392,4,26.07686100009232,0.290679000045202,0.08681200006321887,60.12135799983298,602112,12.221880999732093,0.3320949999761069,0.09184100008496898,44.83693600013794,802816,14.02441500022178,0.22321300002658973,0.039879999803815736,28.076137999960338,401408,23.70546900010595,0.12683200020546792,0.032405999718321254,2.214179000020522,200704,0.46130200007610256,0.09547299987389124,0.020464000044739805,0.0,100352
1,chain_5svc,32,89.59020099973714,75.4946869997184,14.095514000018738,2107392,4,25.454014999922947,0.26141700027437764,0.0886289999471046,60.95260900019639,602112,12.20895999995264,0.36338400013846694,0.08583499993619625,45.20967799999198,802816,14.193291000083263,0.22230500007935916,0.04874899968854152,28.01369999997405,401408,23.210851999920123,0.1552579997223802,0.028356000257190317,2.6041030000669707,200704,0.42756899983942276,0.08716199999980745,0.017530000150145497,0.0,100352
1,chain_5svc,33,91.32813199994416,78.01742600076977,13.310705999174388,2107392,4,26.336600000377075,0.2864199996110983,0.1884319999589934,61.53857800018159,602112,12.554814000395709,0.33817099983934895,0.08618499987278483,45.87149500002852,802816,15.062256999954116,0.249054000050819,0.03429200023674639,28.008042999772442,401408,23.632554999949207,0.12864700011050445,0.028634000045713037,2.2419759998228983,200704,0.43120000009366777,0.10238699996989453,0.018647999695531325,0.0,100352
1,chain_5svc,34,88.65076600022803,75.29948199999126,13.351284000236774,2107392,4,25.538454000070487,0.2885839999180462,0.11279299997113412,59.627439999985654,602112,12.198623000131192,0.3191050000168616,0.09470499981034664,43.96748099998149,802816,13.976713999909407,0.32057099997473415,0.036177000310999574,27.42577499975596,401408,23.1715320001058,0.1340950002486352,0.031008999940240756,2.1852649997526896,200704,0.4141589997743722,0.12969499994142097,0.01899700009744265,0.0,100352
1,chain_5svc,35,89.65249999982916,76.58155800027089,13.070941999558272,2107392,4,26.18574300004184,0.25373300013598055,0.16224199998760014,60.33702800004903,602112,12.188986000182922,0.3075810000154888,0.0891869999577466,44.906497999818384,802816,14.53048499979559,0.22942900022826507,0.06607000022995635,27.55526100008865,401408,23.253245999967476,0.1322799998888513,0.031008999940240756,2.2026560000085738,200704,0.423098000283062,0.09931499971571611,0.01857799998106202,0.0,100352
1,chain_5svc,36,88.39067700000669,75.5832470003952,12.807429999611486,2107392,4,25.798264000059135,0.2832059999491321,0.1567939998494694,59.3540119998579,602112,12.037290000080247,0.3150540001115587,0.04581599978337181,44.249989000036294,802816,14.245672000015475,0.2438159999655909,0.03526999989844626,27.582638999774645,401408,23.034364000068308,0.13241900023786002,0.02856499986592098,2.336191999802395,200704,0.46765700017203926,0.09295900008510216,0.019624999822553946,0.0,100352
1,chain_5svc,37,89.70041099973969,76.3086890001432,13.391721999596484,2107392,4,25.59300000029907,0.3654799998003,0.0886289999471046,60.87403799983804,602112,12.176694000118005,0.34152400030507124,0.09065399990504375,45.124892000330874,802816,14.936123000097723,0.22803199999543722,0.03575899972929619,27.778752999893186,401408,23.15372299972296,0.13025399994148756,0.03855200020552729,2.412528000149905,200704,0.44914899990544654,0.08911800023270189,0.01899700009744265,0.0,100352
1,chain_5svc,38,89.87243000001399,76.39836399948763,13.474066000526363,2107392,4,25.932707999800186,0.25261600012527197,0.07940900013636565,60.908818999905634,602112,12.746039999910863,0.350184000126319,0.08625400005257688,44.65227500031688,802816,14.22402099979081,0.24179100000765175,0.03534000006766291,27.698994999809656,401408,23.049727999932657,0.1407300001119438,0.029054000151518267,2.3456900003111514,200704,0.44586700005311286,0.08730200033824076,0.02011399965340388,0.0,100352
1,chain_5svc,39,88.80448700028865,74.99700000016674,13.80748700012191,2107392,4,25.52099400008956,0.2538730000196665,0.15504800012422493,60.21641200004524,602112,11.80590600006326,0.3617080001276918,0.1005710000754334,45.13201500003561,802816,13.905685000281665,0.23068499967848766,0.033802999951149104,28.36227800025881,401408,23.14841499992326,0.1560249997965002,0.03149800022583804,2.89282700032345,200704,0.6159999998089916,0.11775300026783952,0.028006000320601743,0.0,100352
1,chain_5svc,40,89.41203699987454,76.04566700001669,13.366369999857852,2107392,4,25.615419000132533,0.2604379997137585,0.16915600008360343,60.815652000201226,602112,12.088622999726795,0.36303600018072757,0.09987300018110545,45.328131000133,802816,14.661927000361175,0.2364129995839903,0.05440599989015027,28.088779999961844,401408,23.06837700007236,0.14352400012285216,0.0309389997710241,2.936269000201719,200704,0.61132099972383,0.1378659999318188,0.030312000035337405,0.0,100352
1,chain_5svc,41,88.85931999975583,75.67362899953878,13.185691000217048,2107392,4,25.53202999979476,0.25897200021063327,0.20582300021487754,60.12527400025647,602112,12.23061200016673,0.3221079996365006,0.08401900004173513,44.29182800004128,802816,14.231146999918565,0.18074900026476826,0.034361999951215694,27.719391000118776,401408,23.095057999853452,0.14938999993319158,0.029054000151518267,2.6193989997409517,200704,0.5847819998052728,0.1897590000226046,0.028076000035071047,0.0,100352
1,chain_5svc,42,89.77808300005563,75.91109000031793,13.866992999737704,2107392,4,25.822709999829385,0.28006399998048437,0.11495900025693118,60.7495160002145,602112,12.043857000207936,0.33153599997604033,0.08380899998883251,45.04087700024684,802816,14.328785000088828,0.18794299967339612,0.035339000078238314,28.29341699998622,401408,23.16014999996696,0.15428000006068032,0.02856499986592098,3.0045040002733003,200704,0.5555880002248159,0.16147299993463093,0.027168000087840483,0.0,100352
1,chain_5svc,43,91.30984200010062,78.23764400063737,13.072197999463242,2107392,4,25.877186999878177,0.2876060002563463,0.182775000212132,62.131257000146434,602112,12.421349000305781,0.4027749996566854,0.08960600007412722,46.204223000131606,802816,15.008061000116868,0.21483199998328928,0.03331399966555182,28.59401399973649,401408,24.273770000036166,0.17844500007413444,0.03052000010939082,2.3885730001893535,200704,0.6572770003003825,0.13388599973040982,0.0252820000241627,0.0,100352
1,chain_5svc,44,89.89723200011213,77.04985200052761,12.847379999584518,2107392,4,25.43613900024866,0.3003870001521136,0.17578999995748745,61.23700899979667,602112,12.505647000125464,0.3441779999775463,0.08806899995761341,45.29733399976976,802816,14.815998000358377,0.24863499993443838,0.03554899967639358,28.01663499985807,401408,23.818962999939686,0.15043800021885545,0.041974999930971535,2.0765919998666504,200704,0.47310499985542265,0.09058500017999904,0.022837999949842924,0.0,100352
1,chain_5svc,45,89.60522600000331,76.2748920001286,13.33033399987471,2107392,4,26.056538999910117,0.30723200006832485,0.09016500007419381,60.522741000113456,602112,12.352346000170655,0.3989329998148605,0.08820899984129937,44.74824199996874,802816,14.19692399986161,0.2107810000779864,0.032407000162493205,27.954826000041066,401408,23.088353000275674,0.14512999996441067,0.02898499997172621,2.4696589998711715,200704,0.5807299999105453,0.10713700021369732,0.028215999918757007,0.0,100352
1,chain_5svc,46,89.1540510001505,76.28271400062658,12.871336999523919,2107392,4,25.1498590000665,0.31205100003717234,0.13025399994148756,60.787999000240234,602112,12.19834500034267,0.4031240000585967,0.09058399973582709,45.13173999976061,802816,14.818303000083688,0.20700899995063082,0.06062200009182561,27.677766000124393,401408,23.508169000251655,0.1258540000890207,0.03247599988753791,2.262299999983952,200704,0.6080379998820717,0.10685799998100265,0.028635000035137637,0.0,100352
1,chain_5svc,47,89.70691500007888,76.40144499964663,13.305470000432251,2107392,4,25.58538999983284,0.25478099996689707,0.1660130001255311,60.987535000094795,602112,12.041830999805825,0.3554920003807638,0.08946600019044126,45.634039000105986,802816,15.101719000085723,0.21266700014166418,0.055732999953761464,28.18767700000535,401408,23.14171099988016,0.15372100006061373,0.028915000257256906,2.5892970002132643,200704,0.5307940000420786,0.11984799994024797,0.018926999928225996,0.0,100352
1,chain_5svc,48,89.36755600007018,75.83021299979009,13.537343000280089,2107392,4,25.602082000204973,0.29626700006701867,0.17620999960854533,60.6258269999671,602112,11.953831000028003,0.32196799975281465,0.0491680002596695,45.232381999994686,802816,14.67303199979142,0.2661660000740085,0.03492099995128228,27.75885200026096,401408,23.1317239999953,0.15260300006048055,0.02898499997172621,2.2092209997026657,200704,0.4695439997703943,0.08548499999960768,0.01913599999170401,0.0,100352
1,chain_5svc,49,91.9055199997274,78.33262700023624,13.57289299949116,2107392,4,25.88410099997418,0.30143499998303014,0.1854980000643991,62.77826699988509,602112,12.568783999995503,0.3695299997161783,0.10972000018227845,46.739418000015576,802816,14.533629000197834,0.22614599993175943,0.0590859999647364,29.772375999982614,401408,24.713351000173134,0.16629199990347843,0.034361999951215694,2.7273040000181936,200704,0.6327619998955925,0.20233000032021664,0.03010199998243479,0.0,100352
1,chain_5svc,50,92.27190699994026,77.89968200040676,14.3722249995335,2107392,4,26.24273599985827,0.30143499998303014,0.19255300003351294,62.47278099999676,602112,13.024009000218939,0.318546000016795,0.09379699986311607,45.243485999890254,802816,14.9969570002213,0.24158099995474913,0.03561899984561023,27.80871799996021,401408,23.04547099993215,0.11977800022577867,0.02912399986598757,2.769698000065546,200704,0.5905090001760982,0.10916199971688911,0.027097999918623827,0.0,100352
1,chain_5svc,51,90.30894699981218,76.4493560000119,13.859590999800275,2107392,4,25.586996000129147,0.25666700003057485,0.10476199986442225,61.059333000230254,602112,12.403050000102667,0.3496949998407217,0.08841899989420199,45.17657899987171,802816,14.865584999824932,0.2074980002362281,0.03526999989844626,27.554845999929967,401408,23.172371999862662,0.16356900005121133,0.028635000035137637,2.347507000195037,200704,0.42135300009249477,0.09247000025425223,0.01871699987532338,0.0,100352
1,chain_5svc,52,91.2553050002316,78.23387700091189,13.021427999319712,2107392,4,26.277868000306626,0.2936129999397963,0.07598799993502325,61.568341000111104,602112,12.740105000375479,0.387479999972129,0.09589199999027187,45.511820999763586,802816,14.084970000112662,0.17809499968279852,0.033802999951149104,28.870797000308812,401408,24.643861000186007,0.1842409997152572,0.02870499974960694,2.161309999792138,200704,0.4870729999311152,0.0898860002962465,0.020742999822687125,0.0,100352
1,chain_5svc,53,91.21018799987723,77.4077250002847,13.802462999592535,2107392,4,25.869576000332017,0.2689589996407449,0.08367000009457115,62.037955000050715,602112,13.444663999962359,0.3089789997829939,0.11167699994985014,45.2080809996005,802816,14.167593000365741,0.2614159998302057,0.03526999989844626,28.44574399978228,401408,23.32602499973291,0.18947900025523268,0.029333999918890186,2.640351000081864,200704,0.5998669998916739,0.10546000021349755,0.02912399986598757,0.0,100352
1,chain_5svc,54,89.97343800001545,76.08416299990495,13.889275000110501,2107392,4,25.452832999690145,0.2642100002958614,0.11125700029879226,61.13253100011207,602112,12.40430899997591,0.381822000235843,0.08820899984129937,45.04025200003525,802816,14.41462100001445,0.21210800014159759,0.03617799984567682,28.14395899986266,401408,23.236348999944312,0.15798100002939464,0.0295419999929436,2.537056000164739,200704,0.5760510002801311,0.17411399994671228,0.02856499986592098,0.0,100352
1,chain_5svc,55,89.6053739998024,76.3935599998149,13.211813999987498,2107392,4,26.091322999945987,0.2895620000344934,0.07193700002972037,60.44291899979726,602112,12.425260999862076,0.32399400015492574,0.09170100020128302,44.83931799995844,802816,14.311045999875205,0.2588320003269473,0.034781000067596324,27.707939999800146,401408,22.95614500008014,0.17809500013754587,0.03806399990935461,2.618001999962871,200704,0.6097850000514882,0.11782199999288423,0.02137100000254577,0.0,100352
1,chain_5svc,56,90.66661300039414,76.92693800072448,13.73967499966966,2107392,4,26.56296100030886,0.32434299964734237,0.10022199967352208,60.798829999839654,602112,12.013267000384076,0.3286729997853399,0.09589199999027187,45.305998000003456,802816,14.665351000076043,0.208126999950764,0.03890200014211587,28.008397000121477,401408,23.132215999794425,0.1412890001120104,0.02856499986592098,2.5726049998411327,200704,0.5531430001610715,0.15351199999713572,0.027587000204221113,0.0,100352
1,chain_5svc,57,90.12359700000161,76.2281760003134,13.895420999688213,2107392,4,25.531334999868704,0.2642790000209061,0.19213399991713231,61.4605069999925,602112,12.181653999959963,0.3549340003701218,0.08262199980890728,45.99086299958799,802816,14.887866000208305,0.21999999989930075,0.0590849999753118,28.019641999890155,401408,23.009714000181702,0.14939099992261617,0.030030999823793536,2.6893100002780557,200704,0.617607000094722,0.10972100017170305,0.030311000045912806,0.0,100352
1,chain_5svc,58,90.29254200004289,76.1313760003759,14.161165999666991,2107392,4,25.740510000105132,0.2610669998830417,0.17090200026359526,60.69092500001716,602112,12.232218999997713,0.35996299993712455,0.08751099994697142,45.16771199996583,802816,14.468399000179488,0.22335199992085109,0.07214599963845103,27.96865800019077,401408,23.1372440002815,0.15393100011351635,0.03135799988740473,2.599285000087548,200704,0.5530039998120628,0.14121899994279374,0.026749000426207203,0.0,100352
1,chain_5svc,59,89.55851000018811,75.66092399974877,13.897586000439333,2107392,4,25.693646000036097,0.26337100007367553,0.07982899978742353,60.387952999917616,602112,12.033450999751949,0.35954300028606667,0.10273599991705851,44.92445500000031,802816,14.351624000028096,0.2424190001875104,0.03617799984567682,27.956643999914377,401408,22.94154899982459,0.14380300035554683,0.03219700010959059,2.666890999989846,200704,0.640654000108043,0.1061590000972501,0.029053999696770916,0.0,100352
1,chain_5svc,60,88.91331699987859,75.87701500006006,13.036301999818534,2107392,4,25.658865999957925,0.3023429999302607,0.08136499991451274,60.06863900029202,602112,12.003349999758939,0.3145650002807088,0.08632400022179354,44.671211000149924,802816,14.611434000016743,0.2230039999631117,0.034360999961791094,27.677907999986928,401408,23.039047000111168,0.18542899988460704,0.0295429999823682,2.4633739999444515,200704,0.5643180002152803,0.11195600018254481,0.027237999802309787,0.0,100352
1,chain_5svc,61,89.62136700029077,75.54701200024283,14.074355000047944,2107392,4,25.374052000188385,0.29801299979226314,0.08772099999987404,61.080779999883816,602112,11.976459999914368,0.33314399979644804,0.08527599993612967,45.538988999851426,802816,14.638322999871889,0.261905000115803,0.03575900018404354,28.16463199997088,401408,22.90970100011691,0.15141599988055532,0.031707999823993305,2.8207519999341457,200704,0.6484760001512768,0.11558799997146707,0.0295429999823682,0.0,100352
1,chain_5svc,62,90.69489900002736,77.34025899981134,13.354640000216023,2107392,4,25.918605000242678,0.31079399968803045,0.17634899995755404,61.64865899972938,602112,11.842085999887786,0.36918100022376166,0.08541600027456298,46.20408899972972,802816,15.85048899960384,0.22279400036495645,0.03289500000391854,27.628531000118528,401408,23.28880000004574,0.15141599988055532,0.03052000010939082,2.2635579998677713,200704,0.44027900003129616,0.12320099995122291,0.01941600021382328,0.0,100352
1,chain_5svc,63,90.60131900014312,77.36457300006805,13.236746000075073,2107392,4,26.25021399990146,0.2561780001997249,0.15979699992385576,60.81112799984112,602112,13.146444000085467,0.35248899985163007,0.08723099972485215,44.400999000117736,802816,14.474686000085057,0.19206399974791566,0.03443200012043235,27.52516700002161,401408,22.907049999957962,0.14338399978441885,0.0295419999929436,2.456459999848448,200704,0.5861790000381006,0.10769499976959196,0.026958000034937868,0.0,100352
1,chain_5svc,64,91.81586000022435,77.87874300083786,13.93711699938649,2107392,4,25.535388000207604,0.2768509998531954,0.17369499983033165,62.97139000025709,602112,12.117332000343595,0.517383999977028,0.1040639999700943,47.22817599986229,802816,14.615765000144165,0.24130199972205446,0.03526999989844626,29.776363000109995,401408,25.005292000059853,0.14429200018639676,0.031429000046045985,2.620097000090027,200704,0.6049660000826407,0.11013999983333633,0.02856499986592098,0.0,100352
1,chain_5svc,65,91.85881299981702,78.5455870000078,13.31322599980922,2107392,4,26.2606199999027,0.2727310002228478,0.09400699991601869,62.54850000004808,602112,12.471497000206,0.35109200007354957,0.09596199970474117,46.80703200028802,802816,14.656202999958623,0.21706699999413104,0.034781000067596324,29.53038200030278,401408,24.716708000141807,0.18347300010645995,0.03024099987669615,2.5623390001783264,200704,0.4405589997986681,0.08744100023250212,0.02095199988616514,0.0,100352
1,chain_5svc,66,89.44544499991025,75.74124799975834,13.704197000151908,2107392,4,25.414702000034595,0.3610100002333638,0.1631489999454061,60.746664000362216,602112,12.716150999949605,0.312470000153553,0.11439999980211724,44.56833899985213,802816,13.978952999877947,0.1798410003175377,0.03575799973987159,27.94470500020907,401408,23.031785000057425,0.17739699978847057,0.03010199998243479,2.4693800000932242,200704,0.5996569998387713,0.12061600000379258,0.028635000035137637,0.0,100352
1,chain_5svc,67,90.04866500026765,76.73928199938018,13.309383000887465,2107392,4,25.98761099989133,0.2547810004216444,0.09854600011749426,60.840460999770585,602112,12.276779000330862,0.34026699995592935,0.08744099977775477,44.892333000007056,802816,14.3834729997252,0.1836129999901459,0.033803999940573703,27.95273699985046,401408,23.540928999864263,0.15798100002939464,0.044768000407202635,2.3075580002114293,200704,0.5504899995685264,0.10790400028781733,0.026959000024362467,0.0,100352
1,chain_5svc,68,91.27438099994833,78.8438790004875,12.43050199946083,2107392,4,27.829744999962713,0.3025529999831633,0.13549300001614029,60.265666999839596,602112,12.260157000127947,0.3278359999967506,0.08632300023236894,44.617156999720464,802816,14.52881300019726,0.22558799992111744,0.03568900001482689,27.672532999986288,401408,23.630605000107607,0.1390539996464213,0.030032000267965486,2.204332000019349,200704,0.5945590000919765,0.10762500005512265,0.02165099976991769,0.0,100352
1,chain_5svc,69,89.95857000036267,76.42841699998826,13.530153000374412,2107392,4,26.059617000100843,0.2834160000020347,0.08045699996728217,60.63198499987266,602112,12.213782999879186,0.3381710002940963,0.12445699985619285,44.998420999945665,802816,14.470076000179688,0.22740399981557857,0.03708599979290739,28.014686000005895,401408,23.09408400014945,0.14226700022845762,0.029053999696770916,2.687075999801891,200704,0.5908569996790902,0.10588000031930278,0.027727000087907072,0.0,100352
1,chain_5svc,70,90.26021399995443,77.50460300030682,12.755610999647615,2107392,4,25.898073999996996,0.25142899994534673,0.07612700028403196,61.30574400003752,602112,12.027725000280043,0.3231559999221645,0.08695299993632943,45.988770999883855,802816,14.774166000279365,0.21134000007805298,0.0407869997616217,28.781612999864592,401408,24.310650999723293,0.15169500011325,0.02982200021506287,2.3885040000095614,200704,0.4939870000271185,0.08681300005264347,0.027169000077265082,0.0,100352
1,chain_5svc,71,90.30882400020346,76.54232899994895,13.766495000254508,2107392,4,25.628417000007175,0.28006399998048437,0.28837499985456816,61.23031600009199,602112,12.759662000007665,0.4034739999951853,0.1202670000566286,44.96468800016373,802816,14.32110499990813,0.2157400003852672,0.03603799996199086,28.04108600003019,401408,23.254020999956992,0.1559550000820309,0.03429199978199904,2.5337040001431888,200704,0.5791240000689868,0.10650800004441408,0.02912399986598757,0.0,100352
1,chain_5svc,72,91.1719229998198,77.0887670000775,14.083155999742303,2107392,4,25.768029000118986,0.333841999690776,0.10441299991725828,61.6615849999107,602112,12.451731999590265,0.3241330000491871,0.09819700017033028,45.72672700032854,802816,15.03418500033149,0.21678799976143637,0.05747899967900594,27.978857000107382,401408,23.201291000077617,0.14603799991164124,0.028913999813084956,2.582592000180739,200704,0.6335299999591371,0.1069270001607947,0.02884500008804025,0.0,100352
1,chain_5svc,73,90.27879299992492,76.1904690002666,14.088323999658314,2107392,4,25.739744000020437,0.2767810001387261,0.10245700013911119,61.066189000030136,602112,12.303738000355224,0.3274159998909454,0.09323899985247408,45.174770999892644,802816,14.452198000071803,0.21406299993032007,0.05021500010116142,27.967751999767643,401408,23.142344000007142,0.144850999731716,0.030032000267965486,2.5296529997831385,200704,0.5524449998119962,0.11118700012957561,0.026470000193512533,0.0,100352
1,chain_5svc,74,97.42063600015172,82.90097100052662,14.519664999625093,2107392,4,27.099627000097826,0.2635109999573615,0.17502199989394285,66.5356080003221,602112,12.744857000143384,0.35989300022265525,0.0956129997575772,49.95646199995463,802816,14.637067999956344,0.19010799996976857,0.034781000067596324,32.78883199982374,401408,27.857685000071797,0.1533009999548085,0.03575900018404354,2.753424999809795,200704,0.5617340002572746,0.13667999974131817,0.031428000056621386,0.0,100352
1,chain_5svc,75,89.69332000015129,76.59883799988165,13.094482000269636,2107392,4,25.911905000157276,0.25401299990335247,0.1665720001255977,60.56557099964266,602112,12.732565000078466,0.3540259999681439,0.10839300011866726,44.6769459999814,802816,14.4081290000031,0.1794219997464097,0.03429200023674639,27.90112600041539,401408,22.980663999987883,0.17467299994677887,0.035200000183976954,2.6115779996871424,200704,0.5655749996549275,0.10657800021363073,0.054756000281486195,0.0,100352
1,chain_5svc,76,87.72449300022345,75.27701899971362,12.447474000509828,2107392,4,25.499770999886096,0.2514990001145634,0.192064000202663,59.10993699990286,602112,11.864646000049106,0.31002599962448585,0.08157499996741535,43.98321200005739,802816,14.09188700017694,0.19178499996996834,0.03464099972916301,27.5161599997773,401408,23.351800000000367,0.1489019996370189,0.029124000320734922,2.11200200010353,200704,0.46891499960111105,0.09302900025431882,0.021441000171762425,0.0,100352
1,chain_5svc,77,89.31177700014814,75.63872799983073,13.673049000317405,2107392,4,25.85575200009771,0.2542929996707244,0.170273000094312,60.260712999934185,602112,11.911230999885447,0.3690410003400757,0.08737200005271006,44.875924000280065,802816,13.997531999848434,0.22398100009013433,0.03499000013107434,28.22162800021033,401408,23.316251000323973,0.15672399968025275,0.030312000035337405,2.569813000263821,200704,0.5579619996751717,0.14883199992254958,0.028076000035071047,0.0,100352
1,chain_5svc,78,88.71456400038369,74.6830210000553,14.031543000328384,2107392,4,25.384113999734836,0.33391200031474,0.1727869998831011,60.08254800008217,602112,11.80339600023217,0.33097799996539834,0.08960600007412722,44.490958000096725,802816,14.345691000016814,0.21336500003599213,0.03247599988753791,27.624275000107446,401408,22.689355999773397,0.1314410001214128,0.02912399986598757,2.630295000017213,200704,0.46046400029808865,0.10601899975881679,0.017250999917450827,0.0,100352
1,chain_5svc,79,90.52324499998576,76.81038700002318,13.71285799996258,2107392,4,25.451371000144718,0.2576450001470221,0.10601899975881679,61.973082999884355,602112,12.86673000004157,0.3443880000304489,0.08457800004180172,45.6810549999318,802816,14.573792000192043,0.21685699994122842,0.05678099978467799,28.30648500003008,401408,23.313108999900578,0.18047000003207359,0.028565000320668332,2.652295000189042,200704,0.605384999744274,0.10671800009731669,0.029054000151518267,0.0,100352
1,chain_5svc,80,89.65714300029504,76.31542199987962,13.341721000415419,2107392,4,25.818457000241324,0.2447940000820381,0.09721900005388306,60.76783099979366,602112,12.037504000090848,0.377842000034434,0.09086299996852176,45.442337000167754,802816,14.501296999696933,0.25981000044339453,0.05803800013381988,28.24048499996934,401408,23.400759999731235,0.14541000018652994,0.029263000214996282,2.7067010000791925,200704,0.557404000119277,0.10497199991732487,0.026329999855079222,0.0,100352
1,chain_5svc,81,90.19659699970362,76.42178900050567,13.774807999197947,2107392,4,25.85191099979056,0.2809720003824623,0.16126399987115292,61.18939399993906,602112,12.152044000231399,0.3357269997650292,0.0870919998305908,45.84741600001507,802816,14.98529700029394,0.2088960000037332,0.03582899989851285,27.93534800002817,401408,22.836999999981344,0.15260400004990515,0.02912399986598757,2.681209000002127,200704,0.5955370002084237,0.10762500005512265,0.027377999685995746,0.0,100352
1,chain_5svc,82,89.60273699995014,75.9261250000236,13.676611999926536,2107392,4,25.41659000007712,0.2677020002010977,0.09260999968319084,60.90597799993702,602112,12.472056000206067,0.31826699978410034,0.08506699987265165,44.921390999661526,802816,14.39855999979045,0.20617100017261691,0.05573399994318606,27.979487999800767,401408,23.08696299996882,0.15085699988048873,0.031008999940240756,2.589716999864322,200704,0.5519559999811463,0.138634999984788,0.018648000150278676,0.0,100352
1,chain_5svc,83,91.07324600017819,77.16022199974759,13.913024000430596,2107392,4,25.74575199969331,0.2538730000196665,0.08080699990387075,62.18149000005724,602112,12.42931300021155,0.31582299970978056,0.09009599989440176,46.27477599979102,802816,14.437183000154619,0.2188119997299509,0.0548250000065309,29.038282000328763,401408,23.99538899999243,0.16531400024177856,0.02912399986598757,2.752447000148095,200704,0.5525849996956822,0.11111799994978355,0.026748999971459853,0.0,100352
1,chain_5svc,84,90.06760000011127,76.88721099975737,13.180389000353898,2107392,4,25.835986999936722,0.3020640001523134,0.18054000020129024,60.927488999823254,602112,13.02100899965808,0.3252510000493203,0.08758100011618808,44.75418999982139,802816,14.472033000402007,0.24612099969090195,0.034361999951215694,27.679867999722774,401408,22.9428799998459,0.15840000014577527,0.026678999802243197,2.7954700003647304,200704,0.6153019999146636,0.12543499997264007,0.030031999813218135,0.0,100352
1,chain_5svc,85,89.10680100007085,75.95036600059757,13.156434999473277,2107392,4,25.87230700009968,0.25093999965974945,0.08967700023276848,60.17621099999815,602112,12.435391000053642,0.3239249999751337,0.1026670001920138,44.59684200037373,802816,14.049354000235326,0.18535899971539038,0.05671200005963328,28.078945000288513,401408,23.003225000138627,0.15448900012415834,0.029053999696770916,2.9568039999503526,200704,0.590089000070293,0.11188600001332816,0.026610000077198492,0.0,100352
1,chain_5svc,86,90.85464999998294,77.1371799996814,13.717470000301546,2107392,4,26.17290399984995,0.3333530003146734,0.18563899993750965,61.20078399999329,602112,12.180120999801147,0.35758700005317223,0.04875000013271347,45.74216999981218,802816,14.871037999910186,0.18906100012827665,0.032406000173068605,28.269680999983393,401408,23.36304700020264,0.1489019996370189,0.028355999802442966,2.8154440001344483,200704,0.5500699999174685,0.10629899998093606,0.027168000087840483,0.0,100352
1,chain_5svc,87,89.29837599998791,75.38821400021334,13.910161999774573,2107392,4,25.39557000000059,0.35451500025374116,0.08115599985103472,60.55202700008522,602112,12.122432000069239,0.32930199995462317,0.08639399993626284,45.08768699997745,802816,14.209640999979456,0.21552999987761723,0.050565000037749996,28.26688799996191,401408,23.121884999909526,0.15930800009300583,0.029194000035204226,2.7183639999748266,200704,0.5386860002545291,0.10734599982242798,0.026679999791667797,0.0,100352
1,chain_5svc,88,89.71798199991099,76.52865500040207,13.189326999508921,2107392,4,25.422808000257646,0.2533839997340692,0.09393699974680203,61.2809610001932,602112,12.767835999966337,0.3084889999627194,0.08765099983065738,45.232957000280294,802816,14.344435000111844,0.21601899970846716,0.05538400000659749,28.379402000155096,401408,23.38113699988753,0.1559550000820309,0.030730000162293436,2.8714569998555817,200704,0.6124390001787106,0.11789199970735353,0.026609000087773893,0.0,100352
1,chain_5svc,89,91.6650900003333,78.6250120004297,13.040077999903588,2107392,4,26.41106300006868,0.32615899999655085,0.1041339996845636,62.08937399969727,602112,13.279564000185928,0.3311179998490843,0.08632399976704619,45.727224000074784,802816,15.212493000035465,0.25429200013604714,0.03526999989844626,27.963707000253635,401408,23.094227999990835,0.17208899998877314,0.029613000151584856,2.709006000259251,200704,0.6276640001487976,0.12396800002534292,0.027586999749473762,0.0,100352
1,chain_5svc,90,88.56601900015448,75.61170700046205,12.954311999692436,2107392,4,25.279634000071383,0.25380299985044985,0.08813900012683007,60.289633000138565,602112,12.92064900007972,0.35011499994652695,0.10154900019188062,43.99557699980505,802816,13.96289100011927,0.19904799955838826,0.036178000300424173,27.264384999853064,401408,22.857395999835717,0.12257199978193967,0.028774000384146348,2.3284409999178024,200704,0.5911370003559568,0.11914900005649542,0.02772699963315972,0.0,100352
1,chain_5svc,91,89.8329419997026,76.30034199974034,13.532599999962258,2107392,4,26.07359000012366,0.2576440001575975,0.17285800004174234,60.77153900014309,602112,12.315752999711549,0.3682740002659557,0.11286300014035078,44.92914699994799,802816,14.148808999834728,0.26309299983040546,0.03624700002546888,28.017204999741807,401408,23.155409000082727,0.14918099986971356,0.02912399986598757,2.801266000005853,200704,0.6067809999876772,0.10811500033014454,0.027237999802309787,0.0,100352
1,chain_5svc,92,88.14885699985098,75.04312800028856,13.105728999562416,2107392,4,25.374478000230738,0.2531049999561219,0.11195599972779746,59.525709000354254,602112,12.08667399987462,0.34306000043216045,0.10343499980081106,44.231430999843724,802816,14.04683999999179,0.20749899977090536,0.043791000280180015,27.463154000088252,401408,22.922487999949226,0.1405210000484658,0.040159000036510406,2.4343199997929332,200704,0.6126480002421886,0.11307400018267799,0.02402499967502081,0.0,100352
1,chain_5svc,93,89.50573499987513,76.11931399969762,13.386421000177506,2107392,4,25.16711899988877,0.29096000025674584,0.1440129999537021,61.24366599988207,602112,12.509004000094137,0.43294599981891224,0.11174599967489485,45.11709000007613,802816,14.40051700001277,0.22034999983588932,0.05538400000659749,28.24893900015013,401408,23.441409999577445,0.15141600033530267,0.036317000194685534,2.669895000053657,200704,0.6012640001245018,0.10909200000241981,0.02772699963315972,0.0,100352
1,chain_5svc,94,88.82519999997385,76.00672899980054,12.818471000173304,2107392,4,26.531189999786875,0.2557590000833443,0.10581000015008613,59.115110999755416,602112,11.785657000018546,0.3172899996570777,0.0872320001690241,44.03650500034928,802816,13.946688000032736,0.19422899958954076,0.03820300025836332,27.61554700009583,401408,23.132640999847354,0.11775200027841493,0.02982200021506287,2.5151260001621267,200704,0.6105530001150328,0.10252699985358049,0.02898399998230161,0.0,100352
1,chain_5svc,95,90.47932300018147,76.40300899993235,14.076314000249113,2107392,4,25.8299829997668,0.3268579998803034,0.17830500019044848,61.447742999916954,602112,12.340127000243228,0.3257399998801702,0.08674299988342682,45.63635999966209,802816,14.416370999697392,0.21720700033256435,0.03534000006766291,28.25340800018239,401408,23.262057000010827,0.15071799998622737,0.032685999940440524,2.6803010000548966,200704,0.5544710002141073,0.10692699970604735,0.07047000008242321,0.0,100352
1,chain_5svc,96,90.3385999999955,77.70311200010838,12.635487999887118,2107392,4,26.762716000121145,0.2925649996541324,0.15881999979683314,60.45732799975667,602112,12.358078000033856,0.30353000011018594,0.08541599981981562,45.26341200016759,802816,14.527839000038512,0.21413300009953673,0.03638799989857944,28.24956899985409,401408,23.511113000040496,0.1490409999860276,0.02856499986592098,2.563038000062079,200704,0.5433659998743678,0.15686400001868606,0.026748999971459853,0.0,100352
1,chain_5svc,97,89.64898700014601,75.86439899978359,13.784588000362419,2107392,4,25.428047999866976,0.2806930001497676,0.0920510001378716,60.8093280002322,602112,12.002725000002101,0.3111430000899418,0.08457800004180172,45.368312999926275,802816,14.448987999912788,0.18787300041367416,0.03429199978199904,28.446591999909288,401408,23.365144999843324,0.1526730002296972,0.028635000035137637,2.6632600001903484,200704,0.6194930001583998,0.10699699987526401,0.02912299987656297,0.0,100352
1,chain_5svc,98,89.15353200018217,75.74476100035099,13.408770999831177,2107392,4,25.89144600005966,0.25673699974504416,0.16412700006185332,60.204571999747714,602112,12.02758800036463,0.31449599964616937,0.09177199990517693,44.831093000084365,802816,13.942708000286075,0.1799809997464763,0.03582899989851285,28.391556999849854,401408,23.312204999911046,0.15211500021905522,0.028635000035137637,2.6875650000874884,200704,0.5708139997295802,0.11244400002397015,0.027656999918690417,0.0,100352
1,chain_5svc,99,89.41431999983251,75.53328299991335,13.88103699991916,2107392,4,26.086583000051178,0.2562479999141942,0.15840000014577527,60.284051000053296,602112,11.936096999761503,0.32615899999655085,0.08478700010527973,44.89946800003963,802816,14.056341000014072,0.21413300009953673,0.04274299999451614,28.136357000221324,401408,23.00497299984272,0.15372100006061373,0.028565000320668332,2.8311579999353853,200704,0.44928900024387985,0.08269299996754853,0.02011400010815123,0.0,100352
1,chain_5svc,100,91.35367499993663,77.57865600024161,13.775018999695021,2107392,4,26.14573900018513,0.29200700009823777,0.17055199987225933,62.15084100040258,602112,12.826084999687737,0.33810200011430425,0.08827900001051603,45.79916400007278,802816,14.241838000089047,0.18214700003227335,0.03729599984581,28.863615000318532,401408,23.759819000133575,0.15092700004970538,0.029612000162160257,2.78010500005621,200704,0.6051750001461187,0.1083239999388752,0.029054000151518267,0.0,100352
1,chain_5svc,101,89.19781199983845,75.5781180005215,13.61969399931695,2107392,4,25.88257600018551,0.26714299974628375,0.09491499986324925,60.11775899969507,602112,12.068515000009938,0.3191749997313309,0.0934479999159521,44.797848999678536,802816,13.940333999926224,0.22027900013199542,0.03631800018411013,28.21716300013577,401408,23.114693000025,0.14380399989022408,0.028146000204287702,2.766345999589248,200704,0.5720000003748282,0.11502899997140048,0.026679999791667797,0.0,100352
1,chain_5svc,102,89.78866899997229,75.73435500034975,14.054313999622536,2107392,4,25.569686999915575,0.2554799998506496,0.14031099999556318,60.99189299993668,602112,12.11209700022664,0.37400000019260915,0.0844379997033684,45.19692199983183,802816,14.17954099997587,0.205124000331125,0.03673599985631881,28.203683999890927,401408,23.274909000065236,0.15064800027175806,0.0295429999823682,2.527628999814624,200704,0.5981210001664294,0.10462199998073629,0.02758799973889836,0.0,100352
1,chain_5svc,103,91.01075399985348,78.02787599985095,12.982878000002529,2107392,4,26.246728999922198,0.25771500031623873,0.2156699997613032,61.54475699986506,602112,12.262255999758054,0.327625999943848,0.08443800015811576,46.1388030003036,802816,15.697122999881685,0.20372700009829714,0.03471099989837967,27.968947000317712,401408,23.19012299994938,0.1449900000807247,0.029612000162160257,2.598378000129742,200704,0.6316450003396312,0.1046929996846302,0.028635000035137637,0.0,100352
1,chain_5svc,104,89.79593300000488,76.66855299976305,13.127380000241828,2107392,4,26.05564299983598,0.2652570001373533,0.1264130000890873,60.53568900006212,602112,12.655322999762575,0.30911800013200263,0.08590400011598831,44.46184299968081,802816,14.198048000253038,0.20428599964361638,0.03526999989844626,27.74734000013268,401408,23.262058999989677,0.1527429999441665,0.028705000204354292,2.2971519997554424,200704,0.4974799999217794,0.09086299996852176,0.022280000393948285,0.0,100352
1,chain_5svc,105,95.51468199970259,81.76131300069756,13.753368999005033,2107392,4,25.877896000110923,0.25638800025262753,0.10518099998080288,66.63724000009097,602112,12.205684000036854,0.33230500002900953,0.10210800019194721,51.021272000070894,802816,17.98212199992122,0.20023600018248544,0.03568900001482689,30.118524000045,401408,25.001388000418956,0.1927619996422436,0.03038099976038211,2.799520999815286,200704,0.6942230002096039,0.11921899977096473,0.03715599996212404,0.0,100352
1,chain_5svc,106,92.07750999985365,78.51634699909482,13.561163000758825,2107392,4,27.162837999640033,0.3031119999832299,0.14268500035541365,61.48294700005863,602112,12.500065999574872,0.31917500018607825,0.08813900012683007,45.57839600010993,802816,14.516735000142944,0.24667899970154394,0.03387300012036576,28.283513000133098,401408,23.79215499968268,0.15218399994409992,0.0295429999823682,2.3601480002071185,200704,0.5445530000542931,0.10462299997016089,0.028075999580323696,0.0,100352
1,chain_5svc,107,90.7675029998245,77.16736699967441,13.600136000150087,2107392,4,26.073314999848662,0.2561780001997249,0.11167599996042554,61.29962000022715,602112,12.838867000027676,0.3127499999209249,0.09142199996858835,44.987473000219325,802816,14.155166999898938,0.24395599984927685,0.03429200023674639,28.29112700010228,401408,23.495610999816563,0.14366300001711352,0.0295429999823682,2.6721300000644987,200704,0.6044070000825741,0.10958099983326974,0.028635000035137637,0.0,100352
1,chain_5svc,108,93.50186300025598,80.40256000003865,13.099303000217333,2107392,4,25.836693000201194,0.25617799974497757,0.09945400006472482,64.53508999993574,602112,12.886079999589128,0.43580999999903725,0.05761900001743925,48.1372479998754,802816,14.564368000264949,0.20770799983438337,0.03247599988753791,31.033727999783878,401408,26.45045899998877,0.1636380002310034,0.029752000045846216,2.564505000009376,200704,0.6649599999946076,0.1095810002880171,0.033802999951149104,0.0,100352
1,chain_5svc,109,90.53039300033561,77.80941799956054,12.72097500077507,2107392,4,26.345697000124346,0.26895900009549223,0.10643799987519742,61.10022300026685,602112,12.861983999755466,0.3096770001320692,0.08967700023276848,45.280805999937,802816,14.085745000102179,0.24451399985991884,0.03387300012036576,28.52823900002477,401408,23.909838999770727,0.1686670002527535,0.027727000087907072,2.391578000242589,200704,0.6061529998078186,0.10874300005525583,0.027656999918690417,0.0,100352
1,chain_5svc,110,91.70868700039136,78.3988089997365,13.309878000654862,2107392,4,26.014228999883926,0.2695880002647755,0.17292699976678705,62.51800200016078,602112,12.159241000063048,0.3404059998501907,0.08562499988329364,46.99164000021483,802816,14.94968199995128,0.24430500025118818,0.03289500000391854,29.454963999796746,401408,24.714760999813734,0.16315000038957805,0.031008999940240756,2.5529810000080033,200704,0.5608960000245133,0.15770199979669997,0.026679000256990548,0.0,100352
1,chain_5svc,111,91.1754479998308,77.5619000005463,13.613547999284492,2107392,4,26.386763000118663,0.26902899980996153,0.09323799986304948,61.48141699986809,602112,12.05531699997664,0.34794900011547725,0.0872320001690241,46.05381000010311,802816,14.936342000055447,0.22998800022833166,0.03289500000391854,28.33226399980049,401408,23.635642000044754,0.1397529999849212,0.04874899968854152,2.6163970001107373,200704,0.5478360003507987,0.10350499997002771,0.08478699965053238,0.0,100352
1,chain_5svc,112,90.35069099991233,76.95658500097124,13.394105998941086,2107392,4,26.509195000016916,0.28984200025661266,0.13884400004826603,60.49022800016246,602112,12.488473000303202,0.32776499983810936,0.11174599967489485,44.69064700015224,802816,14.221097000245209,0.3133079999315669,0.04316199965614942,27.73470100009945,401408,23.16777500027456,0.21441299986690865,0.029472999813151546,2.45122199976322,200704,0.5700450001313584,0.10769599975901656,0.028005999865854392,0.0,100352
1,chain_5svc,113,90.50483099963458,76.99813999988692,13.506690999747661,2107392,4,25.805264000155148,0.2699369997571921,0.08527599993612967,61.84773499990115,602112,12.328536000040913,0.346343999808596,0.09107300002142438,46.0776260001694,802816,14.851135999833787,0.24968300022010226,0.03624800001489348,28.45483500004775,401408,23.42618800003038,0.17690799995762063,0.028635000035137637,2.592232000097283,200704,0.58701599982669,0.08367000009457115,0.029054000151518267,0.0,100352
1,chain_5svc,114,89.71394699983648,75.71969599985096,13.994250999985525,2107392,4,25.973792000058893,0.27957500014963443,0.09428500015928876,60.134736000236444,602112,12.136122999891086,0.3416640001887572,0.08772099999987404,44.668507000096724,802816,13.960239999960322,0.2318030001333682,0.03387300012036576,27.75285999996413,401408,23.100377999980992,0.1384249999318854,0.03338499982419307,2.601729999696545,200704,0.5491629999596626,0.10497099992790027,0.026400000024295878,0.0,100352
1,chain_5svc,115,90.24320499975147,76.63789899970652,13.605306000044948,2107392,4,25.99537300011434,0.268329999926209,0.09540300015942194,60.99406300018018,602112,12.382522999814682,0.36338500012789154,0.08842000033837394,45.40756799997325,802816,14.331027000025642,0.2328509999642847,0.033383999834768474,28.32842299994809,401408,23.310320999826217,0.17125100021075923,0.0295429999823682,2.6479650000510446,200704,0.6186549999256385,0.10902199983320315,0.028565000320668332,0.0,100352
1,chain_5svc,116,90.54037900023104,77.17057800073235,13.369800999498693,2107392,4,26.174864000040543,0.2576450001470221,0.17600000001039007,61.299061000227084,602112,12.18745599999238,0.32245800002783653,0.08632399976704619,45.803777999935846,802816,14.682888000152161,0.26902899980996153,0.03624700002546888,28.42564200000197,401408,23.525363000317157,0.16224099999817554,0.03429199978199904,2.661723999608512,200704,0.6000070002301072,0.1062279998222948,0.027657999908115016,0.0,100352
1,chain_5svc,117,90.545339000073,77.35733400068057,13.188004999392433,2107392,4,26.221169000109512,0.25666700003057485,0.2595309997559525,61.06655900020996,602112,12.373374000162585,0.32119999968927004,0.09023499978866312,45.32599300000584,802816,14.904424999713228,0.23585400003867107,0.034781000067596324,27.766338999754225,401408,23.419832000399765,0.16077499958555563,0.03052099964406807,2.203564999945229,200704,0.4385340002954763,0.08702199966137414,0.01927599987538997,0.0,100352
1,chain_5svc,118,90.45902199977718,77.47593299973232,12.983089000044856,2107392,4,27.10166199995001,0.2585519996500807,0.07382200010397355,60.35746499992456,602112,12.529262000043673,0.3612189998420945,0.08674299988342682,44.85771099962221,802816,13.920849999976781,0.21043200013082242,0.052520999815897085,28.627205999782745,401408,23.302500999761833,0.18095900031767087,0.03010199998243479,2.7472100000522914,200704,0.6216580000000249,0.10385399991719169,0.028076000035071047,0.0,100352
1,chain_5svc,119,89.23700800005463,76.37921200011988,12.857795999934751,2107392,4,25.968275999730395,0.28243900032975944,0.1602160000402364,60.16735699995479,602112,12.475343000005523,0.32357499958379776,0.08408900021095178,44.577925999874424,802816,14.254552000238618,0.22377200002665631,0.034361999951215694,27.724366999791528,401408,23.101707000023453,0.1927619996422436,0.0295429999823682,2.6650069999050174,200704,0.5793340001218894,0.11684499986586161,0.027727000087907072,0.0,100352
1,chain_5svc,120,89.1074529999969,75.4774910001288,13.629961999868101,2107392,4,25.6487520000519,0.2689589996407449,0.1644070002839726,60.19710900000064,602112,12.401381000017864,0.30821000018477207,0.09777800005394965,44.44138600001679,802816,13.872450000235403,0.2222349999101425,0.07815299977664836,28.05974500006414,401408,23.13334499967823,0.1617530001567502,0.030032000267965486,2.448917000037909,200704,0.4215630001453974,0.08639399993626284,0.018926999928225996,0.0,100352
1,chain_5svc,121,90.37011400005213,76.4509390000967,13.91917499995543,2107392,4,25.9866440001133,0.2737780000643397,0.18382300004304852,61.18215200012855,602112,11.872473000039463,0.3128900002593582,0.0935169996409968,45.70872799968129,802816,14.881307999985438,0.24528299991288804,0.03387300012036576,27.981732999705855,401408,23.00783999999112,0.20198199990772991,0.030730000162293436,2.6927339999929245,200704,0.7026739999673737,0.11013999983333633,0.032406000173068605,0.0,100352
1,chain_5svc,122,90.89273800009323,76.89750600002299,13.995232000070246,2107392,4,26.897165999798744,0.27266100005363114,0.22097800001574797,60.545618000105605,602112,12.136542999996891,0.3205019997949421,0.10294600042470847,45.22423799971875,802816,14.02931400025409,0.2975239999614132,0.03750499990928802,28.43388600012986,401408,23.207586999888008,0.1679689999036782,0.03010099999301019,2.995076999923185,200704,0.626896000085253,0.11013999983333633,0.02912399986598757,0.0,100352
1,chain_5svc,123,88.6702449997756,75.43251300012344,13.23773199965217,2107392,4,25.509348000014143,0.3061850002268329,0.08611399971414357,59.77771200014104,602112,11.96759699996619,0.3326539999761735,0.08772099999987404,44.440338000185875,802816,14.255111000238685,0.23089600017556222,0.03387299966561841,27.806220999991638,401408,23.239573999944696,0.1828449999266013,0.0295419999929436,2.2505680003632733,200704,0.46088299995972193,0.11237499984417809,0.02081299999190378,0.0,100352
1,chain_5svc,124,88.99486799964507,75.62303999975484,13.371827999890229,2107392,4,25.813856999775453,0.25911100010489463,0.08262200026365463,60.172665000209236,602112,11.931279000236827,0.3506039997773769,0.09666100004324107,44.94347599984394,802816,14.034900999831734,0.23725100027149892,0.03673700030049076,28.378152000186674,401408,23.25249499972415,0.1806790000955516,0.028424999982235022,2.8453369995986577,200704,0.5905080001866736,0.11342300012984197,0.02828600008797366,0.0,100352
1,chain_5svc,125,89.78288799971779,76.05493899927751,13.727949000440276,2107392,4,25.68276399961178,0.2762230001280841,0.1139109999712673,60.98345300006258,602112,12.034365000090474,0.3394289997231681,0.08576600021115155,45.43711499991332,802816,14.645874000052572,0.24723800015635788,0.03575799973987159,28.10088199976235,401408,23.083547999704024,0.20226100014042458,0.031010000384412706,2.8877310001007572,200704,0.6083879998186603,0.11433000008764793,0.03233699999327655,0.0,100352
1,chain_5svc,126,91.0951370001385,76.79393200032791,14.30120499981058,2107392,4,26.213908000045194,0.2909599998019985,0.08450799987258506,61.374006000278314,602112,12.32169300010355,0.3611500001170498,0.08897799989426858,45.6551600000239,802816,14.424407000205974,0.25010199988173554,0.03478099961284897,28.205783999965206,401408,23.24627899997722,0.16775900030552293,0.02996099965457688,2.7182259996152425,200704,0.5876449999959732,0.1053910000337055,0.027168000087840483,0.0,100352
1,chain_5svc,127,89.97229799979323,76.88835699991614,13.083940999877086,2107392,4,26.44047400008276,0.25401299990335247,0.0963110001066525,60.26213099994493,602112,12.405432999912591,0.3076510001847055,0.08443800015811576,44.90499300027295,802816,14.378102000137005,0.2452129997436714,0.040437999814457726,27.74273600016386,401408,23.075096999946254,0.14310500000647153,0.03247600034228526,2.418676000161213,200704,0.5892509998375317,0.11125699984404491,0.02856600031009293,0.0,100352
1,chain_5svc,128,89.16123000017251,76.12052000013136,13.040710000041145,2107392,4,25.785291999909532,0.2862800001821597,0.09833600006459164,60.25263299989092,602112,12.180264000107854,0.41031799992197193,0.08290100004160195,44.5632599999044,802816,14.088539000113087,0.2696579999792448,0.03617799984567682,27.848754999922676,401408,23.52159300016865,0.1681779999671562,0.028634999580390286,2.343317000395473,200704,0.5448319998322404,0.10581000015008613,0.026121000246348558,0.0,100352
1,chain_5svc,129,90.69886399993266,76.98516200025551,13.713701999677141,2107392,4,25.58554600000207,0.25645799996709684,0.24716899997656583,61.81610700014062,602112,13.030304000039905,0.46248899980128044,0.08786099988356,45.117105999906926,802816,14.705589000186592,0.22614599993175943,0.03457200000411831,28.0848209999931,401408,23.044927999762876,0.18382200005362392,0.029333000384212937,2.7966579996245855,200704,0.6187950002640719,0.10504099964236957,0.02870499974960694,0.0,100352
1,chain_5svc,130,90.95141199986756,77.53600299975005,13.415409000117506,2107392,4,26.281097999799385,0.2725210001699452,0.11370199990778929,61.11252499977127,602112,12.391535000006115,0.39048300004651537,0.08820999983072397,45.33794400003899,802816,15.235825000218028,0.2545019997342024,0.055313999837380834,27.59683900012533,401408,23.09570299985353,0.13681900009032688,0.031987000056687975,2.2794820001763583,200704,0.5318419998729951,0.1125140001931868,0.02248900000267895,0.0,100352
1,chain_5svc,131,89.8081780001121,76.65145999999368,13.156718000118417,2107392,4,25.87713499997335,0.27189299999008654,0.08688200023243553,60.73971200021333,602112,12.519902999883925,0.43120100008309237,0.10581000015008613,44.74317499989411,802816,14.700978999826475,0.22237499979382847,0.033804000395321054,27.64342399996167,401408,23.00763300036124,0.16496499983986723,0.03079999987676274,2.558289000262448,200704,0.5458099999486876,0.10685699999157805,0.026400000024295878,0.0,100352
1,chain_5svc,132,90.8489550001832,76.56751000013173,14.281445000051463,2107392,4,26.312596000025223,0.2571559998614248,0.14373400017575477,61.09213100035049,602112,12.434208000286162,0.3981649997513159,0.09393699974680203,45.161733999975695,802816,13.73339700012366,0.26735299979918636,0.05524400012291153,28.8399460000619,401408,23.536889999832056,0.17893400035973173,0.02912399986598757,3.200411000307213,200704,0.5504189998646325,0.10622900026646676,0.026959000024362467,0.0,100352
1,chain_5svc,133,90.09431899994524,77.0114250003644,13.082893999580847,2107392,4,26.310990000183665,0.30150499969749944,0.16119400015668361,60.11085999989518,602112,12.605739000264293,0.33160699967993423,0.08625400005257688,44.44048199957251,802816,14.436769999974786,0.2475169999343052,0.0372250001419161,27.519734000179596,401408,23.214293999899382,0.17264799998883973,0.03715499997269944,2.187851000144292,200704,0.4436320000422711,0.08960600007412722,0.026679999791667797,0.0,100352
1,chain_5svc,134,90.8846430002086,78.05485400012913,12.829789000079472,2107392,4,27.21229200005837,0.28669900029854034,0.12215299966555904,60.534796999945684,602112,12.706310000339727,0.3376829999979236,0.10148000001208857,44.575065999652,802816,14.356732000123884,0.2390669997112127,0.05398699977376964,27.65354999974079,401408,23.168617000010272,0.1533019999442331,0.029054000151518267,2.358682999783923,200704,0.610902999596874,0.10650800004441408,0.0295429999823682,0.0,100352
1,chain_5svc,135,89.79344199997286,76.99040200031959,12.803039999653265,2107392,4,26.27662800023245,0.27622199968391214,0.078780999956507,60.55211800003235,602112,12.271058999886009,0.36045100023329724,0.08925700012696325,45.10551100020166,802816,14.688129000205663,0.2432569999655243,0.03387300012036576,27.803429999949003,401408,23.20151200001419,0.1442230000066047,0.03052099964406807,2.5573120001354255,200704,0.5530739999812795,0.10923199988610577,0.019625000277301297,0.0,100352
1,chain_5svc,136,89.74734699995679,77.00988799979314,12.737459000163653,2107392,4,26.076672000272083,0.268190000042523,0.16964499991445336,60.48681600032069,602112,12.528563999694597,0.3579369999897608,0.08820900029604672,44.76468599978034,802816,14.701538999815966,0.25988000015786383,0.03785400031119934,27.078615999926114,401408,23.22532800008048,0.11831099982373416,0.032966000162559794,2.047818999926676,200704,0.4777849999300088,0.10001300006479141,0.02234900011899299,0.0,100352
1,chain_5svc,137,89.86733300025662,76.31433700043999,13.55299599981663,2107392,4,25.786132000121142,0.283834999663668,0.16363799977625604,60.86458799973116,602112,12.099109000246244,0.3925089999938791,0.08548599998903228,45.40994999979375,802816,14.364903000114282,0.18165699975725147,0.03534000006766291,28.435493999950268,401408,23.504413999944518,0.16279999999824213,0.029473000267898897,2.578893000190874,200704,0.5597790000138048,0.10951100011880044,0.02786699997159303,0.0,100352
1,chain_5svc,138,89.37634899984914,75.68555500029106,13.690793999558082,2107392,4,25.14624500008722,0.27398800011724234,0.16922599979807273,60.661558999981935,602112,12.135706000208302,0.3517909999573021,0.08639399993626284,45.375658000011754,802816,14.873766999699,0.2152510000996699,0.034362000405963045,27.969792000021698,401408,22.98060400016766,0.1447810000172467,0.031009999929665355,2.8452670003389358,200704,0.5492330001288792,0.11705399992933962,0.026819000140676508,0.0,100352
1,chain_5svc,139,90.19656600003145,76.5297279999686,13.666838000062853,2107392,4,25.40542600036133,0.25708599969220813,0.09142299995801295,61.80472200003351,602112,12.359547999949427,0.42442599988135044,0.0891869999577466,45.16299100032484,802816,14.559341999756725,0.2198600000156148,0.05580300012297812,27.94681400018817,401408,23.74096699986694,0.16748000007282826,0.032266000289382646,2.0995710001443513,200704,0.4644450000341749,0.08485799980917363,0.01899700009744265,0.0,100352
1,chain_5svc,140,90.44597499996598,75.97162900037802,14.474345999587968,2107392,4,25.043439000000944,0.2671430002010311,0.13318799983608187,62.080530999992334,602112,12.672019000092405,0.4009590002169716,0.08534599965059897,44.8793690002276,802816,14.449691000208986,0.20281999968574382,0.03911100020559388,27.7071209998212,401408,23.241114000029484,0.14010199993208516,0.029891999929532176,2.5080740001612867,200704,0.5653660000461969,0.1681080002526869,0.026748999971459853,0.0,100352
1,chain_5svc,141,90.88653600019825,77.03014699927735,13.856389000920899,2107392,4,25.453548999848863,0.2538740000090911,0.16433700011475594,62.06705199974749,602112,12.295503999666835,0.324414000260731,0.0885590002326353,46.35316200028683,802816,14.54677099991386,0.24388700012423215,0.041136000163533026,28.854545000285725,401408,24.276232999909553,0.2152510000996699,0.0351999997292296,2.184080000006361,200704,0.4580899999382382,0.08814000011625467,0.020882000171695836,0.0,100352
1,chain_5svc,142,89.85986800007595,76.3283810001667,13.531486999909248,2107392,4,26.002222999977675,0.29584799995063804,0.08157499996741535,60.684961000333715,602112,12.156659000083891,0.36533999991661403,0.08800000023256871,45.32998500008034,802816,14.564092000000528,0.21748600011051167,0.05545399972106679,27.895832000012888,401408,23.046187000090868,0.17292699976678705,0.03094000021519605,2.6370699997642078,200704,0.5592200000137382,0.10525099969527218,0.027518000024429057,0.0,100352
1,chain_5svc,143,90.22017999996024,76.9030350011235,13.317144998836739,2107392,4,26.041404000352486,0.2667239996299031,0.08080699990387075,60.91313299975809,602112,12.649041000258876,0.35674999980983557,0.08052699968175148,44.723831999817776,802816,14.675908000299387,0.2167169996027951,0.03603799996199086,27.340174000073603,401408,22.943939000015234,0.14499099961540196,0.029124000320734922,2.4739909999880183,200704,0.5927430001975154,0.10224799962088582,0.028635000035137637,0.0,100352
1,chain_5svc,144,90.97740100014562,76.7387689993484,14.238632000797224,2107392,4,26.24352499969973,0.308699000015622,0.07920000007288763,61.32771100010359,602112,12.496856999860029,0.3744190003089898,0.10937199976979173,45.18960399991556,802816,14.241144999687094,0.27091500032838667,0.03485100023681298,28.0883850000464,401408,23.17183200011641,0.20931500012011384,0.02898399998230161,2.600682999855053,200704,0.5854099999851314,0.1019689998429385,0.018927000382973347,0.0,100352
1,chain_5svc,145,89.9185349999243,75.9178539997265,14.000681000197801,2107392,4,25.241510999876482,0.2823680001711182,0.11921899977096473,61.651844999687455,602112,12.38203799994153,0.4689150000558584,0.08401900004173513,45.61891899993498,802816,14.345557999604353,0.26435000017954735,0.033384000289515825,28.40239199986172,401408,23.408943000049476,0.20833700000366662,0.03052099964406807,2.623940000376024,200704,0.5398040002546622,0.14666699962617713,0.02137199999197037,0.0,100352
1,chain_5svc,146,90.4920719999609,76.46575899980235,14.026313000158552,2107392,4,25.505721000172343,0.2862800001821597,0.17767600002116524,61.58835899987025,602112,12.373306999961642,0.4017979999844101,0.08730199988349341,45.64811299997018,802816,14.488872999663727,0.21490200015250593,0.055454000175814144,28.594525999778853,401408,23.4832539999843,0.16322000010404736,0.02912399986598757,2.855743999589322,200704,0.6146040000203357,0.1082550002138305,0.02814599974954035,0.0,100352
1,chain_5svc,147,90.10354499969253,75.73626600060379,14.36727899908874,2107392,4,25.157841000236658,0.2924959999290877,0.13032399965595687,61.75109000014345,602112,12.268755000150122,0.4080129997419135,0.09177199990517693,45.513459000176226,802816,14.842689000033715,0.2575749999778054,0.03457200000411831,27.792886000042927,401408,22.91313900013847,0.14436199990086607,0.029612999696837505,2.5668100001894345,200704,0.5538420000448241,0.10867400033021113,0.026259999685862567,0.0,100352
1,chain_5svc,148,90.12275099985345,75.4385329996694,14.684218000184046,2107392,4,25.427499000215903,0.30374000016308855,0.08450799987258506,61.28531700005624,602112,12.446571000054973,0.47939200021573924,0.08639299994683824,45.046359000025404,802816,13.970928999697207,0.299061000077927,0.04001900015282445,28.035794000061287,401408,23.03955199977281,0.15958699987095315,0.030451000384346116,2.8016170003866137,200704,0.55398199992851,0.10783500010802527,0.028076000035071047,0.0,100352
1,chain_5svc,149,89.42307999996046,75.40731300014158,14.01576699981888,2107392,4,25.17097100007959,0.3114229998573137,0.09784799976841896,60.79663799982882,602112,12.334755000210862,0.4426549999152485,0.10629799999151146,44.911287000104494,802816,14.044820999970398,0.18109899974660948,0.03387300012036576,28.410843000074237,401408,23.295869999856222,0.16063500015661702,0.0295419999929436,2.7828299998873263,200704,0.5608960000245133,0.11062900011893362,0.027656999918690417,0.0,100352
1,chain_5svc,150,88.54363799991916,74.95529800053191,13.588339999387244,2107392,4,25.306463000106305,0.2557590000833443,0.20931500012011384,59.90587999986019,602112,12.121180000121967,0.40926999963630806,0.09044499984156573,44.46709500007273,802816,14.307913000266126,0.220629000068584,0.03429199978199904,27.224657000260777,401408,22.76842800029044,0.1737649999995483,0.031009999929665355,2.3369630002889608,200704,0.45131399974707165,0.09393700020154938,0.01801999997042003,0.0,100352
1,chain_5svc,151,89.36141499998485,76.30861999996341,13.052795000021433,2107392,4,25.800310999784415,0.2634420002323168,0.16978500025288668,60.418171000037546,602112,12.314432000039233,0.4559240001071885,0.08772099999987404,44.589530999928684,802816,14.817827000115358,0.23774000010234886,0.03478099961284897,27.274805000160995,401408,22.941845999866928,0.16915600008360343,0.030870000045979396,2.3906700002953585,200704,0.43420400015747873,0.08625400005257688,0.01871699987532338,0.0,100352
1,chain_5svc,152,89.38362699973368,75.81791700022222,13.565709999511455,2107392,4,25.517038000089087,0.3003870001521136,0.1871049998953822,60.75543600036326,602112,12.536178000118525,0.46290899990708567,0.08590500010541291,44.29242500009423,802816,13.959406000140007,0.18968899985338794,0.03526999989844626,27.654533000259107,401408,23.335610999765777,0.14324500034490484,0.030450999929598765,2.3407339999721444,200704,0.4696840001088276,0.08897799989426858,0.018576999991637422,0.0,100352
1,chain_5svc,153,90.76697599994077,77.07170900084748,13.695266999093292,2107392,4,26.052720000279805,0.2973149998979352,0.08199399962904863,61.25529000019014,602112,12.270432000150322,0.36289599984229426,0.08290200003102655,45.131360000141285,802816,14.651116000095499,0.21692699965569773,0.033802999951149104,27.964489000169124,401408,23.652412000046752,0.18312400015929597,0.02912399986598757,2.367413000229135,200704,0.44502900027509895,0.08639399993626284,0.02856599985534558,0.0,100352
1,chain_5svc,154,89.97162200012099,76.74240699998336,13.229215000137629,2107392,4,26.45633399970393,0.3553530000317551,0.08604500044384622,60.260679999828426,602112,12.413956000273174,0.3422929999032931,0.0913529997887963,44.46521299996675,802816,13.934402999893791,0.1812390000850428,0.03443200012043235,28.096838999772444,401408,23.478227999930823,0.1750920000631595,0.0295429999823682,2.33032699998148,200704,0.45948600018164143,0.08248299991464592,0.01955600009750924,0.0,100352
1,chain_5svc,155,90.09796500004086,76.98741100057305,13.110553999467811,2107392,4,25.928752000254462,0.30359999982465524,0.11789199970735353,61.07649700015827,602112,13.133950999872468,0.40836200014382484,0.08730199988349341,44.20009500017841,802816,14.453255000262288,0.22328299974105903,0.039180999920063186,27.26104600014878,401408,23.048214000027656,0.20777800000360003,0.029053999696770916,2.1557939999183873,200704,0.42323900015617255,0.08220299969252665,0.01885699975900934,0.0,100352
1,chain_5svc,156,89.70398900009968,76.5440569994098,13.159932000689878,2107392,4,26.53867699973489,0.30394900022656657,0.15951800014590845,60.048081999866554,602112,12.281397000151628,0.327625999943848,0.10106099989570794,44.50243900009809,802816,14.035184000022127,0.23026799999570358,0.05622200023935875,27.78939600011654,401408,23.23008099983781,0.17306700010522036,0.03052100009881542,2.33151500015083,200704,0.4587179996633495,0.10175900024478324,0.02053300022453186,0.0,100352
1,chain_5svc,157,89.66012900009446,76.2207610000587,13.439368000035756,2107392,4,26.03547000035178,0.29242599975987105,0.17753699967215653,60.369492000063474,602112,12.24012100010441,0.3699489998325589,0.08981600012702984,44.64742899972407,802816,14.261958999668423,0.18521900028645177,0.036178000300424173,27.532939000138867,401408,23.25864599970373,0.15665499995520804,0.029613000151584856,2.1779340004286496,200704,0.42456500023035915,0.09253999996872153,0.01955600009750924,0.0,100352
1,chain_5svc,158,90.75985099980244,76.97895899900686,13.780892000795575,2107392,4,25.41395099979127,0.2982920000249578,0.16782900001999224,62.15722299975823,602112,12.669155999901704,0.3738610002983478,0.08534600010534632,45.96491699976468,802816,14.298695999968913,0.22684500027025933,0.14310500000647153,28.844838999702915,401408,24.00608799962356,0.17285800004174234,0.029124000320734922,2.7096360004179587,200704,0.5910679997214174,0.16335899999830872,0.028704000214929692,0.0,100352
1,chain_5svc,159,89.82746899982885,76.50655299948994,13.320916000338912,2107392,4,25.412415000118926,0.2793660000861564,0.08192399991457933,61.2394370000402,602112,12.56173999991006,0.35514399996827706,0.08401900004173513,45.14546900009009,802816,14.551520999702916,0.2469589999236632,0.03429200023674639,27.929567999763094,401408,23.417676000008214,0.13779699975202675,0.03010099999301019,2.497528000276361,200704,0.5632009997498244,0.14946000010240823,0.027307999971526442,0.0,100352
1,chain_5svc,160,89.965685000152,76.92895299987867,13.036732000273332,2107392,4,25.652598999840848,0.3209910000805394,0.15469900017706095,60.706197999934375,602112,12.822738000068057,0.40130899969881284,0.12333999984548427,44.376026000009006,802816,14.371679999840126,0.2086859999508306,0.041835000047285575,27.678348000335973,401408,23.612463000063144,0.16894600003070082,0.0295429999823682,2.0357369999146613,200704,0.4694730000665004,0.09107400001084898,0.023396999949909514,0.0,100352
1,chain_5svc,161,89.90792699978556,76.74380400021619,13.164122999569372,2107392,4,25.482953999926394,0.2845340000021679,0.16266099964923342,61.07230599991453,602112,13.165240000034828,0.41199400038749445,0.08681299959789612,44.25240699993083,802816,14.03078400016966,0.18808300001182943,0.03631699973993818,27.83982199980528,401408,23.603943000125582,0.16056499998740037,0.03429199978199904,2.1468539998750202,200704,0.46088299995972193,0.0885590002326353,0.02039399987552315,0.0,100352
1,chain_5svc,162,93.37024699971153,78.8643329997285,14.505913999983022,2107392,4,26.217266999992717,0.30248299981394666,0.19800100017164368,63.0657940000674,602112,13.298149000092963,0.394115000290185,0.1195679997181287,45.8525459998782,802816,13.962410999738495,0.19367000004422152,0.03666600014184951,29.46202999964953,401408,24.827844999890658,0.1758600001267041,0.03289500000391854,2.350930999909906,200704,0.5586610000136716,0.1082540002244059,0.027098999908048427,0.0,100352
1,chain_5svc,163,89.19806600033553,76.57661000030203,12.621456000033504,2107392,4,25.64785300000949,0.3037399997083412,0.08862799995768,60.446880999734276,602112,12.755202000334975,0.39460399966628756,0.08618499987278483,44.17879800030278,802816,13.971769999898243,0.18878099990615738,0.03869200008921325,27.78555700024299,401408,23.715061000075366,0.18095899986292352,0.03149900021526264,2.0696090000456024,200704,0.4867239999839512,0.11153700006616418,0.020883000161120435,0.0,100352
1,chain_5svc,164,90.47280999993745,76.64163199888208,13.831178001055378,2107392,4,26.29472299986446,0.311912000142911,0.170064000030834,61.209828999835736,602112,12.170279999736522,0.34774000005199923,0.08408900021095178,45.26706500018918,802816,14.359109999986686,0.22656500004814006,0.050565000037749996,27.885988999969413,401408,23.281695999685326,0.16747900008340366,0.029054000151518267,2.55109599993375,200704,0.5358229996090813,0.10832400039362255,0.018648000150278676,0.0,100352
1,chain_5svc,165,89.73577500000829,76.2971740005014,13.438600999506889,2107392,4,25.410740000097576,0.27154400004292256,0.16894700002012542,61.443308999969304,602112,11.995887000011862,0.4228200000397919,0.08618399988336023,45.92022199994972,802816,15.47224100022504,0.21615900004690047,0.05936599973210832,27.516667999861966,401408,22.818508000000293,0.15881899980740855,0.027937000140809687,2.5457189999542607,200704,0.5997980001666292,0.10566999981165281,0.027656999918690417,0.0,100352
1,chain_5svc,166,89.04036400008408,75.7875419994889,13.252822000595188,2107392,4,25.62284899977385,0.24584100037827739,0.17530200011606212,60.175896999680845,602112,11.937568999655923,0.4183500000181084,0.09470500026509399,44.74234700001034,802816,14.784513999984483,0.25296500007243594,0.052380999932211125,27.347652000116796,401408,23.000584000328672,0.16803900007289485,0.02856499986592098,2.092587999868556,200704,0.44202599974596524,0.08918799994717119,0.020602999939001165,0.0,100352
1,chain_5svc,167,90.59356599982493,76.82622299944342,13.767343000381516,2107392,4,26.451865999661095,0.28188000032969285,0.21483199998328928,61.0839049995775,602112,11.952725000355713,0.37253299979056465,0.08639399993626284,45.47058400021342,802816,14.734366999618942,0.2533150000090245,0.03680600002553547,28.100821999942127,401408,23.13914999967892,0.1743239999996149,0.028565000320668332,2.5924430001396104,200704,0.548115000128746,0.10776499993880861,0.026748999971459853,0.0,100352
1,chain_5svc,168,90.09692399968117,76.51961899955495,13.577305000126216,2107392,4,26.110970999980054,0.28111100027672364,0.08352999975613784,60.872286000176246,602112,12.261422999927163,0.39509299995188485,0.050985000143555226,45.0082340003064,802816,14.15719899978285,0.30143499998303014,0.036317000194685534,28.184701000100176,401408,23.51831799978754,0.1982100002351217,0.031429000046045985,2.249870000014198,200704,0.47170800007734215,0.10126999995918595,0.021023000044806395,0.0,100352
1,chain_5svc,169,90.60090000002674,76.34487600034845,14.256023999678291,2107392,4,25.6901759998982,0.27538399990589824,0.1660130001255311,61.840497000048344,602112,12.373450000268349,0.40186699970945483,0.08639299994683824,45.60146700032419,802816,14.935928999875614,0.2171370001633477,0.039880000258563086,27.816566999717907,401408,22.772343000269757,0.14994899993325816,0.03010099999301019,2.651876999607339,200704,0.5729780000365281,0.10993099976985832,0.027169000077265082,0.0,100352
1,chain_5svc,170,89.13891099973625,75.0878709995959,14.051040000140347,2107392,4,24.746269999923243,0.24353700018764357,0.16287000016745878,61.2406289997125,602112,12.460680999993201,0.38447699989774264,0.08590500010541291,45.00544000029549,802816,14.086797999880218,0.20714900028906413,0.041835000047285575,28.21068200000809,401408,23.199072999886994,0.12110500028938986,0.0295429999823682,2.7633439999590337,200704,0.595048999912251,0.10895200011873385,0.02912399986598757,0.0,100352
1,chain_5svc,171,90.36148399991362,75.84977099986645,14.511713000047166,2107392,4,25.29249899998831,0.267771999915567,0.08304100038003526,61.780293000083475,602112,12.355359999673965,0.3209910000805394,0.09058400019057444,45.845213000120566,802816,14.7282909997557,0.2445850000185601,0.04958699992130278,27.942002000145294,401408,22.926413000277535,0.15071799998622737,0.029611999707412906,2.645102999849769,200704,0.5472080001709401,0.10601899975881679,0.026260000140609918,0.0,100352
1,chain_5svc,172,90.99256999979843,77.08673099978114,13.905839000017295,2107392,4,26.16090699984852,0.24528299991288804,0.09295800009567756,61.75570899995364,602112,12.270711999917694,0.39020400026856805,0.08485799980917363,45.6102660000397,802816,15.146083000217914,0.22020999995220336,0.0372949998563854,27.643500000067434,401408,23.082856999735668,0.16398800016759196,0.031009999929665355,2.272498999900563,200704,0.42617200006134226,0.11055899994971696,0.019904999589925865,0.0,100352
1,chain_5svc,173,89.59218500012867,76.35270199989463,13.239483000234031,2107392,4,25.831675000063115,0.2595299997665279,0.1658040000620531,60.6311269998514,602112,11.90676899977916,0.409829000091122,0.08464800021101837,44.87609699981476,802816,14.479587000096217,0.24821599981805775,0.034361999951215694,27.830327000174293,401408,23.546047999843722,0.15106699993339134,0.02982200021506287,2.260416999888548,200704,0.5886230001124204,0.10462199998073629,0.03387400010979036,0.0,100352
1,chain_5svc,174,90.36260800030504,77.01556999973036,13.347038000574685,2107392,4,25.993149999976595,0.261905000115803,0.07668600028409855,61.39596100001654,602112,12.634308000087913,0.3773530002035841,0.08911699978852994,45.1079010003923,802816,14.224247000129253,0.21958100023766747,0.052240999593777815,28.338353999970423,401408,23.606529999597115,0.15162600038820528,0.029193000045779627,2.447801000016625,200704,0.557334999939485,0.10448200009705033,0.026678999802243197,0.0,100352
1,chain_5svc,175,91.01066600032937,77.02486000016506,13.985806000164303,2107392,4,25.690248000046267,0.37351199989643646,0.09973299984267214,61.92347299975154,602112,12.873515000137559,0.40787299985822756,0.08541599981981562,45.42602800029272,802816,14.970433000144112,0.2195110000684508,0.03526999989844626,27.49264400017637,401408,23.06518999967011,0.18158700004278217,0.029612000162160257,2.149088999885862,200704,0.4254740001670143,0.08618399988336023,0.01801899998099543,0.0,100352
1,chain_5svc,176,89.24360999981218,75.28531900015878,13.9582909996534,2107392,4,25.67614000008689,0.24200000007112976,0.17893399990498438,60.53188299983958,602112,12.159175999840954,0.3856650000670925,0.08583499993619625,44.45746800001871,802816,14.114387000063289,0.21168900002521696,0.061110999922675546,27.605020000009972,401408,22.91831299999103,0.18598799988467363,0.031428000056621386,2.272149999953399,200704,0.4173030001766165,0.08094600025287946,0.01801899998099543,0.0,100352
1,chain_5svc,177,90.18646799995622,76.69848899968201,13.487979000274208,2107392,4,26.164401000187354,0.3371249999872816,0.09442500004297472,60.88954099959665,602112,12.454047000119317,0.39774600008968264,0.08541599981981562,44.694650000110414,802816,14.406462999886571,0.27363900017007836,0.0372260001313407,27.633653999600938,401408,23.120782999740186,0.18654599989531562,0.030311000045912806,2.3738390000289655,200704,0.5527949997485848,0.10531999987506424,0.07473000005120412,0.0,100352
1,chain_5svc,178,90.77564999961396,77.78116900044552,12.994480999168445,2107392,4,25.32441799985463,0.25666700003057485,0.09673100021245773,62.45552400014276,602112,13.027375000092434,0.36094000006414717,0.04770199984704959,45.24520900031348,802816,15.6219130003592,0.2129459999196115,0.03289500000391854,27.3202759999549,401408,23.309493999931874,0.14813400002822164,0.029613000151584856,2.112492999913229,200704,0.49796900020737667,0.13479399967764039,0.02053400021395646,0.0,100352
1,chain_5svc,179,90.03728700008651,76.58890799984874,13.448379000237765,2107392,4,26.165728000250965,0.27189200000066194,0.16517499989276985,60.44032099998731,602112,12.584789999891655,0.3537469997354492,0.09819700017033028,44.349702000090474,802816,14.339275999645906,0.2438159999655909,0.054756000281486195,27.234231999955227,401408,23.072452999713278,0.17956200008484302,0.02982300020448747,1.8868350002776424,200704,0.42666100034693955,0.09023499978866312,0.01913599999170401,0.0,100352
1,chain_5svc,180,90.52610699973229,76.76309299858985,13.763014001142437,2107392,4,26.354369999808114,0.27636200002234546,0.1716699998723925,61.039142000026914,602112,12.071734999608452,0.3568199999790522,0.04861000024902751,45.23340600007941,802816,14.641688999745384,0.24765700027273851,0.0555240003450308,27.71201599989581,401408,23.233017999700678,0.15441999994436628,0.029613000151584856,2.147552999758773,200704,0.462280999727227,0.08981600012702984,0.019904000055248616,0.0,100352
1,chain_5svc,181,90.12954699983311,76.19514399993932,13.934402999893791,2107392,4,25.674255000012636,0.29626700006701867,0.1040629999806697,61.096480999822234,602112,11.984712999947078,0.362128000233497,0.08478700010527973,45.53540000006251,802816,14.435587000207306,0.24311800007126294,0.05713099972126656,28.104245999656996,401408,23.53082199988421,0.18165700021199882,0.03575900018404354,2.4734329999773763,200704,0.5697669998880883,0.10504100009711692,0.028635000035137637,0.0,100352
1,chain_5svc,182,88.34104899960948,75.14744899935977,13.193600000249717,2107392,4,25.46892000009393,0.34257300012541236,0.0886289999471046,59.58790700015015,602112,11.845448999793007,0.3672259999802918,0.04861000024902751,44.17349200002718,802816,14.297090999662032,0.21301700007825275,0.05063500020696665,27.35065700017003,401408,22.95414099990012,0.15909900002952782,0.038622999909421196,2.2938709998925333,200704,0.5818479999106785,0.11454000014055055,0.02912399986598757,0.0,100352
1,chain_5svc,183,91.00130800015904,77.05300499992518,13.948303000233864,2107392,4,26.73116400001163,0.29473099993992946,0.17348599976685364,61.01378900029886,602112,12.138782999954856,0.3610800004025805,0.0843679999888991,45.28208600004291,802816,14.515974999994796,0.25666700003057485,0.041415999930904945,27.89004299984299,401408,23.086911000063992,0.16761899996708962,0.028635000035137637,2.4039410000114003,200704,0.5801719998999033,0.11202599989701412,0.01885700021375669,0.0,100352
1,chain_5svc,184,90.74659999987489,77.758055000686,12.988544999188889,2107392,4,26.986225000200648,0.3141459997095808,0.16964499991445336,60.443397000199184,602112,12.465850000353385,0.4421659996296512,0.08813999966150732,44.56027800006268,802816,14.46848300020065,0.2081279999401886,0.038203999793040566,27.391517000069143,401408,23.397636000026978,0.13674999991053483,0.050145999921369366,2.1408479997262475,200704,0.43986099990434013,0.10287700024491642,0.020324000161053846,0.0,100352
1,chain_5svc,185,88.68970399998943,75.9488879998571,12.740816000132327,2107392,4,25.580041000011988,0.28229800000190153,0.08555499971407698,60.05801400033306,602112,12.630117999833601,0.34306100042158505,0.08367000009457115,44.09115299995392,802816,13.873853999939456,0.23292100013350137,0.034641000183910364,27.508570999998483,401408,23.440379000021494,0.16587400023126975,0.028005999865854392,1.9864290002260532,200704,0.4244960000505671,0.10497199991732487,0.019485999928292586,0.0,100352
1,chain_5svc,186,90.96024800010127,76.79089399971417,14.169354000387102,2107392,4,26.51996499980669,0.30087699997238815,0.17202000026372843,61.135876000207645,602112,12.293272999613691,0.35486400020090514,0.0991750002867775,45.027517000107764,802816,14.25868000023911,0.19443900009719073,0.0590859999647364,27.939772000081575,401408,23.103674000140018,0.2065210001092055,0.03534000006766291,2.55731300012485,200704,0.6153019999146636,0.10532099986448884,0.027588000193645712,0.0,100352
1,chain_5svc,187,90.91436300013811,77.11810300042998,13.796259999708127,2107392,4,26.148268999804714,0.31282000009014155,0.18640700000105426,61.350777999905404,602112,12.38532400020631,0.33174700001836754,0.08590500010541291,45.320292000269546,802816,14.945361000172852,0.21706699999413104,0.033383999834768474,27.644133000194415,401408,23.20822700039571,0.1735549999466457,0.030031999813218135,2.228220000233705,200704,0.4309219998503977,0.0885580002432107,0.029613000151584856,0.0,100352
1,chain_5svc,188,91.3602290002018,77.50683999984176,13.853389000360039,2107392,4,26.234454000132246,0.3071619998991082,0.20994399983464973,61.68762300012531,602112,12.603858000147738,0.3466920002210827,0.0998729997263581,45.362895999915054,802816,14.849887999844213,0.1953460000549967,0.03471100035312702,27.886132999810798,401408,23.365927999748237,0.1785849999578204,0.02996200009874883,2.3326319997067912,200704,0.4527119999693241,0.08401900004173513,0.0196949999917706,0.0,100352
1,chain_5svc,189,89.50112100001206,75.83155300017097,13.669567999841092,2107392,4,25.92358999982025,0.32029300018621143,0.10448300008647493,60.33800900013375,602112,12.24696799999947,0.3287439999439812,0.10106099989570794,44.503497000278,802816,14.160062999962975,0.21420400025817798,0.03680700001496007,27.90883199986638,401408,23.020982000161894,0.1748829999996815,0.0295429999823682,2.380962999723124,200704,0.47995000022638123,0.08869899966157391,0.020881999716948485,0.0,100352
1,chain_5svc,190,89.4032729997889,75.83595499954754,13.567318000241357,2107392,4,25.938954999674024,0.2959180001198547,0.09023500024341047,60.228775999803474,602112,12.035767999805103,0.3579369999897608,0.08716199999980745,44.60546499967677,802816,14.315530999738257,0.23557500026072375,0.03610800013120752,27.712717999747838,401408,23.126163000142697,0.15861000019867788,0.0309389997710241,2.3334020002039324,200704,0.41953800018745824,0.08862799995768,0.019624999822553946,0.0,100352
1,chain_5svc,191,89.50810500027728,75.94022600005701,13.567879000220273,2107392,4,25.715042999763682,0.3040200003852078,0.10364499985371367,60.44172300016726,602112,12.135012000271672,0.40500999966752715,0.08402000003115973,44.66371300031824,802816,14.092177999827982,0.1926919999277743,0.03575900018404354,27.965123999820207,401408,23.56274100020528,0.1709019998088479,0.03191799987689592,2.087699000185239,200704,0.43525199998839526,0.09442500004297472,0.019486000383039936,0.0,100352
1,chain_5svc,192,89.6393379998699,75.8745760003876,13.764761999482289,2107392,4,25.25409000008949,0.3334230000291427,0.0928889999158855,60.948282000026666,602112,12.253253999915614,0.3515809999043995,0.09680000039224979,45.10420300039186,802816,14.260217000355624,0.2512889996069134,0.03478099961284897,27.93551100012337,401408,23.688106000008702,0.1777470001798065,0.031009999929665355,2.083647999825189,200704,0.418909000018175,0.08555500016882434,0.020323999706306495,0.0,100352
1,chain_5svc,193,89.38728000021001,75.57984599907286,13.807434001137153,2107392,4,25.561182999808807,0.3576580002118135,0.11642600020422833,60.21662400007699,602112,11.972141999649466,0.32322600009138114,0.08946700017986586,44.84788500030845,802816,14.455982000072254,0.22251499967751442,0.034919999961857684,27.703776999715046,401408,23.16674099984084,0.15637500018783612,0.03149800022583804,2.3432490002051054,200704,0.4237979997014918,0.09163200002149097,0.01857799998106202,0.0,100352
1,chain_5svc,194,90.63324999988254,76.00524899953598,14.628001000346558,2107392,4,25.34306799998376,0.27566399967327015,0.17264799998883973,62.00232900027913,602112,12.790962999588373,0.3503940001792216,0.09002600017993245,45.301644999653945,802816,14.369866999913938,0.3168009998262278,0.03701600007843808,27.800019000096654,401408,23.079438999957347,0.21147999996173894,0.028076000035071047,2.31077299986282,200704,0.42191200009256136,0.08380999997825711,0.017739000213623513,0.0,100352
1,chain_5svc,195,90.69666999994297,77.91492500018649,12.781744999756484,2107392,4,26.03540600011911,0.2920069996434904,0.15895900014584186,61.41063499990196,602112,13.431686999865633,0.3425029999561957,0.10643900031936937,44.57536700010678,802816,14.305964000413951,0.208126999950764,0.05685099995389464,27.964288000021043,401408,23.71318199993766,0.17306700010522036,0.029054000151518267,2.137565999873914,200704,0.42868599985013134,0.08464800021101837,0.0196959999811952,0.0,100352
1,chain_5svc,196,89.44770000016433,76.32400900092762,13.123690999236715,2107392,4,25.763444999938656,0.2996899997924629,0.09149200013780501,60.441447000357584,602112,12.622157000350853,0.34550600003058207,0.09617199975764379,44.50859799999307,802816,14.235423000172887,0.27531500018085353,0.034361999951215694,27.603626999734843,401408,23.25055200026327,0.1714609998089145,0.029472999813151546,2.122899000369216,200704,0.4524320002019522,0.09065499989446835,0.019625999811978545,0.0,100352
1,chain_5svc,197,88.76667599997745,76.04541399996378,12.721262000013667,2107392,4,25.908157000230858,0.26365199983047205,0.17418400011592894,59.75448800018057,602112,12.305285999900661,0.34760100015773787,0.08681300005264347,44.26576000014393,802816,14.149588999771368,0.23725100027149892,0.03610800013120752,27.562280999973154,401408,23.261378000370314,0.19778999967456912,0.028635000035137637,2.275572999678843,200704,0.42100399969058344,0.08339100031662383,0.018229000033898046,0.0,100352
1,chain_5svc,198,90.35801199979687,76.68620799995551,13.671803999841359,2107392,4,25.933719000022393,0.261905000115803,0.09170199973596027,61.319633000039175,602112,12.24159100001998,0.4211439995742694,0.0899560000107158,45.29682899965337,802816,14.65307499984192,0.245422999796574,0.0372250001419161,28.00284000022657,401408,23.386882000068,0.23739099970043753,0.02982300020448747,2.1869439997317386,200704,0.47094100000322214,0.08443800015811576,0.019484999938867986,0.0,100352
1,chain_5svc,199,89.15429599983327,75.98430200005168,13.169993999781582,2107392,4,24.943786999756412,0.2524770002310106,0.08918799994717119,61.31579299972145,602112,12.1939589998874,0.3868520002470177,0.0484699999105942,45.415767999656964,802816,15.031197000098473,0.24339699984921026,0.03568900001482689,27.645951000067726,401408,23.373403000277904,0.1376569998683408,0.02884500008804025,2.039369000158331,200704,0.44195600003149593,0.0870919998305908,0.019346000044606626,0.0,100352
1,chain_5svc,200,90.0464500000453,76.85068499995396,13.195765000091342,2107392,4,25.58060100000148,0.3023429999302607,0.1883620002445241,61.33395100005146,602112,12.428277999788406,0.3286040000602952,0.08974599995781318,44.972765000238724,802816,14.363443000092957,0.29836200019417447,0.03624800001489348,27.96959599982074,401408,24.02271800019662,0.12012800016236724,0.02898399998230161,2.052987999832112,200704,0.4556449998744938,0.08464800021101837,0.019485999928292586,0.0,100352
2,chain_5svc,1,100.16479900014019,86.1138159998518,14.050983000288397,2107392,4,30.155514999933075,0.318127999889839,0.19604499993874924,66.602347999833,602112,14.501600999665243,0.37456000018210034,0.09477399999013869,48.54504900004031,802816,16.405757000029553,0.27182300027561723,0.03869300007863785,29.410655999981827,401408,24.43277600013971,0.13521299979402102,0.031987000056687975,2.6506920003157575,200704,0.6181670000842132,0.1095810002880171,0.02856499986592098,0.0,100352
2,chain_5svc,2,98.0452509998031,84.16146699983074,13.883783999972366,2107392,4,29.198477000136336,0.302274000205216,0.1651059997129778,65.41497399985019,602112,13.492042000052606,0.3901340000993514,0.11104800023531425,48.44189400000687,802816,16.4338339995993,0.2476580002621631,0.03485100023681298,29.249880000406847,401408,24.473354000292602,0.1440129999537021,0.0309399997604487,2.715715999784152,200704,0.563759999749891,0.13151100029062945,0.026470000193512533,0.0,100352
2,chain_5svc,3,96.63745699981519,82.5175379995926,14.11991900022258,2107392,4,28.143311999883736,0.27133499997944455,0.09212100030708825,65.24358199976632,602112,13.760930999978882,0.40305499987880467,0.08869900011632126,47.77867899974808,802816,15.696866999860504,0.22467999997388688,0.0365269997928408,29.04070500017042,401408,24.283384999762347,0.16112499997689156,0.031428000056621386,2.6367939999545342,200704,0.6330430001071363,0.11530900019351975,0.028635000035137637,0.0,100352
2,chain_5svc,4,98.81280899980993,84.80407999923045,14.008729000579478,2107392,4,30.00877800013768,0.30436899987762445,0.10441299991725828,65.83576900038679,602112,13.732366999647638,0.3795180000452092,0.09351800008516875,48.253950999878725,802816,16.060531999755767,0.22041900001568138,0.03764500024772133,28.894526999920345,401408,24.553461999857973,0.13025499993091216,0.031008999940240756,2.237511000203085,200704,0.44894099983139313,0.08688300022186013,0.020741999833262525,0.0,100352
2,chain_5svc,5,98.73905899985402,85.19526399959432,13.543795000259706,2107392,4,29.992784999649302,0.2841150003405346,0.17474300011599553,65.36853199986581,602112,13.819109999985812,0.4040329999952519,0.09198099996865494,48.01488600014636,802816,16.143364000072324,0.2256580000903341,0.04106699998374097,29.041335999863804,401408,24.654593999912322,0.12655299997277325,0.031009999929665355,2.523791000385245,200704,0.585410999974556,0.08387900015804917,0.03485099978206563,0.0,100352
2,chain_5svc,6,99.28745700017316,85.40618700044433,13.88126999972883,2107392,4,29.192192999744293,0.2864900002350623,0.0928200001908408,66.85287400023299,602112,13.62774500012165,0.42233099975419464,0.08583499993619625,49.35647100001006,802816,16.800224000235175,0.21958099978292012,0.03666599968710216,29.832639999767707,401408,25.320183000076213,0.14596799974242458,0.03387300012036576,2.2389079999811656,200704,0.46584200026700273,0.09833700005401624,0.019066999811911955,0.0,100352
2,chain_5svc,7,97.94056500004444,84.52506799994808,13.415497000096366,2107392,4,28.4511059999204,0.258482999925036,0.10776600038298056,66.48914000015793,602112,14.544413999828976,0.481836000290059,0.0872320001690241,48.183203999997204,802816,16.320482000082848,0.21064200018372503,0.03897199985658517,29.202181000073324,401408,24.638670000058482,0.1299049999943236,0.03191799987689592,2.5828070001807646,200704,0.5703960000573716,0.11013999983333633,0.02912299987656297,0.0,100352
2,chain_5svc,8,97.17510199971002,83.57033599986607,13.604765999843949,2107392,4,28.77300499994817,0.2490550000402436,0.16273099981845007,65.35149299998011,602112,13.819669999975304,0.3775630002564867,0.1089519996639865,47.82645400018737,802816,15.290460999949573,0.20058400014022482,0.053778000165038975,29.979237000134162,401408,25.20634099982999,0.19199400003344635,0.03869200008921325,2.541181000196957,200704,0.4808590001630364,0.11928899994018138,0.020602999939001165,0.0,100352
2,chain_5svc,9,96.95279700008541,83.94259100032286,13.010205999762547,2107392,4,28.7966820001202,0.2514990001145634,0.21636899964505574,64.97001800016733,602112,14.125435000096331,0.39907400014271843,0.08611499970356817,47.32834400010688,802816,15.560886999992363,0.19702200006577186,0.03575899972929619,29.18367300026148,401408,24.914334999721177,0.13025399994148756,0.03052000010939082,2.3083300002326723,200704,0.545252000392793,0.11132700001326157,0.019625999811978545,0.0,100352
2,chain_5svc,10,97.42548399981388,83.6930460000076,13.73243799980628,2107392,4,28.829647000293335,0.24430499979644082,0.14631799967901316,65.49739100000807,602112,13.713160999941465,0.4383949999464676,0.09149200013780501,47.827221999796166,802816,15.44467000030636,0.19779099966399372,0.03631799972936278,29.75225299996964,401408,25.264518999847496,0.17013400020005065,0.031009999929665355,2.2142540001368616,200704,0.4410489996189426,0.0872320001690241,0.019066000277234707,0.0,100352
2,chain_5svc,11,98.41695299974162,85.24883500012947,13.16811799961215,2107392,4,29.304290000254696,0.27768900008595665,0.10203800002273056,65.8140519999506,602112,14.761899999939487,0.4207949996271054,0.10259800001222175,47.40377300004184,802816,16.33158699996784,0.23012800011201762,0.03764399980354938,28.58177899997827,401408,24.399812999945425,0.12550500014185673,0.03485100023681298,2.1434350001072744,200704,0.45124500002202694,0.08597500027462956,0.02095299987558974,0.0,100352
2,chain_5svc,12,96.75291100029426,82.86326099914731,13.889650001146947,2107392,4,28.426312999727088,0.27000699992640875,0.1729270002215344,65.16047600007369,602112,13.57808800003113,0.38217199971768423,0.09044500029631308,47.880511000130355,802816,15.930627999750868,0.22384100020644837,0.03855200020552729,29.034073000275384,401408,24.34833899997102,0.13004499987800955,0.031009999929665355,2.617028999793547,200704,0.5798929996672086,0.16147399992405553,0.026748999971459853,0.0,100352
2,chain_5svc,13,98.58184899985645,84.94202200017753,13.639826999678917,2107392,4,28.798986000310833,0.25380399983987445,0.1608449997547723,66.52475800001412,602112,13.625230999878113,0.38524499996128725,0.09149200013780501,49.41143599990028,802816,16.050615000040125,0.2679819999684696,0.04658399984691641,30.513175999658415,401408,25.99324599987085,0.1658030000726285,0.03289500000391854,2.385294999839971,200704,0.4739440000776085,0.1237589999618649,0.020602999939001165,0.0,100352
2,chain_5svc,14,100.26649500014173,85.58609799956685,14.680397000574885,2107392,4,29.46087299960709,0.3038110003217298,0.10113100006492459,67.28372599991417,602112,14.544064999881812,0.5114489999868965,0.10217799990641652,48.66671600029804,802816,16.007243000331073,0.2533150000090245,0.03806399990935461,29.75525599958928,401408,25.130773000000772,0.15993700026228908,0.03052000010939082,2.494318000117346,200704,0.4431439997460984,0.09114300019064103,0.019346000044606626,0.0,100352
2,chain_5svc,15,99.35003700002198,85.38174499972229,13.968292000299698,2107392,4,28.241651999906026,0.3191050000168616,0.14722600008099107,67.48584900014976,602112,14.617956999700255,0.42512500021985034,0.0906550003492157,49.13088500006779,802816,16.493200000240904,0.19373999975869083,0.03848300002573524,30.130166000162717,401408,25.581600999885268,0.18591800017020432,0.030031999813218135,2.400101999683102,200704,0.4473349999898346,0.13618999992104364,0.01941600021382328,0.0,100352
2,chain_5svc,16,99.66139500011195,85.82384600003934,13.837549000072613,2107392,4,28.9011660001961,0.28865500007668743,0.16363899976568064,67.58795999985523,602112,13.800463999814383,0.4163940002399613,0.05077500009065261,50.10552400017332,802816,15.788222000082897,0.21203799997238093,0.03806399990935461,31.8196309999621,401408,26.68628399987938,0.17243900038010906,0.03722499968716875,2.7419759999247617,200704,0.6477100000665814,0.11195499973837286,0.030311000045912806,0.0,100352
2,chain_5svc,17,99.19555200031027,84.74989299975277,14.445659000557498,2107392,4,29.960801000015636,0.2957779997814214,0.15469900017706095,66.0957260001851,602112,13.631656999677944,0.39558200023748213,0.09589199999027187,48.729366999850754,802816,15.535045999968133,0.2312460001121508,0.053358999593910994,30.308681000406068,401408,25.01483800006099,0.15211499976430787,0.055593000070075504,2.662286999566277,200704,0.607551000030071,0.10944099994958378,0.02758799973889836,0.0,100352
2,chain_5svc,18,97.59569400011969,83.31458099974043,14.281113000379264,2107392,4,28.462211999794818,0.3392200001144374,0.17495300016889814,65.67116100040948,602112,13.622996999856696,0.39488399988840683,0.09198099996865494,48.408586000277865,802816,15.727110000170796,0.1924829998642963,0.03778400014198269,29.89591899995503,401408,24.99060299987832,0.15253400033543585,0.031008999940240756,2.4512960003448825,200704,0.5116590000397991,0.09735899993756902,0.02234900011899299,0.0,100352
2,chain_5svc,19,99.44614400001228,85.5184289994213,13.927715000590979,2107392,4,28.80520400003661,0.34585499997774605,0.18186699981015408,67.26124199985861,602112,14.357239999753801,0.38168400033100625,0.09442500004297472,49.298085999907926,802816,15.632614999958605,0.25380399983987445,0.05035599997427198,30.961699000272347,401408,26.291888999821822,0.14541000018652994,0.06048300019756425,2.3790800000824674,200704,0.4314809998504643,0.08751099994697142,0.019066000277234707,0.0,100352
2,chain_5svc,20,97.96466699981465,83.52417500009324,14.440491999721417,2107392,4,28.67474000004222,0.2795059999698424,0.08827900001051603,66.06716199985385,602112,13.680267000381718,0.39914399985718774,0.08590499965066556,48.57466800012844,802816,15.589592999731394,0.25911200009431923,0.0709590003680205,30.07142999967982,401408,24.973631000193564,0.14973999986978015,0.03038100021512946,2.7652329999909853,200704,0.6059439997443405,0.11963900033151731,0.030730000162293436,0.0,100352
2,chain_5svc,21,97.43058899994139,83.30815500039535,14.122433999546047,2107392,4,28.237811999588303,0.2823690001605428,0.08681300005264347,65.89325599998119,602112,13.547288000154367,0.4140900000493275,0.09442599957765196,48.64709399998901,802816,16.286401000343176,0.36631900002248585,0.04860899980485556,29.45591699972283,401408,24.80992300024809,0.20163199997114134,0.031009999929665355,2.3243239998009813,200704,0.42673100006140885,0.10043200018117204,0.01885699975900934,0.0,100352
2,chain_5svc,22,98.78174100003889,84.2617009998321,14.52004000020679,2107392,4,28.364784000132204,0.286698999843793,0.17872399985208176,67.33129200028998,602112,13.979676999952062,0.4678679997596191,0.09037500012709643,49.49538799974107,802816,15.966456999649381,0.2694480003810895,0.03848300002573524,30.77899400022943,401408,25.26012099997388,0.1644769999984419,0.031008999940240756,3.0774239999118436,200704,0.6906620001245756,0.18228599992653471,0.04190500021650223,0.0,100352
2,chain_5svc,23,98.94181799973012,84.51124399925902,14.430574000471097,2107392,4,28.995661999942968,0.31722000039735576,0.15637499973308877,66.52671899973939,602112,14.389017999747011,0.3964900001847127,0.09463500009587733,48.50119499997163,802816,15.747922999707953,0.24856600020939368,0.03876200025842991,30.18191899991507,401408,24.800493999919127,0.15930900008243043,0.03191799987689592,2.8241800000614603,200704,0.5781469999419642,0.11474999973870581,0.028146000204287702,0.0,100352
2,chain_5svc,24,98.74109400016096,83.73893800035148,15.002155999809474,2107392,4,28.749820000030013,0.28334699982224265,0.1019679998535139,66.67597000023306,602112,14.058179000130622,0.40766499978417414,0.09065399990504375,48.41116999978112,802816,15.887605999978405,0.2561780001997249,0.039461000142182456,29.667117999906623,401408,24.45198600025833,0.20184200002404395,0.03219600012016599,2.849601999969309,200704,0.5913469999541121,0.11446999997133389,0.028635000035137637,0.0,100352
2,chain_5svc,25,98.64946300012889,85.01955199972144,13.629911000407446,2107392,4,28.86652500001219,0.37728400002379203,0.12578399991980405,66.20028099996489,602112,14.267353999912302,0.43755700016845367,0.09302899979957147,48.424929000248085,802816,16.19916900017415,0.2576450001470221,0.05398699977376964,29.684160000215343,401408,25.20327100000941,0.15895900014584186,0.03666699967652676,2.281511000091996,200704,0.48323299961339217,0.09638100027586916,0.02095300033033709,0.0,100352
2,chain_5svc,26,98.07146000002831,84.13515199981703,13.936308000211284,2107392,4,29.328039000120043,0.28390499983288464,0.08835000016915728,65.45395800003462,602112,13.756184999692778,0.4513160001806682,0.08820900029604672,48.176016000070376,802816,15.926648000004207,0.31344899980467744,0.05552399989028345,29.461016999903222,401408,24.60766300009709,0.18850200012821006,0.031009999929665355,2.530636000301456,200704,0.516616999902908,0.11007000011886703,0.018787000044540036,0.0,100352
2,chain_5svc,27,97.80571300007068,84.09296799982258,13.712745000248105,2107392,4,29.075910999836196,0.2955690001726907,0.163639000220428,65.46548099959182,602112,14.402498999970703,0.38671200036333175,0.09016499961944646,47.665404999861494,802816,15.645814999970753,0.27238199982093647,0.03666700013127411,29.00390500008143,401408,24.40414500006227,0.1428959999429935,0.03079999987676274,2.4351629999728175,200704,0.5645979999826523,0.10930200005532242,0.019625999811978545,0.0,100352
2,chain_5svc,28,98.41885100013315,84.54938299973946,13.869468000393681,2107392,4,28.61761199983448,0.29130799975973787,0.09442500004297472,66.5258150002046,602112,14.304580000043643,0.38601400001425645,0.0920510001378716,48.760729000150604,802816,16.15551900022183,0.2575749999778054,0.05328899987944169,29.862395999771252,401408,24.805453999761085,0.1503690000390634,0.03289599999334314,2.7880020002157835,200704,0.6662179998784268,0.11747300004572026,0.034362000405963045,0.0,100352
2,chain_5svc,29,99.49091799990128,85.1447819995883,14.346136000312981,2107392,4,29.075142999772652,0.2982230002999131,0.08611500015831552,67.00178499977483,602112,13.702616000045964,0.43210900003032293,0.08667399970363476,49.53094099982991,802816,16.570028999922215,0.30918799984647194,0.0386219999199966,30.31538699997327,401408,25.20375999984026,0.16273099981845007,0.031429000046045985,2.791703000184498,200704,0.5932340000072145,0.1160060000984231,0.028076000035071047,0.0,100352
2,chain_5svc,30,99.4574639998973,85.45466999930795,14.002794000589347,2107392,4,29.566128999704233,0.28502300028776517,0.08576500022172695,66.54760499986878,602112,13.653728000008414,0.39215900005729054,0.09016500007419381,49.247105000176816,802816,16.077435999704903,0.35353700013729394,0.03708600024765474,30.640709000181232,401408,25.546543000018573,0.16147299993463093,0.0309399997604487,2.6042489998872043,200704,0.6108339998718293,0.11754299976018956,0.03052100009881542,0.0,100352
2,chain_5svc,31,98.88525199994547,84.73634800020591,14.14890399973956,2107392,4,28.448175999983505,0.3369159999238036,0.0877900001796661,66.93962500003181,602112,13.614267000320979,0.39237000009961776,0.0927489995774522,49.900333000096,802816,17.093630000090343,0.25429300012547174,0.037923999570921296,30.13463800016325,401408,24.903441999867937,0.15148600004977197,0.031987000056687975,2.7695629996742355,200704,0.6768329999431444,0.10916299970631371,0.029543000437115552,0.0,100352
2,chain_5svc,32,98.78076999984842,84.18920999974944,14.59156000009898,2107392,4,28.525839999929303,0.3049280003324384,0.17851499978860375,66.88878099976137,602112,14.480300999821338,0.4417469999680179,0.09589299997969647,48.525222999614925,802816,15.915893000055803,0.2903310000874626,0.039042000025801826,29.98042799981704,401408,24.67170799991436,0.13158100000509876,0.032685999940440524,2.895207999699778,200704,0.5954680000286316,0.1757209997776954,0.028635000035137637,0.0,100352
2,chain_5svc,33,100.37043100010123,86.80337699979646,13.567054000304779,2107392,4,28.675020999799017,0.34180400007244316,0.18075000025419286,68.05436499962525,602112,14.485959000012372,0.3978170002483239,0.09819699971558293,50.02199599994128,802816,16.298973000175465,0.22775299976274255,0.03855300019495189,31.228075999933935,401408,26.831696000044758,0.1582600002620893,0.031987000056687975,2.432578000025387,200704,0.5117279997648438,0.10867399987546378,0.020043999938934576,0.0,100352
2,chain_5svc,34,98.31995600006849,84.2281099999127,14.091846000155783,2107392,4,28.998038000281667,0.308699000015622,0.22139699967738125,65.8792919998632,602112,14.23341099962272,0.4172330000073998,0.09372800013807137,48.08843499995419,802816,15.325662000122975,0.23243300029207603,0.03785399985645199,30.323140999826137,401408,24.652990000049613,0.1343750000160071,0.03429300022617099,3.4424159998707182,200704,1.018008999835729,0.25988000015786383,0.03603799996199086,0.0,100352
2,chain_5svc,35,97.80459600005997,83.9573389994257,13.847257000634272,2107392,4,28.68633599973691,0.302483000268694,0.1756510000632261,65.93237299966859,602112,13.829589000124543,0.4020770002171048,0.0681649999023648,48.607148000428424,802816,16.051594999680674,0.3235060003135004,0.04036800009998842,29.80820000038875,401408,24.963296999885642,0.1503690000390634,0.031008999940240756,2.3874609996710205,200704,0.42652199999793083,0.09156199985227431,0.025772000299184583,0.0,100352
2,chain_5svc,36,98.62474999999904,84.81716199912626,13.807588000872784,2107392,4,29.33153300000413,0.3139370001008501,0.19702300005519646,65.678711000146,602112,14.576682999631885,0.38496600018333993,0.09002600017993245,47.42159099987475,802816,15.610477999871364,0.23382900008073193,0.04539700012173853,29.266649999954097,401408,24.700903999928414,0.15302299971153843,0.031008999940240756,2.4588389997006743,200704,0.5975639996904647,0.10546000021349755,0.027238000257057138,0.0,100352
2,chain_5svc,37,98.93449699984558,83.90998999993826,15.024506999907317,2107392,4,29.07046599966634,0.5525159999706375,0.16412700006185332,65.72410900025716,602112,14.064814999983355,0.38189400038390886,0.10727699964263593,47.8026470000259,802816,15.521918000104051,0.22076899995226995,0.05859699967913912,29.598607000025368,401408,24.604662000001554,0.12641299963433994,0.03191700034221867,2.7793409999503638,200704,0.648129000182962,0.11488899963296717,0.0295429999823682,0.0,100352
2,chain_5svc,38,99.49658100003944,85.04924299995764,14.4473380000818,2107392,4,28.404246999798488,0.2914490000875958,0.16978499979813932,67.62086299977454,602112,14.52255599997443,0.4268709999450948,0.052242000037949765,49.37401000006503,802816,16.55836600002658,0.2599500003270805,0.03596799979277421,30.11878600000273,401408,24.960154999916995,0.16105500026242225,0.03247599988753791,3.030701000170666,200704,0.6039190002411488,0.1152390000243031,0.019624999822553946,0.0,100352
2,chain_5svc,39,98.82386800018139,84.68411500052753,14.139752999653865,2107392,4,29.237457000363065,0.29165799969632644,0.17201899981955648,66.42336100003376,602112,14.27685399994516,0.42421700027261977,0.11153699961141683,48.42060400005721,802816,16.13456799987034,0.24996199999804958,0.03813300008914666,29.186192999986815,401408,24.456529000417504,0.13109199971950147,0.031986999601940624,2.722769999763841,200704,0.5787069999314554,0.14855300014460227,0.03484999979264103,0.0,100352
2,chain_5svc,40,97.48130600019067,84.28552699979264,13.195779000398034,2107392,4,29.03149299982033,0.2832079999279813,0.08758200010561268,65.08729400002267,602112,13.672237000264431,0.4108769999220385,0.08632399976704619,47.85865999974703,802816,16.567026000302576,0.25757599996723,0.03666599968710216,28.726356999868585,401408,24.57483999978649,0.12962600021637627,0.032406000173068605,2.1997270000611024,200704,0.43993099961880944,0.09009600034914911,0.02011500009757583,0.0,100352
2,chain_5svc,41,99.30046599993148,85.21826100059116,14.08220499934032,2107392,4,28.652884000166523,0.29850200007786043,0.16573299990341184,67.23526800033142,602112,14.29389600025388,0.45767099982185755,0.09533299999020528,49.298022000130004,802816,16.526727999917057,0.26197500028501963,0.03715499997269944,29.97707700023966,401408,25.1872789999652,0.13716900002691546,0.0351999997292296,2.5817589998951007,200704,0.5574740002884937,0.11055899994971696,0.05971500013401965,0.0,100352
2,chain_5svc,42,98.26562499983993,83.45015299892111,14.815472000918817,2107392,4,28.42610799962131,0.30646400000478025,0.08499700015818235,66.54425699980493,602112,13.635219999741821,0.3847570001198619,0.08653400027469615,48.99714499970287,802816,16.109493999920232,0.25359499977639643,0.0372260001313407,30.080022999754874,401408,24.65403999985938,0.14520000013362733,0.031987000056687975,2.9512210003304062,200704,0.6252909997783718,0.11831099982373416,0.034362000405963045,0.0,100352
2,chain_5svc,43,97.82422699981907,83.83106900009807,13.993157999721006,2107392,4,28.29201299982742,0.2700770000956254,0.09889500006465823,66.0664709998855,602112,14.298155000233237,0.3741410000657197,0.08800099976724596,48.125802999948064,802816,16.27089800012982,0.27957500014963443,0.04190499976175488,29.249608000100125,401408,24.533423999855586,0.14541000018652994,0.03149799977109069,2.2328320001179236,200704,0.43657900005200645,0.11544800008778111,0.018507999811845366,0.0,100352
2,chain_5svc,44,97.4817940000321,83.51720200016644,13.964591999865661,2107392,4,28.698070000245934,0.28006499996990897,0.15609599995514145,65.40444399979606,602112,14.117825999619527,0.3889470003741735,0.08890800017979927,47.577408000051946,802816,15.435664000051474,0.2382989996476681,0.05140300027051126,29.486091999842756,401408,24.809018000269134,0.1286479996451817,0.03149799977109069,2.5165279998873302,200704,0.4566239999803656,0.08702200011612149,0.03052100009881542,0.0,100352
2,chain_5svc,45,98.95600800018656,84.80500700079574,14.151000999390817,2107392,4,29.424841000036395,0.270636000095692,0.10168900007556658,66.42482799998106,602112,14.069495000057941,0.3893660000358068,0.08632400022179354,48.46544200017888,802816,15.979379000327754,0.3195249996679195,0.052801000038016355,29.75756600017121,401408,24.884796000151255,0.17208999997819774,0.03149799977109069,2.2437969996644824,200704,0.4464960002223961,0.09198199995807954,0.01927599987538997,0.0,100352
2,chain_5svc,46,100.40613199998916,85.62383500020587,14.782296999783284,2107392,4,29.986227999870607,0.2440260000184935,0.15574700000797748,66.95024900000135,602112,14.22503300000244,0.37057899999126676,0.09065399990504375,49.11119999997027,802816,16.433280000001105,0.26288299977750285,0.05398800021794159,29.87902099994244,401408,24.41825699997935,0.13025399994148756,0.031008999940240756,2.904009000303631,200704,0.5610370003523713,0.1447810000172467,0.02716799963309313,0.0,100352
2,chain_5svc,47,98.62021600019943,84.10108199996102,14.51913400023841,2107392,4,28.85116499965079,0.30660400034321356,0.09121299990511034,66.44292100008897,602112,14.699257000302168,0.4490100000111852,0.09051400002135779,47.79000799999267,802816,15.47631299990826,0.2171370001633477,0.03554900013114093,29.539033000219206,401408,24.645939000038197,0.1716709998618171,0.031288999707612675,2.4597470001026522,200704,0.4284080000616086,0.08883800001058262,0.01843800009737606,0.0,100352
2,chain_5svc,48,98.64591700033998,84.46488499976113,14.181032000578853,2107392,4,28.96591399985482,0.2696579999792448,0.07724500028416514,66.38641900008224,602112,13.985686000069109,0.41848999990179436,0.09128300007432699,48.62587099978555,802816,16.06158399999913,0.2667939997991198,0.0379940001948853,29.830203000074107,401408,24.92013799974302,0.14967000015531085,0.03289500000391854,2.425942999707331,200704,0.5315630000950478,0.08988599984149914,0.025771999844437232,0.0,100352
2,chain_5svc,49,98.2241450001311,84.28657999957068,13.937565000560426,2107392,4,28.671253000084107,0.2708460001485946,0.176279999777762,66.36895900010131,602112,13.956142999631993,0.393557000279543,0.11712400009855628,48.61679199984792,802816,16.40031499982797,0.27908599986403715,0.04092800008947961,29.68227899964404,401408,24.753775000135647,0.1738349997140176,0.04951800019625807,2.5111509999078407,200704,0.5050939998909598,0.0963110001066525,0.027587000204221113,0.0,100352
2,chain_5svc,50,99.05826200019874,84.5883649994903,14.469897000708443,2107392,4,29.128714999842487,0.2760140000646061,0.16838700003063423,66.42846400018243,602112,14.13067699968451,0.37595699996018084,0.08967600024334388,48.50113400016198,802816,16.340111999852525,0.2748960000644729,0.038761999803682556,29.375814000104583,401408,24.559895000038523,0.14876300019750488,0.03582799990908825,2.3042790003273694,200704,0.4289660000722506,0.08583499993619625,0.018926999928225996,0.0,100352
2,chain_5svc,51,99.33630099976654,85.21540200035815,14.120898999408382,2107392,4,28.494833999957336,0.3571689999262162,0.10378400020272238,67.18910700010383,602112,14.544767000188585,0.3915319998668565,0.09924400001182221,48.961388999941846,802816,15.92252999989796,0.22258399985730648,0.08024800035855151,30.42043300001751,401408,25.568336000105774,0.1397529999849212,0.0309399997604487,2.785697000035725,200704,0.6849350002084975,0.11300400001346134,0.03526999989844626,0.0,100352
2,chain_5svc,52,96.85539199972482,83.82003900032942,13.0353529993954,2107392,4,28.762536000158434,0.2459120000821713,0.19080699985352112,65.03316999987874,602112,13.49735400026475,0.3899949997503427,0.10874400004468043,47.999672000059945,802816,15.838580000036018,0.21413400008896133,0.03540999978213222,29.776006000247435,401408,25.233306999780325,0.14408300012291875,0.031428000056621386,2.286679999997432,200704,0.4882620000898896,0.09358799979963806,0.034781000067596324,0.0,100352
2,chain_5svc,53,98.35775199962882,84.26269399978992,14.0950579998389,2107392,4,28.69681499987564,0.2739189999374503,0.14457199995376868,66.66040699974474,602112,13.68075799973667,0.3954419998990488,0.09016600006361841,49.1325009998036,802816,16.699934999905963,0.23194300001705415,0.03813400007857126,29.577656000128627,401408,24.581546000263188,0.16384799982915865,0.030450999929598765,2.7554559997042816,200704,0.6036400000084541,0.11935900010939804,0.02772699963315972,0.0,100352
2,chain_5svc,54,100.61509900015153,86.47226800121643,14.142830998935096,2107392,4,30.52596400038965,0.2699369997571921,0.15183499999693595,67.00898600001892,602112,13.570618000358081,0.44698600004267064,0.09875599971564952,49.54149300010613,802816,16.460518000258162,0.2504519998183241,0.03994999997303239,30.178712000179075,401408,25.469021000390057,0.15113699964786065,0.031986999601940624,2.390883999851212,200704,0.4461469998204848,0.09729000021252432,0.02193000000261236,0.0,100352
2,chain_5svc,55,99.54379900000276,85.09527600017464,14.448522999828128,2107392,4,28.632282000216946,0.2837659999386233,0.17425399983039824,67.64621999991505,602112,13.709462999941024,0.3777720003199647,0.10874300005525583,50.15470099988306,802816,16.265941000256134,0.23571500014440971,0.03771399997276603,31.10292399969694,401408,25.830101999872568,0.163848000283906,0.033383999834768474,2.6972079999723064,200704,0.6574879998879624,0.1103490003515617,0.03429199978199904,0.0,100352
2,chain_5svc,56,98.01644200024384,83.72024099890041,14.296201001343434,2107392,4,29.032753999672423,0.3124009999737609,0.08939800000007381,65.51165800010494,602112,13.666023000041605,0.35577199969338835,0.09009500035972451,48.251801999867894,802816,15.90877199987517,0.22544800003743148,0.07019099984972854,29.780057999687415,401408,24.50639799963028,0.15232400028253323,0.03191800033164327,2.889062000122067,200704,0.6062939996809291,0.12005799999315059,0.029193000045779627,0.0,100352
2,chain_5svc,57,99.79195200003232,85.60246800016102,14.1894839998713,2107392,4,30.63219499972547,0.29333400016184896,0.15162500039878068,65.74087800026973,602112,13.79802200017366,0.3265789996476087,0.0921209998523409,48.8482490000024,802816,16.027293000206555,0.26092699999935576,0.04050799998367438,29.95934099999431,401408,24.55263299998478,0.15162499994403333,0.031988000046112575,2.961558999686531,200704,0.5923250000705593,0.16845800018927548,0.02912399986598757,0.0,100352
2,chain_5svc,58,98.43751700009307,83.70166399981827,14.735853000274801,2107392,4,28.763864999746147,0.24577200019848533,0.17593100028534536,66.47330599980705,602112,13.70701999985613,0.3389400003470655,0.0891869999577466,48.79426199977388,802816,15.912055000171677,0.19066699996983516,0.03526999989844626,30.191145000117103,401408,24.684074000106193,0.15050899992274935,0.045048000174574554,2.8870370001641277,200704,0.6346499999381194,0.12180300018371781,0.0295429999823682,0.0,100352
2,chain_5svc,59,98.66631700015205,85.19054499993217,13.475772000219877,2107392,4,29.668521999610675,0.2700770000956254,0.17516200023237616,65.58380400019814,602112,14.1096560000733,0.4082230002495635,0.13695899997401284,47.925852999924246,802816,16.063400999883015,0.20030599989695475,0.03813300008914666,29.39711699991676,401408,24.88277400016159,0.13123200005793478,0.03149799977109069,2.2655879997728334,200704,0.4661920002035913,0.09051400002135779,0.0224889995479316,0.0,100352
2,chain_5svc,60,99.16128400027446,84.67231800023,14.488966000044456,2107392,4,29.192202000103862,0.3687630000968056,0.08632499975647079,66.54105200004778,602112,13.724688999900536,0.37211500011835597,0.09107400001084898,49.23132899966731,802816,16.468481000174506,0.23389899979520123,0.042533999931038124,29.961506000290683,401408,24.67988400030663,0.15693399973315536,0.030870000045979396,2.778923000278155,200704,0.6070619997444737,0.11216500024602283,0.026400000024295878,0.0,100352
2,chain_5svc,61,97.9102139999668,84.71911199967508,13.191102000291721,2107392,4,28.59540700001162,0.24912400022003567,0.09491499986324925,66.08722200007833,602112,14.113006999650679,0.4071060002388549,0.08869900011632126,48.49610800010851,802816,15.742478999982268,0.20309900037318585,0.05231099976299447,30.294579999917914,401408,25.744757000211393,0.15490799978579162,0.03191799987689592,2.283886999975948,200704,0.5234619998191192,0.10106000036103069,0.023257000066223554,0.0,100352
2,chain_5svc,62,98.62092000003031,84.6980189999158,13.922901000114507,2107392,4,29.639606999808166,0.289563000023918,0.0830409999252879,65.7974490000015,602112,13.648003000071185,0.35493499990479904,0.09386700003233273,48.70402699998522,802816,15.933076000237634,0.22901000011188444,0.038622999909421196,30.137786000068445,401408,24.86866499975804,0.15658500024073874,0.03289599999334314,2.7206750000914326,200704,0.6086680000407796,0.14219700005924096,0.028215999918757007,0.0,100352
2,chain_5svc,63,96.83842599997661,82.94276600008743,13.895659999889176,2107392,4,28.338320999864663,0.24193100034608506,0.14946000010240823,65.1472949998606,602112,13.79634700015231,0.3484389999357518,0.09784799976841896,47.90545900004872,802816,16.012347000014415,0.20980399995096377,0.04022800021630246,29.247516999930667,401408,24.245050999979867,0.12445699985619285,0.03108000009888201,2.6551629998721182,200704,0.5507000000761764,0.08737099960853811,0.027518000024429057,0.0,100352
2,chain_5svc,64,96.97161300027801,82.73233199997776,14.239281000300252,2107392,4,28.082281000024523,0.3541660003065772,0.20840699971813592,65.42233099980876,602112,13.699475999601418,0.3486489999886544,0.10099100018123863,48.21653299995887,802816,16.162506000000576,0.21588000026895315,0.03722499968716875,29.302341999937198,401408,24.24568000014915,0.14443200007008272,0.03149799977109069,2.5441859997954452,200704,0.5423890002020926,0.10560000009718351,0.026679999791667797,0.0,100352
2,chain_5svc,65,93.12348799994652,79.61418900049466,13.509298999451858,2107392,4,27.22085599998536,0.24465500018777675,0.13695899997401284,62.953573999948276,602112,12.867245000052208,0.41534699994372204,0.08772099999987404,46.350578000328824,802816,15.133392000279855,0.19876899978044094,0.0351999997292296,28.754576000210363,401408,23.836967000079312,0.17669899989414262,0.030031999813218135,2.518762999898172,200704,0.5557290000979265,0.11831099982373416,0.022418999833462294,0.0,100352
2,chain_5svc,66,91.94861800006038,78.71624000017619,13.232377999884193,2107392,4,27.08452600018063,0.2717529996516532,0.15232499981721048,61.49982799979625,602112,12.594515000273532,0.35276900007374934,0.08834999971440993,45.19686899993758,802816,14.840267999716161,0.18081899997923756,0.03541000023687957,28.249274999780027,401408,23.639735999950062,0.13737900007981807,0.030032000267965486,2.5193920000674552,200704,0.557195000055799,0.11495899980218383,0.027656999918690417,0.0,100352
2,chain_5svc,67,90.38717400017049,77.05904599970381,13.328128000466677,2107392,4,26.46384699983173,0.28432499993868987,0.1681080002526869,60.71208499997738,602112,12.268494999716495,0.37162700027693063,0.08534600010534632,44.98762399998668,802816,14.145765000193933,0.23243199984790408,0.03533899962349096,28.308988999924622,401408,23.63170499984335,0.18074900026476826,0.0295429999823682,2.419727999949828,200704,0.5492340001183038,0.10685699999157805,0.018508000266592717,0.0,100352
2,chain_5svc,68,89.39779899992573,75.94870300090406,13.449095999021665,2107392,4,26.065191000270715,0.2447950000714627,0.1714609998089145,60.37244600020131,602112,11.855871000079787,0.38796999979240354,0.0934479999159521,45.04126199981329,802816,14.256323000154225,0.25052199998754077,0.0372949998563854,28.13382600015757,401408,23.21125900016341,0.15721299996585003,0.029472999813151546,2.657328999703168,200704,0.560059000235924,0.13423500013232115,0.027237999802309787,0.0,100352
2,chain_5svc,69,89.63037100011206,76.57769600064057,13.052674999471492,2107392,4,26.446316000146908,0.24144200006048777,0.09247099978892948,60.141411000131484,602112,11.895891000222036,0.36638799974753056,0.08534600010534632,44.57730599960996,802816,14.179707000039343,0.2033089999713411,0.05524500011233613,28.00182600003609,401408,23.39696700028071,0.16119499969136086,0.0295429999823682,2.4301339999510674,200704,0.6588149999515736,0.1173340001514589,0.03010099999301019,0.0,100352
2,chain_5svc,70,89.79896899973028,76.8648829994163,12.934086000313982,2107392,4,26.383946999885666,0.27503599994815886,0.17544199999974808,60.458769999968354,602112,12.535708000086743,0.3534679999575019,0.08352999975613784,44.60153999980321,802816,14.100227999733761,0.19332100009705755,0.034781000067596324,28.128239000125177,401408,23.267271999884542,0.15085799986991333,0.03052000010939082,2.510591999907774,200704,0.5777279998255835,0.11460999985501985,0.026749999960884452,0.0,100352
2,chain_5svc,71,89.2633539997405,75.93711000026815,13.326243999472354,2107392,4,25.558909999745083,0.24332800012416556,0.1694360003057227,60.51785599993309,602112,12.581664000208548,0.4050100001222745,0.08897899988369318,44.466886000009254,802816,14.210157999968942,0.22321300002658973,0.03806399990935461,27.589831000113918,401408,23.102795000340848,0.15260300006048055,0.028914999802509556,2.2331810000650876,200704,0.4835830000047281,0.09924400001182221,0.0203940003302705,0.0,100352
2,chain_5svc,72,90.12987799997063,78.003648000049,12.126229999921634,2107392,4,26.784627999859367,0.2809030002026702,0.07906100017862627,60.36008399996717,602112,11.836944000151561,0.3624780001700856,0.0856960000419349,45.12563099979161,802816,14.813587999924493,0.22712500003763125,0.03680600002553547,27.92444099986824,401408,24.149857999873348,0.17823600001065643,0.033384000289515825,1.826773000175308,200704,0.4186300002402277,0.08541599981981562,0.017250999917450827,0.0,100352
2,chain_5svc,73,88.91903599987927,75.73819999925036,13.180836000628915,2107392,4,25.97341899991079,0.27349999982106965,0.17285800004174234,59.70937100028095,602112,12.353562000043894,0.3364959998179984,0.11782299998230883,44.05775400027778,802816,14.0078269996593,0.27049600021200604,0.03527000035319361,27.275055999780307,401408,22.824266999577958,0.14834400008112425,0.03093900022577145,2.3509349998676043,200704,0.5791250000584114,0.10573999998086947,0.027237999802309787,0.0,100352
2,chain_5svc,74,91.10688999999184,77.37493700005871,13.731952999933128,2107392,4,25.77360299983411,0.2724519999901531,0.08471799992548767,62.26703599986649,602112,12.577613000303245,0.35919499987357995,0.0857649997669796,45.947945000079926,802816,14.893208000103186,0.21895300005780882,0.03638699990915484,28.41277400011677,401408,23.539862999768957,0.1551880000079109,0.030032000267965486,2.5292390000686282,200704,0.5906500000492088,0.16545399967071717,0.027028000204154523,0.0,100352
2,chain_5svc,75,91.27101799958837,77.00442699979249,14.26659099979588,2107392,4,25.608358000226872,0.314565999815386,0.08730199988349341,62.13335900019956,602112,12.922629999593482,0.4153470003984694,0.08821000028547132,45.62010800009375,802816,14.455231000283675,0.22908099981577834,0.05021600009058602,28.400131999660516,401408,23.372174000087398,0.14198799999576295,0.028635000035137637,2.687780000087514,200704,0.6460339996010589,0.11607700025706436,0.03052000010939082,0.0,100352
2,chain_5svc,76,89.30833200020061,75.9958459993868,13.312486000813806,2107392,4,25.850987000012537,0.3061850002268329,0.09386700003233273,60.370142000010674,602112,12.136913999711396,0.3239239999857091,0.08765100028540473,44.821470999977464,802816,14.571447999969678,0.22454000009020092,0.039181999909487786,27.715615000033722,401408,22.885726999902545,0.19841999983327696,0.03052100009881542,2.523024000311125,200704,0.5507699997906457,0.10685699999157805,0.025772000299184583,0.0,100352
2,chain_5svc,77,89.66655300037019,76.89673499908167,12.769818001288513,2107392,4,26.297134999822447,0.3371950001564983,0.08590500010541291,60.1640419999967,602112,12.0623230000092,0.3092580000156886,0.0976390001596883,44.83949299992673,802816,14.908293999724265,0.1820070001485874,0.03680700001496007,27.19033900029899,401408,23.186396999790304,0.12257100024726242,0.028635000035137637,2.098667000154819,200704,0.4425859997354564,0.08415900038016844,0.018787000044540036,0.0,100352
2,chain_5svc,78,89.08561299995199,75.92216800003371,13.163444999918283,2107392,4,25.510441999813338,0.2855120001186151,0.22558799992111744,60.3318019998369,602112,12.313823000113189,0.32196899974223925,0.08520700021108496,44.83844600008524,802816,14.175027999954182,0.22754400015401188,0.03464199971858761,27.917389000322146,401408,23.268389999884675,0.12110600027881446,0.0295429999823682,2.6320459996895806,200704,0.6544850002683233,0.1110479997805669,0.0295429999823682,0.0,100352
2,chain_5svc,79,88.12654899975314,74.58198000040284,13.544568999350304,2107392,4,25.07204699986687,0.2777600002445979,0.18724500023381552,59.61753300016426,602112,11.940869000227394,0.3257409998695948,0.08492699998896569,44.43050100007895,802816,14.291105000211246,0.21650899998348905,0.03561899984561023,27.550510999844846,401408,22.820428000159154,0.12494600014179014,0.03387299966561841,2.4895700003071397,200704,0.4575309999381716,0.11572799985515303,0.017112000023189466,0.0,100352
2,chain_5svc,80,90.29862000033972,76.15467000005083,14.143950000288896,2107392,4,25.359374999879947,0.30024800025785225,0.08471799992548767,61.64712600002531,602112,12.32311200010372,0.43525199998839526,0.10385399991719169,45.601324000017485,802816,14.670903000023827,0.2065909998236748,0.03771499996219063,28.38518800035672,401408,23.14840200006074,0.15770200025144732,0.02814599974954035,2.8375899996717635,200704,0.6528779999825929,0.11642599974948098,0.032407000162493205,0.0,100352
2,chain_5svc,81,90.26034599992272,76.50855700012471,13.75178899979801,2107392,4,25.640206999923976,0.28481400022428716,0.17320699998890632,61.31160799986901,602112,12.749004999932367,0.481765999666095,0.07298500031538424,44.674456999928225,802816,14.389442000265262,0.2473079998708272,0.06201999985933071,27.858443000241095,401408,23.266015999979572,0.14939100037736353,0.029053999696770916,2.36099199992168,200704,0.4638870000235329,0.08974599995781318,0.022838999939267524,0.0,100352
2,chain_5svc,82,87.69255500010331,74.77613900027791,12.916415999825404,2107392,4,25.27598400001807,0.3023439999196853,0.09100300030695507,59.3691070002933,602112,12.371721000363323,0.32462299986946164,0.10203900001215516,43.61957200035249,802816,14.032901000064157,0.1828449999266013,0.03485099978206563,27.274637000118673,401408,22.66188699968552,0.15588599990223884,0.030032000267965486,2.349816999867471,200704,0.43364600014683674,0.10636800016072812,0.017250999917450827,0.0,100352
2,chain_5svc,83,89.89416800022809,76.08573900051852,13.808428999709577,2107392,4,25.757891000012023,0.28320700039330404,0.18598699989524903,60.9148390003611,602112,12.34602000022278,0.3614289998949971,0.09226099973602686,44.883423000101175,802816,14.166647999900306,0.18640700000105426,0.0702600000295206,28.215332999934617,401408,23.24178100025165,0.1602160000402364,0.03052099964406807,2.762998999969568,200704,0.5733990001317579,0.11216500024602283,0.02716799963309313,0.0,100352
2,chain_5svc,84,88.84696399991299,75.08183599975382,13.765128000159166,2107392,4,25.476079999862122,0.30513799993059365,0.21811499982504756,60.21230300029856,602112,11.945269000079861,0.3238550002606644,0.08799999977782136,44.98706799995489,802816,14.156939999793394,0.20938399984515854,0.03331400012029917,28.30137699993429,401408,22.92756399992868,0.14296600011221017,0.0295429999823682,3.016943000147876,200704,0.5759830000897637,0.11754300021493691,0.027727000087907072,0.0,100352
2,chain_5svc,85,89.22473700022238,76.15432100010366,13.070416000118712,2107392,4,25.760056000308396,0.3172899996570777,0.18410199982099584,60.222710000289226,602112,12.051706999955059,0.3422929999032931,0.07137800002965378,44.929867000064405,802816,14.58283300007679,0.22209500002645655,0.03582899989851285,27.728189000299608,401408,23.213773999941623,0.15078800015544402,0.02912399986598757,2.4005220002436545,200704,0.5459509998217982,0.10525100015001954,0.025911000193445943,0.0,100352
2,chain_5svc,86,89.21495899994625,75.50332999971943,13.711629000226822,2107392,4,25.12582500003191,0.3005280000252242,0.18256599969390663,61.11053399990851,602112,11.867187000007107,0.35549299991544103,0.09966300012820284,45.69002200014438,802816,14.119713999662054,0.2304770000591816,0.03429200023674639,28.820648999953846,401408,23.81378300015058,0.1759299998411734,0.02912399986598757,2.651322000019718,200704,0.5768209998677776,0.1208250000672706,0.028076000035071047,0.0,100352
2,chain_5svc,87,88.30017500031317,75.52665599996544,12.773519000347733,2107392,4,25.25964100004785,0.27671199995893403,0.1307429997723375,59.967787000005046,602112,12.053244000071572,0.3276269999332726,0.08876799984136596,44.62256599981629,802816,14.616636999562616,0.18326400004298193,0.05650100001730607,27.332535999903484,401408,23.18046000027607,0.13807699997414602,0.030031999813218135,2.196514999923238,200704,0.41667400000733323,0.0857649997669796,0.018648000150278676,0.0,100352
2,chain_5svc,88,89.32677700022396,77.21745000026203,12.109326999961922,2107392,4,26.33457100000669,0.3259500003878202,0.08834999971440993,59.840609000275435,602112,11.845536000237189,0.34962599966092966,0.1096510000024864,44.84703799971612,802816,14.693392000026506,0.19332200008648215,0.03631800018411013,27.876393999576976,401408,23.93230500001664,0.15211399977488327,0.029054000151518267,1.853384000241931,200704,0.4116459999750077,0.08555600015824893,0.01829799975894275,0.0,100352
2,chain_5svc,89,90.06717000011122,77.2065589999329,12.860611000178324,2107392,4,26.107099000000744,0.282927999705862,0.09232999991581892,60.68248000019594,602112,12.700884999958362,0.34690299980866257,0.08485699981974903,44.54392599973289,802816,14.227481000034459,0.20777800000360003,0.061110999922675546,27.93589799966867,401408,23.58980300004987,0.14869200003886363,0.02968199987662956,2.3285150000447175,200704,0.5812909998894611,0.11146699989694753,0.018159000319428742,0.0,100352
2,chain_5svc,90,88.38042799970935,75.18017700022028,13.200250999489072,2107392,4,25.677504000213958,0.2563879997978802,0.07382200010397355,59.66488900003242,602112,11.97739700000966,0.33530899963807315,0.08660299999974086,44.532471999900736,802816,13.894127000185108,0.19793100000242703,0.03471099989837967,27.988140000161366,401408,23.081914999693254,0.1686670002527535,0.0295429999823682,2.5786870000956696,200704,0.5492340001183038,0.10587899987513083,0.01941599975907593,0.0,100352
2,chain_5svc,91,88.24255999979869,75.29604299952553,12.946517000273161,2107392,4,25.829338999756146,0.24577200019848533,0.16322000010404736,59.41220299973793,602112,11.966082000071765,0.34403999961796217,0.08848900006341864,44.18759500003944,802816,14.011390999712603,0.22146800029076985,0.03387300012036576,27.835257000333513,401408,22.90326100001039,0.16748000007282826,0.031008999940240756,2.54998299988074,200704,0.5859699999746226,0.1287869999941904,0.03080099986618734,0.0,100352
2,chain_5svc,92,89.35848800001622,76.4137169994683,12.944771000547917,2107392,4,26.31040699998266,0.28146199974798947,0.16824800013637287,59.972470000047906,602112,12.143061000188027,0.36771599980056635,0.08576500022172695,44.10294800027259,802816,14.08633099981671,0.185777999831771,0.03869200008921325,27.696411999841075,401408,23.24715999975524,0.1637079999454727,0.029613000151584856,2.560459000051196,200704,0.6267579997256689,0.12578399991980405,0.021720000404457096,0.0,100352
2,chain_5svc,93,89.00683599995318,75.42301399962525,13.583822000327928,2107392,4,25.834367999777896,0.24088400004984578,0.166641999840067,60.082261000388826,602112,11.926552000204538,0.34278199973414303,0.08869900011632126,44.58261900026628,802816,14.125929999863729,0.20645200038416078,0.034781000067596324,27.669662999869615,401408,23.02408600007766,0.15511799983869423,0.03094000021519605,2.434534999792959,200704,0.5120779997014324,0.1398930003233545,0.01843800009737606,0.0,100352
2,chain_5svc,94,89.0898779998679,75.19002400022146,13.899853999646439,2107392,4,25.21620100014843,0.2890739997383207,0.19276300008641556,60.68122200031212,602112,12.018253999940498,0.35626099997898564,0.08876899983079056,44.9214899999788,802816,14.089753000007477,0.21392400003605871,0.042812999708985444,28.20360099985919,401408,23.276981999970303,0.16964499991445336,0.03052100009881542,2.642802000082156,200704,0.5888340001547476,0.11363200019331998,0.02856499986592098,0.0,100352
2,chain_5svc,95,89.59518100027708,77.0598199997039,12.535361000573175,2107392,4,25.825986999734596,0.2512199998818687,0.08967600024334388,60.62039099970207,602112,12.755990000187012,0.35807699987344677,0.09659099987402442,44.37155699997675,802816,14.268057999743178,0.21839400005774223,0.038622999909421196,28.01942899986898,401408,23.729135999928985,0.14226700022845762,0.02856499986592098,2.055224999821803,200704,0.4806490001101338,0.0830419999147125,0.021580999600701034,0.0,100352
2,chain_5svc,96,88.90829000029044,75.54286300046442,13.365426999826013,2107392,4,25.829339000210894,0.2515689998290327,0.07717499966020114,59.97645099978399,602112,12.27680700003475,0.33894099988174275,0.08583499993619625,44.27950600029362,802816,13.870660000065982,0.2072900001621747,0.03631699973993818,27.88687000020218,401408,22.92204800005493,0.1537910002298304,0.02912399986598757,2.7488219998303975,200704,0.6440090000978671,0.11900999970748671,0.03038100021512946,0.0,100352
2,chain_5svc,97,90.27362100005121,76.7669769998065,13.506644000244705,2107392,4,25.829409999914787,0.3110739999101497,0.08387900015804917,61.20622100024775,602112,12.273315000129514,0.3455760001997987,0.08800099976724596,45.382372999938525,802816,14.11901699975715,0.24660999997649924,0.034361999951215694,28.439175999665167,401408,23.969460999978764,0.14876200020808028,0.030030999823793536,2.589094000086334,200704,0.5757740000262856,0.1124439995692228,0.027657000373437768,0.0,100352
2,chain_5svc,98,90.85826399996222,77.1853960000044,13.672867999957816,2107392,4,26.676726000005146,0.3267890001552587,0.1751629997670534,60.9096039997894,602112,11.942825000005541,0.3350990000399179,0.08967700023276848,45.60628499984887,802816,14.436377000038192,0.18829200007530744,0.034361999951215694,28.729228999964107,401408,23.56752300011067,0.18549899959907634,0.03052000010939082,2.754409000317537,200704,0.5619449998448545,0.11433000008764793,0.028635000035137637,0.0,100352
2,chain_5svc,99,89.92581200027416,77.84239400007209,12.083418000202073,2107392,4,25.439693999942392,0.2797150000333204,0.1706929997453699,61.5008139998281,602112,12.91390100004719,0.35514399996827706,0.0830419999147125,45.093300999724306,802816,14.334616999803984,0.18026099996859557,0.03485099978206563,28.650726999785547,401408,24.67444100011562,0.15840100013519987,0.044209999941813294,1.907160999962798,200704,0.4797410001629032,0.10364499985371367,0.022697999611409614,0.0,100352
2,chain_5svc,100,89.10908899997594,76.27103299955706,12.838056000418874,2107392,4,25.36566299977494,0.25352500006192713,0.08185400020011002,60.61969600023076,602112,12.704935999863665,0.35200100001020473,0.0843689999783237,44.509845999982645,802816,14.407742000003054,0.18228599992653471,0.03568900001482689,27.812000999801967,401408,23.376437000024453,0.1631499999348307,0.03052099964406807,2.191416999721696,200704,0.4162549998909526,0.08939700001064921,0.01983499987545656,0.0,100352
2,chain_5svc,101,88.59498600031657,75.60104600042905,12.993939999887516,2107392,4,25.612204000026395,0.2533150000090245,0.07249600002978696,60.00592800000959,602112,12.198166999951354,0.4631889996744576,0.08751100040171877,44.51606199972957,802816,14.231951000056142,0.23026799999570358,0.035339000078238314,27.937786000165943,401408,22.929522000140423,0.19311100004415493,0.029473999802576145,2.796243999910075,200704,0.629202000254736,0.11265400007687276,0.029053999696770916,0.0,100352
2,chain_5svc,102,88.88769199984381,75.52275399984865,13.364937999995163,2107392,4,25.48139100008484,0.2523369998925773,0.16957500019998406,60.2160109997385,602112,11.944153000058577,0.35297900012665195,0.08632399976704619,44.71217699983754,802816,14.438892000271153,0.2255179997519008,0.033802999951149104,27.593675999924017,401408,23.224462999678508,0.14855300014460227,0.028635000035137637,1.9788189997598238,200704,0.4338549997555674,0.08457800004180172,0.018089000150212087,0.0,100352
2,chain_5svc,103,90.20008300012705,76.76816600042002,13.431916999707028,2107392,4,25.377815999945597,0.25254700040022726,0.19220400008634897,62.020226000186085,602112,12.371861999781686,0.3730940002242278,0.08758100011618808,46.26098200014894,802816,14.405787000214332,0.2223049996246118,0.05328899987944169,29.139966999991884,401408,24.009760000353708,0.1548390000607469,0.031428999591298634,2.779203000045527,200704,0.6029410001247015,0.11111799994978355,0.028215999918757007,0.0,100352
2,chain_5svc,104,88.80925899984504,75.54510199997821,13.264156999866827,2107392,4,25.370342999849527,0.27887699980055913,0.18480100015949574,60.19554700014851,602112,12.295175999952335,0.36205800006428035,0.09212100030708825,44.6078340000895,802816,14.189767000061693,0.21322600014173076,0.05817800001750584,28.130198999861022,401408,23.103915999854507,0.15735300030428334,0.030450999929598765,2.8098640000280284,200704,0.5859000002601533,0.12473700007831212,0.025352999728056602,0.0,100352
2,chain_5svc,105,89.28662600010284,76.22815100057778,13.05847499952506,2107392,4,25.72772100029397,0.26693499967223033,0.15686400001868606,60.58610199988834,602112,12.056736999966233,0.33579799992367043,0.08485800026392099,44.94831099964358,802816,14.490854000086983,0.21790499977214495,0.03505999984554364,28.027183000176592,401408,23.377555000024586,0.14547999990099925,0.030590999813284725,2.607811999951082,200704,0.5752840002060111,0.10930200005532242,0.027656999918690417,0.0,100352
2,chain_5svc,106,89.42114100000254,75.9296500000346,13.491490999967937,2107392,4,25.538032999975258,0.258133999977872,0.09009499990497716,60.88488400018832,602112,12.282883999887417,0.4225410002618446,0.055174999943119474,44.915276000210724,802816,14.25967800014405,0.21029300023656106,0.03485099978206563,28.194943000016792,401408,23.229631000049267,0.15651500007152208,0.0295429999823682,2.638612000282592,200704,0.6194239999786078,0.16880700013643946,0.027518000024429057,0.0,100352
2,chain_5svc,107,88.74759000036647,75.8062400000199,12.941350000346574,2107392,4,25.854273999811994,0.2871880001293903,0.15449000011358294,60.121585999695526,602112,11.76668600010089,0.3619879998950637,0.09184200007439358,44.80345899992244,802816,14.081233000069915,0.2100829997289111,0.056291999953828054,28.25919699989754,401408,23.385797000173625,0.15211499976430787,0.03010099999301019,2.6772349997372658,200704,0.7182499998634739,0.12201300023662043,0.045746000068902504,0.0,100352
2,chain_5svc,108,90.32181700013098,76.70328300036999,13.618533999760984,2107392,4,26.31941800018467,0.27566499966269475,0.0872320001690241,60.93859099973997,602112,12.583761000314553,0.368134999916947,0.08353099974556244,44.62494400013384,802816,14.145906000067043,0.21832399988852558,0.0337340002261044,27.76220399982776,401408,23.02003699969646,0.15448900012415834,0.02940300009868224,2.7442120003797754,200704,0.6341610001072695,0.11258399990765611,0.02814599974954035,0.0,100352
2,chain_5svc,109,91.04446699984692,76.67897900000753,14.365487999839388,2107392,4,26.595432000249275,0.24716899997656583,0.18081999996866216,61.443824999969365,602112,12.186853000002884,0.3540259999681439,0.08730199988349341,45.440134999807924,802816,14.189346999955887,0.22873099987918977,0.03485100023681298,28.252003000034165,401408,23.129687999698945,0.16531400024177856,0.029613000151584856,2.7549680003176036,200704,0.5776590001005388,0.14834400008112425,0.030031999813218135,0.0,100352
2,chain_5svc,110,89.28411300030348,76.1306530002912,13.153460000012274,2107392,4,25.755728000149247,0.28642000006584567,0.07123799969122047,60.60028000001694,602112,12.710803000118176,0.3753289997803222,0.08464799975627102,44.5047479997811,802816,13.966622999760148,0.24081400033537648,0.03631800018411013,27.84035800004858,401408,23.16628500011575,0.15029899986984674,0.029054999686195515,2.4413099999947008,200704,0.5312140001478838,0.14862299985907157,0.01997499975914252,0.0,100352
2,chain_5svc,111,89.77265800012901,76.53531899995869,13.237339000170323,2107392,4,26.0092540002006,0.2834169999914593,0.09156199985227431,60.54056799985119,602112,12.340574000063498,0.36338500012789154,0.08730199988349341,44.78355700030079,802816,14.277976999892417,0.22370199985743966,0.03527000035319361,27.88128499969389,401408,23.319866999827354,0.1569340001879027,0.031009999929665355,2.4228020001828554,200704,0.5876469999748224,0.12201300023662043,0.03052100009881542,0.0,100352
2,chain_5svc,112,89.3553549999524,77.2710289998031,12.084326000149304,2107392,4,26.36865799968291,0.25205800011463,0.11642600020422833,60.267138999734016,602112,12.546886000109225,0.3561220000847243,0.10420299986435566,44.28775199994561,802816,13.957544000277267,0.1842419997046818,0.03429199978199904,28.257312000278034,401408,23.963107999861677,0.1455490000807913,0.0295429999823682,1.9603109999479784,200704,0.4348329998720146,0.10008300023400807,0.021301000288076466,0.0,100352
2,chain_5svc,113,89.97680399988894,76.60816499992507,13.368638999963878,2107392,4,25.722344999849156,0.2502419997654215,0.09058500017999904,61.41337700000804,602112,12.189507000130106,0.3300009998383757,0.08632399976704619,45.789275000061025,802816,14.93413900016094,0.217206999877817,0.03883099998347461,27.83386300006896,401408,23.33711899973423,0.1755810003487568,0.03094000021519605,2.3187379997580138,200704,0.4250550000506337,0.11363200019331998,0.01773999974830076,0.0,100352
2,chain_5svc,114,89.74611800022103,76.47022499986633,13.2758930003547,2107392,4,25.2629970000271,0.24570300001869327,0.09253999996872153,61.56570200028,602112,12.290009000025748,0.3581470000426634,0.04784099974131095,45.844380000289675,802816,14.670485999886296,0.20645199992941343,0.03666700013127411,28.53632899996228,401408,23.672008000175992,0.1527439999335911,0.02814599974954035,2.403035999577696,200704,0.5747249997511972,0.10895300010815845,0.0295429999823682,0.0,100352
2,chain_5svc,115,88.27064700017218,75.29849699994884,12.972150000223337,2107392,4,25.045091999800206,0.25338500017824117,0.08604499998909887,60.44984399977693,602112,11.818857999969623,0.34026799994535395,0.08583499993619625,45.223418999739806,802816,14.170910000302683,0.2438169999550155,0.05733999978474458,28.661276000093494,401408,23.69261199964967,0.1646160003474506,0.03080000033151009,2.5840650000645837,200704,0.5710250002266548,0.12201299978187308,0.027237999802309787,0.0,100352
2,chain_5svc,116,90.54070499996669,77.50101699957668,13.039688000390015,2107392,4,25.8475009995891,0.2605790000416164,0.1096510000024864,61.69134700030554,602112,12.412301000040316,0.34278199973414303,0.04854000007981085,45.652665000034176,802816,14.635146999808057,0.20917500023642788,0.03526999989844626,28.596533000381896,401408,24.120251000113058,0.16301000005114474,0.030450999929598765,2.2859119999338873,200704,0.48581700002614525,0.14233699994292692,0.02095299987558974,0.0,100352
2,chain_5svc,117,89.33852300015133,76.00145100013833,13.337072000012995,2107392,4,25.334446000215394,0.24158099995474913,0.07885099967097631,60.84011799975997,602112,12.533686000097077,0.34725199975582655,0.11544800008778111,44.48680100040292,802816,14.100580000103946,0.20861699977103854,0.040159000036510406,27.84203500004878,401408,23.572204999709356,0.14324500034490484,0.0295429999823682,2.208877000157372,200704,0.46053400001255795,0.09393700020154938,0.022699000055581564,0.0,100352
2,chain_5svc,118,90.1009129997874,76.60970000006273,13.491212999724667,2107392,4,25.683512999876257,0.32881400011319784,0.08115599985103472,61.45276699999158,602112,12.113937999856716,0.3253920003771782,0.08632399976704619,45.850315999814484,802816,14.726709000115079,0.20994399983464973,0.034361999951215694,28.661136000209808,401408,23.367848000361846,0.16042599963839166,0.028635000035137637,2.916091999850323,200704,0.7176919998528319,0.12955600004715961,0.03952999986722716,0.0,100352
2,chain_5svc,119,90.34913000004963,76.32313999965845,14.025990000391175,2107392,4,26.389611000013247,0.35570299996834365,0.09735899993756902,60.69498700026088,602112,12.086978999832354,0.34075700023095123,0.0949150003179966,44.99420000001919,802816,14.283564999914233,0.208126999950764,0.05014600037611672,28.005253999708657,401408,22.981624999829364,0.15078800015544402,0.029613000151584856,2.754409000317537,200704,0.5813600000692531,0.12920700009999564,0.027657999908115016,0.0,100352
2,chain_5svc,120,90.41212700003598,76.50333099991258,13.908796000123402,2107392,4,25.601240000014513,0.3449470000305155,0.16671200000928366,61.46834299988768,602112,12.076293000063743,0.37630600036209216,0.053358999593910994,45.67375699980403,802816,13.818140999774187,0.1814480001485208,0.03457100001469371,29.415004999918892,401408,24.427692999779538,0.15602600024067215,0.02828600008797366,2.677303999917058,200704,0.5799640002805972,0.12019699988741195,0.02870499974960694,0.0,100352
2,chain_5svc,121,89.20561500008262,75.92930500049988,13.276309999582736,2107392,4,25.77961499991943,0.31840700012253365,0.1569340001879027,60.04141099992921,602112,12.095011999917915,0.35304799985169666,0.08730200033824076,44.62061699996411,802816,14.420524000342994,0.21999999989930075,0.05203199998504715,27.431297000021004,401408,23.01410100017165,0.12089600022591185,0.028634999580390286,2.318178999757947,200704,0.620053000147891,0.12550500014185673,0.027098999908048427,0.0,100352
2,chain_5svc,122,89.74696099994617,76.77439099916228,12.97257000078389,2107392,4,26.521891999891523,0.31149400001595495,0.16056499998740037,60.11342100009642,602112,12.218561999816302,0.3691120000439696,0.0877900001796661,44.6926260001419,802816,14.14367300003505,0.19185499968443764,0.03687600019475212,28.247326999917277,401408,23.308902999815473,0.17760699984137318,0.02898499997172621,2.6525110001784924,200704,0.5813609996039304,0.1498100000389968,0.026889000309893163,0.0,100352
2,chain_5svc,123,91.17843300009554,77.49822800042239,13.680204999673151,2107392,4,25.489913999990677,0.29969000024721026,0.08290200003102655,62.46379699996396,602112,12.851535000208969,0.3892269996867981,0.097707999884733,46.119836999878316,802816,15.13654000018505,0.20966399961253046,0.03443200012043235,28.418228000191448,401408,23.460598999918147,0.14785400026084972,0.03387400010979036,2.5267259998145164,200704,0.5596400001195434,0.12927599982504034,0.018089000150212087,0.0,100352
2,chain_5svc,124,89.98924099978467,76.33983800042188,13.649402999362792,2107392,4,25.578264000159834,0.38601400001425645,0.09917499983203015,61.22732299991185,602112,12.345183999968867,0.36268699977881624,0.08772099999987404,45.35388500016779,802816,14.467946999957348,0.20624199987651082,0.03534000006766291,28.36424099996293,401408,23.361285000191856,0.12606400014192332,0.03289500000391854,2.850022000075114,200704,0.5871580001439725,0.12257199978193967,0.0295429999823682,0.0,100352
2,chain_5svc,125,89.57501099985166,75.9554270002809,13.61958399957075,2107392,4,25.56289799986189,0.3658999999061052,0.20275000042602187,60.78368999988015,602112,12.471806000121433,0.3384520000508928,0.08723299970370135,44.905084000220086,802816,14.211837999937416,0.21818499999426422,0.03582899989851285,27.887433000159945,401408,23.260014000243245,0.16126399987115292,0.02982299974974012,2.3107060001166246,200704,0.4488710001169238,0.09784799976841896,0.023816000066290144,0.0,100352
2,chain_5svc,126,88.5831219998181,75.14121799977147,13.441904000046634,2107392,4,25.561082999956852,0.3449470000305155,0.09875600017039687,59.75094400037051,602112,12.181894999685028,0.4087120000804134,0.10413400013931096,44.29348099984054,802816,13.864796000234492,0.23948599982759333,0.04805099979421357,27.74712200016438,401408,22.913669999979902,0.16147399992405553,0.03052100009881542,2.6479709999875922,200704,0.6197739999151963,0.1216639998347091,0.03052000010939082,0.0,100352
2,chain_5svc,127,90.04581299996062,76.04203400023835,14.003778999722272,2107392,4,26.423415999943245,0.346552999872074,0.081645000136632,60.5055099999845,602112,12.046262999774626,0.40012199997363496,0.08730199988349341,44.668949999959295,802816,13.822961000187206,0.19129599968437105,0.03443200012043235,28.117281000049843,401408,23.129900000185444,0.1440129999537021,0.03052000010939082,2.711596000153804,200704,0.6194940001478244,0.1559560000714555,0.028634999580390286,0.0,100352
2,chain_5svc,128,89.28684499960582,75.4610210001374,13.825823999468412,2107392,4,25.848620000033407,0.3130299996882968,0.1822160002120654,60.16021499999624,602112,11.859297000228253,0.38308100010908674,0.08422899963989039,44.50831499980268,802816,14.065100999687274,0.21169000001464156,0.03953000032197451,27.761579000070924,401408,23.196249000193347,0.1496709996899881,0.029612999696837505,2.2748080000383197,200704,0.4917539999951259,0.0962410003921832,0.022837999949842924,0.0,100352
2,chain_5svc,129,90.47792299998036,76.69630600003075,13.78161699994962,2107392,4,26.120092999917688,0.30136700024741003,0.13172099988878472,61.19708200003515,602112,12.4002190000283,0.3890869998031121,0.08541699980924022,44.964169999730075,802816,14.65959200004363,0.2174169999307196,0.03764399980354938,27.682238999659603,401408,23.035752999930992,0.1405210000484658,0.029055000140942866,2.351983000153268,200704,0.4806490001101338,0.09177199990517693,0.022977999833528884,0.0,100352
2,chain_5svc,130,89.12341600034779,75.68032200015296,13.443094000194833,2107392,4,26.167167000039626,0.30590599999413826,0.198070999886113,59.673279999969964,602112,11.95365200010201,0.33195700007127016,0.10071199994854396,44.25304300002608,802816,14.30004799976814,0.20205200007694657,0.0534280002284504,27.42270799990365,401408,22.700514000007388,0.14757500002815505,0.028635000035137637,2.4268519996439863,200704,0.5589410002357909,0.09512399992672727,0.0309399997604487,0.0,100352
2,chain_5svc,131,90.6782279998879,76.81287300010808,13.865354999779811,2107392,4,25.53475200011235,0.3324459999021201,0.10867299988603918,61.941801000102714,602112,12.267309999970166,0.3574489996935881,0.08681300005264347,45.87162100006026,802816,15.317079999931593,0.21993100017425604,0.035758000194618944,27.887921999990795,401408,23.065296999902785,0.14303499983725487,0.0295429999823682,2.5769419999051024,200704,0.6284340001911914,0.12829899969801772,0.027656999918690417,0.0,100352
2,chain_5svc,132,91.11899800018364,77.61255799960054,13.506440000583098,2107392,4,26.47020899985364,0.35374800017962116,0.1667810001890757,61.553413000183355,602112,12.197119999655115,0.3557730001375603,0.08485700027449639,45.71685099972456,802816,14.748710000276333,0.2595309997559525,0.053359000048658345,28.153879000001325,401408,23.733818999971845,0.16706099995644763,0.029124000320734922,2.1210169998084893,200704,0.46269999984360766,0.08450800032733241,0.020603999928425765,0.0,100352
2,chain_5svc,133,91.48196899968752,77.88732000017262,13.594648999514902,2107392,4,27.397845999985293,0.33970899994528736,0.0893270002961799,60.94467799994163,602112,12.152493000030518,0.3671560002658225,0.08639299994683824,44.76191200001267,802816,14.864577000025747,0.2398359997641819,0.03764500024772133,27.461331999802496,401408,22.872953999922174,0.14233699994292692,0.02912399986598757,2.529100000174367,200704,0.5994500002088898,0.1174029998765036,0.029612999696837505,0.0,100352
2,chain_5svc,134,91.84423599981528,78.21795000018028,13.626285999635002,2107392,4,25.835631000063586,0.37749400007669465,0.14596800019717193,62.58532399988326,602112,13.185028999942006,0.4135320000386855,0.08618399988336023,45.62487300017892,802816,15.484770000057324,0.21092099996167235,0.03338499982419307,27.77911099974517,401408,23.090511000191327,0.11824100010926486,0.02814599974954035,2.636168000208272,200704,0.6220089999260381,0.1229899999088957,0.030031999813218135,0.0,100352
2,chain_5svc,135,89.00580699992133,75.37260599974616,13.633201000175177,2107392,4,25.26579400000628,0.33062900001823436,0.0877910001690907,60.30904899989764,602112,11.927044000003661,0.3300710000075924,0.08967699977802113,44.719586999690364,802816,14.646880999862333,0.2150420000361919,0.054756000281486195,27.48277200043958,401408,23.116492000099242,0.15504800012422493,0.031428000056621386,2.035321000221302,200704,0.41639499977463856,0.08492699998896569,0.018229000033898046,0.0,100352
2,chain_5svc,136,89.29118000014569,75.93503900034193,13.356140999803756,2107392,4,26.03153600011865,0.38866800014147884,0.16985499996735598,60.05831799984662,602112,11.897501000021293,0.4036840000480879,0.08960600007412722,44.770850999611866,802816,14.531153999996604,0.24870500010365504,0.03617799984567682,27.802367999811395,401408,23.01005300023462,0.14757500002815505,0.0309399997604487,2.415258999917569,200704,0.46479499997076346,0.09393699974680203,0.021861000277567655,0.0,100352
2,chain_5svc,137,88.42423699979918,75.40389399946434,13.020343000334833,2107392,4,25.911547999839968,0.32958200017674244,0.15707400007158867,59.35284999986834,602112,11.912655999822164,0.39397599994117627,0.08450800032733241,44.01691099974414,802816,14.018587999999,0.19038800019188784,0.033942999834835064,27.399870999943232,401408,23.096028000054503,0.15609599995514145,0.030311000045912806,2.2156519999043667,200704,0.4650739997487108,0.10790499982249457,0.01913699998112861,0.0,100352
2,chain_5svc,138,89.25660899967625,75.95291900042866,13.303689999247581,2107392,4,25.881028000185324,0.3070930001740635,0.1567939998494694,60.22279500029981,602112,12.001005999991321,0.3733030002877058,0.08639399993626284,44.876799999656214,802816,14.134733999981108,0.21120100018379162,0.044208999952388695,28.18286399997305,401408,23.309603000143397,0.15881899980740855,0.02996200009874883,2.5145030003841384,200704,0.6265480001275137,0.11649499992927304,0.02912399986598757,0.0,100352
2,chain_5svc,139,88.89629600025728,75.61034699983793,13.28594900041935,2107392,4,25.9004439999444,0.3200830001333088,0.1924829998642963,59.975696000037715,602112,12.325630000304955,0.34690199981923797,0.08681300005264347,44.11266500028432,802816,13.893640999867785,0.1969529998859798,0.03729600030055735,27.669459999742685,401408,22.871067999858496,0.12334000030023162,0.02940400008810684,2.584974000001239,200704,0.6195639998622937,0.1083239999388752,0.033803000405896455,0.0,100352
2,chain_5svc,140,90.3764479999154,77.05816199950277,13.318286000412627,2107392,4,27.267730999938067,0.3735820000656531,0.14247700028136023,59.94196199981161,602112,11.919082000076742,0.367995000033261,0.09065399990504375,44.6931169999516,802816,14.327426999898307,0.2117590001944336,0.03499000013107434,27.84008199978416,401408,22.94754499962437,0.1491820003138855,0.028565000320668332,2.5617159999455907,200704,0.5963769999652868,0.11446999997133389,0.017529999695398146,0.0,100352
2,chain_5svc,141,90.13423699980194,76.71118799999022,13.423048999811726,2107392,4,26.278496000031737,0.32581100003881147,0.16768900013630628,60.77105100030167,602112,12.220307999996294,0.3719760002240946,0.08681300005264347,44.97765199994319,802816,14.292994999777875,0.21036299995103036,0.035200000183976954,27.916488999835565,401408,23.476873000163323,0.14806399985900498,0.02856599985534558,2.3239060001287726,200704,0.4425160000209871,0.0856960000419349,0.026259999685862567,0.0,100352
2,chain_5svc,142,90.7881630000702,77.73660000020755,13.051562999862654,2107392,4,27.432206999947084,0.3200840001227334,0.09065499989446835,60.135982999781845,602112,12.770869000178209,0.40515099999538506,0.10161899990634993,43.89496900012091,802816,14.15624499986734,0.23222300023917342,0.05580400011240272,27.451343999928213,401408,22.953481000058673,0.1540700000077777,0.0295429999823682,2.3324969997702283,200704,0.42379800015623914,0.09260999968319084,0.021581000055448385,0.0,100352
2,chain_5svc,143,89.6406670003671,75.72209300042232,13.918573999944783,2107392,4,25.799592999646848,0.3150550001009833,0.11530800020409515,60.760854999898584,602112,11.965247000262025,0.32713800010242267,0.08716199999980745,45.009707999724924,802816,13.884492000215687,0.1847309999902791,0.03631699973993818,28.53689099993062,401408,23.462556000140466,0.14946000010240823,0.0295429999823682,2.8136350001659594,200704,0.6102050001572934,0.11481999990792247,0.028424999982235022,0.0,100352
2,chain_5svc,144,89.59688000004462,77.058023000518,12.538856999526615,2107392,4,26.477544000044873,0.3319569996165228,0.19115700024485704,59.83008000021073,602112,12.453789000119286,0.31652200004828046,0.1139109999712673,44.21149199970387,802816,14.225528000224585,0.20763900010933867,0.03994999997303239,27.869905999978073,401408,23.226352999699884,0.12543499997264007,0.029054000151518267,2.730104999955074,200704,0.6748090004293772,0.12424799979271484,0.038482999570987886,0.0,100352
2,chain_5svc,145,90.04079299984369,76.75987099946724,13.28092200037645,2107392,4,25.948496000182786,0.3156140001010499,0.19590500005506328,60.944959000153176,602112,12.378708999676746,0.3252520000387449,0.08541600027456298,45.045329999993555,802816,14.355154999975639,0.2327810002498154,0.03603799996199086,28.08795100008865,401408,23.440695999852323,0.151137000102608,0.029333999918890186,2.3916529999041813,200704,0.6368149997797445,0.11028000017176964,0.029124000320734922,0.0,100352
2,chain_5svc,146,89.5634959997551,76.28704499984451,13.276450999910594,2107392,4,25.60787899983552,0.32504199998584227,0.07899100000940962,60.86038199964605,602112,12.518532000285632,0.3534679999575019,0.09540399969409918,44.804166999711015,802816,14.042405000054714,0.20910500006721122,0.03289500000391854,28.15688400005456,401408,23.551674999907846,0.1590290003150585,0.0295429999823682,2.40527200003271,200704,0.5665539997607993,0.10923200034085312,0.032407000162493205,0.0,100352
2,chain_5svc,147,91.57646800031216,77.05180900029518,14.524659000016982,2107392,4,25.891715000398108,0.32329599980585044,0.1911559998006851,62.24247499994817,602112,12.070986999788147,0.3642940000645467,0.09337800020148279,45.852697999634984,802816,14.953417000015179,0.20959499988748576,0.03680600002553547,28.238389999842184,401408,23.48846799986859,0.14855300014460227,0.03429200023674639,2.621081999677699,200704,0.6472220002251561,0.11824099965451751,0.0295429999823682,0.0,100352
2,chain_5svc,148,91.5526530002353,77.98510000066017,13.567552999575128,2107392,4,26.422090999858483,0.32155100007003057,0.1692959999672894,61.92832799979442,602112,12.740139000015915,0.393486999655579,0.08422900009463774,45.47911600002408,802816,14.485967000382516,0.18857199984267936,0.03715599996212404,28.497640999830764,401408,23.65343400015263,0.15141599988055532,0.02898499997172621,2.6696220002122573,200704,0.683469000250625,0.11349199985488667,0.03813400007857126,0.0,100352
2,chain_5svc,149,89.66686300027504,76.9104499995592,12.756413000715838,2107392,4,25.69951099985701,0.3210609997950087,0.0877910001690907,61.03261099997326,602112,12.643689000015002,0.39006399993013474,0.08890800017979927,44.89894199969058,802816,13.917876000050455,0.20784899970749393,0.03345499999340973,28.738943000007566,401408,24.231441999745584,0.18095900031767087,0.03575900018404354,2.162991999739461,200704,0.4179319998911524,0.14589900001737988,0.018647999695531325,0.0,100352
2,chain_5svc,150,90.23977200013178,77.62835000039559,12.611421999736194,2107392,4,26.922505000129604,0.32637000003887806,0.1652450000619865,60.347883999838814,602112,12.337014000422641,0.355423999735649,0.0891869999577466,44.81157100008204,802816,14.63410099995599,0.22663599975203397,0.03275600010965718,27.90699199977098,401408,23.072562999914226,0.12285100001463434,0.02856499986592098,2.7702639999915846,200704,0.6621669999731239,0.12788000003638444,0.03478099961284897,0.0,100352
2,chain_5svc,151,90.66224400021383,76.80114699951446,13.861097000699374,2107392,4,26.10794399970473,0.34564499992484343,0.08967700023276848,61.369315999854734,602112,12.421592000009696,0.3992140000264044,0.08541599981981562,45.45599899984154,802816,14.028714999767544,0.1854990000538237,0.03429199978199904,28.744811000251502,401408,23.52066499997818,0.1469469998482964,0.03010199998243479,2.915115000178048,200704,0.7222310000543075,0.1271820001420565,0.03575899972929619,0.0,100352
2,chain_5svc,152,91.75554200010083,77.88432000006651,13.871222000034322,2107392,4,26.494447000004584,0.37770300014017266,0.17174000004160916,61.99453799990806,602112,12.97054599990588,0.3391510003893927,0.10979099988617236,45.400614000300266,802816,14.430233999974007,0.2185339999414282,0.043651000396494055,28.20256099994367,401408,23.387059000015142,0.14973999986978015,0.03052100009881542,2.607741999781865,200704,0.6020340001668956,0.10846299983313656,0.02856499986592098,0.0,100352
2,chain_5svc,153,89.14982599981158,75.76749199961341,13.38233400019817,2107392,4,26.19643299976815,0.33908100022017607,0.17788600007406785,59.71833300009166,602112,12.138244999732706,0.4293160000088392,0.09540300015942194,44.20422900011545,802816,14.129844999843044,0.2109920001203136,0.034361999951215694,27.286448999802815,401408,22.724751000168908,0.19765199976973236,0.029054000151518267,2.4888719999580644,200704,0.5782180001006054,0.11712400009855628,0.027656999918690417,0.0,100352
2,chain_5svc,154,89.73307199994451,76.56815500013181,13.164916999812704,2107392,4,26.18609600040145,0.30171599973982666,0.18067999963022885,60.385248999864416,602112,12.051501999849279,0.3773530002035841,0.08576600021115155,44.93812300006539,802816,14.184391999606305,0.18801300029736012,0.03624800001489348,28.274567000153183,401408,23.692615000072692,0.1516960001026746,0.029612999696837505,2.2231260004446085,200704,0.45355000020208536,0.08716199999980745,0.02053399975920911,0.0,100352
2,chain_5svc,155,90.34837900026105,77.22809299957589,13.120286000685155,2107392,4,26.065969999763183,0.352839000242966,0.08255300008386257,61.28474200022538,602112,12.900008000087837,0.44125799968242063,0.050843999815697316,45.08535200011465,802816,14.337973999772657,0.25666700003057485,0.03967000020566047,28.293355999721825,401408,23.3179859997108,0.16748000007282826,0.02884500008804025,2.679400000033638,200704,0.6061550002414151,0.12068599971826188,0.028844000098615652,0.0,100352
2,chain_5svc,156,89.30348100011543,76.67550800033496,12.627972999780468,2107392,4,26.000459999977465,0.3265790001023561,0.16748000007282826,60.20317599995906,602112,12.641524000173376,0.3568199999790522,0.08632400022179354,44.29104400014694,802816,13.953286999822012,0.1806100003705069,0.03617799984567682,28.04276500000924,401408,23.64645100033158,0.16538499994567246,0.030590999813284725,2.1549600000980718,200704,0.4337860000305227,0.08730199988349341,0.024933000076998724,0.0,100352
2,chain_5svc,157,89.2340579998745,75.88448399974368,13.349574000130815,2107392,4,26.08343200017771,0.3252520000387449,0.1727869998831011,60.16364600009183,602112,12.24098300008336,0.3705089998220501,0.08429799981968245,44.495610000012675,802816,14.107776999935595,0.24221000012403238,0.034781000067596324,27.601366999988386,401408,23.005654999906255,0.14638800030297716,0.04427900012160535,2.3908849998406367,200704,0.4466369996407593,0.12815900026907912,0.017670000033831457,0.0,100352
2,chain_5svc,158,89.57348800004183,76.19122599953698,13.382262000504852,2107392,4,26.33884199985914,0.3323760001876508,0.17125100021075923,60.107283999968786,602112,11.958053999933327,0.3456460003690154,0.08667399970363476,44.79886199987959,802816,13.971305999803008,0.22069900023780065,0.034083000173268374,27.973271999599092,401408,23.252475999925082,0.14086999999562977,0.031008999940240756,2.6851269999497163,200704,0.6705480000164243,0.12159499965491705,0.031010000384412706,0.0,100352
2,chain_5svc,159,89.55595899988111,76.00691400102733,13.549044998853788,2107392,4,25.614794999910373,0.3328640000290761,0.09519400009594392,60.85395999980392,602112,12.447574000361783,0.34089699965988984,0.08632399976704619,44.949580000320566,802816,13.885471000321559,0.23501599980590981,0.07012099968051189,28.44093099974998,401408,23.456342000372388,0.1506479998170107,0.0295429999823682,2.770053999938682,200704,0.6027320000612235,0.1216639998347091,0.027097999918623827,0.0,100352
2,chain_5svc,160,89.19383000011294,76.3600340001176,12.833795999995345,2107392,4,25.66375300011714,0.31631199999537785,0.07515000015700934,60.59924700002739,602112,12.078532000032283,0.35870600004273,0.08541599981981562,45.195002000127715,802816,14.346773999932338,0.21497199986697524,0.033244999940507114,28.19571800000631,401408,23.673271000006935,0.14547999990099925,0.028844000098615652,2.5747770000634773,200704,0.597704000028898,0.12326999967626762,0.028635000035137637,0.0,100352
2,chain_5svc,161,89.99470299977474,76.58184899946718,13.412854000307561,2107392,4,26.10577999985253,0.33063000000765896,0.08290200003102655,60.64010399995823,602112,12.228970000251138,0.3467629999249766,0.10525199968469678,44.83406199960882,802816,14.374360999681812,0.2447250003569934,0.03429300022617099,27.93821199975355,401408,23.371414999928675,0.1850099997682264,0.030032000267965486,2.3099390000425046,200704,0.5013229997530289,0.09261000013793819,0.031008999940240756,0.0,100352
2,chain_5svc,162,91.71881000020221,78.1284190002225,13.590390999979718,2107392,4,26.225070000236883,0.3172199999426084,0.19318199974804884,62.53022599958058,602112,13.496174000010797,0.3092590000051132,0.08716199999980745,45.44140400003016,802816,14.618456999869522,0.21518199991987785,0.03582899989851285,27.990454000246245,401408,23.19290000014007,0.14038100016477983,0.03149899976051529,2.5860220002869028,200704,0.5958179999652202,0.12201300023662043,0.02786699997159303,0.0,100352
2,chain_5svc,163,89.97577600030127,76.57423599994218,13.401540000359091,2107392,4,25.45415899976433,0.3243440000915143,0.18913099984274595,61.49398699972153,602112,12.059184999998251,0.40256600004795473,0.11307399972793064,45.896910000010394,802816,14.074811000227783,0.3206420001333754,0.03778399968723534,29.13885800035132,401408,24.363862999962294,0.1651760003369418,0.029612999696837505,2.7216540001973044,200704,0.6222179999895161,0.11509900014061714,0.0295429999823682,0.0,100352
2,chain_5svc,164,89.46348800009218,75.94866699992053,13.51482100017165,2107392,4,25.63323300000775,0.3068139999413688,0.18095899986292352,60.58828200002608,602112,12.09668999990754,0.40647800005899626,0.08744200022192672,44.93589100002282,802816,13.962297000034596,0.2447950000714627,0.0590849999753118,28.251661000012973,401408,23.812674000055267,0.15260400004990515,0.028635000035137637,2.2115319998192717,200704,0.44377299991538166,0.08353000021088519,0.01843900008680066,0.0,100352
2,chain_5svc,165,89.31821700025466,75.86820999995325,13.450007000301412,2107392,4,25.77913200002513,0.32287700014421716,0.08716199999980745,60.07180500000686,602112,12.376753999888024,0.367785999969783,0.08346100003109314,44.265552000069874,802816,14.124958000138577,0.21392400003605871,0.03526999989844626,27.820598999824142,401408,22.963051999795425,0.14086999999562977,0.031428000056621386,2.691133000098489,200704,0.6243140001060965,0.1202670000566286,0.030031999813218135,0.0,100352
2,chain_5svc,166,89.5491179999226,76.94048800067321,12.608629999249388,2107392,4,26.17296800008262,0.2824389998750121,0.1651049997235532,60.29467200005456,602112,12.823601000036433,0.3730930002348032,0.08625400005257688,43.98960999969859,802816,14.198711000062758,0.21092099996167235,0.03345400000398513,27.390795999963302,401408,23.119498000141903,0.1407300001119438,0.03485099978206563,2.487335999830975,200704,0.6257100003494998,0.1145399996858032,0.02856599985534558,0.0,100352
2,chain_5svc,167,92.55956700008028,78.72486900032527,13.834697999755008,2107392,4,26.29051200028698,0.2747569997154642,0.09156199985227431,62.917569000092044,602112,11.863210000228719,0.37623599973812816,0.08855899977788795,47.36980000006952,802816,16.239828999914607,0.31093500001588836,0.03387300012036576,28.29824699983874,401408,23.826712999834854,0.15567700029350817,0.03052100009881542,2.4408220001532754,200704,0.5046050000601099,0.11440000025686459,0.018647999695531325,0.0,100352
2,chain_5svc,168,91.70086599988281,77.61459999983344,14.086266000049363,2107392,4,26.35008699962782,0.25527100024191895,0.17600099999981467,62.112436999996135,602112,12.245313000221358,0.40438299993184046,0.05580300012297812,46.089814999959344,802816,14.779791999899317,0.21923299982518074,0.03666700013127411,28.646965000007185,401408,23.61202099973525,0.15700300036769477,0.031008999940240756,2.6813560002665326,200704,0.6273870003496995,0.11726399998224224,0.029891999929532176,0.0,100352
2,chain_5svc,169,90.42730500004836,76.2700809996204,14.15722400042796,2107392,4,25.61374800006888,0.26896000008491683,0.0913529997887963,61.554962000172964,602112,12.6590549998582,0.36317600006441353,0.08492699998896569,45.34956499992404,802816,14.05343999977049,0.22447099991040886,0.0358290003532602,28.517758000361937,401408,23.379238999950758,0.15029899986984674,0.02856499986592098,2.7220039996791456,200704,0.5645989999720769,0.11747300004572026,0.0857649997669796,0.0,100352
2,chain_5svc,170,91.30011500019464,77.85681000041222,13.443304999782413,2107392,4,26.184073999957036,0.2605089998723997,0.25101000028371345,61.756594000144105,602112,12.963702999968518,0.4274299999451614,0.12012700017294264,44.96927699983644,802816,13.855510000212234,0.1977209999495244,0.03904100003637723,28.640399999858346,401408,24.36477199989895,0.1434549999430601,0.032686000395187875,2.3706309998487995,200704,0.4887510003754869,0.10986100005538901,0.026748999971459853,0.0,100352
2,chain_5svc,171,90.96222200014381,76.69807000047513,14.264151999668684,2107392,4,26.273541000136902,0.25617899973440217,0.16650199995638104,60.74207600022419,602112,11.844563000067865,0.38580399996135384,0.09058499972525169,45.48337999995056,802816,14.161555000100634,0.24367699961658218,0.03764500024772133,28.602267000223947,401408,23.823291000098834,0.16063499970186967,0.03024099987669615,2.5109430002885347,200704,0.5951200000708923,0.16286999971271143,0.028076000035071047,0.0,100352
2,chain_5svc,172,90.76044899984481,76.83195599975079,13.928493000094022,2107392,4,26.452613999936148,0.26323300016883877,0.09058500017999904,60.8457210000779,602112,12.374659999750293,0.4167440001765499,0.09638100027586916,45.02529000001232,802816,14.055884999834234,0.2208390001214866,0.04092700010005501,28.446170999814058,401408,23.360172000138846,0.1829149996410706,0.030311000045912806,2.783743000236427,200704,0.5886250000912696,0.16273099981845007,0.028495000151451677,0.0,100352
2,chain_5svc,173,91.00671099986357,76.670273000218,14.336437999645568,2107392,4,26.674849999835715,0.2569470002526941,0.1899690000755072,60.596317000090494,602112,12.374521000310779,0.3931369997189904,0.09156199985227431,44.869891999951506,802816,14.159389999804262,0.3047889999834297,0.03387300012036576,27.952671000093687,401408,22.873237000112567,0.19723300010809908,0.04763100014315569,2.57882799996878,200704,0.588275000154681,0.11398100014048396,0.02842599997165962,0.0,100352
2,chain_5svc,174,89.58131600002162,75.62467600018863,13.956639999832987,2107392,4,25.416935000066587,0.25876200015773065,0.1533019999442331,60.87889599984919,602112,12.491854000018066,0.3885979999722622,0.08723199971427675,44.95181699985551,802816,14.34880000033445,0.33237599973290344,0.034781000067596324,27.637685999707173,401408,22.941262999665923,0.18668600023374893,0.029473000267898897,2.301767000062682,200704,0.4258240001036029,0.09330800003226614,0.017529999695398146,0.0,100352
2,chain_5svc,175,89.07175200010897,75.78999099996508,13.281761000143888,2107392,4,26.05444900018483,0.26595600002110587,0.08115499986161012,59.903629000018555,602112,12.224569999943924,0.3821730001618562,0.09065399990504375,44.483390000095824,802816,13.854183000148623,0.19010799996976857,0.035619000300357584,27.952390999871568,401408,22.991827999703673,0.17257900026379502,0.03010099999301019,2.8860610000265297,200704,0.6649609999840322,0.11370200036253664,0.029612999696837505,0.0,100352
2,chain_5svc,176,89.97501199974067,75.7486429997698,14.226368999970873,2107392,4,25.31119499963097,0.2576450001470221,0.1709720004328119,61.24346800015701,602112,12.622527000075934,0.43392499992478406,0.08409000020037638,45.07040799990136,802816,14.08850000007078,0.25617899973440217,0.05287000021780841,28.340011999716808,401408,23.06627899997693,0.1558860003569862,0.028635000035137637,2.845483000328386,200704,0.6601420000151847,0.13053400016360683,0.03485099978206563,0.0,100352
2,chain_5svc,177,89.27946399990105,76.65756500000498,12.621898999896075,2107392,4,25.982651000049373,0.2523369998925773,0.1716709998618171,60.37925200007521,602112,12.964333000127226,0.37323300011848914,0.08387899970330182,43.974875999992946,802816,14.383093000105873,0.18801299984261277,0.05287000021780841,27.217590999953245,401408,22.69639999985884,0.12117500000385917,0.03575799973987159,2.6930190001621668,200704,0.6310879998636665,0.11342300012984197,0.028076000035071047,0.0,100352
2,chain_5svc,178,90.23720200002572,76.45802800061574,13.779173999409977,2107392,4,25.907501999881788,0.2628840002216748,0.18717600005402346,61.11622000025818,602112,11.982291000094847,0.40996999996423256,0.08534600010534632,45.42967400038833,802816,14.223715000298398,0.2786669997476565,0.054755999826738844,28.247474000181683,401408,23.720625000350992,0.16901599974517012,0.02912399986598757,2.3197860000436776,200704,0.6238949999897159,0.10867299988603918,0.028635000035137637,0.0,100352
2,chain_5svc,179,89.5322909996139,75.8255430000645,13.706747999549407,2107392,4,25.82481099989309,0.34508699991420144,0.08206300026358804,60.4306559998804,602112,12.176590000308352,0.4314809998504643,0.09240000008503557,44.70590699975219,802816,14.120069999989937,0.19520700016073533,0.05901599979551975,28.050939999957336,401408,23.026959000162606,0.1956259998223686,0.03010199998243479,2.9188169996814395,200704,0.6771129997105163,0.12550500014185673,0.032407000162493205,0.0,100352
2,chain_5svc,180,89.43646899979285,75.9053730002961,13.531095999496756,2107392,4,25.905897000029654,0.25568999990355223,0.14310500000647153,60.44420499983971,602112,11.975306999829627,0.4133219999857829,0.10385399991719169,44.61769699992146,802816,13.983320000079402,0.2123180001945002,0.03582899989851285,28.3398040000975,401408,23.462421000203904,0.16775899985077558,0.028215999918757007,2.668225999968854,200704,0.578428000153508,0.1125140001931868,0.02772699963315972,0.0,100352
2,chain_5svc,181,90.06183000019519,76.68864499964911,13.373185000546073,2107392,4,25.948289999632834,0.2767120004136814,0.1688770003056561,60.92583300005572,602112,12.521327999820642,0.44433199991544825,0.0891869999577466,44.78336199963451,802816,14.564402000360133,0.19988599979114952,0.03505999984554364,27.749642999879143,401408,23.076685999967594,0.1439440002286574,0.028635000035137637,2.4120469997797045,200704,0.5779389998679108,0.1343750000160071,0.020464000044739805,0.0,100352
2,chain_5svc,182,89.29552800009333,75.86730999992142,13.42821800017191,2107392,4,25.83584600006361,0.25031199993463815,0.08869899966157391,60.4428779997761,602112,12.299650999921141,0.3586360003282607,0.10573999998086947,44.56217300003118,802816,14.052392999928998,0.1812390000850428,0.04930800014335546,28.10297099995296,401408,23.058598000261554,0.15595599961670814,0.03052000010939082,2.741977999903611,200704,0.6208219997461129,0.1187299999401148,0.030870000045979396,0.0,100352
2,chain_5svc,183,90.16554400022869,76.67327600074714,13.492267999481555,2107392,4,25.767121000171755,0.2552010000727023,0.18892099978984334,61.27629699994941,602112,12.443733000054635,0.40221800009021536,0.08534700009477092,45.3118519999407,802816,14.398597000308655,0.21608999986710842,0.05866699984835577,28.299784999944677,401408,23.457252000298467,0.14492199989035726,0.028635000035137637,2.5814819996412552,200704,0.6065729999136238,0.10581000015008613,0.03038199974980671,0.0,100352
2,chain_5svc,184,91.2973949998559,77.69959899997048,13.59779599988542,2107392,4,26.109832999736682,0.34159500000896514,0.13367700012167916,62.07877599990752,602112,12.488432000282046,0.41576700004952727,0.08457799958705436,45.9248510001089,802816,14.77888499994151,0.2461210001456493,0.04246399976182147,28.386038999997254,401408,23.85555899991232,0.13451499989969307,0.02856499986592098,2.2211000000424974,200704,0.46689000009791926,0.08667400015838211,0.022977999833528884,0.0,100352
2,chain_5svc,185,90.34482800007027,77.32322499987276,13.021603000197501,2107392,4,26.548438999725477,0.32762600039859535,0.08276200014734059,60.59031299992057,602112,12.06358600029489,0.3582869999263494,0.08820999983072397,44.981222999922466,802816,14.21917499965275,0.20624200033125817,0.035758000194618944,28.32779100026528,401408,23.97512800007462,0.14520000013362733,0.03052100009881542,2.5485169999228674,200704,0.5168970001250273,0.13500300019586575,0.019625999811978545,0.0,100352
2,chain_5svc,186,91.48701599997366,77.7331260005667,13.753889999406965,2107392,4,26.350228999945102,0.33656599998721504,0.09386700003233273,62.0319820000077,602112,13.437579000310507,0.3768649999074114,0.08394899987251847,44.8437750001176,802816,14.284546999988379,0.22754400015401188,0.044348999836074654,27.977465999811102,401408,23.231106000366708,0.14973999986978015,0.03219699965484324,2.3412280002048647,200704,0.42966499995600316,0.0928889999158855,0.027656999918690417,0.0,100352
2,chain_5svc,187,90.03179800038197,76.6213870001593,13.410411000222666,2107392,4,26.509816000270803,0.3805659998761257,0.11048999976992491,60.24424799988992,602112,12.337504999777593,0.36499199995887466,0.09016500007419381,44.35264899984759,802816,14.312693000192667,0.1836829997046152,0.034781000067596324,27.540817000044626,401408,22.86555499995302,0.15260400004990515,0.029613000151584856,2.7163459999428596,200704,0.5958179999652202,0.10525100015001954,0.02870499974960694,0.0,100352
2,chain_5svc,188,90.05652399991959,76.56111599999349,13.495407999926101,2107392,4,25.58490499995969,0.3350299998601258,0.11684500032060896,61.04463600013332,602112,12.037605999921652,0.34082599995599594,0.13786700037599076,45.29362499988565,802816,15.223287000026176,0.22908099981577834,0.032965000173135195,27.331642999797623,401408,23.142129000007117,0.12522499991973746,0.03052100009881542,2.46882800001913,200704,0.5731890000788553,0.12285200000405894,0.029054000151518267,0.0,100352
2,chain_5svc,189,90.23092000006727,76.41102699926705,13.81989300080022,2107392,4,25.402269999631244,0.33614800031500636,0.16412800005127792,61.4930180004194,602112,12.653747000058502,0.4194690000076662,0.09777900004337425,44.60422100009964,802816,14.286711999830004,0.23299200029214262,0.0576890001866559,28.13007100030518,401408,23.64219499986575,0.17264799998883973,0.030590000278607477,2.2998109998297878,200704,0.4261029998815502,0.12445799984561745,0.01941600021382328,0.0,100352
2,chain_5svc,190,89.27164599981552,75.69410399992194,13.577541999893583,2107392,4,25.961771000311273,0.32427399992229766,0.1674799996180809,60.187331000179256,602112,11.917408000044816,0.37833199985470856,0.08332100014740718,44.616931000291515,802816,13.774354999895877,0.21615900004690047,0.03624800001489348,28.394561000368412,401408,23.450129999673663,0.14869200003886363,0.029613000151584856,2.74016200000915,200704,0.5904399999963061,0.12264199995115632,0.028146000204287702,0.0,100352
2,chain_5svc,191,89.7288290002507,76.4316320000944,13.297197000156302,2107392,4,26.20747399987522,0.3036709999832965,0.16706099995644763,60.24711500003832,602112,11.929002000215405,0.37113799999133334,0.08450899986200966,44.95531300017319,802816,14.177201000165951,0.21539099998335587,0.03526999989844626,28.413767000074586,401408,23.52583899983074,0.14429200018639676,0.029612000162160257,2.6688540001487127,200704,0.5921160000070813,0.12201400022604503,0.027586999749473762,0.0,100352
2,chain_5svc,192,90.59905500043897,77.25562199993874,13.343433000500227,2107392,4,26.11668000008649,0.343479999628471,0.09931500017046346,61.025987999983045,602112,13.377235999996628,0.39530300000478746,0.08457800004180172,44.09158300040872,802816,14.405302999875857,0.19674400027724914,0.03345400000398513,27.264665000075183,401408,22.745010000107868,0.11921899977096473,0.027727000087907072,2.5931459999810613,200704,0.6113929998718959,0.11509900014061714,0.028565000320668332,0.0,100352
2,chain_5svc,193,89.85503299982156,76.0846599996512,13.770373000170366,2107392,4,25.61975699973118,0.33670600032564835,0.1699940003163647,61.114756999813835,602112,12.019867000162776,0.37120699971637805,0.09666000005381647,45.49497900006827,802816,13.96034299978055,0.18878199989558198,0.034362000405963045,28.84343200003059,401408,23.827832999813836,0.15399999983856105,0.029054000151518267,2.8303979997872375,200704,0.6568600001628511,0.1152380000348785,0.031428000056621386,0.0,100352
2,chain_5svc,194,90.59730800026955,77.77175099954547,12.825557000724075,2107392,4,26.09537799980899,0.3366360001564317,0.17174000004160916,61.282586000288575,602112,12.383880000015779,0.42833799989239196,0.0877910001690907,45.38735300002372,802816,14.43184299978384,0.21169000001464156,0.05398800021794159,28.654580999955215,401408,24.442298999929335,0.15637500018783612,0.02912299987656297,2.1405729999059986,200704,0.418351000007533,0.09812700000111363,0.01955600009750924,0.0,100352
2,chain_5svc,195,89.35545599979378,76.09974399929342,13.255712000500353,2107392,4,26.29065399969477,0.3139380000902747,0.17481400027463678,59.88792099969942,602112,11.939058999814733,0.43965300028503407,0.08429899980910704,44.45908900015638,802816,13.84147299995675,0.210991000130889,0.036317000194685534,28.297899999870424,401408,23.38322200012044,0.14457199995376868,0.04867899997407221,2.739813000061986,200704,0.645335999706731,0.11921900022571208,0.03052100009881542,0.0,100352
2,chain_5svc,196,89.30510100026368,75.60310299913908,13.701998001124593,2107392,4,25.175075999868568,0.3307689999019203,0.1836129999901459,61.138501999721484,602112,12.005689000034181,0.3892960003213375,0.08716199999980745,45.482128000003286,802816,13.933314999576396,0.19869900006597163,0.03624800001489348,29.04792900017128,401408,23.810581999896385,0.17655900001045666,0.0295429999823682,2.835076999872399,200704,0.6784409997635521,0.12040699994031456,0.035619000300357584,0.0,100352
2,chain_5svc,197,89.23560799985353,75.5961879995084,13.639420000345126,2107392,4,25.840666000021884,0.33160799966935883,0.1953470000444213,60.352506000072026,602112,12.176031999842962,0.45487800025512115,0.08583499993619625,44.55791500004125,802816,14.252630000100908,0.22230600006878376,0.0562219997846114,27.75844400002825,401408,22.709320999638294,0.1412190003975411,0.02996200009874883,2.702517999750853,200704,0.6175389999043546,0.10706700004448066,0.033384000289515825,0.0,100352
2,chain_5svc,198,89.91467799978636,76.42087500016714,13.49380299961922,2107392,4,25.79645600008007,0.32245900001726113,0.11398100014048396,60.972837999997864,602112,12.24070499984009,0.3898559998560813,0.08213299997805734,45.16979700019874,802816,14.168052000059106,0.21532100026888656,0.03478099961284897,28.41251000018019,401408,23.635139999896637,0.13458500006890972,0.029194000035204226,2.6055779999296647,200704,0.5805220002912392,0.14687699967907974,0.02053399975920911,0.0,100352
2,chain_5svc,199,91.45496500013905,78.23494200056302,13.220022999576031,2107392,4,26.275079999777518,0.35137300028509344,0.14254600000640494,61.924571999952605,602112,12.264451000191912,0.38929699985601474,0.08527599993612967,46.066145000168035,802816,14.843490000203019,0.2153209998141392,0.054755999826738844,28.632022999772744,401408,24.323290000211273,0.1597269997546391,0.03121899999314337,2.1425280001494684,200704,0.5286310001793026,0.1187299999401148,0.025352000193379354,0.0,100352
2,chain_5svc,200,90.30656299955808,76.8776429999889,13.428919999569189,2107392,4,26.125689999844326,0.32846500016603386,0.16077500004030298,61.09883599992827,602112,12.72268200000326,0.4229599999234779,0.08953699989433517,44.79125799980466,802816,14.236637000067276,0.22181699978318647,0.03764399980354938,27.938217999690096,401408,23.178307999842218,0.15092700004970538,0.02982200021506287,2.4302759998136025,200704,0.6143260002318129,0.1426160001756216,0.03149899976051529,0.0,100352
3,chain_5svc,1,99.76140699973257,86.53732600078001,13.224080998952559,2107392,4,31.4571280000564,0.31631299998480245,0.18591799971545697,64.90837199999078,602112,13.542977000270184,0.38503699988723383,0.08772099999987404,47.838955000315764,802816,15.990575000159879,0.18521999982112902,0.039459999698010506,29.41216799990798,401408,25.102733000039734,0.14911200014466885,0.032966000162559794,2.404925000064395,200704,0.44391300025381497,0.10210899972662446,0.019484999938867986,0.0,100352
3,chain_5svc,2,97.85578000037276,84.546772000067,13.309008000305766,2107392,4,28.806152000015572,0.31289099979403545,0.1131429999077227,65.79284600002211,602112,14.283437999893067,0.3256710001551255,0.10147900002266397,47.929190999639104,802816,15.424998000071355,0.1927619996422436,0.047142999846983,29.944917999728204,401408,25.379306000104407,0.1456189997952606,0.03149899976051529,2.545446000112861,200704,0.6528779999825929,0.11300400001346134,0.0309399997604487,0.0,100352
3,chain_5svc,3,99.4486570002664,85.3521849999197,14.096472000346694,2107392,4,29.80349000017668,0.3172899996570777,0.17383500016876496,66.1353489999783,602112,14.507768000385113,0.3726049999386305,0.09533399997962988,48.14465199979168,802816,15.77427499978512,0.25757599996723,0.05356800011213636,29.728129999966768,401408,24.77685299982113,0.14743600013389369,0.03219700010959059,2.657541000189667,200704,0.4897989997516561,0.08632400022179354,0.020043999938934576,0.0,100352
3,chain_5svc,4,98.72900900018067,84.46184399963386,14.267165000546811,2107392,4,29.65319000031741,0.33237599973290344,0.1188009996440087,65.60252799999944,602112,13.456023999879108,0.3843380000034813,0.05091499997433857,48.02997200022219,802816,16.363248999823554,0.21343600019463338,0.07172799996624235,28.996889000154624,401408,24.4265279998217,0.12676200003625127,0.03289500000391854,2.55250000009255,200704,0.562852999792085,0.11258500035182806,0.027587000204221113,0.0,100352
3,chain_5svc,5,98.67781499997363,85.24951800018243,13.4282969997912,2107392,4,29.44736700010253,0.3116329999102163,0.11356300001352793,66.14394000007451,602112,13.944776000244019,0.3558429998520296,0.09938399989550817,48.82316200018977,802816,16.39893799983838,0.21567100020547514,0.039042000025801826,29.595222000352805,401408,24.889437000183534,0.13172099988878472,0.032406999707745854,2.6137509998989117,200704,0.5689999998139683,0.1333969998995599,0.026819000140676508,0.0,100352
3,chain_5svc,6,98.29710899975908,84.54502699942168,13.752082000337396,2107392,4,29.372287999649416,0.3251820003242756,0.0891869999577466,65.43043800002124,602112,13.297764000071766,0.3640840000116441,0.08821000028547132,48.62984100009271,802816,16.093380999791407,0.2150420000361919,0.03729600030055735,29.751388000022416,401408,25.278315999912593,0.17439400016883155,0.03289500000391854,2.3329180003202055,200704,0.5032779999964987,0.0899560000107158,0.02235000010841759,0.0,100352
3,chain_5svc,7,98.60496999999668,84.599222000179,14.005747999817686,2107392,4,28.880462999950396,0.35102400033792946,0.10413400013931096,66.3613560000158,602112,13.920331000008446,0.42275099985999987,0.1125849998970807,48.871702999804256,802816,16.227965999860317,0.21413400008896133,0.03562000028978218,29.914957000073628,401408,25.07486600006814,0.14841399979559355,0.033383999834768474,2.430696000374155,200704,0.49559600029169815,0.09819699971558293,0.02137199999197037,0.0,100352
3,chain_5svc,8,97.22930099997029,83.78172700031428,13.447573999656015,2107392,4,29.271366000102716,0.31959499983713613,0.2213980001215532,64.73069499998019,602112,13.468037000166078,0.3917419999197591,0.09246999979950488,47.70863099975031,802816,15.498121999826253,0.251360000220302,0.039461000142182456,29.342674999952578,401408,24.960816000202612,0.15183499999693595,0.030729999707546085,2.2426129999075783,200704,0.5833860000166169,0.10860400016099447,0.03429299977142364,0.0,100352
3,chain_5svc,9,98.45781700005318,84.68869299986181,13.769124000191368,2107392,4,28.470772999753535,0.3264390002186701,0.11202600035176147,66.84640900039085,602112,14.657230000011623,0.4364400001577451,0.08911799977795454,48.43715000015436,802816,16.34641800001191,0.2137149999725807,0.05573399994318606,29.40266999985397,401408,24.63584399993124,0.1271810001526319,0.03149799977109069,2.5562720002199057,200704,0.578428000153508,0.10706700004448066,0.025702000129967928,0.0,100352
3,chain_5svc,10,98.14765200007969,84.71900400036247,13.428647999717214,2107392,4,29.258446999847365,0.34187499977633706,0.17320699998890632,65.74493700009043,602112,14.122034000138228,0.3654809997897246,0.11796299986599479,48.1630919998679,802816,15.648770000098011,0.2065220000986301,0.06537199988088105,29.982704000303784,401408,25.057407000076637,0.15449000011358294,0.030031999813218135,2.6915539997389715,200704,0.632346000202233,0.11111799994978355,0.028146000204287702,0.0,100352
3,chain_5svc,11,98.86101300025985,85.40450099917507,13.456512001084775,2107392,4,28.725276999921334,0.3077219998885994,0.15400099982798565,66.9949620000807,602112,14.172180999594275,0.36652800008596387,0.08611400016889093,49.22873500026981,802816,16.49036199978582,0.24367700007132953,0.04134600021643564,30.08243800013588,401408,25.428964999719028,0.19562600027711596,0.03219700010959059,2.448923999963881,200704,0.5877160001546144,0.11090899988630554,0.021860999822820304,0.0,100352
3,chain_5svc,12,97.3109490000752,83.69708200007153,13.613867000003665,2107392,4,29.386956000053033,0.32692800004952005,0.10105999990628334,64.85934700003781,602112,13.773314999980357,0.3513729998303461,0.08953700034908252,47.622728000078496,802816,15.511531999891304,0.21357500008889474,0.0548259999959555,29.299724000338756,401408,24.524306000330398,0.15022899970063008,0.03533999961291556,2.5553629998285032,200704,0.5009729998164403,0.09777800005394965,0.02346700011912617,0.0,100352
3,chain_5svc,13,101.65851800002201,88.18621899945356,13.472299000568455,2107392,4,28.84379799979797,0.30241400008890196,0.1687369999672228,69.11863400000584,602112,14.282110999829456,0.3575190003175521,0.10022300011769403,51.38579100002971,802816,15.96159099972283,0.19080700030826847,0.04204500010018819,32.982887999878585,401408,28.580355000030977,0.12473700007831212,0.03289500000391854,2.613122000184376,200704,0.5183640000723244,0.10846400027730851,0.019904999589925865,0.0,100352
3,chain_5svc,14,99.81302400001368,85.84003099986148,13.9729930001522,2107392,4,29.803001999880507,0.3305599998384423,0.1906680004140071,66.43245800023578,602112,14.695922000100836,0.345994999861432,0.09198199995807954,47.958177000055,802816,15.856339000038133,0.20910600005663582,0.03757500007850467,29.504220000035275,401408,24.860104999788746,0.13172100034353207,0.03094000021519605,2.5705190000735456,200704,0.6246630000532605,0.09246999979950488,0.027169000077265082,0.0,100352
3,chain_5svc,15,96.95042699968326,82.93671800038283,14.013708999300434,2107392,4,28.50338999996893,0.3235760000279697,0.2080580002257193,64.92429900026764,602112,13.571821999903477,0.37092799993843073,0.10120100023414125,47.51119100001233,802816,15.729927000393218,0.20882599983451655,0.03785399985645199,29.052624000087235,401408,24.685849999968923,0.1378669999212434,0.031009999929665355,2.4269949999506935,200704,0.4457290001482761,0.12012700017294264,0.01857799998106202,0.0,100352
3,chain_5svc,16,99.6549720002804,86.35455400008141,13.300418000198988,2107392,4,28.622888999962015,0.4052200001751771,0.08597499981988221,67.53623399981734,602112,13.908738000282028,0.3694619999805582,0.09435599986318266,50.120751000122254,802816,16.118943999572366,0.20135300019319402,0.03911200019501848,31.667841999933444,401408,27.15237500024159,0.13241999977253727,0.031008999940240756,2.329286000076536,200704,0.5516080000234069,0.11593699991863105,0.02039399987552315,0.0,100352
3,chain_5svc,17,98.54546899987326,84.10516700041626,14.440301999457006,2107392,4,29.14460500005589,0.330071999997017,0.08157499996741535,65.94747799999823,602112,13.940375999936805,0.38594500028921175,0.08639399993626284,48.37547999977687,802816,16.06481699991491,0.22384200019587297,0.04134599976168829,29.376827999840316,401408,24.378268000418757,0.154139999722247,0.03191699988747132,2.559692999966501,200704,0.5771010000898968,0.10860400016099447,0.029332999929465586,0.0,100352
3,chain_5svc,18,97.68264700005602,84.3621140002142,13.320532999841816,2107392,4,28.98327100001552,0.28139200003352016,0.09917499983203015,65.5218629999581,602112,14.020972999787773,0.3475319999779458,0.0872320001690241,47.99798599970018,802816,15.886092000073404,0.21539199997278047,0.05629299994325265,29.480823000085365,401408,24.85137500025303,0.16098399964903365,0.03534000006766291,2.5137369998446957,200704,0.6204030000844796,0.09728899976835237,0.027656999918690417,0.0,100352
3,chain_5svc,19,98.39929400004621,85.26035000022603,13.138943999820185,2107392,4,28.70970200001466,0.25708699968163273,0.16489600011482253,66.39432599968131,602112,14.051006000045163,0.342992000241793,0.08911799977795454,48.999377000200184,802816,15.9364490000371,0.24123200000758516,0.03834300014204928,30.269405000126426,401408,26.09811799993622,0.19485800021357136,0.03331400012029917,2.112497999860352,200704,0.4650750001928827,0.09470499981034664,0.028076000035071047,0.0,100352
3,chain_5svc,20,98.47814500017193,84.83222100039711,13.645923999774823,2107392,4,29.05018100000234,0.26148599999942235,0.17020399991451995,66.01515700003802,602112,14.107786999829841,0.3246930000386783,0.08674299988342682,48.49532999969597,802816,16.319041000315337,0.22076899995226995,0.03757500007850467,29.399876999832486,401408,24.723705000269547,0.1505780001025414,0.032406999707745854,2.6991669997187273,200704,0.6315069999800471,0.1245280000148341,0.02982200021506287,0.0,100352
3,chain_5svc,21,99.1192910000791,85.4941089996828,13.625182000396308,2107392,4,29.41405499996108,0.3158240001539525,0.17111199986175052,66.40578100041239,602112,14.45832200033692,0.3658999999061052,0.09114299973589368,48.35341199986942,802816,15.824771999632503,0.21895300005780882,0.03813300008914666,29.856501999802276,401408,25.20086300000912,0.20065399985469412,0.032266999824059894,2.369166000335099,200704,0.5960969997431675,0.11866100021507009,0.020883000161120435,0.0,100352
3,chain_5svc,22,98.50287000017488,84.10524100054317,14.397628999631706,2107392,4,29.07853700025953,0.2776899996206339,0.17187999992529512,65.93043899965778,602112,13.896864999878744,0.3495570003906323,0.09442600003239932,48.26897300017663,802816,15.531368000210932,0.1913649998641631,0.03631799972936278,30.156191000060062,401408,25.011732000166376,0.15211500021905522,0.04951699975208612,2.7963170000475657,200704,0.5867390000275918,0.1061590000972501,0.02716799963309313,0.0,100352
3,chain_5svc,23,99.7227230000135,85.11857200028317,14.604150999730336,2107392,4,29.802444000324613,0.26574699995762785,0.09519399964119657,66.2918000002719,602112,13.858801999958814,0.37071900032970007,0.09107300002142438,48.54764099991371,802816,16.031642999678297,0.2160200001526391,0.03855200020552729,29.648373999862088,401408,24.812054999983957,0.1748829999996815,0.031009999929665355,2.7775990001828177,200704,0.613628000337485,0.10580999969533877,0.02772699963315972,0.0,100352
3,chain_5svc,24,97.50427499966463,83.48707399954947,14.017201000115165,2107392,4,28.850153999883332,0.27440800022304757,0.1125849998970807,65.47416399962458,602112,13.609956999971473,0.43630000027405913,0.051821999932144536,48.01440100027321,802816,15.574459999697865,0.2885850003622181,0.03666700013127411,29.644952000126068,401408,24.858011000105762,0.1407310001013684,0.031987000056687975,2.6702530003603897,200704,0.5944919998910336,0.1048320000336389,0.027657000373437768,0.0,100352
3,chain_5svc,25,98.43624099994486,84.73416399965572,13.702077000289137,2107392,4,29.542842999944696,0.2677729999049916,0.08492699998896569,65.45998699994016,602112,13.558901999658701,0.39041400032147067,0.09589299997969647,48.19675799990364,802816,15.923597999972117,0.1927619996422436,0.0379940001948853,29.790920999857917,401408,25.122779999946943,0.14708599974255776,0.03247600034228526,2.5161119997392234,200704,0.5860410001332639,0.1455500000702159,0.027656999918690417,0.0,100352
3,chain_5svc,26,98.82595699991725,84.45828900039487,14.367667999522382,2107392,4,28.87459899966416,0.3767960001823667,0.16720000030545634,65.8602480002628,602112,13.715277000301285,0.37428099994940567,0.08911799977795454,48.43345000017507,802816,15.589825000006385,0.20980399995096377,0.05671200005963328,30.25341100010337,401408,25.68269900029918,0.1490419999754522,0.03261599977122387,2.4510200000804616,200704,0.5958890001238615,0.10818400005518924,0.020602999939001165,0.0,100352
3,chain_5svc,27,97.16421699977218,83.6715240002377,13.492692999534484,2107392,4,28.948352000043087,0.2585529996395053,0.09247000025425223,64.89720300032786,602112,13.593333999779134,0.4377670002213563,0.08744200022192672,47.475223999754235,802816,16.052455000135524,0.23760099975334015,0.0548259999959555,28.604592000192497,401408,24.61831400023584,0.13004499987800955,0.03149899976051529,2.03231900013634,200704,0.45906900004411,0.10462199998073629,0.02039399987552315,0.0,100352
3,chain_5svc,28,98.34230400019806,83.85660400017514,14.485700000022916,2107392,4,29.096206000303937,0.2640709999468527,0.1770489998307312,65.40306600027179,602112,13.708433000374498,0.42582399964885553,0.08681299959789612,47.8206599996156,802816,15.642764999938663,0.19583599987527123,0.05650200000673067,29.542842999944696,401408,24.758066999766015,0.12732100003631786,0.03094000021519605,2.7004939997823385,200704,0.6511329997920257,0.1160070000878477,0.03149800022583804,0.0,100352
3,chain_5svc,29,99.19576999982382,84.56102799937071,14.634742000453116,2107392,4,28.956592999747954,0.264978000359406,0.17264899997826433,66.39523700005157,602112,13.531663999856391,0.4367189999356924,0.09016600006361841,49.09492099977797,802816,15.894753999873501,0.1976520002244797,0.04022800021630246,30.52698200008308,401408,25.549023999701603,0.15351199999713572,0.03093900022577145,2.6370079999651352,200704,0.628993000191258,0.10685799998100265,0.028215999918757007,0.0,100352
3,chain_5svc,30,97.21115299998928,83.00426100049663,14.206891999492655,2107392,4,28.520782999748917,0.27845800013892585,0.19276300008641556,65.25751799972568,602112,13.37165700033438,0.39223099975060904,0.08625399959782953,48.0468790001396,802816,15.567546000056609,0.21343600019463338,0.05531499982680543,29.654869999831135,401408,24.943218000316847,0.13465399979395443,0.03436299994064029,2.6144500002374116,200704,0.601057000039873,0.1062289998117194,0.03191700034221867,0.0,100352
3,chain_5svc,31,98.87010000011287,84.22376399948917,14.646336000623705,2107392,4,28.89687899960336,0.3075130002798687,0.17544199999974808,66.42303399985394,602112,13.796712999919691,0.4258939998180722,0.07431199992424808,48.663720000149624,802816,15.737191999960487,0.22307400013232836,0.04567599989968585,30.171697000241693,401408,25.220978000106697,0.1974430001610017,0.030030999823793536,2.612842999951681,200704,0.5720019998989301,0.11286400012977538,0.02053400021395646,0.0,100352
3,chain_5svc,32,98.1901929999367,84.0170350002154,14.173157999721298,2107392,4,29.33206300031088,0.28760699979102355,0.21364499980336404,65.1855810001507,602112,13.451905999772862,0.4258240001036029,0.05817800001750584,48.18055600026128,802816,15.577953000047273,0.20484499964368297,0.03715599996212404,30.084045999956288,401408,25.06509199974971,0.15448900012415834,0.030590000278607477,2.59224000001268,200704,0.5900210003346729,0.1139119999606919,0.02137199999197037,0.0,100352
3,chain_5svc,33,99.13095899992186,85.00333599977239,14.12762300014947,2107392,4,29.51721199997337,0.2557600000727689,0.09107400001084898,66.28013899990037,602112,13.868998999896576,0.43427499986137263,0.052800000048591755,48.80682499970135,802816,15.893217999746412,0.2221660001850978,0.03862200037474395,30.172326999945653,401408,25.097148999975616,0.16789899973446154,0.03191700034221867,2.933416000360012,200704,0.6267580001804163,0.10581000015008613,0.02870499974960694,0.0,100352
3,chain_5svc,34,99.74039600001561,85.26230899997245,14.47808700004316,2107392,4,29.574272999980167,0.29235700003482634,0.2003050003622775,66.63730799982659,602112,13.860408999789797,0.4285479999452946,0.09212100030708825,48.900343000241264,802816,15.876246000061656,0.22118800006865058,0.03694599990922143,30.24510100021871,401408,25.324344000182464,0.14596900018659653,0.031707999823993305,2.8053259998159774,200704,0.6270369999583636,0.10769600021376391,0.031009999929665355,0.0,100352
3,chain_5svc,35,98.7679219997517,84.09162599946285,14.676296000288858,2107392,4,28.9190199996483,0.2588330003163719,0.15937800026222249,66.4087870000003,602112,13.689577000150166,0.450198000180535,0.08841899989420199,48.81534600008308,802816,15.874848999828828,0.21797600038553355,0.03785399985645199,30.102274999990186,401408,25.03282499992565,0.14582900030291057,0.03149899976051529,2.8851550000581483,200704,0.575354999909905,0.17879400002129842,0.027168000087840483,0.0,100352
3,chain_5svc,36,97.71771399982754,83.38943700027812,14.328276999549416,2107392,4,28.671501000189892,0.267213999904925,0.17600000001039007,65.52047100012715,602112,13.727570000355627,0.43455399963931995,0.08799999977782136,47.88170400024683,802816,15.48995199982528,0.22090900029070326,0.07333399980780086,29.530064000027778,401408,24.984494999898743,0.1490419999754522,0.031987000056687975,2.51115299988669,200704,0.51591900000858,0.1048320000336389,0.019905000044673216,0.0,100352
3,chain_5svc,37,100.97414800020488,86.44640299962703,14.527745000577852,2107392,4,29.346519999762677,0.28697900006591226,0.1857080001173017,67.83613900006458,602112,14.255292999678204,0.43769700005213963,0.08730200033824076,49.741095999706886,802816,16.127465999943524,0.3401290000510926,0.03813299963439931,30.625527999745827,401408,26.12144500017166,0.13367700012167916,0.03855299974020454,2.650207999977283,200704,0.5956790000709589,0.10511200025575818,0.028075999580323696,0.0,100352
3,chain_5svc,38,100.04644199989343,85.65516799990291,14.391273999990517,2107392,4,29.059541000151512,0.2839060002770566,0.16482599994560587,67.34200899973075,602112,14.068256999962614,0.4152080000494607,0.08911799977795454,49.307239999961894,802816,16.349352999895927,0.21713699970860034,0.04190500021650223,30.201730000044336,401408,25.668941999811068,0.15316200006054714,0.03052100009881542,2.476372999808518,200704,0.5090750000817934,0.09156299984169891,0.021022000055381795,0.0,100352
3,chain_5svc,39,99.9923869999293,86.07666199986852,13.915725000060775,2107392,4,29.791620000196417,0.26490900017961394,0.16657199967085035,66.60825600010867,602112,13.8201099998696,0.39530399999421206,0.11293299985482008,49.18823199977851,802816,16.408648999913567,0.20240100002411054,0.06495199977507582,30.017068999768526,401408,25.474991999999475,0.182146999577526,0.031429000046045985,2.3720989997855213,200704,0.5812909998894611,0.11167700040459749,0.024585000119259348,0.0,100352
3,chain_5svc,40,97.57321600000068,83.49664600018514,14.076569999815547,2107392,4,28.673527000137256,0.32329699979527504,0.10441299991725828,65.50378199972329,602112,14.01776200009408,0.440491000063048,0.12187299989818712,47.745374999976775,802816,15.605958999913128,0.1878040002338821,0.04064799986736034,29.74545600000056,401408,24.587586000052397,0.15022900015537743,0.03415299988773768,2.7829770001517318,200704,0.6118119999882765,0.12494700013121474,0.02996200009874883,0.0,100352
3,chain_5svc,41,99.23572499974398,85.29276300032507,13.942961999418912,2107392,4,29.58132799994928,0.31519499998466927,0.16894700002012542,66.51292299966372,602112,13.774853000086296,0.4168149998804438,0.0870919998305908,49.15205399993283,802816,15.778538000176923,0.21385499985626666,0.03680700001496007,30.656050000288815,401408,25.513476000014634,0.1516960001026746,0.031987000056687975,2.835637999851315,200704,0.6445680000979337,0.11782299998230883,0.02912299987656297,0.0,100352
3,chain_5svc,42,97.7477500000532,84.10301299954881,13.644737000504392,2107392,4,28.51163400009682,0.33789400004025083,0.0843689999783237,65.99784099989847,602112,13.77031399988482,0.40508100028091576,0.08988599984149914,48.67063600022448,802816,16.332173000137118,0.21902300022702548,0.03994899998360779,29.551017000358115,401408,24.886088999664935,0.1440129999537021,0.03247600034228526,2.6295349998690654,200704,0.6028029997651174,0.16978500025288668,0.030032000267965486,0.0,100352
3,chain_5svc,43,99.09429600020303,85.09755699969901,13.996739000504022,2107392,4,29.875081999762187,0.30527700027960236,0.1300450003327569,65.88763099989592,602112,14.292240000031597,0.3821029999926395,0.09184100008496898,47.92563599994537,802816,15.31807299988941,0.19220400008634897,0.0379930002054607,29.888909999954194,401408,25.0479119999909,0.14792399997531902,0.03331400012029917,2.5624879999668337,200704,0.5642500000249129,0.10839399965334451,0.028077000024495646,0.0,100352
3,chain_5svc,44,97.00086399971042,83.5917019999215,13.409161999788921,2107392,4,27.915956000015285,0.27964499986410374,0.08827999999994063,65.63913500031049,602112,13.949456999853282,0.3539569997883518,0.08862900040185195,48.230145999696106,802816,16.004056999918248,0.22188699995240313,0.03624700002546888,29.810338000061165,401408,25.260719000016252,0.21678799976143637,0.03247599988753791,2.2057359997234016,200704,0.4615130001184298,0.08730199988349341,0.0210929997592757,0.0,100352
3,chain_5svc,45,97.93359800005419,84.40828799984956,13.525310000204627,2107392,4,29.079515999910655,0.2809029997479229,0.08821000028547132,65.65882999984751,602112,14.104924000093888,0.33621800002947566,0.08960700006355182,48.06413199958115,802816,15.788943999723415,0.2362740001444763,0.05538400000659749,29.585658000087278,401408,24.834545999965485,0.14708599974255776,0.031009000394988107,2.630931999647146,200704,0.6003580001561204,0.1660829998400004,0.030590999813284725,0.0,100352
3,chain_5svc,46,97.84035999973639,84.22635100032494,13.614008999411453,2107392,4,29.04326799989576,0.3200840001227334,0.16440699982922524,65.60596000008445,602112,13.524541000151657,0.3733730000021751,0.09435599986318266,48.512304999803746,802816,15.89293799997904,0.21476300025824457,0.03792400002566865,30.09054299991476,401408,25.228662000245095,0.15190499971140525,0.034781000067596324,2.5393000000804022,200704,0.5369420000533864,0.11803200004578684,0.027656999918690417,0.0,100352
3,chain_5svc,47,97.70877900018604,83.6390540002867,14.069724999899336,2107392,4,29.21801200000118,0.35689099968294613,0.07808300006217905,65.03535399997418,602112,13.543818000016472,0.3890170000886428,0.09184100008496898,47.749704999660025,802816,15.823865000129445,0.18661700005395687,0.05342899976312765,29.547593999723176,401408,24.558740999964357,0.15015899998616078,0.03149900021526264,2.5960109996958636,200704,0.4946180001752509,0.11125699984404491,0.01913699998112861,0.0,100352
3,chain_5svc,48,98.23566299974118,84.11062400000446,14.125038999736717,2107392,4,28.725140000005922,0.3469030002634099,0.1482739999119076,66.00091400014207,602112,14.380099999925733,0.33628699975452037,0.08688300022186013,48.1937569998081,802816,15.928766999877553,0.2150420000361919,0.04008899986729375,29.58007099960014,401408,24.500353999883373,0.13451499989969307,0.031987000056687975,2.8232059999027115,200704,0.5762630003118829,0.11586699974941439,0.02716799963309313,0.0,100352
3,chain_5svc,49,97.03585599982034,83.58059799957118,13.45525800024916,2107392,4,28.314052000041556,0.35884599992641597,0.11125800028821686,65.32191599990256,602112,13.542350999614428,0.3544460000739491,0.10245700013911119,48.245441999824834,802816,15.667140999994444,0.1854990000538237,0.03757500007850467,30.28484300011769,401408,25.567953000063426,0.14876300019750488,0.03191699988747132,2.5011669999912556,200704,0.48910099985732813,0.1216639998347091,0.020882000171695836,0.0,100352
3,chain_5svc,50,97.6022740001099,83.77489900021828,13.827374999891617,2107392,4,28.480626000146003,0.305276999824855,0.09756899999047164,65.62677599958988,602112,13.668973999756417,0.32476400019731955,0.08981600012702984,48.47682799982067,802816,15.762264999921172,0.21148099995116354,0.03757500007850467,29.779189999771916,401408,25.396632000138197,0.17641899967202335,0.03617799984567682,2.234929999758606,200704,0.4664020002564939,0.08583499993619625,0.019485999928292586,0.0,100352
3,chain_5svc,51,99.98331199994936,86.26586800028235,13.717443999667012,2107392,4,28.931314000146813,0.314356999751908,0.19716299993888242,67.37190700005158,602112,14.05827100006718,0.3398489998289733,0.09393599975737743,49.80067499991492,802816,16.043028000240156,0.2209089998359559,0.03638799989857944,31.03843400003825,401408,26.761265999994066,0.1850099997682264,0.032407000162493205,2.2681750001538603,200704,0.47198899983413867,0.09610200004317448,0.024513999960618094,0.0,100352
3,chain_5svc,52,96.89785099999426,83.33754999966914,13.560301000325126,2107392,4,28.8269699999546,0.2751060001173755,0.20659200026784674,64.91376200028753,602112,13.368724999963888,0.3641539997261134,0.09051400002135779,47.94610199996896,802816,15.534721000221907,0.19583599987527123,0.04937799985782476,29.907001000083255,401408,25.02779799988275,0.17320699998890632,0.03191699988747132,2.7483359999678214,200704,0.5793359996459913,0.11272400024608942,0.026330000309826573,0.0,100352
3,chain_5svc,53,97.51231800009919,83.95264699993277,13.559671000166418,2107392,4,28.352188000098977,0.28062299998055096,0.11865999977089814,65.97242099996947,602112,14.133211000171286,0.38636299996142043,0.0877910001690907,48.204165999777615,802816,16.02081900000485,0.21343499975046143,0.03624800001489348,29.83450500005347,401408,24.997486999836838,0.15972700020938646,0.03191799987689592,2.5615790000301786,200704,0.4489419998208177,0.09875600017039687,0.019905000044673216,0.0,100352
3,chain_5svc,54,96.9724420001512,83.27106099977755,13.701381000373658,2107392,4,28.480626000146003,0.2583440000307746,0.09295900008510216,65.41292099973361,602112,13.591099999757716,0.3325860002405534,0.0984070002232329,48.47745600000053,802816,15.98380299992641,0.19388100008654874,0.040159000036510406,29.836600000180624,401408,24.659523000082118,0.2102929997818137,0.02996200009874883,2.8365459997985454,200704,0.5560089998652984,0.1117460001296422,0.027029000193579122,0.0,100352
3,chain_5svc,55,98.57977599995138,84.42051499969239,14.159261000258994,2107392,4,29.111295999882714,0.2881660002458375,0.17998100020122365,66.11007900028198,602112,13.788473000204249,0.32909299989114515,0.09093400012716302,48.96669699974154,802816,15.904882000086218,0.21678799976143637,0.03708599979290739,30.25041199998668,401408,24.991270999635162,0.17090200026359526,0.03080000033151009,2.9070860000501852,200704,0.6245929998840438,0.11859100004585343,0.028216000373504357,0.0,100352
3,chain_5svc,56,98.40663900013169,84.45473699975992,13.951902000371774,2107392,4,28.886055999919336,0.27706200035026995,0.17208899998877314,66.49302099958732,602112,14.172321999922133,0.39320799987763166,0.09547400031806319,48.70206600025995,802816,15.774279000197566,0.2172769995922863,0.03764399980354938,30.238677999932406,401408,24.849422999977833,0.19527699987520464,0.032406000173068605,3.0894420001459366,200704,0.7726569997430488,0.14296600011221017,0.03967000020566047,0.0,100352
3,chain_5svc,57,104.30706499982989,89.7501940003167,14.556870999513194,2107392,4,33.962980000069365,0.355283999851963,0.19492799992804066,66.66315399979794,602112,13.730364999901212,0.3797280000981118,0.09002600017993245,49.53904799958764,802816,15.921504000289133,0.22733500009053387,0.03757499962375732,30.75564500022665,401408,25.55754600007276,0.14659799990113243,0.030312000035337405,2.6384749999124324,200704,0.5777989999842248,0.11202599989701412,0.0295429999823682,0.0,100352
3,chain_5svc,58,99.57606599982682,85.12263200009329,14.453433999733534,2107392,4,28.82222099970022,0.2881660002458375,0.16699100024197833,67.55181900007301,602112,13.849794000179827,0.38713200001438963,0.10992999978043372,49.714769999809505,802816,16.854657999829215,0.28216000009706477,0.03666700013127411,30.03327399983391,401408,25.02591200027382,0.15896000013526645,0.031428999591298634,2.777040000182751,200704,0.5700470001102076,0.1434549999430601,0.027656999918690417,0.0,100352
3,chain_5svc,59,97.70766600013303,84.43748699983189,13.270179000301141,2107392,4,28.670315999988816,0.2514990001145634,0.09156200030702166,65.9965180002473,602112,13.999185000102443,0.39600199988854,0.11558799997146707,48.408662999918306,802816,16.030387999762752,0.18633700028658495,0.0372250001419161,29.855319000034797,401408,25.11747499966077,0.16894700002012542,0.03478200005702092,2.523445999941032,200704,0.6201230003171077,0.11579799956962233,0.02814599974954035,0.0,100352
3,chain_5svc,60,98.10974600031841,83.98372900046525,14.126016999853164,2107392,4,29.123659000106272,0.2510099998289661,0.10008299977926072,65.73363600000448,602112,13.4951390000424,0.33873099982884014,0.10706700004448066,48.87716100029138,802816,16.299488000186102,0.2760839997790754,0.03673599985631881,29.408891000002768,401408,24.456006000036723,0.15029899986984674,0.03149900021526264,2.6863170000979153,200704,0.6094370000937488,0.11083899971708888,0.028635000035137637,0.0,100352
3,chain_5svc,61,97.77136299999256,84.42030799960776,13.351055000384804,2107392,4,29.070927999782725,0.25101000028371345,0.17753700012690388,65.51426299984087,602112,13.836943000114843,0.39376699987769825,0.09491499986324925,48.13111300018136,802816,16.324769999755517,0.23962700015545124,0.04330199999458273,29.0038100001766,401408,24.723778999941715,0.14450199978455203,0.031428000056621386,2.3158070002864406,200704,0.4638880000129575,0.09016500007419381,0.02109200022459845,0.0,100352
3,chain_5svc,62,97.2722760002398,83.72356799918634,13.548708001053456,2107392,4,29.152084000088507,0.30108700002529076,0.1054599997587502,64.89623500010566,602112,13.857406999704835,0.4284790002202499,0.09100300030695507,47.26354200010974,802816,15.684113999668625,0.1848700003392878,0.04386000000522472,29.148522000014054,401408,24.535555000056775,0.16280099998766673,0.033802999951149104,2.4463409999953,200704,0.49440799966760096,0.10001300006479141,0.02095300033033709,0.0,100352
3,chain_5svc,63,98.6977420002404,84.90011999947455,13.797622000765841,2107392,4,29.0865029996894,0.25687700008347747,0.1722289998724591,66.47919399983948,602112,13.811940000323375,0.3627569999480329,0.09917499983203015,49.01174599990554,802816,16.20757599994249,0.19178499996996834,0.040437999814457726,30.122463000225252,401408,25.22922199977984,0.1702740000837366,0.031009999929665355,2.659987000242836,200704,0.5648789997394488,0.10685699999157805,0.07424200020977878,0.0,100352
3,chain_5svc,64,98.46656599984271,84.2435389995444,14.223027000298316,2107392,4,30.099344999598543,0.2503120003893855,0.1708330000838032,65.15094699989277,602112,13.44548199995188,0.42694100011431146,0.09561300021232455,48.06888499979323,802816,15.775675999975647,0.23438800008079852,0.0386219999199966,29.38235200008421,401408,24.474304000250413,0.15057899963721866,0.031429000046045985,2.369653999721777,200704,0.4487319997679151,0.10811500033014454,0.027656999918690417,0.0,100352
3,chain_5svc,65,97.41007299999183,83.8466300001528,13.563442999839026,2107392,4,28.608507000171812,0.24709899980734917,0.09107400001084898,65.38806000025943,602112,13.813477000439889,0.37623699972755276,0.08974599995781318,48.04122699988511,802816,16.071733999979188,0.1878739999483514,0.03848300002573524,29.45924699997704,401408,24.743962999764335,0.14918199985913816,0.03219700010959059,2.5983860000451386,200704,0.6089489997975761,0.11167599996042554,0.025842000013653887,0.0,100352
3,chain_5svc,66,96.65676199983864,81.79363699946407,14.863125000374566,2107392,4,28.354562999993504,0.2844640002876986,0.17334699987259228,64.90091399973608,602112,13.374591999763652,0.3797280000981118,0.10664899991752463,47.79280100001415,802816,15.24439100012387,0.21071199989819434,0.05566399977396941,29.480897999746958,401408,24.25423399972715,0.16831800030558952,0.031429000046045985,2.8600129999176716,200704,0.565856999855896,0.11384099980205065,0.027168000087840483,0.0,100352
3,chain_5svc,67,92.85305000003063,79.65697400049976,13.196075999530876,2107392,4,27.643576000173198,0.251918000230944,0.1693659996817587,62.0306350001556,602112,13.044382000316546,0.40501099965695175,0.09121299990511034,45.38263700032985,802816,14.789861999815912,0.1862680001067929,0.03806299991993001,28.049354999893694,401408,23.740549000194733,0.17271800015805638,0.02996199964400148,2.090148999741359,200704,0.4386049999993702,0.08730199988349341,0.022278999949776335,0.0,100352
3,chain_5svc,68,92.65826199998628,78.99717999907807,13.661082000908209,2107392,4,27.485664000323595,0.285791999885987,0.17264799998883973,62.15690899989568,602112,12.597674999597075,0.3985860003012931,0.09009500035972451,45.889548000104696,802816,15.075094999701832,0.28167100026621483,0.03568900001482689,28.111864000038622,401408,23.209542999666155,0.17090300025301985,0.028635000035137637,2.7210969997213397,200704,0.6292029997894133,0.1426160001756216,0.039180999920063186,0.0,100352
3,chain_5svc,69,90.7576629997493,77.39068299997598,13.36697999977332,2107392,4,26.41820499957248,0.2509410001039214,0.16643300023133634,61.43230199995742,602112,12.310835000334919,0.3689729996949609,0.0857649997669796,45.625268000094366,802816,14.135377000002336,0.2604390001579304,0.03568900001482689,28.727585999604344,401408,23.914873000194348,0.17474400010542013,0.029053999696770916,2.5285449996772513,200704,0.6113929998718959,0.08918799994717119,0.03247600034228526,0.0,100352
3,chain_5svc,70,90.1084179999998,76.65762800024822,13.450789999751578,2107392,4,25.80234200013365,0.2576460001364467,0.17264899997826433,61.433282000052714,602112,13.044590999925276,0.4281989999981306,0.08988599984149914,44.830961000116076,802816,14.080132999879424,0.18466100027580978,0.034361999951215694,28.313008000168338,401408,23.11784199991962,0.15728400012449129,0.028565000320668332,2.779973999622598,200704,0.6127200003902544,0.12180399971839506,0.02814599974954035,0.0,100352
3,chain_5svc,71,90.00596199985011,77.30834299945855,12.697619000391569,2107392,4,25.828533999629144,0.2552010000727023,0.17174000004160916,60.88914700012538,602112,12.34582600000067,0.4553670000859711,0.08946799971454311,44.9359330000334,802816,15.079983999839897,0.21692800009986968,0.050844999805121915,27.41575299978649,401408,23.58948299979602,0.14031199998498778,0.030032000267965486,2.0156979999228497,200704,0.46451600019281614,0.08820999983072397,0.021442000161187025,0.0,100352
3,chain_5svc,72,89.88771900021675,75.98302899987175,13.904690000345,2107392,4,26.026674000149796,0.2728709996517864,0.1833340002121986,60.39976600004593,602112,11.936134999814385,0.3783320003094559,0.08821000028547132,44.83969100010654,802816,14.349580999805767,0.23327100007008994,0.04511799988904386,27.502776000346785,401408,23.068464000061795,0.14988000020821346,0.031988000046112575,2.2316480003610195,200704,0.6021750000400061,0.10462199998073629,0.026748999971459853,0.0,100352
3,chain_5svc,73,89.43402800014155,75.22957900027905,14.204448999862507,2107392,4,25.5746600000748,0.2533150000090245,0.08716199999980745,61.0159789998761,602112,12.105222000172944,0.3685540000333276,0.09491499986324925,45.13910199966631,802816,13.916423999944527,0.21755600027972832,0.03331400012029917,28.32746500007488,401408,23.047372000291944,0.17229900004167575,0.02912399986598757,2.765657000054489,200704,0.5859009997948306,0.11258399990765611,0.027448000309959752,0.0,100352
3,chain_5svc,74,90.36082599959627,76.93392199962545,13.426903999970818,2107392,4,26.701902999775484,0.2748960000644729,0.15972700020938646,60.464230999969004,602112,12.407286999859934,0.409062000017002,0.08988599984149914,44.56877500024348,802816,13.987591999921278,0.2067310001621081,0.03757500007850467,28.334519999589247,401408,23.260249000031763,0.17369599981975625,0.02912399986598757,2.8020439999636437,200704,0.5768910000369942,0.11111799994978355,0.027657999908115016,0.0,100352
3,chain_5svc,75,91.87764600028459,77.88516599975992,13.992480000524665,2107392,4,27.078139999957784,0.24388600013480755,0.16985399997793138,61.57932099995378,602112,12.649636999867653,0.4285479999452946,0.08583499993619625,45.09300700010499,802816,14.603873999931238,0.20931500012011384,0.03359399988767109,27.911000000131025,401408,23.13949400013371,0.18515000010665972,0.02912299987656297,2.373775000251044,200704,0.41402099986953544,0.0900259997251851,0.017740000203048112,0.0,100352
3,chain_5svc,76,90.4247309999846,76.87867699996787,13.546054000016738,2107392,4,26.292001999991044,0.2681220003069029,0.18989899990629056,61.07981400009521,602112,12.262714999906166,0.41031899991139653,0.08632400022179354,45.20705799995994,802816,14.329396999983146,0.2208390001214866,0.03673699984574341,28.183730999899126,401408,23.570205999931204,0.16943499986155075,0.0281470001937123,2.1479780002664484,200704,0.42435700015630573,0.08660399998916546,0.017390999801136786,0.0,100352
3,chain_5svc,77,89.13894800025446,76.28781799985518,12.85113000039928,2107392,4,25.667338999937783,0.2447950000714627,0.17076299991458654,60.52562099966963,602112,12.37383299985595,0.3789600000345672,0.0851370000418683,44.59929699987697,802816,14.419563000046765,0.21462299991981126,0.03666600014184951,27.927343000101246,401408,23.163519000263477,0.15029899986984674,0.029054000151518267,2.702938999846083,200704,0.6635639997512044,0.11880100009875605,0.0302420003208681,0.0,100352
3,chain_5svc,78,89.64802399987093,76.24402600049507,13.40399799937586,2107392,4,25.57975699983217,0.24430600024061278,0.17474400010542013,61.15314800035776,602112,12.01366000032067,0.40361399987887125,0.08967599978859653,45.39625800043723,802816,14.950847000363865,0.20575400003508548,0.03478099961284897,28.05194099983055,401408,23.078800999883242,0.17516200023237616,0.03890200014211587,2.685687999928632,200704,0.6209610000951216,0.11447099996075849,0.029053999696770916,0.0,100352
3,chain_5svc,79,91.42681799994534,77.37727700077812,14.04954099916722,2107392,4,27.43663599994761,0.26847099979931954,0.1678990001892089,61.10006800008705,602112,12.049977000060608,0.39348700011032633,0.09121399989453494,45.050822000121116,802816,14.082926000355656,0.2467509998496098,0.05482499955178355,28.01848599983714,401408,23.269399000128033,0.1588889999766252,0.03533999961291556,2.5613699999667006,200704,0.5383390002862143,0.1053900000442809,0.026749999960884452,0.0,100352
3,chain_5svc,80,89.08831300004749,75.83992199988643,13.248391000161064,2107392,4,25.82923199997822,0.26232499976686086,0.09009599989440176,60.25337799974295,602112,12.280105000172625,0.4033349996461766,0.08730199988349341,44.36274299996512,802816,13.927039000009245,0.23089599972081487,0.03624800001489348,27.729971000098885,401408,23.397696999836626,0.16985499996735598,0.02912399986598757,2.0767389996763086,200704,0.405848999889713,0.08639399993626284,0.017949000266526127,0.0,100352
3,chain_5svc,81,90.23916500018458,76.76909800011344,13.47006700007114,2107392,4,25.515574000110064,0.24528399990231264,0.081645000136632,61.876708999989205,602112,12.787435000063851,0.42156399968007463,0.09575300009601051,45.52539699989211,802816,14.310190999822225,0.2008640003623441,0.03568900001482689,28.588882999883936,401408,23.613927000042167,0.16273100027319742,0.02982299974974012,2.7104820001113694,200704,0.5419710000751365,0.11293399984424468,0.026190999960817862,0.0,100352
3,chain_5svc,82,90.39267699972697,77.74506599935194,12.647611000375036,2107392,4,25.867645999824163,0.2590419999251026,0.12110500028938986,61.589379999986704,602112,12.580075000187207,0.44726599981004256,0.08765099983065738,45.41525700005877,802816,14.59242099963376,0.19115600025543245,0.034781000067596324,28.535804000057396,401408,24.230838999756088,0.18186700026490144,0.02856499986592098,2.291083999807597,200704,0.47408499995071907,0.0877910001690907,0.02262799989694031,0.0,100352
3,chain_5svc,83,94.65650599986475,80.60025900022083,14.056246999643918,2107392,4,29.596347999813588,0.25757599996723,0.11062900011893362,61.800511999990704,602112,12.215013000059116,0.43315799985066405,0.09491499986324925,45.77200799985803,802816,14.422357000057673,0.23669300026085693,0.03722499968716875,28.659003999564447,401408,23.75298200013276,0.14820399974269094,0.033385000278940424,2.59049500027686,200704,0.6135590001576929,0.10818400005518924,0.032405999718321254,0.0,100352
3,chain_5svc,84,91.3449669997135,77.6298260002477,13.715140999465802,2107392,4,26.527787999839347,0.3278369999861752,0.16636300006211968,61.52736000012737,602112,12.851829000283033,0.37078900004416937,0.09009599989440176,45.209433999843895,802816,13.988360999974248,0.21650899998348905,0.03771499996219063,28.530355999919266,401408,23.663445000238426,0.1751629997670534,0.03052100009881542,2.5383229999533796,200704,0.5984029999126506,0.10776499993880861,0.027168000087840483,0.0,100352
3,chain_5svc,85,89.90553200010254,75.85578199996235,14.049750000140193,2107392,4,25.6451309996919,0.25911200009431923,0.07864100007282104,60.95563700000639,602112,12.475452999751724,0.3661790001387999,0.1069270001607947,44.90115299995523,802816,13.99010700015424,0.22097900000517257,0.03575899972929619,28.236952000042947,401408,23.02558300016244,0.16650199995638104,0.02912399986598757,2.9031750000285683,200704,0.7195080002020404,0.11363300018274458,0.033383999834768474,0.0,100352
3,chain_5svc,86,89.93605299974661,75.20646399962061,14.729589000125998,2107392,4,25.217700000212062,0.26812199985215557,0.10217899989584112,61.631354999917676,602112,12.503598999956012,0.44377299991538166,0.10413400013931096,45.34478699997635,802816,13.769477999630908,0.26085800027431105,0.03387300012036576,28.54404500021701,401408,23.144941999817092,0.16168299998753355,0.03093900022577145,3.021416000137833,200704,0.5707450000045355,0.11754399974961416,0.027098999908048427,0.0,100352
3,chain_5svc,87,89.13175699990461,75.66343599955871,13.468321000345895,2107392,4,25.45013300004939,0.24716899997656583,0.17076299991458654,60.64875400033998,602112,12.510093999935634,0.37344300017139176,0.10427300003357232,44.58924000027764,802816,14.079014999879291,0.210782000067411,0.0414860001001216,27.815946999908192,401408,23.17986199977895,0.16301000005114474,0.029054000151518267,2.4330019996341434,200704,0.44433199991544825,0.0864640001054795,0.018926999928225996,0.0,100352
3,chain_5svc,88,90.2474770000481,76.32742000032522,13.920056999722874,2107392,4,25.92484600017997,0.2874679998967622,0.07968899990373757,61.038189999635506,602112,12.429287000031763,0.39348800009975093,0.1336069999524625,44.788008999603335,802816,14.207524000084959,0.22209600001588115,0.06104199974288349,28.11675400016611,401408,23.082782000074076,0.16510600016772514,0.029053999696770916,2.7961079999840877,200704,0.6829809999544523,0.12592400025823736,0.031009999929665355,0.0,100352
3,chain_5svc,89,89.4980069997473,76.09862100025566,13.399385999491642,2107392,4,25.71427400016546,0.24493399996572407,0.16887699985090876,60.648125000170694,602112,12.394437000239122,0.4071759999533242,0.10462199998073629,44.66138699990552,802816,14.258089000122709,0.2160200001526391,0.03534000006766291,28.012132000185375,401408,23.135791999720823,0.16140400020958623,0.03052100009881542,2.666761000000406,200704,0.5960290000075474,0.11733299970728694,0.027377000151318498,0.0,100352
3,chain_5svc,90,89.70550599997296,75.61489699992308,14.09060900004988,2107392,4,25.373446999765292,0.28697900006591226,0.08485800026392099,61.21873099982622,602112,12.090486000033707,0.35724000008485746,0.08548599998903228,45.649574999970355,802816,14.249288999963028,0.3328650000185007,0.03631800018411013,28.404502000284992,401408,23.293145000025106,0.19513699999151868,0.0281470001937123,2.813499000239972,200704,0.6085300001359428,0.11621599969657836,0.028215999918757007,0.0,100352
3,chain_5svc,91,89.97418700027993,76.54064800090055,13.43353899937938,2107392,4,25.62529600027119,0.27140399970448925,0.18005099991569296,61.16634900035933,602112,12.046067000028415,0.36317600006441353,0.08813999966150732,45.720115000221995,802816,14.174838000144518,0.23096599989003153,0.03575900018404354,28.98593300005814,401408,24.060774000190577,0.16175299970200285,0.03024199986612075,2.6541900001575414,200704,0.6336730002658442,0.13605100002678228,0.03289500000391854,0.0,100352
3,chain_5svc,92,89.54256700008045,77.00732999956017,12.535237000520283,2107392,4,25.519974999951955,0.24179100000765175,0.14603899990106584,61.09029399976862,602112,12.972515000001295,0.41716399982760777,0.08415900038016844,44.64176300007239,802816,15.217362999919715,0.2185349999308528,0.03953099985665176,26.83397500004503,401408,22.876051999901392,0.1569340001879027,0.029054000151518267,2.0961550003448792,200704,0.42142499978581327,0.10839400010809186,0.017669000044406857,0.0,100352
3,chain_5svc,93,90.87514600014401,76.98218899986387,13.892957000280148,2107392,4,25.63696000015625,0.24982399963846547,0.17125100021075923,62.295690000155446,602112,12.151666999670852,0.36527100019156933,0.08702300010554609,46.46609500014165,802816,14.088305000313994,0.29591899965453194,0.03617799984567682,29.402957999991486,401408,24.484713999754604,0.19869900006597163,0.0295429999823682,2.634494000176346,200704,0.6205429999681655,0.12061600000379258,0.026748999971459853,0.0,100352
3,chain_5svc,94,90.13468600005581,76.32099699958417,13.81368900047164,2107392,4,25.418983999770717,0.24374700024054619,0.0843689999783237,61.63624600003459,602112,12.5966979999248,0.408713000069838,0.08744199976717937,45.27068700008385,802816,14.230501999918488,0.22328300019580638,0.03499099966575159,28.33068000018102,401408,23.457064000012906,0.1722299998618837,0.02814599974954035,2.6645259999895643,200704,0.6177489999572572,0.163639000220428,0.029054000151518267,0.0,100352
3,chain_5svc,95,89.72604300015519,75.94092000044839,13.7851229997068,2107392,4,25.61831200000597,0.2741289999903529,0.07640700005140388,61.013258999992104,602112,12.229192000177136,0.3946739998355042,0.08960700006355182,45.217536999643926,802816,14.026284999999916,0.2278229999319592,0.03443200012043235,28.262096000162273,401408,23.52306500006307,0.1911559998006851,0.031009999929665355,2.47763000015766,200704,0.5440660002022923,0.10713699975894997,0.025911000193445943,0.0,100352
3,chain_5svc,96,89.80377600028078,76.21253499928571,13.591241000995069,2107392,4,25.950967999960994,0.2552010000727023,0.0794800002950069,60.638837999704265,602112,12.325293999765563,0.4052910003338184,0.09058400019057444,44.767757000045094,802816,14.297899999746733,0.21629899993058643,0.03687600019475212,27.865814000051614,401408,23.086763999799587,0.1671310001256643,0.028565000320668332,2.459052000176598,200704,0.5516090000128315,0.1069270001607947,0.025842000013653887,0.0,100352
3,chain_5svc,97,89.81599800017648,75.62488599978678,14.191112000389694,2107392,4,25.362132999816822,0.2703569998629973,0.16510600016772514,60.945233999973425,602112,12.093628999991779,0.386363999950845,0.08772099999987404,45.2029399998537,802816,14.423125000121217,0.25995099986175774,0.034361999951215694,28.08008800002426,401408,23.14731699971162,0.16266100010398077,0.029054000151518267,2.7200509998692723,200704,0.5986820001453452,0.12159399966549245,0.03135899987682933,0.0,100352
3,chain_5svc,98,88.32550900024216,75.62621300030514,12.699295999937021,2107392,4,25.50761299971782,0.24849600004017702,0.0877910001690907,59.86876500037397,602112,12.624425000012707,0.3973289999521512,0.09610200004317448,43.742342999848915,802816,13.851402000000235,0.1912960001391184,0.03666699967652676,27.43461299996852,401408,23.05512600014481,0.1560259997859248,0.03331500010972377,2.2702699998262688,200704,0.5876470004295697,0.10643899986462202,0.018926999928225996,0.0,100352
3,chain_5svc,99,90.17100299979575,76.29368900006739,13.877313999728358,2107392,4,25.740814000073442,0.27328999976816704,0.1665730001150223,61.44292499993753,602112,12.348621000001003,0.408852999953524,0.08793000006335205,45.26530900011494,802816,14.324788000067201,0.22740400027032592,0.03624800001489348,28.0931489996874,401408,23.303691999899456,0.15700400035711937,0.03191799987689592,2.57345299996814,200704,0.5757740000262856,0.11474999973870581,0.027238000257057138,0.0,100352
3,chain_5svc,100,89.74594700021044,75.65938800007643,14.086559000134002,2107392,4,25.157078000120237,0.24856700019881828,0.16175299970200285,61.5364430000227,602112,12.096702000235382,0.3933479997613176,0.08848899960867129,45.785069999965344,802816,14.199073999861866,0.23110600022846484,0.06830499978605076,28.65425600020899,401408,23.63425300018207,0.1407310001013684,0.030031999813218135,2.7866789996551233,200704,0.5722809996768774,0.11454100012997515,0.027378000140743097,0.0,100352
3,chain_5svc,101,90.91754000019137,77.52744100025666,13.390098999934708,2107392,4,25.54637499997625,0.28104299963160884,0.17460400022173417,62.50479600021208,602112,12.941436000346584,0.3921609995813924,0.13535299967770698,45.954435000112426,802816,14.94051200006652,0.2741280000009283,0.034361999951215694,28.412743999979284,401408,23.483254999973724,0.16496600028403918,0.031428000056621386,2.712857000005897,200704,0.6158629998935794,0.11216599978070008,0.026470000193512533,0.0,100352
3,chain_5svc,102,89.30664399986199,75.80270400057998,13.50393999928201,2107392,4,25.734739000199625,0.26127699993594433,0.08960600007412722,60.47540899999149,602112,12.250493000010465,0.44482100020104554,0.08485799980917363,44.19826899993495,802816,14.15172099996198,0.22419100014303694,0.03715599996212404,27.628143000129057,401408,23.05421800019758,0.1482739999119076,0.03010199998243479,2.631491999636637,200704,0.6115330002103292,0.1266919998670346,0.05370799999582232,0.0,100352
3,chain_5svc,103,90.79895099966961,77.42149399973641,13.377456999933202,2107392,4,25.8035319998271,0.2501730000403768,0.1660829998400004,61.78235700008372,602112,12.742737000280613,0.41597699964768253,0.0886289999471046,45.40429500002574,802816,14.862359999824548,0.21085100024720305,0.0372260001313407,27.85017100040932,401408,23.351464999905147,0.14547999990099925,0.031009999929665355,2.6767489998746896,200704,0.6613999998990039,0.13039399982517352,0.03387300012036576,0.0,100352
3,chain_5svc,104,89.63259800020751,76.32190999993327,13.31068800027424,2107392,4,26.07856999975411,0.315334000333678,0.08262200026365463,60.3647819998514,602112,12.111997999909363,0.3925789997083484,0.08527700038030162,44.92657899982078,802816,14.069657000163716,0.18996899962075986,0.050007000027108006,28.462611000122706,401408,23.42605600006209,0.15881999979683314,0.03149800022583804,2.929575000052864,200704,0.6356290000439913,0.13947300021754927,0.03038099976038211,0.0,100352
3,chain_5svc,105,89.81132200005959,76.09736599943062,13.713956000628968,2107392,4,25.879938999878505,0.2802750000228116,0.1702740000837366,60.98294999992504,602112,11.988518000180193,0.44202699973538984,0.08632399976704619,45.329704000323545,802816,14.396445999864227,0.21986199999446399,0.05727000007027527,28.042095999808225,401408,23.21219999976165,0.17181100020025042,0.03052100009881542,2.7461710001261963,200704,0.6202629997460463,0.11544800008778111,0.025563000235706568,0.0,100352
3,chain_5svc,106,89.60088899993934,76.37666499931584,13.224224000623508,2107392,4,26.30115499960084,0.3551440004230244,0.17614000034882338,60.177186999681,602112,11.974899000051664,0.3648520000751887,0.08744199976717937,44.7183109999969,802816,14.434230999995634,0.21664900032192236,0.034781000067596324,27.514302000327007,401408,23.18978099992819,0.176279999777762,0.03568900001482689,2.286054999785847,200704,0.47659899973950814,0.10839400010809186,0.018229000033898046,0.0,100352
3,chain_5svc,107,90.05346300000383,76.45209299926137,13.601370000742463,2107392,4,25.789145999624452,0.24996300044222153,0.1673400001891423,61.16586499956611,602112,12.49933899998723,0.38308100010908674,0.08730199988349341,44.9181970002428,802816,14.356147999933455,0.23033800016492023,0.03855200020552729,27.931116999752703,401408,23.22204799975225,0.16217200027313083,0.027588000193645712,2.6423859999340493,200704,0.5854119999639806,0.11991800010946463,0.028077000024495646,0.0,100352
3,chain_5svc,108,90.44317899997623,76.4196159993844,14.023563000591821,2107392,4,25.383714999861695,0.27901700013899244,0.19639499987533782,61.82810300015262,602112,12.165775000084977,0.37463099988599424,0.08876899983079056,46.17045699978917,802816,14.848948999770073,0.21692800009986968,0.03827400041700457,28.454090999730397,401408,23.387363999972877,0.16706099995644763,0.02982200021506287,2.7587429999584856,200704,0.6338129996947828,0.11579700003494509,0.0302410003314435,0.0,100352
3,chain_5svc,109,90.22680999987642,77.63213700036431,12.594672999512113,2107392,4,26.67934700002661,0.3125409998574469,0.19897799984391895,60.334888999932446,602112,12.179535000086616,0.39663000006839866,0.0877910001690907,44.97875100014426,802816,14.39372300001196,0.23005799994280096,0.0358280003638356,28.009340000153315,401408,23.80606299993815,0.17963300024348428,0.03149899976051529,2.2733440000592964,200704,0.5734690003009746,0.10818500004461384,0.028076999569748295,0.0,100352
3,chain_5svc,110,89.85008399986327,76.26261400037038,13.587469999492896,2107392,4,25.55999600008363,0.28348700016067596,0.09442599957765196,61.10880400001406,602112,12.228075000166427,0.37246500005494454,0.08597499981988221,45.31370999984574,802816,14.40042700005506,0.22474999968835618,0.041137000152957626,28.184572999634838,401408,23.46530700015137,0.16538499994567246,0.03052100009881542,2.4663849999342347,200704,0.6088089999138901,0.11866100021507009,0.0295429999823682,0.0,100352
3,chain_5svc,111,89.24895699965418,75.59667199984688,13.652284999807307,2107392,4,25.516622999930405,0.32853499988050316,0.08269299996754853,60.35598200014647,602112,12.133019999964745,0.36687800002255244,0.08625500004200148,44.412963000013406,802816,14.471874999799184,0.21169000001464156,0.03666700013127411,27.254840999830776,401408,22.935069000141084,0.13954399992144317,0.028913999813084956,2.5467740001658967,200704,0.5400850000114588,0.1615430001038476,0.01857799998106202,0.0,100352
3,chain_5svc,112,90.75020199998107,77.15407099976801,13.596131000213063,2107392,4,26.11286100000143,0.289563000023918,0.07689599988225382,61.373573999844666,602112,12.232823999966058,0.4162559998803772,0.09156199985227431,45.53699400003097,802816,14.665755999885732,0.21029300023656106,0.03387300012036576,28.265727999951196,401408,23.676996000176587,0.18186800025432603,0.03191799987689592,2.3577830002068367,200704,0.46563399973820196,0.10134000012840261,0.027587000204221113,0.0,100352
3,chain_5svc,113,90.67086300001392,76.34635399972467,14.324509000289254,2107392,4,25.81261299974358,0.3057660001104523,0.17390499988323427,61.411009000039485,602112,12.192105999929481,0.38384900017263135,0.08751199993639602,45.62904600015827,802816,14.479209000000992,0.22049000017432263,0.034081999729096424,28.318389000105526,401408,23.270169000170426,0.1716699998723925,0.02912399986598757,2.7704760000233364,200704,0.5922569998801919,0.12271200012037298,0.026189999971393263,0.0,100352
3,chain_5svc,114,89.98578799992174,76.9120719996863,13.073716000235436,2107392,4,25.874073000068165,0.2907509997385205,0.10573999998086947,61.0997970002245,602112,12.277521999749297,0.3316080001241062,0.08492799997839029,45.450601000084134,802816,14.73573800012673,0.22035000029063667,0.0386919996344659,27.927137999995466,401408,23.493592999784596,0.1399630000378238,0.030032000267965486,2.4286010002469993,200704,0.5311459999575163,0.11586699974941439,0.01927600033013732,0.0,100352
3,chain_5svc,115,89.99612599973261,76.48177799956102,13.514348000171594,2107392,4,25.61028299987811,0.29158799998185714,0.1399620000483992,61.171105000084935,602112,12.093838999589934,0.36841500013906625,0.08911800023270189,45.49879299975146,802816,15.150806000292505,0.2186039996558975,0.03526999989844626,27.503269000135333,401408,23.178606999863405,0.15972800019881106,0.029054000151518267,2.242822999960481,200704,0.4482429999370652,0.09617199975764379,0.01941600021382328,0.0,100352
3,chain_5svc,116,90.14048800008823,76.09569399983229,14.044794000255933,2107392,4,25.92847999994774,0.3582869999263494,0.08911800023270189,60.85632900021665,602112,12.285066000004008,0.3487189997031237,0.08793100005277665,44.97882199984815,802816,14.113309000094887,0.25617899973440217,0.03485099978206563,28.080719000172394,401408,23.123223999846232,0.16845700019985088,0.029124000320734922,2.7259869998488284,200704,0.6456149999394256,0.11859200003527803,0.027588000193645712,0.0,100352
3,chain_5svc,117,90.40134699989721,77.00370500060671,13.3976419992905,2107392,4,26.3590539998404,0.2892840002459707,0.16789899973446154,60.91387800006487,602112,12.829760000386159,0.383290999707242,0.08604499998909887,44.74513200011643,802816,13.946317999852909,0.21392400003605871,0.03764500024772133,28.136731999893527,401408,23.247402000379225,0.19227299981139367,0.02870499974960694,2.611166999940906,200704,0.6211710001480242,0.11921999976038933,0.0274479998552124,0.0,100352
3,chain_5svc,118,89.64838500014594,77.185152999391,12.463232000754942,2107392,4,25.71050500000638,0.2801350001391256,0.08115599985103472,61.134648000006564,602112,12.8322739997202,0.3465539998614986,0.09316900013800478,44.72040799964816,802816,14.969216999816126,0.25045200027307146,0.05524500011233613,27.28298800002449,401408,23.16023999992467,0.15958799986037775,0.033384000289515825,2.0980409999538097,200704,0.5129169999236183,0.09540400014884654,0.022698000066156965,0.0,100352
3,chain_5svc,119,88.32837799991466,75.35411700018813,12.974260999726539,2107392,4,25.578295000286744,0.27538599988474743,0.167199999850709,59.43449400001555,602112,12.47929600003772,0.396908999846346,0.08730200033824076,43.412066000200866,802816,13.972926999940682,0.19590600004448788,0.03841300031126593,27.38977600029102,401408,22.91579400025512,0.20212099980199127,0.0295429999823682,2.1884159996261587,200704,0.4078049996678601,0.0963120000960771,0.017600000319362152,0.0,100352
3,chain_5svc,120,90.06470999975136,75.9928179995768,14.071892000174557,2107392,4,26.075147000028664,0.3186880003340775,0.16999499985104194,60.655674999907205,602112,12.063877999935357,0.34236300007250975,0.08702300010554609,45.15719699975307,802816,14.040743999885308,0.18794400011756807,0.044348999836074654,28.39528499998778,401408,23.216043000047648,0.16217199981838348,0.030032000267965486,2.7341579998392262,200704,0.5970059996798227,0.1502990003245941,0.028635000035137637,0.0,100352
3,chain_5svc,121,90.80517099982899,76.78544999953374,14.019721000295249,2107392,4,26.421352999932424,0.32769700010248926,0.18619699994815164,60.71259600003032,602112,12.517289000243181,0.3814049996435642,0.08618399988336023,44.44369500015455,802816,14.040813999599777,0.20058500012964942,0.0372250001419161,28.054108999640448,401408,23.2316169999649,0.17579099994691205,0.02912399986598757,2.7016129997718963,200704,0.5743769997934578,0.12075599988747854,0.027378000140743097,0.0,100352
3,chain_5svc,122,90.37648399998943,76.90864900041561,13.467834999573824,2107392,4,25.897750000240194,0.30192499980330467,0.08157499996741535,61.14344700017682,602112,12.575467000260687,0.35088399999949615,0.08611499970356817,45.343324999976176,802816,14.27499200008242,0.2209089998359559,0.034781000067596324,28.232624999873224,401408,23.571256999730394,0.16727100000935025,0.04756199996336363,2.462196000124095,200704,0.5891830001019116,0.1138420002462226,0.027237999802309787,0.0,100352
3,chain_5svc,123,90.84728500010897,77.09694200002559,13.750343000083376,2107392,4,25.08500300018568,0.2682619997358415,0.09400699991601869,62.55627399968944,602112,12.774236000041128,0.4024279996883706,0.10071099995911936,45.90834300006463,802816,14.591234999898006,0.18850300011763466,0.034361999951215694,28.87195499988593,401408,24.06238300000041,0.17062300003090058,0.028635000035137637,2.6185010001427145,200704,0.5840849999003694,0.12655299997277325,0.05964499996480299,0.0,100352
3,chain_5svc,124,89.67597199989541,76.33622900084447,13.33974299905094,2107392,4,26.16594199980682,0.27273099976810045,0.19793100000242703,60.41513999980452,602112,12.540197000362241,0.4165359996477491,0.0886289999471046,44.44879399989077,802816,14.00275000014517,0.23103600005924818,0.03624800001489348,27.720824999960314,401408,22.99995300018054,0.1581209999130806,0.02912399986598757,2.5545960002091306,200704,0.6273870003496995,0.12110499983464251,0.0295429999823682,0.0,100352
3,chain_5svc,125,91.25830500033771,77.48400700029379,13.774298000043927,2107392,4,26.45243200004188,0.3029719996447966,0.22167800034367247,61.71307800013892,602112,11.989008000000467,0.41402099986953544,0.0872320001690241,46.05808499991326,802816,14.269266000155767,0.2223049996246118,0.03575900018404354,28.777460000128485,401408,24.18879700007892,0.13940400003775721,0.0295429999823682,2.5913320000654494,200704,0.5845040000167501,0.13290900005813455,0.029053999696770916,0.0,100352
3,chain_5svc,126,89.12953399976686,76.18006700022306,12.949466999543802,2107392,4,25.45851800005039,0.28669900029854034,0.08590499965066556,60.68556800028091,602112,12.223605999679421,0.37267400011842255,0.08911800023270189,45.033508999949845,802816,13.86432400022386,0.18780399977913476,0.03450199983490165,28.54404900017471,401408,24.085711000225274,0.16964499991445336,0.032266999824059894,2.2250130000429635,200704,0.5479080000441172,0.13758800014329609,0.01941499976965133,0.0,100352
3,chain_5svc,127,90.75914799996099,77.08856399995057,13.670584000010422,2107392,4,26.764415000343433,0.27566499966269475,0.09163300001091557,61.06878999980836,602112,12.718223999854672,0.3933470002266404,0.08911800023270189,44.55257999961759,802816,14.1397790002884,0.23005899993222556,0.03533999961291556,27.804425999875093,401408,22.869489999720827,0.14520100012305193,0.03680600002553547,2.7293399998598034,200704,0.5966559997432341,0.12110599982406711,0.027588000193645712,0.0,100352
3,chain_5svc,128,89.98278899980505,76.19221699951595,13.790572000289103,2107392,4,25.59114599989698,0.2773410001282173,0.17893399990498438,61.161470000115514,602112,12.98278299964295,0.40996999996423256,0.13256000011097058,44.305130999873654,802816,14.127556999937951,0.2086170002257859,0.03429199978199904,27.488113999879715,401408,22.907622999809973,0.16224199998760014,0.029054000151518267,2.5545960002091306,200704,0.5831080002280942,0.1153079997493478,0.027377999685995746,0.0,100352
3,chain_5svc,129,89.9139949997334,76.4713730004587,13.442621999274706,2107392,4,25.57277799996882,0.2756650001174421,0.14352500011227676,61.31735600001775,602112,12.178138000308536,0.442935999672045,0.08681400004206807,45.508501999847795,802816,14.870322000206215,0.22188699995240313,0.03624800001489348,27.86623600013627,401408,23.248799000157305,0.1617530001567502,0.031009999929665355,2.4076499998955114,200704,0.6013359998178203,0.11104800023531425,0.03010199998243479,0.0,100352
3,chain_5svc,130,90.62707800012504,76.88050499928067,13.746573000844364,2107392,4,25.668460999895615,0.2696579999792448,0.19234400042478228,61.8546470000183,602112,12.395484999615292,0.374421000287839,0.0872330001584487,45.987265999883675,802816,14.801877999616408,0.22614700037593138,0.03785400031119934,28.45814399961455,401408,23.336729000220657,0.16964599990387796,0.02828599963322631,2.7294789997540647,200704,0.6779519999327022,0.12466799989852007,0.03499100012049894,0.0,100352
3,chain_5svc,131,88.7178880002466,75.2842070000952,13.43368100015141,2107392,4,24.92010800006028,0.2905410001403652,0.19688299971676315,60.52130100033537,602112,12.028537999867694,0.40508100028091576,0.16587400023126975,44.925324999894656,802816,14.28749400020024,0.20128300002397737,0.03219699965484324,28.276834999815037,401408,23.51782899995669,0.18165799974667607,0.028635000035137637,2.516323000236298,200704,0.5302380000102858,0.12047600012010662,0.019065999822487356,0.0,100352
3,chain_5svc,132,91.04647699996349,77.1586859996205,13.887791000342986,2107392,4,25.964030000068306,0.27210300004298915,0.08827999999994063,61.96569500025362,602112,12.111859000015102,0.38601400001425645,0.09519500008536852,46.16340599977775,802816,14.068051999856834,0.2706370000851166,0.06048300019756425,29.405125999801385,401408,24.40656399994623,0.2243310000267229,0.02912399986598757,2.5070339997910196,200704,0.6081809997340315,0.11153700006616418,0.027238000257057138,0.0,100352
3,chain_5svc,133,89.38529499982906,75.81256000048597,13.572734999343083,2107392,4,25.40746400018179,0.2824389998750121,0.16845699974510353,60.625225999956456,602112,12.27479899989703,0.4073860000062268,0.09058499972525169,44.762942000033945,802816,14.146065000204544,0.22593799985770602,0.03813300008914666,27.684160000262636,401408,23.384642000110034,0.1692959999672894,0.031428000056621386,2.3152490002757986,200704,0.5995900000925758,0.10699700033001136,0.028075999580323696,0.0,100352
3,chain_5svc,134,89.43676799981404,75.67105900034221,13.765708999471826,2107392,4,25.645273000009183,0.2816719998008921,0.17146100026366184,60.68005099996299,602112,12.157955000020593,0.3893660000358068,0.10902299982262775,44.72299300005034,802816,14.421450000099867,0.2621859998725995,0.03289500000391854,27.614039000127377,401408,22.85363500004678,0.1421279998794489,0.028774999918823596,2.734367999892129,200704,0.5927460001657892,0.1674799996180809,0.028635000035137637,0.0,100352
3,chain_5svc,135,89.89548799991098,76.05930999989141,13.836178000019572,2107392,4,25.374427999850013,0.2839060002770566,0.16692100007276167,61.36414899992815,602112,12.55661000004693,0.4281989999981306,0.09861599983196356,44.871547000184364,802816,14.021327999671485,0.18319500031793723,0.044208999952388695,28.39011899959587,401408,23.518877000242355,0.16824799968162552,0.03750499990928802,2.67213899996932,200704,0.5880670000806276,0.11754300021493691,0.026818999685929157,0.0,100352
3,chain_5svc,136,90.62002500013477,77.38259799998559,13.237427000149182,2107392,4,26.002233999861346,0.279716000022745,0.17362600010528695,61.295007999888185,602112,12.170037000032607,0.4765289995702915,0.09009600034914911,45.62018000024182,802816,14.274014999955398,0.248077999913221,0.03387300012036576,28.705384000204504,401408,24.30375699987053,0.16077500004030298,0.029613000151584856,2.334106000034808,200704,0.632555000265711,0.11768300009862287,0.027237999802309787,0.0,100352
3,chain_5svc,137,89.98460799966779,76.0598720003145,13.924735999353288,2107392,4,25.610493999920436,0.28425500022422057,0.08674299988342682,61.180536999927426,602112,12.235408999913489,0.40089000003717956,0.08632499975647079,45.165511000050174,802816,14.30460600022343,0.27636300001177005,0.03345400000398513,28.172702000119898,401408,23.287493000225368,0.16699099978723098,0.027656999918690417,2.6546089998191746,200704,0.6218700000317767,0.11544800008778111,0.028635000035137637,0.0,100352
3,chain_5svc,138,90.93983200000366,77.25081000035061,13.68902199965305,2107392,4,26.517875000081403,0.3067440002268995,0.1820769998630567,61.31246899985854,602112,12.694058999841218,0.3652720001809939,0.08681300005264347,44.97812599993267,802816,14.271221999933914,0.2822300002662814,0.05761900001743925,27.86951999996745,401408,23.14871700036747,0.1405210000484658,0.0295429999823682,2.7349269998921955,200704,0.618937000126607,0.16119400015668361,0.02996199964400148,0.0,100352
3,chain_5svc,139,90.46637599976748,76.79998200046612,13.666393999301363,2107392,4,26.263094000114506,0.29899099990871036,0.17886399973576772,61.05307699999685,602112,12.574281000070187,0.3750490000129503,0.08583499993619625,44.95305299997199,802816,14.105627000390086,0.2102929997818137,0.03506099983496824,28.124721000040154,401408,23.256830999798694,0.1700650000202586,0.03038099976038211,2.4658970000928093,200704,0.6001490000926424,0.10713700021369732,0.026260999675287167,0.0,100352
3,chain_5svc,140,93.44665599974178,79.7550490001413,13.69160699960048,2107392,4,26.01997500005382,0.3268579998803034,0.1434549999430601,63.9760879998903,602112,13.078955999844766,0.4268020002200501,0.0851370000418683,47.29267599986997,802816,16.16742099986368,0.22796299981564516,0.050565000037749996,28.50032900005317,401408,23.898536000160675,0.1687369999672228,0.031429000046045985,2.722006000112742,200704,0.5901610002183588,0.11433100007707253,0.027586999749473762,0.0,100352
3,chain_5svc,141,90.14538300016284,76.55965799995101,13.585725000211823,2107392,4,26.210432999960176,0.2921469999819237,0.07459000016751816,60.6271819997346,602112,12.300990999847272,0.39663000006839866,0.09589199999027187,44.60175000031086,802816,14.598360000036337,0.2290099996571371,0.07787399999870104,27.16656399979911,401408,22.886741000093025,0.12822899998354842,0.028635000035137637,2.462545000071259,200704,0.5631330000142043,0.10678800026653334,0.027307999971526442,0.0,100352
3,chain_5svc,142,90.03482400021312,76.37052499967467,13.664299000538449,2107392,4,25.553012999807834,0.30059900018386543,0.11028000017176964,61.26155400033895,602112,12.401632000091922,0.3627569999480329,0.09198099996865494,45.272857999862026,802816,14.18734199978644,0.21169000001464156,0.03443200012043235,28.50745299974733,401408,23.614700000052835,0.1713920000838698,0.028354999813018367,2.7919169997403515,200704,0.6138379999356403,0.12306100006753695,0.03149799977109069,0.0,100352
3,chain_5svc,143,90.30106099999102,76.73922100002528,13.561839999965741,2107392,4,25.646950999998808,0.29661700000360725,0.21385499985626666,61.44153600007485,602112,12.35749300030875,0.38761999985581497,0.0865329998305242,45.67870699975174,802816,14.577757000097336,0.22027999966667267,0.03568900001482689,28.214119000040228,401408,23.546953999812104,0.1608449997547723,0.030032000267965486,2.6064880003104918,200704,0.6100659998082847,0.106787999811786,0.026959000024362467,0.0,100352
3,chain_5svc,144,88.62395400001333,75.4952699999194,13.128684000093926,2107392,4,25.30179399991539,0.2766420002444647,0.11370199990778929,60.3309849998368,602112,12.505974999839964,0.452853000297182,0.09477499997956329,44.35758399995393,802816,13.874731000214524,0.1903889997265651,0.05796799996460322,28.05131800005256,401408,23.326043999986723,0.15497899994443287,0.03869300007863785,2.488874999926338,200704,0.4867259999628004,0.10015299994847737,0.024235000182670774,0.0,100352
3,chain_5svc,145,91.10312099983275,77.61992400037343,13.483196999459324,2107392,4,26.67166699984591,0.28432499993868987,0.17132099992522853,61.217343999942386,602112,12.301340000249184,0.3774939996219473,0.10720699992816662,45.34968299958564,802816,14.41335000026811,0.20666099999289145,0.0506349997522193,28.601250000065193,401408,23.59668100007184,0.14240699965739623,0.027727000087907072,2.864484000383527,200704,0.6368859999383858,0.14198799999576295,0.02374600035182084,0.0,100352
3,chain_5svc,146,90.28220300024259,76.80864199892312,13.473561001319467,2107392,4,25.637940999786224,0.27475700017021154,0.10315600002286374,61.56836900026974,602112,13.46077999960471,0.4045919999953185,0.10022300011769403,44.5819150004354,802816,13.950159999694733,0.24367700007132953,0.05657200017594732,27.798210999662842,401408,23.30648899987864,0.14450200023929938,0.029613000151584856,2.461218000007648,200704,0.4532719999588153,0.09735899993756902,0.01941600021382328,0.0,100352
3,chain_5svc,147,91.43242500022097,78.15756300033172,13.274861999889254,2107392,4,27.229491000070993,0.2853030000551371,0.13723899974138476,60.916189000181475,602112,12.014360000193847,0.3638749999481661,0.0872320001690241,45.53511399990384,802816,14.611629999762954,0.26840100008485024,0.03757500007850467,28.045870999903855,401408,23.89057500022318,0.14038200015420443,0.03121899999314337,2.0397939997565118,200704,0.41150700008074637,0.08876799984136596,0.019485999928292586,0.0,100352
3,chain_5svc,148,91.75649200005864,77.72077599929617,14.035716000762477,2107392,4,25.953136999760318,0.26574699995762785,0.10811499987539719,62.85862400000042,602112,12.540756999896985,0.4196790000605688,0.09505399975751061,46.5557100001206,802816,14.069101000131923,0.22426099985750625,0.03722499968716875,29.63434800039977,401408,24.51998799961075,0.15854000002946123,0.0295429999823682,2.7683809998961806,200704,0.6377929998961918,0.11782299998230883,0.029054000151518267,0.0,100352
3,chain_5svc,149,90.6289000004108,77.14395399943896,13.484946000971831,2107392,4,25.952089999918826,0.2637210000102641,0.08939700001064921,61.65232000012111,602112,13.02552699962689,0.3685540000333276,0.1152390000243031,45.02492199981134,802816,13.945760999831691,0.270985000042856,0.035339000078238314,28.23968100028651,401408,23.58760200013421,0.14415299983738805,0.03052100009881542,2.477489999819227,200704,0.6329739999273443,0.11244500001339475,0.028635000035137637,0.0,100352
3,chain_5svc,150,90.78206300000602,76.63229600075283,14.149766999253188,2107392,4,25.265547000344668,0.24493399996572407,0.17586099966138136,62.21391700000822,602112,12.402541000028577,0.4449610000847315,0.08457800004180172,46.18128900028751,802816,14.604576000238012,0.2342489997317898,0.06104099975345889,28.72647699996378,401408,23.739367999951355,0.16915600008360343,0.027588000193645712,2.7432380002210266,200704,0.6202640001902182,0.11139700018247822,0.02912399986598757,0.0,100352
3,chain_5svc,151,90.16193800016481,76.8578130005153,13.304124999649503,2107392,4,25.65582200031713,0.2679819999684696,0.27796899985332857,61.30066700006864,602112,12.335701999745652,0.36687800002255244,0.0997340002868441,45.504034999794385,802816,14.974458000324375,0.25575999961802154,0.034781000067596324,27.733818999877258,401408,23.281346000203484,0.1398229996993905,0.029055000140942866,2.6179430001320725,200704,0.6104849999246653,0.13346700006877654,0.03080099986618734,0.0,100352
3,chain_5svc,152,89.24994699964373,75.48458900009791,13.765357999545813,2107392,4,25.35040500015384,0.24221000012403238,0.17257799981962307,60.49532299994098,602112,12.62142399991717,0.4027059999316407,0.08820999983072397,44.22642200006521,802816,13.843513000210805,0.21224800002528355,0.03631699973993818,27.902066000024206,401408,23.03222199998345,0.12403900018398417,0.04386000000522472,2.713765000407875,200704,0.6370249998326472,0.110419000066031,0.028635000035137637,0.0,100352
3,chain_5svc,153,88.63652800027921,75.97808700074893,12.658440999530285,2107392,4,25.61831599996367,0.2538040002946218,0.0787819999459316,60.14513799982524,602112,12.626941000235092,0.3867829996124783,0.08695299993632943,44.07891699975153,802816,13.967900000352529,0.21483199998328928,0.054477000048791524,27.66334799980541,401408,23.214856999857147,0.14506100023936597,0.03485100023681298,2.5181389996760117,200704,0.5500730003404897,0.11768299964387552,0.02716799963309313,0.0,100352
3,chain_5svc,154,91.70795199997883,78.74500299976717,12.962949000211665,2107392,4,26.871345000017755,0.2412319995528378,0.1764200001161953,61.97561699991638,602112,12.68539900001997,0.40019199968810426,0.09114300019064103,45.536162000189506,802816,13.981029999740713,0.2065909998236748,0.036597000416804804,28.8357790000191,401408,24.79153200010842,0.14568999995390186,0.0288439996438683,1.9249049996687972,200704,0.4156969998803106,0.09365799996885471,0.018089000150212087,0.0,100352
3,chain_5svc,155,90.22144400023535,77.36144000045897,12.860003999776382,2107392,4,25.156034999781696,0.24018600015551783,0.16342900016752537,62.06047400019088,602112,13.481244000104198,0.40710599978410755,0.09589299997969647,45.09748700002092,802816,14.442683000197576,0.21601999969789176,0.03569000000425149,28.370354999879055,401408,23.623291000149038,0.14366400000653812,0.03575899972929619,2.6002720001088164,200704,0.6581870002264623,0.11349199985488667,0.02884500008804025,0.0,100352
3,chain_5svc,156,89.07890500040594,76.23810699988098,12.840798000524956,2107392,4,25.63849999978629,0.2519190002203686,0.20589299992934684,60.27602099993601,602112,12.406661000113672,0.5163390001143853,0.11551799980225042,44.22642300005464,802816,14.379127000211156,0.188432999948418,0.03471199988780427,27.574509999794827,401408,23.211155999888433,0.12208299995108973,0.02912399986598757,2.4271349998343794,200704,0.6026629998814315,0.1173340001514589,0.0274479998552124,0.0,100352
3,chain_5svc,157,89.75664700028574,75.5144790000486,14.242168000237143,2107392,4,25.137248000191903,0.23934699993333197,0.0844379997033684,61.61593300021195,602112,12.821030999930372,0.4254750001564389,0.100572000064858,44.82056500000908,802816,14.230573999611806,0.23508700041929842,0.05140300027051126,27.794301000085397,401408,22.749293000288162,0.11754399974961416,0.030031999813218135,2.888858000005712,200704,0.5763330000263522,0.11083800018241163,0.02814599974954035,0.0,100352
3,chain_5svc,158,90.2675399997861,76.9877880002241,13.279751999561995,2107392,4,25.782864000120753,0.24290900000778493,0.1644070002839726,61.404033999679086,602112,12.81830700008868,0.36785600013899966,0.09198199995807954,45.0715769998169,802816,13.801187999888498,0.1963250001608685,0.03541000023687957,28.596154000297247,401408,24.14067800009434,0.15930900008243043,0.03052100009881542,2.143997000075615,200704,0.4447510000318289,0.10462299997016089,0.01955600009750924,0.0,100352
3,chain_5svc,159,89.77914000024612,77.10421599995243,12.674924000293686,2107392,4,25.407534999885684,0.24758900008237106,0.100572000064858,61.46360899992942,602112,12.841075999858731,0.3946749998249288,0.08527700038030162,45.306595000056404,802816,14.845600000171544,0.2424899998914043,0.03387299966561841,27.610898000148154,401408,23.54499900002338,0.15239499998642714,0.028636000024562236,2.045800000360032,200704,0.46500600001309067,0.08415900038016844,0.02011399965340388,0.0,100352
3,chain_5svc,160,90.33410099982575,77.03821599989169,13.29588499993406,2107392,4,25.511669000024995,0.24605199996585725,0.19862999988617958,61.73305899983461,602112,13.112760000240087,0.38391999987652525,0.09016500007419381,45.04810999969777,802816,14.652976999968814,0.22181700023793383,0.033802999951149104,27.72131800020361,401408,23.315220999847952,0.15267399976437446,0.03848200003631064,2.2368870004356722,200704,0.4455889998098428,0.08925800011638785,0.01899700009744265,0.0,100352
3,chain_5svc,161,89.77767300029882,75.78532800016546,13.992345000133355,2107392,4,25.473325999882945,0.30716400033270475,0.22398200007955893,61.11621699983516,602112,12.764041000082216,0.3893670000252314,0.10287700024491642,44.74555600017993,802816,13.778630000160774,0.18885200006479863,0.03568900001482689,28.43111800029874,401408,23.186851999980718,0.14974099985920475,0.028704000214929692,2.7868890001627733,200704,0.5824790000588109,0.1644070002839726,0.027586999749473762,0.0,100352
3,chain_5svc,162,90.80685899971286,77.27930800001559,13.527550999697269,2107392,4,26.01033800010555,0.2895640000133426,0.1412890001120104,61.63981999998214,602112,12.525531999926898,0.4013100001429848,0.08820899984129937,45.496422999804054,802816,15.192083999863826,0.2580650002528273,0.04714300030173035,27.60321499999918,401408,22.997860000032233,0.1530929998807551,0.02912399986598757,2.3219539998535765,200704,0.5534940000870847,0.08625500004200148,0.029054000151518267,0.0,100352
3,chain_5svc,163,89.40555699973629,76.11044000032052,13.295116999415768,2107392,4,25.995252000029723,0.32622999970044475,0.09107400001084898,60.38769999986471,602112,12.307766000049014,0.399633000142785,0.10148000001208857,44.83215999971435,802816,13.842046000263508,0.19730299982256838,0.03499000013107434,28.210208999553288,401408,23.33261100011441,0.191435999568057,0.0295429999823682,2.640291999796318,200704,0.6327649998638663,0.1138420002462226,0.02912399986598757,0.0,100352
3,chain_5svc,164,90.23813899966626,76.7234400000234,13.51469899964286,2107392,4,25.35501500005921,0.38817899985588156,0.18612800022310694,61.66300799986857,602112,12.733310999919922,0.37637700006598607,0.0920510001378716,45.32489299981535,802816,14.342461000069306,0.2214679998360225,0.03526999989844626,28.382926999711344,401408,23.672948999774235,0.14541100017595454,0.029613000151584856,2.5510340001346776,200704,0.619704000200727,0.1174039998659282,0.02870499974960694,0.0,100352
3,chain_5svc,165,90.42713000008007,76.5029509998385,13.924179000241566,2107392,4,25.56789199979903,0.2510109998183907,0.1926230002027296,61.754500000006374,602112,12.922861000333796,0.38957699962338666,0.08883800001058262,44.849689999864495,802816,14.040535999811254,0.23648400019737892,0.05538400000659749,27.993980000246665,401408,23.35607799977879,0.15204500004983856,0.029543000437115552,2.568284999597381,200704,0.6155840001156321,0.10685699999157805,0.026748999971459853,0.0,100352
3,chain_5svc,166,90.83172200007539,76.86598699956448,13.965735000510904,2107392,4,26.030871999864758,0.27349999982106965,0.2003050003622775,61.785578999661084,602112,12.488166999901296,0.4169540002294525,0.10699699987526401,45.38013799992768,802816,14.807815000040137,0.2523379998820019,0.04728300018541631,27.882791999672918,401408,22.975231999680545,0.14331500005937414,0.0295429999823682,2.558157999828836,200704,0.5639010000777489,0.11000099993907497,0.027237999802309787,0.0,100352
3,chain_5svc,167,91.27465799974743,77.87073000054079,13.403927999206644,2107392,4,25.254373000279884,0.3535379996719712,0.09456499992666068,62.94145799984108,602112,12.663818999953946,0.3635949997260468,0.09016500007419381,46.55529199999364,802816,15.104154000255221,0.24479399962729076,0.03289500000391854,28.989921000174945,401408,24.20598099979543,0.14932100020814687,0.03010199998243479,2.604882000014186,200704,0.6424030002563086,0.10930200005532242,0.03052100009881542,0.0,100352
3,chain_5svc,168,90.37544800003161,77.36891700051274,13.006530999518873,2107392,4,26.436302000092837,0.2730100000007951,0.17320799997833092,60.80493400031628,602112,12.527627000054053,0.5868789999112778,0.08667299971421016,44.24597900015215,802816,15.08375999992495,0.2206300000580086,0.03946000015275786,26.813936000053218,401408,22.87088900038725,0.1187309999295394,0.028634999580390286,2.057603000139352,200704,0.4503390000536456,0.08632399976704619,0.019905000044673216,0.0,100352
3,chain_5svc,169,90.27669299985064,76.92584200049168,13.350850999358954,2107392,4,25.719726999795967,0.2716140002121392,0.1125150001826114,61.60308400012582,602112,12.350369000159844,0.4284090000510332,0.08799999977782136,45.639529999789374,802816,14.162620000206516,0.2061720001620415,0.03429199978199904,28.983217000131845,401408,24.053517000083957,0.15469900017706095,0.02898499997172621,2.5857450000330573,200704,0.6396090002454002,0.11782299998230883,0.028635000035137637,0.0,100352
3,chain_5svc,170,90.43390799979534,76.98346100005438,13.450446999740961,2107392,4,26.067818000228726,0.2683319999050582,0.19276300008641556,61.213509000026534,602112,12.236807000135741,0.3472530001999985,0.08939700001064921,45.61906700018881,802816,14.841758999864396,0.2150430000256165,0.03485100023681298,28.034279000166862,401408,23.239722000198526,0.1967439998225018,0.0295429999823682,2.4813330001052236,200704,0.5973549996269867,0.1202670000566286,0.027658000362862367,0.0,100352
3,chain_5svc,171,90.1864590000514,76.63306899939926,13.553390000652143,2107392,4,25.339370999972743,0.2795059999698424,0.19073700013905182,61.395934999836754,602112,12.479995999910898,0.367995000033261,0.08639399993626284,45.46632299980047,802816,14.303210999969451,0.23292200012292597,0.03568900001482689,28.597201999673416,401408,24.029770999732136,0.1553270003569196,0.039180999920063186,2.3165070001596177,200704,0.4807199998140277,0.17383600015818956,0.026470000193512533,0.0,100352
3,chain_5svc,172,90.45395199973427,76.776451999649,13.677500000085274,2107392,4,25.321561000055226,0.2802049998535949,0.0857649997669796,61.97813500011762,602112,12.16906099989501,0.3406870000617346,0.08422900009463774,45.95304899976327,802816,15.201653000076476,0.2158799998142058,0.03568900001482689,28.05083100020056,401408,23.627831999874616,0.14115000021774904,0.029613000151584856,2.3362009997072164,200704,0.45634499974767095,0.08681300005264347,0.025353000182803953,0.0,100352
3,chain_5svc,173,88.57165100016573,75.59815399963554,12.973497000530188,2107392,4,25.45852000002924,0.31729100010124967,0.09729000021252432,59.86542700020436,602112,12.03992399996423,0.3390110000509594,0.08632399976704619,44.475619999957416,802816,13.672820000010688,0.19800100017164368,0.03568900001482689,28.117249999922933,401408,23.960836999776802,0.14038200015420443,0.028635000035137637,2.1271649998197972,200704,0.4660529998545826,0.08534700009477092,0.019625000277301297,0.0,100352
3,chain_5svc,174,89.13757800019084,76.2247040006514,12.912873999539443,2107392,4,25.503567999749066,0.2633030003380554,0.07759400023132912,60.62229999997726,602112,12.208870999984356,0.32741699988037,0.0858350003909436,44.989164999606146,802816,14.600736000375036,0.26309399981983006,0.03757399963433272,27.720061000309215,401408,23.480607000237796,0.15511799983869423,0.030311000045912806,2.0379779998620506,200704,0.43092200030514505,0.08408999974562903,0.018507999811845366,0.0,100352
3,chain_5svc,175,90.07059200030199,75.98277200031589,14.087819999986095,2107392,4,25.477168000179518,0.24472499990224605,0.1632199996493,61.57598699974187,602112,12.202026000068145,0.36212899976817425,0.10937199976979173,45.354646000305365,802816,14.531243999954313,0.25094099964917405,0.03568900001482689,27.833065999857354,401408,23.340363999977853,0.14603899990106584,0.031009999929665355,2.26531199996316,200704,0.43197000013606157,0.08262300025307923,0.01815899986468139,0.0,100352
3,chain_5svc,176,91.13749199968879,77.13704500019958,14.000446999489213,2107392,4,25.325960999907693,0.2591130000837438,0.08876899983079056,62.5561439997,602112,12.078545999884227,0.3440400000727095,0.10643900031936937,46.66082399990046,802816,15.46153300023434,0.2906109998548345,0.03659699996205745,28.435517999696458,401408,23.826322999866534,0.1461080000808579,0.031428000056621386,2.3209759997371293,200704,0.4446820003067842,0.0963809998211218,0.01983499987545656,0.0,100352
3,chain_5svc,177,89.35331799966661,76.20745299982445,13.14586499984216,2107392,4,25.233560999822657,0.24528399990231264,0.08590500010541291,61.29284899998311,602112,12.43424899985257,0.3614299998844217,0.09638200026529375,45.18960999985211,802816,14.480259000265505,0.26812199985215557,0.04330199999458273,28.26692100006767,401408,23.63977499999237,0.15302300016628578,0.029612999696837505,2.3090330000741233,200704,0.41960899989135214,0.0920510001378716,0.018647000160854077,0.0,100352
3,chain_5svc,178,89.76657099992735,76.49310599981618,13.273465000111173,2107392,4,26.15833299978476,0.2602300000944524,0.17041399996742257,60.77993300004891,602112,12.284299999919313,0.3662489998532692,0.0863940003910102,44.770631000119465,802816,14.157241999782855,0.292985000214685,0.03806300037467736,27.78606200035938,401408,23.464962000161904,0.1588899999660498,0.034361999951215694,2.0270129998607445,200704,0.42826900016734726,0.08534600010534632,0.019625999811978545,0.0,100352
3,chain_5svc,179,90.84743999983402,76.98011100001168,13.867328999822348,2107392,4,25.19822100020974,0.26937900020129746,0.17320699998890632,62.67822699965109,602112,12.102013000003353,0.3569599998627382,0.08821000028547132,46.60334500022145,802816,14.818501999798173,0.24723900014578248,0.035061000289715594,28.870352000012645,401408,24.440229999981966,0.15609599995514145,0.029194000035204226,2.173330999994505,200704,0.42114500001844135,0.08674399987285142,0.018228000044473447,0.0,100352
3,chain_5svc,180,90.15482099994188,77.07132500036096,13.083495999580919,2107392,4,25.85382400002345,0.2829979998750787,0.07766399994579842,61.223705999964295,602112,12.489774000187026,0.3714869999384973,0.08401899958698777,44.963603999804036,802816,14.168415999847639,0.26009000021076645,0.03450199983490165,28.059352000127546,401408,24.08389900028851,0.1504389997535327,0.031009999929665355,2.0632599998862133,200704,0.47541200001433026,0.09149200013780501,0.02011500009757583,0.0,100352
3,chain_5svc,181,91.07812999991438,76.95853399991393,14.119596000000456,2107392,4,26.05042899995169,0.2519879999454133,0.1722289998724591,61.92456899998433,602112,12.702581999747053,0.5078879999018682,0.09016500007419381,45.26315499970224,802816,14.11380099989401,0.23501700025008176,0.03568900001482689,28.17347400014114,401408,23.654513000110455,0.15337200011344976,0.03911099975084653,2.242613999897003,200704,0.4372090002107143,0.12906699976156233,0.020324000161053846,0.0,100352
3,chain_5svc,182,90.50305300024775,77.03766099939457,13.465392000853171,2107392,4,26.064116999805265,0.2716140002121392,0.19849000000249362,61.31512999991173,602112,12.66493699995408,0.493709999773273,0.08827900001051603,44.970309999825986,802816,13.899804999709886,0.24619200030429056,0.03771499996219063,28.384674999870185,401408,23.973689000285958,0.15085799986991333,0.02814599974954035,2.2158639999361185,200704,0.43511299963938654,0.12348000018391758,0.018648000150278676,0.0,100352
3,chain_5svc,183,88.85632800001986,75.68950899985794,13.166819000161922,2107392,4,25.783353999941028,0.2804840000862896,0.1096510000024864,59.980457999699865,602112,12.279900000066846,0.405848999889713,0.09680099992692703,44.008171999848855,802816,14.330169000004389,0.24675100030435715,0.03373399977135705,26.969054999881337,401408,22.8656519998367,0.1252950000889541,0.029613000151584856,1.9697430002452165,200704,0.43043400000897236,0.08387899970330182,0.0182990002031147,0.0,100352
3,chain_5svc,184,89.67752600028689,75.89596099978735,13.78156500049954,2107392,4,25.719029999891063,0.23878899992268998,0.1713910000944452,60.94762399970932,602112,12.061714000083157,0.4126249996261322,0.08772099999987404,45.18884400022216,802816,14.203336999798921,0.27357000044503366,0.05510499977390282,27.83942099995329,401408,23.444638999990275,0.15393100011351635,0.029613000151584856,2.159921999918879,200704,0.46724100002393243,0.08276200014734059,0.020183999822620535,0.0,100352
3,chain_5svc,185,90.51869799986889,77.01671199902194,13.501986000846955,2107392,4,26.003844999650028,0.24423600007139612,0.07501000027332339,61.62655400021322,602112,12.281506999897829,0.5242309998720884,0.08632400022179354,45.583239999814396,802816,14.612050999858184,0.24409600018771016,0.034781000067596324,27.951518000008946,401408,23.642290999760007,0.14233699994292692,0.029612000162160257,2.212791000147263,200704,0.4770179998558888,0.08457800004180172,0.021301999822753714,0.0,100352
3,chain_5svc,186,89.00495099987893,75.49171799928445,13.513233000594482,2107392,4,25.681455999801983,0.24577300018790993,0.16748000007282826,60.24327200020707,602112,12.374953999824356,0.4196790000605688,0.10085099984280532,43.9195430003565,802816,13.916917000187823,0.24283899983856827,0.055872999837447423,27.326505000019097,401408,23.089912999694207,0.12257200023668702,0.02912399986598757,2.1913499999755004,200704,0.4284779997760779,0.09247100024367683,0.01885700021375669,0.0,100352
3,chain_5svc,187,90.01472099998864,76.12085200025831,13.89386899973033,2107392,4,25.77273899987631,0.25666800001999945,0.08967600024334388,61.15351600010399,602112,12.07079400001021,0.3872020001836063,0.08702300010554609,45.26881299989327,802816,14.745797000159655,0.2773409996734699,0.03485100023681298,27.41946399964945,401408,23.102345000097557,0.16035699991334695,0.054335999720933614,2.0838640002693865,200704,0.4291770001145778,0.08939700001064921,0.018507999811845366,0.0,100352
3,chain_5svc,188,89.90632699988055,76.22198099988964,13.68434599999091,2107392,4,25.412635000066075,0.2530360002310772,0.17055399985110853,61.587931999838474,602112,12.321454999892012,0.459417999991274,0.08583599992562085,45.2517710000393,802816,14.090263999605668,0.25233700034732465,0.05622300022878335,28.399690000242117,401408,23.958742000104394,0.1583309999659832,0.0295429999823682,2.211046000411443,200704,0.43888500022148946,0.09100299985220772,0.01955500010808464,0.0,100352
3,chain_5svc,189,89.63157000016508,76.6146320002008,13.016937999964284,2107392,4,25.792084999920917,0.24661099996592384,0.09232999991581892,61.10616400019353,602112,12.248331000137114,0.4390250001051754,0.0892579996616405,45.280825999725494,802816,14.173725000091508,0.2142739999726473,0.03429200023674639,28.41673200009609,401408,23.96048900027381,0.14310599999589613,0.03051999965464347,2.2775349998482852,200704,0.4400019997774507,0.08527699992555426,0.01955500010808464,0.0,100352
3,chain_5svc,190,90.20084900021175,77.42220999989513,12.778639000316616,2107392,4,25.67649699994945,0.24702900009287987,0.1674109998930362,61.57941099991149,602112,12.480764999963867,0.4345540000940673,0.09051400002135779,45.770833999995375,802816,15.085226999872248,0.2447950000714627,0.03541000023687957,28.119556000092416,401408,23.74782100014272,0.18794400011756807,0.03038099976038211,2.030505000220728,200704,0.4318999999668449,0.09519399964119657,0.0196959999811952,0.0,100352
3,chain_5svc,191,88.94237399999838,75.64153000021179,13.300843999786593,2107392,4,25.468508999892947,0.23802000032446813,0.10217799990641652,60.5030120000265,602112,12.045930000113003,0.45438999995894847,0.09777800005394965,45.00250699993558,802816,14.633143000082782,0.22286400007942575,0.052520999815897085,27.54923000020426,401408,23.011621000023297,0.14575899967894657,0.029124000320734922,2.155241999844293,200704,0.48232700009975815,0.08492699998896569,0.021441000171762425,0.0,100352
3,chain_5svc,192,89.87490100025752,76.8034840002656,13.071416999991925,2107392,4,26.279510000222217,0.2791570000226784,0.09100399984163232,60.6307539997033,602112,12.058641000294301,0.41018000001713517,0.08695299993632943,44.76902699980201,802816,14.470620999873063,0.23962700015545124,0.03429299977142364,27.542385999822727,401408,23.527750999619457,0.17418500010535354,0.0295429999823682,1.943133000168018,200704,0.4669610002565605,0.08346100003109314,0.02151099988623173,0.0,100352
3,chain_5svc,193,88.94440099993517,75.40518700034227,13.539213999592903,2107392,4,25.582769999800803,0.24060400028247386,0.17153099997813115,60.404676999951334,602112,12.435018999894965,0.43685899981937837,0.09882500035018893,44.1814499999964,802816,13.955959000213625,0.21839500004716683,0.06516199982797843,27.318613000261394,401408,22.995139000158815,0.13193099994168733,0.044907999836141244,2.15866400003506,200704,0.43630000027405913,0.09819699971558293,0.018647999695531325,0.0,100352
3,chain_5svc,194,90.09999999989304,76.16995200032761,13.930047999565431,2107392,4,25.62935500009189,0.26043899970318307,0.19646400005512987,61.147720999997546,602112,12.154116000147042,0.43797699981951155,0.08625400005257688,45.19247799998993,802816,14.49590399988665,0.21532200025831116,0.03575899972929619,27.815117000045575,401408,23.468385000342096,0.15169599964792724,0.03191799987689592,2.2638460000052874,200704,0.4221919998599333,0.08876899983079056,0.018648000150278676,0.0,100352
3,chain_5svc,195,90.07960600001752,76.562112999909,13.517493000108516,2107392,4,25.87512699983563,0.2885859998968954,0.16880700013643946,60.916126999927656,602112,12.453736000225035,0.4096909997315379,0.09016500007419381,44.66300800004319,802816,13.93381900015811,0.2158110000891611,0.04428000011102995,28.13771600040127,401408,23.869765999734227,0.1588200002515805,0.03052000010939082,1.9444599997768819,200704,0.42966499995600316,0.09896599976855214,0.01927700031956192,0.0,100352
3,chain_5svc,196,89.23228799994831,75.76647599989883,13.465812000049482,2107392,4,25.431772000047204,0.24437599995508208,0.16761999995651422,60.98100999997769,602112,12.345061999894824,0.48903100014285883,0.11139699972773087,44.738925999809,802816,14.419427999655454,0.24039500021899585,0.05789800025013392,27.535821000128635,401408,23.14292300025045,0.17041399996742257,0.02884500008804025,2.28284300010273,200704,0.42729100005090004,0.08387999969272641,0.018089000150212087,0.0,100352
3,chain_5svc,197,89.638905999891,76.71129499976814,12.927611000122852,2107392,4,25.835596999968402,0.2634430002217414,0.08415899992542109,61.00098400020215,602112,12.40966599971216,0.4647960004149354,0.10029200029748608,44.89676799994413,802816,14.73413400026402,0.2121789998454915,0.03680700001496007,27.468494000004284,401408,23.25648599980923,0.14729600025020773,0.034083000173268374,2.0126260001234186,200704,0.47541200001433026,0.08408899975620443,0.02123200010828441,0.0,100352
3,chain_5svc,198,90.45004700010395,76.97899800041341,13.471048999690538,2107392,4,26.10476700010622,0.2461909998601186,0.15490900022996357,61.304586000005656,602112,12.676740000188147,0.49832000013338984,0.08688299976711278,44.94530700003452,802816,14.251877999868157,0.2578550001999247,0.03505999984554364,28.040147999945475,401408,23.502119000113453,0.15455999982805224,0.032406000173068605,2.0414000000528176,200704,0.44349400013743434,0.12445799984561745,0.0210919997698511,0.0,100352
3,chain_5svc,199,89.16579900005672,75.3868879996844,13.778911000372318,2107392,4,25.6870439998238,0.27189299999008654,0.0891869999577466,60.42318499976318,602112,11.98551800007408,0.4140900000493275,0.08730199988349341,44.81491400019877,802816,14.016721000189136,0.1940199999808101,0.03708599979290739,27.920019999783108,401408,23.26821899987408,0.14638800030297716,0.02968299986605416,2.4130270003297483,200704,0.4293859997233085,0.0877910001690907,0.018159000319428742,0.0,100352
3,chain_5svc,200,89.23871299975872,76.14620700041996,13.092505999338755,2107392,4,25.824212999850715,0.24954399987109355,0.17055300031643128,60.346288999880926,602112,12.160611000126664,0.45362099990597926,0.09170199973596027,44.73040500033676,802816,13.713328999983787,0.22894099993209238,0.03387300012036576,28.177594999760913,401408,24.02202000030229,0.1878739999483514,0.028076000035071047,2.1257690000311413,200704,0.4260340001565055,0.07899100000940962,0.01801899998099543,0.0,100352
4,chain_5svc,1,102.10629299990615,88.42927799969402,13.677015000212123,2107392,4,31.902536999950826,0.24633100019855192,0.17418500010535354,66.95409499980087,602112,13.499059999958263,0.32455400014441693,0.11195599972779746,49.676532999910705,802816,17.207510999924125,0.1966740001080325,0.03624700002546888,29.730393000136246,401408,25.226656000086223,0.14562000023943256,0.03191699988747132,2.3779670000294573,200704,0.5935139997745864,0.11139700018247822,0.027727000087907072,0.0,100352
4,chain_5svc,2,98.61658699992404,84.69240200020067,13.924184999723366,2107392,4,29.14756500013027,0.3036709999832965,0.0977089998741576,66.34996499997214,602112,13.76096600006349,0.3902049998032453,0.08876799984136596,48.92063700026483,802816,16.055262999998376,0.21182999989832751,0.03617799984567682,29.94285199974911,401408,25.20388799985085,0.15902899986031116,0.04651400013244711,2.3887229999672854,200704,0.5247200001576857,0.10783599964270252,0.01871699987532338,0.0,100352
4,chain_5svc,3,97.30482200029655,83.59253499975239,13.712287000544165,2107392,4,28.397256000062043,0.2802750000228116,0.17125199974543648,65.6697070003247,602112,14.068617999782873,0.35933500021201326,0.10259700002279715,48.04223900009674,802816,16.158978000021307,0.21622900021611713,0.037784999676659936,29.245622999951593,401408,24.502537999978813,0.1426859998900909,0.03680700001496007,2.443409000079555,200704,0.46514499990735203,0.09379699986311607,0.02248900000267895,0.0,100352
4,chain_5svc,4,96.23086800002056,82.56942700018044,13.661440999840124,2107392,4,28.05866500011689,0.24682000002940185,0.10154999972655787,65.22579399961614,602112,13.550183000006655,0.35591300002124626,0.09540400014884654,48.058442999717954,802816,15.77904000032504,0.2209089998359559,0.040018999698077096,29.508507000173267,401408,24.56253199989078,0.15134699970076326,0.03247600034228526,2.6435750000928238,200704,0.6190069998410763,0.1215940001202398,0.022559000171895605,0.0,100352
4,chain_5svc,5,98.3332400001018,84.62465399952634,13.708586000575451,2107392,4,28.750794000188762,0.2475889996276237,0.08904900005290983,66.48489899998822,602112,14.50778199978231,0.36569100029737456,0.0877910001690907,48.275370999817824,802816,16.013706999729038,0.18689600028665154,0.05231200020716642,29.50208099991869,401408,24.890368999876955,0.14492100035568,0.03191699988747132,2.582953000000998,200704,0.4620019999492797,0.1125849998970807,0.020324000161053846,0.0,100352
4,chain_5svc,6,98.9491039999848,83.76190299986774,15.187201000117057,2107392,4,28.795703000014328,0.35109400005239877,0.17250799965040642,65.38831600028061,602112,13.90016100003777,0.41038899962586584,0.10643800032994477,47.92427700022017,802816,15.863407999859191,0.24863600037861033,0.03680700001496007,29.32810599986624,401408,24.73231800013309,0.14254600000640494,0.032405999718321254,2.2660120002910844,200704,0.4703129998233635,0.08939800000007381,0.02011400010815123,0.0,100352
4,chain_5svc,7,97.51539500030049,83.48211500060643,14.03327999969406,2107392,4,28.637581000111823,0.2622549995976442,0.09442600003239932,65.4509640003198,602112,14.335831999687798,0.3296520003459591,0.10196900029768585,47.6103390001299,802816,15.561413000341418,0.21762699998362223,0.06243799998628674,29.366588999891974,401408,24.421033000180614,0.14715699990119901,0.03387299966561841,2.69882000020516,200704,0.5262560002847749,0.10587999986455543,0.020044999928359175,0.0,100352
4,chain_5svc,8,97.31327300005432,83.47415499974886,13.839118000305461,2107392,4,28.912337999827287,0.25960199991459376,0.16929600042203674,65.41625199997725,602112,13.873061999674974,0.3387320002730121,0.0907240000742604,47.896619999846735,802816,15.583203999995021,0.22537899985763943,0.03568900001482689,29.61054499974125,401408,24.495903000115504,0.1639179999983753,0.03289599999334314,2.714534000006097,200704,0.609648000136076,0.1139109999712673,0.027168000087840483,0.0,100352
4,chain_5svc,9,98.08278799982872,83.56655400029922,14.516233999529504,2107392,4,28.807716000301298,0.35304899984112126,0.1843820000431151,65.62479900003382,602112,14.039564000086102,0.349207999988721,0.08869900011632126,47.892778999994334,802816,15.702423000220733,0.22405199979402823,0.03715599996212404,29.515629999878,401408,24.428086999705556,0.1748829999996815,0.031988000046112575,3.092308000304911,200704,0.588763999985531,0.10818500004461384,0.028077000024495646,0.0,100352
4,chain_5svc,10,101.04491199990662,87.08398700036923,13.960924999537383,2107392,4,30.741909999960626,0.30590599999413826,0.20777899999302463,66.75525599985122,602112,13.940877000095497,0.3587769997466239,0.10678800026653334,49.401777000184666,802816,16.515379999873403,0.25666800001999945,0.03631800018411013,30.224103999898944,401408,25.299151000126585,0.15651600006094668,0.031988000046112575,2.6095630000781966,200704,0.5866690003131225,0.11000099993907497,0.028215999918757007,0.0,100352
4,chain_5svc,11,98.13419200008866,84.56619900016449,13.567992999924172,2107392,4,29.050135999568738,0.3041600002688938,0.17725800034895656,65.95976099970358,602112,13.838001000294753,0.43392599991420866,0.08688299976711278,48.195543000019825,802816,16.544504000194138,0.216648999867175,0.038622999909421196,29.048599999896396,401408,24.622108000130538,0.14100999987931573,0.031429000046045985,2.2623799995926674,200704,0.5114499999763211,0.09372800013807137,0.027656999918690417,0.0,100352
4,chain_5svc,12,98.38527400006569,84.52164199979961,13.86363200026608,2107392,4,28.664470999956393,0.2895640000133426,0.17062300003090058,66.55236699998568,602112,14.41314700014118,0.37092899992785533,0.0998729997263581,48.337670999899274,802816,15.985002999968856,0.2193029999943974,0.03820300025836332,29.74862300015957,401408,24.83477599980688,0.16538499994567246,0.031009000394988107,2.550196999891341,200704,0.6242449999263044,0.1088829999389418,0.030031999813218135,0.0,100352
4,chain_5svc,13,100.54596500003754,86.21599899970533,14.329966000332206,2107392,4,28.609436999886384,0.2873980001822929,0.17593100028534536,68.50199700011217,602112,13.886471999740024,0.38063700003476697,0.08821000028547132,50.67499099959605,802816,16.548345000046538,0.2475189999131544,0.04483799966692459,31.483140000091225,401408,26.50161500014292,0.16999499985104194,0.03617799984567682,2.795132000301237,200704,0.6701299998894683,0.11907999987670337,0.030591000268032076,0.0,100352
4,chain_5svc,14,99.64312200008862,84.89256899974862,14.750553000340005,2107392,4,29.827683999883448,0.3201539998372027,0.15958799986037775,66.08868900002562,602112,13.823752999996941,0.40941199995359057,0.09491499986324925,48.35087099991142,802816,15.502536999974836,0.21301700007825275,0.03617799984567682,30.014370000117196,401408,25.109112999871286,0.17202000026372843,0.031987000056687975,2.6256269998157222,200704,0.629482000022108,0.10713700021369732,0.02870499974960694,0.0,100352
4,chain_5svc,15,98.99394400008532,85.36574599975211,13.628198000333214,2107392,4,29.39480499981073,0.2911699998549011,0.17153099997813115,66.07618799989723,602112,14.07203999997364,0.41018000001713517,0.09393700020154938,48.63345000012487,802816,16.128247999859013,0.23578500031362637,0.03778400014198269,29.84961399988606,401408,25.167431000227225,0.14715599991177442,0.03052099964406807,2.570730000115873,200704,0.603221999881498,0.1088829999389418,0.027657000373437768,0.0,100352
4,chain_5svc,16,100.01649600008022,85.27383500040742,14.742660999672808,2107392,4,28.257573999781016,0.28460400017138454,0.16112499997689156,68.22214100020574,602112,13.712215999930777,0.4525039998952707,0.09253999996872153,50.46623399994132,802816,15.892882000116515,0.2871879996746429,0.04770200030179694,31.615769000381988,401408,26.814716000444605,0.15155599976424128,0.03289500000391854,2.488805999746546,200704,0.5964470001345035,0.11062899966418627,0.028146000204287702,0.0,100352
4,chain_5svc,17,98.39323599999261,83.95599299956302,14.43724300042959,2107392,4,28.94313900014822,0.2888649996748427,0.0899560000107158,65.9443959998498,602112,13.619047999782197,0.4189100000075996,0.10762600004454725,48.73213700011547,802816,15.879680999660195,0.2519190002203686,0.039181999909487786,29.97071900017545,401408,24.885830000130227,0.16007699969122768,0.03149800022583804,2.645321999807493,200704,0.6282949998421827,0.10706700004448066,0.028635000035137637,0.0,100352
4,chain_5svc,18,98.17365400022027,83.6050409998279,14.56861300039236,2107392,4,28.200163999827055,0.3086300002905773,0.19038900018131244,66.20113400003902,602112,13.910496999869792,0.4629800000657269,0.1174039998659282,48.37922700016861,802816,16.05191199996625,0.27328999976816704,0.039600000036443816,29.60761199983608,401408,24.85677599997871,0.14135900028122705,0.031429000046045985,2.6550299999144045,200704,0.5856920001860999,0.11342300012984197,0.028773999929398997,0.0,100352
4,chain_5svc,19,100.92855699986103,86.01059600005101,14.91796099981002,2107392,4,29.589175000182877,0.30751199983569677,0.175930999830598,67.76174600008744,602112,13.74175999990257,0.4165350001130719,0.09386700003233273,50.03838499987978,802816,15.937021999889112,0.23362000001725391,0.04001900015282445,31.249380000190286,401408,26.152616999752354,0.1758610001161287,0.031988000046112575,2.7299690000290866,200704,0.5900220003240975,0.11831199981315876,0.033244999940507114,0.0,100352
4,chain_5svc,20,97.95826300023691,83.32811699983722,14.63014600039969,2107392,4,28.61572099982368,0.3102370001215604,0.17250900009457837,65.73040199964453,602112,13.84135399985098,0.49678400000630063,0.11118800011900021,47.966812000140635,802816,15.63244199996916,0.22831199976280914,0.03708600024765474,29.416945000320993,401408,24.647669999922073,0.16210200010391418,0.03191799987689592,2.479447000041546,200704,0.590930000271328,0.11621599969657836,0.02940299964393489,0.0,100352
4,chain_5svc,21,100.07418599980156,86.12890699987474,13.945278999926813,2107392,4,28.53791799998362,0.3100270000686578,0.24667999969096854,68.03692299990871,602112,14.473001000169461,0.3855260001728311,0.10008299977926072,50.143637000019226,802816,16.68369899971367,0.22188700040715048,0.05538400000659749,30.61808199981897,401408,25.849645000107557,0.20316900008765515,0.031429000046045985,2.5057080001715804,200704,0.584643999900436,0.090725000063685,0.0295429999823682,0.0,100352
4,chain_5svc,22,97.0833589999529,83.7954289991103,13.287930000842607,2107392,4,28.57200099970214,0.279925000086223,0.08066800000960939,65.57891700003893,602112,13.861188999726437,0.43211000001974753,0.09596300014891312,48.26510700013387,802816,15.65381399996113,0.27447799993751687,0.03813400007857126,29.704065000260016,401408,25.234758999886253,0.16175299970200285,0.030730000162293436,2.1497249999811174,200704,0.47366599983433844,0.0976390001596883,0.026679000256990548,0.0,100352
4,chain_5svc,23,97.46692899989284,83.70973399996728,13.75719499992556,2107392,4,28.535474000364047,0.26288399976692745,0.17565199959790334,65.73019400002522,602112,14.324797999961447,0.4587890002767381,0.08911799977795454,47.871130000203266,802816,15.65891299969735,0.26700400030676974,0.056432000292261364,29.394736000085686,401408,24.599968000075023,0.14764599973204895,0.03052100009881542,2.5469849997534766,200704,0.5905809998694167,0.15588599990223884,0.02856499986592098,0.0,100352
4,chain_5svc,24,96.61709700003485,83.0448439992324,13.572253000802448,2107392,4,28.73068200005946,0.24633100019855192,0.19380999992790748,64.69157899982747,602112,13.705302999824198,0.47967199998311116,0.08988599984149914,47.176555000078224,802816,15.602061999743455,0.2179749999413616,0.04092700010005501,28.82231400008095,401408,24.55024199980471,0.1433840002391662,0.032265999834635295,2.2617509998781316,200704,0.45655499980057357,0.09156199985227431,0.019625000277301297,0.0,100352
4,chain_5svc,25,98.98011800032691,85.47162800005026,13.508490000276652,2107392,4,28.612229999907868,0.2707059998101613,0.200935000066238,67.04838400037261,602112,14.793086000281619,0.46214199983296567,0.10692699970604735,48.510459999761224,802816,15.71436599988374,0.23152499989009812,0.03764500024772133,30.0629809999009,401408,25.86913100003585,0.15400099982798565,0.03820299980361597,2.1503539996956533,200704,0.4828149999411835,0.09687000010671909,0.02235000010841759,0.0,100352
4,chain_5svc,26,98.24545399987983,84.61124999985259,13.634204000027239,2107392,4,28.201701999932993,0.24703000008230447,0.09295900008510216,66.9797299997299,602112,14.500310000130412,0.43141199967067223,0.0886289999471046,48.63729299995612,802816,15.594727999996394,0.2559700001256715,0.052800000048591755,30.52030399976502,401408,25.66421499977878,0.16126400032590027,0.031009999929665355,2.6084450000780635,200704,0.6502950000140117,0.11013999983333633,0.02884500008804025,0.0,100352
4,chain_5svc,27,99.05931899993448,85.24708899994948,13.812229999984993,2107392,4,28.311982000104763,0.29508099987651804,0.09198099996865494,67.6977020002596,602112,14.517490999878646,0.42736099976536934,0.09868600000118022,49.40701800023817,802816,16.29740499993204,0.23934799992275657,0.03443100013100775,30.334386000049562,401408,25.547789000029297,0.2010049997807073,0.031987000056687975,2.4887370000215014,200704,0.5724220000047353,0.14059100021768245,0.02702899973883177,0.0,100352
4,chain_5svc,28,97.57315800015931,84.02960799958237,13.543550000576943,2107392,4,28.393625999797223,0.2876779999496648,0.09184200007439358,65.99747800009936,602112,13.672266999947169,0.4534820000117179,0.08730199988349341,48.63512800011449,802816,15.70856999978787,0.21783600004710024,0.043790000290755415,30.238771999847813,401408,25.662888000169914,0.14303599982667947,0.03135899987682933,2.649093000400171,200704,0.5922569998801919,0.1583309999659832,0.028635000035137637,0.0,100352
4,chain_5svc,29,97.76773700014019,84.25980600031835,13.507930999821838,2107392,4,28.55586800023957,0.2846049997060618,0.10315600002286374,66.07961100007742,602112,14.107659999808675,0.45264299978953204,0.08827999999994063,48.34744999971008,802816,15.546049000022322,0.2164389998142724,0.03897100032190792,30.298767000203952,401408,25.492614000086178,0.17111199986175052,0.03052099964406807,2.33697099974961,200704,0.5576150001616043,0.1075559998753306,0.02109300021402305,0.0,100352
4,chain_5svc,30,97.51309500006755,83.75024299948564,13.762852000581915,2107392,4,28.53030599999329,0.27538599988474743,0.09198199995807954,65.83299999965675,602112,13.569181000093522,0.45257400006448734,0.09205099968312425,48.64490499994645,802816,15.79056499986109,0.20700999994005542,0.03764399980354938,30.19784499974776,401408,25.243419999696926,0.16273100027319742,0.031708000278740656,2.545099000144546,200704,0.61677099984081,0.10385499990661629,0.0295429999823682,0.0,100352
4,chain_5svc,31,97.3704779999025,83.64555100024518,13.724926999657328,2107392,4,28.14862200011703,0.27294099982100306,0.08625400005257688,66.16733300006672,602112,13.755729000422434,0.4319699996813142,0.09058399973582709,48.568638999768154,802816,15.83393500004604,0.2673540002433583,0.03953099985665176,29.825309999978344,401408,25.402518999726453,0.1792830003068957,0.03478200005702092,2.0772289999513305,200704,0.5047459999332204,0.09009500035972451,0.02472400001352071,0.0,100352
4,chain_5svc,32,98.59110299976237,84.37078700035272,14.22031599940965,2107392,4,28.804575000322075,0.374001999716711,0.11684499986586161,66.52785599999333,602112,13.634413999625394,0.43497300021044794,0.0893280002856045,49.362110000402026,802816,16.34936700020262,0.24493499995514867,0.03617799984567682,30.03008600035173,401408,24.997438000355032,0.16287099970213603,0.032405999718321254,2.7162800001860887,200704,0.5849929998476,0.10629900043568341,0.021720999939134344,0.0,100352
4,chain_5svc,33,97.45345199962685,83.72838399964166,13.725067999985185,2107392,4,28.61914599998272,0.258133999977872,0.16782900001999224,65.5961689999458,602112,13.647473999753856,0.3972590002376819,0.10008300023400807,48.304777999874204,802816,15.683915999943565,0.2201409997724113,0.03666700013127411,29.80086500019752,401408,25.325972999780788,0.17572100023244275,0.03345400000398513,2.3118270000850316,200704,0.4518750001807348,0.09735999992699362,0.02081299999190378,0.0,100352
4,chain_5svc,34,97.49172600004385,83.54344400004265,13.9482820000012,2107392,4,28.56753200012463,0.2595319997453771,0.16769000012573088,65.73822699965604,602112,13.538591000269662,0.4348339998614392,0.09295900008510216,48.39648000006491,802816,16.14019199996619,0.2876769999602402,0.054894999721000204,29.549157000019477,401408,24.750897000103578,0.17460399976698682,0.031428000056621386,2.316088000043237,200704,0.5462319995785947,0.10727600010795868,0.019905000044673216,0.0,100352
4,chain_5svc,35,97.31977499995992,83.228388000407,14.091386999552924,2107392,4,28.360521999729826,0.25855400008367724,0.14443200007008272,65.77251899989278,602112,13.585663999947428,0.4358120004326338,0.10881299976972514,48.386771999958,802816,16.16673200032892,0.18864199955714867,0.03855199975077994,29.353879000154848,401408,24.51483200002258,0.15092700004970538,0.03135899987682933,2.6497919998291763,200704,0.6006380003782397,0.12487699996199808,0.02081299999190378,0.0,100352
4,chain_5svc,36,98.16255399982765,84.16950400032874,13.993049999498908,2107392,4,28.310794999924838,0.2440260000184935,0.19709299976966577,66.80079800025851,602112,14.120023000032234,0.4575329999170208,0.08869799967214931,49.04251500011014,802816,15.985910999916086,0.21266800013108877,0.06341600010273396,30.396334999750252,401408,25.15479100020457,0.16384899981858325,0.03317499977129046,2.7653090000967495,200704,0.5979840002510173,0.11349299984431127,0.027936999686062336,0.0,100352
4,chain_5svc,37,98.37529200012796,84.11104800006797,14.264244000059989,2107392,4,29.129827999895497,0.2533150000090245,0.19213399991713231,65.95040599995627,602112,13.675202000285935,0.4077349999533908,0.097707999884733,48.46310899984019,802816,15.470689000267157,0.20065499984411872,0.03547999995134887,30.241916000250058,401408,25.234480999642983,0.17551200016896473,0.032685999940440524,2.6997979998668598,200704,0.6008479999763949,0.11684500032060896,0.028635000035137637,0.0,100352
4,chain_5svc,38,99.5784530000492,84.55258499998308,15.025868000066112,2107392,4,28.82559699992271,0.24703000008230447,0.07975900007295422,67.69623799982583,602112,14.14027700002407,0.4665420001401799,0.11286399967502803,49.77648100020815,802816,15.517203999934281,0.22286500006885035,0.0379940001948853,31.37830900004701,401408,25.442818000101397,0.16650199995638104,0.0449780000053579,3.34611300013421,200704,0.6266890000006242,0.106787999811786,0.02709800037337118,0.0,100352
4,chain_5svc,39,97.859440999855,83.86932399980651,13.990117000048485,2107392,4,28.211688999817852,0.24430600024061278,0.09826699988479959,66.32028700005321,602112,14.262011000027996,0.462491000234877,0.10909200000241981,48.28906300008384,802816,15.617077999650064,0.20784900016224128,0.03652700024758815,29.872103999878163,401408,25.285115000315272,0.16922599979807273,0.032406999707745854,2.294227999755094,200704,0.4934309999953257,0.08772099999987404,0.023258000055648154,0.0,100352
4,chain_5svc,40,97.01100499978565,83.40906799958248,13.60193700020318,2107392,4,28.962556999886147,0.257366999903752,0.2121779998560669,64.8679309997533,602112,13.604102000044804,0.48470100000486127,0.0877910001690907,47.52688099961233,802816,15.320390999931988,0.20512499986580224,0.03617799984567682,29.57157599985294,401408,25.038225000116654,0.13744899979428737,0.03191799987689592,2.377828000135196,200704,0.48379299960288336,0.09687100009614369,0.022279000404523686,0.0,100352
4,chain_5svc,41,97.12533599986273,83.4065550006926,13.718780999170122,2107392,4,28.596517000096355,0.32106200023918063,0.17669899989414262,65.16126600035932,602112,13.484254000104556,0.4482439999264898,0.09100299985220772,48.00292200025069,802816,15.564068000003317,0.20393700015119975,0.03883199997289921,29.869170999972994,401408,25.048283000160154,0.19283199981146026,0.033105000056821154,2.604533999601699,200704,0.713433000328223,0.12159399966549245,0.029612999696837505,0.0,100352
4,chain_5svc,42,99.97606500019174,86.10258200042153,13.873482999770204,2107392,4,30.743169999823294,0.24605199996585725,0.11146699989694753,65.97855400013941,602112,14.058422000289283,0.40654899976289016,0.12110499983464251,48.348010999688995,802816,15.617637000104878,0.19646500004455447,0.035898000078304904,30.135127999983524,401408,25.040740000349615,0.18179800008510938,0.03149899976051529,2.7633549998427043,200704,0.6426129998544639,0.11028000017176964,0.025422999897273257,0.0,100352
4,chain_5svc,43,101.59981200013135,86.65600699941933,14.943805000712018,2107392,4,29.13248200002272,0.3878309998981422,0.09456599991608527,68.93285500018465,602112,14.06540700008918,0.3973289999521512,0.08869900011632126,51.07253300002412,802816,16.240065999681974,0.2171380001527723,0.03659699996205745,31.78506800031755,401408,26.54792199973599,0.16049700025178026,0.03191799987689592,2.8477219998421788,200704,0.6701299998894683,0.10720699992816662,0.029124000320734922,0.0,100352
4,chain_5svc,44,97.8951329998381,83.78628299942648,14.108850000411621,2107392,4,28.56131699991238,0.3350309998495504,0.11642600020422833,65.94125899982828,602112,13.6276389998784,0.3701609998643107,0.09666100004324107,48.64309200002026,802816,16.005955999844446,0.2054040000984969,0.05594300000666408,29.968486000143457,401408,24.993526999878668,0.17886499972519232,0.03429200023674639,2.662153999608563,200704,0.597843999912584,0.10895300010815845,0.028635000035137637,0.0,100352
4,chain_5svc,45,99.32185800016669,85.36735899997439,13.9544990001923,2107392,4,28.657559000293986,0.35088399999949615,0.16894700002012542,67.35115099991162,602112,14.654310999958398,0.4750630000671663,0.10839500009751646,48.613059999752295,802816,16.654295999614988,0.24793800002953503,0.03715599996212404,29.045039999800792,401408,24.95218100011698,0.1419179998265463,0.031429000046045985,2.0566959997267986,200704,0.4490119999900344,0.08953700034908252,0.02151099988623173,0.0,100352
4,chain_5svc,46,98.34442400006083,84.33950000016921,14.004923999891616,2107392,4,29.1645399997833,0.3314680002404202,0.08876900028553791,66.01738499966814,602112,13.802940999994462,0.39719000005788985,0.09009599989440176,48.6630669997794,802816,15.942958999858092,0.22167800034367247,0.03540999978213222,29.747786999905657,401408,24.7940600002039,0.144850999731716,0.031987000056687975,2.716000999953394,200704,0.6350000003294554,0.10783599964270252,0.028913999813084956,0.0,100352
4,chain_5svc,47,100.12587499977599,86.1599230001957,13.965951999580284,2107392,4,30.300862999865785,0.34599500031617936,0.17334699987259228,66.5386830000898,602112,13.524692999908439,0.3843380000034813,0.08814000011625467,49.499559000196314,802816,16.67643600012525,0.2612080002108996,0.03582899989851285,30.228717000227334,401408,25.075592000121105,0.1653149997764558,0.030729999707546085,2.8395510003065283,200704,0.582339000175125,0.1160070000878477,0.02758799973889836,0.0,100352
4,chain_5svc,48,98.23323599994183,83.65128099967478,14.581955000267044,2107392,4,29.07619000006889,0.3477409995866765,0.19157599990649032,65.82581000020582,602112,13.880325999707566,0.462282000171399,0.08869900011632126,48.081564999847615,802816,15.479559999675985,0.22286500006885035,0.05761900001743925,29.691774000184523,401408,24.597176000042964,0.14317600016511278,0.03205699977115728,2.804141999604326,200704,0.6180290001793765,0.11202599989701412,0.02856499986592098,0.0,100352
4,chain_5svc,49,99.43220800005292,85.53658600021663,13.895621999836294,2107392,4,30.610401000103593,0.3221089996259252,0.2144140003110806,65.44063399996958,602112,14.038587000413827,0.3967709999415092,0.10266699973726645,47.86037599978954,802816,15.829467000003206,0.25003300015669083,0.04064799986736034,29.441252000196982,401408,24.56595700004982,0.14394299978448544,0.032685999940440524,2.512133999971411,200704,0.4921739996461838,0.10657800021363073,0.01997500021388987,0.0,100352
4,chain_5svc,50,99.43730600025447,85.31903000039165,14.118275999862817,2107392,4,29.007745000399154,0.38741099979233695,0.18431199987389846,66.95424100007585,602112,13.897088000248914,0.4627710000022489,0.09295899963035481,49.55270999971617,802816,16.13690999965911,0.2160200001526391,0.03771399997276603,30.647068000234867,401408,25.71492200013381,0.1631499999348307,0.036178000300424173,2.59699099979116,200704,0.5623649999506597,0.12746099992000381,0.026189999971393263,0.0,100352
4,chain_5svc,51,97.60843299955013,83.3877000004577,14.220732999092434,2107392,4,28.711617000226397,0.3378239998710342,0.17229900004167575,65.62019700004385,602112,13.686097000118025,0.39907500013214303,0.09449499975744402,48.191914999733854,802816,15.596825000102399,0.2173470002162503,0.06250799970075605,29.970650999985082,401408,24.81801500016445,0.19003899978997651,0.03052099964406807,2.74840799966114,200704,0.575145999846427,0.16419799976574723,0.027587000204221113,0.0,100352
4,chain_5svc,52,99.2513199998939,84.4915470001979,14.759772999695997,2107392,4,29.801426000176434,0.387061999845173,0.19709299976966577,65.57542900009139,602112,13.92663199976596,0.41290399985882686,0.0872320001690241,47.94467600004282,802816,15.65961200003585,0.24102299994410714,0.06006400008118362,29.347803999826283,401408,24.62818599997263,0.16294100032610004,0.032266999824059894,2.4779810000836733,200704,0.47569100024702493,0.10029299983216333,0.02290800011905958,0.0,100352
4,chain_5svc,53,98.6286120000841,84.86052099897279,13.768091001111316,2107392,4,29.59588200019425,0.3462749996288039,0.17621000006329268,65.64974100001564,602112,13.650965999659093,0.39579300027980935,0.09673100021245773,48.49782300016159,802816,16.080756999599544,0.28195100003358675,0.05440700033432222,29.70993400003863,401408,25.021185999776208,0.17816599984143977,0.03247600034228526,2.3944499998833635,200704,0.511729999743693,0.08800000023256871,0.02430500035188743,0.0,100352
4,chain_5svc,54,98.97733100024197,84.18012300035116,14.797207999890816,2107392,4,29.13122600011775,0.3385919999345788,0.17502299988336745,66.46597999997539,602112,13.65508700018836,0.39139199998317054,0.10595000003377208,49.13554599988856,802816,15.914464000161388,0.25645899995652144,0.10979099988617236,30.255816000135383,401408,24.89791400012109,0.16824900012579747,0.02982299974974012,2.9841929999747663,200704,0.5814319997625716,0.1096510000024864,0.029124000320734922,0.0,100352
4,chain_5svc,55,98.34547399987059,84.52954199947271,13.81593200039788,2107392,4,28.474575000018376,0.36289699983171886,0.0928190002014162,66.35437300019476,602112,13.60591899992869,0.37498000028790557,0.09302899979957147,49.231718000100955,802816,16.54066499986584,0.2192330002799281,0.03771399997276603,30.093573999693035,401408,25.35034899983657,0.16748000007282826,0.03345400000398513,2.440965000005235,200704,0.5580339998232375,0.09114400018006563,0.026750000415631803,0.0,100352
4,chain_5svc,56,98.61066300027233,84.01348199959102,14.597181000681303,2107392,4,28.73864599996523,0.30674499976157676,0.08206400025301264,66.78990499995052,602112,13.601099999959843,0.4011699998045515,0.0872320001690241,49.18834700038133,802816,16.044858999975986,0.21420399980343063,0.03582899989851285,30.172215000220604,401408,25.007076999827405,0.17264799998883973,0.031010000384412706,2.7365350001673505,200704,0.6217999998625601,0.1090230002773751,0.028076000035071047,0.0,100352
4,chain_5svc,57,98.2142420002674,83.76484700011133,14.449395000156073,2107392,4,29.172571999879437,0.32643999975334737,0.1750930000525841,65.57480100036628,602112,13.737710999976116,0.4061989998263016,0.08716199999980745,48.24953499974072,802816,15.367884000170307,0.2244009997411922,0.05580400011240272,29.99886899988269,401408,24.860479999915697,0.1546290000078443,0.03191699988747132,2.735976999701961,200704,0.6262000001697743,0.10643899986462202,0.021301999822753714,0.0,100352
4,chain_5svc,58,96.89493299993046,83.09834700003194,13.796585999898525,2107392,4,28.620193999813637,0.35353900011614314,0.10916200017163646,65.03122300000541,602112,13.64181799999642,0.4678689997490437,0.10141000029761926,47.767907999968884,802816,15.5045629999222,0.20358899973871303,0.03848300002573524,29.45941199959634,401408,24.760537000020122,0.1688069996816921,0.03052000010939082,2.4060450000433775,200704,0.5712350002795574,0.13584199996330426,0.027936999686062336,0.0,100352
4,chain_5svc,59,98.54668800016952,84.33328499950221,14.213403000667313,2107392,4,28.580734000115626,0.32678899970051134,0.10664799992810003,66.73975900002915,602112,13.867126000150165,0.4293169999982638,0.1088829999389418,49.23437200022818,802816,16.22169699976439,0.23795100014467607,0.03967100019508507,30.110335999779636,401408,25.04011199971501,0.1245280000148341,0.031008999940240756,2.9194509997978457,200704,0.6236159997570212,0.10525100015001954,0.02786699997159303,0.0,100352
4,chain_5svc,60,99.12749099976281,84.81966399995144,14.307826999811368,2107392,4,28.66517299980842,0.38175400004547555,0.19946700012951624,67.25141899960363,602112,14.34973200002787,0.5206699997870601,0.09247100024367683,48.881810999773734,802816,15.66031100037435,0.236133999806043,0.0548259999959555,30.42853400029344,401408,25.582292999843048,0.18459100010659313,0.031429000046045985,2.687087000140309,200704,0.5621549998977571,0.10685799998100265,0.02053399975920911,0.0,100352
4,chain_5svc,61,97.85448699994959,84.09896700050012,13.755519999449461,2107392,4,28.617680000024848,0.3139380000902747,0.09728900022309972,65.91786300032254,602112,14.253140999699099,0.39362800043818424,0.09114300019064103,47.951033000117604,802816,15.638031000435149,0.20400799985509366,0.03680599957078812,29.70776800020758,401408,25.02782000010484,0.16419699977632263,0.03247699987696251,2.4421529997198377,200704,0.5622950002361904,0.10783600009744987,0.02814599974954035,0.0,100352
4,chain_5svc,62,98.40085999985604,84.54979600037404,13.851063999481994,2107392,4,28.99280000019644,0.33237599973290344,0.22335399989970028,65.90878500037434,602112,14.382069000021147,0.36764700007552165,0.08744199976717937,48.06389700024738,802816,15.647319999970932,0.21986199999446399,0.03729599984581,29.9194589997569,401408,24.94163600022148,0.14010199993208516,0.031009999929665355,2.76838299987503,200704,0.5859709999640472,0.11335299996062531,0.0231879998864315,0.0,100352
4,chain_5svc,63,98.97167600001922,84.51648300024317,14.455192999776045,2107392,4,29.535260000102426,0.3693230000862968,0.21336600002541672,66.1292049999247,602112,13.907774000017525,0.440142000115884,0.09505500020168256,48.478198000339034,802816,15.751315000215982,0.24654099979670718,0.03855199975077994,30.05760599990026,401408,24.677285999587184,0.1686670002527535,0.03052000010939082,2.9979529999764054,200704,0.644848000320053,0.10511199980101082,0.028075999580323696,0.0,100352
4,chain_5svc,64,99.64802300009978,85.19178200003807,14.45624100006171,2107392,4,28.387342999849352,0.3919509999832371,0.1847309999902791,67.4551489996702,602112,13.662840000051801,0.4210050001347554,0.09219100002155756,50.10117799974978,802816,16.142148000199086,0.22272499973041704,0.03855299974020454,31.20817699982581,401408,26.357187000030535,0.17858500041256775,0.031986999601940624,2.465829000357189,200704,0.6422639999072999,0.1083239999388752,0.034781000067596324,0.0,100352
4,chain_5svc,65,99.59410500005106,85.30373800067537,14.290366999375692,2107392,4,28.874559000087174,0.34641399997781264,0.179353000021365,67.08030900017548,602112,13.71710700004769,0.4404909996083006,0.0877910001690907,49.559416999727546,802816,15.694882000389043,0.2195130000473,0.03673699984574341,31.244074999904115,401408,26.4593650003917,0.16845799973452813,0.03135799988740473,2.5184199998875556,200704,0.5578249997597595,0.1687369999672228,0.0259810003626626,0.0,100352
4,chain_5svc,66,97.81782199979716,84.14995200018893,13.667869999608229,2107392,4,28.92107300021962,0.33391299984941725,0.0963809998211218,65.55273200001466,602112,13.639443000101892,0.4058499998791376,0.0886289999471046,48.29828499987343,802816,16.057778999766015,0.22970999998506159,0.03701600007843808,29.672080000182177,401408,25.081319000037183,0.18221700020149,0.03149799977109069,2.3509389998253027,200704,0.450338000064221,0.08786099988356,0.021301999822753714,0.0,100352
4,chain_5svc,67,94.21420400030911,80.97181200037085,13.242391999938263,2107392,4,28.099945000121807,0.32888399982766714,0.08660299999974086,63.031658999989304,602112,13.095027999952435,0.42512600020927493,0.09673099975771038,46.511039000051824,802816,15.284214000075735,0.19283299980088486,0.04064800032210769,28.575077999903442,401408,23.891287999958877,0.1637079999454727,0.0302420003208681,2.424412999971537,200704,0.6013370002619922,0.10525100015001954,0.028634999580390286,0.0,100352
4,chain_5svc,68,92.9209460000493,79.7033469998496,13.217599000199698,2107392,4,27.150796999649174,0.3397090004000347,0.1766300001690979,62.50051300003179,602112,12.77417500023148,0.44007299993609195,0.0934479999159521,46.33035799997742,802816,14.42579000013211,0.20337900014055776,0.03582899989851285,29.23214799966445,401408,24.916144000144413,0.15497799995500827,0.028635000035137637,2.0277819999137137,200704,0.43644099969242234,0.08625400005257688,0.018787000044540036,0.0,100352
4,chain_5svc,69,91.65583399999377,78.00361099953079,13.652223000462982,2107392,4,27.017748999696778,0.3347500000927539,0.16992500013657263,61.25397999994675,602112,12.459188999855542,0.42673300004025805,0.0886289999471046,44.837074000042776,802816,14.322214999992866,0.19793199999185163,0.03778400014198269,27.736348999951588,401408,23.782405000019935,0.1546290000078443,0.03052100009881542,2.0529249995888676,200704,0.4220529999656719,0.08562500033804099,0.01997499975914252,0.0,100352
4,chain_5svc,70,91.52502200004164,77.44669100020474,14.078330999836908,2107392,4,26.263598000241473,0.3680649997477303,0.1855699997577176,62.0730820000972,602112,12.111935999655543,0.40410400015389314,0.0872320001690241,46.158198000284756,802816,15.157521000219276,0.2885859998968954,0.05286999976306106,27.951042000040616,401408,23.2845030000135,0.16552499982935842,0.02912399986598757,2.4938349997682963,200704,0.629133000074944,0.10434399973746622,0.0302420003208681,0.0,100352
4,chain_5svc,71,90.83980500008693,76.97093100023267,13.868873999854259,2107392,4,25.816192000092997,0.3378239998710342,0.0886299999365292,62.06833300029757,602112,12.353170000096725,0.41325299980599084,0.08590500010541291,45.915638000224135,802816,14.616248000038468,0.19786200027738232,0.03429199978199904,28.502651000053447,401408,23.51561000023139,0.16922599979807273,0.0295429999823682,2.624159999868425,200704,0.6697109997730877,0.11063000010835822,0.033802999951149104,0.0,100352
4,chain_5svc,72,89.59411099976933,76.88705399959872,12.707057000170607,2107392,4,25.734687999829475,0.333354000304098,0.18312500014872057,60.67631999985679,602112,12.739394000163884,0.37672500002372544,0.08387999969272641,44.474736000211124,802816,14.034816999810573,0.19513699999151868,0.03743500019481871,28.291241000260925,401408,23.942202999933215,0.19849000000249362,0.03331400012029917,2.0372799999677227,200704,0.4359519998615724,0.08716199999980745,0.01955500010808464,0.0,100352
4,chain_5svc,73,88.73408099998414,75.01467000065531,13.71941099932883,2107392,4,25.467124999977386,0.3032520003216632,0.18033099968306487,60.103130000243254,602112,11.94054600000527,0.37672600001315004,0.09624099993743584,44.30411400016965,802816,14.084405000176048,0.19800099971689633,0.05964499996480299,27.5071289997868,401408,23.068903000421415,0.17076299991458654,0.0295429999823682,2.242055999886361,200704,0.4536910000751959,0.08730199988349341,0.01941599975907593,0.0,100352
4,chain_5svc,74,89.51812399982373,76.22984300041935,13.288280999404378,2107392,4,26.694592000239936,0.3243440000915143,0.16545499966014177,59.727312000177335,602112,12.095802999738225,0.402637000206596,0.08737200005271006,44.13362999957826,802816,13.803081999867572,0.1953470000444213,0.032407000162493205,27.725035999992542,401408,23.158091000368586,0.16943599985097535,0.03694599990922143,2.274253999985376,200704,0.47827500020503066,0.08478800009470433,0.021022999590059044,0.0,100352
4,chain_5svc,75,89.17261700025847,75.7745459995931,13.398071000665368,2107392,4,26.26534499995614,0.3193859997736581,0.08290200003102655,59.848067999610066,602112,12.10327699982372,0.3932780000468483,0.08520700021108496,44.26367499991102,802816,14.1244229998847,0.2012139998441853,0.036178000300424173,27.27043599998069,401408,22.853372000099625,0.14170800022839103,0.02856499986592098,2.381181000146171,200704,0.42812899982891395,0.09044499984156573,0.01871800031949533,0.0,100352
4,chain_5svc,76,89.42083500005538,75.55587200022273,13.864962999832642,2107392,4,25.308166000286292,0.3286050000497198,0.16426699994553928,60.87348300025042,602112,12.103275999834295,0.40438299993184046,0.08436900043307105,45.32435999999507,802816,13.80538700004763,0.21832499987795018,0.03485099978206563,28.33817500004443,401408,23.859161000018503,0.14925100003893021,0.031009999929665355,2.2799799999120296,200704,0.4798820000360138,0.08730199988349341,0.020464000044739805,0.0,100352
4,chain_5svc,77,88.64447500036476,75.72642699960852,12.918048000756244,2107392,4,25.62294200015458,0.33475099962743116,0.13612200018542353,60.026374999779364,602112,12.420847000157664,0.4364400001577451,0.08681299959789612,44.194043000061356,802816,14.060448999771324,0.19562600027711596,0.03617799984567682,27.562932999899203,401408,23.187703999610676,0.14932100020814687,0.02996200009874883,2.2752310001123988,200704,0.43448499991427525,0.09009599989440176,0.019484999938867986,0.0,100352
4,chain_5svc,78,90.14523199994073,76.86763899982907,13.277593000111665,2107392,4,25.812492000113707,0.31610299993189983,0.10839400010809186,61.34708000035971,602112,12.444243999652826,0.364783000350144,0.10455300025569159,45.40635400007886,802816,14.853222000056121,0.2801350001391256,0.03498999967632699,27.77678799975547,401408,23.20020499973907,0.12613400031113997,0.03052000010939082,2.588401000139129,200704,0.5574760002673429,0.15693399973315536,0.025142999675153987,0.0,100352
4,chain_5svc,79,89.5811909999793,76.02695500008849,13.554235999890807,2107392,4,25.92500699984157,0.33698600009302027,0.14729600025020773,60.53726599975562,602112,12.196655000025203,0.39523400027974276,0.08869899966157391,44.77673200017307,802816,13.848201000200788,0.19380999992790748,0.05189199964661384,28.28963499996462,401408,23.40309500004878,0.17334699987259228,0.030031999813218135,2.7195640000172716,200704,0.6539969999721507,0.10951199965347769,0.031289000162360026,0.0,100352
4,chain_5svc,80,88.95156800008408,74.93958999975803,14.011978000326053,2107392,4,25.33037500006685,0.31561399964630255,0.09694000027593574,60.530281999945146,602112,12.21397600011187,0.41318300009152154,0.08583499993619625,44.62566499978493,802816,14.108500000020285,0.2871890001188149,0.03624800001489348,27.42415800003073,401408,22.836119999738003,0.1694360003057227,0.02996300008817343,2.4976059999062272,200704,0.4506189998210175,0.12285100001463434,0.02053300022453186,0.0,100352
4,chain_5svc,81,90.01853900008427,76.82237999961217,13.196159000472107,2107392,4,26.837208999950235,0.27287100010653376,0.08869900011632126,60.091676999945776,602112,12.124647999826266,0.36317700005383813,0.10280700007569976,44.528933000037796,802816,14.318165000076988,0.2397660000497126,0.03540899979270762,27.45858899970699,401408,23.09627999966324,0.1638490002733306,0.03052100009881542,2.230253000107041,200704,0.4460780000954401,0.11076900000261958,0.018507999811845366,0.0,100352
4,chain_5svc,82,90.55499300029624,76.95542800001931,13.599565000276925,2107392,4,26.758217999940825,0.25911200009431923,0.08478700010527973,60.74867699999231,602112,12.68303200004084,0.4405609997775173,0.10867399987546378,44.332399999802874,802816,13.927399999829504,0.22419200013246154,0.0358990000677295,27.350195000053645,401408,23.070509000262973,0.1644769999984419,0.028634999580390286,2.1562209999501647,200704,0.5162689999451686,0.11202600035176147,0.017948999811778776,0.0,100352
4,chain_5svc,83,88.76411299979736,76.0180849997596,12.746028000037768,2107392,4,25.434788999973534,0.27482699988468084,0.08332100014740718,60.413019000407076,602112,12.92615099964678,0.47785700007807463,0.08457800004180172,43.81480299980467,802816,13.965115000246442,0.19974699989688816,0.06006400008118362,27.462710000236257,401408,23.218782999720133,0.17914400041263434,0.031009999929665355,2.0019399999000598,200704,0.47324700017270516,0.10713699975894997,0.02137100000254577,0.0,100352
4,chain_5svc,84,90.73686199963049,76.42316900046353,14.31369299916696,2107392,4,26.169592999849556,0.3230880001865444,0.08471799992548767,61.14824199994473,602112,12.432930000159104,0.39858599984654575,0.08820999983072397,45.266880999861314,802816,14.191473000209953,0.195415999769466,0.03869200008921325,28.289635999954044,401408,23.061360000156128,0.1861279997683596,0.0295429999823682,2.854708000086248,200704,0.5678130000887904,0.1040639999700943,0.07647600023119594,0.0,100352
4,chain_5svc,85,91.19495400000233,76.85813999978564,14.336814000216691,2107392,4,26.02236599977914,0.28216100008648937,0.11209600006623077,61.924181999984285,602112,12.369862000014109,0.3843389999929059,0.08555600015824893,45.824705999621074,802816,15.067914999690402,0.2187439999943308,0.051124000037816586,27.86716399987199,401408,22.84373400016193,0.18598799988467363,0.029054000151518267,2.660686999661266,200704,0.5542630001400539,0.11726399998224224,0.026610000077198492,0.0,100352
4,chain_5svc,86,90.01407100004144,76.75603299958311,13.258038000458328,2107392,4,25.93715999955748,0.27727100041374797,0.09268000030715484,60.96867999985989,602112,12.322859000050812,0.39928400019562105,0.0886299999365292,45.149476999995386,802816,14.515118999952392,0.2060319998236082,0.0358280003638356,28.021723999700043,401408,23.372923999886552,0.18165800020142342,0.028635000035137637,2.5357399999847985,200704,0.6079710001358762,0.1125849998970807,0.029194000035204226,0.0,100352
4,chain_5svc,87,90.14048500011995,76.38272799931656,13.757757000803394,2107392,4,25.578872000096453,0.2720329998737725,0.08681300005264347,61.51037100016765,602112,12.28521399980309,0.392650000321737,0.09302900025431882,45.77127800030212,802816,14.62532799996552,0.2137159999620053,0.054337000165105565,28.45257600029072,401408,23.321799999848736,0.16273100027319742,0.030030999823793536,2.743031000136398,200704,0.5715139996027574,0.10944200039375573,0.028006000320601743,0.0,100352
4,chain_5svc,88,89.02916399983951,75.71043299958546,13.318731000254047,2107392,4,25.303346999862697,0.27824900007544784,0.15281400010280777,60.49515299991981,602112,12.206571999740845,0.4342760003055446,0.08695299993632943,44.79908199982674,802816,14.372991000072943,0.18780399977913476,0.03624800001489348,27.846421000049304,401408,23.234427999796026,0.16049600026235566,0.031988000046112575,2.403251000032469,200704,0.5930950001129531,0.10574099997029407,0.026748999971459853,0.0,100352
4,chain_5svc,89,90.99360100026388,76.63932699961151,14.354274000652367,2107392,4,25.572445999841875,0.3397100003894593,0.1617540001461748,62.069452999821806,602112,12.795756999821606,0.4351829998086032,0.08534600010534632,45.356279000316135,802816,14.225345999875572,0.2562489999036188,0.05580300012297812,28.2835600000908,401408,23.448632000054204,0.14645799956269911,0.03680700001496007,2.7726429998438107,200704,0.597146000018256,0.11475000019345316,0.03052099964406807,0.0,100352
4,chain_5svc,90,89.3287860003511,75.28831200033892,14.040474000012182,2107392,4,25.48682099995858,0.30038899967621546,0.15819100008229725,60.56171099999119,602112,12.174376000075426,0.39746799984641257,0.08821000028547132,44.81821899980787,802816,14.14363100002447,0.2710550002120726,0.06991200007178122,27.818203999686375,401408,22.927614000309404,0.17062300003090058,0.03052099964406807,2.534902999741462,200704,0.555869999971037,0.10734600027717534,0.026748999971459853,0.0,100352
4,chain_5svc,91,90.16513899996426,76.1194269994121,14.045712000552157,2107392,4,25.97389699985797,0.29277600015120697,0.08192400036932668,61.061637999955565,602112,12.246940999830258,0.42275099985999987,0.09561300021232455,44.94533099978071,802816,13.986627000122098,0.1913659998535877,0.03617799984567682,28.18920399977287,401408,23.348828999587568,0.16755000024204492,0.029473000267898897,2.648813999712729,200704,0.5631330000142043,0.13053400016360683,0.02786699997159303,0.0,100352
4,chain_5svc,92,89.34086699991894,75.88615699933143,13.45471000058751,2107392,4,25.51070699973934,0.2804840000862896,0.08869900011632126,60.703770000145596,602112,11.915891999706218,0.361710000106541,0.0963110001066525,45.34189099967989,802816,14.373620000242227,0.2102929997818137,0.034781000067596324,28.225941000073362,401408,23.473844999898574,0.20421699991857167,0.028216000373504357,2.516533999823878,200704,0.612092999745073,0.10769500022433931,0.02137100000254577,0.0,100352
4,chain_5svc,93,89.14251800024431,75.88266400034627,13.259853999898041,2107392,4,25.410902999738028,0.25757599996723,0.10867399987546378,60.42775600008099,602112,12.502632000177982,0.43979300016872,0.08799999977782136,44.377518000146665,802816,14.270253000177036,0.27377999958844157,0.03680700001496007,27.374710000003688,401408,23.261667000042507,0.16000699997675838,0.031429000046045985,2.1307289998730994,200704,0.4372090002107143,0.08744099977775477,0.02137100000254577,0.0,100352
4,chain_5svc,94,92.1909659996345,77.44579099926341,14.745175000371091,2107392,4,25.59563500017248,0.2978739998980018,0.08241299974542926,63.42515000005733,602112,12.404364999838435,0.3786810002566199,0.08625400005257688,47.52164999990782,802816,14.951209999708226,0.2810430000863562,0.0372250001419161,29.877135999868187,401408,23.99709899964364,0.169506000020192,0.030450000394921517,3.75964600016232,200704,0.4974819999006286,0.15092800003912998,0.022977999833528884,0.0,100352
4,chain_5svc,95,90.2613130001555,76.9118499997603,13.34946300039519,2107392,4,25.4907319999802,0.3096780001214938,0.09687100009614369,61.407145999964996,602112,12.82404299990958,0.47010400021463283,0.10448300008647493,45.18467900015821,802816,14.378089000274485,0.18954999995912658,0.03569000000425149,28.081298999950377,401408,23.769833999722323,0.15791200030434993,0.032407000162493205,2.082398999846191,200704,0.44915199987372034,0.08527700038030162,0.02151099988623173,0.0,100352
4,chain_5svc,96,89.0774969998347,75.7927079998808,13.28478899995389,2107392,4,25.530752000122447,0.2871189999495982,0.16517499989276985,60.3500229999554,602112,12.16976599971531,0.408713000069838,0.09784800022316631,44.411881000087305,802816,14.21375200015973,0.1924839998537209,0.03827299997283262,27.736071000163065,401408,23.453730999790423,0.1779560002432845,0.030591000268032076,2.164672000162682,200704,0.4247070000928943,0.09065499989446835,0.01843800009737606,0.0,100352
4,chain_5svc,97,89.15131899993867,75.54239699993559,13.608922000003076,2107392,4,25.46405400016738,0.25596899968149955,0.09659099987402442,60.38599100020292,602112,12.275017999854754,0.44565999996848404,0.0843679999888991,44.57670700003291,802816,14.101866000146401,0.191855000139185,0.041554999825166306,27.68753200007268,401408,23.25936199986245,0.15777299995534122,0.03149799977109069,2.022893000230397,200704,0.4420969999046065,0.08541699980924022,0.01941600021382328,0.0,100352
4,chain_5svc,98,89.09335099997406,75.90124200032733,13.192108999646734,2107392,4,25.17351200003759,0.25666800001999945,0.15777199996591662,60.64782799967361,602112,12.108585000078165,0.4324589999669115,0.08681400004206807,44.99680499975511,802816,13.997452000239718,0.21483299997271388,0.03624800001489348,28.306050000082905,401408,24.065892999715288,0.160217000029661,0.032407000162493205,2.2988370001257863,200704,0.5558000002565677,0.09156299984169891,0.02262799989694031,0.0,100352
4,chain_5svc,99,89.18463400004839,76.31819699963671,12.866437000411679,2107392,4,26.232660000005126,0.31386799992105807,0.10664899991752463,59.785981999993965,602112,12.316084999838495,0.4300850000618084,0.08730200033824076,44.17965799984813,802816,14.065827000194986,0.194857999758824,0.03575899972929619,27.673982000123942,401408,23.262644999704207,0.15120700027182465,0.028356000257190317,2.235491000192269,200704,0.4409799998938979,0.08814000011625467,0.01955500010808464,0.0,100352
4,chain_5svc,100,89.26173999998355,76.33286500004033,12.928874999943218,2107392,4,25.90475399983916,0.28118199998061755,0.08150500025294605,60.19888600030754,602112,12.428738999915367,0.34718300003078184,0.09030500041262712,44.368089999807125,802816,14.067574000364402,0.2584139997452439,0.035478999961924274,27.775741999903403,401408,23.47314799999367,0.12480699979278143,0.0295429999823682,2.1562910001193814,200704,0.45864999992772937,0.10106099989570794,0.024375000066356733,0.0,100352
4,chain_5svc,101,89.7743770001398,76.1666400003378,13.607736999802,2107392,4,25.85160500029815,0.28432499993868987,0.19178499996996834,60.80713699975604,602112,12.410441000156425,0.3670869996312831,0.08681300005264347,44.77512699986619,802816,14.10389100010434,0.20002700011900743,0.033383999834768474,28.18270899979325,401408,23.330878999786364,0.18557000021246495,0.03010199998243479,2.5999249996857543,200704,0.46982399999251356,0.0857659997564042,0.02011500009757583,0.0,100352
4,chain_5svc,102,88.9067339999201,75.78789000035613,13.118843999563978,2107392,4,25.39749400011715,0.26602699972499977,0.15791200030434993,60.27515300002051,602112,12.762093000219465,0.37470099960046355,0.0856960000419349,44.17553700022836,802816,14.289041999745677,0.2187439999943308,0.03485100023681298,27.05979499978639,401408,22.914414000297256,0.12494700013121474,0.031009999929665355,2.245129000129964,200704,0.42484699997658026,0.08213399996748194,0.018089000150212087,0.0,100352
4,chain_5svc,103,92.82945999984804,79.71878799980914,13.110672000038903,2107392,4,26.809063999735372,0.2921480004260957,0.10999999994965037,63.05170699988594,602112,13.748118000421528,0.3542370000104711,0.08450799987258506,45.986391000042204,802816,14.608426999984658,0.21043299966549966,0.03387300012036576,28.603434000160632,401408,24.05164599986165,0.15358200016635237,0.04609500001606648,2.282424999975774,200704,0.5015329998059315,0.10650900003383867,0.019625000277301297,0.0,100352
4,chain_5svc,104,89.2368049999277,75.91905300023427,13.317751999693428,2107392,4,25.342249999994237,0.251360000220302,0.08841899989420199,60.483559999738645,602112,12.620733999938238,0.3272779999861086,0.0885590002326353,44.24977799999397,802816,13.964417000352114,0.18088999968313146,0.03408299971852102,27.772389000347175,401408,23.546480999812047,0.1433850002285908,0.034361999951215694,2.0909880004182924,200704,0.4451710001376341,0.09163200002149097,0.018926999928225996,0.0,100352
4,chain_5svc,105,104.00209699992047,77.1697079999285,26.832388999991963,2107392,4,26.21128900000258,0.25568999990355223,0.16978500025288668,69.83863899995413,602112,12.17165300022316,0.32776599982753396,0.1040639999700943,49.339837999923475,802816,14.943806999781373,0.2509410001039214,0.035200000183976954,27.6010679999672,401408,23.413082999923063,0.16077600002972758,0.031988000046112575,2.1129889996700513,200704,0.42987599999833037,0.08394899987251847,0.019065999822487356,0.0,100352
4,chain_5svc,106,93.67154199981087,77.43468699982259,16.23685499998828,2107392,4,26.517195999986143,0.9817639997891092,0.2278239999213838,62.742379999690456,602112,12.977624999621185,0.6241750002118351,0.2046360000349523,45.44546899978741,802816,14.179109999986395,0.6134189998192596,0.03436299994064029,28.03715900017778,401408,23.23261299989099,0.18885200006479863,0.02940300009868224,2.4670859997968364,200704,0.5281430003378773,0.09239999963028822,0.021859999833395705,0.0,100352
4,chain_5svc,107,90.00855800013596,76.89732600010757,13.111232000028394,2107392,4,25.90356700011398,0.2571569998508494,0.08052700013649883,60.96491100015555,602112,12.553196999760985,0.4974130001755839,0.08827999999994063,44.83596000000034,802816,14.598091000152635,0.2371119999224902,0.03568900001482689,27.526407000095787,401408,23.404144999858545,0.1194290002786147,0.03010099999301019,2.141274999758025,200704,0.4383260002214229,0.08492699998896569,0.06914300001881202,0.0,100352
4,chain_5svc,108,89.71445499992114,76.03268599996227,13.681768999958877,2107392,4,25.401755000075354,0.3075820000049134,0.09037500012709643,61.11953999970865,602112,12.115151000216429,0.3701609998643107,0.09966399966288009,45.476967000013246,802816,14.157459999751154,0.21685799993065302,0.03149900021526264,28.376171000218164,401408,23.933473999932176,0.18822399988493999,0.03052000010939082,2.230392999990727,200704,0.42484599998715566,0.08485800026392099,0.030590999813284725,0.0,100352
4,chain_5svc,109,90.25314299969978,76.24227999940558,14.010863000294194,2107392,4,25.274643000102515,0.31442699992112466,0.09617199975764379,61.71738400007598,602112,12.613749999673018,0.3688340002554469,0.09023500024341047,45.26136599997699,802816,14.326686000003974,0.2376020001975121,0.03247599988753791,27.757793000091624,401408,23.53076700001111,0.12732100003631786,0.030032000267965486,2.2141899999041925,200704,0.4964339996149647,0.08765100028540473,0.020604000383173116,0.0,100352
4,chain_5svc,110,90.41580399980376,77.00627899976098,13.409525000042777,2107392,4,26.230287000089447,0.2744069997788756,0.19373999975869083,60.74826200028838,602112,12.328516999787098,0.38042699998186436,0.100572000064858,45.17937200034794,802816,14.106963999893196,0.2081279999401886,0.036178000300424173,28.202473999954236,401408,23.870407000231353,0.14994999992268276,0.028077000024495646,2.141834000212839,200704,0.4701039997598855,0.09100400029637967,0.02982300020448747,0.0,100352
4,chain_5svc,111,91.8458119999741,78.33278099997187,13.51303100000223,2107392,4,26.701158999912877,0.3700910001498414,0.22426099985750625,61.907493000035174,602112,12.73122400016291,0.39698000000498723,0.10357500013924437,45.50776699989001,802816,15.15759199992317,0.27294099982100306,0.034361999951215694,27.494629000102577,401408,23.316493000038463,0.13654000031237956,0.032406999707745854,2.1361760000218055,200704,0.4263129999344528,0.08562599987271824,0.017740000203048112,0.0,100352
4,chain_5svc,112,89.30608999980905,75.42995299991162,13.876136999897426,2107392,4,25.6824489997598,0.2661660000740085,0.19793100000242703,60.38054500004364,602112,12.097200999960478,0.4277099997125333,0.08730200033824076,44.66086799993718,802816,14.05625899997176,0.19087800001216237,0.039880000258563086,28.01928000008047,401408,22.984535999967193,0.15846999986024457,0.03052100009881542,2.6773790000333975,200704,0.60950800025239,0.11028000017176964,0.026679999791667797,0.0,100352
4,chain_5svc,113,91.33813299968097,76.11251499974969,15.225617999931274,2107392,4,25.507633999950485,0.3244849999646249,0.07857199989302899,62.30580000010377,602112,12.259442999948078,0.5455330001495895,0.0872320001690241,45.339238999986264,802816,14.587963999929343,0.1990480000131356,0.03603799996199086,27.92101300019567,401408,23.329903000103513,0.16985499996735598,0.028635000035137637,2.2345830002450384,200704,0.42757099981827196,0.09065399990504375,0.018508000266592717,0.0,100352
4,chain_5svc,114,89.96560500008854,75.59973700062983,14.365867999458715,2107392,4,25.729660999786574,0.3225290001864778,0.09009600034914911,60.61193099958473,602112,12.046076999922661,0.3962119999414426,0.08737200005271006,45.191245000296476,802816,14.01218900036838,0.21252799979265546,0.0365269997928408,27.9022959998656,401408,23.377674000130355,0.14359399983732146,0.029054999686195515,2.2358410001288576,200704,0.4341360004218586,0.11230499967496144,0.019485999928292586,0.0,100352
4,chain_5svc,115,90.5335570000716,76.77202899958502,13.761528000486578,2107392,4,25.74635400014813,0.24849700002960162,0.08688299976711278,61.63455200021417,602112,12.70538199969451,0.3999830000793736,0.10525200013944414,45.15520699987974,802816,14.6161799998481,0.21280700002535013,0.03429199978199904,27.90047999997114,401408,23.22276499990039,0.13479400013238774,0.03052100009881542,2.442293000058271,200704,0.48134799999388633,0.10350599995945231,0.01955600009750924,0.0,100352
4,chain_5svc,116,89.46407199982787,76.06062200011365,13.403449999714212,2107392,4,25.714644999879965,0.2528270001675992,0.09652100015955511,60.6047370001761,602112,12.38585700002659,0.4119949999221717,0.12424800024746219,44.76716699991812,802816,14.051090999601001,0.20910600005663582,0.05985400002828101,27.856759000314923,401408,23.395414000333403,0.17984199985221494,0.031009999929665355,2.2045519999664975,200704,0.5136150002726936,0.09952399977919413,0.025842000013653887,0.0,100352
4,chain_5svc,117,90.43864499972187,77.1851429999515,13.253501999770378,2107392,4,25.68524200023603,0.28216100008648937,0.0830419999147125,61.84589400027107,602112,12.130584999795246,0.3598250000322878,0.09547400031806319,45.959154999763996,802816,15.033832999961305,0.19143600002280436,0.033384000289515825,28.46501099975285,401408,23.902254999939032,0.11768300009862287,0.0295429999823682,2.288711000346666,200704,0.4332280000198807,0.11209600006623077,0.018926999928225996,0.0,100352
4,chain_5svc,118,89.387945999988,76.13619400035532,13.251751999632688,2107392,4,24.821511000027385,0.2596720000838104,0.19814000006590504,61.377396000352746,602112,12.648600999909831,0.36268799976824084,0.09233000037056627,45.18209600018963,802816,14.432567000312702,0.22097900000517257,0.03331399966555182,28.083395000066957,401408,23.778565999691637,0.1215940001202398,0.02912399986598757,2.099509999879956,200704,0.4549490004137624,0.08841899989420199,0.021859999833395705,0.0,100352
4,chain_5svc,119,89.55039800002851,76.0178119999182,13.532586000110314,2107392,4,25.435210000068764,0.2612069997667277,0.10085100029755267,60.955832000217924,602112,12.342206000084843,0.3705099998114747,0.08478700010527973,44.94847599971763,802816,14.424743999825296,0.2334109999537759,0.03750499990928802,27.93637900003887,401408,23.357002000011562,0.15630600000804407,0.03038100021512946,2.3037260002638504,200704,0.45864999992772937,0.08814100010567927,0.022419000288209645,0.0,100352
4,chain_5svc,120,90.12568400021337,76.68738400025177,13.4382999999616,2107392,4,26.084178000019165,0.27929699990636436,0.1596580000295944,60.83619399987583,602112,12.395494999964285,0.3749100001186889,0.08478700010527973,45.043879999866476,802816,13.979015000131767,0.24353800017706817,0.0548250000065309,28.442940000331873,401408,23.778357000082906,0.1476450001973717,0.028634999580390286,2.3262849999809987,200704,0.4503390000536456,0.1301849997616955,0.02151099988623173,0.0,100352
4,chain_5svc,121,90.25475099997493,76.32700100066359,13.927749999311345,2107392,4,25.80523100004939,0.27294099982100306,0.2002359997277381,61.141890000271815,602112,12.229202000071382,0.3517919999467267,0.09589299997969647,45.367805999831035,802816,14.553672000147344,0.2562489999036188,0.034781000067596324,27.981077000276855,401408,23.311395000291668,0.14296599965746282,0.031987000056687975,2.322025000012218,200704,0.42750100010380265,0.09205099968312425,0.01899700009744265,0.0,100352
4,chain_5svc,122,89.27172999983668,75.82519000015964,13.446539999677043,2107392,4,25.843783999789594,0.2871189999495982,0.16622300017843372,60.19232300013755,602112,12.007316000108403,0.3938370000469149,0.0907939997887297,44.69592899977215,802816,14.342540999678022,0.2490550000402436,0.03680600002553547,27.697240999714268,401408,23.207680000268738,0.13297799978317926,0.03052099964406807,2.2311610000542714,200704,0.4238690003148804,0.12871799981439835,0.018788000033964636,0.0,100352
4,chain_5svc,123,90.1789029999236,76.42750299964973,13.751400000273861,2107392,4,26.035847999992257,0.2516400004424213,0.11027999971702229,60.902473000169266,602112,12.3519829999168,0.32958300016616704,0.08918799994717119,45.06525199985845,802816,14.456032999987656,0.25380499982929905,0.0456770003438578,27.777209999840125,401408,23.16354100003082,0.1559560000714555,0.030030999823793536,2.2608439999203256,200704,0.4200979997222021,0.08814000011625467,0.018647000160854077,0.0,100352
4,chain_5svc,124,89.72220899977401,75.96389399986947,13.758314999904542,2107392,4,25.868855999760854,0.2885860003516427,0.15840100013519987,60.54586100026427,602112,12.064586000178679,0.3579379999791854,0.08387999969272641,45.09451500007344,802816,14.218501999948785,0.24102299994410714,0.06125100026110886,28.01138799986802,401408,23.370760000034352,0.15421099988088827,0.028146000204287702,2.311619000010978,200704,0.4411899999468005,0.09219100002155756,0.019624999822553946,0.0,100352
4,chain_5svc,125,91.99262099991756,78.14665400019294,13.845966999724624,2107392,4,26.916340999832755,0.27685300028679194,0.07577799988212064,61.75565800003824,602112,12.11745599994174,0.33482100025139516,0.08387899970330182,46.2054170002375,802816,14.48431900007563,0.29242699974929565,0.03345400000398513,28.77217400009613,401408,23.96804600039104,0.15071799998622737,0.03338499982419307,2.4393600001531013,200704,0.6604919999517733,0.12229300000399235,0.030591000268032076,0.0,100352
4,chain_5svc,126,90.95177100016372,77.6662840003155,13.285486999848217,2107392,4,27.175104000434658,0.28006499996990897,0.1125849998970807,60.54083399976662,602112,12.540066999918054,0.3578690002541407,0.08869900011632126,44.50686800009862,802816,14.19775899967135,0.18717500006459886,0.06243899997571134,27.69849800006341,401408,23.16822000011598,0.14024199981577112,0.029332999929465586,2.485315000285482,200704,0.5851340001754579,0.11502899997140048,0.028215999918757007,0.0,100352
4,chain_5svc,127,90.83345899989581,76.91639499989833,13.917063999997481,2107392,4,25.51517799975045,0.28516400016087573,0.17055299986168393,62.100536999878386,602112,12.084630000117613,0.3504659998725401,0.08918799994717119,46.28622399968663,802816,15.517277000071772,0.22810300015407847,0.033662999612715794,28.001191999919683,401408,23.203490000014426,0.1428260002285242,0.028635000035137637,2.6802430002135225,200704,0.5958199999440694,0.17683899977782858,0.03052000010939082,0.0,100352
4,chain_5svc,128,91.92843899973013,77.97749900009876,13.950939999631373,2107392,4,25.514619999739807,0.27580500000112806,0.18675600040296558,63.09124199970029,602112,12.3704220000036,0.32734799970057793,0.09051500001078239,47.10448900004849,802816,15.676656000323419,0.22789300010117586,0.06844499966973672,28.76449199993658,401408,23.784712000178843,0.15302300016628578,0.031009999929665355,2.535601000090537,200704,0.6310889998530911,0.1139119999606919,0.027657000373437768,0.0,100352
4,chain_5svc,129,89.94409800016001,75.89496300033716,14.049134999822854,2107392,4,25.69942100035405,0.3082109997194493,0.08660399998916546,61.05870999999752,602112,12.399826000091707,0.38580499995077844,0.0891869999577466,44.844832999842765,802816,14.175898999837955,0.2102230000673444,0.034781000067596324,27.781400000094436,401408,23.060385000007955,0.1679689999036782,0.03708499980348279,2.4538170000596438,200704,0.55943200004549,0.15288299982785247,0.027097999918623827,0.0,100352
4,chain_5svc,130,89.82997600014642,76.12173699908453,13.708239001061884,2107392,4,25.806767999711155,0.2901220000239846,0.0843679999888991,60.816499999873486,602112,12.008501999844157,0.3702310000335274,0.08827999999994063,45.17322799983958,802816,14.448140999775205,0.23159500005931477,0.0372260001313407,28.002309999919817,401408,23.30315499966673,0.14645800001744647,0.029473000267898897,2.519398000004003,200704,0.5551710000872845,0.10567099980107741,0.027097999918623827,0.0,100352
4,chain_5svc,131,88.85701200006224,75.83650499964278,13.020507000419457,2107392,4,25.717720000102418,0.2682620001905889,0.08639399993626284,59.99620900001901,602112,12.19183700004578,0.3360780001457897,0.08813999966150732,44.56588399989414,802816,14.163537000058568,0.23005799994280096,0.03554900013114093,27.707158999874082,401408,23.11821399962355,0.14890200009176624,0.028076000035071047,2.404648000265297,200704,0.6451969998124696,0.10525200013944414,0.03052100009881542,0.0,100352
4,chain_5svc,132,88.48384900011297,75.01509799976702,13.468751000345947,2107392,4,25.589909999780502,0.285791999885987,0.08862900040185195,59.64944600009403,602112,12.250992999724986,0.40068099997370155,0.08625500004200148,43.88108800003465,802816,13.888361000226723,0.19087699956799042,0.03575900018404354,27.361651999854075,401408,22.848135999993247,0.1769790001162619,0.027656999918690417,2.319092000107048,200704,0.43769800004156423,0.11216499979127548,0.0182990002031147,0.0,100352
4,chain_5svc,133,89.43879400021615,76.28977400054282,13.149019999673328,2107392,4,25.884431000122277,0.33565900002940907,0.09540399969409918,60.238000999561336,602112,12.500188000103662,0.4052210001646017,0.12473699962356477,44.15165399996113,802816,14.32494000027873,0.18242699979964527,0.03897199985658517,27.585425000324904,401408,23.138118000133545,0.14666799961560173,0.029613000151584856,2.153078999981517,200704,0.4420969999046065,0.09303000024374342,0.019066999811911955,0.0,100352
4,chain_5svc,134,89.96944999989864,76.65784200071357,13.311607999185071,2107392,4,25.594588999865664,0.24947500014604884,0.09826699988479959,61.364127000160806,602112,12.682405000305152,0.329374000102689,0.09093299968299107,45.12692300022536,802816,14.712003000113327,0.25904299991452717,0.04581600023811916,27.56440199982535,401408,23.11688600002526,0.15728399966974393,0.03149900021526264,2.3195109997686814,200704,0.5519590004041675,0.10790499982249457,0.01885699975900934,0.0,100352
4,chain_5svc,135,89.24938200016186,75.13641100013047,14.112971000031393,2107392,4,25.379964999956428,0.27056699991589994,0.08185500018953462,60.539157999755844,602112,12.096852000013314,0.34473899995646207,0.12075599988747854,44.620221000059246,802816,13.9672119998977,0.19381100037207943,0.034361999951215694,28.038556999945285,401408,23.143706000155362,0.16489599966007518,0.02856499986592098,2.580928000043059,200704,0.5486760001076618,0.11342300012984197,0.026959000024362467,0.0,100352
4,chain_5svc,136,88.95311400010542,75.49281400042673,13.460299999678682,2107392,4,25.804743000207964,0.27957600013905903,0.16405799988206127,59.94480500021382,602112,11.998375000075612,0.35409800011620973,0.08667399970363476,44.578387000001385,802816,14.239944000109972,0.21385499985626666,0.062367999817070086,27.642066999760573,401408,22.85924099987824,0.14317500017568818,0.028146000204287702,2.5377659999321622,200704,0.5905110001549474,0.10664799992810003,0.027656999918690417,0.0,100352
4,chain_5svc,137,89.51701600017259,75.93917200028955,13.577843999883044,2107392,4,25.453857999764296,0.2569470002526941,0.17271900014748098,60.836892999759584,602112,12.039862000165158,0.35884599992641597,0.09428600014871336,45.26758299971334,802816,14.746295999884751,0.20666099999289145,0.04022799976155511,27.62195299965242,401408,23.059407000346255,0.14317499972094083,0.031986999601940624,2.4496949999956996,200704,0.6397490001290862,0.13716900002691546,0.024585000119259348,0.0,100352
4,chain_5svc,138,90.54550400014705,76.5495179998652,13.995986000281846,2107392,4,25.663243000053626,0.25743700007296866,0.0998030000118888,61.66849800001728,602112,12.237792999712838,0.38091700025688624,0.08772099999987404,45.69382800036692,802816,15.012043000297126,0.25883299986162456,0.031986999601940624,27.938892999827658,401408,23.0362199999945,0.16776000029494753,0.02912299987656297,2.597132000119018,200704,0.6002189998071117,0.15916900019874447,0.02856599985534558,0.0,100352
4,chain_5svc,139,90.13637299995025,76.59156399995481,13.544808999995439,2107392,4,26.45252399997844,0.254922000294755,0.20673099970736075,60.31866900002569,602112,12.15104999982941,0.31945599994287477,0.08751100040171877,44.964402000005066,802816,14.28541099994618,0.25052199998754077,0.03191799987689592,27.925414000037563,401408,23.142938000091817,0.15504800012422493,0.029053999696770916,2.571220999925572,200704,0.559641000108968,0.10490200020285556,0.02702899973883177,0.0,100352
4,chain_5svc,140,89.14636800000153,75.64004099958765,13.506327000413876,2107392,4,25.143831000150385,0.298084999940329,0.08988599984149914,60.693997999806015,602112,12.257906999820989,0.35437699989415705,0.08988700028567109,44.88422400027048,802816,14.327036999929987,0.2059630000985635,0.053219000164972385,27.895103999981075,401408,23.367199999938748,0.14121899994279374,0.0295429999823682,2.4593340003775666,200704,0.544065999747545,0.10706700004448066,0.01857799998106202,0.0,100352
4,chain_5svc,141,90.88605399983862,76.48819799987905,14.397855999959575,2107392,4,25.808933999996952,0.28334699982224265,0.08318099980897387,61.65571800011094,602112,12.060604999987845,0.361710000106541,0.10504199963179417,45.70374599961724,802816,14.674009999907867,0.2248900000267895,0.061950000144861406,28.090031999909115,401408,23.38570699976117,0.15644599989173003,0.03052100009881542,2.412888999970164,200704,0.5589420002252155,0.12005799999315059,0.026539999907981837,0.0,100352
4,chain_5svc,142,89.83123500001966,75.70953299955363,14.12170200046603,2107392,4,25.61093299982531,0.2876769999602402,0.08408900021095178,60.988311000073736,602112,11.920502000066335,0.38447799988716724,0.10378500019214698,44.78749300005802,802816,14.536211999711668,0.2573659999143274,0.0590859999647364,27.546732999780943,401408,23.18966199982242,0.14583000029233517,0.029613000151584856,2.0471979996727896,200704,0.45222400012789876,0.08492799997839029,0.0210929997592757,0.0,100352
4,chain_5svc,143,89.53475700036506,75.28056700039087,14.254189999974187,2107392,4,25.22680299989588,0.30471900026896037,0.12117599999328377,60.86022099998445,602112,12.146580000262475,0.3781929999604472,0.08960600007412722,44.83149299994693,802816,14.408192999781022,0.2150420000361919,0.03540900024745497,27.68474000004062,401408,22.93334300020433,0.15232399982778588,0.03191799987689592,2.5559950004208076,200704,0.5656480002471653,0.15581599973302218,0.026259999685862567,0.0,100352
4,chain_5svc,144,89.63239600007,75.67978199995196,13.952614000118047,2107392,4,25.28316600000835,0.28621100000236765,0.18102900003214017,61.10508600022513,602112,12.281723999876704,0.3544460000739491,0.09177099991575233,45.03801500004556,802816,14.381234000211407,0.20938499983458314,0.032964999718387844,27.981637999801023,401408,23.10040400016078,0.16706099995644763,0.028914999802509556,2.5456580001446127,200704,0.6332539996947162,0.10699800031943596,0.029054000151518267,0.0,100352
4,chain_5svc,145,90.30902200038327,76.22782799944616,14.081194000937103,2107392,4,25.598848999834445,0.2949419999822567,0.16343000015694997,61.31705600000714,602112,12.271807000161061,0.3687629996420583,0.08967600024334388,45.59374500013291,802816,14.648237999608682,0.24968300022010226,0.03638800035332679,27.954817000136245,401408,23.147267999775067,0.14736599996467703,0.028635000035137637,2.560464999987744,200704,0.5616660000669071,0.1617530001567502,0.02814599974954035,0.0,100352
4,chain_5svc,146,90.4939629999717,76.32099700049366,14.172965999478038,2107392,4,25.840781000169954,0.32748700004958664,0.20086499989702133,61.46148900006665,602112,11.945156999900064,0.3602430001592438,0.10664799992810003,46.01027999979124,802816,14.561145000243414,0.2116199998454249,0.03568900001482689,28.129142000125285,401408,23.361262999969767,0.15567699983876082,0.0295429999823682,2.4354480001420598,200704,0.6126510002104624,0.10720699992816662,0.02814599974954035,0.0,100352
4,chain_5svc,147,90.53551900024104,77.17502100058482,13.360497999656218,2107392,4,26.219392000257358,0.27231300009589177,0.09631199964132975,61.09670499972708,602112,12.923708000016632,0.3679260003082163,0.08751199993639602,44.55554900005154,802816,14.065410000057454,0.22831199976280914,0.053219000164972385,27.918361000047298,401408,23.40086300000621,0.14492199989035726,0.0295429999823682,2.3367609996967076,200704,0.5656480002471653,0.10420399985378026,0.018227999589726096,0.0,100352
4,chain_5svc,148,89.05522499981089,76.01977000058469,13.035454999226204,2107392,4,25.91900400011582,0.2826489999279147,0.08604399999967427,60.01653399971474,602112,12.309870000080991,0.3768649999074114,0.09826699988479959,44.18496999960553,802816,14.583774000129779,0.23173499994300073,0.03624800001489348,27.013003999854845,401408,22.772777000227507,0.13556300018535694,0.028494999696704326,2.313225000307284,200704,0.4343450000305893,0.09666100004324107,0.01801899998099543,0.0,100352
4,chain_5svc,149,89.57673199984129,76.11251899925264,13.464213000588643,2107392,4,25.31466400023419,0.2842549997694732,0.08045799995670677,60.99424800004272,602112,12.442568999631476,0.3855260001728311,0.08911700024327729,45.255361999807064,802816,14.386610999736149,0.21245800007818616,0.03492099995128228,28.256673999749182,401408,23.38479899981394,0.17495300016889814,0.03010199998243479,2.4746300000515475,200704,0.5838759998368914,0.11007000011886703,0.026261000130034517,0.0,100352
4,chain_5svc,150,90.87690600017595,77.27517599960265,13.601730000573298,2107392,4,25.575592999757646,0.329932000113331,0.17076299991458654,61.59796000019924,602112,12.049780000324972,0.32616099997540005,0.09491399987382465,46.07544400005281,802816,14.331296999898768,0.17781700034902315,0.044907999836141244,29.320501999791304,401408,24.745454999901995,0.19066799995925976,0.029054000151518267,2.2556059998350975,200704,0.5730509997192712,0.10811500033014454,0.020324000161053846,0.0,100352
4,chain_5svc,151,91.77486099997623,78.44725600034508,13.327604999631149,2107392,4,26.432968999870354,0.26979799986293074,0.1785150002433511,62.0615689999795,602112,12.40722900001856,0.3973299999415758,0.08890799972505192,46.19333700020434,802816,15.718910000032338,0.25184900005115196,0.031988000046112575,27.658689999952912,401408,23.401492000175494,0.14876299974275753,0.029612999696837505,1.9889499999408145,200704,0.4866560002483311,0.09016599960887106,0.022140000055514975,0.0,100352
4,chain_5svc,152,90.20398199982083,76.6174069999579,13.586574999862933,2107392,4,25.770870000087598,0.3181289998792636,0.17537199983053142,60.90876300004311,602112,12.669204999838257,0.3467639999144012,0.09156300029644626,44.825418000073114,802816,14.396180000403547,0.20666099999289145,0.033383999834768474,27.889516999948682,401408,23.35609499959901,0.163290000273264,0.029124000320734922,2.2948569999243773,200704,0.4250570000294829,0.08262200026365463,0.019065999822487356,0.0,100352
4,chain_5svc,153,88.89368299969647,75.29851600020265,13.595166999493813,2107392,4,25.372702999902685,0.28697900006591226,0.1082550002138305,60.15503100024944,602112,12.196098000003985,0.3971199998886732,0.09393700020154938,44.434584000100585,802816,13.843872000052215,0.21147999996173894,0.04993699985789135,28.13291400025264,401408,23.328996000145708,0.1511380000920326,0.0295429999823682,2.424693000193656,200704,0.5568470000980597,0.11342299967509462,0.01983499987545656,0.0,100352
4,chain_5svc,154,90.06765100002667,76.0313649998352,14.036286000191467,2107392,4,25.60038599995096,0.28572299970619497,0.0885590002326353,61.17108800026472,602112,12.348072999884607,0.39181200008897576,0.08422900009463774,45.157235999795375,802816,14.709279999806313,0.20917599977110513,0.032965000173135195,27.771274999849993,401408,22.80937500017899,0.151137000102608,0.030031999813218135,2.765659000033338,200704,0.5642510000143375,0.10434400019221357,0.026888999855145812,0.0,100352
4,chain_5svc,155,90.46987000010631,77.84096299974408,12.628907000362233,2107392,4,25.594380000256933,0.27587399972617277,0.07473100004062871,61.688126000262855,602112,12.373426000067411,0.3672269999697164,0.08876899983079056,46.05931099968075,802816,15.534807999756595,0.26700500029619434,0.03638699990915484,27.81869699992967,401408,23.8644729997759,0.19227400025556562,0.02982200021506287,2.0273630002520804,200704,0.47387599988724105,0.0856950000525103,0.020043999938934576,0.0,100352
4,chain_5svc,156,90.46770399982051,76.7516409991913,13.71606300062922,2107392,4,26.11958899979072,0.28251000003365334,0.1615440000932722,61.15942399992491,602112,12.21460599981583,0.4235900000821857,0.09156199985227431,45.21667100016202,802816,14.879204999942885,0.2305469997736509,0.03554900013114093,27.584378000028664,401408,23.106759999791393,0.20393800014062435,0.0295429999823682,2.2468760002993804,200704,0.4314809998504643,0.0934489999053767,0.01843800009737606,0.0,100352
4,chain_5svc,157,89.62234099999478,76.05853399945772,13.563807000537054,2107392,4,25.84259800005384,0.26246500010529417,0.0752890000512707,60.5774340001517,602112,12.150909999945725,0.40242800014311797,0.08821000028547132,44.69355700030064,802816,14.108920999660768,0.22181700023793383,0.03443200012043235,27.917941999930918,401408,23.525041999619134,0.12110500028938986,0.03010200043718214,2.2918530003153137,200704,0.4310630001782556,0.0851370000418683,0.01941599975907593,0.0,100352
4,chain_5svc,158,89.70601100008935,76.91311600001427,12.792895000075077,2107392,4,26.87597400017694,0.3258810002080281,0.18696600000112085,59.40157899976839,602112,12.469878000047174,0.3334939997330366,0.09016500007419381,43.82940599998619,802816,13.982786999804375,0.20100500023545465,0.055174999943119474,27.371990000119695,401408,23.14321799985919,0.14715599991177442,0.05810799984828918,2.115783000135707,200704,0.4412590001265926,0.10986100005538901,0.02067300010821782,0.0,100352
4,chain_5svc,159,91.42251000002943,78.31015699957788,13.112353000451549,2107392,4,26.50294999966718,0.27259200032858644,0.0752890000512707,61.790372999894316,602112,12.766354999712348,0.3462750000835513,0.08681300005264347,45.71554999984073,802816,14.83660099984263,0.2047760003733856,0.034781000067596324,28.06649500007552,401408,23.74853500032259,0.1533019999442331,0.04812099996343022,2.095807999921817,200704,0.45571600003313506,0.09638200026529375,0.0309399997604487,0.0,100352
4,chain_5svc,160,88.99125200014169,76.0097840002345,12.981467999907181,2107392,4,25.731550000273273,0.2552709997871716,0.15567699983876082,60.22773699987738,602112,12.186947999907716,0.3334240000185673,0.090725000063685,44.60367000001497,802816,14.357557000039378,0.23278199978449265,0.03666700013127411,27.609731000211468,401408,23.283041000013327,0.14520100012305193,0.0372949998563854,2.284240999870235,200704,0.45068800000080955,0.08723199971427675,0.019626000266725896,0.0,100352
4,chain_5svc,161,90.64559199987343,76.99113100034083,13.654460999532603,2107392,4,26.414462000047934,0.33195700007127016,0.07305400004042895,60.85358899963467,602112,12.236745999871346,0.34236400006193435,0.09058500017999904,45.21534500008784,802816,14.779749999888736,0.216648999867175,0.0358290003532602,27.59429600018848,401408,23.097332000361348,0.14233799993235152,0.029472999813151546,2.2083230001044285,200704,0.46284100017146557,0.09058399973582709,0.01997399976971792,0.0,100352
4,chain_5svc,162,89.41128100013884,76.3578050000433,13.053476000095543,2107392,4,26.462652000191156,0.2876769999602402,0.08688299976711278,59.70190000016373,602112,12.205665999772464,0.3656210001281579,0.10357500013924437,44.075458999941475,802816,14.026578000084555,0.1864770001702709,0.03813300008914666,27.414592999775778,401408,23.184144999959244,0.1364710001325875,0.0309399997604487,2.431606999834912,200704,0.4787640000358806,0.0963120000960771,0.020602999939001165,0.0,100352
4,chain_5svc,163,89.77725100021416,75.86360699997385,13.91364400024031,2107392,4,26.195089000339067,0.28495399965322576,0.08590499965066556,60.46058999982051,602112,12.158243999692786,0.3443890000198735,0.10064200023407466,44.62797699989096,802816,13.865522999822133,0.21909399993091938,0.035200000183976954,27.920735999941826,401408,23.210755000036443,0.15588599990223884,0.0295429999823682,2.3806220001461043,200704,0.4339960000834253,0.0893270002961799,0.019625999811978545,0.0,100352
4,chain_5svc,164,89.1718640000363,75.94148099997255,13.230383000063739,2107392,4,25.669601000117837,0.26518799995756126,0.08779099971434334,60.47832900003414,602112,12.08770400035064,0.3659700000753219,0.08429899980910704,44.94373000034102,802816,14.595786999962002,0.18445199975758442,0.03715599996212404,27.787339000042266,401408,23.160538999945857,0.1631499999348307,0.030450999929598765,2.301909999914642,200704,0.4278499995962193,0.08290200003102655,0.019415000224398682,0.0,100352
4,chain_5svc,165,90.97615300015605,76.81114900060493,14.165003999551118,2107392,4,26.49945800021669,0.34990699987247353,0.16978499979813932,61.034897999888926,602112,12.188275999960752,0.37246600004436914,0.08660299999974086,44.91097499976604,802816,14.628613000240875,0.20302999973864644,0.034361999951215694,27.534861999811255,401408,23.059758000272268,0.1554669997858582,0.029752000045846216,2.282913999806624,200704,0.43504399991434184,0.0842990002638544,0.018507999811845366,0.0,100352
4,chain_5svc,166,88.75393200014514,75.33329999932903,13.420632000816113,2107392,4,25.261724999836588,0.35863699986293796,0.16356900005121133,60.25218200011295,602112,12.161316999936389,0.3397100003894593,0.09009599989440176,44.466223000199534,802816,13.885078999919642,0.2735699999902863,0.0372250001419161,27.767782999944757,401408,23.557937999612477,0.14331500005937414,0.05147299998498056,2.3003049996077607,200704,0.46724100002393243,0.08730200033824076,0.019905000044673216,0.0,100352
4,chain_5svc,167,89.88159499995163,76.37512699966464,13.506468000286986,2107392,4,25.600526000289392,0.3582179997465573,0.11321400006636395,61.076662999766995,602112,12.513388999650488,0.36743700002261903,0.08918800040191854,44.7969940000803,802816,14.08070499974201,0.19031800002267119,0.03680700001496007,27.845935999721405,401408,23.751748999984557,0.15358199971160502,0.029332999929465586,2.0145830003457377,200704,0.4287579999981972,0.08639399993626284,0.01871800031949533,0.0,100352
4,chain_5svc,168,89.929156999915,76.68145099978574,13.247706000129256,2107392,4,26.50567399996362,0.3283959999862418,0.1679000001786335,60.52540299970133,602112,12.11787500005812,0.32832599981702515,0.11496000024635578,44.837711000127456,802816,13.902189999953407,0.20372800008772174,0.03624800001489348,28.217424000104074,401408,23.692451999977493,0.1610549998076749,0.029613000151584856,2.1848559999853023,200704,0.46325999983309885,0.08765099983065738,0.02123200010828441,0.0,100352
4,chain_5svc,169,89.88983600011125,76.20024199968611,13.689594000425132,2107392,4,25.721073000113392,0.32671899998604204,0.0822040001366986,61.09719699998095,602112,12.179474999811646,0.32790700015539187,0.08702300010554609,45.14347800022733,802816,14.711655000155588,0.1840329996412038,0.03289500000391854,27.580606999890733,401408,23.1606079996709,0.15435000022989698,0.030032000267965486,2.392774999862013,200704,0.427430999934586,0.08255300008386257,0.053498999932344304,0.0,100352
4,chain_5svc,170,90.01548100013679,76.65987199970914,13.355609000427648,2107392,4,26.038991999939753,0.3355200001351477,0.20156299979134928,60.66355000029944,602112,12.597827999798028,0.3385919999345788,0.08841900034894934,44.548426999881485,802816,13.803364000068541,0.21706799998355564,0.03806399990935461,27.999796999665705,401408,23.789462999957323,0.15267399976437446,0.031988000046112575,2.014722000239999,200704,0.43022499994549435,0.13262899983601528,0.018787000044540036,0.0,100352
4,chain_5svc,171,89.35966799981543,76.55441000042629,12.805257999389141,2107392,4,26.12105700018219,0.3239959996790276,0.17341600005238433,60.33068499982619,602112,12.349121000170271,0.33489099996586447,0.1040639999700943,44.85293600009754,802816,13.880190000236325,0.18794399966282072,0.03338499982419307,28.26449699978184,401408,23.74064300011014,0.1629409998713527,0.03010199998243479,2.2762089997740986,200704,0.4633989997273602,0.09247000025425223,0.0203940003302705,0.0,100352
4,chain_5svc,172,91.30643499975122,77.8407560001142,13.46567899963702,2107392,4,27.087456000117527,0.3392209996491147,0.0766859998293512,61.14420099993367,602112,12.727243999961502,0.3603139998631377,0.09526399981041322,44.690485000046465,802816,14.431031000185612,0.18654699988474022,0.04106699998374097,27.705555000011373,401408,23.16207600006237,0.15106799992281594,0.029054000151518267,2.4110040003506583,200704,0.43294899978718604,0.09526400026516058,0.018996000108018052,0.0,100352
4,chain_5svc,173,91.16731099993558,77.76155500005189,13.405755999883695,2107392,4,27.30599100004838,0.3484399999251764,0.17732800006342586,60.635543999978836,602112,12.136663000092085,0.3292339997642557,0.09016600006361841,44.88373699996373,802816,14.421183000195015,0.197721999938949,0.034431999665685,27.784545000031358,401408,23.466794999876583,0.11922000021513668,0.029613000151584856,2.1932380000180274,200704,0.4309229998398223,0.09687100009614369,0.019484999938867986,0.0,100352
4,chain_5svc,174,89.21453899984044,75.7073740001033,13.507164999737142,2107392,4,25.966078000237758,0.3645040001174493,0.17669999988356722,59.65846000026431,602112,12.142390999997588,0.3765860001294641,0.09295900008510216,44.01050800015582,802816,13.990121000006184,0.2144140003110806,0.03478099961284897,27.47794100014289,401408,23.121148999962315,0.14247700028136023,0.0295429999823682,2.2161450001476624,200704,0.4876349998994556,0.08583499993619625,0.019485999928292586,0.0,100352
4,chain_5svc,175,90.11444899988419,76.6561700006605,13.458278999223694,2107392,4,25.99820500017813,0.3283959999862418,0.20673199969678535,60.796739000124944,602112,12.875518000328157,0.4162569998698018,0.09240000008503557,44.25683899989963,802816,14.149568999982876,0.23313200017582858,0.0351310000041849,27.516632999777357,401408,23.195320000013453,0.14317600016511278,0.02856499986592098,2.228855999874213,200704,0.43755800015787827,0.08960700006355182,0.01955599964276189,0.0,100352
4,chain_5svc,176,88.6090819999481,75.72650900010558,12.882572999842523,2107392,4,26.128389999939827,0.29605899999296525,0.17830600017987308,59.389429000020755,602112,12.110053000014886,0.3543069997249404,0.08716299998923205,43.99870399993233,802816,14.302732000032847,0.17928399984157295,0.03624800001489348,27.140885000335402,401408,22.744842000065546,0.1329780002379266,0.02884500008804025,2.3482860001422523,200704,0.4404920000524726,0.09966400011762744,0.019905000044673216,0.0,100352
4,chain_5svc,177,90.31056399999216,77.05112499979805,13.259439000194106,2107392,4,26.231267000184744,0.33272600012423936,0.0752890000512707,60.83550099992863,602112,12.34674699981042,0.3233659999750671,0.08730200033824076,44.93283700003303,802816,14.321379999728379,0.20931500012011384,0.03645700007837149,27.974793999874237,401408,23.70306900002106,0.1639189999877999,0.032964999718387844,2.0786280001630075,200704,0.4486620000534458,0.13751899996350403,0.020743000277434476,0.0,100352
4,chain_5svc,178,89.78486600017277,76.28035500056285,13.50451099960992,2107392,4,26.004352000200015,0.36478299989539664,0.1899690000755072,60.27481199998874,602112,12.478119000206789,0.3290239997113531,0.08632399976704619,44.47809699968275,802816,14.227862000097957,0.19367100003364612,0.036178000300424173,27.522360000148183,401408,23.070583999924565,0.147714999911841,0.03052100009881542,2.1858340001017496,200704,0.499438000133523,0.08611500015831552,0.026538999918557238,0.0,100352
4,chain_5svc,179,90.4179799999838,76.95998200006215,13.457997999921645,2107392,4,26.33805499999653,0.3716269998221833,0.07494100009353133,60.79611000041041,602112,13.09468099998412,0.3290940003353171,0.10245799967378844,44.33415299990884,802816,13.959809999960271,0.21560100003625848,0.034781000067596324,27.51146399987192,401408,22.927757000161364,0.16245100005107815,0.0309399997604487,2.4373340002057375,200704,0.6396789999598695,0.10909299999184441,0.030450999929598765,0.0,100352
4,chain_5svc,180,89.39619700004187,75.80361400005131,13.592582999990555,2107392,4,25.613797000005434,0.3170109998791304,0.08960700006355182,60.571987999992416,602112,12.661104000017076,0.42310099979658844,0.10504200008654152,43.97293300007732,802816,14.079448000302364,0.18389299975751783,0.0541279996468802,27.48618199984776,401408,23.010449999674165,0.1843120003286458,0.0358990000677295,2.195890999701078,200704,0.4388150000522728,0.08255299962911522,0.026679000256990548,0.0,100352
4,chain_5svc,181,91.51616999997714,77.93944299965005,13.576727000327082,2107392,4,25.857055999949807,0.327067999933206,0.18836299977920135,62.33290599993779,602112,12.95045899996694,0.430853000125353,0.08667299971421016,45.71338599998853,802816,15.399805000015476,0.2312460001121508,0.033802999951149104,27.52606200010632,401408,23.161586999776773,0.1244580003003648,0.03289599999334314,2.503473999695416,200704,0.5705359999410575,0.1110479997805669,0.026610000077198492,0.0,100352
4,chain_5svc,182,90.95995200004836,77.02228099969943,13.937671000348928,2107392,4,25.975226999889856,0.38287200004560873,0.17188099991471972,61.921679000079166,602112,12.530918999800633,0.3515829998832487,0.10120100023414125,45.79174899981808,802816,14.316561000214278,0.22663599975203397,0.03526999989844626,28.600714999811316,401408,23.59537399979672,0.15071800044097472,0.03149799977109069,2.701264999814157,200704,0.6041999999979453,0.11894099998244201,0.027656999918690417,0.0,100352
4,chain_5svc,183,91.18791599985343,77.39160599976458,13.796310000088852,2107392,4,25.44848199977423,0.34159500000896514,0.09463600008530193,62.61807000009867,602112,13.212784000188549,0.4082939999534574,0.08590499965066556,45.74642199986556,802816,14.563381999778358,0.1955570000973239,0.05566300023929216,28.474930999891512,401408,23.657393000121374,0.1913669998430123,0.02968300032080151,2.4181969997698616,200704,0.5095649999020679,0.09288900037063286,0.027937000140809687,0.0,100352
4,chain_5svc,184,90.58162099972833,76.71211599972594,13.869505000002391,2107392,4,25.366139999732695,0.32930299994404777,0.10092100001202198,62.005279999993945,602112,12.886763000096835,0.35898599981010193,0.09393700020154938,45.33805899973231,802816,14.454148999902827,0.1934619999701681,0.03471099989837967,28.09275700019498,401408,23.383963000014774,0.1411499997630017,0.03289599999334314,2.5654930000200693,200704,0.6211009999788075,0.10986100005538901,0.031009999929665355,0.0,100352
4,chain_5svc,185,90.10606899983031,75.83231999979034,14.27374900003997,2107392,4,25.467897999988054,0.3683449999698496,0.16859800007296144,61.280323999653774,602112,12.542164000024059,0.37323400010791374,0.0864640001054795,44.86439199990855,802816,14.175689999774477,0.18829300006473204,0.03575900018404354,27.945740999712143,401408,23.06660300018848,0.14652799973191577,0.02996200009874883,2.644973000315076,200704,0.5799649998152745,0.1083249999282998,0.027587000204221113,0.0,100352
4,chain_5svc,186,89.25882000039564,75.22581600005651,14.033004000339133,2107392,4,25.42697200033217,0.34110599972336786,0.1828449999266013,60.589869000068575,602112,12.11578099992039,0.33014200016623363,0.08772099999987404,44.97760599997491,802816,13.924330000008922,0.185010999757651,0.034083000173268374,28.282586999921477,401408,23.194901999886497,0.14785499979552696,0.028146000204287702,2.6226939999105525,200704,0.5638309999085322,0.10595000003377208,0.026120999791601207,0.0,100352
4,chain_5svc,187,88.54999700042754,75.90844800051855,12.641548999908991,2107392,4,25.982911000028253,0.31484599958275794,0.09114300019064103,59.62766099992223,602112,12.188346000129968,0.33063099999708356,0.10734699981185258,44.284635999702004,802816,13.934388000052422,0.17900400007420103,0.03429199978199904,28.03478899977563,401408,23.15187900012461,0.14275700004873215,0.02982199976031552,2.707970999836107,200704,0.650924000183295,0.11139700018247822,0.03415299988773768,0.0,100352
4,chain_5svc,188,88.4710760001326,75.47466199957853,12.996414000554068,2107392,4,25.574476999736362,0.3063250001105189,0.16322000010404736,59.86700799985556,602112,12.069125999914831,0.4297360001146444,0.08716199999980745,44.137339999906544,802816,13.974965999750566,0.1843820000431151,0.034083000173268374,27.561891000004834,401408,23.430197999914526,0.15546800023003016,0.02856499986592098,2.2069259998716007,200704,0.42589500026224414,0.09295900008510216,0.01941599975907593,0.0,100352
4,chain_5svc,189,89.13722500028598,75.4895380000562,13.64768700022978,2107392,4,25.79461799996352,0.35123299994666013,0.16699200023140293,60.0305070001923,602112,12.007735999759461,0.38713200001438963,0.09016600006361841,44.294554000316566,802816,14.335977000428102,0.2124579996234388,0.03673699984574341,27.11176200000409,401408,22.846322000077635,0.13102299999445677,0.02912399986598757,2.3663049996685004,200704,0.5048849998274818,0.1146800000242365,0.018787000044540036,0.0,100352
4,chain_5svc,190,89.88446200010003,76.43910600017989,13.445355999920139,2107392,4,25.932276000276033,0.34278199973414303,0.16077599957498023,60.883063999881415,602112,12.128212999868992,0.4221930003041052,0.0920510001378716,45.08138999972289,802816,14.411266000024625,0.21762699998362223,0.03387299966561841,28.152890999990632,401408,23.378166999918903,0.16552400029468117,0.028635000035137637,2.5675890001366497,200704,0.5891840000913362,0.12760099980368977,0.029473999802576145,0.0,100352
4,chain_5svc,191,90.67478899987691,76.04065899977286,14.63413000010405,2107392,4,25.506591000066692,0.3073729999414354,0.0842990002638544,62.01952799983701,602112,12.166275999788922,0.42966599994542776,0.09002600017993245,46.23999299974457,802816,14.522594000027311,0.2605090003271471,0.037225999676593347,28.777974000149698,401408,23.20544800022617,0.1945789999808767,0.03568899956007954,2.550616999997146,200704,0.6397499996637634,0.11342300012984197,0.029054000151518267,0.0,100352
4,chain_5svc,192,89.63519700000688,75.47473099930357,14.160466000703309,2107392,4,25.23064599972713,0.3177100002176303,0.16587400023126975,61.21683799983657,602112,12.668227999711235,0.48526000000492786,0.0863940003910102,44.522518000121636,802816,13.823479000166117,0.1903889997265651,0.03701600007843808,27.917314999740483,401408,23.31258499998512,0.12320099995122291,0.03387300012036576,2.399688999958016,200704,0.4397929997139727,0.09149200013780501,0.01899700009744265,0.0,100352
4,chain_5svc,193,90.47825500010731,75.91347700008555,14.56477800002176,2107392,4,25.622039000154473,0.3220399999008805,0.08876799984136596,61.50500500007183,602112,12.520023999968544,0.44139900001027854,0.08604499998909887,45.112539999990986,802816,14.211101000000781,0.2019120001932606,0.03610799967646017,27.94595000023037,401408,23.11353599998256,0.1224329998876783,0.028495999686128926,2.635892999933276,200704,0.4467769999791926,0.10580999969533877,0.02011500009757583,0.0,100352
4,chain_5svc,194,91.37914400025693,77.80541600004653,13.573728000210394,2107392,4,25.24356699996133,0.31435800019607996,0.08918799994717119,62.80783200008955,602112,13.306790000115143,0.436510999861639,0.09735999992699362,46.06203700041078,802816,14.614574999995966,0.22021099994162796,0.07075000030454248,28.557273999922472,401408,24.200412000027427,0.13004499987800955,0.028636000024562236,2.3945220000314293,200704,0.44007199994666735,0.12459800018405076,0.020742999822687125,0.0,100352
4,chain_5svc,195,92.79832699985491,78.52143599939154,14.276891000463365,2107392,4,26.02705099980085,0.354725999841321,0.0935880002543854,62.14028499971391,602112,12.77236299983997,0.42554500032565556,0.08290200003102655,45.61288600007174,802816,14.28848499972446,0.21329599985620007,0.03527000035319361,29.0691440000046,401408,24.95777600006477,0.19855899972753832,0.03094000021519605,1.988950999930239,200704,0.47576099996149424,0.09058499972525169,0.02151099988623173,0.0,100352
4,chain_5svc,196,91.65445999997246,77.07040500008588,14.584054999886575,2107392,4,25.522236000142584,0.3286050000497198,0.16866699979800615,62.96183199992811,602112,12.26705800036143,0.3989349997937097,0.08674399987285142,47.0149580000907,802816,14.86335199979294,0.21685799993065302,0.03429200023674639,29.426872999920306,401408,23.720110999875033,0.37183700032983324,0.02814699973896495,3.128836000087176,200704,0.6976479999138974,0.13318800029082922,0.034361999951215694,0.0,100352
4,chain_5svc,197,88.96436899976834,75.61993399986022,13.344434999908117,2107392,4,25.625950999710767,0.3749100001186889,0.18033100013781223,59.918831000231876,602112,11.977565000051982,0.4161860001659079,0.09226100019077421,44.42983900025865,802816,14.002064000123937,0.26462999994691927,0.036178000300424173,27.865773000030458,401408,23.493684999721154,0.1537910002298304,0.0295429999823682,2.244711000003008,200704,0.5206690002523828,0.08541699980924022,0.02151099988623173,0.0,100352
4,chain_5svc,198,89.63841200011302,76.31192600001668,13.326486000096338,2107392,4,26.449942999988707,0.34222399972350104,0.17069300020011724,59.95780300008846,602112,12.13757200002874,0.4133229999752075,0.09680099992692703,44.0874050000275,802816,14.06583000016326,0.22635699997408665,0.033383999834768474,27.352505999715504,401408,23.15593000002991,0.17090300025301985,0.0295429999823682,2.158177000183059,200704,0.5026509998060646,0.11439999980211724,0.017600000319362152,0.0,100352
4,chain_5svc,199,89.61990399984643,75.83770099927278,13.782203000573645,2107392,4,25.6659009996838,0.33328400013488135,0.09533299999020528,60.6205310000405,602112,12.21027600013258,0.39739900012136786,0.08527699992555426,44.91321200021048,802816,14.271724000082031,0.2384389999861014,0.0372250001419161,27.728392999961216,401408,23.160050999649684,0.1540709999972023,0.031009999929665355,2.408350000223436,200704,0.5297489997246885,0.13165200016374,0.02151100034097908,0.0,100352
4,chain_5svc,200,90.31636400004572,76.67580000043017,13.640563999615551,2107392,4,25.526775999878737,0.31072499996298575,0.08457800004180172,61.595170999680704,602112,12.633168000320438,0.4241480000928277,0.1187309999295394,45.45022499996776,802816,14.464416000009805,0.25310600040029385,0.03575899972929619,28.418919000159804,401408,23.467843000162247,0.1434549999430601,0.02842599997165962,2.6119379999727244,200704,0.5835970000589441,0.1639179999983753,0.028565000320668332,0.0,100352
5,chain_5svc,1,100.74143700012428,86.4931769992836,14.248260000840673,2107392,4,31.135904000166192,0.2615570001580636,0.1799120000214316,65.99541699961264,602112,14.14300699980231,0.3903450001416786,0.10427400002299692,48.09660399996574,802816,15.918242999759968,0.2277530002174899,0.039180999920063186,29.440358000101696,401408,24.814185999730398,0.18270600003233994,0.031009999929665355,2.4506740001015714,200704,0.48183699982473627,0.09323900030722143,0.019625999811978545,0.0,100352
5,chain_5svc,2,100.93699399976686,86.20089000032749,14.736103999439365,2107392,4,29.895446999944397,0.3105860000687244,0.21350599990910268,67.47627000004286,602112,14.657251000244287,0.4031959997519152,0.08632499975647079,48.81632200022068,802816,16.102415000204928,0.21692900008929428,0.03673699984574341,29.92512999981045,401408,25.094878999880166,0.1806800000849762,0.030031999813218135,2.4891570001273067,200704,0.45089800005371217,0.13716900002691546,0.019415000224398682,0.0,100352
5,chain_5svc,3,97.26730300008057,83.63106600063475,13.636236999445828,2107392,4,29.056020000098215,0.27810899973701453,0.17104200014728121,64.94932900022832,602112,13.559130999965419,0.3617799998210103,0.09868600000118022,47.93603899997834,802816,15.84246400034317,0.21811599981447216,0.03527099988787086,29.292503999840847,401408,24.736103000122966,0.1597279997440637,0.029611999707412906,2.37496599993392,200704,0.43734800010497565,0.1287889999730396,0.01857799998106202,0.0,100352
5,chain_5svc,4,98.6641370000143,84.79979800085857,13.864338999155734,2107392,4,29.342999000164127,0.26902999979938613,0.0878599998941354,66.11282199992274,602112,13.683799000318686,0.3789600000345672,0.10168900007556658,48.871986999984074,802816,15.583352000248851,0.2152520000890945,0.03813299963439931,30.486655999993673,401408,25.677498999812087,0.1554679997752828,0.031429000046045985,2.4045089999162883,200704,0.512149000314821,0.09086399995794636,0.02123199965353706,0.0,100352
5,chain_5svc,5,96.80397600004653,83.28737800002273,13.516598000023805,2107392,4,29.21246500000052,0.26127799992536893,0.1639179999983753,64.43529499983924,602112,13.54334799998469,0.3540269999575685,0.09812700000111363,47.50043700005335,802816,15.443739000147616,0.25806499979807995,0.03680700001496007,29.366954999659356,401408,24.630222999803664,0.1785150002433511,0.030031999813218135,2.3320829996009707,200704,0.45760300008623744,0.09393700020154938,0.020044999928359175,0.0,100352
5,chain_5svc,6,98.38442199998099,84.97097899999062,13.413442999990366,2107392,4,29.410745999939536,0.3404089998184645,0.17830500019044848,65.73379199971896,602112,14.043134000075952,0.3452269997978874,0.119498999993084,48.1396280001718,802816,15.990459000022383,0.21965199994156137,0.03624800001489348,29.55147600005148,401408,25.002060000133497,0.17062400002032518,0.03052099964406807,2.4440400002276874,200704,0.5245799998192524,0.09526399981041322,0.02053400021395646,0.0,100352
5,chain_5svc,7,97.235596000246,83.32865299962577,13.906943000620231,2107392,4,28.67244999970353,0.3286750002189365,0.19541600022421335,65.09529899994959,602112,13.702725000257487,0.3443900000092981,0.08590599964009016,47.86668599990662,802816,15.84008999998332,0.2299190000485396,0.034781000067596324,29.27329700014525,401408,24.65550599981725,0.1932519999172655,0.030450999929598765,2.349333999973169,200704,0.45788199986418476,0.12417800007824553,0.02067300010821782,0.0,100352
5,chain_5svc,8,98.57564899994031,85.15668900008677,13.418959999853541,2107392,4,28.71260899974004,0.2655380003488972,0.08478700010527973,66.47488099997645,602112,13.85574899995845,0.3501860001051682,0.08534700009477092,49.53401600005236,802816,16.332962999968004,0.2535249996071798,0.0548259999959555,30.44174899969221,401408,25.819487000262598,0.1708330000838032,0.031288999707612675,2.401786000064021,200704,0.4358810001576785,0.09107400001084898,0.019765999695664505,0.0,100352
5,chain_5svc,9,98.57446100022571,84.64279499958138,13.931666000644327,2107392,4,29.059582000172668,0.2848139997695398,0.1651049997235532,65.95330400023158,602112,13.636097000016889,0.3837799999928393,0.09687000010671909,49.05455299967798,802816,16.73413399976198,0.317429999995511,0.05035599997427198,29.25017999996271,401408,24.744553999880736,0.14464200012298534,0.029613000151584856,2.2868259998176654,200704,0.4684279997491103,0.10161899990634993,0.02053400021395646,0.0,100352
5,chain_5svc,10,96.60918600002333,83.77033300030234,12.838852999720984,2107392,4,28.72769400028119,0.31016699995234376,0.19227499979024287,64.35106600019935,602112,13.739882000209036,0.32881500010262243,0.10008299977926072,47.22721600001023,802816,15.973487999872304,0.18389300021226518,0.0604829997428169,28.831128999627254,401408,24.847919999956503,0.12732100003631786,0.03191799987689592,2.1465139998326777,200704,0.48134899998331093,0.08604499998909887,0.02011400010815123,0.0,100352
5,chain_5svc,11,100.99880499956271,86.96440099947722,14.034404000085487,2107392,4,29.966265999973984,0.3335640003570006,0.17111199986175052,67.32625099994038,602112,14.864611999655608,0.4991590003555757,0.09309899996878812,48.87561900022774,802816,16.642710999803967,0.21623000020554173,0.0386219999199966,29.4834510000328,401408,25.057794000076683,0.13535300013245433,0.03135899987682933,2.3445849997187906,200704,0.4330179999669781,0.0865339998199488,0.01871800031949533,0.0,100352
5,chain_5svc,12,96.80809499968746,83.02100100036114,13.787093999326316,2107392,4,28.56412499977523,0.2746870000009949,0.16727100000935025,64.96839600004023,602112,13.860638000096515,0.4122749996895436,0.09100399984163232,47.422004000054585,802816,15.602629000113666,0.21783600004710024,0.0372949998563854,29.15505500004656,401408,24.507581000307255,0.14792499996474362,0.031988000046112575,2.361416999974608,200704,0.48602800006847247,0.08388000014747377,0.021791000108351,0.0,100352
5,chain_5svc,13,101.36233200000788,87.5996810000288,13.762650999979087,2107392,4,28.7436879998495,0.32713900009184727,0.09938399989550817,69.14702299991404,602112,14.0656929997931,0.4159770001024299,0.09135300024354365,51.42092899995987,802816,18.248790000143345,0.2604390001579304,0.034781000067596324,30.28662999986409,401408,25.999539000167715,0.16629299989290303,0.03149899976051529,2.1467930000653723,200704,0.5419710000751365,0.08974699994723778,0.023117999717214843,0.0,100352
5,chain_5svc,14,98.92192399956912,86.22051799966357,12.701405999905546,2107392,4,29.72803600005136,0.27503699993758346,0.1574229995640053,65.80831200017201,602112,15.3964559999622,0.34634500025276793,0.08814000011625467,46.861316000104125,802816,15.557440999600658,0.19325200037201284,0.0351300000147603,29.096669000409747,401408,25.054511999769602,0.144712000292202,0.029124000320734922,2.0453130000532838,200704,0.48407300027975,0.09735899993756902,0.021022000055381795,0.0,100352
5,chain_5svc,15,97.81940499988195,84.40889600024093,13.410508999641024,2107392,4,28.480664000198885,0.2631639999890467,0.15644599989173003,65.7223379998868,602112,14.469169000221882,0.3501860001051682,0.08716199999980745,47.88770899995143,802816,16.259141000318778,0.216648999867175,0.04707299967776635,28.88344099983442,401408,24.753423999754887,0.16489600011482253,0.03052100009881542,2.3412330001519877,200704,0.44649799974649795,0.12906700021630968,0.019485999928292586,0.0,100352
5,chain_5svc,16,99.98512499987555,86.01679200000945,13.968332999866107,2107392,4,28.86276800018095,0.30625599993072683,0.09861699982138816,67.70668000035585,602112,13.87034700019285,0.3641539997261134,0.08730199988349341,50.15260399977706,802816,16.142225999828952,0.204566000320483,0.06767600007151486,31.35618600026646,401408,26.694114999827434,0.18221700020149,0.02912399986598757,2.2508570000354666,200704,0.4473359999792592,0.08820999983072397,0.02081299999190378,0.0,100352
5,chain_5svc,17,98.00797700017938,84.62037599974792,13.38760100043146,2107392,4,28.910819999964588,0.24912500020946027,0.08618499987278483,65.73763300002611,602112,13.929501999882632,0.3436209999563289,0.08772099999987404,48.30235899999025,802816,16.595428000073298,0.22922100015421165,0.038203999793040566,28.979823000099714,401408,24.69950599970616,0.14163900004859897,0.029613000151584856,2.149516999907064,200704,0.4851200001212419,0.08806999994703801,0.02109200022459845,0.0,100352
5,chain_5svc,18,98.3032680001088,84.82571000013195,13.477557999976852,2107392,4,28.97081299988713,0.3094690000580158,0.09037500012709643,66.11428999985947,602112,13.860776999990776,0.35486600017975434,0.09875600017039687,48.48674100003336,802816,16.418520000115677,0.22942999976294232,0.03666600014184951,29.53478500012352,401408,25.016028999743867,0.12767099997290643,0.029054000151518267,2.496699999937846,200704,0.5595710003944987,0.11300400001346134,0.022558999717148254,0.0,100352
5,chain_5svc,19,98.67272999963461,84.84331199952067,13.829418000113947,2107392,4,28.503013999852556,0.25184900005115196,0.23194400000647875,66.64215299997522,602112,14.090207999743143,0.39446500022677355,0.08632400022179354,48.941899000055855,802816,15.611010000156966,0.2185349999308528,0.0365269997928408,30.514872999901854,401408,26.083140000082494,0.13968299981570453,0.028635000035137637,2.3982930001693603,200704,0.5559399996855063,0.1667820001785003,0.026610000077198492,0.0,100352
5,chain_5svc,20,99.54246899997088,84.95882900024299,14.583639999727893,2107392,4,29.01460400016731,0.30185600007825997,0.17369599981975625,67.28371799999877,602112,13.62541099979353,0.36261800005377154,0.10176000023420784,49.81959899987487,802816,16.594171000178903,0.24137299988069572,0.03806299991993001,30.413601999953244,401408,25.1050770002621,0.20002699966426007,0.029612999696837505,2.937262000159535,200704,0.6195659998411429,0.10790500027724192,0.03052000010939082,0.0,100352
5,chain_5svc,21,97.92325899979915,83.82089899896528,14.102360000833869,2107392,4,28.743129999838857,0.26511900023251656,0.16769000012573088,65.9045550000883,602112,13.957298999685008,0.4552280001917097,0.08632400022179354,48.339025999666774,802816,15.748109000014665,0.22558799992111744,0.039042000025801826,29.872958999931143,401408,24.89862499987794,0.14883299991197418,0.031008999940240756,2.597203000277659,200704,0.47373599954880774,0.09379800030728802,0.018508000266592717,0.0,100352
5,chain_5svc,22,98.67077400031121,83.8007839988677,14.869990001443512,2107392,4,28.720919999614125,0.260440000147355,0.16629300034765038,66.35957299977235,602112,14.248188999772537,0.329723000049853,0.08527699992555426,48.51907800002664,802816,15.880110000125569,0.26707400002123904,0.053918000048724934,29.600576000120782,401408,24.493402999723912,0.1968840001609351,0.031988000046112575,2.566472000125941,200704,0.4581619996315567,0.09868600000118022,0.019904000055248616,0.0,100352
5,chain_5svc,23,98.79104199990252,84.90484200001447,13.88619999988805,2107392,4,28.558469000017794,0.2648390000103973,0.08869900011632126,66.71150600004694,602112,14.273612000124558,0.47338699960164377,0.08709200028533814,48.85732100001405,802816,16.309635999732564,0.2278239999213838,0.03624800001489348,29.780837000089377,401408,25.250697000046785,0.13661100001627347,0.03107900010945741,2.4225980000665004,200704,0.5124280000927683,0.08632499975647079,0.02814599974954035,0.0,100352
5,chain_5svc,24,98.54436099976738,85.112272999595,13.43208800017237,2107392,4,28.405654999914987,0.25478199995632167,0.16147400037880288,66.77750600010768,602112,14.542641999923944,0.39795700013200985,0.08548699997845688,48.87492099987867,802816,16.93695399990247,0.21057300000393298,0.03673700030049076,29.444270000112738,401408,24.594953999894642,0.16650199995638104,0.03094000021519605,2.760631999990437,200704,0.6320679999589629,0.12354899990896229,0.032824999834701885,0.0,100352
5,chain_5svc,25,98.31926299966653,84.17094600008568,14.148316999580857,2107392,4,28.58074799996757,0.34019900022030924,0.09889600005408283,66.1515159999908,602112,13.919934000114154,0.3375439996489149,0.08716299998923205,48.65289600002143,802816,15.962244000093051,0.20840699971813592,0.03624800001489348,29.992528000093444,401408,25.096416999986104,0.1498100000389968,0.031009999929665355,2.749876000052609,200704,0.6116029999247985,0.10769599975901656,0.026750000415631803,0.0,100352
5,chain_5svc,26,98.65373499997077,84.03880600008051,14.614928999890253,2107392,4,28.938896999989083,0.2732900002229144,0.18598799988467363,66.07343399991805,602112,13.980625999920449,0.3286749997641891,0.0949150003179966,48.40928699968572,802816,15.551715000128752,0.21958199977234472,0.03827299997283262,30.015017000096123,401408,24.985647999983485,0.1498100000389968,0.029333999918890186,2.5518750003357127,200704,0.5819200000587443,0.10909299999184441,0.027657999908115016,0.0,100352
5,chain_5svc,27,97.51210200010973,84.11842599980446,13.393676000305277,2107392,4,29.45928700000877,0.2924969999185123,0.1667820001785003,64.8686650001764,602112,13.981184999920515,0.37113899998075794,0.11635600003501168,47.249008000108006,802816,15.539282999725401,0.210782000067411,0.05454600022858358,29.043589000139036,401408,24.681347999830905,0.12760100025843713,0.0295429999823682,2.2958350000408245,200704,0.4573230003188655,0.08772199998929864,0.020043999938934576,0.0,100352
5,chain_5svc,28,97.23336400020344,83.8062330003595,13.42713099984394,2107392,4,28.40635399979874,0.314356999751908,0.08925700012696325,65.37529500019446,602112,13.563881000209221,0.348301000030915,0.10308599985364708,48.21799100000135,802816,16.664781000145013,0.19646500004455447,0.044209999941813294,29.008249000071373,401408,24.60766500007594,0.15071799998622737,0.03736600001502666,2.5390250002601533,200704,0.5635520001305849,0.1357020000796183,0.01997499975914252,0.0,100352
5,chain_5svc,29,98.75975400018433,84.49214800020854,14.267605999975785,2107392,4,28.92807099988204,0.25219799999831594,0.08143500008372939,66.47774700013542,602112,14.13197300007596,0.34774200003084843,0.0870929998200154,48.68551099980323,802816,15.9016210000118,0.2075000002150773,0.055872999837447423,29.849142999864853,401408,24.949610000021494,0.14743600013389369,0.031707999823993305,2.61668799976178,200704,0.5808730002172524,0.10790499982249457,0.026679999791667797,0.0,100352
5,chain_5svc,30,99.27302100004454,85.60207200025616,13.67094899978838,2107392,4,29.10518899989256,0.2626049999889801,0.09114300019064103,66.68510700001207,602112,14.091326000198023,0.35842699981003534,0.11460999985501985,48.998820999713644,802816,16.18217499981256,0.264002000221808,0.03673700030049076,29.975346999890462,401408,25.708649000080186,0.18095999985234812,0.02968199987662956,2.2657340000478143,200704,0.5147330002728268,0.08869900011632126,0.020463999589992454,0.0,100352
5,chain_5svc,31,97.85502500017174,84.27480199952697,13.580223000644764,2107392,4,28.852711000126874,0.29745599977104575,0.2362750001339009,65.62518900000214,602112,14.052423000066483,0.33796399975472013,0.1215950001096644,48.094162000325014,802816,16.550520999771834,0.21196900024733623,0.05328899987944169,28.93596300009449,401408,24.325365999629867,0.14177800039760768,0.03568900001482689,2.3732199997539283,200704,0.49378099993191427,0.09191199978886289,0.02053300022453186,0.0,100352
5,chain_5svc,32,97.16240599982484,83.55235999988508,13.610045999939757,2107392,4,28.803123999750824,0.29026199990767054,0.24528400035706,64.93291900005715,602112,13.728078999974969,0.3526310001689126,0.08820999983072397,47.43394900015119,802816,15.717868000137969,0.20149299962213263,0.05943499991190038,29.260098000122525,401408,24.856091999936325,0.15099700021892204,0.03010199998243479,2.274742999816226,200704,0.44719700008499785,0.08800000023256871,0.020323999706306495,0.0,100352
5,chain_5svc,33,96.9419149996611,83.14008400066086,13.80183099900023,2107392,4,28.572507000262704,0.3462049999143346,0.08674299988342682,64.55647199982195,602112,13.589862000117137,0.36632000001191045,0.08590500010541291,47.631111000100645,802816,15.976212000168744,0.2150430000256165,0.03478099961284897,28.965715000140335,401408,24.56548100008149,0.13116199988871813,0.030450999929598765,2.325449000181834,200704,0.43602200003078906,0.08492799997839029,0.019206000160920667,0.0,100352
5,chain_5svc,34,98.0492549997507,84.66563499996482,13.383619999785878,2107392,4,29.127468999831763,0.26148699998884695,0.2320839998901647,65.74357099998451,602112,14.165497000249161,0.34571699961816194,0.09037500012709643,48.04694899985407,802816,15.594527999837737,0.22810300015407847,0.03666700013127411,29.727478999575396,401408,25.342188999729842,0.14136000027065165,0.031988000046112575,2.4365659996874456,200704,0.43595200031631975,0.09861599983196356,0.018647999695531325,0.0,100352
5,chain_5svc,35,98.34748000002946,84.41315900017798,13.93432099985148,2107392,4,29.73432299995693,0.28865600006611203,0.0935179996304214,65.0913199997376,602112,13.809654000397131,0.33586799963813974,0.08897899988369318,47.916693999923154,802816,15.517073999944841,0.21462299991981126,0.03485099978206563,29.752272999758134,401408,24.875857000097312,0.14883299991197418,0.03275600010965718,2.4316070002896595,200704,0.47625099978176877,0.119498999993084,0.02025399999183719,0.0,100352
5,chain_5svc,36,97.84070899968356,83.54502700012745,14.295681999556109,2107392,4,28.837906000262592,0.27328999976816704,0.1544899996588356,65.70418100000097,602112,13.921750000008615,0.34822999987227377,0.09009599989440176,48.07146400025886,802816,15.457149000212667,0.27503699993758346,0.03624800001489348,29.64359899988267,401408,24.835977999828174,0.1582610002515139,0.0295429999823682,2.4958619997050846,200704,0.49224399981540046,0.09177199990517693,0.021302000277501065,0.0,100352
5,chain_5svc,37,97.2016580003583,83.46072800031834,13.740930000039953,2107392,4,29.15135500006727,0.2757349998319114,0.17809600012697047,64.63050599995768,602112,13.933344000179204,0.3575189998628048,0.09065499989446835,47.077896000246255,802816,15.326266000101896,0.1913659998535877,0.03715599996212404,29.139901000235113,401408,24.59502400006386,0.13821699985783198,0.031009999929665355,2.452560000165249,200704,0.45473899990611244,0.09351800008516875,0.023537000288342824,0.0,100352
5,chain_5svc,38,97.30963299989526,83.82599999958984,13.483633000305417,2107392,4,28.633758999603742,0.2528270001675992,0.10860300017156987,65.23484499984988,602112,13.67541900026481,0.39006499991955934,0.09163200002149097,48.176366000006965,802816,15.588171999752376,0.20777900044777198,0.055594000059500104,29.956769000364147,401408,25.488088999736647,0.1439440002286574,0.030591000268032076,2.1749389998149127,200704,0.44056100023226463,0.09044499984156573,0.02039399987552315,0.0,100352
5,chain_5svc,39,97.50176699981239,84.01513299941143,13.486634000400954,2107392,4,28.89985499996328,0.2852330003406678,0.2059630000985635,65.1381150000816,602112,13.520579999749316,0.37323300011848914,0.08806999994703801,48.33804999998392,802816,16.34364999972604,0.2079189998767106,0.05873600002814783,29.345026000100916,401408,24.755939999977272,0.13158100000509876,0.031428000056621386,2.4042989998633857,200704,0.49510799999552546,0.09589299997969647,0.020043999938934576,0.0,100352
5,chain_5svc,40,97.44023699977333,83.88236200016763,13.557874999605701,2107392,4,28.522850000172184,0.3612209998209437,0.14946099963708548,65.4208330001893,602112,13.806650999867998,0.34376099984001485,0.09351800008516875,48.11057599999913,802816,16.054505000283825,0.20917599977110513,0.03659699996205745,29.57375799996953,401408,24.8929690001205,0.1449910000701493,0.03052099964406807,2.6798250000865664,200704,0.6053869997231232,0.11153700006616418,0.028636000024562236,0.0,100352
5,chain_5svc,41,97.35970999963683,83.03609100039466,14.323618999242171,2107392,4,28.679993999958242,0.26462999994691927,0.173486000221601,65.35699799997019,602112,13.604529000076582,0.3825920002782368,0.09156299984169891,48.35229799982699,802816,15.491092000047502,0.22481999985757284,0.055455000165238744,29.851238999981433,401408,24.65061800012336,0.14589900001737988,0.0309399997604487,2.8239779999239545,200704,0.6098580001889786,0.11209600006623077,0.026678999802243197,0.0,100352
5,chain_5svc,42,98.11916800026665,83.63596099979986,14.483207000466791,2107392,4,28.36996599990016,0.27203300032851985,0.17369699980918085,66.17051400007767,602112,13.549005000186298,0.3631069998846215,0.08904800006348523,49.15352099988013,802816,16.09578199986572,0.21259799996187212,0.03659699996205745,30.347743000220362,401408,25.050181999631604,0.16056599997682497,0.04679400035456638,2.617735000058019,200704,0.5710260002160794,0.11684499986586161,0.028355999802442966,0.0,100352
5,chain_5svc,43,96.35517700007767,83.17046599950118,13.184711000576499,2107392,4,28.48639199964964,0.32106200023918063,0.11104900022473885,64.49061200009965,602112,13.829278999764938,0.34969800026374287,0.08730199988349341,47.270380000099976,802816,15.528038999946148,0.18382300004304852,0.03904100003637723,29.196613000294747,401408,24.726396999994904,0.14973999986978015,0.030590000278607477,2.502286999970238,200704,0.600359000145545,0.10811499987539719,0.027238000257057138,0.0,100352
5,chain_5svc,44,98.24704799984829,84.84456999985923,13.40247799998906,2107392,4,28.331482999874424,0.2594620000309078,0.17788700006349245,66.64634599974306,602112,14.315028000055463,0.4340659997978946,0.0857659997564042,48.87478299997383,802816,16.16003599974647,0.21420400025817798,0.04476899994187988,30.011803999968834,401408,25.589570000192907,0.15693399973315536,0.04204400011076359,2.148747999854095,200704,0.4484529999899678,0.09442600003239932,0.0203940003302705,0.0,100352
5,chain_5svc,45,100.04763699998875,86.15424199979316,13.893395000195596,2107392,4,28.62740299997313,0.2911000001404318,0.07857199989302899,68.17127000022083,602112,15.925367999898299,0.3590559999793186,0.08981700011645444,48.70793200007029,802816,16.12588299985873,0.21217900030023884,0.05531499982680543,29.94147499975952,401408,24.898137000036513,0.16608400028417236,0.03052100009881542,2.882995000163646,200704,0.5774510000264854,0.11824200009868946,0.027727000087907072,0.0,100352
5,chain_5svc,46,98.46753900001204,84.9482870007705,13.519251999241533,2107392,4,28.503992999958427,0.279506999959267,0.08583499993619625,66.5741299999354,602112,13.5741480003162,0.3583579996302433,0.09191099979943829,49.549734000265744,802816,16.738605000227835,0.27266200004305574,0.05866699984835577,29.78041899996242,401408,25.690351000321243,0.14066099993215175,0.03666699967652676,2.106424999965384,200704,0.4411899999468005,0.09302900025431882,0.02053400021395646,0.0,100352
5,chain_5svc,47,99.81429700019362,85.38284299947918,14.431454000714439,2107392,4,28.79020499995022,0.2843950001079065,0.17153099997813115,67.53613000000769,602112,14.694687999963207,0.4552279997369624,0.09700999999040505,49.13997299991024,802816,15.604864999659185,0.22042000000510598,0.03485100023681298,30.8909020000101,401408,25.66772199998013,0.1524650001556438,0.037225999676593347,2.9225250000308733,200704,0.6253629999264376,0.1125150001826114,0.026609000087773893,0.0,100352
5,chain_5svc,48,98.68209299975206,85.0334940000721,13.648598999679962,2107392,4,28.27204899995195,0.2573659999143274,0.19213399991713231,67.0030979999865,602112,14.37984200038045,0.39062399991962593,0.0899560000107158,49.06552200009173,802816,16.555968999909965,0.23145499972088146,0.03443200012043235,29.994205000093643,401408,25.380532999861316,0.14031199998498778,0.03708600024765474,2.3999000000003434,200704,0.44510099996841745,0.10322599973733304,0.022698000066156965,0.0,100352
5,chain_5svc,49,98.43981299991356,83.51778999985981,14.922023000053741,2107392,4,28.667980999671272,0.3028340001947072,0.20317000007707975,66.45868099985819,602112,13.642174000324303,0.3824529999292281,0.11034899989681435,49.07089900007122,802816,15.510159999848838,0.22733400010110927,0.03757400008908007,30.945098999836773,401408,25.069668000014644,0.23487799990107305,0.031429000046045985,2.927133999946818,200704,0.6278070000007574,0.12103499966542586,0.028146000204287702,0.0,100352
5,chain_5svc,50,98.90426000038133,84.89269299889202,14.011567001489311,2107392,4,28.57320599969171,0.27748100001190323,0.1769790001162619,66.83806200044273,602112,14.854136999929324,0.3376839999873482,0.08632400022179354,48.36612700000842,802816,15.894707999905222,0.21169000001464156,0.03694599990922143,29.616920000080427,401408,24.941647999639827,0.12396900001476752,0.03052100009881542,2.60823700000401,200704,0.6289939997259353,0.13039500026934547,0.028216000373504357,0.0,100352
5,chain_5svc,51,98.11169700014943,85.01847899970016,13.09321800044927,2107392,4,28.425351999885606,0.2667949997885444,0.12264199995115632,66.60744500004512,602112,14.319917999728204,0.3445290003583068,0.10043200018117204,49.023127000054956,802816,16.4176119997137,0.1974420001715771,0.03890200014211587,29.997557000115194,401408,25.241688000278373,0.12809000008928706,0.031987999591365224,2.624441000079969,200704,0.6139090000942815,0.13053400016360683,0.02486299990778207,0.0,100352
5,chain_5svc,52,98.18754499974602,85.33667699930447,12.850868000441551,2107392,4,29.175730999668303,0.30031899996174616,0.07864100007282104,65.94241200036777,602112,13.891787999909866,0.336356999923737,0.0963120000960771,48.84719599976961,802816,16.64424799992048,0.210224000056769,0.03631799972936278,29.46389699991414,401408,25.189167999997153,0.147714999911841,0.03345400000398513,2.06375100015066,200704,0.4357419998086698,0.09435599986318266,0.01871800031949533,0.0,100352
5,chain_5svc,53,96.56945200003975,82.86050900005648,13.708942999983265,2107392,4,28.14584499992634,0.2609990001474216,0.14589900001737988,65.3813040003115,602112,13.828930000272521,0.3480909999780124,0.08786099988356,48.14843100029975,802816,15.641811000023154,0.21350599990910268,0.05384800033425563,29.656730000169773,401408,24.651736000123492,0.12487699996199808,0.029054000151518267,2.674237999599427,200704,0.5921869997109752,0.1258550000784453,0.02472400001352071,0.0,100352
5,chain_5svc,54,98.90852000035011,84.32676500024172,14.581755000108387,2107392,4,29.161762000057934,0.3326559999550227,0.16433700011475594,66.18092200005776,602112,13.940747000106057,0.41031999990082113,0.10015299994847737,48.33092700027919,802816,15.635874000054173,0.2174169999307196,0.03666700013127411,29.97834999996485,401408,25.123446000179683,0.13577300023825956,0.03191799987689592,2.376503000050434,200704,0.464935999843874,0.09819700017033028,0.020184000277367886,0.0,100352
5,chain_5svc,55,98.53011900031561,84.17632700002287,14.353792000292742,2107392,4,29.050993000055314,0.2934750000349595,0.1750930000525841,65.95170199989298,602112,13.803786999687873,0.41416100020796875,0.08583599992562085,48.409429000003,802816,15.928371000427433,0.23990599993339856,0.03666699967652676,29.858222999791906,401408,24.900162999983877,0.12445799984561745,0.036178000300424173,2.8399719999470108,200704,0.49301299986836966,0.09610200004317448,0.028076000035071047,0.0,100352
5,chain_5svc,56,98.25494300002902,84.41714200034767,13.837800999681349,2107392,4,28.441276000194193,0.2720329998737725,0.16056599997682497,66.32409700023345,602112,14.064926000173728,0.39746899983583717,0.08492699998896569,48.790555000323366,802816,16.081812999800604,0.1833350002016232,0.03534000006766291,30.26449200024217,401408,25.37005800013503,0.14778500008105766,0.03401300000405172,2.498027000001457,200704,0.45906900004411,0.08960700006355182,0.01941599975907593,0.0,100352
5,chain_5svc,57,98.12573599992902,84.47944099998494,13.646294999944075,2107392,4,29.07543799983614,0.31337900009020814,0.21490300014193053,65.80203100020299,602112,13.971895999929984,0.4204470001241134,0.09107400001084898,48.18789099999776,802816,16.23728200002006,0.2115500001309556,0.034781000067596324,29.267712000091706,401408,24.586224999893602,0.12327000013101497,0.05440699987957487,2.6002049999078736,200704,0.6086000003051595,0.11495899980218383,0.019765999695664505,0.0,100352
5,chain_5svc,58,97.1203650001371,83.16669799978627,13.953667000350833,2107392,4,28.530533999855834,0.26840100008485024,0.08394899987251847,65.47286699969845,602112,13.652370999807317,0.37560900000244146,0.08967700023276848,48.097515999870666,802816,15.876758999638696,0.21203899996180553,0.03673700030049076,29.521936000037385,401408,24.462395000227843,0.13262899983601528,0.030031999813218135,2.829216999998607,200704,0.644639000256575,0.12347999972917023,0.02856499986592098,0.0,100352
5,chain_5svc,59,96.96943700009797,82.9101700001047,14.05926699999327,2107392,4,28.9734689999932,0.30674499976157676,0.17690899994704523,64.65474200012977,602112,13.563882000198646,0.4303649998291803,0.11167599996042554,47.37716899990119,802816,15.416782000102103,0.27482699988468084,0.03680600002553547,29.111616000136564,401408,24.48209099975429,0.1264140000785119,0.03052000010939082,2.4531189997105685,200704,0.4739460000564577,0.10937199976979173,0.019765000160987256,0.0,100352
5,chain_5svc,60,96.22625200017865,82.78808500017476,13.438167000003887,2107392,4,28.578165999988414,0.27196299970455584,0.1910870000756404,64.46889400012878,602112,13.49857900004281,0.41828199982774095,0.1146800000242365,47.318431999883614,802816,15.404070000386128,0.24144299959516502,0.034361999951215694,29.076486000121804,401408,24.852250999629177,0.14080100027058506,0.031429000046045985,2.1525899996959197,200704,0.4550190001282317,0.08786099988356,0.021581000055448385,0.0,100352
5,chain_5svc,61,98.1624030000603,84.34220200024356,13.820200999816734,2107392,4,29.60008900026878,0.2785980000226118,0.17530300010548672,65.23121600002924,602112,13.954435999949055,0.39432599987776484,0.09603200032870518,47.576007999850844,802816,15.568268000151875,0.18459100010659313,0.037225999676593347,29.614337000111846,401408,24.662770999839267,0.15958799986037775,0.03149900021526264,2.6815009996425943,200704,0.5566380000345816,0.12613399985639262,0.02039399987552315,0.0,100352
5,chain_5svc,62,98.91459699974803,85.24672100020325,13.667875999544776,2107392,4,28.51684400002341,0.27042699957746663,0.19450900026640738,66.98759400023846,602112,14.22521200038318,0.5210889999034407,0.10636899969540536,48.90076500032592,802816,16.058765999787283,0.2200020003328973,0.03771399997276603,30.316874000163807,401408,25.84693700009666,0.12592399980349,0.03911200019501848,2.663271999608696,200704,0.5989619999127171,0.1095810002880171,0.028077000024495646,0.0,100352
5,chain_5svc,63,97.73203900022054,83.05893200031278,14.673106999907759,2107392,4,28.995120000217867,0.2571569998508494,0.16845799973452813,65.23254200010342,602112,13.496135999957914,0.4058499998791376,0.09149200013780501,48.07321199996295,802816,15.412870000091061,0.2179759999307862,0.03624800001489348,29.704012999900442,401408,24.530352000056155,0.12983500027985428,0.03051999965464347,2.823349999744096,200704,0.6244539999897825,0.11405200029912521,0.02814599974954035,0.0,100352
5,chain_5svc,64,99.67245000007097,84.98488499935775,14.68756500071322,2107392,4,28.653174999817566,0.25569099989297683,0.18165800020142342,67.50993900004687,602112,13.825648999954865,0.39698000000498723,0.10161899990634993,49.96759700043185,802816,16.000867000002472,0.21748699964518892,0.03387300012036576,31.13513900007092,401408,25.850707999779843,0.14450300022872398,0.03149900021526264,2.9108610001458146,200704,0.6544859998030006,0.12152499994044774,0.0295429999823682,0.0,100352
5,chain_5svc,65,98.21052400002372,84.65851499977362,13.55200900025011,2107392,4,29.481777000000875,0.25862399979814654,0.11307300019325339,65.4896309997639,602112,13.663755000379751,0.40473199987900443,0.09100399984163232,48.13187900026605,802816,16.02957199975208,0.21385499985626666,0.040439000258629676,29.398386000139,401408,24.944302999756474,0.14198799999576295,0.03052100009881542,2.4280459997498838,200704,0.5391079998844361,0.13151100029062945,0.01913699998112861,0.0,100352
5,chain_5svc,66,96.94841700002144,83.10677500003294,13.841641999988497,2107392,4,28.137674999925366,0.3010169998560741,0.19932800023525488,65.58559299992339,602112,13.647761999891372,0.4189100000075996,0.09316900013800478,48.181676999774936,802816,15.706764000242401,0.19353100014996016,0.03708599979290739,29.695563000132097,401408,25.03537700022207,0.14177799994286033,0.03052100009881542,2.4686940000719915,200704,0.5791969997517299,0.11447000042608124,0.02402600011919276,0.0,100352
5,chain_5svc,67,96.2317010003062,82.78047399926436,13.451227001041843,2107392,4,27.956505000020115,0.3347510000821785,0.08695299993632943,64.78911900012463,602112,13.696231999801967,0.439933000052406,0.08527599993612967,47.671412999989116,802816,15.619181999682041,0.213855000311014,0.03708600024765474,29.38595500017982,401408,25.08217100012189,0.13702899968848214,0.045326999952521874,2.18192399961481,200704,0.4263839996383467,0.09442600003239932,0.01843800009737606,0.0,100352
5,chain_5svc,68,94.65698099984365,80.77936900008353,13.87761199976012,2107392,4,27.598845999818877,0.31575399998473586,0.21427400042739464,63.66550599977927,602112,13.207618999786064,0.4593489998114819,0.08883900000000722,46.71807400018224,802816,15.200552000351308,0.2220259998466645,0.03925099963453249,28.81534800008012,401408,24.1227550000076,0.12403900018398417,0.029333999918890186,2.622974000132672,200704,0.6495970001196838,0.10713800020312192,0.03149899976051529,0.0,100352
5,chain_5svc,69,94.36266700004126,81.21553199953269,13.14713500050857,2107392,4,30.068237999785197,0.31708100004834705,0.14645800001744647,60.79578099979699,602112,12.973441000212915,0.43176100007258356,0.0998030000118888,44.337380999877496,802816,14.351835000070423,0.20163299996056594,0.03569000000425149,27.51384799967127,401408,23.38054799974998,0.12438800013114815,0.029054000151518267,2.257143999941036,200704,0.44146999971417245,0.11265400007687276,0.018367999928159406,0.0,100352
5,chain_5svc,70,89.94050200044512,76.93291100031274,13.00759100013238,2107392,4,26.42452800000683,0.2469599999130878,0.08352999975613784,60.48191299987593,602112,12.680244999955903,0.43895499993595877,0.08625500004200148,44.38466300007349,802816,14.377678000073502,0.2700770000956254,0.03485100023681298,27.07314799999949,401408,22.92399399993883,0.12110499983464251,0.028076000035071047,2.276628999879904,200704,0.5264660003376775,0.13737900007981807,0.016692999906808836,0.0,100352
5,chain_5svc,71,89.72140900004888,77.06609699971523,12.655312000333652,2107392,4,26.105350999841903,0.2446549997330294,0.21406500036391662,60.543513000084204,602112,12.721033000161697,0.48986899992087274,0.10937199976979173,44.20426299975588,802816,14.36077500011379,0.18850300011763466,0.03177799999320996,27.77617299989288,401408,23.368954999568814,0.14869300002828822,0.026749000426207203,2.3252390001289314,200704,0.509983000029024,0.12208399994051433,0.017740000203048112,0.0,100352
5,chain_5svc,72,90.19870700012689,77.31585200099289,12.882854999133997,2107392,4,26.62650999991456,0.2737790000537643,0.19255400002293754,60.277066999788076,602112,12.217334000069968,0.3800089998549083,0.08960700006355182,44.78038699971876,802816,14.611018000323384,0.22586799968848936,0.05245099964668043,27.62126499965234,401408,23.385438000332215,0.12592399980349,0.032405999718321254,2.318534000096406,200704,0.47555200035276357,0.09924500000124681,0.021440999717015075,0.0,100352
5,chain_5svc,73,90.79571400025088,77.0690299996204,13.726684000630485,2107392,4,26.21709799996097,0.2504519998183241,0.08178400003089337,61.438114999873505,602112,12.49055500011309,0.3784719997383945,0.09959399994841078,45.441019000008964,802816,14.750141999684274,0.21560200002568308,0.03687700018417672,28.014124000037555,401408,23.034691999782808,0.15497900039918022,0.028355999802442966,2.6892539999607834,200704,0.5765430000792549,0.11195700017196941,0.027097999918623827,0.0,100352
5,chain_5svc,74,89.58067899993694,75.74727700011863,13.833401999818307,2107392,4,25.686021999717923,0.2528270001675992,0.08038700025281287,60.56390699995973,602112,12.618504999863944,0.4102499997316045,0.08401900004173513,44.29840900002091,802816,14.001789000303688,0.276642999779142,0.055732999953761464,27.398888999869087,401408,23.013111000182107,0.12082600005669519,0.02912399986598757,2.2957659998610325,200704,0.42785000005096663,0.08332200013683178,0.018507999811845366,0.0,100352
5,chain_5svc,75,88.78203899985238,75.17038500009221,13.611653999760165,2107392,4,25.447092999911547,0.25806499979807995,0.11216600023544743,59.9674589998358,602112,12.302959999942686,0.40151999974114005,0.08681300005264347,43.95856000019194,802816,14.19378400032656,0.22328399973048363,0.03345400000398513,27.01322299981257,401408,22.814831000232516,0.12585499962369795,0.02912399986598757,2.1143869998923037,200704,0.41171699967890163,0.08394900032726582,0.018648000150278676,0.0,100352
5,chain_5svc,76,89.51090700020359,76.24804199986102,13.262865000342572,2107392,4,25.952606999908312,0.30716400033270475,0.1461090000702825,60.29026799978965,602112,12.444110000160435,0.4846309998356446,0.09645199997976306,43.944592000116245,802816,14.311607000308868,0.23124599965740344,0.0548959997104248,27.420400999744743,401408,22.948088999783067,0.1295570000365842,0.03052000010939082,2.534064999963448,200704,0.5916289997003332,0.1750230003381148,0.030032000267965486,0.0,100352
5,chain_5svc,77,89.64151200007109,76.71193100031815,12.929580999752943,2107392,4,26.20347899983244,0.26435100016897195,0.07752400006211246,60.38720799961084,602112,12.463107000257878,0.4159770001024299,0.08758099966144073,44.24728599997252,802816,14.04977099991811,0.2086869999402552,0.034781000067596324,27.597869000146602,401408,23.431672000242543,0.12173400000392576,0.032825999824126484,2.4206429998230306,200704,0.5639020000671735,0.11475000019345316,0.030031999813218135,0.0,100352
5,chain_5svc,78,89.09025200000542,75.4446539995115,13.64559800049392,2107392,4,25.39897299993754,0.2664459998413804,0.07570800016765133,60.605113999827154,602112,12.233677000040188,0.4136029997425794,0.08681300005264347,44.58713599979092,802816,14.254475999678107,0.24158299993359833,0.03233699999327655,27.828764999867417,401408,22.98545399980867,0.13814700014336267,0.029054000151518267,2.6912789999187225,200704,0.5720740000469959,0.11377200007700594,0.026260000140609918,0.0,100352
5,chain_5svc,79,90.04093700013982,76.94038500039824,13.100551999741583,2107392,4,26.436890000240965,0.2853030000551371,0.0815049997981987,60.04666100034228,602112,12.32908200017846,0.4417479999574425,0.09351800008516875,44.187921000229835,802816,14.717248000124528,0.2227949998996337,0.0337330002366798,26.94708300032289,401408,22.993066999788425,0.12250200006747036,0.028705000204354292,2.226761999736482,200704,0.4640980000658601,0.10769600021376391,0.018229000033898046,0.0,100352
5,chain_5svc,80,89.49058400003196,76.19286899898725,13.297715001044708,2107392,4,26.14138999979332,0.27552600022318074,0.08290200003102655,60.45621099974596,602112,12.827331999687885,0.4164649999438552,0.09058500017999904,43.97085199980211,802816,13.791984999897977,0.18424200015942915,0.034781000067596324,27.693342000020493,401408,22.857015999761643,0.12208299995108973,0.029054000151518267,2.6972160003424506,200704,0.575145999846427,0.16203199993469752,0.025771999844437232,0.0,100352
5,chain_5svc,81,89.95063100019252,76.04173000027004,13.90890099992248,2107392,4,25.80552200015518,0.3103059998466051,0.20498499998211628,61.13346599977376,602112,12.3461920002228,0.39320899986705626,0.0843689999783237,45.134555000004184,802816,14.38053999982003,0.22321400001601432,0.03534000006766291,28.029211000102805,401408,22.930138999981864,0.1215950001096644,0.030032000267965486,2.8834139998252795,200704,0.5793370000901632,0.1138420002462226,0.028355999802442966,0.0,100352
5,chain_5svc,82,90.0780219999433,77.02077099929738,13.05725100064592,2107392,4,25.81774400005088,0.3166619999319664,0.17809599967222312,60.82707099994877,602112,12.03644399993209,0.383501000214892,0.1048320000336389,45.41392100009034,802816,15.362305000053311,0.22635699997408665,0.032266999824059894,27.298248000079184,401408,23.370281999632425,0.14219700005924096,0.03094000021519605,1.9018580001102237,200704,0.43399599962867796,0.08772099999987404,0.027448000309959752,0.0,100352
5,chain_5svc,83,88.69459800007462,75.54809099974591,13.146507000328711,2107392,4,26.032157999907213,0.29989999984536553,0.11873100038428674,59.635991000050126,602112,12.000964999970165,0.4188400002931303,0.08737199959796271,44.415674000447325,802816,14.108856999882846,0.19995599996036617,0.03715600041687139,27.779525999903854,401408,22.81050099963977,0.12732100003631786,0.029124000320734922,2.76587100006509,200704,0.5956100003459142,0.11691500003507826,0.02814599974954035,0.0,100352
5,chain_5svc,84,89.78768999986642,75.54250099974524,14.245189000121172,2107392,4,25.711095000133355,0.37009199968451867,0.08171499985110131,60.777832999974635,602112,12.094412999886117,0.41821200011327164,0.08946700017986586,45.132180000109656,802816,14.231987000130175,0.216648999867175,0.03485099978206563,28.0167790001542,401408,22.84709799960183,0.12180400017314241,0.035898000078304904,2.884390999952302,200704,0.6579079999937676,0.12264199995115632,0.030312000035337405,0.0,100352
5,chain_5svc,85,88.98688499994023,75.24574599938205,13.741139000558178,2107392,4,25.374667999585654,0.32287800013364176,0.11544800008778111,59.987015000388055,602112,12.144000999796845,0.41478999992250465,0.10078100012833602,43.9994180001122,802816,14.257131000249501,0.2137149999725807,0.03359399988767109,26.95420700001705,401408,22.977841999818338,0.14296600011221017,0.028565000320668332,2.0826790000683104,200704,0.4921039999317145,0.09589299997969647,0.025772000299184583,0.0,100352
5,chain_5svc,86,90.29425200014884,76.07357799952297,14.220674000625877,2107392,4,25.558561000252666,0.3181289998792636,0.0865339998199488,61.598193000008905,602112,12.624023000171292,0.4221229996801412,0.08695299993632943,45.26327199982916,802816,13.95373799959998,0.18941100006486522,0.03149800022583804,28.718199000195455,401408,23.298413999782497,0.1447820000066713,0.030031999813218135,3.1495809998887125,200704,0.6388419997165329,0.11859100004585343,0.03052100009881542,0.0,100352
5,chain_5svc,87,89.34768800008897,77.35971300053279,11.987974999556172,2107392,4,26.349309000124777,0.29563899988716,0.11188600001332816,60.07166400013375,602112,12.206998000237945,0.40305599986822926,0.08485799980917363,44.52546600032292,802816,15.354343000126391,0.23075700028130086,0.03247699987696251,26.723730999947293,401408,23.002705000180868,0.12110599982406711,0.029753000035270816,2.138202999958594,200704,0.446357999862812,0.09868699999060482,0.018926999928225996,0.0,100352
5,chain_5svc,88,90.35571399999753,77.50589299985222,12.849821000145312,2107392,4,26.67533000021649,0.307931999941502,0.08115599985103472,60.59191500025918,602112,12.701616999947873,0.40689699972062954,0.08555600015824893,44.25999700015382,802816,14.41776599995137,0.27769100006480585,0.03485099978206563,27.51105600009396,401408,23.20426899996164,0.16601399966020836,0.028355000267765718,2.1843679996891296,200704,0.5069109997748455,0.09875600017039687,0.023816000066290144,0.0,100352
5,chain_5svc,89,89.8953870000696,75.98914099980902,13.90624600026058,2107392,4,26.194190999831335,0.39774900005795644,0.17167000032713986,60.508454000228085,602112,12.07213399993634,0.4028470002594986,0.08806999994703801,44.76683900020362,802816,13.895280999804527,0.2695890002542001,0.03317499977129046,27.98367400009738,401408,23.274040000160312,0.1454109997212072,0.027727000087907072,2.55767199996626,200704,0.5534950000765093,0.11440099979154184,0.018368999917584006,0.0,100352
5,chain_5svc,90,90.64660400008506,78.00267799984795,12.643926000237116,2107392,4,27.710454000043683,0.3281160002188699,0.20240100002411054,59.92995599990536,602112,12.450257000182319,0.3917419999197591,0.09156299984169891,44.37803000018903,802816,14.37383599977693,0.2256580000903341,0.034361999951215694,27.30690800035518,401408,22.930210000140505,0.14994999992268276,0.0309399997604487,2.265104999878531,200704,0.5379209997045109,0.1090230002773751,0.018508000266592717,0.0,100352
5,chain_5svc,91,90.82735399988451,77.34630400000242,13.481049999882089,2107392,4,26.208367999970505,0.3258820001974527,0.08129600018946803,61.40340499996455,602112,12.330129000019951,0.4092020003554353,0.08890899971447652,45.654386000023806,802816,14.206007000211684,0.244864999785932,0.0351300000147603,28.67936800021198,401408,24.027701999784767,0.14652800018666312,0.028355000267765718,2.609355000004143,200704,0.5740980000155105,0.11565799968593637,0.028146000204287702,0.0,100352
5,chain_5svc,92,89.87687900025776,76.81746399975964,13.05941500049812,2107392,4,25.924043000031816,0.33719599969117553,0.09302900025431882,60.90480600005321,602112,12.51898100008475,0.4426569998940977,0.08960600007412722,44.69259699999384,802816,13.978812000004837,0.2258680001432367,0.03345400000398513,28.125453000029665,401408,23.710899999969115,0.14233799993235152,0.028565000320668332,2.528058999814675,200704,0.6847279996691213,0.11775300026783952,0.02926400020442088,0.0,100352
5,chain_5svc,93,89.87345699961224,76.6798050003672,13.193651999245049,2107392,4,25.89345200021853,0.29989999984536553,0.14527099983752123,61.051123999732226,602112,12.441176999800518,0.4181429999334796,0.08869900011632126,44.737364999946294,802816,14.289398000073561,0.19450899981166003,0.032965000173135195,27.891552999790292,401408,23.478048000015406,0.1426859998900909,0.03149899976051529,2.5704529998620274,200704,0.5777300002591801,0.11551899979167501,0.026469999738765182,0.0,100352
5,chain_5svc,94,89.3617270003233,76.36216699984288,12.999560000480415,2107392,4,25.816137999754574,0.27098600003228057,0.16699100024197833,60.46410499993726,602112,12.567171000227972,0.40997099995365716,0.09156299984169891,44.226822999917204,802816,13.924266000231,0.1868959998319042,0.03568900001482689,27.98535100009758,401408,23.545794999790814,0.1412890001120104,0.0590859999647364,2.2442230001615826,200704,0.5087969998385233,0.11356300001352793,0.017808999928092817,0.0,100352
5,chain_5svc,95,90.75450899990756,77.1918840005128,13.562624999394757,2107392,4,26.805654000327195,0.28977299962207326,0.2552719997765962,60.76218899988817,602112,12.54482200010898,0.4009610001958208,0.08534699964002357,44.736736999766435,802816,13.861268000255222,0.19381099991733208,0.03680600002553547,28.227910999703454,401408,23.467431999961264,0.14534100000673789,0.03024099987669615,2.348985000026005,200704,0.5127079998601403,0.10664799992810003,0.017321000086667482,0.0,100352
5,chain_5svc,96,89.90355800006,76.3816520002365,13.521905999823502,2107392,4,26.319906000026094,0.3231569999115891,0.17474400010542013,60.53289900000891,602112,12.10551799977111,0.3795200000240584,0.0872320001690241,44.75559399998019,802816,14.149573999929999,0.2691699996830721,0.04665400001613307,27.69236499989347,401408,23.197634000098333,0.12320099995122291,0.028005999865854392,2.505291000034049,200704,0.6090200004109647,0.11628599986579502,0.02053299976978451,0.0,100352
5,chain_5svc,97,89.11755999997695,75.93606000000364,13.181499999973312,2107392,4,25.866702999792324,0.2943829999821901,0.16999499985104194,60.2717599999778,602112,12.101117999918642,0.4179330003353243,0.08667400015838211,44.732126999861066,802816,14.083225000376842,0.1885029996628873,0.03331399966555182,27.963489999820013,401408,23.2588140002008,0.16699199977665558,0.028636000024562236,2.49530400014919,200704,0.6261999997150269,0.1125150001826114,0.031988000046112575,0.0,100352
5,chain_5svc,98,90.9932290001052,78.28050899979644,12.712720000308764,2107392,4,26.84811900007844,0.248286999976699,0.07347300015680958,61.09337800035064,602112,12.547477000225626,0.3888779997396341,0.08660299999974086,45.17827700010457,802816,14.541176999955496,0.2181160002692195,0.03052000010939082,27.77386999969167,401408,23.906596999950125,0.13668000019606552,0.03051999965464347,1.9947480000155338,200704,0.4371389995867503,0.08967700023276848,0.019905000044673216,0.0,100352
5,chain_5svc,99,91.10092600030839,77.29902300070535,13.801902999603044,2107392,4,27.195371000289015,0.3896469997926033,0.21413500007838593,60.30577399997128,602112,12.03763200010144,0.37637700006598607,0.11733399969671154,44.54746700002943,802816,14.106482999977743,0.2096650000567024,0.034781000067596324,27.93632200018692,401408,23.549357000320015,0.1333979998889845,0.029053999696770916,2.2518360001413384,200704,0.41018000001713517,0.09819800015975488,0.019905000044673216,0.0,100352
5,chain_5svc,100,90.59611000020595,77.0536700001685,13.542440000037459,2107392,4,26.591170999836322,0.28481400022428716,0.16566500016779173,60.99734700001136,602112,12.21663600017564,0.4114379999009543,0.09826699988479959,45.12435900005585,802816,14.302249000138545,0.22901000011188444,0.03415299988773768,28.109389999826817,401408,23.38795300011043,0.144712000292202,0.03079999987676274,2.525055999740289,200704,0.555660999907559,0.12732100003631786,0.019905000044673216,0.0,100352
5,chain_5svc,101,89.21471199982989,75.55102500009525,13.663686999734637,2107392,4,25.794486999984656,0.2612079997561523,0.19541700021363795,60.27064399995652,602112,12.25532899979953,0.3968400001213013,0.08625500004200148,44.58462299999155,802816,14.111371000126383,0.2677729999049916,0.03219700010959059,27.968518999841763,401408,22.702665999986493,0.13179100005800137,0.02856600031009293,2.97818900025959,200704,0.6871720001981885,0.12543599996206467,0.0639049999335839,0.0,100352
5,chain_5svc,102,90.23251400003574,76.93619599922386,13.29631800081188,2107392,4,26.308591999622877,0.2576460001364467,0.19918800035156892,60.87589200024013,602112,12.465691999750561,0.414790000377252,0.09253999996872153,44.84995100028755,802816,14.425029999983963,0.27503699993758346,0.03289599999334314,27.71799700030897,401408,23.151189000145678,0.12306100006753695,0.029053999696770916,2.593151999917609,200704,0.5856929997207772,0.1167750001513923,0.026470000193512533,0.0,100352
5,chain_5svc,103,90.09688199967059,76.31628100034504,13.780600999325543,2107392,4,25.772556999982044,0.2853030000551371,0.14149899971016566,60.993574999884004,602112,12.529388000075414,0.4606060001606238,0.08869899966157391,44.924192000053154,802816,13.84317900010501,0.24388700012423215,0.03289599999334314,28.305504999934783,401408,23.574079999889364,0.14331500005937414,0.027588000193645712,2.5205860001733527,200704,0.5970770002932113,0.11405099985495326,0.02234899966424564,0.0,100352
5,chain_5svc,104,89.68006699979014,76.82710400013093,12.852962999659212,2107392,4,25.887516999773652,0.25506100018901634,0.15798200001881924,60.75632300007783,602112,12.593363000178215,0.3898559998560813,0.08779099971434334,44.71578499988027,802816,13.95806900018215,0.2347380000173871,0.06299699998635333,28.11490700014474,401408,23.801345000265428,0.14240700011214358,0.02856499986592098,2.272787000038079,200704,0.5868099997314857,0.10916200017163646,0.020043999938934576,0.0,100352
5,chain_5svc,105,89.76052399975742,76.22681400016518,13.533709999592247,2107392,4,26.129726999897684,0.2552709997871716,0.08827999999994063,60.59044899984656,602112,12.348009000106686,0.377074999960314,0.08730199988349341,44.579034999969736,802816,14.382356999703916,0.20435600026758038,0.033385000278940424,27.543741000044974,401408,22.78549800030305,0.15379099977508304,0.03569000000425149,2.714815999752318,200704,0.581223000153841,0.11328299979140866,0.027656999918690417,0.0,100352
5,chain_5svc,106,88.94735800004128,76.04438599992136,12.902972000119917,2107392,4,26.02321899985327,0.24514400001862668,0.0837400002637878,59.96131600022636,602112,12.217473999953654,0.41472000020803534,0.08674399987285142,44.2120170000635,802816,13.774245000149676,0.2185349999308528,0.05300999964674702,27.926265000132844,401408,23.514574999808247,0.16112499997689156,0.03387300012036576,2.3535939999419497,200704,0.5148730001565127,0.11635700002443627,0.01885699975900934,0.0,100352
5,chain_5svc,107,90.19228500028476,76.98690099960004,13.205384000684717,2107392,4,26.68832100016516,0.2554799998506496,0.09030599994730437,60.37980599967341,602112,12.399620999985927,0.3947449999941455,0.1026680001814384,44.515409000268846,802816,14.322502999675635,0.2839060002770566,0.03575900018404354,27.390299999751733,401408,23.020445999918593,0.12676200003625127,0.05301000010149437,2.388165999946068,200704,0.556009999854723,0.11663500026770635,0.029124000320734922,0.0,100352
5,chain_5svc,108,89.33958799980246,76.49821999939377,12.841368000408693,2107392,4,26.326121999773022,0.26728400007414166,0.16894700002012542,60.08584300025177,602112,12.216637000165065,0.4239390000293497,0.08779099971434334,44.64000699999815,802816,14.11137199966106,0.18948000024465728,0.033384000289515825,27.89043600023433,401408,23.431882999830123,0.12976600010006223,0.028705000204354292,2.2364710002875654,200704,0.4122059999644989,0.12445799984561745,0.01871699987532338,0.0,100352
5,chain_5svc,109,90.61231400028191,78.64766800048528,11.96464599979663,2107392,4,27.478858999984368,0.24849600004017702,0.16377900010411395,60.16183099973205,602112,12.471210000057908,0.4196780000711442,0.08346000004166854,44.46568200000911,802816,14.275639000061346,0.23173499994300073,0.03317399978186586,27.58397099978538,401408,23.999487000310182,0.128787999983615,0.028354999813018367,1.845426999807387,200704,0.42247300007147714,0.09442600003239932,0.018646999706106726,0.0,100352
5,chain_5svc,110,88.76891299996714,75.67380900036369,13.095103999603452,2107392,4,26.02552400003333,0.25953200020012446,0.0892569996722159,59.4744489999357,602112,12.23325900036798,0.4162559998803772,0.08702299965079874,43.741284999669006,802816,13.674720999915735,0.19946800011894084,0.03680600002553547,27.54688499999247,401408,23.146859999997105,0.17634999994697864,0.02856499986592098,2.5202369997714413,200704,0.5934450000495417,0.12543499997264007,0.028005999865854392,0.0,100352
5,chain_5svc,111,88.96048900032838,75.75482400034161,13.205664999986766,2107392,4,26.08747400017819,0.2507310000510188,0.16922599979807273,59.58577800038256,602112,12.015352000162238,0.39670099977229256,0.08974699994723778,44.07282300007864,802816,14.024349000010261,0.19946800011894084,0.03582899989851285,27.508611000030214,401408,23.136242999953538,0.16852799990374479,0.029054000151518267,2.3004459999356186,200704,0.49140600003738655,0.09673099975771038,0.02193000000261236,0.0,100352
5,chain_5svc,112,89.62021299976186,76.29749500028993,13.322717999471934,2107392,4,25.781984999866836,0.2769930001704779,0.19946800011894084,60.69709800021883,602112,12.574715000027936,0.39523400027974276,0.08960700006355182,44.8514179997801,802816,14.14629300006709,0.20673099970736075,0.032406000173068605,28.275264000058087,401408,23.218935999921086,0.14736600041942438,0.029053999696770916,2.7333240000189107,200704,0.5755660004069796,0.16489599966007518,0.02716799963309313,0.0,100352
5,chain_5svc,113,90.00252699979683,76.71060599977864,13.291921000018192,2107392,4,25.999262999903294,0.29487200026778737,0.08367100008399575,60.51348499977394,602112,12.226693999764393,0.3843389999929059,0.08443900014754036,44.77242699977069,802816,13.891997999962769,0.19849000000249362,0.033385000278940424,28.383098999711365,401408,24.024419999932434,0.15015899998616078,0.025771999844437232,2.2785149999435816,200704,0.5682310002157465,0.12096599994038115,0.028077000024495646,0.0,100352
5,chain_5svc,114,89.96676800006753,76.78484900088733,13.181918999180198,2107392,4,26.03020300011849,0.25904299991452717,0.11942999981329194,60.749480000140466,602112,12.158458000158134,0.33817299981819815,0.1006419997793273,45.17520499985039,802816,14.153486000395787,0.21574099991994444,0.03568900001482689,28.374997999890184,401408,23.78800600035902,0.14156899987938232,0.02856499986592098,2.6015319999714848,200704,0.6546959998559032,0.12969600038559292,0.02996200009874883,0.0,100352
5,chain_5svc,115,89.53584499977296,76.04347899996355,13.492365999809408,2107392,4,25.873477999994066,0.26337300005252473,0.16133400004036957,60.70953000016743,602112,12.003339999864693,0.3504649998831155,0.0991750002867775,45.180231999893294,802816,14.180864000081783,0.23669299980610958,0.03289599999334314,28.159118000075978,401408,23.44410500018057,0.12836899986723438,0.0295429999823682,2.619272000174533,200704,0.5416919998424419,0.11530900019351975,0.02570100014054333,0.0,100352
5,chain_5svc,116,89.59437199973763,76.45833900051002,13.13603299922761,2107392,4,26.446948000284465,0.27699199972630595,0.09917499983203015,59.95775500014133,602112,12.224528999922768,0.3768649999074114,0.08681300005264347,44.43502200001603,802816,14.167523999731202,0.21678900020560832,0.03387300012036576,27.69543899967175,401408,23.135824000291905,0.17481399981988943,0.0295429999823682,2.4153349995685858,200704,0.4835140002796834,0.1131439998971473,0.02290800011905958,0.0,100352
5,chain_5svc,117,89.20339799988142,76.47950299997319,12.723894999908225,2107392,4,25.54892399984965,0.27636400000119465,0.19660399993881583,60.51152899999579,602112,12.846748999891133,0.36282700011724955,0.08527599993612967,44.335916000363795,802816,14.572396999938064,0.2087569996547245,0.033384000289515825,27.456159999928786,401408,22.953468000196153,0.1469469998482964,0.02912399986598757,2.403461000085372,200704,0.5579650000981928,0.1313019997724041,0.01829899974836735,0.0,100352
5,chain_5svc,118,89.36794500004908,75.76257600021563,13.605368999833445,2107392,4,26.284845000191126,0.2533159999984491,0.16992499968182528,59.984643000007054,602112,12.077093000243622,0.3942559997085482,0.08639399993626284,44.18484899997566,802816,14.09495899997637,0.19974699989688816,0.03429200023674639,27.288540999961697,401408,22.890819999702217,0.1572830001350667,0.029613000151584856,2.0944819998476305,200704,0.4148590001022967,0.09156299984169891,0.018648000150278676,0.0,100352
5,chain_5svc,119,90.86995999996361,77.67854399935459,13.191416000609024,2107392,4,25.76675999989675,0.26491000016903854,0.08080699990387075,62.00502299998334,602112,14.298826999947778,0.4018690001430514,0.08339100031662383,44.085604999963834,802816,13.91595499990217,0.1905280000755738,0.05496499989021686,27.898816999822884,401408,23.11738599973978,0.14289600039774086,0.028635000035137637,2.565842999956658,200704,0.5796159998681105,0.12215300012030639,0.0274479998552124,0.0,100352
5,chain_5svc,120,91.5130630000931,78.45315700024003,13.059905999853072,2107392,4,26.340090000303462,0.26581799966152175,0.14631899966843775,62.09428100009973,602112,13.154610000128741,0.3646430000117107,0.0942169999689213,45.40260899966597,802816,14.26257799994346,0.22035099982531392,0.03499100012049894,28.77686800002266,401408,24.045094000030076,0.1812390000850428,0.028146000204287702,2.477493999776925,200704,0.6507849998342863,0.12920700009999564,0.029613000151584856,0.0,100352
5,chain_5svc,121,90.77085599983548,77.66213100012465,13.10872499971083,2107392,4,26.480333000108658,0.2978050001729571,0.08248299991464592,61.167482000200835,602112,12.508853999861458,0.3597550003178185,0.08918799994717119,45.11989000002359,802816,14.121497999894927,0.2109920001203136,0.03771499996219063,28.41208399968309,401408,23.896400000012363,0.18605800005389028,0.029055000140942866,2.612568000131432,200704,0.6550460002472391,0.1208959997711645,0.029611999707412906,0.0,100352
5,chain_5svc,122,90.35802200014587,77.15906199928213,13.198960000863735,2107392,4,26.967547999902308,0.311005000185105,0.19227400025556562,60.260658000061085,602112,12.24268799978745,0.38273200016192277,0.08527699992555426,44.74938000021211,802816,14.033637000011367,0.21497299985639984,0.03429300022617099,28.355302999898413,401408,23.289825999654568,0.19227400025556562,0.028635000035137637,2.821883000251546,200704,0.6253629999264376,0.11970800005656201,0.027097999918623827,0.0,100352
5,chain_5svc,123,89.64759299988145,75.9859999998298,13.661593000051653,2107392,4,25.88500199999544,0.279367000075581,0.08890899971447652,60.629003000030934,602112,12.505781000072602,0.33405300018785056,0.08869900011632126,44.535175999953935,802816,13.935300999946776,0.2234940002381336,0.03429199978199904,27.89127500000177,401408,23.023588999876665,0.18515100009608432,0.02856499986592098,2.597901000171987,200704,0.6363269999383192,0.11991800010946463,0.029613000151584856,0.0,100352
5,chain_5svc,124,88.92536000030304,76.03838399973029,12.886976000572758,2107392,4,25.495984999906796,0.24682000002940185,0.08199400008379598,60.42324899999585,602112,12.557044999994105,0.3577289999157074,0.08632399976704619,44.736388999808696,802816,14.124013000127889,0.2221660001850978,0.037225999676593347,27.897769999981392,401408,23.443547999704606,0.15497799995500827,0.027727000087907072,2.3156010001912364,200704,0.417792999996891,0.09673100021245773,0.026260000140609918,0.0,100352
5,chain_5svc,125,90.70988500025123,76.79078800038042,13.919096999870817,2107392,4,25.86460900010934,0.28935399996044,0.17362700009471155,61.77238200007196,602112,12.363863000246056,0.36094200004299637,0.08541599981981562,45.50904699999592,802816,14.202165999904537,0.2158110000891611,0.033384000289515825,28.430802000002586,401408,23.817480000161595,0.1456199997846852,0.027097999918623827,2.4306310001520615,200704,0.5426699999588891,0.11852100033138413,0.01941599975907593,0.0,100352
5,chain_5svc,126,89.55002399989098,76.09586299940929,13.45416100048169,2107392,4,25.82954899980905,0.2527569999983825,0.16335899999830872,60.74731500029884,602112,12.490415999764082,0.3262300001551921,0.08576600021115155,44.83912599971518,802816,14.05095900008746,0.2271249995828839,0.0414860001001216,27.971103999789193,401408,23.129538999910437,0.22516900025948416,0.028635000035137637,2.5486630001978483,200704,0.5953999998382642,0.11475000019345316,0.028635000035137637,0.0,100352
5,chain_5svc,127,88.95057200015799,76.01875800037305,12.931813999784936,2107392,4,26.032927999949607,0.25722700002006604,0.1693659996817587,59.51083799982371,602112,12.28571000001466,0.3186870003446529,0.08464899974569562,43.988665000142646,802816,14.113956000073813,0.18947999978990993,0.03911100020559388,27.38827500024854,401408,22.932306000257086,0.12215299966555904,0.03107900010945741,2.423157000066567,200704,0.6538580000778893,0.13158100000509876,0.0309399997604487,0.0,100352
5,chain_5svc,128,89.57265199978792,75.95680799977345,13.615844000014476,2107392,4,25.867681999898195,0.2591130000837438,0.07424200020977878,60.68843899993226,602112,12.085683999885077,0.49964700019700103,0.08394999986194307,44.853722999960155,802816,14.271518999976252,0.25729599974511075,0.034083000173268374,28.003161000015098,401408,23.099716000160697,0.14247699982661288,0.03729599984581,2.735139999913372,200704,0.6322069998532243,0.12075600034222589,0.022559000171895605,0.0,100352
5,chain_5svc,129,88.86934600013774,75.55298500028584,13.316360999851895,2107392,4,25.873269999920012,0.251709000167466,0.16845799973452813,59.706743999868195,602112,11.994331000096281,0.3275580002082279,0.08569499959776294,44.25930099978359,802816,13.73960499995519,0.19800100017164368,0.03289500000391854,28.094024999973044,401408,23.540907000096922,0.14450199978455203,0.032825000289449235,2.335994000077335,200704,0.40487200021743774,0.09519399964119657,0.018229000033898046,0.0,100352
5,chain_5svc,130,88.63062799991894,75.91008300005342,12.720544999865524,2107392,4,25.696359999983542,0.25129000005108537,0.16866799978743074,59.88476999982595,602112,12.317906999669503,0.3432720000091649,0.08967600024334388,44.376005999765766,802816,13.871395000023767,0.19660499992824043,0.03149900021526264,28.028582999922946,401408,23.582253000313358,0.14170899976306828,0.03052000010939082,2.4027629997362965,200704,0.44216800006324775,0.09791799993763561,0.01941599975907593,0.0,100352
5,chain_5svc,131,88.98395699998218,75.7918420003989,13.192114999583282,2107392,4,25.885841000217624,0.25010299987116014,0.08925700012696325,59.91138099989257,602112,12.062845999935234,0.31491600020672195,0.08639399993626284,44.36643799999729,802816,13.94808200029729,0.21944299987808336,0.033383999834768474,27.920049999920593,401408,23.399616000006063,0.12431899995135609,0.029472999813151546,2.5400720001016452,200704,0.49545699994268944,0.15609699994456605,0.018089000150212087,0.0,100352
5,chain_5svc,132,91.1345929998788,77.14097499956551,13.99361800031329,2107392,4,25.83848799986299,0.29075100019326783,0.1883630002339487,61.98805400026686,602112,12.959752999904595,0.386363999950845,0.08520700021108496,45.3544189999775,802816,14.325436999570229,0.2192330002799281,0.036736000311066164,28.273308999814617,401408,23.444595000000845,0.14087099998505437,0.02814599974954035,2.663132999714435,200704,0.5727020002268546,0.16349899988199468,0.02702899973883177,0.0,100352
5,chain_5svc,133,88.91670000002705,76.20244100053242,12.714258999494632,2107392,4,25.92446300013762,0.25380499982929905,0.1674109998930362,59.62649599996439,602112,12.943479000114166,0.35570399995776825,0.09295999961977941,43.50996999983181,802816,13.886901000205398,0.22984899987932295,0.03554899967639358,27.52677099988432,401408,22.826425999937783,0.12767099997290643,0.028635000035137637,2.630656999826897,200704,0.6211720001374488,0.11642600020422833,0.030031999813218135,0.0,100352
5,chain_5svc,134,91.16888600010498,77.75949300003049,13.409393000074488,2107392,4,26.054439000290586,0.2584139997452439,0.1722289998724591,62.07766099987566,602112,12.796043999969697,0.3451580000728427,0.084996999703435,45.79058099989197,802816,14.381031000084477,0.21336600002541672,0.03485099978206563,28.56755199991312,401408,23.897518000012496,0.12194400005682837,0.027937000140809687,2.7152349998686987,200704,0.6304609996732324,0.11335300041537266,0.028635000035137637,0.0,100352
5,chain_5svc,135,89.58110399998986,77.29420500027118,12.286898999718687,2107392,4,26.85091300008935,0.25960199991459376,0.08555599970350158,59.797119999984716,602112,12.999073000173667,0.35863699986293796,0.08932799983085715,43.36735399965619,802816,14.177512000060233,0.2362740001444763,0.03289500000391854,26.788754999870434,401408,22.729205999894475,0.12061699999321718,0.028356000257190317,2.160691999961273,200704,0.537501000053453,0.1061600000866747,0.020324000161053846,0.0,100352
5,chain_5svc,136,88.89798300015173,75.85065000012037,13.047333000031358,2107392,4,25.814603000071656,0.26476999983060523,0.16664200029481435,59.96613700017406,602112,12.189049999960844,0.4133229999752075,0.10161899990634993,44.357010000112496,802816,14.219626000340213,0.2227949998996337,0.05587399982687202,27.349303999926633,401408,23.006826999790064,0.11908000033145072,0.02842599997165962,2.4873410002328455,200704,0.6205439999575901,0.12494600014179014,0.0295429999823682,0.0,100352
5,chain_5svc,137,89.29098199996588,76.29372500014142,12.997256999824458,2107392,4,25.59124899971721,0.280274000033387,0.08094700024230406,60.66776600027879,602112,12.239545000284124,0.36715799978992436,0.10525099969527218,44.80797799988068,802816,14.488657000129024,0.24772799997663242,0.0372949998563854,27.70745199995872,401408,23.408207000102266,0.19227399980081827,0.028635000035137637,2.1281459999045182,200704,0.5660669999087986,0.11502999996082508,0.019624999822553946,0.0,100352
5,chain_5svc,138,89.78190000016184,76.4607160003834,13.321183999778441,2107392,4,25.785828000152833,0.2688899999157002,0.08967699977802113,60.83769100041536,602112,12.132268000186741,0.35835800008499064,0.09826699988479959,45.38738500014006,802816,14.578263000203151,0.22097999999459716,0.04826099984711618,28.305995000209805,401408,23.354709000159346,0.1475049998589384,0.029613000151584856,2.7861240000675025,200704,0.6096479996813287,0.11412100002416992,0.03052100009881542,0.0,100352
5,chain_5svc,139,90.92918900023506,77.5025439993442,13.426645000890858,2107392,4,25.61220100005812,0.25303699976575444,0.07968999989316217,62.31246800007284,602112,13.086235999708151,0.3887390003001201,0.09302900025431882,45.61702399996648,802816,14.043275999938487,0.21622999975079438,0.03666700013127411,28.70877199984534,401408,24.322993999703613,0.16126400032590027,0.028146000204287702,2.2406610000871297,200704,0.4378369999358256,0.08367100008399575,0.019066999811911955,0.0,100352
5,chain_5svc,140,87.59669299979578,74.85938499985423,12.73730799994155,2107392,4,25.311672000043473,0.2433289996588428,0.09589299997969647,59.2259540003397,602112,12.17836299974806,0.3544470000633737,0.09058500017999904,43.82453700009137,802816,13.754270999925211,0.2185349999308528,0.05203199998504715,27.671692999774677,401408,22.971417999997357,0.14296599965746282,0.0295429999823682,2.567449999787641,200704,0.6436610001401277,0.1187309999295394,0.030031999813218135,0.0,100352
5,chain_5svc,141,88.16646100012804,75.11088799992649,13.055573000201548,2107392,4,25.513305999993463,0.2594620000309078,0.1460390003558132,59.38624200007325,602112,12.119487999825651,0.3382429999874148,0.08820999983072397,43.85296300006303,802816,13.902755000344769,0.2025409999077965,0.03289500000391854,27.72330600009809,401408,22.96499199974278,0.13961400009065983,0.03191800033164327,2.547476000017923,200704,0.6103470000198286,0.14429300017582136,0.026678999802243197,0.0,100352
5,chain_5svc,142,89.01126600039788,75.20803600027648,13.803230000121403,2107392,4,25.68944599988754,0.27769100006480585,0.1868260001174349,60.105122000095434,602112,12.36086000017167,0.405430999762757,0.08534600010534632,44.027427000401076,802816,13.917701000082161,0.19513799998094328,0.053778000165038975,27.38422399988849,401408,22.674521000226378,0.1313019997724041,0.043789999836008064,2.525196000078722,200704,0.565507999908732,0.10986100005538901,0.018648000150278676,0.0,100352
5,chain_5svc,143,90.39804300027754,76.19720400043661,14.200838999840926,2107392,4,25.995074000093155,0.2816019996316754,0.10168900007556658,60.947623000174644,602112,12.01423500015153,0.3307709998807695,0.08464899974569562,45.36929500000042,802816,14.335423999909835,0.2054739998129662,0.05245100010142778,28.288325000175973,401408,23.236886000177037,0.12019799987683655,0.029054000151518267,2.945851999811566,200704,0.6155850001050567,0.11300400001346134,0.02814599974954035,0.0,100352
5,chain_5svc,144,89.29691899993486,76.06890600027327,13.228012999661587,2107392,4,25.536632999774156,0.2508710003894521,0.08450899986200966,60.63158899996779,602112,12.724036000236083,0.4131139999117295,0.08820999983072397,44.52721500001644,802816,14.312376999896514,0.2131569999619387,0.05328899987944169,27.600454000094032,401408,23.08093000010558,0.12348000018391758,0.029612999696837505,2.4674369997228496,200704,0.41493000026093796,0.08492699998896569,0.01718099974823417,0.0,100352
5,chain_5svc,145,89.14375699987431,75.64615299997968,13.497603999894636,2107392,4,25.736100999893097,0.2917289998549677,0.07466099987141206,60.00664600014716,602112,12.35289800024475,0.39160200003607315,0.08820999983072397,44.196933999955945,802816,13.826766999954998,0.20156300024609664,0.032825999824126484,27.96761299987338,401408,23.10816799990789,0.13556200019593234,0.03052100009881542,2.8430460001800384,200704,0.6222189999789407,0.11195700017196941,0.027657999908115016,0.0,100352
5,chain_5svc,146,91.06021300021894,77.53537100006724,13.524842000151693,2107392,4,25.509744000373757,0.26393199959784397,0.08380999997825711,62.40577700009453,602112,12.35101299971575,0.3675060002024111,0.10776599992823321,46.681830000125046,802816,13.90932000003886,0.19101700036117109,0.033803999940573703,30.232228999921062,401408,25.18155799998567,0.19122699995932635,0.02814599974954035,2.7147460000378487,200704,0.5837359999532055,0.11230600011913339,0.027657999908115016,0.0,100352
5,chain_5svc,147,89.86298699983308,76.5357270001914,13.327259999641683,2107392,4,26.336320999689633,0.26302300011593616,0.16482599994560587,60.388818999854266,602112,12.339908000285504,0.33021099989127833,0.08527699992555426,44.59042100006627,802816,14.144895999834262,0.2051250003205496,0.03568900001482689,27.915300999666215,401408,23.13352000010127,0.1639189999877999,0.040018999698077096,2.627652999763086,200704,0.5810820002807304,0.10811499987539719,0.02856599985534558,0.0,100352
5,chain_5svc,148,89.32003700010682,76.53733399956764,12.782703000539186,2107392,4,26.089988999956404,0.24912500020946027,0.18186799979957868,60.11818300021332,602112,12.427488999946945,0.3723260001606832,0.08772099999987404,44.2127179999261,802816,14.177092999943852,0.18724500023381552,0.04302299976188806,27.29056699990906,401408,23.372448999907647,0.14177799994286033,0.027168000087840483,2.132545999756985,200704,0.4703139998127881,0.09058400019057444,0.020184000277367886,0.0,100352
5,chain_5svc,149,90.41201200034266,76.90923999962251,13.502772000720142,2107392,4,26.06707999984792,0.2978050001729571,0.07766400040054577,61.10329900002398,602112,13.039651999861235,0.39746899983583717,0.08492699998896569,44.62087199999587,802816,13.98831100004827,0.20358900019346038,0.055594000059500104,27.984862999801408,401408,23.213139999825216,0.11775300026783952,0.0295429999823682,2.659430999756296,200704,0.601057000039873,0.11104900022473885,0.026679999791667797,0.0,100352
5,chain_5svc,150,90.34698999994362,77.29120500016506,13.055784999778552,2107392,4,26.201525000033143,0.2504529998077487,0.20484600008785492,61.1716050002542,602112,12.472677000005206,0.38021799991838634,0.084438999692793,45.17751000003045,802816,13.885155000025406,0.18584899999041227,0.03387300012036576,29.025084999830142,401408,24.182892000226275,0.14038099971003248,0.027936999686062336,2.609983999718679,200704,0.5489559998750337,0.10664800038284739,0.025841000024229288,0.0,100352
5,chain_5svc,151,90.54638799989334,77.50072999988333,13.045658000010008,2107392,4,26.356853999914165,0.25429400011489633,0.16831800030558952,60.974791000262485,602112,12.430143000074168,0.31819900004848023,0.08681300005264347,45.252590000018245,802816,14.215227000022423,0.19869900006597163,0.03289500000391854,28.40014200000951,401408,24.004027000046335,0.15127699998629396,0.027448000309959752,2.253581999866583,200704,0.4944789998262422,0.08702300010554609,0.019486000383039936,0.0,100352
5,chain_5svc,152,91.42583399989235,77.99709200071447,13.428741999177873,2107392,4,27.310192000186362,0.27790000012828386,0.16894699956537806,61.133681000228535,602112,12.36379300007684,0.3497669999887876,0.09407700008523534,45.04851299998336,802816,13.950456000202394,0.2121789998454915,0.03527099988787086,28.466701000070316,401408,23.787518000062846,0.11942899982386734,0.027727000087907072,2.5427260002288676,200704,0.5851330001860333,0.1167750001513923,0.026749999960884452,0.0,100352
5,chain_5svc,153,93.0568469998434,79.6298519994707,13.426995000372699,2107392,4,26.236934999815276,0.24856700019881828,0.15896000013526645,63.7672709999606,602112,12.220547999731934,0.37637700006598607,0.0928190002014162,48.084740999911446,802816,15.090971000063291,0.21476299980349722,0.0351999997292296,30.307937000088714,401408,25.513235999824246,0.17404500022166758,0.03010199998243479,2.4694630001249607,200704,0.5681620000359544,0.11118799966425286,0.02472400001352071,0.0,100352
5,chain_5svc,154,91.05441700012307,77.91824300102235,13.13617399910072,2107392,4,27.46957099998326,0.3270689999226306,0.16419800022049458,60.348311999860016,602112,12.047202000303514,0.31442699992112466,0.08646399965073215,44.830608000211214,802816,14.22479500024565,0.26176599976679427,0.03387399965504301,27.957905000221217,401408,23.545586000182084,0.1421279998794489,0.02772800007733167,2.422808000119403,200704,0.6310890003078384,0.10357499968449702,0.02884500008804025,0.0,100352
5,chain_5svc,155,94.24359800004822,81.32658900058232,12.917008999465907,2107392,4,26.168910000251344,0.2660969998942164,0.09547399986331584,65.07352100015851,602112,12.782495000010385,0.3659700000753219,0.08967699977802113,48.96537400009038,802816,15.32508099990082,0.21629999992001103,0.03582899989851285,31.153581000125996,401408,26.430677000007563,0.1548390000607469,0.029613000151584856,2.7272480001556687,200704,0.6194260004122043,0.11125799983346951,0.03149799977109069,0.0,100352
5,chain_5svc,156,89.76388199971552,76.36209999964194,13.401782000073581,2107392,4,26.30111999997098,0.30625599993072683,0.17195100008393638,60.34991800015632,602112,11.930215999655047,0.33887200015669805,0.0858360003803682,45.141334000163624,802816,14.349322000271059,0.20980499994038837,0.03387399965504301,28.100730999994994,401408,23.223126999710075,0.14890300008119084,0.028635000035137637,2.6239519997943717,200704,0.5583150000347814,0.14743499968972174,0.025702000129967928,0.0,100352
5,chain_5svc,157,89.74306899972362,76.31300400089458,13.430064998829039,2107392,4,26.18993300029615,0.24688999974387116,0.1692959999672894,60.539538000284665,602112,12.169075000201701,0.40948099967863527,0.08492799997839029,45.01296399985222,802816,14.253570000164473,0.2481469996382657,0.051962000270577846,27.78385999999955,401408,23.13338100020701,0.14338499977384345,0.028635000035137637,2.4965610000435845,200704,0.5670450000252458,0.1187309999295394,0.025701999675220577,0.0,100352
5,chain_5svc,158,89.89511500021763,77.1439779996399,12.751137000577728,2107392,4,26.56093099994905,0.27112599991596653,0.1665730001150223,60.23761300002661,602112,12.431680000190681,0.3304910001133976,0.11111799994978355,44.60173699999359,802816,14.309581999896182,0.2677729999049916,0.03345499999340973,27.704378999715118,401408,23.4143539996694,0.14296600011221017,0.030032000267965486,2.289271000336157,200704,0.427430999934586,0.08402000003115973,0.018648000150278676,0.0,100352
5,chain_5svc,159,89.81067600007009,77.31935200035878,12.491323999711312,2107392,4,25.74944099978893,0.24807700037854374,0.08541699980924022,61.10532599996077,602112,12.523171999873739,0.3598939997573325,0.08318200025314582,45.075890999669355,802816,14.883472000292386,0.24297899972225423,0.032266999824059894,27.756621000207815,401408,23.738280000088707,0.1237589999618649,0.0295429999823682,2.1435110002130386,200704,0.4249870003150136,0.0900259997251851,0.01843799964262871,0.0,100352
5,chain_5svc,160,90.54806499989354,77.2048110002288,13.34325399966474,2107392,4,25.817607000135467,0.26071899992530234,0.08178400003089337,61.649462999866955,602112,12.90779000009934,0.4177230002824217,0.10525199968469678,45.22660900011033,802816,14.209290000053443,0.37777399984406657,0.04483900011109654,28.433526999833703,401408,23.616475999915565,0.14673700025014114,0.02814599974954035,2.8093820001231506,200704,0.6536480000249867,0.10643899986462202,0.028635000035137637,0.0,100352
5,chain_5svc,161,93.49936499984324,79.85649000011108,13.642874999732157,2107392,4,27.25362099999984,0.27629400028672535,0.1701349997347279,62.94823799998994,602112,12.315741999827878,0.42589500026224414,0.08583599992562085,47.12211300011404,802816,14.74295100024392,0.24437599995508208,0.03485099978206563,29.78957300001639,401408,24.999620000016876,0.15972800019881106,0.041415999930904945,2.49076399995829,200704,0.5445560000225669,0.11076900000261958,0.02458400012983475,0.0,100352
5,chain_5svc,162,91.16518599967094,76.95212400039964,14.213061999271304,2107392,4,26.56547100013995,0.2905420001297898,0.16978499979813932,61.248360999798024,602112,12.221944999964762,0.35004600022148225,0.08639499992568744,45.5820339998354,802816,14.183728000261908,0.31610299993189983,0.03331499965497642,28.414808999968955,401408,23.374125999907847,0.15763200008223066,0.030589999823860126,2.5701739996293327,200704,0.6068540001251677,0.10567100025582477,0.026679999791667797,0.0,100352
5,chain_5svc,163,90.36354299996674,76.47056499899918,13.89297800096756,2107392,4,26.17163399963829,0.2796460003082757,0.11160700023538084,60.74396500025614,602112,12.569616999826394,0.3625479998845549,0.10441299991725828,44.63903099986055,802816,13.98237400007929,0.29934199983472354,0.03429299977142364,27.72365600003468,401408,23.264612999810197,0.14331500005937414,0.02856600031009293,2.2992579997662688,200704,0.4823269996450108,0.10595000003377208,0.018508000266592717,0.0,100352
5,chain_5svc,164,89.65297400027339,76.71249699933469,12.9404770009387,2107392,4,26.184065999586892,0.24703000008230447,0.09058500017999904,60.394616999928985,602112,12.640576000194415,0.42310099979658844,0.09051500001078239,44.26970900021843,802816,13.786258999971324,0.24311900006068754,0.03191799987689592,27.752570000302512,401408,23.675701999763987,0.14247700028136023,0.03429200023674639,1.9531930001903675,200704,0.4258939998180722,0.09156300029644626,0.02304800000274554,0.0,100352
5,chain_5svc,165,90.50378599977194,77.39911100043173,13.104674999340205,2107392,4,26.891142999829754,0.2489850003257743,0.1637089999348973,60.58298100015236,602112,12.205113000163692,0.33489099996586447,0.08813999966150732,45.24651500014443,802816,14.53733700009252,0.2544330000091577,0.03464099972916301,27.90957499973956,401408,23.143927000091935,0.18983000018124585,0.028635000035137637,2.622555000016291,200704,0.6215910002538294,0.128787999983615,0.030031999813218135,0.0,100352
5,chain_5svc,166,91.36465500023405,77.88388300014049,13.480772000093566,2107392,4,26.331502000175533,0.2614169998196303,0.19143600002280436,61.89628399988578,602112,12.756792999880417,0.5217880002419406,0.09184100008496898,44.84660199977952,802816,14.559616000042297,0.2440969997223874,0.03331500010972377,27.957416999925044,401408,23.617383999862795,0.18096000030709547,0.028076000035071047,2.3091749999366584,200704,0.618588000179443,0.10357499968449702,0.02137199999197037,0.0,100352
5,chain_5svc,167,90.82121700021162,77.13783400004104,13.68338300017058,2107392,4,25.78862200016374,0.2968269996017625,0.1966740001080325,61.97031600004266,602112,12.36365399972783,0.40550099993197364,0.085067000327399,45.95449999987977,802816,14.909244000136823,0.24221099965870962,0.033802999951149104,28.11204599993289,401408,23.52121200010515,0.16482699993503047,0.02912399986598757,2.594827999928384,200704,0.5551019999074924,0.11475000019345316,0.0252820000241627,0.0,100352
5,chain_5svc,168,90.4619510001794,77.20788699998593,13.254064000193466,2107392,4,25.712704999932612,0.27580500000112806,0.22014100022715866,61.551824000162014,602112,12.587217999680433,0.3892970003107621,0.08583499993619625,45.37586199967336,802816,14.6793950002575,0.23948699981701793,0.0407869997616217,28.286021999974764,401408,23.763701999996556,0.18808400000125403,0.028635000035137637,2.4105860002237023,200704,0.4648670001188293,0.1048320000336389,0.01955499965333729,0.0,100352
5,chain_5svc,169,90.08110400009173,77.1683549996851,12.91274900040662,2107392,4,26.03292900039378,0.2915189998020651,0.19492799992804066,60.85187100006806,602112,12.682061999839789,0.39991399989958154,0.08730200033824076,44.72109599964824,802816,14.292121999915253,0.2285919999849284,0.05440700033432222,27.998623000257794,401408,23.692463999850588,0.16838900000948342,0.03946000015275786,2.3549910001747776,200704,0.4687779996856989,0.09156200030702166,0.022977000298851635,0.0,100352
5,chain_5svc,170,90.29209600021204,76.98362399969483,13.308472000517213,2107392,4,26.030414000160818,0.2712649998102279,0.17977299967242288,60.98750299997846,602112,12.357367999811686,0.3542370000104711,0.08492799997839029,44.88704000004873,802816,14.187150999987352,0.2258680001432367,0.032405999718321254,28.11015999986921,401408,23.806934999811347,0.14387400005944073,0.03010099999301019,2.3762929999975313,200704,0.6017559999236255,0.10818500004461384,0.02842599997165962,0.0,100352
5,chain_5svc,171,89.9888430003557,76.18309700001191,13.805746000343788,2107392,4,25.574627999958466,0.2618359999360109,0.07633699988218723,61.29487699990932,602112,12.83766899996408,0.36548200023389654,0.09247099978892948,44.928246999916155,802816,13.855401999990136,0.22796299981564516,0.033385000278940424,28.278548000344017,401408,23.447110000233806,0.20770999981323257,0.029612999696837505,2.510180000172113,200704,0.46828799986542435,0.1090230002773751,0.01997500021388987,0.0,100352
5,chain_5svc,172,89.61218700005702,76.55256100042607,13.059625999630953,2107392,4,25.964484000269294,0.28572199971677037,0.18934099989564857,60.40020500040555,602112,12.06200800015722,0.36799499957851367,0.10029300028691068,45.10340900014853,802816,14.068629000121291,0.2328519999537093,0.05426699999588891,28.48032100018827,401408,23.842204999709793,0.1681779999671562,0.028635000035137637,2.4798680001367757,200704,0.6152350001684681,0.11377200007700594,0.02814599974954035,0.0,100352
5,chain_5svc,173,89.73804199968072,76.01938900052119,13.71865299915953,2107392,4,25.49326200005453,0.25589999995645485,0.07857199989302899,61.126768000121956,602112,12.809732999812695,0.44300599984126166,0.08800100022199331,44.83689400012736,802816,14.210827000169957,0.22775299976274255,0.03429300022617099,27.884152000297036,401408,22.903532000327687,0.1764899998306646,0.030031999813218135,2.604745999633451,200704,0.6020350001563202,0.1062289998117194,0.02856499986592098,0.0,100352
5,chain_5svc,174,89.4988340000964,76.93683000024976,12.562003999846638,2107392,4,26.1480279996249,0.2583440000307746,0.15770200025144732,60.397620999992796,602112,12.563401000079466,0.4229609999129025,0.0856960000419349,44.34793200016429,802816,13.882781000120303,0.22873099987918977,0.05356799965738901,27.988286999971024,401408,23.91288400031044,0.1554679997752828,0.03429299977142364,2.054882000265934,200704,0.4297360001146444,0.10113000007549999,0.01801899998099543,0.0,100352
5,chain_5svc,175,92.22915500004092,78.51965300005759,13.709501999983331,2107392,4,26.34952100015653,0.2597409998088551,0.2033789996858104,62.82874000044103,602112,12.147982999977103,0.38699300012012827,0.08841999988362659,46.97251300012795,802816,14.32285300006697,0.2994809997289849,0.035200000183976954,29.88399900004879,401408,25.073513999814168,0.17669900034888997,0.02912399986598757,2.5160459999824525,200704,0.6257820000428183,0.1081839996004419,0.028705000204354292,0.0,100352
5,chain_5svc,176,90.49240300009842,77.3074099997757,13.18499300032272,2107392,4,26.83331399975941,0.26805300012711086,0.20009700028822408,60.4325429999335,602112,12.263710999832256,0.4608160002135264,0.08765099983065738,44.6222709997528,802816,14.955268999983673,0.24709999979677377,0.033385000278940424,27.125882000291313,401408,22.83522700008689,0.16196299975490547,0.05398799976319424,1.9987290002063673,200704,0.4198890001134714,0.08960600007412722,0.020043999938934576,0.0,100352
5,chain_5svc,177,92.2271310000724,78.3217910006897,13.905339999382704,2107392,4,26.390029000140203,0.339012000040384,0.08632499975647079,62.412764000328025,602112,12.562773000354355,0.33447199984948384,0.08730199988349341,46.30831899976329,802816,15.286249999917345,0.2285919999849284,0.03387300012036576,28.286999000101787,401408,23.490971000228456,0.20645199992941343,0.02912399986598757,2.488180000000284,200704,0.5917680000493419,0.08387999969272641,0.029054000151518267,0.0,100352
5,chain_5svc,178,89.0851629997087,75.39647199928368,13.688691000425024,2107392,4,25.283108999701653,0.2698680000321474,0.08227300031649065,60.82302699996944,602112,12.147075000029872,0.3721870002664218,0.0935179996304214,45.131067000056646,802816,14.309163999769225,0.2206300000580086,0.054615999943052884,28.0395499999031,401408,23.095736999948713,0.16692100007276167,0.029613000151584856,2.807635999943159,200704,0.5613869998342125,0.12313099978200626,0.027867000426340383,0.0,100352
5,chain_5svc,179,90.43003399983718,76.85623399993347,13.573799999903713,2107392,4,26.87242599995443,0.2521289998185239,0.1588200002515805,60.306827000204066,602112,12.147912999807886,0.3462049999143346,0.08499800014760694,44.98544699981721,802816,13.979930999994394,0.20896600017294986,0.03582799990908825,28.394416000082856,401408,23.196448999897257,0.1940199999808101,0.034781000067596324,2.907230000346317,200704,0.659515000279498,0.10636899969540536,0.03631699973993818,0.0,100352
5,chain_5svc,180,90.90384099999937,77.55737500019677,13.346465999802604,2107392,4,27.871930999936012,0.33887100016727345,0.1695749997452367,59.62028400017516,602112,12.221247000070434,0.3602440001486684,0.08625400005257688,43.80184100000406,802816,14.028261000021303,0.1963250001608685,0.03387299966561841,27.170440999725542,401408,22.96960300009232,0.16322000010404736,0.03492099995128228,1.9506779999574064,200704,0.46633300007670186,0.0844379997033684,0.019626000266725896,0.0,100352
5,chain_5svc,181,89.9917080000705,76.37481599931562,13.616892000754888,2107392,4,26.14083499975095,0.2598109999780718,0.16301000005114474,60.716169999977865,602112,12.627026999780355,0.4036150003230432,0.08695299993632943,44.2234750003081,802816,14.178001999880507,0.2686810003069695,0.03345400000398513,27.17127799996888,401408,22.957590000260097,0.16007700014597503,0.03191799987689592,2.179060999878857,200704,0.4713619996437046,0.08325099997819052,0.019765000160987256,0.0,100352
5,chain_5svc,182,90.50790800029063,76.94018399979541,13.567724000495218,2107392,4,26.74328900002365,0.25757599996723,0.07906099972387892,60.58228300025803,602112,12.132967000070494,0.35856700014846865,0.09184200007439358,44.85875499995018,802816,14.145594999718014,0.22377300001608091,0.03534000006766291,28.111766999700194,401408,23.457796000002418,0.1639179999983753,0.028215999918757007,2.2898299998814764,200704,0.46053699998083175,0.09302900025431882,0.01871699987532338,0.0,100352
5,chain_5svc,183,90.46446599995761,76.8382139995083,13.626252000449313,2107392,4,26.96573499997612,0.27964599985352834,0.16838800002005883,60.29188100001193,602112,12.495095999838668,0.376656999833358,0.08541600027456298,44.142108999949414,802816,14.066323999941233,0.2151129997400858,0.03666700013127411,27.028243000131624,401408,22.86525999988953,0.14024199981577112,0.028565000320668332,2.1908640001129243,200704,0.4457989998627454,0.09128300007432699,0.017948999811778776,0.0,100352
5,chain_5svc,184,89.3768219998492,76.24707399963881,13.129748000210384,2107392,4,26.479216999632627,0.2653989999998885,0.22237600023800042,59.63034100022924,602112,12.055791999955545,0.3543069997249404,0.08660399998916546,44.530429000133154,802816,14.308257000266167,0.21818499999426422,0.03464099972916301,27.598430000125518,401408,22.979868999755126,0.17146200025308644,0.02856499986592098,2.3128769998947973,200704,0.4239390000293497,0.12543499997264007,0.01899700009744265,0.0,100352
5,chain_5svc,185,89.34916399994108,76.63560199944186,12.713562000499223,2107392,4,26.101862999894365,0.24821699980748235,0.18445200021233177,60.23461099994165,602112,12.885092000033183,0.3432720000091649,0.09351800008516875,43.97574600034204,802816,14.007307999690966,0.20142399989708792,0.033664000056887744,27.498068000113562,401408,23.183596999842848,0.1404520003234211,0.028914999802509556,2.0735299999614654,200704,0.4577419999804988,0.08304200036945986,0.018647999695531325,0.0,100352
5,chain_5svc,186,90.49875799973961,77.10200700012138,13.396750999618234,2107392,4,26.35573800034763,0.2517789998819353,0.19758200005526305,61.02123800019399,602112,12.617319000128191,0.4078750002918241,0.08325199996761512,44.796177000080206,802816,14.069746999666677,0.21210900013102219,0.035060000300290994,28.02551200011294,401408,23.619899000095756,0.16971500008367002,0.029194000035204226,2.1585280001090723,200704,0.43930399988312274,0.0851370000418683,0.01941600021382328,0.0,100352
5,chain_5svc,187,90.61127499990107,77.57581199939523,13.035463000505843,2107392,4,26.9158679998327,0.2559700001256715,0.1812390000850428,60.44085399980759,602112,12.67633499992371,0.4553680000753957,0.08800100022199331,44.33571099980327,802816,14.324040999781573,0.23934700038807932,0.03415199989831308,27.46531299999333,401408,23.223616999985097,0.14492199989035726,0.02912399986598757,2.292693000072177,200704,0.4359509998721478,0.08192499990400393,0.01857799998106202,0.0,100352
5,chain_5svc,188,89.73050199983845,76.16969099944981,13.56081100038864,2107392,4,25.79127699982564,0.2705670003706473,0.1871059998848068,60.77323099998466,602112,12.775441000030696,0.3848979999929725,0.0998729997263581,44.40666999971654,802816,13.745332999860693,0.22426099985750625,0.036178000300424173,27.808723999896756,401408,23.413865999827976,0.13898499992137658,0.028565000320668332,2.226553000127751,200704,0.44377399990480626,0.12068600017300923,0.01815899986468139,0.0,100352
5,chain_5svc,189,89.55617699984941,76.18156499984252,13.374612000006891,2107392,4,25.58279999993829,0.27370899988454767,0.0842990002638544,60.97598099995594,602112,12.675427999965905,0.364783000350144,0.08751099994697142,44.771033999950305,802816,14.19699899997795,0.2143439996871166,0.03359400034241844,27.69285599970317,401408,23.246875000040745,0.1378669999212434,0.030031999813218135,2.2150989998408477,200704,0.47946299991963315,0.08800000023256871,0.019765999695664505,0.0,100352
5,chain_5svc,190,88.2008290000158,75.52072099997531,12.68010800004049,2107392,4,25.878928000111046,0.25429400011489633,0.07906100017862627,59.253126999919914,602112,12.139742000272236,0.3295819997219951,0.09707999970487435,43.87063499962096,802816,14.239461999750347,0.20694100021501072,0.03317500022603781,27.0086169998649,401408,22.806731999935437,0.13577200024883496,0.029054999686195515,2.2533720002684277,200704,0.4558569999062456,0.08869900011632126,0.019485999928292586,0.0,100352
5,chain_5svc,191,90.66631000041525,77.24951299996974,13.416797000445513,2107392,4,27.015112999833946,0.2932659999714815,0.07941000012579025,60.67915399989943,602112,12.420225999903778,0.4763209999509854,0.08730199988349341,44.70237999976234,802816,14.122267999937321,0.21287799972924404,0.03331400012029917,27.873396999893885,401408,23.25742099992567,0.17118200003096717,0.05636200012304471,2.3440260001734714,200704,0.4344850003690226,0.08723199971427675,0.019066999811911955,0.0,100352
5,chain_5svc,192,89.19921500000783,76.32976699960636,12.869448000401462,2107392,4,25.850432999959594,0.248286999976699,0.18780499976855936,60.439876999680564,602112,12.325172000146267,0.3577289999157074,0.08744099977775477,44.618778999847564,802816,14.173600999583869,0.2128780001839914,0.034362000405963045,27.901543000098172,401408,23.497047000091698,0.1681789999565808,0.03701599962369073,2.0207290003781964,200704,0.48351399982493604,0.08660399998916546,0.020883000161120435,0.0,100352
5,chain_5svc,193,88.84875000012471,75.90548000052877,12.943269999595941,2107392,4,25.97146900006919,0.2618359999360109,0.1639179999983753,59.78112899992993,602112,12.71439999982249,0.33307500007140334,0.08674299988342682,43.5905700001058,802816,13.856310000392114,0.2334809996682452,0.03575899972929619,27.25439000005281,401408,22.90737400016951,0.14115000021774904,0.027656999918690417,2.360998000312975,200704,0.4559270000754623,0.08939700001064921,0.018576999991637422,0.0,100352
5,chain_5svc,194,89.65185900024153,76.089790999049,13.562068001192529,2107392,4,26.31348299973979,0.26281400005245814,0.1998170000661048,60.11881499989613,602112,12.284802999602107,0.4177240002718463,0.08576500022172695,44.33117200005654,802816,13.749662000009266,0.19492799992804066,0.03520100017340155,27.894070999991527,401408,23.128003999772773,0.1961150001079659,0.029613000151584856,2.5809990002017003,200704,0.6138389999250649,0.09952400023394148,0.028635000035137637,0.0,100352
5,chain_5svc,195,90.53710299986051,77.0033210001202,13.533781999740313,2107392,4,26.228276999972877,0.2695889997994527,0.19618500027718255,61.27343700018173,602112,12.657827999646543,0.4090630000064266,0.08869900011632126,44.86560000032114,802816,14.544950000072276,0.21574099991994444,0.03289500000391854,27.594310000040423,401408,23.153496000304585,0.15148699958444922,0.028215999918757007,2.353525000216905,200704,0.41877000012391363,0.0808770000730874,0.018647999695531325,0.0,100352
5,chain_5svc,196,89.52705299998343,75.85770799960301,13.669345000380417,2107392,4,25.94807099967511,0.26141800026380224,0.16301100004056934,60.47863799994957,602112,12.410867000198778,0.34236400006193435,0.08939700001064921,44.26265699976284,802816,14.143710000098508,0.19911800018235226,0.03526999989844626,27.35524199988504,401408,22.917640999821742,0.1595880003151251,0.02898399998230161,2.3121790000004694,200704,0.43741899980886956,0.09575300009601051,0.01913599999170401,0.0,100352
5,chain_5svc,197,89.68175200016049,76.39192599935996,13.289826000800531,2107392,4,25.752166000074794,0.2976650002892711,0.11970900004598661,60.921225999663875,602112,12.29248599975108,0.37958900020385045,0.08772099999987404,45.135118999951374,802816,14.074915000037436,0.24528399990231264,0.034361999951215694,28.094725999835646,401408,23.831448999771965,0.13423600012174575,0.029474000257323496,1.9291670000711747,200704,0.44090999972468126,0.08576600021115155,0.018648000150278676,0.0,100352
5,chain_5svc,198,91.14961500017671,77.21256700051526,13.937047999661445,2107392,4,26.615198999934364,0.2482180002516543,0.1506489998064353,61.63940799979173,602112,12.381534000269312,0.43211100000917213,0.0870919998305908,45.60410700014472,802816,14.328650000152265,0.2905420001297898,0.03526999989844626,28.61609399997178,401408,23.311338999974396,0.16000799996618298,0.02856499986592098,2.8418580000106886,200704,0.5758450001849269,0.11069899983340292,0.026260000140609918,0.0,100352
5,chain_5svc,199,89.04570400000011,76.20705799990901,12.838646000091103,2107392,4,25.859024000055797,0.25394400017830776,0.09030499995787977,60.1771319998079,602112,12.283615999876929,0.35458699994705967,0.08639399993626284,44.492226999864215,802816,14.092166999944311,0.22398200007955893,0.03994899998360779,27.794686000106594,401408,23.367492000033963,0.16007700014597503,0.02814599974954035,2.286058000208868,200704,0.6047589999980119,0.10762600004454725,0.028076000035071047,0.0,100352
5,chain_5svc,200,89.21618900012618,75.80023099990285,13.415958000223327,2107392,4,26.23602999983632,0.2410930001133238,0.07871099978729035,59.88030499975139,602112,12.115368000195303,0.36129099999016034,0.0891869999577466,44.245476000014605,802816,14.104459000009228,0.21364599979278864,0.03387300012036576,27.601154999956634,401408,22.907514000053197,0.15958799986037775,0.038203999793040566,2.254211000035866,200704,0.43685999980880297,0.08332100014740718,0.019065999822487356,0.0,100352
