round,condition,iteration,end_to_end_ms,total_compute_ms,non_compute_overhead_ms,total_activation_bytes,num_hops,hop_1_compute_ms,hop_1_deserialize_ms,hop_1_serialize_ms,hop_1_forward_ms,hop_1_activation_bytes,hop_2_compute_ms,hop_2_deserialize_ms,hop_2_serialize_ms,hop_2_forward_ms,hop_2_activation_bytes,hop_3_compute_ms,hop_3_deserialize_ms,hop_3_serialize_ms,hop_3_forward_ms,hop_3_activation_bytes,hop_4_compute_ms,hop_4_deserialize_ms,hop_4_serialize_ms,hop_4_forward_ms,hop_4_activation_bytes,hop_5_compute_ms,hop_5_deserialize_ms,hop_5_serialize_ms,hop_5_forward_ms,hop_5_activation_bytes
1,monolithic_k8s_1svc,1,63.94199800001843,60.50089200016373,3.441105999854699,602112,1,60.50089200016373,0.20991799988223647,0.03620300003603916,0.0,602112,0.0,0.0,0.0,0.0,0,0.0,0.0,0.0,0.0,0,0.0,0.0,0.0,0.0,0,0.0,0.0,0.0,0.0,0
1,monolithic_k8s_1svc,2,63.14862799990806,59.00755800007573,4.141069999832325,602112,1,59.00755800007573,0.25462300004619465,0.032102999966809875,0.0,602112,0.0,0.0,0.0,0.0,0,0.0,0.0,0.0,0.0,0,0.0,0.0,0.0,0.0,0,0.0,0.0,0.0,0.0,0
1,monolithic_k8s_1svc,3,62.444163999998636,58.96435400018163,3.4798099998170073,602112,1,58.96435400018163,0.21511899990400707,0.03220299981876451,0.0,602112,0.0,0.0,0.0,0.0,0,0.0,0.0,0.0,0.0,0,0.0,0.0,0.0,0.0,0,0.0,0.0,0.0,0.0,0
1,monolithic_k8s_1svc,4,69.09705700013546,65.13580499995442,3.961252000181048,602112,1,65.13580499995442,0.32732899990151054,0.035603000014816644,0.0,602112,0.0,0.0,0.0,0.0,0,0.0,0.0,0.0,0.0,0,0.0,0.0,0.0,0.0,0,0.0,0.0,0.0,0.0,0
1,monolithic_k8s_1svc,5,63.18442999986473,59.311186000059024,3.873243999805709,602112,1,59.311186000059024,0.2637229999891133,0.03500299999359413,0.0,602112,0.0,0.0,0.0,0.0,0,0.0,0.0,0.0,0.0,0,0.0,0.0,0.0,0.0,0,0.0,0.0,0.0,0.0,0
1,monolithic_k8s_1svc,6,61.45927700003995,57.86845700004051,3.5908199999994395,602112,1,57.86845700004051,0.24362199997085554,0.033002999998643645,0.0,602112,0.0,0.0,0.0,0.0,0,0.0,0.0,0.0,0.0,0,0.0,0.0,0.0,0.0,0,0.0,0.0,0.0,0.0,0
1,monolithic_k8s_1svc,7,62.878502999865304,59.30478499999481,3.573717999870496,602112,1,59.30478499999481,0.24152099990715215,0.03190300003552693,0.0,602112,0.0,0.0,0.0,0.0,0,0.0,0.0,0.0,0.0,0,0.0,0.0,0.0,0.0,0,0.0,0.0,0.0,0.0,0
1,monolithic_k8s_1svc,8,60.894725999787624,57.171395000068514,3.72333099971911,602112,1,57.171395000068514,0.26292300003660785,0.03250299982937577,0.0,602112,0.0,0.0,0.0,0.0,0,0.0,0.0,0.0,0.0,0,0.0,0.0,0.0,0.0,0,0.0,0.0,0.0,0.0,0
1,monolithic_k8s_1svc,9,64.42424100009703,60.55959700006497,3.864644000032058,602112,1,60.55959700006497,0.24012099993342417,0.041703999841047334,0.0,602112,0.0,0.0,0.0,0.0,0,0.0,0.0,0.0,0.0,0,0.0,0.0,0.0,0.0,0,0.0,0.0,0.0,0.0,0
1,monolithic_k8s_1svc,10,64.2067210001187,60.68680800012771,3.519912999990993,602112,1,60.68680800012771,0.22392000005311274,0.032902999919315334,0.0,602112,0.0,0.0,0.0,0.0,0,0.0,0.0,0.0,0.0,0,0.0,0.0,0.0,0.0,0,0.0,0.0,0.0,0.0,0
1,monolithic_k8s_1svc,11,64.95638899991718,61.59088799995516,3.3655009999620233,602112,1,61.59088799995516,0.23112100006983383,0.04970500003764755,0.0,602112,0.0,0.0,0.0,0.0,0,0.0,0.0,0.0,0.0,0,0.0,0.0,0.0,0.0,0,0.0,0.0,0.0,0.0,0
1,monolithic_k8s_1svc,12,63.76838200003476,60.501891000058095,3.266490999976668,602112,1,60.501891000058095,0.25192199996126874,0.034003000109805726,0.0,602112,0.0,0.0,0.0,0.0,0,0.0,0.0,0.0,0.0,0,0.0,0.0,0.0,0.0,0,0.0,0.0,0.0,0.0,0
1,monolithic_k8s_1svc,13,61.52638300000035,58.224888999802715,3.3014940001976356,602112,1,58.224888999802715,0.257422000004226,0.03140300009363273,0.0,602112,0.0,0.0,0.0,0.0,0,0.0,0.0,0.0,0.0,0,0.0,0.0,0.0,0.0,0,0.0,0.0,0.0,0.0,0
1,monolithic_k8s_1svc,14,63.07852100007949,59.329787000024226,3.748734000055265,602112,1,59.329787000024226,0.20831799997722555,0.03550300016286201,0.0,602112,0.0,0.0,0.0,0.0,0,0.0,0.0,0.0,0.0,0,0.0,0.0,0.0,0.0,0,0.0,0.0,0.0,0.0,0
1,monolithic_k8s_1svc,15,62.87850300009268,58.91094899993732,3.96755400015536,602112,1,58.91094899993732,0.25972299999921233,0.03550400015228661,0.0,602112,0.0,0.0,0.0,0.0,0,0.0,0.0,0.0,0.0,0,0.0,0.0,0.0,0.0,0,0.0,0.0,0.0,0.0,0
1,monolithic_k8s_1svc,16,61.80730799997036,58.09737800018411,3.7099299997862545,602112,1,58.09737800018411,0.25302199992438545,0.0316019998081174,0.0,602112,0.0,0.0,0.0,0.0,0,0.0,0.0,0.0,0.0,0,0.0,0.0,0.0,0.0,0,0.0,0.0,0.0,0.0,0
1,monolithic_k8s_1svc,17,70.87081500003478,67.2424920001049,3.6283229999298783,602112,1,67.2424920001049,0.28832499992859084,0.04620400000021618,0.0,602112,0.0,0.0,0.0,0.0,0,0.0,0.0,0.0,0.0,0,0.0,0.0,0.0,0.0,0,0.0,0.0,0.0,0.0,0
1,monolithic_k8s_1svc,18,66.44211999991967,62.97561099995619,3.46650899996348,602112,1,62.97561099995619,0.23112099984246015,0.033103000077971956,0.0,602112,0.0,0.0,0.0,0.0,0,0.0,0.0,0.0,0.0,0,0.0,0.0,0.0,0.0,0,0.0,0.0,0.0,0.0,0
1,monolithic_k8s_1svc,19,70.52958500003115,66.51082700000188,4.0187580000292655,602112,1,66.51082700000188,0.3651330000593589,0.0364029999673221,0.0,602112,0.0,0.0,0.0,0.0,0,0.0,0.0,0.0,0.0,0,0.0,0.0,0.0,0.0,0,0.0,0.0,0.0,0.0,0
1,monolithic_k8s_1svc,20,73.39674100012417,69.58850099999836,3.8082400001258065,602112,1,69.58850099999836,0.2555230000780284,0.03250300005674944,0.0,602112,0.0,0.0,0.0,0.0,0,0.0,0.0,0.0,0.0,0,0.0,0.0,0.0,0.0,0,0.0,0.0,0.0,0.0,0
1,monolithic_k8s_1svc,21,67.47291200008476,63.87769200000548,3.59522000007928,602112,1,63.87769200000548,0.25562299992998305,0.03340300008858321,0.0,602112,0.0,0.0,0.0,0.0,0,0.0,0.0,0.0,0.0,0,0.0,0.0,0.0,0.0,0,0.0,0.0,0.0,0.0,0
1,monolithic_k8s_1svc,22,61.470777000067756,57.951162999870576,3.51961400019718,602112,1,57.951162999870576,0.24852199999259028,0.03420300004108867,0.0,602112,0.0,0.0,0.0,0.0,0,0.0,0.0,0.0,0.0,0,0.0,0.0,0.0,0.0,0,0.0,0.0,0.0,0.0,0
1,monolithic_k8s_1svc,23,61.21615400002156,57.74614400002065,3.4700100000009115,602112,1,57.74614400002065,0.2435220001189009,0.045703999830948305,0.0,602112,0.0,0.0,0.0,0.0,0,0.0,0.0,0.0,0.0,0,0.0,0.0,0.0,0.0,0,0.0,0.0,0.0,0.0,0
1,monolithic_k8s_1svc,24,95.79473400003735,90.15463199989426,5.640102000143088,602112,1,90.15463199989426,0.34092999999302265,0.03630300011536747,0.0,602112,0.0,0.0,0.0,0.0,0,0.0,0.0,0.0,0.0,0,0.0,0.0,0.0,0.0,0,0.0,0.0,0.0,0.0,0
1,monolithic_k8s_1svc,25,72.32124200004364,68.70911999999407,3.612122000049567,602112,1,68.70911999999407,0.34733100005723827,0.032102999966809875,0.0,602112,0.0,0.0,0.0,0.0,0,0.0,0.0,0.0,0.0,0,0.0,0.0,0.0,0.0,0,0.0,0.0,0.0,0.0,0
1,monolithic_k8s_1svc,26,68.75132499999381,65.48213299993222,3.2691920000615937,602112,1,65.48213299993222,0.2601240000785765,0.03450300005169993,0.0,602112,0.0,0.0,0.0,0.0,0,0.0,0.0,0.0,0.0,0,0.0,0.0,0.0,0.0,0,0.0,0.0,0.0,0.0,0
1,monolithic_k8s_1svc,27,71.49336899988157,68.31998600000588,3.1733829998756846,602112,1,68.31998600000588,0.2554229999987001,0.03550299993548833,0.0,602112,0.0,0.0,0.0,0.0,0,0.0,0.0,0.0,0.0,0,0.0,0.0,0.0,0.0,0,0.0,0.0,0.0,0.0,0
1,monolithic_k8s_1svc,28,71.55857499992635,67.85294499991323,3.705630000013116,602112,1,67.85294499991323,0.2892259999498492,0.038903000131540466,0.0,602112,0.0,0.0,0.0,0.0,0,0.0,0.0,0.0,0.0,0,0.0,0.0,0.0,0.0,0,0.0,0.0,0.0,0.0,0
1,monolithic_k8s_1svc,29,70.81410800014964,67.17648400012877,3.637624000020878,602112,1,67.17648400012877,0.2600230000098236,0.03500299999359413,0.0,602112,0.0,0.0,0.0,0.0,0,0.0,0.0,0.0,0.0,0,0.0,0.0,0.0,0.0,0,0.0,0.0,0.0,0.0,0
1,monolithic_k8s_1svc,30,72.39684900014254,68.87363499981802,3.523214000324515,602112,1,68.87363499981802,0.3339300001243828,0.035804000162897864,0.0,602112,0.0,0.0,0.0,0.0,0,0.0,0.0,0.0,0.0,0,0.0,0.0,0.0,0.0,0,0.0,0.0,0.0,0.0,0
1,monolithic_k8s_1svc,31,66.42411699999684,63.10382199990272,3.32029500009412,602112,1,63.10382199990272,0.26352300005783036,0.05670500013366109,0.0,602112,0.0,0.0,0.0,0.0,0,0.0,0.0,0.0,0.0,0,0.0,0.0,0.0,0.0,0,0.0,0.0,0.0,0.0,0
1,monolithic_k8s_1svc,32,67.38710399986303,63.993199999913486,3.3939039999495435,602112,1,63.993199999913486,0.2626240000154212,0.046805000010863296,0.0,602112,0.0,0.0,0.0,0.0,0,0.0,0.0,0.0,0.0,0,0.0,0.0,0.0,0.0,0,0.0,0.0,0.0,0.0,0
1,monolithic_k8s_1svc,33,71.43976400016072,67.68883000017922,3.7509339999814983,602112,1,67.68883000017922,0.253222999845093,0.08120699999381031,0.0,602112,0.0,0.0,0.0,0.0,0,0.0,0.0,0.0,0.0,0,0.0,0.0,0.0,0.0,0,0.0,0.0,0.0,0.0,0
1,monolithic_k8s_1svc,34,67.37930200006303,64.30112800012466,3.0781739999383717,602112,1,64.30112800012466,0.26972399996338936,0.033002999998643645,0.0,602112,0.0,0.0,0.0,0.0,0,0.0,0.0,0.0,0.0,0,0.0,0.0,0.0,0.0,0,0.0,0.0,0.0,0.0,0
1,monolithic_k8s_1svc,35,62.2223440000198,58.82083999995302,3.4015040000667796,602112,1,58.82083999995302,0.2050180000878754,0.03200300011485524,0.0,602112,0.0,0.0,0.0,0.0,0,0.0,0.0,0.0,0.0,0,0.0,0.0,0.0,0.0,0,0.0,0.0,0.0,0.0,0
1,monolithic_k8s_1svc,36,62.64068099994802,59.34888700016927,3.291793999778747,602112,1,59.34888700016927,0.2454219998071494,0.031303000014304416,0.0,602112,0.0,0.0,0.0,0.0,0,0.0,0.0,0.0,0.0,0,0.0,0.0,0.0,0.0,0,0.0,0.0,0.0,0.0,0
1,monolithic_k8s_1svc,37,63.263135999932274,59.55810500017833,3.7050309997539443,602112,1,59.55810500017833,0.22692099992127623,0.03540399984558462,0.0,602112,0.0,0.0,0.0,0.0,0,0.0,0.0,0.0,0.0,0,0.0,0.0,0.0,0.0,0,0.0,0.0,0.0,0.0,0
1,monolithic_k8s_1svc,38,62.38885800007665,59.17597100005878,3.212887000017872,602112,1,59.17597100005878,0.25202300003002165,0.03490299991426582,0.0,602112,0.0,0.0,0.0,0.0,0,0.0,0.0,0.0,0.0,0,0.0,0.0,0.0,0.0,0,0.0,0.0,0.0,0.0,0
1,monolithic_k8s_1svc,39,62.911003999943205,59.60901100002047,3.3019929999227315,602112,1,59.60901100002047,0.2555220000886038,0.03320299992992659,0.0,602112,0.0,0.0,0.0,0.0,0,0.0,0.0,0.0,0.0,0,0.0,0.0,0.0,0.0,0,0.0,0.0,0.0,0.0,0
1,monolithic_k8s_1svc,40,82.2017230000256,79.02884100008123,3.172881999944366,602112,1,79.02884100008123,0.26962399988406105,0.03510300007292244,0.0,602112,0.0,0.0,0.0,0.0,0,0.0,0.0,0.0,0.0,0,0.0,0.0,0.0,0.0,0,0.0,0.0,0.0,0.0,0
1,monolithic_k8s_1svc,41,82.46694700005719,78.98003600007542,3.486910999981774,602112,1,78.98003600007542,0.2803249999487889,0.036002999877382535,0.0,602112,0.0,0.0,0.0,0.0,0,0.0,0.0,0.0,0.0,0,0.0,0.0,0.0,0.0,0,0.0,0.0,0.0,0.0,0
1,monolithic_k8s_1svc,42,80.69318800016845,77.04716400007783,3.6460240000906197,602112,1,77.04716400007783,0.28122499998062267,0.0354030000835337,0.0,602112,0.0,0.0,0.0,0.0,0,0.0,0.0,0.0,0.0,0,0.0,0.0,0.0,0.0,0,0.0,0.0,0.0,0.0,0
1,monolithic_k8s_1svc,43,64.9722880000354,61.499877999949604,3.4724100000858016,602112,1,61.499877999949604,0.273525000011432,0.03350299994053785,0.0,602112,0.0,0.0,0.0,0.0,0,0.0,0.0,0.0,0.0,0,0.0,0.0,0.0,0.0,0,0.0,0.0,0.0,0.0,0
1,monolithic_k8s_1svc,44,64.44874099997833,60.92602700005045,3.5227139999278734,602112,1,60.92602700005045,0.25872300011542393,0.035102999845548766,0.0,602112,0.0,0.0,0.0,0.0,0,0.0,0.0,0.0,0.0,0,0.0,0.0,0.0,0.0,0,0.0,0.0,0.0,0.0,0
1,monolithic_k8s_1svc,45,64.72856599998522,61.32936399990285,3.3992020000823686,602112,1,61.32936399990285,0.2383210000971303,0.03500299999359413,0.0,602112,0.0,0.0,0.0,0.0,0,0.0,0.0,0.0,0.0,0,0.0,0.0,0.0,0.0,0,0.0,0.0,0.0,0.0,0
1,monolithic_k8s_1svc,46,64.39373600005638,61.23205499989126,3.1616810001651174,602112,1,61.23205499989126,0.2933260000190785,0.03620300003603916,0.0,602112,0.0,0.0,0.0,0.0,0,0.0,0.0,0.0,0.0,0,0.0,0.0,0.0,0.0,0,0.0,0.0,0.0,0.0,0
1,monolithic_k8s_1svc,47,65.72545500011984,62.09403100001509,3.6314240001047438,602112,1,62.09403100001509,0.3251289999752771,0.0395039999148139,0.0,602112,0.0,0.0,0.0,0.0,0,0.0,0.0,0.0,0.0,0,0.0,0.0,0.0,0.0,0,0.0,0.0,0.0,0.0,0
1,monolithic_k8s_1svc,48,76.24689199997192,72.90889599994443,3.3379960000274878,602112,1,72.90889599994443,0.4108359999008826,0.03380300017852278,0.0,602112,0.0,0.0,0.0,0.0,0,0.0,0.0,0.0,0.0,0,0.0,0.0,0.0,0.0,0,0.0,0.0,0.0,0.0,0
1,monolithic_k8s_1svc,49,80.37055999989207,76.45911199983857,3.911448000053497,602112,1,76.45911199983857,0.2810250000493397,0.12231000005158421,0.0,602112,0.0,0.0,0.0,0.0,0,0.0,0.0,0.0,0.0,0,0.0,0.0,0.0,0.0,0,0.0,0.0,0.0,0.0,0
1,monolithic_k8s_1svc,50,73.9229850000811,70.05234100006419,3.8706440000169096,602112,1,70.05234100006419,0.38043399990783655,0.032902999919315334,0.0,602112,0.0,0.0,0.0,0.0,0,0.0,0.0,0.0,0.0,0,0.0,0.0,0.0,0.0,0,0.0,0.0,0.0,0.0,0
1,monolithic_k8s_1svc,51,72.40745099988999,68.07346400000824,4.333986999881745,602112,1,68.07346400000824,0.48354299997299677,0.03500299999359413,0.0,602112,0.0,0.0,0.0,0.0,0,0.0,0.0,0.0,0.0,0,0.0,0.0,0.0,0.0,0,0.0,0.0,0.0,0.0,0
1,monolithic_k8s_1svc,52,68.25038000010863,64.86407900001723,3.3863010000914073,602112,1,64.86407900001723,0.2693239998734498,0.0359030000254279,0.0,602112,0.0,0.0,0.0,0.0,0,0.0,0.0,0.0,0.0,0,0.0,0.0,0.0,0.0,0,0.0,0.0,0.0,0.0,0
1,monolithic_k8s_1svc,53,70.35516799987818,66.61313399990831,3.7420339999698626,602112,1,66.61313399990831,0.2594229999886011,0.03240299997742113,0.0,602112,0.0,0.0,0.0,0.0,0,0.0,0.0,0.0,0.0,0,0.0,0.0,0.0,0.0,0,0.0,0.0,0.0,0.0,0
1,monolithic_k8s_1svc,54,62.180640000178755,58.622022000008656,3.5586180001700995,602112,1,58.622022000008656,0.2388220000284491,0.036102999956710846,0.0,602112,0.0,0.0,0.0,0.0,0,0.0,0.0,0.0,0.0,0,0.0,0.0,0.0,0.0,0,0.0,0.0,0.0,0.0,0
1,monolithic_k8s_1svc,55,65.22941100001844,61.62339000002248,3.6060209999959625,602112,1,61.62339000002248,0.2646230000209471,0.03430300012041698,0.0,602112,0.0,0.0,0.0,0.0,0,0.0,0.0,0.0,0.0,0,0.0,0.0,0.0,0.0,0,0.0,0.0,0.0,0.0,0
1,monolithic_k8s_1svc,56,65.6110450001961,61.99522299993987,3.6158220002562302,602112,1,61.99522299993987,0.2773240000806254,0.03250300005674944,0.0,602112,0.0,0.0,0.0,0.0,0,0.0,0.0,0.0,0.0,0,0.0,0.0,0.0,0.0,0,0.0,0.0,0.0,0.0,0
1,monolithic_k8s_1svc,57,61.19155199985471,57.7016409999942,3.4899109998605127,602112,1,57.7016409999942,0.24512200002391182,0.034702999982982874,0.0,602112,0.0,0.0,0.0,0.0,0,0.0,0.0,0.0,0.0,0,0.0,0.0,0.0,0.0,0,0.0,0.0,0.0,0.0,0
1,monolithic_k8s_1svc,58,65.71345399993334,62.011424999809606,3.70202900012373,602112,1,62.011424999809606,0.2393210002082924,0.03440300019974529,0.0,602112,0.0,0.0,0.0,0.0,0,0.0,0.0,0.0,0.0,0,0.0,0.0,0.0,0.0,0,0.0,0.0,0.0,0.0,0
1,monolithic_k8s_1svc,59,64.48584500003562,60.8391200000824,3.6467249999532214,602112,1,60.8391200000824,0.2809249999700114,0.033802999951149104,0.0,602112,0.0,0.0,0.0,0.0,0,0.0,0.0,0.0,0.0,0,0.0,0.0,0.0,0.0,0,0.0,0.0,0.0,0.0,0
1,monolithic_k8s_1svc,60,66.78034900005514,63.13212400004886,3.6482250000062777,602112,1,63.13212400004886,0.2782250001018838,0.0333030000092549,0.0,602112,0.0,0.0,0.0,0.0,0,0.0,0.0,0.0,0.0,0,0.0,0.0,0.0,0.0,0,0.0,0.0,0.0,0.0,0
1,monolithic_k8s_1svc,61,66.92766299988762,63.345143999868014,3.5825190000196017,602112,1,63.345143999868014,0.2720240001963248,0.0354030000835337,0.0,602112,0.0,0.0,0.0,0.0,0,0.0,0.0,0.0,0.0,0,0.0,0.0,0.0,0.0,0,0.0,0.0,0.0,0.0,0
1,monolithic_k8s_1svc,62,66.5563300001395,63.146624999944834,3.4097050001946627,602112,1,63.146624999944834,0.27062399999522313,0.034103000189134036,0.0,602112,0.0,0.0,0.0,0.0,0,0.0,0.0,0.0,0.0,0,0.0,0.0,0.0,0.0,0,0.0,0.0,0.0,0.0,0
1,monolithic_k8s_1svc,63,67.35329999992246,63.55136100000891,3.8019389999135456,602112,1,63.55136100000891,0.26342399996792665,0.03600400009418081,0.0,602112,0.0,0.0,0.0,0.0,0,0.0,0.0,0.0,0.0,0,0.0,0.0,0.0,0.0,0,0.0,0.0,0.0,0.0,0
1,monolithic_k8s_1svc,64,65.3243190001831,61.747400000058406,3.5769190001246898,602112,1,61.747400000058406,0.2765249998901709,0.030602999913753592,0.0,602112,0.0,0.0,0.0,0.0,0,0.0,0.0,0.0,0.0,0,0.0,0.0,0.0,0.0,0,0.0,0.0,0.0,0.0,0
1,monolithic_k8s_1svc,65,65.29301699993084,61.81770700004563,3.475309999885212,602112,1,61.81770700004563,0.2340209998692444,0.03270299998803239,0.0,602112,0.0,0.0,0.0,0.0,0,0.0,0.0,0.0,0.0,0,0.0,0.0,0.0,0.0,0,0.0,0.0,0.0,0.0,0
1,monolithic_k8s_1svc,66,64.69276400002855,60.94432999998389,3.7484340000446537,602112,1,60.94432999998389,0.2518220001093141,0.03830299988294428,0.0,602112,0.0,0.0,0.0,0.0,0,0.0,0.0,0.0,0.0,0,0.0,0.0,0.0,0.0,0,0.0,0.0,0.0,0.0,0
1,monolithic_k8s_1svc,67,73.63826000005247,69.66070600014973,3.9775539999027387,602112,1,69.66070600014973,0.27682399991135753,0.03340299986120954,0.0,602112,0.0,0.0,0.0,0.0,0,0.0,0.0,0.0,0.0,0,0.0,0.0,0.0,0.0,0,0.0,0.0,0.0,0.0,0
1,monolithic_k8s_1svc,68,69.99863600003664,66.30190600003516,3.69673000000148,602112,1,66.30190600003516,0.257022999903711,0.03320299992992659,0.0,602112,0.0,0.0,0.0,0.0,0,0.0,0.0,0.0,0.0,0,0.0,0.0,0.0,0.0,0,0.0,0.0,0.0,0.0,0
1,monolithic_k8s_1svc,69,79.53398499989817,75.81505400003152,3.718930999866643,602112,1,75.81505400003152,0.3221290000965382,0.03820300003098964,0.0,602112,0.0,0.0,0.0,0.0,0,0.0,0.0,0.0,0.0,0,0.0,0.0,0.0,0.0,0,0.0,0.0,0.0,0.0,0
1,monolithic_k8s_1svc,70,75.54112999991958,72.18943099996977,3.3516989999498037,602112,1,72.18943099996977,0.24902199993448448,0.035703000094144954,0.0,602112,0.0,0.0,0.0,0.0,0,0.0,0.0,0.0,0.0,0,0.0,0.0,0.0,0.0,0,0.0,0.0,0.0,0.0,0
1,monolithic_k8s_1svc,71,69.54899499987732,66.01428099997975,3.5347139998975763,602112,1,66.01428099997975,0.35123099996781093,0.03730399998858047,0.0,602112,0.0,0.0,0.0,0.0,0,0.0,0.0,0.0,0.0,0,0.0,0.0,0.0,0.0,0,0.0,0.0,0.0,0.0,0
1,monolithic_k8s_1svc,72,65.17510600019705,61.26235700003235,3.9127490001646947,602112,1,61.26235700003235,0.49604500009081676,0.03340299986120954,0.0,602112,0.0,0.0,0.0,0.0,0,0.0,0.0,0.0,0.0,0,0.0,0.0,0.0,0.0,0,0.0,0.0,0.0,0.0,0
1,monolithic_k8s_1svc,73,66.05368400005318,62.56427399989661,3.4894100001565675,602112,1,62.56427399989661,0.2236200000425015,0.03420300004108867,0.0,602112,0.0,0.0,0.0,0.0,0,0.0,0.0,0.0,0.0,0,0.0,0.0,0.0,0.0,0,0.0,0.0,0.0,0.0,0
1,monolithic_k8s_1svc,74,65.31671800007643,61.623889999964376,3.6928280001120584,602112,1,61.623889999964376,0.2903259999129659,0.03430300012041698,0.0,602112,0.0,0.0,0.0,0.0,0,0.0,0.0,0.0,0.0,0,0.0,0.0,0.0,0.0,0,0.0,0.0,0.0,0.0,0
1,monolithic_k8s_1svc,75,68.59731099984856,64.9772879999091,3.620022999939465,602112,1,64.9772879999091,0.31092800008991617,0.032203000046138186,0.0,602112,0.0,0.0,0.0,0.0,0,0.0,0.0,0.0,0.0,0,0.0,0.0,0.0,0.0,0,0.0,0.0,0.0,0.0,0
1,monolithic_k8s_1svc,76,68.40369399992596,64.77107000000615,3.632623999919815,602112,1,64.77107000000615,0.2658240000528167,0.037002999988544616,0.0,602112,0.0,0.0,0.0,0.0,0,0.0,0.0,0.0,0.0,0,0.0,0.0,0.0,0.0,0,0.0,0.0,0.0,0.0,0
1,monolithic_k8s_1svc,77,70.69789799993487,66.85125600006359,3.846641999871281,602112,1,66.85125600006359,0.25232199982383463,0.03500299999359413,0.0,602112,0.0,0.0,0.0,0.0,0,0.0,0.0,0.0,0.0,0,0.0,0.0,0.0,0.0,0,0.0,0.0,0.0,0.0,0
1,monolithic_k8s_1svc,78,69.70430899991698,66.19289700006448,3.5114119998524984,602112,1,66.19289700006448,0.2397209998434846,0.03630299988799379,0.0,602112,0.0,0.0,0.0,0.0,0,0.0,0.0,0.0,0.0,0,0.0,0.0,0.0,0.0,0,0.0,0.0,0.0,0.0,0
1,monolithic_k8s_1svc,79,65.00939100010328,61.208153000052334,3.801238000050944,602112,1,61.208153000052334,0.26692299979913514,0.034803000062311185,0.0,602112,0.0,0.0,0.0,0.0,0,0.0,0.0,0.0,0.0,0,0.0,0.0,0.0,0.0,0,0.0,0.0,0.0,0.0,0
1,monolithic_k8s_1svc,80,74.1187030000674,70.31296399986786,3.8057390001995373,602112,1,70.31296399986786,0.2220189999206923,0.03430300012041698,0.0,602112,0.0,0.0,0.0,0.0,0,0.0,0.0,0.0,0.0,0,0.0,0.0,0.0,0.0,0,0.0,0.0,0.0,0.0,0
1,monolithic_k8s_1svc,81,66.83325399990281,63.28223700006674,3.5510169998360652,602112,1,63.28223700006674,0.2381209999384737,0.03220299981876451,0.0,602112,0.0,0.0,0.0,0.0,0,0.0,0.0,0.0,0.0,0,0.0,0.0,0.0,0.0,0,0.0,0.0,0.0,0.0,0
1,monolithic_k8s_1svc,82,64.36663399995268,61.14114599995446,3.225487999998222,602112,1,61.14114599995446,0.2674239999578276,0.033904000019902014,0.0,602112,0.0,0.0,0.0,0.0,0,0.0,0.0,0.0,0.0,0,0.0,0.0,0.0,0.0,0,0.0,0.0,0.0,0.0,0
1,monolithic_k8s_1svc,83,64.49144499993054,60.80451599996195,3.686928999968586,602112,1,60.80451599996195,0.28162500007056224,0.03230299989809282,0.0,602112,0.0,0.0,0.0,0.0,0,0.0,0.0,0.0,0.0,0,0.0,0.0,0.0,0.0,0,0.0,0.0,0.0,0.0,0
1,monolithic_k8s_1svc,84,65.07159600005252,61.3146630000756,3.756932999976925,602112,1,61.3146630000756,0.2554220000092755,0.036102999956710846,0.0,602112,0.0,0.0,0.0,0.0,0,0.0,0.0,0.0,0.0,0,0.0,0.0,0.0,0.0,0,0.0,0.0,0.0,0.0,0
1,monolithic_k8s_1svc,85,63.863490000130696,60.42938300015521,3.4341069999754836,602112,1,60.42938300015521,0.2739239998845733,0.04460399986783159,0.0,602112,0.0,0.0,0.0,0.0,0,0.0,0.0,0.0,0.0,0,0.0,0.0,0.0,0.0,0,0.0,0.0,0.0,0.0,0
1,monolithic_k8s_1svc,86,71.99911399993653,68.68491899990659,3.3141950000299403,602112,1,68.68491899990659,0.3059269999994285,0.03660299989860505,0.0,602112,0.0,0.0,0.0,0.0,0,0.0,0.0,0.0,0.0,0,0.0,0.0,0.0,0.0,0,0.0,0.0,0.0,0.0,0
1,monolithic_k8s_1svc,87,67.3371989998941,64.09520900001553,3.2419899998785695,602112,1,64.09520900001553,0.265823999825443,0.0333030000092549,0.0,602112,0.0,0.0,0.0,0.0,0,0.0,0.0,0.0,0.0,0,0.0,0.0,0.0,0.0,0,0.0,0.0,0.0,0.0,0
1,monolithic_k8s_1svc,88,64.39153600013015,60.785815000144794,3.6057209999853512,602112,1,60.785815000144794,0.24482200001330057,0.03170299987687031,0.0,602112,0.0,0.0,0.0,0.0,0,0.0,0.0,0.0,0.0,0,0.0,0.0,0.0,0.0,0,0.0,0.0,0.0,0.0,0
1,monolithic_k8s_1svc,89,64.36343300015324,60.846921000120346,3.5165120000328898,602112,1,60.846921000120346,0.24022100001275248,0.03500299999359413,0.0,602112,0.0,0.0,0.0,0.0,0,0.0,0.0,0.0,0.0,0,0.0,0.0,0.0,0.0,0,0.0,0.0,0.0,0.0,0
1,monolithic_k8s_1svc,90,63.478255000063655,60.05615000003672,3.4221050000269315,602112,1,60.05615000003672,0.24872199992387323,0.03440299997237162,0.0,602112,0.0,0.0,0.0,0.0,0,0.0,0.0,0.0,0.0,0,0.0,0.0,0.0,0.0,0,0.0,0.0,0.0,0.0,0
1,monolithic_k8s_1svc,91,64.80667400001039,61.32466300005035,3.482010999960039,602112,1,61.32466300005035,0.2632230000472191,0.03430299989304331,0.0,602112,0.0,0.0,0.0,0.0,0,0.0,0.0,0.0,0.0,0,0.0,0.0,0.0,0.0,0,0.0,0.0,0.0,0.0,0
1,monolithic_k8s_1svc,92,61.49267799992231,58.11667700004364,3.37600099987867,602112,1,58.11667700004364,0.24782200011941313,0.03340299986120954,0.0,602112,0.0,0.0,0.0,0.0,0,0.0,0.0,0.0,0.0,0,0.0,0.0,0.0,0.0,0,0.0,0.0,0.0,0.0,0
1,monolithic_k8s_1svc,93,61.69769600001018,58.48881099996106,3.208885000049122,602112,1,58.48881099996106,0.22021900008439843,0.03230299989809282,0.0,602112,0.0,0.0,0.0,0.0,0,0.0,0.0,0.0,0.0,0,0.0,0.0,0.0,0.0,0,0.0,0.0,0.0,0.0,0
1,monolithic_k8s_1svc,94,64.54914999994799,61.13104600012775,3.4181039998202323,602112,1,61.13104600012775,0.25052299997696537,0.042602999883456505,0.0,602112,0.0,0.0,0.0,0.0,0,0.0,0.0,0.0,0.0,0,0.0,0.0,0.0,0.0,0,0.0,0.0,0.0,0.0,0
1,monolithic_k8s_1svc,95,62.187340000036784,58.97935400003007,3.207986000006713,602112,1,58.97935400003007,0.2741249998052808,0.03240299997742113,0.0,602112,0.0,0.0,0.0,0.0,0,0.0,0.0,0.0,0.0,0,0.0,0.0,0.0,0.0,0,0.0,0.0,0.0,0.0,0
1,monolithic_k8s_1svc,96,60.370278000164035,57.178994000196326,3.191283999967709,602112,1,57.178994000196326,0.251822999871365,0.031901999818728655,0.0,602112,0.0,0.0,0.0,0.0,0,0.0,0.0,0.0,0.0,0,0.0,0.0,0.0,0.0,0,0.0,0.0,0.0,0.0,0
1,monolithic_k8s_1svc,97,63.62926800011337,60.276269999803844,3.352998000309526,602112,1,60.276269999803844,0.2663230000052863,0.03340300008858321,0.0,602112,0.0,0.0,0.0,0.0,0,0.0,0.0,0.0,0.0,0,0.0,0.0,0.0,0.0,0,0.0,0.0,0.0,0.0,0
1,monolithic_k8s_1svc,98,63.651670999888665,59.82032899987644,3.831342000012228,602112,1,59.82032899987644,0.24212100015574833,0.037104000057297526,0.0,602112,0.0,0.0,0.0,0.0,0,0.0,0.0,0.0,0.0,0,0.0,0.0,0.0,0.0,0,0.0,0.0,0.0,0.0,0
1,monolithic_k8s_1svc,99,66.59863300001234,63.17452799999046,3.424105000021882,602112,1,63.17452799999046,0.28732600003422704,0.031303000014304416,0.0,602112,0.0,0.0,0.0,0.0,0,0.0,0.0,0.0,0.0,0,0.0,0.0,0.0,0.0,0,0.0,0.0,0.0,0.0,0
1,monolithic_k8s_1svc,100,62.33285300004354,59.082562999947186,3.2502900000963564,602112,1,59.082562999947186,0.21191900009398523,0.03400299988243205,0.0,602112,0.0,0.0,0.0,0.0,0,0.0,0.0,0.0,0.0,0,0.0,0.0,0.0,0.0,0,0.0,0.0,0.0,0.0,0
1,monolithic_k8s_1svc,101,61.511979999977484,58.29579399983231,3.2161860001451714,602112,1,58.29579399983231,0.2580230000148731,0.033103000077971956,0.0,602112,0.0,0.0,0.0,0.0,0,0.0,0.0,0.0,0.0,0,0.0,0.0,0.0,0.0,0,0.0,0.0,0.0,0.0,0
1,monolithic_k8s_1svc,102,61.53568199988513,57.87985599999956,3.6558259998855647,602112,1,57.87985599999956,0.21351899999899615,0.030903000151738524,0.0,602112,0.0,0.0,0.0,0.0,0,0.0,0.0,0.0,0.0,0,0.0,0.0,0.0,0.0,0,0.0,0.0,0.0,0.0,0
1,monolithic_k8s_1svc,103,62.33005199987929,58.64202399993701,3.6880279999422783,602112,1,58.64202399993701,0.21932000004198926,0.03350299994053785,0.0,602112,0.0,0.0,0.0,0.0,0,0.0,0.0,0.0,0.0,0,0.0,0.0,0.0,0.0,0,0.0,0.0,0.0,0.0,0
1,monolithic_k8s_1svc,104,63.70427499996367,59.93093899996893,3.7733359999947425,602112,1,59.93093899996893,0.2652240000315942,0.031201999945551506,0.0,602112,0.0,0.0,0.0,0.0,0,0.0,0.0,0.0,0.0,0,0.0,0.0,0.0,0.0,0,0.0,0.0,0.0,0.0,0
1,monolithic_k8s_1svc,105,61.79670599999554,58.225386999993134,3.571319000002404,602112,1,58.225386999993134,0.2434220000395726,0.03080299984503654,0.0,602112,0.0,0.0,0.0,0.0,0,0.0,0.0,0.0,0.0,0,0.0,0.0,0.0,0.0,0,0.0,0.0,0.0,0.0,0
1,monolithic_k8s_1svc,106,62.012623999862626,58.476208999991286,3.53641499987134,602112,1,58.476208999991286,0.2366209998854174,0.049405000027036294,0.0,602112,0.0,0.0,0.0,0.0,0,0.0,0.0,0.0,0.0,0,0.0,0.0,0.0,0.0,0,0.0,0.0,0.0,0.0,0
1,monolithic_k8s_1svc,107,63.687773000083325,59.81462900012957,3.8731439999537542,602112,1,59.81462900012957,0.2450219999445835,0.04150299992033979,0.0,602112,0.0,0.0,0.0,0.0,0,0.0,0.0,0.0,0.0,0,0.0,0.0,0.0,0.0,0,0.0,0.0,0.0,0.0,0
1,monolithic_k8s_1svc,108,66.51942600001348,62.971909999987474,3.5475160000260075,602112,1,62.971909999987474,0.25742300022102427,0.03320299992992659,0.0,602112,0.0,0.0,0.0,0.0,0,0.0,0.0,0.0,0.0,0,0.0,0.0,0.0,0.0,0,0.0,0.0,0.0,0.0,0
1,monolithic_k8s_1svc,109,62.9242059999342,59.72792100010338,3.196284999830823,602112,1,59.72792100010338,0.24362199997085554,0.03270299998803239,0.0,602112,0.0,0.0,0.0,0.0,0,0.0,0.0,0.0,0.0,0,0.0,0.0,0.0,0.0,0,0.0,0.0,0.0,0.0,0
1,monolithic_k8s_1svc,110,61.9078150000405,58.45380699997804,3.4540080000624584,602112,1,58.45380699997804,0.2511229999981879,0.03250300005674944,0.0,602112,0.0,0.0,0.0,0.0,0,0.0,0.0,0.0,0.0,0,0.0,0.0,0.0,0.0,0,0.0,0.0,0.0,0.0,0
1,monolithic_k8s_1svc,111,62.435061999849495,58.50221099990449,3.9328509999450034,602112,1,58.50221099990449,0.19521800004440593,0.03350300016791152,0.0,602112,0.0,0.0,0.0,0.0,0,0.0,0.0,0.0,0.0,0,0.0,0.0,0.0,0.0,0,0.0,0.0,0.0,0.0,0
1,monolithic_k8s_1svc,112,62.24134500007494,58.50891299996874,3.7324320001062006,602112,1,58.50891299996874,0.2626230000259966,0.03370300009919447,0.0,602112,0.0,0.0,0.0,0.0,0,0.0,0.0,0.0,0.0,0,0.0,0.0,0.0,0.0,0,0.0,0.0,0.0,0.0,0
1,monolithic_k8s_1svc,113,71.5955779999149,67.96065499997894,3.6349229999359522,602112,1,67.96065499997894,0.24322099989149137,0.034803000062311185,0.0,602112,0.0,0.0,0.0,0.0,0,0.0,0.0,0.0,0.0,0,0.0,0.0,0.0,0.0,0,0.0,0.0,0.0,0.0,0
1,monolithic_k8s_1svc,114,66.09828899991044,61.994021999908,4.104267000002437,602112,1,61.994021999908,0.25832300002548436,0.034702999982982874,0.0,602112,0.0,0.0,0.0,0.0,0,0.0,0.0,0.0,0.0,0,0.0,0.0,0.0,0.0,0,0.0,0.0,0.0,0.0,0
1,monolithic_k8s_1svc,115,66.39701500012052,62.718786999994336,3.6782280001261825,602112,1,62.718786999994336,0.2751249999164429,0.033002999998643645,0.0,602112,0.0,0.0,0.0,0.0,0,0.0,0.0,0.0,0.0,0,0.0,0.0,0.0,0.0,0,0.0,0.0,0.0,0.0,0
1,monolithic_k8s_1svc,116,60.177960999908464,56.66134799980682,3.5166130001016427,602112,1,56.66134799980682,0.23432100010722934,0.03120200017292518,0.0,602112,0.0,0.0,0.0,0.0,0,0.0,0.0,0.0,0.0,0,0.0,0.0,0.0,0.0,0,0.0,0.0,0.0,0.0,0
1,monolithic_k8s_1svc,117,62.07132999998066,58.26279099983367,3.808539000146993,602112,1,58.26279099983367,0.22822000005362497,0.044604000095205265,0.0,602112,0.0,0.0,0.0,0.0,0,0.0,0.0,0.0,0.0,0,0.0,0.0,0.0,0.0,0,0.0,0.0,0.0,0.0,0
1,monolithic_k8s_1svc,118,65.34332100000029,61.59178699999757,3.751534000002721,602112,1,61.59178699999757,0.320527999974729,0.032102999966809875,0.0,602112,0.0,0.0,0.0,0.0,0,0.0,0.0,0.0,0.0,0,0.0,0.0,0.0,0.0,0,0.0,0.0,0.0,0.0,0
1,monolithic_k8s_1svc,119,68.15107199986414,64.33483099999648,3.8162409998676594,602112,1,64.33483099999648,0.24002100008146954,0.03620399979809008,0.0,602112,0.0,0.0,0.0,0.0,0,0.0,0.0,0.0,0.0,0,0.0,0.0,0.0,0.0,0,0.0,0.0,0.0,0.0,0
1,monolithic_k8s_1svc,120,63.83258599998953,59.91783700005726,3.9147489999322715,602112,1,59.91783700005726,0.22802100011176663,0.03340299986120954,0.0,602112,0.0,0.0,0.0,0.0,0,0.0,0.0,0.0,0.0,0,0.0,0.0,0.0,0.0,0,0.0,0.0,0.0,0.0,0
1,monolithic_k8s_1svc,121,66.34131000009802,62.17823900010444,4.163070999993579,602112,1,62.17823900010444,0.3137280000373721,0.03540299985616002,0.0,602112,0.0,0.0,0.0,0.0,0,0.0,0.0,0.0,0.0,0,0.0,0.0,0.0,0.0,0,0.0,0.0,0.0,0.0,0
1,monolithic_k8s_1svc,122,67.05297300004531,63.40934900003958,3.6436240000057296,602112,1,63.40934900003958,0.33103000009759853,0.03400299988243205,0.0,602112,0.0,0.0,0.0,0.0,0,0.0,0.0,0.0,0.0,0,0.0,0.0,0.0,0.0,0,0.0,0.0,0.0,0.0,0
1,monolithic_k8s_1svc,123,75.49372500011486,71.71018799999729,3.783537000117576,602112,1,71.71018799999729,0.4473399999369576,0.04100400019524386,0.0,602112,0.0,0.0,0.0,0.0,0,0.0,0.0,0.0,0.0,0,0.0,0.0,0.0,0.0,0,0.0,0.0,0.0,0.0,0
1,monolithic_k8s_1svc,124,82.05060899990713,78.58120099990629,3.46940800000084,602112,1,78.58120099990629,0.2564230001098622,0.04670400016948406,0.0,602112,0.0,0.0,0.0,0.0,0,0.0,0.0,0.0,0.0,0,0.0,0.0,0.0,0.0,0,0.0,0.0,0.0,0.0,0
1,monolithic_k8s_1svc,125,88.67759899999328,84.89176299985957,3.7858360001337132,602112,1,84.89176299985957,0.2612230000522686,0.03420300004108867,0.0,602112,0.0,0.0,0.0,0.0,0,0.0,0.0,0.0,0.0,0,0.0,0.0,0.0,0.0,0,0.0,0.0,0.0,0.0,0
1,monolithic_k8s_1svc,126,63.498656999854575,59.7842260001471,3.7144309997074743,602112,1,59.7842260001471,0.2501229998870258,0.03360299979249248,0.0,602112,0.0,0.0,0.0,0.0,0,0.0,0.0,0.0,0.0,0,0.0,0.0,0.0,0.0,0,0.0,0.0,0.0,0.0,0
1,monolithic_k8s_1svc,127,65.23861200003012,61.426572000073065,3.812039999957051,602112,1,61.426572000073065,0.2928260000771843,0.032203000046138186,0.0,602112,0.0,0.0,0.0,0.0,0,0.0,0.0,0.0,0.0,0,0.0,0.0,0.0,0.0,0,0.0,0.0,0.0,0.0,0
1,monolithic_k8s_1svc,128,63.80828500005009,60.30147199999192,3.506813000058173,602112,1,60.30147199999192,0.2221199999894452,0.03270299998803239,0.0,602112,0.0,0.0,0.0,0.0,0,0.0,0.0,0.0,0.0,0,0.0,0.0,0.0,0.0,0,0.0,0.0,0.0,0.0,0
1,monolithic_k8s_1svc,129,68.21827699991445,64.42073799985337,3.7975390000610787,602112,1,64.42073799985337,0.21601999992526544,0.03300300022601732,0.0,602112,0.0,0.0,0.0,0.0,0,0.0,0.0,0.0,0.0,0,0.0,0.0,0.0,0.0,0,0.0,0.0,0.0,0.0,0
1,monolithic_k8s_1svc,130,80.8098989998598,76.987458000076,3.822440999783794,602112,1,76.987458000076,0.2736249998633866,0.03840399995169719,0.0,602112,0.0,0.0,0.0,0.0,0,0.0,0.0,0.0,0.0,0,0.0,0.0,0.0,0.0,0,0.0,0.0,0.0,0.0,0
1,monolithic_k8s_1svc,131,68.32838699983768,64.73906700011867,3.5893199997190095,602112,1,64.73906700011867,0.2682239999103331,0.032802999839987024,0.0,602112,0.0,0.0,0.0,0.0,0,0.0,0.0,0.0,0.0,0,0.0,0.0,0.0,0.0,0,0.0,0.0,0.0,0.0,0
1,monolithic_k8s_1svc,132,68.10296699995888,64.77487000006477,3.3280969998941146,602112,1,64.77487000006477,0.22551999995812366,0.033002999998643645,0.0,602112,0.0,0.0,0.0,0.0,0,0.0,0.0,0.0,0.0,0,0.0,0.0,0.0,0.0,0,0.0,0.0,0.0,0.0,0
1,monolithic_k8s_1svc,133,64.2643250000674,60.62530099984542,3.63902400022198,602112,1,60.62530099984542,0.29252600006657303,0.033103000077971956,0.0,602112,0.0,0.0,0.0,0.0,0,0.0,0.0,0.0,0.0,0,0.0,0.0,0.0,0.0,0,0.0,0.0,0.0,0.0,0
1,monolithic_k8s_1svc,134,61.54728299998169,57.854553999959535,3.6927290000221547,602112,1,57.854553999959535,0.25832300002548436,0.0328030000673607,0.0,602112,0.0,0.0,0.0,0.0,0,0.0,0.0,0.0,0.0,0,0.0,0.0,0.0,0.0,0,0.0,0.0,0.0,0.0,0
1,monolithic_k8s_1svc,135,61.115743999835104,57.592730999886044,3.52301299994906,602112,1,57.592730999886044,0.24512200002391182,0.032102999966809875,0.0,602112,0.0,0.0,0.0,0.0,0,0.0,0.0,0.0,0.0,0,0.0,0.0,0.0,0.0,0,0.0,0.0,0.0,0.0,0
1,monolithic_k8s_1svc,136,60.95202999995308,57.21099599986701,3.7410340000860742,602112,1,57.21099599986701,0.23492100012845185,0.03260300013607775,0.0,602112,0.0,0.0,0.0,0.0,0,0.0,0.0,0.0,0.0,0,0.0,0.0,0.0,0.0,0,0.0,0.0,0.0,0.0,0
1,monolithic_k8s_1svc,137,62.361656000121,58.65202500012856,3.7096309999924415,602112,1,58.65202500012856,0.21441900003082992,0.07600699996146432,0.0,602112,0.0,0.0,0.0,0.0,0,0.0,0.0,0.0,0.0,0,0.0,0.0,0.0,0.0,0,0.0,0.0,0.0,0.0,0
1,monolithic_k8s_1svc,138,69.54079499996624,65.88326900009633,3.657525999869904,602112,1,65.88326900009633,0.2776249998532876,0.03270299998803239,0.0,602112,0.0,0.0,0.0,0.0,0,0.0,0.0,0.0,0.0,0,0.0,0.0,0.0,0.0,0,0.0,0.0,0.0,0.0,0
1,monolithic_k8s_1svc,139,68.67631799991614,64.17761800003063,4.498699999885503,602112,1,64.17761800003063,0.24632199983898317,0.03150200018353644,0.0,602112,0.0,0.0,0.0,0.0,0,0.0,0.0,0.0,0.0,0,0.0,0.0,0.0,0.0,0,0.0,0.0,0.0,0.0,0
1,monolithic_k8s_1svc,140,63.46905500004141,60.09695399984594,3.372101000195471,602112,1,60.09695399984594,0.2518220001093141,0.030903000151738524,0.0,602112,0.0,0.0,0.0,0.0,0,0.0,0.0,0.0,0.0,0,0.0,0.0,0.0,0.0,0,0.0,0.0,0.0,0.0,0
1,monolithic_k8s_1svc,141,68.80763100002696,65.10189999994509,3.705731000081869,602112,1,65.10189999994509,0.22542000010616903,0.03350299994053785,0.0,602112,0.0,0.0,0.0,0.0,0,0.0,0.0,0.0,0.0,0,0.0,0.0,0.0,0.0,0,0.0,0.0,0.0,0.0,0
1,monolithic_k8s_1svc,142,63.23633399983919,59.66961600006471,3.5667179997744825,602112,1,59.66961600006471,0.262124000073527,0.03460299990365456,0.0,602112,0.0,0.0,0.0,0.0,0,0.0,0.0,0.0,0.0,0,0.0,0.0,0.0,0.0,0,0.0,0.0,0.0,0.0,0
1,monolithic_k8s_1svc,143,71.98011399987081,68.39579400002549,3.58431999984532,602112,1,68.39579400002549,0.2512229998501425,0.030802000082985614,0.0,602112,0.0,0.0,0.0,0.0,0,0.0,0.0,0.0,0.0,0,0.0,0.0,0.0,0.0,0,0.0,0.0,0.0,0.0,0
1,monolithic_k8s_1svc,144,62.109732999942935,58.36249999993015,3.747233000012784,602112,1,58.36249999993015,0.23172100009105634,0.031602000035491074,0.0,602112,0.0,0.0,0.0,0.0,0,0.0,0.0,0.0,0.0,0,0.0,0.0,0.0,0.0,0,0.0,0.0,0.0,0.0,0
1,monolithic_k8s_1svc,145,64.58565499997349,60.65420400000221,3.9314509999712755,602112,1,60.65420400000221,0.247021999939534,0.03140300009363273,0.0,602112,0.0,0.0,0.0,0.0,0,0.0,0.0,0.0,0.0,0,0.0,0.0,0.0,0.0,0,0.0,0.0,0.0,0.0,0
1,monolithic_k8s_1svc,146,73.1632179999906,69.55879799988907,3.604420000101527,602112,1,69.55879799988907,0.1805160000003525,0.035803000173473265,0.0,602112,0.0,0.0,0.0,0.0,0,0.0,0.0,0.0,0.0,0,0.0,0.0,0.0,0.0,0,0.0,0.0,0.0,0.0,0
1,monolithic_k8s_1svc,147,78.31247700005406,74.25461599996197,4.057861000092089,602112,1,74.25461599996197,0.34303000006730144,0.03240299997742113,0.0,602112,0.0,0.0,0.0,0.0,0,0.0,0.0,0.0,0.0,0,0.0,0.0,0.0,0.0,0,0.0,0.0,0.0,0.0,0
1,monolithic_k8s_1svc,148,68.5181050000665,64.83847699996659,3.6796280000999104,602112,1,64.83847699996659,0.26922400002149516,0.032902999919315334,0.0,602112,0.0,0.0,0.0,0.0,0,0.0,0.0,0.0,0.0,0,0.0,0.0,0.0,0.0,0,0.0,0.0,0.0,0.0,0
1,monolithic_k8s_1svc,149,66.87235899994448,62.44986399997288,4.422494999971605,602112,1,62.44986399997288,0.439538999899014,0.035703000094144954,0.0,602112,0.0,0.0,0.0,0.0,0,0.0,0.0,0.0,0.0,0,0.0,0.0,0.0,0.0,0,0.0,0.0,0.0,0.0,0
1,monolithic_k8s_1svc,150,68.88013700017837,63.0489170000601,5.831220000118265,602112,1,63.0489170000601,0.33723100000315753,0.03260300013607775,0.0,602112,0.0,0.0,0.0,0.0,0,0.0,0.0,0.0,0.0,0,0.0,0.0,0.0,0.0,0,0.0,0.0,0.0,0.0,0
1,monolithic_k8s_1svc,151,66.95836600010807,62.72528899989993,4.233077000208141,602112,1,62.72528899989993,0.30962699997871823,0.034003000109805726,0.0,602112,0.0,0.0,0.0,0.0,0,0.0,0.0,0.0,0.0,0,0.0,0.0,0.0,0.0,0,0.0,0.0,0.0,0.0,0
1,monolithic_k8s_1svc,152,63.31434100002298,59.59080899992841,3.723532000094565,602112,1,59.59080899992841,0.27442500004326575,0.03180299995619862,0.0,602112,0.0,0.0,0.0,0.0,0,0.0,0.0,0.0,0.0,0,0.0,0.0,0.0,0.0,0,0.0,0.0,0.0,0.0,0
1,monolithic_k8s_1svc,153,61.12064499984626,56.608544000027905,4.512100999818358,602112,1,56.608544000027905,0.2215199999682227,0.034803000062311185,0.0,602112,0.0,0.0,0.0,0.0,0,0.0,0.0,0.0,0.0,0,0.0,0.0,0.0,0.0,0,0.0,0.0,0.0,0.0,0
1,monolithic_k8s_1svc,154,66.22270000002572,62.46216599993204,3.760534000093685,602112,1,62.46216599993204,0.26242300009471364,0.0359030000254279,0.0,602112,0.0,0.0,0.0,0.0,0,0.0,0.0,0.0,0.0,0,0.0,0.0,0.0,0.0,0,0.0,0.0,0.0,0.0,0
1,monolithic_k8s_1svc,155,61.694097000099646,57.65703800011579,4.037058999983856,602112,1,57.65703800011579,0.26392299992039625,0.031602000035491074,0.0,602112,0.0,0.0,0.0,0.0,0,0.0,0.0,0.0,0.0,0,0.0,0.0,0.0,0.0,0,0.0,0.0,0.0,0.0,0
1,monolithic_k8s_1svc,156,60.87032300001738,56.765258000041285,4.1050649999760935,602112,1,56.765258000041285,0.2246199999262899,0.03190300003552693,0.0,602112,0.0,0.0,0.0,0.0,0,0.0,0.0,0.0,0.0,0,0.0,0.0,0.0,0.0,0,0.0,0.0,0.0,0.0,0
1,monolithic_k8s_1svc,157,61.07864199998403,57.58053099998506,3.4981109999989712,602112,1,57.58053099998506,0.20301800009292492,0.03260299990870408,0.0,602112,0.0,0.0,0.0,0.0,0,0.0,0.0,0.0,0.0,0,0.0,0.0,0.0,0.0,0,0.0,0.0,0.0,0.0,0
1,monolithic_k8s_1svc,158,61.015736999934234,57.45301900014965,3.5627179997845815,602112,1,57.45301900014965,0.22431999991567864,0.03180299995619862,0.0,602112,0.0,0.0,0.0,0.0,0,0.0,0.0,0.0,0.0,0,0.0,0.0,0.0,0.0,0,0.0,0.0,0.0,0.0,0
1,monolithic_k8s_1svc,159,62.23034499998903,58.49471200008338,3.735632999905647,602112,1,58.49471200008338,0.24792199997136777,0.03270299998803239,0.0,602112,0.0,0.0,0.0,0.0,0,0.0,0.0,0.0,0.0,0,0.0,0.0,0.0,0.0,0,0.0,0.0,0.0,0.0,0
1,monolithic_k8s_1svc,160,62.85780100006377,59.55240599996614,3.305395000097633,602112,1,59.55240599996614,0.2554229999987001,0.031303000014304416,0.0,602112,0.0,0.0,0.0,0.0,0,0.0,0.0,0.0,0.0,0,0.0,0.0,0.0,0.0,0,0.0,0.0,0.0,0.0,0
1,monolithic_k8s_1svc,161,68.08556700002555,64.89938200002143,3.186185000004116,602112,1,64.89938200002143,0.22712000009050826,0.03010299997185939,0.0,602112,0.0,0.0,0.0,0.0,0,0.0,0.0,0.0,0.0,0,0.0,0.0,0.0,0.0,0,0.0,0.0,0.0,0.0,0
1,monolithic_k8s_1svc,162,58.92285000004449,54.98449899982916,3.9383510002153344,602112,1,54.98449899982916,0.23322100014411262,0.03190300003552693,0.0,602112,0.0,0.0,0.0,0.0,0,0.0,0.0,0.0,0.0,0,0.0,0.0,0.0,0.0,0,0.0,0.0,0.0,0.0,0
1,monolithic_k8s_1svc,163,61.349465999910535,57.768347000092035,3.5811189998185,602112,1,57.768347000092035,0.24142099982782383,0.030402999982470647,0.0,602112,0.0,0.0,0.0,0.0,0,0.0,0.0,0.0,0.0,0,0.0,0.0,0.0,0.0,0,0.0,0.0,0.0,0.0,0
1,monolithic_k8s_1svc,164,60.72121000011066,56.849464999913835,3.8717450001968245,602112,1,56.849464999913835,0.20001799998681236,0.03180299995619862,0.0,602112,0.0,0.0,0.0,0.0,0,0.0,0.0,0.0,0.0,0,0.0,0.0,0.0,0.0,0,0.0,0.0,0.0,0.0,0
1,monolithic_k8s_1svc,165,61.80570700007593,58.2111859998804,3.5945210001955274,602112,1,58.2111859998804,0.22872099998494377,0.031303000014304416,0.0,602112,0.0,0.0,0.0,0.0,0,0.0,0.0,0.0,0.0,0,0.0,0.0,0.0,0.0,0,0.0,0.0,0.0,0.0,0
1,monolithic_k8s_1svc,166,60.849122000036004,57.184495000001334,3.6646270000346703,602112,1,57.184495000001334,0.22611999997934618,0.03250300005674944,0.0,602112,0.0,0.0,0.0,0.0,0,0.0,0.0,0.0,0.0,0,0.0,0.0,0.0,0.0,0,0.0,0.0,0.0,0.0,0
1,monolithic_k8s_1svc,167,71.03212900005929,67.00056900012896,4.031559999930323,602112,1,67.00056900012896,0.3270299998803239,0.03650400003607501,0.0,602112,0.0,0.0,0.0,0.0,0,0.0,0.0,0.0,0.0,0,0.0,0.0,0.0,0.0,0,0.0,0.0,0.0,0.0,0
1,monolithic_k8s_1svc,168,69.99533700013671,66.52642800008834,3.46890900004837,602112,1,66.52642800008834,0.2871250001135195,0.03530300000420539,0.0,602112,0.0,0.0,0.0,0.0,0,0.0,0.0,0.0,0.0,0,0.0,0.0,0.0,0.0,0,0.0,0.0,0.0,0.0,0
1,monolithic_k8s_1svc,169,61.53238199999578,58.59782100014854,2.9345609998472355,602112,1,58.59782100014854,0.2397219998329092,0.03140299986625905,0.0,602112,0.0,0.0,0.0,0.0,0,0.0,0.0,0.0,0.0,0,0.0,0.0,0.0,0.0,0,0.0,0.0,0.0,0.0,0
1,monolithic_k8s_1svc,170,60.1609609998377,56.651147000138735,3.509813999698963,602112,1,56.651147000138735,0.21981999998388346,0.03170299987687031,0.0,602112,0.0,0.0,0.0,0.0,0,0.0,0.0,0.0,0.0,0,0.0,0.0,0.0,0.0,0,0.0,0.0,0.0,0.0,0
1,monolithic_k8s_1svc,171,59.226876999900924,55.45394099999612,3.772935999904803,602112,1,55.45394099999612,0.18661700005395687,0.036102999956710846,0.0,602112,0.0,0.0,0.0,0.0,0,0.0,0.0,0.0,0.0,0,0.0,0.0,0.0,0.0,0,0.0,0.0,0.0,0.0,0
1,monolithic_k8s_1svc,172,71.00972700004604,66.85875800008034,4.1509689999656985,602112,1,66.85875800008034,0.4227370000080555,0.03240199998799653,0.0,602112,0.0,0.0,0.0,0.0,0,0.0,0.0,0.0,0.0,0,0.0,0.0,0.0,0.0,0,0.0,0.0,0.0,0.0,0
1,monolithic_k8s_1svc,173,68.20217699987552,64.28822800012313,3.9139489997523924,602112,1,64.28822800012313,0.22642099997938203,0.04390399999465444,0.0,602112,0.0,0.0,0.0,0.0,0,0.0,0.0,0.0,0.0,0,0.0,0.0,0.0,0.0,0,0.0,0.0,0.0,0.0,0
1,monolithic_k8s_1svc,174,62.98541199998908,59.24967900000411,3.7357329999849753,602112,1,59.24967900000411,0.30502699996759475,0.032802999839987024,0.0,602112,0.0,0.0,0.0,0.0,0,0.0,0.0,0.0,0.0,0,0.0,0.0,0.0,0.0,0,0.0,0.0,0.0,0.0,0
1,monolithic_k8s_1svc,175,67.62532499988083,63.47025499985648,4.155070000024352,602112,1,63.47025499985648,0.3133280001748062,0.03680300005726167,0.0,602112,0.0,0.0,0.0,0.0,0,0.0,0.0,0.0,0.0,0,0.0,0.0,0.0,0.0,0,0.0,0.0,0.0,0.0,0
1,monolithic_k8s_1svc,176,65.33402100012609,61.31556299988006,4.018458000246028,602112,1,61.31556299988006,0.29992700001457706,0.06060500004423375,0.0,602112,0.0,0.0,0.0,0.0,0,0.0,0.0,0.0,0.0,0,0.0,0.0,0.0,0.0,0,0.0,0.0,0.0,0.0,0
1,monolithic_k8s_1svc,177,68.99934800003393,65.03149400009534,3.9678539999385976,602112,1,65.03149400009534,0.2643230000103358,0.033802999951149104,0.0,602112,0.0,0.0,0.0,0.0,0,0.0,0.0,0.0,0.0,0,0.0,0.0,0.0,0.0,0,0.0,0.0,0.0,0.0,0
1,monolithic_k8s_1svc,178,64.34623299992381,60.63190199984092,3.7143310000828933,602112,1,60.63190199984092,0.3036269999938668,0.03160300002491567,0.0,602112,0.0,0.0,0.0,0.0,0,0.0,0.0,0.0,0.0,0,0.0,0.0,0.0,0.0,0,0.0,0.0,0.0,0.0,0
1,monolithic_k8s_1svc,179,66.1090900000545,61.93071799998506,4.17837200006943,602112,1,61.93071799998506,0.24632200006635685,0.03530300000420539,0.0,602112,0.0,0.0,0.0,0.0,0,0.0,0.0,0.0,0.0,0,0.0,0.0,0.0,0.0,0,0.0,0.0,0.0,0.0,0
1,monolithic_k8s_1svc,180,68.71842300006392,64.76007100013703,3.95835199992689,602112,1,64.76007100013703,0.23942100006024702,0.03490299991426582,0.0,602112,0.0,0.0,0.0,0.0,0,0.0,0.0,0.0,0.0,0,0.0,0.0,0.0,0.0,0,0.0,0.0,0.0,0.0,0
1,monolithic_k8s_1svc,181,64.8528780000106,60.93032899980244,3.922549000208164,602112,1,60.93032899980244,0.2596230001472577,0.03110200009359687,0.0,602112,0.0,0.0,0.0,0.0,0,0.0,0.0,0.0,0.0,0,0.0,0.0,0.0,0.0,0,0.0,0.0,0.0,0.0,0
1,monolithic_k8s_1svc,182,75.89156200015168,71.77239399993596,4.119168000215723,602112,1,71.77239399993596,0.26492400002098293,0.03690400012601458,0.0,602112,0.0,0.0,0.0,0.0,0,0.0,0.0,0.0,0.0,0,0.0,0.0,0.0,0.0,0,0.0,0.0,0.0,0.0,0
1,monolithic_k8s_1svc,183,64.65926100008801,60.83521999994446,3.824041000143552,602112,1,60.83521999994446,0.27392500010137155,0.05080500000076427,0.0,602112,0.0,0.0,0.0,0.0,0,0.0,0.0,0.0,0.0,0,0.0,0.0,0.0,0.0,0,0.0,0.0,0.0,0.0,0
1,monolithic_k8s_1svc,184,62.530272000003606,58.90504800004237,3.6252239999612357,602112,1,58.90504800004237,0.2445220000026893,0.03370300009919447,0.0,602112,0.0,0.0,0.0,0.0,0,0.0,0.0,0.0,0.0,0,0.0,0.0,0.0,0.0,0,0.0,0.0,0.0,0.0,0
1,monolithic_k8s_1svc,185,61.625090999996246,57.971765000047526,3.65332599994872,602112,1,57.971765000047526,0.22392000005311274,0.03320299992992659,0.0,602112,0.0,0.0,0.0,0.0,0,0.0,0.0,0.0,0.0,0,0.0,0.0,0.0,0.0,0,0.0,0.0,0.0,0.0,0
1,monolithic_k8s_1svc,186,61.30016099996283,57.58432999982688,3.7158310001359496,602112,1,57.58432999982688,0.26622400014275627,0.03420300004108867,0.0,602112,0.0,0.0,0.0,0.0,0,0.0,0.0,0.0,0.0,0,0.0,0.0,0.0,0.0,0,0.0,0.0,0.0,0.0,0
1,monolithic_k8s_1svc,187,68.66731800005255,64.92908499990335,3.7382330001491937,602112,1,64.92908499990335,0.18921700007012987,0.0323030001254665,0.0,602112,0.0,0.0,0.0,0.0,0,0.0,0.0,0.0,0.0,0,0.0,0.0,0.0,0.0,0,0.0,0.0,0.0,0.0,0
1,monolithic_k8s_1svc,188,61.8183079998289,58.197384999857604,3.620922999971299,602112,1,58.197384999857604,0.25052199998754077,0.031703000104243984,0.0,602112,0.0,0.0,0.0,0.0,0,0.0,0.0,0.0,0.0,0,0.0,0.0,0.0,0.0,0,0.0,0.0,0.0,0.0,0
1,monolithic_k8s_1svc,189,62.27894899984676,58.59522100013237,3.6837279997143924,602112,1,58.59522100013237,0.19361699992259673,0.03100300000369316,0.0,602112,0.0,0.0,0.0,0.0,0,0.0,0.0,0.0,0.0,0,0.0,0.0,0.0,0.0,0,0.0,0.0,0.0,0.0,0
1,monolithic_k8s_1svc,190,64.22452199990403,60.70990900002471,3.5146129998793185,602112,1,60.70990900002471,0.2163189999464521,0.032203000046138186,0.0,602112,0.0,0.0,0.0,0.0,0,0.0,0.0,0.0,0.0,0,0.0,0.0,0.0,0.0,0,0.0,0.0,0.0,0.0,0
1,monolithic_k8s_1svc,191,63.063118999934886,59.75842499992723,3.3046940000076575,602112,1,59.75842499992723,0.2633230001265474,0.03450300005169993,0.0,602112,0.0,0.0,0.0,0.0,0,0.0,0.0,0.0,0.0,0,0.0,0.0,0.0,0.0,0,0.0,0.0,0.0,0.0,0
1,monolithic_k8s_1svc,192,62.86060100001123,59.50640199989721,3.354199000114022,602112,1,59.50640199989721,0.2305200000591867,0.03460300013102824,0.0,602112,0.0,0.0,0.0,0.0,0,0.0,0.0,0.0,0.0,0,0.0,0.0,0.0,0.0,0,0.0,0.0,0.0,0.0,0
1,monolithic_k8s_1svc,193,63.199131000146735,59.757124000043405,3.442007000103331,602112,1,59.757124000043405,0.24292199987030472,0.03500299999359413,0.0,602112,0.0,0.0,0.0,0.0,0,0.0,0.0,0.0,0.0,0,0.0,0.0,0.0,0.0,0,0.0,0.0,0.0,0.0,0
1,monolithic_k8s_1svc,194,64.99709099989559,61.41117199990731,3.58591899998828,602112,1,61.41117199990731,0.23912100004963577,0.03500299999359413,0.0,602112,0.0,0.0,0.0,0.0,0,0.0,0.0,0.0,0.0,0,0.0,0.0,0.0,0.0,0,0.0,0.0,0.0,0.0,0
1,monolithic_k8s_1svc,195,62.40765999996256,58.792638000113584,3.6150219998489774,602112,1,58.792638000113584,0.2791249999063439,0.03190300003552693,0.0,602112,0.0,0.0,0.0,0.0,0,0.0,0.0,0.0,0.0,0,0.0,0.0,0.0,0.0,0,0.0,0.0,0.0,0.0,0
1,monolithic_k8s_1svc,196,62.43366200010314,58.69072900009087,3.742933000012272,602112,1,58.69072900009087,0.2351210000597348,0.032802999839987024,0.0,602112,0.0,0.0,0.0,0.0,0,0.0,0.0,0.0,0.0,0,0.0,0.0,0.0,0.0,0,0.0,0.0,0.0,0.0,0
1,monolithic_k8s_1svc,197,63.952898000025016,60.120157000028485,3.832740999996531,602112,1,60.120157000028485,0.2626230000259966,0.03110300008302147,0.0,602112,0.0,0.0,0.0,0.0,0,0.0,0.0,0.0,0.0,0,0.0,0.0,0.0,0.0,0,0.0,0.0,0.0,0.0,0
1,monolithic_k8s_1svc,198,64.17141700012507,60.57419699982347,3.597220000301604,602112,1,60.57419699982347,0.22232000014810183,0.03520300015225075,0.0,602112,0.0,0.0,0.0,0.0,0,0.0,0.0,0.0,0.0,0,0.0,0.0,0.0,0.0,0,0.0,0.0,0.0,0.0,0
1,monolithic_k8s_1svc,199,62.79089500003465,59.07076300013614,3.7201319998985127,602112,1,59.07076300013614,0.27502399984769,0.03180299995619862,0.0,602112,0.0,0.0,0.0,0.0,0,0.0,0.0,0.0,0.0,0,0.0,0.0,0.0,0.0,0,0.0,0.0,0.0,0.0,0
1,monolithic_k8s_1svc,200,64.77687100004914,61.38816899988342,3.388702000165722,602112,1,61.38816899988342,0.24672200015629642,0.0359030000254279,0.0,602112,0.0,0.0,0.0,0.0,0,0.0,0.0,0.0,0.0,0,0.0,0.0,0.0,0.0,0,0.0,0.0,0.0,0.0,0
2,monolithic_k8s_1svc,1,59.61971299984725,56.028498999921794,3.5912139999254578,602112,1,56.028498999921794,0.2517220000299858,0.033002999998643645,0.0,602112,0.0,0.0,0.0,0.0,0,0.0,0.0,0.0,0.0,0,0.0,0.0,0.0,0.0,0,0.0,0.0,0.0,0.0,0
2,monolithic_k8s_1svc,2,62.819891999879474,59.26248200012196,3.5574099997575104,602112,1,59.26248200012196,0.25182199988194043,0.03260199991927948,0.0,602112,0.0,0.0,0.0,0.0,0,0.0,0.0,0.0,0.0,0,0.0,0.0,0.0,0.0,0,0.0,0.0,0.0,0.0,0
2,monolithic_k8s_1svc,3,60.56209499979559,57.104992999938986,3.4571019998566044,602112,1,57.104992999938986,0.2726239999901736,0.03100200001426856,0.0,602112,0.0,0.0,0.0,0.0,0,0.0,0.0,0.0,0.0,0,0.0,0.0,0.0,0.0,0,0.0,0.0,0.0,0.0,0
2,monolithic_k8s_1svc,4,61.32526200008215,57.45152400004372,3.873738000038429,602112,1,57.45152400004372,0.21031799997217604,0.035902999798054225,0.0,602112,0.0,0.0,0.0,0.0,0,0.0,0.0,0.0,0.0,0,0.0,0.0,0.0,0.0,0,0.0,0.0,0.0,0.0,0
2,monolithic_k8s_1svc,5,64.52114100011386,60.96743099988089,3.553710000232968,602112,1,60.96743099988089,0.29842600019946985,0.03340300008858321,0.0,602112,0.0,0.0,0.0,0.0,0,0.0,0.0,0.0,0.0,0,0.0,0.0,0.0,0.0,0,0.0,0.0,0.0,0.0,0
2,monolithic_k8s_1svc,6,66.40910700002678,61.98211899982198,4.426988000204801,602112,1,61.98211899982198,0.26662300001589756,0.053605000175593887,0.0,602112,0.0,0.0,0.0,0.0,0,0.0,0.0,0.0,0.0,0,0.0,0.0,0.0,0.0,0,0.0,0.0,0.0,0.0,0
2,monolithic_k8s_1svc,7,65.08039000004828,60.79831599981844,4.282074000229841,602112,1,60.79831599981844,0.26282299995727954,0.03860400011035381,0.0,602112,0.0,0.0,0.0,0.0,0,0.0,0.0,0.0,0.0,0,0.0,0.0,0.0,0.0,0,0.0,0.0,0.0,0.0,0
2,monolithic_k8s_1svc,8,68.65510300008282,64.43843499982904,4.216668000253776,602112,1,64.43843499982904,0.2628230001846532,0.03630300011536747,0.0,602112,0.0,0.0,0.0,0.0,0,0.0,0.0,0.0,0.0,0,0.0,0.0,0.0,0.0,0,0.0,0.0,0.0,0.0,0
2,monolithic_k8s_1svc,9,67.5872099998287,63.89738699999725,3.689822999831449,602112,1,63.89738699999725,0.2955259999453119,0.04310400004214898,0.0,602112,0.0,0.0,0.0,0.0,0,0.0,0.0,0.0,0.0,0,0.0,0.0,0.0,0.0,0,0.0,0.0,0.0,0.0,0
2,monolithic_k8s_1svc,10,64.33832600009737,60.317474000157745,4.020851999939623,602112,1,60.317474000157745,0.3198279998741782,0.035202999924877076,0.0,602112,0.0,0.0,0.0,0.0,0,0.0,0.0,0.0,0.0,0,0.0,0.0,0.0,0.0,0,0.0,0.0,0.0,0.0,0
2,monolithic_k8s_1svc,11,68.31257299995741,64.26821900004143,4.044353999915984,602112,1,64.26821900004143,0.23912100004963577,0.03250300005674944,0.0,602112,0.0,0.0,0.0,0.0,0,0.0,0.0,0.0,0.0,0,0.0,0.0,0.0,0.0,0,0.0,0.0,0.0,0.0,0
2,monolithic_k8s_1svc,12,64.14470799995797,60.42348399978437,3.7212240001736063,602112,1,60.42348399978437,0.2591220002159389,0.03620300003603916,0.0,602112,0.0,0.0,0.0,0.0,0,0.0,0.0,0.0,0.0,0,0.0,0.0,0.0,0.0,0,0.0,0.0,0.0,0.0,0
2,monolithic_k8s_1svc,13,61.55678300001455,58.37890399993739,3.177879000077155,602112,1,58.37890399993739,0.26442300008966413,0.033103000077971956,0.0,602112,0.0,0.0,0.0,0.0,0,0.0,0.0,0.0,0.0,0,0.0,0.0,0.0,0.0,0,0.0,0.0,0.0,0.0,0
2,monolithic_k8s_1svc,14,61.41796999986582,58.04187499984437,3.3760950000214507,602112,1,58.04187499984437,0.23132000001169217,0.0328030000673607,0.0,602112,0.0,0.0,0.0,0.0,0,0.0,0.0,0.0,0.0,0,0.0,0.0,0.0,0.0,0,0.0,0.0,0.0,0.0,0
2,monolithic_k8s_1svc,15,60.201364000022295,56.183613000030164,4.017750999992131,602112,1,56.183613000030164,0.25212200011992536,0.033801999961724505,0.0,602112,0.0,0.0,0.0,0.0,0,0.0,0.0,0.0,0.0,0,0.0,0.0,0.0,0.0,0,0.0,0.0,0.0,0.0,0
2,monolithic_k8s_1svc,16,60.08345300006113,56.060901999899215,4.022551000161911,602112,1,56.060901999899215,0.2654230002008262,0.03090299992436485,0.0,602112,0.0,0.0,0.0,0.0,0,0.0,0.0,0.0,0.0,0,0.0,0.0,0.0,0.0,0,0.0,0.0,0.0,0.0,0
2,monolithic_k8s_1svc,17,61.93471500000669,58.056675999978324,3.878039000028366,602112,1,58.056675999978324,0.2601229998617782,0.0333030000092549,0.0,602112,0.0,0.0,0.0,0.0,0,0.0,0.0,0.0,0.0,0,0.0,0.0,0.0,0.0,0,0.0,0.0,0.0,0.0,0
2,monolithic_k8s_1svc,18,63.703069999974105,59.63651399997616,4.066555999997945,602112,1,59.63651399997616,0.2578229998562165,0.03030300013051601,0.0,602112,0.0,0.0,0.0,0.0,0,0.0,0.0,0.0,0.0,0,0.0,0.0,0.0,0.0,0,0.0,0.0,0.0,0.0,0
2,monolithic_k8s_1svc,19,63.68746799989822,59.81153000016093,3.875937999737289,602112,1,59.81153000016093,0.26242299986733997,0.032102999966809875,0.0,602112,0.0,0.0,0.0,0.0,0,0.0,0.0,0.0,0.0,0,0.0,0.0,0.0,0.0,0,0.0,0.0,0.0,0.0,0
2,monolithic_k8s_1svc,20,63.10391800002435,59.33318799998233,3.770730000042022,602112,1,59.33318799998233,0.22951999994802463,0.030301999913717736,0.0,602112,0.0,0.0,0.0,0.0,0,0.0,0.0,0.0,0.0,0,0.0,0.0,0.0,0.0,0,0.0,0.0,0.0,0.0,0
2,monolithic_k8s_1svc,21,67.3158859999603,63.004008999996586,4.311876999963715,602112,1,63.004008999996586,0.2460220000557456,0.03200300011485524,0.0,602112,0.0,0.0,0.0,0.0,0,0.0,0.0,0.0,0.0,0,0.0,0.0,0.0,0.0,0,0.0,0.0,0.0,0.0,0
2,monolithic_k8s_1svc,22,66.29659599980187,62.46956300014972,3.827032999652147,602112,1,62.46956300014972,0.23011999996924715,0.03240199998799653,0.0,602112,0.0,0.0,0.0,0.0,0,0.0,0.0,0.0,0.0,0,0.0,0.0,0.0,0.0,0,0.0,0.0,0.0,0.0,0
2,monolithic_k8s_1svc,23,64.06790200003343,60.40228200004094,3.6656199999924866,602112,1,60.40228200004094,0.2668229999471805,0.03460299990365456,0.0,602112,0.0,0.0,0.0,0.0,0,0.0,0.0,0.0,0.0,0,0.0,0.0,0.0,0.0,0,0.0,0.0,0.0,0.0,0
2,monolithic_k8s_1svc,24,64.03059900003427,60.860121999894545,3.1704770001397264,602112,1,60.860121999894545,0.22171899991008104,0.0333030000092549,0.0,602112,0.0,0.0,0.0,0.0,0,0.0,0.0,0.0,0.0,0,0.0,0.0,0.0,0.0,0,0.0,0.0,0.0,0.0,0
2,monolithic_k8s_1svc,25,66.83964400008335,63.49975200009794,3.3398919999854115,602112,1,63.49975200009794,0.3318289998333057,0.032002999887481565,0.0,602112,0.0,0.0,0.0,0.0,0,0.0,0.0,0.0,0.0,0,0.0,0.0,0.0,0.0,0,0.0,0.0,0.0,0.0,0
2,monolithic_k8s_1svc,26,63.98189399988041,60.066452000000936,3.9154419998794765,602112,1,60.066452000000936,0.30772700006309606,0.030702999993081903,0.0,602112,0.0,0.0,0.0,0.0,0,0.0,0.0,0.0,0.0,0,0.0,0.0,0.0,0.0,0,0.0,0.0,0.0,0.0,0
2,monolithic_k8s_1svc,27,66.34150100012448,62.56727000004503,3.7742310000794532,602112,1,62.56727000004503,0.2833249998275278,0.030903000151738524,0.0,602112,0.0,0.0,0.0,0.0,0,0.0,0.0,0.0,0.0,0,0.0,0.0,0.0,0.0,0,0.0,0.0,0.0,0.0,0
2,monolithic_k8s_1svc,28,61.9667189998836,58.346602000028724,3.620116999854872,602112,1,58.346602000028724,0.26242300009471364,0.03250300005674944,0.0,602112,0.0,0.0,0.0,0.0,0,0.0,0.0,0.0,0.0,0,0.0,0.0,0.0,0.0,0,0.0,0.0,0.0,0.0,0
2,monolithic_k8s_1svc,29,73.65804000005483,70.25644400005149,3.4015960000033374,602112,1,70.25644400005149,0.26702299987846345,0.05980500009172829,0.0,602112,0.0,0.0,0.0,0.0,0,0.0,0.0,0.0,0.0,0,0.0,0.0,0.0,0.0,0,0.0,0.0,0.0,0.0,0
2,monolithic_k8s_1svc,30,61.95551699988755,58.60092399984751,3.3545930000400404,602112,1,58.60092399984751,0.2543220000461588,0.0333030000092549,0.0,602112,0.0,0.0,0.0,0.0,0,0.0,0.0,0.0,0.0,0,0.0,0.0,0.0,0.0,0,0.0,0.0,0.0,0.0,0
2,monolithic_k8s_1svc,31,62.36755299983088,58.53371800003515,3.8338349997957266,602112,1,58.53371800003515,0.2678230000583426,0.03160300002491567,0.0,602112,0.0,0.0,0.0,0.0,0,0.0,0.0,0.0,0.0,0,0.0,0.0,0.0,0.0,0,0.0,0.0,0.0,0.0,0
2,monolithic_k8s_1svc,32,62.21944000003532,58.65132799999628,3.5681120000390365,602112,1,58.65132799999628,0.2199189998464135,0.03260300013607775,0.0,602112,0.0,0.0,0.0,0.0,0,0.0,0.0,0.0,0.0,0,0.0,0.0,0.0,0.0,0,0.0,0.0,0.0,0.0,0
2,monolithic_k8s_1svc,33,62.873597000134396,59.237278999944465,3.636318000189931,602112,1,59.237278999944465,0.21141900015209103,0.03580299994609959,0.0,602112,0.0,0.0,0.0,0.0,0,0.0,0.0,0.0,0.0,0,0.0,0.0,0.0,0.0,0,0.0,0.0,0.0,0.0,0
2,monolithic_k8s_1svc,34,63.93799000011313,60.21706499996071,3.7209250001524197,602112,1,60.21706499996071,0.23782099992786243,0.038004000089131296,0.0,602112,0.0,0.0,0.0,0.0,0,0.0,0.0,0.0,0.0,0,0.0,0.0,0.0,0.0,0,0.0,0.0,0.0,0.0,0
2,monolithic_k8s_1svc,35,62.774988999990455,59.28298399999221,3.492004999998244,602112,1,59.28298399999221,0.2507219999188237,0.03220200005671359,0.0,602112,0.0,0.0,0.0,0.0,0,0.0,0.0,0.0,0.0,0,0.0,0.0,0.0,0.0,0,0.0,0.0,0.0,0.0,0
2,monolithic_k8s_1svc,36,65.60973699993156,61.706096000079924,3.903640999851632,602112,1,61.706096000079924,0.254821999988053,0.032203000046138186,0.0,602112,0.0,0.0,0.0,0.0,0,0.0,0.0,0.0,0.0,0,0.0,0.0,0.0,0.0,0,0.0,0.0,0.0,0.0,0
2,monolithic_k8s_1svc,37,67.1355700001186,63.57215899993207,3.563411000186534,602112,1,63.57215899993207,0.24752200010880188,0.03430300012041698,0.0,602112,0.0,0.0,0.0,0.0,0,0.0,0.0,0.0,0.0,0,0.0,0.0,0.0,0.0,0,0.0,0.0,0.0,0.0,0
2,monolithic_k8s_1svc,38,68.17636100004165,64.14100799997868,4.035353000062969,602112,1,64.14100799997868,0.2652240000315942,0.03650300004665041,0.0,602112,0.0,0.0,0.0,0.0,0,0.0,0.0,0.0,0.0,0,0.0,0.0,0.0,0.0,0,0.0,0.0,0.0,0.0,0
2,monolithic_k8s_1svc,39,66.666529000031,62.82429299994874,3.8422360000822664,602112,1,62.82429299994874,0.30252700003075006,0.03510300007292244,0.0,602112,0.0,0.0,0.0,0.0,0,0.0,0.0,0.0,0.0,0,0.0,0.0,0.0,0.0,0,0.0,0.0,0.0,0.0,0
2,monolithic_k8s_1svc,40,70.55396900000233,66.98645699998451,3.567512000017814,602112,1,66.98645699998451,0.25522200007799256,0.03660400011540332,0.0,602112,0.0,0.0,0.0,0.0,0,0.0,0.0,0.0,0.0,0,0.0,0.0,0.0,0.0,0,0.0,0.0,0.0,0.0,0
2,monolithic_k8s_1svc,41,67.42399500012652,63.673367000092185,3.7506280000343395,602112,1,63.673367000092185,0.23262099989551643,0.03410299996176036,0.0,602112,0.0,0.0,0.0,0.0,0,0.0,0.0,0.0,0.0,0,0.0,0.0,0.0,0.0,0,0.0,0.0,0.0,0.0,0
2,monolithic_k8s_1svc,42,67.18617499996071,63.44824699999663,3.7379279999640858,602112,1,63.44824699999663,0.286525000092297,0.03310299985059828,0.0,602112,0.0,0.0,0.0,0.0,0,0.0,0.0,0.0,0.0,0,0.0,0.0,0.0,0.0,0,0.0,0.0,0.0,0.0,0
2,monolithic_k8s_1svc,43,71.33673799989992,67.68401799990897,3.65271999999095,602112,1,67.68401799990897,0.2528219999931025,0.0354030000835337,0.0,602112,0.0,0.0,0.0,0.0,0,0.0,0.0,0.0,0.0,0,0.0,0.0,0.0,0.0,0,0.0,0.0,0.0,0.0,0
2,monolithic_k8s_1svc,44,64.63795199988454,61.03163600005246,3.606315999832077,602112,1,61.03163600005246,0.2642229999310075,0.03320299992992659,0.0,602112,0.0,0.0,0.0,0.0,0,0.0,0.0,0.0,0.0,0,0.0,0.0,0.0,0.0,0,0.0,0.0,0.0,0.0,0
2,monolithic_k8s_1svc,45,62.614274999987174,59.3429880000258,3.271286999961376,602112,1,59.3429880000258,0.21661899995706335,0.036103999946135445,0.0,602112,0.0,0.0,0.0,0.0,0,0.0,0.0,0.0,0.0,0,0.0,0.0,0.0,0.0,0,0.0,0.0,0.0,0.0,0
2,monolithic_k8s_1svc,46,64.36262800002623,60.983531999909246,3.379096000116988,602112,1,60.983531999909246,0.27442400005384116,0.03270299998803239,0.0,602112,0.0,0.0,0.0,0.0,0,0.0,0.0,0.0,0.0,0,0.0,0.0,0.0,0.0,0,0.0,0.0,0.0,0.0,0
2,monolithic_k8s_1svc,47,63.8985870000397,60.58699799996248,3.3115890000772197,602112,1,60.58699799996248,0.2730239998527395,0.03520300015225075,0.0,602112,0.0,0.0,0.0,0.0,0,0.0,0.0,0.0,0.0,0,0.0,0.0,0.0,0.0,0,0.0,0.0,0.0,0.0,0
2,monolithic_k8s_1svc,48,64.82646799986469,61.09724299994923,3.729224999915459,602112,1,61.09724299994923,0.27382300004319404,0.03240299997742113,0.0,602112,0.0,0.0,0.0,0.0,0,0.0,0.0,0.0,0.0,0,0.0,0.0,0.0,0.0,0,0.0,0.0,0.0,0.0,0
2,monolithic_k8s_1svc,49,63.9675930001431,59.9939460000769,3.973647000066194,602112,1,59.9939460000769,0.29042500000286964,0.04580400013765029,0.0,602112,0.0,0.0,0.0,0.0,0,0.0,0.0,0.0,0.0,0,0.0,0.0,0.0,0.0,0,0.0,0.0,0.0,0.0,0
2,monolithic_k8s_1svc,50,63.27253200015548,59.16227300008359,4.110259000071892,602112,1,59.16227300008359,0.2716240001063852,0.032002999887481565,0.0,602112,0.0,0.0,0.0,0.0,0,0.0,0.0,0.0,0.0,0,0.0,0.0,0.0,0.0,0,0.0,0.0,0.0,0.0,0
2,monolithic_k8s_1svc,51,66.14518400010638,62.111430999948425,4.033753000157958,602112,1,62.111430999948425,0.2862250000816857,0.03380300017852278,0.0,602112,0.0,0.0,0.0,0.0,0,0.0,0.0,0.0,0.0,0,0.0,0.0,0.0,0.0,0,0.0,0.0,0.0,0.0,0
2,monolithic_k8s_1svc,52,66.78513899987593,63.05801399980737,3.727125000068554,602112,1,63.05801399980737,0.2430210001875821,0.03450300005169993,0.0,602112,0.0,0.0,0.0,0.0,0,0.0,0.0,0.0,0.0,0,0.0,0.0,0.0,0.0,0,0.0,0.0,0.0,0.0,0
2,monolithic_k8s_1svc,53,63.50255300003482,59.83963300013784,3.6629199998969852,602112,1,59.83963300013784,0.25042199990821246,0.03970299985667225,0.0,602112,0.0,0.0,0.0,0.0,0,0.0,0.0,0.0,0.0,0,0.0,0.0,0.0,0.0,0,0.0,0.0,0.0,0.0,0
2,monolithic_k8s_1svc,54,63.69617000018479,59.971344000132376,3.724826000052417,602112,1,59.971344000132376,0.27472399983707874,0.03440299997237162,0.0,602112,0.0,0.0,0.0,0.0,0,0.0,0.0,0.0,0.0,0,0.0,0.0,0.0,0.0,0,0.0,0.0,0.0,0.0,0
2,monolithic_k8s_1svc,55,64.24756100000195,60.6378439999844,3.609717000017554,602112,1,60.6378439999844,0.253422000014325,0.032102999966809875,0.0,602112,0.0,0.0,0.0,0.0,0,0.0,0.0,0.0,0.0,0,0.0,0.0,0.0,0.0,0,0.0,0.0,0.0,0.0,0
2,monolithic_k8s_1svc,56,64.79107499990278,61.21965600004842,3.571418999854359,602112,1,61.21965600004842,0.20771899994542764,0.032102999966809875,0.0,602112,0.0,0.0,0.0,0.0,0,0.0,0.0,0.0,0.0,0,0.0,0.0,0.0,0.0,0,0.0,0.0,0.0,0.0,0
2,monolithic_k8s_1svc,57,64.5739550000144,61.13114799995856,3.4428070000558364,602112,1,61.13114799995856,0.2247200000056182,0.03400299988243205,0.0,602112,0.0,0.0,0.0,0.0,0,0.0,0.0,0.0,0.0,0,0.0,0.0,0.0,0.0,0,0.0,0.0,0.0,0.0,0
2,monolithic_k8s_1svc,58,62.60277999990649,58.87034600004881,3.732433999857676,602112,1,58.87034600004881,0.2241199999843957,0.049804999889602186,0.0,602112,0.0,0.0,0.0,0.0,0,0.0,0.0,0.0,0.0,0,0.0,0.0,0.0,0.0,0,0.0,0.0,0.0,0.0,0
2,monolithic_k8s_1svc,59,86.66642399998636,83.14620999999534,3.5202139999910287,602112,1,83.14620999999534,0.24302199994963303,0.03630399987741839,0.0,602112,0.0,0.0,0.0,0.0,0,0.0,0.0,0.0,0.0,0,0.0,0.0,0.0,0.0,0,0.0,0.0,0.0,0.0,0
2,monolithic_k8s_1svc,60,73.88188400000217,69.78631999982099,4.095564000181184,602112,1,69.78631999982099,0.4156370000600873,0.03550300016286201,0.0,602112,0.0,0.0,0.0,0.0,0,0.0,0.0,0.0,0.0,0,0.0,0.0,0.0,0.0,0,0.0,0.0,0.0,0.0,0
2,monolithic_k8s_1svc,61,67.74793800013867,64.22102400006224,3.526914000076431,602112,1,64.22102400006224,0.30352699991453846,0.033002000009219046,0.0,602112,0.0,0.0,0.0,0.0,0,0.0,0.0,0.0,0.0,0,0.0,0.0,0.0,0.0,0,0.0,0.0,0.0,0.0,0
2,monolithic_k8s_1svc,62,64.96508999998696,61.23675699996056,3.728333000026396,602112,1,61.23675699996056,0.26972400019076304,0.03470399997240747,0.0,602112,0.0,0.0,0.0,0.0,0,0.0,0.0,0.0,0.0,0,0.0,0.0,0.0,0.0,0,0.0,0.0,0.0,0.0,0
2,monolithic_k8s_1svc,63,62.014027000032,58.559918999890215,3.4541080001417868,602112,1,58.559918999890215,0.25042200013558613,0.03760300000976713,0.0,602112,0.0,0.0,0.0,0.0,0,0.0,0.0,0.0,0.0,0,0.0,0.0,0.0,0.0,0,0.0,0.0,0.0,0.0,0
2,monolithic_k8s_1svc,64,68.19797799994376,64.03990699982387,4.1580710001198895,602112,1,64.03990699982387,0.24792200019874144,0.034003000109805726,0.0,602112,0.0,0.0,0.0,0.0,0,0.0,0.0,0.0,0.0,0,0.0,0.0,0.0,0.0,0,0.0,0.0,0.0,0.0,0
2,monolithic_k8s_1svc,65,68.42659800008732,64.86988099982227,3.5567170002650528,602112,1,64.86988099982227,0.22312000010060729,0.03340300008858321,0.0,602112,0.0,0.0,0.0,0.0,0,0.0,0.0,0.0,0.0,0,0.0,0.0,0.0,0.0,0,0.0,0.0,0.0,0.0,0
2,monolithic_k8s_1svc,66,69.97003600008611,66.30170900007215,3.66832700001396,602112,1,66.30170900007215,0.32892900003389514,0.032902999919315334,0.0,602112,0.0,0.0,0.0,0.0,0,0.0,0.0,0.0,0.0,0,0.0,0.0,0.0,0.0,0,0.0,0.0,0.0,0.0,0
2,monolithic_k8s_1svc,67,64.7917740000139,61.15945099986675,3.632323000147153,602112,1,61.15945099986675,0.3033269999832555,0.034803000062311185,0.0,602112,0.0,0.0,0.0,0.0,0,0.0,0.0,0.0,0.0,0,0.0,0.0,0.0,0.0,0,0.0,0.0,0.0,0.0,0
2,monolithic_k8s_1svc,68,63.60096799994608,59.911840000040684,3.689127999905395,602112,1,59.911840000040684,0.24852199999259028,0.047403999815287534,0.0,602112,0.0,0.0,0.0,0.0,0,0.0,0.0,0.0,0.0,0,0.0,0.0,0.0,0.0,0,0.0,0.0,0.0,0.0,0
2,monolithic_k8s_1svc,69,63.19133199986027,59.43649699997877,3.7548349998814956,602112,1,59.43649699997877,0.24892299984458077,0.032703000215406064,0.0,602112,0.0,0.0,0.0,0.0,0,0.0,0.0,0.0,0.0,0,0.0,0.0,0.0,0.0,0,0.0,0.0,0.0,0.0,0
2,monolithic_k8s_1svc,70,66.70704500015745,62.98951400003716,3.717531000120289,602112,1,62.98951400003716,0.25562300015735673,0.03350299994053785,0.0,602112,0.0,0.0,0.0,0.0,0,0.0,0.0,0.0,0.0,0,0.0,0.0,0.0,0.0,0,0.0,0.0,0.0,0.0,0
2,monolithic_k8s_1svc,71,66.06588799991187,62.60567999993327,3.460207999978593,602112,1,62.60567999993327,0.24542200003452308,0.03600300010475621,0.0,602112,0.0,0.0,0.0,0.0,0,0.0,0.0,0.0,0.0,0,0.0,0.0,0.0,0.0,0,0.0,0.0,0.0,0.0,0
2,monolithic_k8s_1svc,72,63.94409899985476,60.16206200001761,3.782036999837146,602112,1,60.16206200001761,0.25362300016240624,0.03360299979249248,0.0,602112,0.0,0.0,0.0,0.0,0,0.0,0.0,0.0,0.0,0,0.0,0.0,0.0,0.0,0,0.0,0.0,0.0,0.0,0
2,monolithic_k8s_1svc,73,62.644382999906156,59.13946999999098,3.5049129999151774,602112,1,59.13946999999098,0.2617239999835874,0.035804000162897864,0.0,602112,0.0,0.0,0.0,0.0,0,0.0,0.0,0.0,0.0,0,0.0,0.0,0.0,0.0,0,0.0,0.0,0.0,0.0,0
2,monolithic_k8s_1svc,74,61.93622000000687,58.62202499997693,3.3141950000299403,602112,1,58.62202499997693,0.2710240000851627,0.035102999845548766,0.0,602112,0.0,0.0,0.0,0.0,0,0.0,0.0,0.0,0.0,0,0.0,0.0,0.0,0.0,0,0.0,0.0,0.0,0.0,0
2,monolithic_k8s_1svc,75,62.13623799999368,58.757236000019475,3.379001999974207,602112,1,58.757236000019475,0.2777249999326159,0.03410299996176036,0.0,602112,0.0,0.0,0.0,0.0,0,0.0,0.0,0.0,0.0,0,0.0,0.0,0.0,0.0,0,0.0,0.0,0.0,0.0,0
2,monolithic_k8s_1svc,76,62.84570100001474,59.110567999823616,3.7351330001911265,602112,1,59.110567999823616,0.24702200016690767,0.032203000046138186,0.0,602112,0.0,0.0,0.0,0.0,0,0.0,0.0,0.0,0.0,0,0.0,0.0,0.0,0.0,0,0.0,0.0,0.0,0.0,0
2,monolithic_k8s_1svc,77,62.33745600002294,58.675830000083806,3.661625999939133,602112,1,58.675830000083806,0.22321899996313732,0.03580299994609959,0.0,602112,0.0,0.0,0.0,0.0,0,0.0,0.0,0.0,0.0,0,0.0,0.0,0.0,0.0,0,0.0,0.0,0.0,0.0,0
2,monolithic_k8s_1svc,78,64.56825500004015,60.33357700016495,4.234677999875203,602112,1,60.33357700016495,0.24622199998702854,0.03570299986677128,0.0,602112,0.0,0.0,0.0,0.0,0,0.0,0.0,0.0,0.0,0,0.0,0.0,0.0,0.0,0,0.0,0.0,0.0,0.0,0
2,monolithic_k8s_1svc,79,64.07481099995493,60.34797899997102,3.726831999983915,602112,1,60.34797899997102,0.2539220001835929,0.035202999924877076,0.0,602112,0.0,0.0,0.0,0.0,0,0.0,0.0,0.0,0.0,0,0.0,0.0,0.0,0.0,0,0.0,0.0,0.0,0.0,0
2,monolithic_k8s_1svc,80,64.20512199997574,60.29187399985858,3.9132480001171643,602112,1,60.29187399985858,0.25002200004564656,0.033103000077971956,0.0,602112,0.0,0.0,0.0,0.0,0,0.0,0.0,0.0,0.0,0,0.0,0.0,0.0,0.0,0,0.0,0.0,0.0,0.0,0
2,monolithic_k8s_1svc,81,66.49542699983613,61.82680999995682,4.668616999879305,602112,1,61.82680999995682,0.28002499993817764,0.03690300013658998,0.0,602112,0.0,0.0,0.0,0.0,0,0.0,0.0,0.0,0.0,0,0.0,0.0,0.0,0.0,0,0.0,0.0,0.0,0.0,0
2,monolithic_k8s_1svc,82,65.53564000000733,62.10783500000616,3.4278050000011717,602112,1,62.10783500000616,0.28732600003422704,0.03440299997237162,0.0,602112,0.0,0.0,0.0,0.0,0,0.0,0.0,0.0,0.0,0,0.0,0.0,0.0,0.0,0,0.0,0.0,0.0,0.0,0
2,monolithic_k8s_1svc,83,64.98669199982032,61.67649600001823,3.3101959998020902,602112,1,61.67649600001823,0.282525000102396,0.03500399998301873,0.0,602112,0.0,0.0,0.0,0.0,0,0.0,0.0,0.0,0.0,0,0.0,0.0,0.0,0.0,0,0.0,0.0,0.0,0.0,0
2,monolithic_k8s_1svc,84,63.99210299991864,60.28527299986308,3.706830000055561,602112,1,60.28527299986308,0.2940260001196293,0.046703999942110386,0.0,602112,0.0,0.0,0.0,0.0,0,0.0,0.0,0.0,0.0,0,0.0,0.0,0.0,0.0,0,0.0,0.0,0.0,0.0,0
2,monolithic_k8s_1svc,85,61.95042099989223,58.23669000005793,3.713730999834297,602112,1,58.23669000005793,0.23392100001728977,0.0328030000673607,0.0,602112,0.0,0.0,0.0,0.0,0,0.0,0.0,0.0,0.0,0,0.0,0.0,0.0,0.0,0,0.0,0.0,0.0,0.0,0
2,monolithic_k8s_1svc,86,75.24380600011682,71.27805300001455,3.965753000102268,602112,1,71.27805300001455,0.320527999974729,0.0354030000835337,0.0,602112,0.0,0.0,0.0,0.0,0,0.0,0.0,0.0,0.0,0,0.0,0.0,0.0,0.0,0,0.0,0.0,0.0,0.0,0
2,monolithic_k8s_1svc,87,71.14774100000432,65.38702800003193,5.760712999972384,602112,1,65.38702800003193,0.2922259998285881,0.035603000014816644,0.0,602112,0.0,0.0,0.0,0.0,0,0.0,0.0,0.0,0.0,0,0.0,0.0,0.0,0.0,0,0.0,0.0,0.0,0.0,0
2,monolithic_k8s_1svc,88,71.3450579999062,67.95855700011089,3.3865009997953166,602112,1,67.95855700011089,0.2543220000461588,0.04040399994664767,0.0,602112,0.0,0.0,0.0,0.0,0,0.0,0.0,0.0,0.0,0,0.0,0.0,0.0,0.0,0,0.0,0.0,0.0,0.0,0
2,monolithic_k8s_1svc,89,62.32385499993143,58.96885600009227,3.354998999839154,602112,1,58.96885600009227,0.2778240000225196,0.03270299998803239,0.0,602112,0.0,0.0,0.0,0.0,0,0.0,0.0,0.0,0.0,0,0.0,0.0,0.0,0.0,0,0.0,0.0,0.0,0.0,0
2,monolithic_k8s_1svc,90,63.14002699991761,59.29628400008369,3.843742999833921,602112,1,59.29628400008369,0.2564230001098622,0.03390299980310374,0.0,602112,0.0,0.0,0.0,0.0,0,0.0,0.0,0.0,0.0,0,0.0,0.0,0.0,0.0,0,0.0,0.0,0.0,0.0,0
2,monolithic_k8s_1svc,91,61.49718100004975,58.29039500008548,3.206785999964268,602112,1,58.29039500008548,0.25882299996737856,0.03170199988744571,0.0,602112,0.0,0.0,0.0,0.0,0,0.0,0.0,0.0,0.0,0,0.0,0.0,0.0,0.0,0,0.0,0.0,0.0,0.0,0
2,monolithic_k8s_1svc,92,63.71647899982236,60.35187799989217,3.3646009999301896,602112,1,60.35187799989217,0.25662300004114513,0.0328030000673607,0.0,602112,0.0,0.0,0.0,0.0,0,0.0,0.0,0.0,0.0,0,0.0,0.0,0.0,0.0,0,0.0,0.0,0.0,0.0,0
2,monolithic_k8s_1svc,93,65.71625600008701,62.170240999876114,3.5460150002109003,602112,1,62.170240999876114,0.26452300016899244,0.03580299994609959,0.0,602112,0.0,0.0,0.0,0.0,0,0.0,0.0,0.0,0.0,0,0.0,0.0,0.0,0.0,0,0.0,0.0,0.0,0.0,0
2,monolithic_k8s_1svc,94,63.51906099985172,60.096156000099654,3.4229049997520633,602112,1,60.096156000099654,0.2651239999522659,0.03680300005726167,0.0,602112,0.0,0.0,0.0,0.0,0,0.0,0.0,0.0,0.0,0,0.0,0.0,0.0,0.0,0,0.0,0.0,0.0,0.0,0
2,monolithic_k8s_1svc,95,62.370759000032194,58.93195300018306,3.438805999849137,602112,1,58.93195300018306,0.25562199994055845,0.03450299982432625,0.0,602112,0.0,0.0,0.0,0.0,0,0.0,0.0,0.0,0.0,0,0.0,0.0,0.0,0.0,0,0.0,0.0,0.0,0.0,0
2,monolithic_k8s_1svc,96,63.68177499984995,60.01944900003764,3.6623259998123103,602112,1,60.01944900003764,0.24782200011941313,0.03500299999359413,0.0,602112,0.0,0.0,0.0,0.0,0,0.0,0.0,0.0,0.0,0,0.0,0.0,0.0,0.0,0,0.0,0.0,0.0,0.0,0
2,monolithic_k8s_1svc,97,65.17170799997984,61.66519600014908,3.5065119998307637,602112,1,61.66519600014908,0.2884249997805455,0.033802999951149104,0.0,602112,0.0,0.0,0.0,0.0,0,0.0,0.0,0.0,0.0,0,0.0,0.0,0.0,0.0,0,0.0,0.0,0.0,0.0,0
2,monolithic_k8s_1svc,98,63.7222790001033,60.278971999878195,3.4433070002251043,602112,1,60.278971999878195,0.29632600012519106,0.03260300013607775,0.0,602112,0.0,0.0,0.0,0.0,0,0.0,0.0,0.0,0.0,0,0.0,0.0,0.0,0.0,0,0.0,0.0,0.0,0.0,0
2,monolithic_k8s_1svc,99,63.5543640000833,60.03865100001349,3.515713000069809,602112,1,60.03865100001349,0.24512200002391182,0.03420300004108867,0.0,602112,0.0,0.0,0.0,0.0,0,0.0,0.0,0.0,0.0,0,0.0,0.0,0.0,0.0,0,0.0,0.0,0.0,0.0,0
2,monolithic_k8s_1svc,100,63.3302440000989,59.98674600004961,3.343498000049294,602112,1,59.98674600004961,0.2808249998906831,0.03510300007292244,0.0,602112,0.0,0.0,0.0,0.0,0,0.0,0.0,0.0,0.0,0,0.0,0.0,0.0,0.0,0,0.0,0.0,0.0,0.0,0
2,monolithic_k8s_1svc,101,70.27006199996322,66.5358290000313,3.734232999931919,602112,1,66.5358290000313,0.2708249999159307,0.035103999834973365,0.0,602112,0.0,0.0,0.0,0.0,0,0.0,0.0,0.0,0.0,0,0.0,0.0,0.0,0.0,0,0.0,0.0,0.0,0.0,0
2,monolithic_k8s_1svc,102,80.55477900006736,77.09657200007314,3.4582069999942178,602112,1,77.09657200007314,0.25242199990316294,0.037702999861721764,0.0,602112,0.0,0.0,0.0,0.0,0,0.0,0.0,0.0,0.0,0,0.0,0.0,0.0,0.0,0,0.0,0.0,0.0,0.0,0
2,monolithic_k8s_1svc,103,66.02808399998139,62.605179000001954,3.422904999979437,602112,1,62.605179000001954,0.27592500009632204,0.03190300003552693,0.0,602112,0.0,0.0,0.0,0.0,0,0.0,0.0,0.0,0.0,0,0.0,0.0,0.0,0.0,0,0.0,0.0,0.0,0.0,0
2,monolithic_k8s_1svc,104,66.65694100001929,61.02563900003588,5.631301999983407,602112,1,61.02563900003588,0.24932199994509574,0.033702999871820793,0.0,602112,0.0,0.0,0.0,0.0,0,0.0,0.0,0.0,0.0,0,0.0,0.0,0.0,0.0,0,0.0,0.0,0.0,0.0,0
2,monolithic_k8s_1svc,105,63.848989999996775,60.49219100009395,3.3567989999028214,602112,1,60.49219100009395,0.24682200000825105,0.034702999982982874,0.0,602112,0.0,0.0,0.0,0.0,0,0.0,0.0,0.0,0.0,0,0.0,0.0,0.0,0.0,0,0.0,0.0,0.0,0.0,0
2,monolithic_k8s_1svc,106,65.36582599983376,61.73570200007816,3.6301239997555967,602112,1,61.73570200007816,0.26962399988406105,0.03510300007292244,0.0,602112,0.0,0.0,0.0,0.0,0,0.0,0.0,0.0,0.0,0,0.0,0.0,0.0,0.0,0,0.0,0.0,0.0,0.0,0
2,monolithic_k8s_1svc,107,62.868203000107314,59.06766500015692,3.800537999950393,602112,1,59.06766500015692,0.2600230000098236,0.03250299982937577,0.0,602112,0.0,0.0,0.0,0.0,0,0.0,0.0,0.0,0.0,0,0.0,0.0,0.0,0.0,0,0.0,0.0,0.0,0.0,0
2,monolithic_k8s_1svc,108,67.4116079999294,63.651173000152994,3.7604349997764075,602112,1,63.651173000152994,0.33922999978130974,0.035102999845548766,0.0,602112,0.0,0.0,0.0,0.0,0,0.0,0.0,0.0,0.0,0,0.0,0.0,0.0,0.0,0,0.0,0.0,0.0,0.0,0
2,monolithic_k8s_1svc,109,62.27284999999938,58.9296519999607,3.343198000038683,602112,1,58.9296519999607,0.3000260001044808,0.03450400004112453,0.0,602112,0.0,0.0,0.0,0.0,0,0.0,0.0,0.0,0.0,0,0.0,0.0,0.0,0.0,0,0.0,0.0,0.0,0.0,0
2,monolithic_k8s_1svc,110,61.3081639999109,57.90806100003465,3.4001029998762533,602112,1,57.90806100003465,0.2221190000000206,0.032802999839987024,0.0,602112,0.0,0.0,0.0,0.0,0,0.0,0.0,0.0,0.0,0,0.0,0.0,0.0,0.0,0,0.0,0.0,0.0,0.0,0
2,monolithic_k8s_1svc,111,63.48795799999607,59.84373399996912,3.644224000026952,602112,1,59.84373399996912,0.23802100008651905,0.04560399997899367,0.0,602112,0.0,0.0,0.0,0.0,0,0.0,0.0,0.0,0.0,0,0.0,0.0,0.0,0.0,0,0.0,0.0,0.0,0.0,0
2,monolithic_k8s_1svc,112,74.72315899985915,69.19936700001017,5.5237919998489815,602112,1,69.19936700001017,0.411536999990858,0.03550299993548833,0.0,602112,0.0,0.0,0.0,0.0,0,0.0,0.0,0.0,0.0,0,0.0,0.0,0.0,0.0,0,0.0,0.0,0.0,0.0,0
2,monolithic_k8s_1svc,113,72.3381469999822,67.41020799995567,4.927939000026527,602112,1,67.41020799995567,0.30252700003075006,0.03460299990365456,0.0,602112,0.0,0.0,0.0,0.0,0,0.0,0.0,0.0,0.0,0,0.0,0.0,0.0,0.0,0,0.0,0.0,0.0,0.0,0
2,monolithic_k8s_1svc,114,67.1410840000135,63.380348999999114,3.7607350000143924,602112,1,63.380348999999114,0.27022399990528356,0.03580299994609959,0.0,602112,0.0,0.0,0.0,0.0,0,0.0,0.0,0.0,0.0,0,0.0,0.0,0.0,0.0,0,0.0,0.0,0.0,0.0,0
2,monolithic_k8s_1svc,115,66.13049399993542,61.099744999864924,5.0307490000705,602112,1,61.099744999864924,0.2891260000978946,0.035803000173473265,0.0,602112,0.0,0.0,0.0,0.0,0,0.0,0.0,0.0,0.0,0,0.0,0.0,0.0,0.0,0,0.0,0.0,0.0,0.0,0
2,monolithic_k8s_1svc,116,63.218733999974575,59.30298499993114,3.9157490000434336,602112,1,59.30298499993114,0.24072200017144496,0.030602999913753592,0.0,602112,0.0,0.0,0.0,0.0,0,0.0,0.0,0.0,0.0,0,0.0,0.0,0.0,0.0,0,0.0,0.0,0.0,0.0,0
2,monolithic_k8s_1svc,117,62.67618600008973,59.080965000021024,3.5952210000687046,602112,1,59.080965000021024,0.2529230000618554,0.03250300005674944,0.0,602112,0.0,0.0,0.0,0.0,0,0.0,0.0,0.0,0.0,0,0.0,0.0,0.0,0.0,0,0.0,0.0,0.0,0.0,0
2,monolithic_k8s_1svc,118,62.43626500008759,59.072764000120515,3.363500999967073,602112,1,59.072764000120515,0.24242199992841051,0.035303999993629986,0.0,602112,0.0,0.0,0.0,0.0,0,0.0,0.0,0.0,0.0,0,0.0,0.0,0.0,0.0,0,0.0,0.0,0.0,0.0,0
2,monolithic_k8s_1svc,119,63.92939700003808,59.73132300005091,4.198073999987173,602112,1,59.73132300005091,0.3126280000742554,0.035202999924877076,0.0,602112,0.0,0.0,0.0,0.0,0,0.0,0.0,0.0,0.0,0,0.0,0.0,0.0,0.0,0,0.0,0.0,0.0,0.0,0
2,monolithic_k8s_1svc,120,64.90668499986896,60.806019999972705,4.100664999896253,602112,1,60.806019999972705,0.35923199993703747,0.03720300014720124,0.0,602112,0.0,0.0,0.0,0.0,0,0.0,0.0,0.0,0.0,0,0.0,0.0,0.0,0.0,0,0.0,0.0,0.0,0.0,0
2,monolithic_k8s_1svc,121,68.10676999998577,64.43114199987576,3.6756280001100095,602112,1,64.43114199987576,0.2762240001175087,0.052205000201865914,0.0,602112,0.0,0.0,0.0,0.0,0,0.0,0.0,0.0,0.0,0,0.0,0.0,0.0,0.0,0,0.0,0.0,0.0,0.0,0
2,monolithic_k8s_1svc,122,71.09563700009858,67.42390899989914,3.671728000199437,602112,1,67.42390899989914,0.271124000164491,0.03620300003603916,0.0,602112,0.0,0.0,0.0,0.0,0,0.0,0.0,0.0,0.0,0,0.0,0.0,0.0,0.0,0,0.0,0.0,0.0,0.0,0
2,monolithic_k8s_1svc,123,61.20285400015746,57.74634700014758,3.4565070000098785,602112,1,57.74634700014758,0.24982199988698994,0.03310299985059828,0.0,602112,0.0,0.0,0.0,0.0,0,0.0,0.0,0.0,0.0,0,0.0,0.0,0.0,0.0,0,0.0,0.0,0.0,0.0,0
2,monolithic_k8s_1svc,124,64.18232000009993,60.45248800000991,3.7298320000900276,602112,1,60.45248800000991,0.21671900003639166,0.0333030000092549,0.0,602112,0.0,0.0,0.0,0.0,0,0.0,0.0,0.0,0.0,0,0.0,0.0,0.0,0.0,0,0.0,0.0,0.0,0.0,0
2,monolithic_k8s_1svc,125,73.67426599989813,69.94383400001425,3.7304319998838764,602112,1,69.94383400001425,0.2594229999886011,0.03650300004665041,0.0,602112,0.0,0.0,0.0,0.0,0,0.0,0.0,0.0,0.0,0,0.0,0.0,0.0,0.0,0,0.0,0.0,0.0,0.0,0
2,monolithic_k8s_1svc,126,69.48689299997568,65.78476300001057,3.702129999965109,602112,1,65.78476300001057,0.2713239998684003,0.03550299993548833,0.0,602112,0.0,0.0,0.0,0.0,0,0.0,0.0,0.0,0.0,0,0.0,0.0,0.0,0.0,0,0.0,0.0,0.0,0.0,0
2,monolithic_k8s_1svc,127,68.05426500000067,64.29893099993933,3.755334000061339,602112,1,64.29893099993933,0.2547219999087247,0.034702999982982874,0.0,602112,0.0,0.0,0.0,0.0,0,0.0,0.0,0.0,0.0,0,0.0,0.0,0.0,0.0,0,0.0,0.0,0.0,0.0,0
2,monolithic_k8s_1svc,128,65.51713900012146,62.004026000067824,3.513113000053636,602112,1,62.004026000067824,0.279925000086223,0.034702999982982874,0.0,602112,0.0,0.0,0.0,0.0,0,0.0,0.0,0.0,0.0,0,0.0,0.0,0.0,0.0,0,0.0,0.0,0.0,0.0,0
2,monolithic_k8s_1svc,129,62.420462999853044,58.77773799988972,3.6427249999633204,602112,1,58.77773799988972,0.2263210001274274,0.03510300007292244,0.0,602112,0.0,0.0,0.0,0.0,0,0.0,0.0,0.0,0.0,0,0.0,0.0,0.0,0.0,0,0.0,0.0,0.0,0.0,0
2,monolithic_k8s_1svc,130,63.879793000069185,60.158662000048935,3.72113100002025,602112,1,60.158662000048935,0.2880249999179796,0.035202999924877076,0.0,602112,0.0,0.0,0.0,0.0,0,0.0,0.0,0.0,0.0,0,0.0,0.0,0.0,0.0,0,0.0,0.0,0.0,0.0,0
2,monolithic_k8s_1svc,131,69.00725000014063,65.51543899990975,3.491811000230882,602112,1,65.51543899990975,0.24172200005523337,0.03350300016791152,0.0,602112,0.0,0.0,0.0,0.0,0,0.0,0.0,0.0,0.0,0,0.0,0.0,0.0,0.0,0,0.0,0.0,0.0,0.0,0
2,monolithic_k8s_1svc,132,68.10586999995394,64.41003999998429,3.6958299999696465,602112,1,64.41003999998429,0.3735339998911513,0.040103999936036416,0.0,602112,0.0,0.0,0.0,0.0,0,0.0,0.0,0.0,0.0,0,0.0,0.0,0.0,0.0,0,0.0,0.0,0.0,0.0,0
2,monolithic_k8s_1svc,133,64.09881299987319,60.840921999897546,3.2578909999756434,602112,1,60.840921999897546,0.247021999939534,0.033103000077971956,0.0,602112,0.0,0.0,0.0,0.0,0,0.0,0.0,0.0,0.0,0,0.0,0.0,0.0,0.0,0,0.0,0.0,0.0,0.0,0
2,monolithic_k8s_1svc,134,69.28157399988777,62.53227299998798,6.749300999899788,602112,1,62.53227299998798,0.28322499997557316,0.03650300004665041,0.0,602112,0.0,0.0,0.0,0.0,0,0.0,0.0,0.0,0.0,0,0.0,0.0,0.0,0.0,0,0.0,0.0,0.0,0.0,0
2,monolithic_k8s_1svc,135,67.27119500010303,63.480257000037454,3.79093800006558,602112,1,63.480257000037454,0.26542399996287713,0.034803000062311185,0.0,602112,0.0,0.0,0.0,0.0,0,0.0,0.0,0.0,0.0,0,0.0,0.0,0.0,0.0,0,0.0,0.0,0.0,0.0,0
2,monolithic_k8s_1svc,136,62.43216400002893,58.886047999976654,3.5461160000522796,602112,1,58.886047999976654,0.2961270001833327,0.032002999887481565,0.0,602112,0.0,0.0,0.0,0.0,0,0.0,0.0,0.0,0.0,0,0.0,0.0,0.0,0.0,0,0.0,0.0,0.0,0.0,0
2,monolithic_k8s_1svc,137,61.8965159999334,58.362802000146985,3.533713999786414,602112,1,58.362802000146985,0.26752300004773133,0.033702999871820793,0.0,602112,0.0,0.0,0.0,0.0,0,0.0,0.0,0.0,0.0,0,0.0,0.0,0.0,0.0,0,0.0,0.0,0.0,0.0,0
2,monolithic_k8s_1svc,138,63.114224999935686,59.36719099986476,3.7470340000709257,602112,1,59.36719099986476,0.2647240000897,0.03200300011485524,0.0,602112,0.0,0.0,0.0,0.0,0,0.0,0.0,0.0,0.0,0,0.0,0.0,0.0,0.0,0,0.0,0.0,0.0,0.0,0
2,monolithic_k8s_1svc,139,63.19223100013005,59.283483999934106,3.9087470001959446,602112,1,59.283483999934106,0.23892100011835282,0.04620400000021618,0.0,602112,0.0,0.0,0.0,0.0,0,0.0,0.0,0.0,0.0,0,0.0,0.0,0.0,0.0,0,0.0,0.0,0.0,0.0,0
2,monolithic_k8s_1svc,140,61.80870799994409,58.28309499997886,3.525612999965233,602112,1,58.28309499997886,0.27062399999522313,0.0328030000673607,0.0,602112,0.0,0.0,0.0,0.0,0,0.0,0.0,0.0,0.0,0,0.0,0.0,0.0,0.0,0,0.0,0.0,0.0,0.0,0
2,monolithic_k8s_1svc,141,61.08224300010079,57.51152500010903,3.570717999991757,602112,1,57.51152500010903,0.2070190000722505,0.061305999906835495,0.0,602112,0.0,0.0,0.0,0.0,0,0.0,0.0,0.0,0.0,0,0.0,0.0,0.0,0.0,0,0.0,0.0,0.0,0.0,0
2,monolithic_k8s_1svc,142,63.881294000111666,60.318776000030994,3.562518000080672,602112,1,60.318776000030994,0.2891259998705209,0.030803000072410214,0.0,602112,0.0,0.0,0.0,0.0,0,0.0,0.0,0.0,0.0,0,0.0,0.0,0.0,0.0,0,0.0,0.0,0.0,0.0,0
2,monolithic_k8s_1svc,143,62.27915099998427,58.88054800016107,3.398602999823197,602112,1,58.88054800016107,0.2693239998734498,0.03410299996176036,0.0,602112,0.0,0.0,0.0,0.0,0,0.0,0.0,0.0,0.0,0,0.0,0.0,0.0,0.0,0,0.0,0.0,0.0,0.0,0
2,monolithic_k8s_1svc,144,62.06913100004385,58.62092400002439,3.4482070000194653,602112,1,58.62092400002439,0.24852299998201488,0.03260299990870408,0.0,602112,0.0,0.0,0.0,0.0,0,0.0,0.0,0.0,0.0,0,0.0,0.0,0.0,0.0,0,0.0,0.0,0.0,0.0,0
2,monolithic_k8s_1svc,145,65.46763500000452,61.775505000014164,3.6921299999903567,602112,1,61.775505000014164,0.21861999994143844,0.03840399995169719,0.0,602112,0.0,0.0,0.0,0.0,0,0.0,0.0,0.0,0.0,0,0.0,0.0,0.0,0.0,0,0.0,0.0,0.0,0.0,0
2,monolithic_k8s_1svc,146,66.3854160000028,62.74019100010264,3.645224999900165,602112,1,62.74019100010264,0.2741250000326545,0.03250299982937577,0.0,602112,0.0,0.0,0.0,0.0,0,0.0,0.0,0.0,0.0,0,0.0,0.0,0.0,0.0,0,0.0,0.0,0.0,0.0,0
2,monolithic_k8s_1svc,147,67.10478100012551,63.66037399993729,3.444407000188221,602112,1,63.66037399993729,0.23652100003346277,0.0323030001254665,0.0,602112,0.0,0.0,0.0,0.0,0,0.0,0.0,0.0,0.0,0,0.0,0.0,0.0,0.0,0,0.0,0.0,0.0,0.0,0
2,monolithic_k8s_1svc,148,65.10430200000883,61.71130000006997,3.3930019999388605,602112,1,61.71130000006997,0.2398210001501866,0.032002999887481565,0.0,602112,0.0,0.0,0.0,0.0,0,0.0,0.0,0.0,0.0,0,0.0,0.0,0.0,0.0,0,0.0,0.0,0.0,0.0,0
2,monolithic_k8s_1svc,149,64.38593799998671,60.76531500002602,3.6206229999606876,602112,1,60.76531500002602,0.2361209999435232,0.031102999855647795,0.0,602112,0.0,0.0,0.0,0.0,0,0.0,0.0,0.0,0.0,0,0.0,0.0,0.0,0.0,0,0.0,0.0,0.0,0.0,0
2,monolithic_k8s_1svc,150,61.3750700001674,57.73874600004092,3.6363240001264785,602112,1,57.73874600004092,0.25622199996178097,0.04700399995272164,0.0,602112,0.0,0.0,0.0,0.0,0,0.0,0.0,0.0,0.0,0,0.0,0.0,0.0,0.0,0,0.0,0.0,0.0,0.0,0
2,monolithic_k8s_1svc,151,64.92618700008279,61.10324499991293,3.82294200016986,602112,1,61.10324499991293,0.2613240001210215,0.0323030001254665,0.0,602112,0.0,0.0,0.0,0.0,0,0.0,0.0,0.0,0.0,0,0.0,0.0,0.0,0.0,0,0.0,0.0,0.0,0.0,0
2,monolithic_k8s_1svc,152,63.53776299988567,59.6973199999411,3.840442999944571,602112,1,59.6973199999411,0.24902300015128276,0.03410299996176036,0.0,602112,0.0,0.0,0.0,0.0,0,0.0,0.0,0.0,0.0,0,0.0,0.0,0.0,0.0,0,0.0,0.0,0.0,0.0,0
2,monolithic_k8s_1svc,153,61.404573000118035,57.63913599980697,3.765437000311067,602112,1,57.63913599980697,0.26352400004725496,0.02940300009868224,0.0,602112,0.0,0.0,0.0,0.0,0,0.0,0.0,0.0,0.0,0,0.0,0.0,0.0,0.0,0,0.0,0.0,0.0,0.0,0
2,monolithic_k8s_1svc,154,61.71580099999119,57.8649569999925,3.8508439999986877,602112,1,57.8649569999925,0.233020999985456,0.0333030000092549,0.0,602112,0.0,0.0,0.0,0.0,0,0.0,0.0,0.0,0.0,0,0.0,0.0,0.0,0.0,0,0.0,0.0,0.0,0.0,0
2,monolithic_k8s_1svc,155,62.78779600006601,59.320387000070696,3.467408999995314,602112,1,59.320387000070696,0.24592199997641728,0.03140299986625905,0.0,602112,0.0,0.0,0.0,0.0,0,0.0,0.0,0.0,0.0,0,0.0,0.0,0.0,0.0,0,0.0,0.0,0.0,0.0,0
2,monolithic_k8s_1svc,156,63.7110779998693,59.9871469999016,3.723930999967706,602112,1,59.9871469999016,0.2112189999934344,0.04510400003709947,0.0,602112,0.0,0.0,0.0,0.0,0,0.0,0.0,0.0,0.0,0,0.0,0.0,0.0,0.0,0,0.0,0.0,0.0,0.0,0
2,monolithic_k8s_1svc,157,62.64138300002742,58.947554000042146,3.6938289999852714,602112,1,58.947554000042146,0.26592399990477134,0.035202999924877076,0.0,602112,0.0,0.0,0.0,0.0,0,0.0,0.0,0.0,0.0,0,0.0,0.0,0.0,0.0,0,0.0,0.0,0.0,0.0,0
2,monolithic_k8s_1svc,158,63.4761570001956,59.95704399992974,3.519113000265861,602112,1,59.95704399992974,0.25402200003554753,0.030402999982470647,0.0,602112,0.0,0.0,0.0,0.0,0,0.0,0.0,0.0,0.0,0,0.0,0.0,0.0,0.0,0,0.0,0.0,0.0,0.0,0
2,monolithic_k8s_1svc,159,62.30195300008745,58.39150399992832,3.910449000159133,602112,1,58.39150399992832,0.23752199990667577,0.03530300000420539,0.0,602112,0.0,0.0,0.0,0.0,0,0.0,0.0,0.0,0.0,0,0.0,0.0,0.0,0.0,0,0.0,0.0,0.0,0.0,0
2,monolithic_k8s_1svc,160,66.64523899985397,62.59947900002771,4.0457599998262594,602112,1,62.59947900002771,0.3616320000219275,0.03240299997742113,0.0,602112,0.0,0.0,0.0,0.0,0,0.0,0.0,0.0,0.0,0,0.0,0.0,0.0,0.0,0,0.0,0.0,0.0,0.0,0
2,monolithic_k8s_1svc,161,68.75362699997822,64.8469790000945,3.9066479998837167,602112,1,64.8469790000945,0.2630229998885625,0.0354040000729583,0.0,602112,0.0,0.0,0.0,0.0,0,0.0,0.0,0.0,0.0,0,0.0,0.0,0.0,0.0,0,0.0,0.0,0.0,0.0,0
2,monolithic_k8s_1svc,162,71.95161300001018,67.9490560000886,4.00255699992158,602112,1,67.9490560000886,0.30552699990948895,0.036902999909216305,0.0,602112,0.0,0.0,0.0,0.0,0,0.0,0.0,0.0,0.0,0,0.0,0.0,0.0,0.0,0,0.0,0.0,0.0,0.0,0
2,monolithic_k8s_1svc,163,68.75362800019502,64.90388399993208,3.8497440002629446,602112,1,64.90388399993208,0.28332500005490147,0.03510400006234704,0.0,602112,0.0,0.0,0.0,0.0,0,0.0,0.0,0.0,0.0,0,0.0,0.0,0.0,0.0,0,0.0,0.0,0.0,0.0,0
2,monolithic_k8s_1svc,164,69.88482800011298,66.50162699997964,3.38320100013334,602112,1,66.50162699997964,0.27492499998515996,0.0359030000254279,0.0,602112,0.0,0.0,0.0,0.0,0,0.0,0.0,0.0,0.0,0,0.0,0.0,0.0,0.0,0,0.0,0.0,0.0,0.0,0
2,monolithic_k8s_1svc,165,78.29627799992522,74.5572450000509,3.7390329998743255,602112,1,74.5572450000509,0.27552500000638247,0.1144099999237369,0.0,602112,0.0,0.0,0.0,0.0,0,0.0,0.0,0.0,0.0,0,0.0,0.0,0.0,0.0,0,0.0,0.0,0.0,0.0,0
2,monolithic_k8s_1svc,166,68.50050499997451,64.67586399980974,3.8246410001647746,602112,1,64.67586399980974,0.3241290000914887,0.033002999998643645,0.0,602112,0.0,0.0,0.0,0.0,0,0.0,0.0,0.0,0.0,0,0.0,0.0,0.0,0.0,0,0.0,0.0,0.0,0.0,0
2,monolithic_k8s_1svc,167,65.51193900008911,62.21494500005065,3.2969940000384668,602112,1,62.21494500005065,0.2694239999527781,0.03420300004108867,0.0,602112,0.0,0.0,0.0,0.0,0,0.0,0.0,0.0,0.0,0,0.0,0.0,0.0,0.0,0,0.0,0.0,0.0,0.0,0
2,monolithic_k8s_1svc,168,61.43627500000548,57.85385600006521,3.5824189999402734,602112,1,57.85385600006521,0.2648239999416546,0.03170299987687031,0.0,602112,0.0,0.0,0.0,0.0,0,0.0,0.0,0.0,0.0,0,0.0,0.0,0.0,0.0,0,0.0,0.0,0.0,0.0,0
2,monolithic_k8s_1svc,169,63.414850999834016,60.04225099991345,3.372599999920567,602112,1,60.04225099991345,0.26052300017909147,0.0385040000310255,0.0,602112,0.0,0.0,0.0,0.0,0,0.0,0.0,0.0,0.0,0,0.0,0.0,0.0,0.0,0,0.0,0.0,0.0,0.0,0
2,monolithic_k8s_1svc,170,62.72469000009551,59.31738599997516,3.407304000120348,602112,1,59.31738599997516,0.23082100005922257,0.0328030000673607,0.0,602112,0.0,0.0,0.0,0.0,0,0.0,0.0,0.0,0.0,0,0.0,0.0,0.0,0.0,0,0.0,0.0,0.0,0.0,0
2,monolithic_k8s_1svc,171,62.81889900014903,59.1227689999414,3.6961300002076314,602112,1,59.1227689999414,0.2492220000931411,0.031703000104243984,0.0,602112,0.0,0.0,0.0,0.0,0,0.0,0.0,0.0,0.0,0,0.0,0.0,0.0,0.0,0,0.0,0.0,0.0,0.0,0
2,monolithic_k8s_1svc,172,64.69916599985481,61.29846299995734,3.400702999897476,602112,1,61.29846299995734,0.28112500012866803,0.03450300005169993,0.0,602112,0.0,0.0,0.0,0.0,0,0.0,0.0,0.0,0.0,0,0.0,0.0,0.0,0.0,0,0.0,0.0,0.0,0.0,0
2,monolithic_k8s_1svc,173,62.91400700001759,59.02946100013651,3.884545999881084,602112,1,59.02946100013651,0.2630229998885625,0.03730299999915587,0.0,602112,0.0,0.0,0.0,0.0,0,0.0,0.0,0.0,0.0,0,0.0,0.0,0.0,0.0,0,0.0,0.0,0.0,0.0,0
2,monolithic_k8s_1svc,174,62.62348099994597,59.05376300006537,3.569717999880595,602112,1,59.05376300006537,0.2897259998917434,0.033103000077971956,0.0,602112,0.0,0.0,0.0,0.0,0,0.0,0.0,0.0,0.0,0,0.0,0.0,0.0,0.0,0,0.0,0.0,0.0,0.0,0
2,monolithic_k8s_1svc,175,62.89530499998364,59.010959000033836,3.884345999949801,602112,1,59.010959000033836,0.25052299997696537,0.03500299999359413,0.0,602112,0.0,0.0,0.0,0.0,0,0.0,0.0,0.0,0.0,0,0.0,0.0,0.0,0.0,0,0.0,0.0,0.0,0.0,0
2,monolithic_k8s_1svc,176,66.0768889999872,61.91301800004112,4.163870999946084,602112,1,61.91301800004112,0.2553219999299472,0.033802999951149104,0.0,602112,0.0,0.0,0.0,0.0,0,0.0,0.0,0.0,0.0,0,0.0,0.0,0.0,0.0,0,0.0,0.0,0.0,0.0,0
2,monolithic_k8s_1svc,177,64.56175199991776,60.629501999983404,3.9322499999343563,602112,1,60.629501999983404,0.2822249998644111,0.033102000088547356,0.0,602112,0.0,0.0,0.0,0.0,0,0.0,0.0,0.0,0.0,0,0.0,0.0,0.0,0.0,0,0.0,0.0,0.0,0.0,0
2,monolithic_k8s_1svc,178,65.38252499990449,61.75810099989576,3.62442400000873,602112,1,61.75810099989576,0.3338300000450545,0.03640400018412038,0.0,602112,0.0,0.0,0.0,0.0,0,0.0,0.0,0.0,0.0,0,0.0,0.0,0.0,0.0,0,0.0,0.0,0.0,0.0,0
2,monolithic_k8s_1svc,179,66.35101100005159,62.30975099992975,4.041260000121838,602112,1,62.30975099992975,0.2548229999774776,0.032203000046138186,0.0,602112,0.0,0.0,0.0,0.0,0,0.0,0.0,0.0,0.0,0,0.0,0.0,0.0,0.0,0,0.0,0.0,0.0,0.0,0
2,monolithic_k8s_1svc,180,63.70407500003239,60.483387999966,3.220687000066391,602112,1,60.483387999966,0.26812400005837844,0.03600400009418081,0.0,602112,0.0,0.0,0.0,0.0,0,0.0,0.0,0.0,0.0,0,0.0,0.0,0.0,0.0,0,0.0,0.0,0.0,0.0,0
2,monolithic_k8s_1svc,181,63.714476000086506,60.28587100013283,3.428604999953677,602112,1,60.28587100013283,0.2784250000331667,0.031202999934976106,0.0,602112,0.0,0.0,0.0,0.0,0,0.0,0.0,0.0,0.0,0,0.0,0.0,0.0,0.0,0,0.0,0.0,0.0,0.0,0
2,monolithic_k8s_1svc,182,61.542783000049894,58.44220599988148,3.100577000168414,602112,1,58.44220599988148,0.24542200003452308,0.03550400015228661,0.0,602112,0.0,0.0,0.0,0.0,0,0.0,0.0,0.0,0.0,0,0.0,0.0,0.0,0.0,0,0.0,0.0,0.0,0.0,0
2,monolithic_k8s_1svc,183,62.144636000084574,58.786037000118085,3.358598999966489,602112,1,58.786037000118085,0.22682099984194792,0.030702999993081903,0.0,602112,0.0,0.0,0.0,0.0,0,0.0,0.0,0.0,0.0,0,0.0,0.0,0.0,0.0,0,0.0,0.0,0.0,0.0,0
2,monolithic_k8s_1svc,184,63.663871000017025,60.06224999987353,3.6016210001434956,602112,1,60.06224999987353,0.27402500018069986,0.03240299997742113,0.0,602112,0.0,0.0,0.0,0.0,0,0.0,0.0,0.0,0.0,0,0.0,0.0,0.0,0.0,0,0.0,0.0,0.0,0.0,0
2,monolithic_k8s_1svc,185,62.883202999955756,59.44669599989538,3.4365070000603737,602112,1,59.44669599989538,0.2501220001249749,0.034702999982982874,0.0,602112,0.0,0.0,0.0,0.0,0,0.0,0.0,0.0,0.0,0,0.0,0.0,0.0,0.0,0,0.0,0.0,0.0,0.0,0
2,monolithic_k8s_1svc,186,61.9205170000896,58.58101900003021,3.3394980000593932,602112,1,58.58101900003021,0.2762250001069333,0.03100200001426856,0.0,602112,0.0,0.0,0.0,0.0,0,0.0,0.0,0.0,0.0,0,0.0,0.0,0.0,0.0,0,0.0,0.0,0.0,0.0,0
2,monolithic_k8s_1svc,187,67.35730100012915,63.880790999974124,3.476510000155031,602112,1,63.880790999974124,0.23071999999046966,0.03340299986120954,0.0,602112,0.0,0.0,0.0,0.0,0,0.0,0.0,0.0,0.0,0,0.0,0.0,0.0,0.0,0,0.0,0.0,0.0,0.0,0
2,monolithic_k8s_1svc,188,63.59066499999244,60.24566699989009,3.3449980001023505,602112,1,60.24566699989009,0.23782099992786243,0.03240299997742113,0.0,602112,0.0,0.0,0.0,0.0,0,0.0,0.0,0.0,0.0,0,0.0,0.0,0.0,0.0,0,0.0,0.0,0.0,0.0,0
2,monolithic_k8s_1svc,189,62.43396199988638,58.99855600000592,3.4354059998804587,602112,1,58.99855600000592,0.24032099986470712,0.03510300007292244,0.0,602112,0.0,0.0,0.0,0.0,0,0.0,0.0,0.0,0.0,0,0.0,0.0,0.0,0.0,0,0.0,0.0,0.0,0.0,0
2,monolithic_k8s_1svc,190,61.75140199979978,58.093874999940454,3.6575269998593285,602112,1,58.093874999940454,0.26402399998914916,0.035603000014816644,0.0,602112,0.0,0.0,0.0,0.0,0,0.0,0.0,0.0,0.0,0,0.0,0.0,0.0,0.0,0,0.0,0.0,0.0,0.0,0
2,monolithic_k8s_1svc,191,63.63986900009877,60.35307700017256,3.2867919999262085,602112,1,60.35307700017256,0.2413209999758692,0.03460299990365456,0.0,602112,0.0,0.0,0.0,0.0,0,0.0,0.0,0.0,0.0,0,0.0,0.0,0.0,0.0,0,0.0,0.0,0.0,0.0,0
2,monolithic_k8s_1svc,192,63.94199699980163,60.592097999915495,3.349898999886136,602112,1,60.592097999915495,0.26022299994110654,0.03290300014668901,0.0,602112,0.0,0.0,0.0,0.0,0,0.0,0.0,0.0,0.0,0,0.0,0.0,0.0,0.0,0,0.0,0.0,0.0,0.0,0
2,monolithic_k8s_1svc,193,62.75939100009964,59.08406399998967,3.6753270001099736,602112,1,59.08406399998967,0.27282399992145656,0.03430300012041698,0.0,602112,0.0,0.0,0.0,0.0,0,0.0,0.0,0.0,0.0,0,0.0,0.0,0.0,0.0,0,0.0,0.0,0.0,0.0,0
2,monolithic_k8s_1svc,194,63.01461400016706,59.751422999852366,3.2631910003146913,602112,1,59.751422999852366,0.26482299995223,0.0323030001254665,0.0,602112,0.0,0.0,0.0,0.0,0,0.0,0.0,0.0,0.0,0,0.0,0.0,0.0,0.0,0,0.0,0.0,0.0,0.0,0
2,monolithic_k8s_1svc,195,65.30081800019616,61.994823000077304,3.3059950001188554,602112,1,61.994823000077304,0.24532199995519477,0.0354030000835337,0.0,602112,0.0,0.0,0.0,0.0,0,0.0,0.0,0.0,0.0,0,0.0,0.0,0.0,0.0,0,0.0,0.0,0.0,0.0,0
2,monolithic_k8s_1svc,196,66.29330599980676,62.81919699995342,3.4741089998533425,602112,1,62.81919699995342,0.24642099992888689,0.03550300016286201,0.0,602112,0.0,0.0,0.0,0.0,0,0.0,0.0,0.0,0.0,0,0.0,0.0,0.0,0.0,0,0.0,0.0,0.0,0.0,0
2,monolithic_k8s_1svc,197,66.15089400020224,62.741490000007616,3.409404000194627,602112,1,62.741490000007616,0.26082299996232905,0.03360300001986616,0.0,602112,0.0,0.0,0.0,0.0,0,0.0,0.0,0.0,0.0,0,0.0,0.0,0.0,0.0,0,0.0,0.0,0.0,0.0,0
2,monolithic_k8s_1svc,198,63.08042000000569,59.91723800002546,3.1631819999802246,602112,1,59.91723800002546,0.27192400011699647,0.034702999982982874,0.0,602112,0.0,0.0,0.0,0.0,0,0.0,0.0,0.0,0.0,0,0.0,0.0,0.0,0.0,0,0.0,0.0,0.0,0.0,0
2,monolithic_k8s_1svc,199,63.26913699990655,59.078464000094755,4.190672999811795,602112,1,59.078464000094755,0.2731239999320678,0.036002999877382535,0.0,602112,0.0,0.0,0.0,0.0,0,0.0,0.0,0.0,0.0,0,0.0,0.0,0.0,0.0,0,0.0,0.0,0.0,0.0,0
2,monolithic_k8s_1svc,200,62.80969600015851,59.43209499992008,3.3776010002384282,602112,1,59.43209499992008,0.2924260002146184,0.03360300001986616,0.0,602112,0.0,0.0,0.0,0.0,0,0.0,0.0,0.0,0.0,0,0.0,0.0,0.0,0.0,0,0.0,0.0,0.0,0.0,0
3,monolithic_k8s_1svc,1,70.52357399993525,66.7279360000066,3.7956379999286582,602112,1,66.7279360000066,0.2705239999158948,0.035704000083569554,0.0,602112,0.0,0.0,0.0,0.0,0,0.0,0.0,0.0,0.0,0,0.0,0.0,0.0,0.0,0,0.0,0.0,0.0,0.0,0
3,monolithic_k8s_1svc,2,75.88515200018264,72.6107600000887,3.2743920000939397,602112,1,72.6107600000887,0.24792199997136777,0.032902999919315334,0.0,602112,0.0,0.0,0.0,0.0,0,0.0,0.0,0.0,0.0,0,0.0,0.0,0.0,0.0,0,0.0,0.0,0.0,0.0,0
3,monolithic_k8s_1svc,3,68.66410899988296,65.12199400003738,3.5421149998455803,602112,1,65.12199400003738,0.26972399996338936,0.05340399980013899,0.0,602112,0.0,0.0,0.0,0.0,0,0.0,0.0,0.0,0.0,0,0.0,0.0,0.0,0.0,0,0.0,0.0,0.0,0.0,0
3,monolithic_k8s_1svc,4,63.24272699998801,59.23237000001791,4.010356999970099,602112,1,59.23237000001791,0.23182100017038465,0.03500299999359413,0.0,602112,0.0,0.0,0.0,0.0,0,0.0,0.0,0.0,0.0,0,0.0,0.0,0.0,0.0,0,0.0,0.0,0.0,0.0,0
3,monolithic_k8s_1svc,5,60.269060999871726,56.79875299983905,3.4703080000326736,602112,1,56.79875299983905,0.22642099997938203,0.03110300008302147,0.0,602112,0.0,0.0,0.0,0.0,0,0.0,0.0,0.0,0.0,0,0.0,0.0,0.0,0.0,0,0.0,0.0,0.0,0.0,0
3,monolithic_k8s_1svc,6,62.197733999937554,58.844834999945306,3.3528989999922487,602112,1,58.844834999945306,0.23962199998095457,0.034803000062311185,0.0,602112,0.0,0.0,0.0,0.0,0,0.0,0.0,0.0,0.0,0,0.0,0.0,0.0,0.0,0,0.0,0.0,0.0,0.0,0
3,monolithic_k8s_1svc,7,60.107046999974045,56.36601400010477,3.741032999869276,602112,1,56.36601400010477,0.22611999997934618,0.0302030000511877,0.0,602112,0.0,0.0,0.0,0.0,0,0.0,0.0,0.0,0.0,0,0.0,0.0,0.0,0.0,0,0.0,0.0,0.0,0.0,0
3,monolithic_k8s_1svc,8,62.43495400008214,58.816832000047725,3.6181220000344183,602112,1,58.816832000047725,0.2386219998697925,0.03200300011485524,0.0,602112,0.0,0.0,0.0,0.0,0,0.0,0.0,0.0,0.0,0,0.0,0.0,0.0,0.0,0,0.0,0.0,0.0,0.0,0
3,monolithic_k8s_1svc,9,61.729891999902975,58.137371999919196,3.5925199999837787,602112,1,58.137371999919196,0.23602100009156857,0.032102999966809875,0.0,602112,0.0,0.0,0.0,0.0,0,0.0,0.0,0.0,0.0,0,0.0,0.0,0.0,0.0,0,0.0,0.0,0.0,0.0,0
3,monolithic_k8s_1svc,10,63.01030500003435,59.53029600004811,3.4800089999862394,602112,1,59.53029600004811,0.23682200003349863,0.031102999855647795,0.0,602112,0.0,0.0,0.0,0.0,0,0.0,0.0,0.0,0.0,0,0.0,0.0,0.0,0.0,0,0.0,0.0,0.0,0.0,0
3,monolithic_k8s_1svc,11,61.33995799996228,57.94635500001277,3.3936029999495076,602112,1,57.94635500001277,0.23982099992281292,0.03380300017852278,0.0,602112,0.0,0.0,0.0,0.0,0,0.0,0.0,0.0,0.0,0,0.0,0.0,0.0,0.0,0,0.0,0.0,0.0,0.0,0
3,monolithic_k8s_1svc,12,64.46733600000698,61.09823600013442,3.36909999987256,602112,1,61.09823600013442,0.23762099999657949,0.03090199993494025,0.0,602112,0.0,0.0,0.0,0.0,0,0.0,0.0,0.0,0.0,0,0.0,0.0,0.0,0.0,0,0.0,0.0,0.0,0.0,0
3,monolithic_k8s_1svc,13,63.788875999989614,59.99633800001902,3.792537999970591,602112,1,59.99633800001902,0.25502299990876054,0.03460299990365456,0.0,602112,0.0,0.0,0.0,0.0,0,0.0,0.0,0.0,0.0,0,0.0,0.0,0.0,0.0,0,0.0,0.0,0.0,0.0,0
3,monolithic_k8s_1svc,14,66.73053600002277,62.93469900015225,3.7958369998705166,602112,1,62.93469900015225,0.2822249998644111,0.03320299992992659,0.0,602112,0.0,0.0,0.0,0.0,0,0.0,0.0,0.0,0.0,0,0.0,0.0,0.0,0.0,0,0.0,0.0,0.0,0.0,0
3,monolithic_k8s_1svc,15,62.954601000001276,58.77522900004806,4.179371999953219,602112,1,58.77522900004806,0.25452199997744174,0.032102999966809875,0.0,602112,0.0,0.0,0.0,0.0,0,0.0,0.0,0.0,0.0,0,0.0,0.0,0.0,0.0,0,0.0,0.0,0.0,0.0,0
3,monolithic_k8s_1svc,16,66.65513000007195,63.130917000080444,3.524212999991505,602112,1,63.130917000080444,0.2783249999538384,0.04550399989966536,0.0,602112,0.0,0.0,0.0,0.0,0,0.0,0.0,0.0,0.0,0,0.0,0.0,0.0,0.0,0,0.0,0.0,0.0,0.0,0
3,monolithic_k8s_1svc,17,70.4698700001245,66.68853300016053,3.781336999963969,602112,1,66.68853300016053,0.21261899996716238,0.036002999877382535,0.0,602112,0.0,0.0,0.0,0.0,0,0.0,0.0,0.0,0.0,0,0.0,0.0,0.0,0.0,0,0.0,0.0,0.0,0.0,0
3,monolithic_k8s_1svc,18,65.71074599992244,61.54607600001327,4.164669999909165,602112,1,61.54607600001327,0.3962349999255821,0.0328030000673607,0.0,602112,0.0,0.0,0.0,0.0,0,0.0,0.0,0.0,0.0,0,0.0,0.0,0.0,0.0,0,0.0,0.0,0.0,0.0,0
3,monolithic_k8s_1svc,19,66.25879500006704,62.59656900010668,3.6622259999603557,602112,1,62.59656900010668,0.21971899991513055,0.033702999871820793,0.0,602112,0.0,0.0,0.0,0.0,0,0.0,0.0,0.0,0.0,0,0.0,0.0,0.0,0.0,0,0.0,0.0,0.0,0.0,0
3,monolithic_k8s_1svc,20,69.68490000008387,66.20098999997026,3.4839100001136103,602112,1,66.20098999997026,0.2559229999405943,0.03630300011536747,0.0,602112,0.0,0.0,0.0,0.0,0,0.0,0.0,0.0,0.0,0,0.0,0.0,0.0,0.0,0,0.0,0.0,0.0,0.0,0
3,monolithic_k8s_1svc,21,70.80239900005836,67.19847800013667,3.6039209999216837,602112,1,67.19847800013667,0.2979270000196266,0.03250299982937577,0.0,602112,0.0,0.0,0.0,0.0,0,0.0,0.0,0.0,0.0,0,0.0,0.0,0.0,0.0,0,0.0,0.0,0.0,0.0,0
3,monolithic_k8s_1svc,22,63.918486999909874,60.27456200013148,3.643924999778392,602112,1,60.27456200013148,0.2018180000504799,0.03540299985616002,0.0,602112,0.0,0.0,0.0,0.0,0,0.0,0.0,0.0,0.0,0,0.0,0.0,0.0,0.0,0,0.0,0.0,0.0,0.0,0
3,monolithic_k8s_1svc,23,59.65530699995725,55.982180999990305,3.673125999966942,602112,1,55.982180999990305,0.2419219999865163,0.03190200004610233,0.0,602112,0.0,0.0,0.0,0.0,0,0.0,0.0,0.0,0.0,0,0.0,0.0,0.0,0.0,0,0.0,0.0,0.0,0.0,0
3,monolithic_k8s_1svc,24,62.79688699987673,59.25287200011553,3.5440149997612025,602112,1,59.25287200011553,0.2117189999353286,0.03250300005674944,0.0,602112,0.0,0.0,0.0,0.0,0,0.0,0.0,0.0,0.0,0,0.0,0.0,0.0,0.0,0,0.0,0.0,0.0,0.0,0
3,monolithic_k8s_1svc,25,59.95633399993494,56.52222799994888,3.434105999986059,602112,1,56.52222799994888,0.19571799998630013,0.03320299992992659,0.0,602112,0.0,0.0,0.0,0.0,0,0.0,0.0,0.0,0.0,0,0.0,0.0,0.0,0.0,0,0.0,0.0,0.0,0.0,0
3,monolithic_k8s_1svc,26,61.433064999846465,57.59202399985952,3.8410409999869444,602112,1,57.59202399985952,0.22441999999500695,0.03250200006732484,0.0,602112,0.0,0.0,0.0,0.0,0,0.0,0.0,0.0,0.0,0,0.0,0.0,0.0,0.0,0,0.0,0.0,0.0,0.0,0
3,monolithic_k8s_1svc,27,62.06062199998996,58.64271800010101,3.4179039998889493,602112,1,58.64271800010101,0.19951699982811988,0.03500299999359413,0.0,602112,0.0,0.0,0.0,0.0,0,0.0,0.0,0.0,0.0,0,0.0,0.0,0.0,0.0,0,0.0,0.0,0.0,0.0,0
3,monolithic_k8s_1svc,28,62.29164199999104,58.70822300016698,3.5834189998240618,602112,1,58.70822300016698,0.23201999988486932,0.030302999903142336,0.0,602112,0.0,0.0,0.0,0.0,0,0.0,0.0,0.0,0.0,0,0.0,0.0,0.0,0.0,0,0.0,0.0,0.0,0.0,0
3,monolithic_k8s_1svc,29,73.156107999921,69.2558610001015,3.900246999819501,602112,1,69.2558610001015,0.31792899994798063,0.03530300000420539,0.0,602112,0.0,0.0,0.0,0.0,0,0.0,0.0,0.0,0.0,0,0.0,0.0,0.0,0.0,0,0.0,0.0,0.0,0.0,0
3,monolithic_k8s_1svc,30,70.9030079999593,67.4040960000184,3.4989119999409013,602112,1,67.4040960000184,0.23072099997989426,0.03250300005674944,0.0,602112,0.0,0.0,0.0,0.0,0,0.0,0.0,0.0,0.0,0,0.0,0.0,0.0,0.0,0,0.0,0.0,0.0,0.0,0
3,monolithic_k8s_1svc,31,66.4367100000618,62.93169900004614,3.5050110000156565,602112,1,62.93169900004614,0.2689240000108839,0.03320299992992659,0.0,602112,0.0,0.0,0.0,0.0,0,0.0,0.0,0.0,0.0,0,0.0,0.0,0.0,0.0,0,0.0,0.0,0.0,0.0,0
3,monolithic_k8s_1svc,32,63.02110699994046,59.7515150000163,3.2695919999241596,602112,1,59.7515150000163,0.2163199999358767,0.032203000046138186,0.0,602112,0.0,0.0,0.0,0.0,0,0.0,0.0,0.0,0.0,0,0.0,0.0,0.0,0.0,0,0.0,0.0,0.0,0.0,0
3,monolithic_k8s_1svc,33,63.23192499985453,59.58770100005495,3.6442239997995785,602112,1,59.58770100005495,0.2537230000143609,0.03100300000369316,0.0,602112,0.0,0.0,0.0,0.0,0,0.0,0.0,0.0,0.0,0,0.0,0.0,0.0,0.0,0,0.0,0.0,0.0,0.0,0
3,monolithic_k8s_1svc,34,61.50747200013029,58.2840849999684,3.2233870001618925,602112,1,58.2840849999684,0.23362100000667851,0.03460299990365456,0.0,602112,0.0,0.0,0.0,0.0,0,0.0,0.0,0.0,0.0,0,0.0,0.0,0.0,0.0,0,0.0,0.0,0.0,0.0,0
3,monolithic_k8s_1svc,35,67.39899600006538,63.92798800015953,3.4710079999058507,602112,1,63.92798800015953,0.2701240000533289,0.03230299989809282,0.0,602112,0.0,0.0,0.0,0.0,0,0.0,0.0,0.0,0.0,0,0.0,0.0,0.0,0.0,0,0.0,0.0,0.0,0.0,0
3,monolithic_k8s_1svc,36,67.53100799983258,63.88788399999612,3.6431239998364617,602112,1,63.88788399999612,0.21731900005761418,0.03360299979249248,0.0,602112,0.0,0.0,0.0,0.0,0,0.0,0.0,0.0,0.0,0,0.0,0.0,0.0,0.0,0,0.0,0.0,0.0,0.0,0
3,monolithic_k8s_1svc,37,69.50058300003548,65.7928539999375,3.70772900009797,602112,1,65.7928539999375,0.24352099990210263,0.032203000046138186,0.0,602112,0.0,0.0,0.0,0.0,0,0.0,0.0,0.0,0.0,0,0.0,0.0,0.0,0.0,0,0.0,0.0,0.0,0.0,0
3,monolithic_k8s_1svc,38,72.90158599994356,69.29346499987332,3.6081210000702413,602112,1,69.29346499987332,0.23102000000108092,0.03550299993548833,0.0,602112,0.0,0.0,0.0,0.0,0,0.0,0.0,0.0,0.0,0,0.0,0.0,0.0,0.0,0,0.0,0.0,0.0,0.0,0
3,monolithic_k8s_1svc,39,69.98782699997719,64.187309999852,5.800517000125183,602112,1,64.187309999852,0.2542229999562551,0.03290300014668901,0.0,602112,0.0,0.0,0.0,0.0,0,0.0,0.0,0.0,0.0,0,0.0,0.0,0.0,0.0,0,0.0,0.0,0.0,0.0,0
3,monolithic_k8s_1svc,40,61.40926399984892,57.69013299982362,3.7191310000252997,602112,1,57.69013299982362,0.24582200012446265,0.030102000209808466,0.0,602112,0.0,0.0,0.0,0.0,0,0.0,0.0,0.0,0.0,0,0.0,0.0,0.0,0.0,0,0.0,0.0,0.0,0.0,0
3,monolithic_k8s_1svc,41,61.61178199999995,57.882849999941755,3.728932000058194,602112,1,57.882849999941755,0.259622999919884,0.040604000105304294,0.0,602112,0.0,0.0,0.0,0.0,0,0.0,0.0,0.0,0.0,0,0.0,0.0,0.0,0.0,0,0.0,0.0,0.0,0.0,0
3,monolithic_k8s_1svc,42,62.92789900021489,59.132460999990144,3.795438000224749,602112,1,59.132460999990144,0.268524000148318,0.051504999873941415,0.0,602112,0.0,0.0,0.0,0.0,0,0.0,0.0,0.0,0.0,0,0.0,0.0,0.0,0.0,0,0.0,0.0,0.0,0.0,0
3,monolithic_k8s_1svc,43,62.618071000088094,58.98494699999901,3.633124000089083,602112,1,58.98494699999901,0.2544230001149117,0.03240299997742113,0.0,602112,0.0,0.0,0.0,0.0,0,0.0,0.0,0.0,0.0,0,0.0,0.0,0.0,0.0,0,0.0,0.0,0.0,0.0,0
3,monolithic_k8s_1svc,44,63.711668999985704,59.76241700000173,3.9492519999839715,602112,1,59.76241700000173,0.2142189998721733,0.030702999993081903,0.0,602112,0.0,0.0,0.0,0.0,0,0.0,0.0,0.0,0.0,0,0.0,0.0,0.0,0.0,0,0.0,0.0,0.0,0.0,0
3,monolithic_k8s_1svc,45,62.32464499998969,58.48900299997695,3.83564200001274,602112,1,58.48900299997695,0.2429220000976784,0.03420300004108867,0.0,602112,0.0,0.0,0.0,0.0,0,0.0,0.0,0.0,0.0,0,0.0,0.0,0.0,0.0,0,0.0,0.0,0.0,0.0,0
3,monolithic_k8s_1svc,46,66.20518999989145,62.47385899996516,3.7313309999262856,602112,1,62.47385899996516,0.2944259999821952,0.03270199999860779,0.0,602112,0.0,0.0,0.0,0.0,0,0.0,0.0,0.0,0.0,0,0.0,0.0,0.0,0.0,0,0.0,0.0,0.0,0.0,0
3,monolithic_k8s_1svc,47,63.4130409998761,59.42248600013045,3.9905549997456546,602112,1,59.42248600013045,0.23632099987480615,0.03260299990870408,0.0,602112,0.0,0.0,0.0,0.0,0,0.0,0.0,0.0,0.0,0,0.0,0.0,0.0,0.0,0,0.0,0.0,0.0,0.0,0
3,monolithic_k8s_1svc,48,60.54098599997815,56.804653999961374,3.7363320000167732,602112,1,56.804653999961374,0.2608230001897027,0.033903000030477415,0.0,602112,0.0,0.0,0.0,0.0,0,0.0,0.0,0.0,0.0,0,0.0,0.0,0.0,0.0,0,0.0,0.0,0.0,0.0,0
3,monolithic_k8s_1svc,49,61.7053890000534,58.34819099982269,3.35719800023071,602112,1,58.34819099982269,0.2321210001809959,0.03270299998803239,0.0,602112,0.0,0.0,0.0,0.0,0,0.0,0.0,0.0,0.0,0,0.0,0.0,0.0,0.0,0,0.0,0.0,0.0,0.0,0
3,monolithic_k8s_1svc,50,63.66956500005472,60.03974200007178,3.6298229999829346,602112,1,60.03974200007178,0.2381209999384737,0.03480299983493751,0.0,602112,0.0,0.0,0.0,0.0,0,0.0,0.0,0.0,0.0,0,0.0,0.0,0.0,0.0,0,0.0,0.0,0.0,0.0,0
3,monolithic_k8s_1svc,51,66.98275899998407,61.948010999913095,5.034748000070977,602112,1,61.948010999913095,0.3625320000537613,0.0328030000673607,0.0,602112,0.0,0.0,0.0,0.0,0,0.0,0.0,0.0,0.0,0,0.0,0.0,0.0,0.0,0,0.0,0.0,0.0,0.0,0
3,monolithic_k8s_1svc,52,61.51477299999897,58.18257700002505,3.3321959999739192,602112,1,58.18257700002505,0.23652100003346277,0.03220200005671359,0.0,602112,0.0,0.0,0.0,0.0,0,0.0,0.0,0.0,0.0,0,0.0,0.0,0.0,0.0,0,0.0,0.0,0.0,0.0,0
3,monolithic_k8s_1svc,53,62.98080300007314,59.379683000088335,3.601119999984803,602112,1,59.379683000088335,0.24722200009819062,0.036102999956710846,0.0,602112,0.0,0.0,0.0,0.0,0,0.0,0.0,0.0,0.0,0,0.0,0.0,0.0,0.0,0,0.0,0.0,0.0,0.0,0
3,monolithic_k8s_1svc,54,62.036118999913015,58.16117400013354,3.8749449997794727,602112,1,58.16117400013354,0.2434220000395726,0.03140299986625905,0.0,602112,0.0,0.0,0.0,0.0,0,0.0,0.0,0.0,0.0,0,0.0,0.0,0.0,0.0,0,0.0,0.0,0.0,0.0,0
3,monolithic_k8s_1svc,55,65.04338699983236,60.378171000138536,4.665215999693828,602112,1,60.378171000138536,0.3899349999301194,0.03410299996176036,0.0,602112,0.0,0.0,0.0,0.0,0,0.0,0.0,0.0,0.0,0,0.0,0.0,0.0,0.0,0,0.0,0.0,0.0,0.0,0
3,monolithic_k8s_1svc,56,61.005527999896,56.966767999938384,4.03875999995762,602112,1,56.966767999938384,0.25142200001937454,0.03270299998803239,0.0,602112,0.0,0.0,0.0,0.0,0,0.0,0.0,0.0,0.0,0,0.0,0.0,0.0,0.0,0,0.0,0.0,0.0,0.0,0
3,monolithic_k8s_1svc,57,59.895428999880096,55.83566699988296,4.059761999997136,602112,1,55.83566699988296,0.2602240001579048,0.03190300003552693,0.0,602112,0.0,0.0,0.0,0.0,0,0.0,0.0,0.0,0.0,0,0.0,0.0,0.0,0.0,0,0.0,0.0,0.0,0.0,0
3,monolithic_k8s_1svc,58,62.780685000007,58.94374399986191,3.8369410001450888,602112,1,58.94374399986191,0.22441999999500695,0.03600300010475621,0.0,602112,0.0,0.0,0.0,0.0,0,0.0,0.0,0.0,0.0,0,0.0,0.0,0.0,0.0,0,0.0,0.0,0.0,0.0,0
3,monolithic_k8s_1svc,59,64.94837899981576,61.16574199995739,3.7826369998583687,602112,1,61.16574199995739,0.2651229999628413,0.033203000157300266,0.0,602112,0.0,0.0,0.0,0.0,0,0.0,0.0,0.0,0.0,0,0.0,0.0,0.0,0.0,0,0.0,0.0,0.0,0.0,0
3,monolithic_k8s_1svc,60,62.545264000164025,58.87013799997476,3.675126000189266,602112,1,58.87013799997476,0.2476219999607565,0.034103000189134036,0.0,602112,0.0,0.0,0.0,0.0,0,0.0,0.0,0.0,0.0,0,0.0,0.0,0.0,0.0,0,0.0,0.0,0.0,0.0,0
3,monolithic_k8s_1svc,61,62.34904699999788,58.52500700007113,3.824039999926754,602112,1,58.52500700007113,0.2393209999809187,0.03350299994053785,0.0,602112,0.0,0.0,0.0,0.0,0,0.0,0.0,0.0,0.0,0,0.0,0.0,0.0,0.0,0,0.0,0.0,0.0,0.0,0
3,monolithic_k8s_1svc,62,64.33342400009678,60.39517299996078,3.938251000136006,602112,1,60.39517299996078,0.23852200001783785,0.03230299989809282,0.0,602112,0.0,0.0,0.0,0.0,0,0.0,0.0,0.0,0.0,0,0.0,0.0,0.0,0.0,0,0.0,0.0,0.0,0.0,0
3,monolithic_k8s_1svc,63,67.43529899995337,63.620760000048904,3.814538999904471,602112,1,63.620760000048904,0.3334289999656903,0.033903000030477415,0.0,602112,0.0,0.0,0.0,0.0,0,0.0,0.0,0.0,0.0,0,0.0,0.0,0.0,0.0,0,0.0,0.0,0.0,0.0,0
3,monolithic_k8s_1svc,64,64.02689600008671,60.28576400012753,3.7411319999591797,602112,1,60.28576400012753,0.24342099982277432,0.03340300008858321,0.0,602112,0.0,0.0,0.0,0.0,0,0.0,0.0,0.0,0.0,0,0.0,0.0,0.0,0.0,0,0.0,0.0,0.0,0.0,0
3,monolithic_k8s_1svc,65,62.0517209999889,58.86863699993228,3.183084000056624,602112,1,58.86863699993228,0.259622999919884,0.0328030000673607,0.0,602112,0.0,0.0,0.0,0.0,0,0.0,0.0,0.0,0.0,0,0.0,0.0,0.0,0.0,0,0.0,0.0,0.0,0.0,0
3,monolithic_k8s_1svc,66,66.24959400005537,62.937698999803615,3.311895000251752,602112,1,62.937698999803615,0.26662400000532216,0.03290300014668901,0.0,602112,0.0,0.0,0.0,0.0,0,0.0,0.0,0.0,0.0,0,0.0,0.0,0.0,0.0,0,0.0,0.0,0.0,0.0,0
3,monolithic_k8s_1svc,67,71.08692500014513,67.94004399989717,3.1468810002479586,602112,1,67.94004399989717,0.21822000007887254,0.03720400013662584,0.0,602112,0.0,0.0,0.0,0.0,0,0.0,0.0,0.0,0.0,0,0.0,0.0,0.0,0.0,0,0.0,0.0,0.0,0.0,0
3,monolithic_k8s_1svc,68,65.85836000022027,62.50826099994811,3.3500990002721664,602112,1,62.50826099994811,0.25142200001937454,0.03720300014720124,0.0,602112,0.0,0.0,0.0,0.0,0,0.0,0.0,0.0,0.0,0,0.0,0.0,0.0,0.0,0,0.0,0.0,0.0,0.0,0
3,monolithic_k8s_1svc,69,72.22952600000099,68.60250299996551,3.6270230000354786,602112,1,68.60250299996551,0.24822199998197902,0.03240300020479481,0.0,602112,0.0,0.0,0.0,0.0,0,0.0,0.0,0.0,0.0,0,0.0,0.0,0.0,0.0,0,0.0,0.0,0.0,0.0,0
3,monolithic_k8s_1svc,70,64.68905499991706,61.03022999991481,3.6588250000022526,602112,1,61.03022999991481,0.2814249999119056,0.03210300019418355,0.0,602112,0.0,0.0,0.0,0.0,0,0.0,0.0,0.0,0.0,0,0.0,0.0,0.0,0.0,0,0.0,0.0,0.0,0.0,0
3,monolithic_k8s_1svc,71,71.28614199996264,67.32448900015697,3.961652999805665,602112,1,67.32448900015697,0.22741999987374584,0.032102999966809875,0.0,602112,0.0,0.0,0.0,0.0,0,0.0,0.0,0.0,0.0,0,0.0,0.0,0.0,0.0,0,0.0,0.0,0.0,0.0,0
3,monolithic_k8s_1svc,72,60.84991300008369,56.74124900019706,4.10866399988663,602112,1,56.74124900019706,0.22661999992124038,0.03170199988744571,0.0,602112,0.0,0.0,0.0,0.0,0,0.0,0.0,0.0,0.0,0,0.0,0.0,0.0,0.0,0,0.0,0.0,0.0,0.0,0
3,monolithic_k8s_1svc,73,65.73184800004128,61.858202999928835,3.8736450001124467,602112,1,61.858202999928835,0.24062200009211665,0.03460300013102824,0.0,602112,0.0,0.0,0.0,0.0,0,0.0,0.0,0.0,0.0,0,0.0,0.0,0.0,0.0,0,0.0,0.0,0.0,0.0,0
3,monolithic_k8s_1svc,74,63.62686000011308,59.99133700015591,3.6355229999571748,602112,1,59.99133700015591,0.30612799992013606,0.033702999871820793,0.0,602112,0.0,0.0,0.0,0.0,0,0.0,0.0,0.0,0.0,0,0.0,0.0,0.0,0.0,0,0.0,0.0,0.0,0.0,0
3,monolithic_k8s_1svc,75,64.31982300000527,60.157352000032915,4.162470999972356,602112,1,60.157352000032915,0.24542100004509848,0.03400299988243205,0.0,602112,0.0,0.0,0.0,0.0,0,0.0,0.0,0.0,0.0,0,0.0,0.0,0.0,0.0,0,0.0,0.0,0.0,0.0,0
3,monolithic_k8s_1svc,76,63.857480999786276,59.98193599998558,3.8755449998006952,602112,1,59.98193599998558,0.27222499988965865,0.03500299999359413,0.0,602112,0.0,0.0,0.0,0.0,0,0.0,0.0,0.0,0.0,0,0.0,0.0,0.0,0.0,0,0.0,0.0,0.0,0.0,0
3,monolithic_k8s_1svc,77,62.59516899990558,58.906441000090126,3.6887279998154554,602112,1,58.906441000090126,0.23442099995918397,0.03150299994558736,0.0,602112,0.0,0.0,0.0,0.0,0,0.0,0.0,0.0,0.0,0,0.0,0.0,0.0,0.0,0,0.0,0.0,0.0,0.0,0
3,monolithic_k8s_1svc,78,65.22830300013993,61.34355799986224,3.8847450002776895,602112,1,61.34355799986224,0.21761900006822543,0.0333030000092549,0.0,602112,0.0,0.0,0.0,0.0,0,0.0,0.0,0.0,0.0,0,0.0,0.0,0.0,0.0,0,0.0,0.0,0.0,0.0,0
3,monolithic_k8s_1svc,79,63.62106100004894,59.56949999995231,4.051561000096626,602112,1,59.56949999995231,0.2752240000063466,0.03150299994558736,0.0,602112,0.0,0.0,0.0,0.0,0,0.0,0.0,0.0,0.0,0,0.0,0.0,0.0,0.0,0,0.0,0.0,0.0,0.0,0
3,monolithic_k8s_1svc,80,65.34151400001065,61.88550599995324,3.456008000057409,602112,1,61.88550599995324,0.2538230000936892,0.03500299999359413,0.0,602112,0.0,0.0,0.0,0.0,0,0.0,0.0,0.0,0.0,0,0.0,0.0,0.0,0.0,0,0.0,0.0,0.0,0.0,0
3,monolithic_k8s_1svc,81,65.10179199995036,61.32275599998138,3.7790359999689827,602112,1,61.32275599998138,0.2502219999769295,0.04700399995272164,0.0,602112,0.0,0.0,0.0,0.0,0,0.0,0.0,0.0,0.0,0,0.0,0.0,0.0,0.0,0,0.0,0.0,0.0,0.0,0
3,monolithic_k8s_1svc,82,67.4061970000821,64.22161399996185,3.1845830001202557,602112,1,64.22161399996185,0.2631229999678908,0.030401999993046047,0.0,602112,0.0,0.0,0.0,0.0,0,0.0,0.0,0.0,0.0,0,0.0,0.0,0.0,0.0,0,0.0,0.0,0.0,0.0,0
3,monolithic_k8s_1svc,83,61.61428199993679,58.31278799996653,3.301493999970262,602112,1,58.31278799996653,0.233020999985456,0.03410299996176036,0.0,602112,0.0,0.0,0.0,0.0,0,0.0,0.0,0.0,0.0,0,0.0,0.0,0.0,0.0,0,0.0,0.0,0.0,0.0,0
3,monolithic_k8s_1svc,84,65.69204400011586,62.36754900010055,3.324495000015304,602112,1,62.36754900010055,0.27432399997451284,0.03400299988243205,0.0,602112,0.0,0.0,0.0,0.0,0,0.0,0.0,0.0,0.0,0,0.0,0.0,0.0,0.0,0,0.0,0.0,0.0,0.0,0
3,monolithic_k8s_1svc,85,63.36833800014574,59.593301999939285,3.7750360002064554,602112,1,59.593301999939285,0.4358379999302997,0.030903000151738524,0.0,602112,0.0,0.0,0.0,0.0,0,0.0,0.0,0.0,0.0,0,0.0,0.0,0.0,0.0,0,0.0,0.0,0.0,0.0,0
3,monolithic_k8s_1svc,86,61.826401000189435,57.98535799999627,3.8410430001931672,602112,1,57.98535799999627,0.23922200011838868,0.033802999951149104,0.0,602112,0.0,0.0,0.0,0.0,0,0.0,0.0,0.0,0.0,0,0.0,0.0,0.0,0.0,0,0.0,0.0,0.0,0.0,0
3,monolithic_k8s_1svc,87,62.57826800015209,58.59001199996783,3.988256000184265,602112,1,58.59001199996783,0.2600230000098236,0.03520400014167535,0.0,602112,0.0,0.0,0.0,0.0,0,0.0,0.0,0.0,0.0,0,0.0,0.0,0.0,0.0,0,0.0,0.0,0.0,0.0,0
3,monolithic_k8s_1svc,88,61.09613500007072,57.58152299995345,3.5146120001172676,602112,1,57.58152299995345,0.2703239999846119,0.032703000215406064,0.0,602112,0.0,0.0,0.0,0.0,0,0.0,0.0,0.0,0.0,0,0.0,0.0,0.0,0.0,0,0.0,0.0,0.0,0.0,0
3,monolithic_k8s_1svc,89,63.49834900015594,59.73731500012036,3.761034000035579,602112,1,59.73731500012036,0.22792000004301372,0.03180199996677402,0.0,602112,0.0,0.0,0.0,0.0,0,0.0,0.0,0.0,0.0,0,0.0,0.0,0.0,0.0,0,0.0,0.0,0.0,0.0,0
3,monolithic_k8s_1svc,90,62.17823099996167,58.45509999994647,3.7231310000152007,602112,1,58.45509999994647,0.2596230001472577,0.03430299989304331,0.0,602112,0.0,0.0,0.0,0.0,0,0.0,0.0,0.0,0.0,0,0.0,0.0,0.0,0.0,0,0.0,0.0,0.0,0.0,0
3,monolithic_k8s_1svc,91,64.27901899996868,60.78460699995958,3.494412000009106,602112,1,60.78460699995958,0.2792249999856722,0.03500299999359413,0.0,602112,0.0,0.0,0.0,0.0,0,0.0,0.0,0.0,0.0,0,0.0,0.0,0.0,0.0,0,0.0,0.0,0.0,0.0,0
3,monolithic_k8s_1svc,92,60.744604999854346,57.17018600012125,3.5744189997330977,602112,1,57.17018600012125,0.2625229999466683,0.033002999998643645,0.0,602112,0.0,0.0,0.0,0.0,0,0.0,0.0,0.0,0.0,0,0.0,0.0,0.0,0.0,0,0.0,0.0,0.0,0.0,0
3,monolithic_k8s_1svc,93,61.66938600017602,58.08476799984419,3.5846180003318295,602112,1,58.08476799984419,0.26452400015841704,0.03210200020475895,0.0,602112,0.0,0.0,0.0,0.0,0,0.0,0.0,0.0,0.0,0,0.0,0.0,0.0,0.0,0,0.0,0.0,0.0,0.0,0
3,monolithic_k8s_1svc,94,61.448868999832484,58.13937400012037,3.309494999712115,602112,1,58.13937400012037,0.23742099983792286,0.032203000046138186,0.0,602112,0.0,0.0,0.0,0.0,0,0.0,0.0,0.0,0.0,0,0.0,0.0,0.0,0.0,0,0.0,0.0,0.0,0.0,0
3,monolithic_k8s_1svc,95,63.320436000140035,59.541600000102335,3.7788360000376997,602112,1,59.541600000102335,0.2980259998821566,0.03450300005169993,0.0,602112,0.0,0.0,0.0,0.0,0,0.0,0.0,0.0,0.0,0,0.0,0.0,0.0,0.0,0,0.0,0.0,0.0,0.0,0
3,monolithic_k8s_1svc,96,63.41094399999747,60.10825099997419,3.3026930000232824,602112,1,60.10825099997419,0.2471220000188623,0.032002999887481565,0.0,602112,0.0,0.0,0.0,0.0,0,0.0,0.0,0.0,0.0,0,0.0,0.0,0.0,0.0,0,0.0,0.0,0.0,0.0,0
3,monolithic_k8s_1svc,97,65.78985599981024,62.6110730001983,3.17878299961194,602112,1,62.6110730001983,0.26902399986283854,0.03100300000369316,0.0,602112,0.0,0.0,0.0,0.0,0,0.0,0.0,0.0,0.0,0,0.0,0.0,0.0,0.0,0,0.0,0.0,0.0,0.0,0
3,monolithic_k8s_1svc,98,61.879908000037176,58.59481600009531,3.2850919999418693,602112,1,58.59481600009531,0.21821900008944795,0.0333030000092549,0.0,602112,0.0,0.0,0.0,0.0,0,0.0,0.0,0.0,0.0,0,0.0,0.0,0.0,0.0,0,0.0,0.0,0.0,0.0,0
3,monolithic_k8s_1svc,99,66.36770799991609,62.70718200016745,3.660525999748643,602112,1,62.70718200016745,0.2169189999676746,0.03150299994558736,0.0,602112,0.0,0.0,0.0,0.0,0,0.0,0.0,0.0,0.0,0,0.0,0.0,0.0,0.0,0,0.0,0.0,0.0,0.0,0
3,monolithic_k8s_1svc,100,62.970704999997906,59.69281299985596,3.2778920001419465,602112,1,59.69281299985596,0.24512200002391182,0.03350299994053785,0.0,602112,0.0,0.0,0.0,0.0,0,0.0,0.0,0.0,0.0,0,0.0,0.0,0.0,0.0,0,0.0,0.0,0.0,0.0,0
3,monolithic_k8s_1svc,101,60.71570500012058,57.31030100014323,3.405403999977352,602112,1,57.31030100014323,0.21651999986715964,0.05120499986333016,0.0,602112,0.0,0.0,0.0,0.0,0,0.0,0.0,0.0,0.0,0,0.0,0.0,0.0,0.0,0,0.0,0.0,0.0,0.0,0
3,monolithic_k8s_1svc,102,62.52936599980785,59.12676300022213,3.4026029995857243,602112,1,59.12676300022213,0.25312299999313836,0.03350299994053785,0.0,602112,0.0,0.0,0.0,0.0,0,0.0,0.0,0.0,0.0,0,0.0,0.0,0.0,0.0,0,0.0,0.0,0.0,0.0,0
3,monolithic_k8s_1svc,103,59.68951299996661,56.00598499995613,3.683528000010483,602112,1,56.00598499995613,0.24422199999207805,0.030702999993081903,0.0,602112,0.0,0.0,0.0,0.0,0,0.0,0.0,0.0,0.0,0,0.0,0.0,0.0,0.0,0,0.0,0.0,0.0,0.0,0
3,monolithic_k8s_1svc,104,59.560401999988244,55.918077999876914,3.64232400011133,602112,1,55.918077999876914,0.21711900012633123,0.03290300014668901,0.0,602112,0.0,0.0,0.0,0.0,0,0.0,0.0,0.0,0.0,0,0.0,0.0,0.0,0.0,0,0.0,0.0,0.0,0.0,0
3,monolithic_k8s_1svc,105,63.13481999995929,58.7061259998336,4.428694000125688,602112,1,58.7061259998336,0.243421000050148,0.03370300009919447,0.0,602112,0.0,0.0,0.0,0.0,0,0.0,0.0,0.0,0.0,0,0.0,0.0,0.0,0.0,0,0.0,0.0,0.0,0.0,0
3,monolithic_k8s_1svc,106,59.689713000125266,56.076691000043866,3.6130220000814006,602112,1,56.076691000043866,0.23102099999050552,0.03180299995619862,0.0,602112,0.0,0.0,0.0,0.0,0,0.0,0.0,0.0,0.0,0,0.0,0.0,0.0,0.0,0,0.0,0.0,0.0,0.0,0
3,monolithic_k8s_1svc,107,61.76009699993301,57.98196099999586,3.778135999937149,602112,1,57.98196099999586,0.2377210000759078,0.034702999982982874,0.0,602112,0.0,0.0,0.0,0.0,0,0.0,0.0,0.0,0.0,0,0.0,0.0,0.0,0.0,0,0.0,0.0,0.0,0.0,0
3,monolithic_k8s_1svc,108,62.65707700003986,58.79833399990275,3.8587430001371104,602112,1,58.79833399990275,0.2273200000217912,0.03290300014668901,0.0,602112,0.0,0.0,0.0,0.0,0,0.0,0.0,0.0,0.0,0,0.0,0.0,0.0,0.0,0,0.0,0.0,0.0,0.0,0
3,monolithic_k8s_1svc,109,62.75648600012573,59.05025599986402,3.706230000261712,602112,1,59.05025599986402,0.23302100021282968,0.03320299992992659,0.0,602112,0.0,0.0,0.0,0.0,0,0.0,0.0,0.0,0.0,0,0.0,0.0,0.0,0.0,0,0.0,0.0,0.0,0.0,0
3,monolithic_k8s_1svc,110,60.87051899999096,57.46571499980746,3.4048040001835034,602112,1,57.46571499980746,0.23502100020778016,0.0328030000673607,0.0,602112,0.0,0.0,0.0,0.0,0,0.0,0.0,0.0,0.0,0,0.0,0.0,0.0,0.0,0,0.0,0.0,0.0,0.0,0
3,monolithic_k8s_1svc,111,60.87131899994347,57.29169999995065,3.5796189999928174,602112,1,57.29169999995065,0.2189199999520497,0.03180199996677402,0.0,602112,0.0,0.0,0.0,0.0,0,0.0,0.0,0.0,0.0,0,0.0,0.0,0.0,0.0,0,0.0,0.0,0.0,0.0,0
3,monolithic_k8s_1svc,112,62.000217999866436,58.93474499998774,3.0654729998786934,602112,1,58.93474499998774,0.23542100007034605,0.03270299998803239,0.0,602112,0.0,0.0,0.0,0.0,0,0.0,0.0,0.0,0.0,0,0.0,0.0,0.0,0.0,0,0.0,0.0,0.0,0.0,0
3,monolithic_k8s_1svc,113,65.19630299999335,61.51627500003087,3.6800279999624763,602112,1,61.51627500003087,0.2549230000568059,0.033802999951149104,0.0,602112,0.0,0.0,0.0,0.0,0,0.0,0.0,0.0,0.0,0,0.0,0.0,0.0,0.0,0,0.0,0.0,0.0,0.0,0
3,monolithic_k8s_1svc,114,63.74117300015314,60.17575700002453,3.5654160001286073,602112,1,60.17575700002453,0.25522200007799256,0.03100200001426856,0.0,602112,0.0,0.0,0.0,0.0,0,0.0,0.0,0.0,0.0,0,0.0,0.0,0.0,0.0,0,0.0,0.0,0.0,0.0,0
3,monolithic_k8s_1svc,115,61.78969999996298,58.55601200005367,3.233687999909307,602112,1,58.55601200005367,0.23762099999657949,0.03260300013607775,0.0,602112,0.0,0.0,0.0,0.0,0,0.0,0.0,0.0,0.0,0,0.0,0.0,0.0,0.0,0,0.0,0.0,0.0,0.0,0
3,monolithic_k8s_1svc,116,62.99280700000054,59.45909199999733,3.5337150000032125,602112,1,59.45909199999733,0.21912000011070631,0.0328030000673607,0.0,602112,0.0,0.0,0.0,0.0,0,0.0,0.0,0.0,0.0,0,0.0,0.0,0.0,0.0,0,0.0,0.0,0.0,0.0,0
3,monolithic_k8s_1svc,117,62.32274800004234,58.62891900005707,3.6938289999852714,602112,1,58.62891900005707,0.2569230000517564,0.03000299989253108,0.0,602112,0.0,0.0,0.0,0.0,0,0.0,0.0,0.0,0.0,0,0.0,0.0,0.0,0.0,0,0.0,0.0,0.0,0.0,0
3,monolithic_k8s_1svc,118,61.426767000057225,57.874452000078236,3.5523149999789894,602112,1,57.874452000078236,0.19371700000192504,0.0333030000092549,0.0,602112,0.0,0.0,0.0,0.0,0,0.0,0.0,0.0,0.0,0,0.0,0.0,0.0,0.0,0,0.0,0.0,0.0,0.0,0
3,monolithic_k8s_1svc,119,64.02269899990642,60.379775000001246,3.642923999905179,602112,1,60.379775000001246,0.3169280000747676,0.03240299997742113,0.0,602112,0.0,0.0,0.0,0.0,0,0.0,0.0,0.0,0.0,0,0.0,0.0,0.0,0.0,0,0.0,0.0,0.0,0.0,0
3,monolithic_k8s_1svc,120,64.45063699993625,60.86381799991614,3.586819000020114,602112,1,60.86381799991614,0.30252700003075006,0.03240199998799653,0.0,602112,0.0,0.0,0.0,0.0,0,0.0,0.0,0.0,0.0,0,0.0,0.0,0.0,0.0,0,0.0,0.0,0.0,0.0,0
3,monolithic_k8s_1svc,121,71.8970000000354,68.33348200007094,3.5635179999644606,602112,1,68.33348200007094,0.2606230000310461,0.031202999934976106,0.0,602112,0.0,0.0,0.0,0.0,0,0.0,0.0,0.0,0.0,0,0.0,0.0,0.0,0.0,0,0.0,0.0,0.0,0.0,0
3,monolithic_k8s_1svc,122,63.22642700001779,59.43419100003666,3.7922359999811306,602112,1,59.43419100003666,0.23742100006529654,0.03510300007292244,0.0,602112,0.0,0.0,0.0,0.0,0,0.0,0.0,0.0,0.0,0,0.0,0.0,0.0,0.0,0,0.0,0.0,0.0,0.0,0
3,monolithic_k8s_1svc,123,63.17122300015399,59.52619799995773,3.645025000196256,602112,1,59.52619799995773,0.25092199985010666,0.0328030000673607,0.0,602112,0.0,0.0,0.0,0.0,0,0.0,0.0,0.0,0.0,0,0.0,0.0,0.0,0.0,0,0.0,0.0,0.0,0.0,0
3,monolithic_k8s_1svc,124,68.24017400003868,64.88367600013589,3.3564979999027855,602112,1,64.88367600013589,0.2720239999689511,0.03260299990870408,0.0,602112,0.0,0.0,0.0,0.0,0,0.0,0.0,0.0,0.0,0,0.0,0.0,0.0,0.0,0,0.0,0.0,0.0,0.0,0
3,monolithic_k8s_1svc,125,63.819981000051484,60.16715500004466,3.652826000006826,602112,1,60.16715500004466,0.22221999984139984,0.03190300003552693,0.0,602112,0.0,0.0,0.0,0.0,0,0.0,0.0,0.0,0.0,0,0.0,0.0,0.0,0.0,0,0.0,0.0,0.0,0.0,0
3,monolithic_k8s_1svc,126,67.096372999913,63.44044699994811,3.655925999964893,602112,1,63.44044699994811,0.2677239999684389,0.03240299997742113,0.0,602112,0.0,0.0,0.0,0.0,0,0.0,0.0,0.0,0.0,0,0.0,0.0,0.0,0.0,0,0.0,0.0,0.0,0.0,0
3,monolithic_k8s_1svc,127,61.75009700018563,57.792844999994486,3.957252000191147,602112,1,57.792844999994486,0.25412199988750217,0.03220200005671359,0.0,602112,0.0,0.0,0.0,0.0,0,0.0,0.0,0.0,0.0,0,0.0,0.0,0.0,0.0,0,0.0,0.0,0.0,0.0,0
3,monolithic_k8s_1svc,128,64.13930899998377,60.219959999813,3.9193490001707687,602112,1,60.219959999813,0.2683239999896614,0.031803000183572294,0.0,602112,0.0,0.0,0.0,0.0,0,0.0,0.0,0.0,0.0,0,0.0,0.0,0.0,0.0,0,0.0,0.0,0.0,0.0,0
3,monolithic_k8s_1svc,129,61.86180700001387,58.2979890000388,3.563817999975072,602112,1,58.2979890000388,0.2684240000689897,0.033002999998643645,0.0,602112,0.0,0.0,0.0,0.0,0,0.0,0.0,0.0,0.0,0,0.0,0.0,0.0,0.0,0,0.0,0.0,0.0,0.0,0
3,monolithic_k8s_1svc,130,64.24541899991709,60.41817799996352,3.827240999953574,602112,1,60.41817799996352,0.26292300003660785,0.03670299997793336,0.0,602112,0.0,0.0,0.0,0.0,0,0.0,0.0,0.0,0.0,0,0.0,0.0,0.0,0.0,0,0.0,0.0,0.0,0.0,0
3,monolithic_k8s_1svc,131,73.39123299993844,69.42888000003222,3.9623529999062157,602112,1,69.42888000003222,0.24382200012951216,0.040003999856708106,0.0,602112,0.0,0.0,0.0,0.0,0,0.0,0.0,0.0,0.0,0,0.0,0.0,0.0,0.0,0,0.0,0.0,0.0,0.0,0
3,monolithic_k8s_1svc,132,64.8778750000929,61.48627300012777,3.3916019999651326,602112,1,61.48627300012777,0.26502399987293757,0.03340299986120954,0.0,602112,0.0,0.0,0.0,0.0,0,0.0,0.0,0.0,0.0,0,0.0,0.0,0.0,0.0,0,0.0,0.0,0.0,0.0,0
3,monolithic_k8s_1svc,133,63.42374599989853,59.391687000015736,4.032058999882793,602112,1,59.391687000015736,0.2918259999660222,0.033002999998643645,0.0,602112,0.0,0.0,0.0,0.0,0,0.0,0.0,0.0,0.0,0,0.0,0.0,0.0,0.0,0,0.0,0.0,0.0,0.0,0
3,monolithic_k8s_1svc,134,61.12114100005783,57.50551899996026,3.6156220000975736,602112,1,57.50551899996026,0.2492220000931411,0.03240299997742113,0.0,602112,0.0,0.0,0.0,0.0,0,0.0,0.0,0.0,0.0,0,0.0,0.0,0.0,0.0,0,0.0,0.0,0.0,0.0,0
3,monolithic_k8s_1svc,135,63.176223000027676,59.46189300016158,3.714329999866095,602112,1,59.46189300016158,0.26022299994110654,0.03260299990870408,0.0,602112,0.0,0.0,0.0,0.0,0,0.0,0.0,0.0,0.0,0,0.0,0.0,0.0,0.0,0,0.0,0.0,0.0,0.0,0
3,monolithic_k8s_1svc,136,62.829492999981085,59.463592999918546,3.3659000000625383,602112,1,59.463592999918546,0.2565230001891905,0.03440299997237162,0.0,602112,0.0,0.0,0.0,0.0,0,0.0,0.0,0.0,0.0,0,0.0,0.0,0.0,0.0,0,0.0,0.0,0.0,0.0,0
3,monolithic_k8s_1svc,137,63.061313000162045,59.29177699999855,3.769536000163498,602112,1,59.29177699999855,0.23852200001783785,0.033203000157300266,0.0,602112,0.0,0.0,0.0,0.0,0,0.0,0.0,0.0,0.0,0,0.0,0.0,0.0,0.0,0,0.0,0.0,0.0,0.0,0
3,monolithic_k8s_1svc,138,74.89556700011235,71.07372599989503,3.8218410002173187,602112,1,71.07372599989503,0.24372200005018385,0.03470399997240747,0.0,602112,0.0,0.0,0.0,0.0,0,0.0,0.0,0.0,0.0,0,0.0,0.0,0.0,0.0,0,0.0,0.0,0.0,0.0,0
3,monolithic_k8s_1svc,139,70.26725500008979,66.77244400020754,3.4948109998822474,602112,1,66.77244400020754,0.23992100000214123,0.035202999924877076,0.0,602112,0.0,0.0,0.0,0.0,0,0.0,0.0,0.0,0.0,0,0.0,0.0,0.0,0.0,0,0.0,0.0,0.0,0.0,0
3,monolithic_k8s_1svc,140,67.79303500002243,63.94829300006677,3.8447419999556587,602112,1,63.94829300006677,0.2438209999127139,0.03350299994053785,0.0,602112,0.0,0.0,0.0,0.0,0,0.0,0.0,0.0,0.0,0,0.0,0.0,0.0,0.0,0,0.0,0.0,0.0,0.0,0
3,monolithic_k8s_1svc,141,64.33942700004991,60.936624000078154,3.4028029999717546,602112,1,60.936624000078154,0.22272000001066772,0.03190300003552693,0.0,602112,0.0,0.0,0.0,0.0,0,0.0,0.0,0.0,0.0,0,0.0,0.0,0.0,0.0,0,0.0,0.0,0.0,0.0,0
3,monolithic_k8s_1svc,142,64.89277600007881,61.229051000054824,3.6637250000239874,602112,1,61.229051000054824,0.25452199997744174,0.03230299989809282,0.0,602112,0.0,0.0,0.0,0.0,0,0.0,0.0,0.0,0.0,0,0.0,0.0,0.0,0.0,0,0.0,0.0,0.0,0.0,0
3,monolithic_k8s_1svc,143,66.72173900005873,63.14712099992903,3.5746180001297034,602112,1,63.14712099992903,0.250723000135622,0.03580299994609959,0.0,602112,0.0,0.0,0.0,0.0,0,0.0,0.0,0.0,0.0,0,0.0,0.0,0.0,0.0,0,0.0,0.0,0.0,0.0,0
3,monolithic_k8s_1svc,144,65.80535800003418,62.56767000013497,3.237687999899208,602112,1,62.56767000013497,0.2804240000386926,0.0333030000092549,0.0,602112,0.0,0.0,0.0,0.0,0,0.0,0.0,0.0,0.0,0,0.0,0.0,0.0,0.0,0,0.0,0.0,0.0,0.0,0
3,monolithic_k8s_1svc,145,70.2030489999288,66.66483399999379,3.5382149999350077,602112,1,66.66483399999379,0.22812000020167034,0.03620399979809008,0.0,602112,0.0,0.0,0.0,0.0,0,0.0,0.0,0.0,0.0,0,0.0,0.0,0.0,0.0,0,0.0,0.0,0.0,0.0,0
3,monolithic_k8s_1svc,146,61.62068499997986,58.285989000069094,3.334695999910764,602112,1,58.285989000069094,0.26652299993656925,0.031602999797542,0.0,602112,0.0,0.0,0.0,0.0,0,0.0,0.0,0.0,0.0,0,0.0,0.0,0.0,0.0,0,0.0,0.0,0.0,0.0,0
3,monolithic_k8s_1svc,147,61.48667299999033,57.8502490000119,3.636423999978433,602112,1,57.8502490000119,0.17991599997913,0.03180299995619862,0.0,602112,0.0,0.0,0.0,0.0,0,0.0,0.0,0.0,0.0,0,0.0,0.0,0.0,0.0,0,0.0,0.0,0.0,0.0,0
3,monolithic_k8s_1svc,148,67.15727799996785,63.220926999974836,3.93635099999301,602112,1,63.220926999974836,0.2922270000453864,0.03620300003603916,0.0,602112,0.0,0.0,0.0,0.0,0,0.0,0.0,0.0,0.0,0,0.0,0.0,0.0,0.0,0,0.0,0.0,0.0,0.0,0
3,monolithic_k8s_1svc,149,66.4888180001526,62.897398999893994,3.591419000258611,602112,1,62.897398999893994,0.22922099992683798,0.03270199999860779,0.0,602112,0.0,0.0,0.0,0.0,0,0.0,0.0,0.0,0.0,0,0.0,0.0,0.0,0.0,0,0.0,0.0,0.0,0.0,0
3,monolithic_k8s_1svc,150,65.6807469999876,61.93041300002733,3.750333999960276,602112,1,61.93041300002733,0.3174280000166618,0.032102999966809875,0.0,602112,0.0,0.0,0.0,0.0,0,0.0,0.0,0.0,0.0,0,0.0,0.0,0.0,0.0,0,0.0,0.0,0.0,0.0,0
3,monolithic_k8s_1svc,151,74.30951400010599,64.70805899994048,9.601455000165515,602112,1,64.70805899994048,0.2856260000498878,0.034804000051735784,0.0,602112,0.0,0.0,0.0,0.0,0,0.0,0.0,0.0,0.0,0,0.0,0.0,0.0,0.0,0,0.0,0.0,0.0,0.0,0
3,monolithic_k8s_1svc,152,74.67294699995364,71.28254500003095,3.3904019999226875,602112,1,71.28254500003095,0.22371999989445612,0.038702999972883845,0.0,602112,0.0,0.0,0.0,0.0,0,0.0,0.0,0.0,0.0,0,0.0,0.0,0.0,0.0,0,0.0,0.0,0.0,0.0,0
3,monolithic_k8s_1svc,153,69.16415699993195,65.7415509999737,3.4226059999582503,602112,1,65.7415509999737,0.25972299999921233,0.031703000104243984,0.0,602112,0.0,0.0,0.0,0.0,0,0.0,0.0,0.0,0.0,0,0.0,0.0,0.0,0.0,0,0.0,0.0,0.0,0.0,0
3,monolithic_k8s_1svc,154,71.53076700001293,67.75483100000201,3.7759360000109154,602112,1,67.75483100000201,0.2475219998814282,0.0323030001254665,0.0,602112,0.0,0.0,0.0,0.0,0,0.0,0.0,0.0,0.0,0,0.0,0.0,0.0,0.0,0,0.0,0.0,0.0,0.0,0
3,monolithic_k8s_1svc,155,65.54963500002486,62.037621999934345,3.512013000090519,602112,1,62.037621999934345,0.2622240001528553,0.0333030000092549,0.0,602112,0.0,0.0,0.0,0.0,0,0.0,0.0,0.0,0.0,0,0.0,0.0,0.0,0.0,0,0.0,0.0,0.0,0.0,0
3,monolithic_k8s_1svc,156,64.547346000154,60.80941300001541,3.7379330001385824,602112,1,60.80941300001541,0.2412219998859655,0.034803000062311185,0.0,602112,0.0,0.0,0.0,0.0,0,0.0,0.0,0.0,0.0,0,0.0,0.0,0.0,0.0,0,0.0,0.0,0.0,0.0,0
3,monolithic_k8s_1svc,157,63.11061800010975,59.41088800000216,3.699730000107593,602112,1,59.41088800000216,0.25412199988750217,0.03430400010984158,0.0,602112,0.0,0.0,0.0,0.0,0,0.0,0.0,0.0,0.0,0,0.0,0.0,0.0,0.0,0,0.0,0.0,0.0,0.0,0
3,monolithic_k8s_1svc,158,61.87400799990428,58.12217399989095,3.751834000013332,602112,1,58.12217399989095,0.24622199998702854,0.05220399998506764,0.0,602112,0.0,0.0,0.0,0.0,0,0.0,0.0,0.0,0.0,0,0.0,0.0,0.0,0.0,0,0.0,0.0,0.0,0.0,0
3,monolithic_k8s_1svc,159,63.916788999904384,60.33597100008592,3.580817999818464,602112,1,60.33597100008592,0.2386209998803679,0.032002999887481565,0.0,602112,0.0,0.0,0.0,0.0,0,0.0,0.0,0.0,0.0,0,0.0,0.0,0.0,0.0,0,0.0,0.0,0.0,0.0,0
3,monolithic_k8s_1svc,160,61.087938000127906,57.92605600004208,3.161882000085825,602112,1,57.92605600004208,0.2537230000143609,0.032102999966809875,0.0,602112,0.0,0.0,0.0,0.0,0,0.0,0.0,0.0,0.0,0,0.0,0.0,0.0,0.0,0,0.0,0.0,0.0,0.0,0
3,monolithic_k8s_1svc,161,63.471450000179175,59.67751200000748,3.7939380001716927,602112,1,59.67751200000748,0.2532220000830421,0.03420300004108867,0.0,602112,0.0,0.0,0.0,0.0,0,0.0,0.0,0.0,0.0,0,0.0,0.0,0.0,0.0,0,0.0,0.0,0.0,0.0,0
3,monolithic_k8s_1svc,162,60.850916000163124,57.86805100001402,2.982865000149104,602112,1,57.86805100001402,0.2143189999515016,0.031703000104243984,0.0,602112,0.0,0.0,0.0,0.0,0,0.0,0.0,0.0,0.0,0,0.0,0.0,0.0,0.0,0,0.0,0.0,0.0,0.0,0
3,monolithic_k8s_1svc,163,61.68609099995592,58.080670000208556,3.6054209997473663,602112,1,58.080670000208556,0.20711799993478053,0.032102999966809875,0.0,602112,0.0,0.0,0.0,0.0,0,0.0,0.0,0.0,0.0,0,0.0,0.0,0.0,0.0,0,0.0,0.0,0.0,0.0,0
3,monolithic_k8s_1svc,164,61.42326799999864,57.63433000015539,3.788937999843256,602112,1,57.63433000015539,0.22341999988384487,0.03240299997742113,0.0,602112,0.0,0.0,0.0,0.0,0,0.0,0.0,0.0,0.0,0,0.0,0.0,0.0,0.0,0,0.0,0.0,0.0,0.0,0
3,monolithic_k8s_1svc,165,60.88081899997633,57.144885999832695,3.735933000143632,602112,1,57.144885999832695,0.22581999996873492,0.03210300019418355,0.0,602112,0.0,0.0,0.0,0.0,0,0.0,0.0,0.0,0.0,0,0.0,0.0,0.0,0.0,0,0.0,0.0,0.0,0.0,0
3,monolithic_k8s_1svc,166,64.9183789998915,60.90192100009517,4.01645799979633,602112,1,60.90192100009517,0.2916259998073656,0.03340300008858321,0.0,602112,0.0,0.0,0.0,0.0,0,0.0,0.0,0.0,0.0,0,0.0,0.0,0.0,0.0,0,0.0,0.0,0.0,0.0,0
3,monolithic_k8s_1svc,167,62.24784100004399,58.57681500015133,3.671025999892663,602112,1,58.57681500015133,0.30182599994077464,0.03400299988243205,0.0,602112,0.0,0.0,0.0,0.0,0,0.0,0.0,0.0,0.0,0,0.0,0.0,0.0,0.0,0,0.0,0.0,0.0,0.0,0
3,monolithic_k8s_1svc,168,61.26895399984278,57.66863299982106,3.6003210000217223,602112,1,57.66863299982106,0.28122600019742094,0.03100300000369316,0.0,602112,0.0,0.0,0.0,0.0,0,0.0,0.0,0.0,0.0,0,0.0,0.0,0.0,0.0,0,0.0,0.0,0.0,0.0,0
3,monolithic_k8s_1svc,169,66.3906100000986,62.855994999836184,3.53461500026242,602112,1,62.855994999836184,0.2753240000856749,0.0359030000254279,0.0,602112,0.0,0.0,0.0,0.0,0,0.0,0.0,0.0,0.0,0,0.0,0.0,0.0,0.0,0,0.0,0.0,0.0,0.0,0
3,monolithic_k8s_1svc,170,63.15252199988208,59.859327999902234,3.2931939999798487,602112,1,59.859327999902234,0.24332199996024428,0.03510300007292244,0.0,602112,0.0,0.0,0.0,0.0,0,0.0,0.0,0.0,0.0,0,0.0,0.0,0.0,0.0,0,0.0,0.0,0.0,0.0,0
3,monolithic_k8s_1svc,171,64.46863900009703,61.04613399998016,3.422505000116871,602112,1,61.04613399998016,0.2705240001432685,0.03250300005674944,0.0,602112,0.0,0.0,0.0,0.0,0,0.0,0.0,0.0,0.0,0,0.0,0.0,0.0,0.0,0,0.0,0.0,0.0,0.0,0
3,monolithic_k8s_1svc,172,62.86339600001156,59.31037899995317,3.5530170000583894,602112,1,59.31037899995317,0.2252199999475124,0.030803000072410214,0.0,602112,0.0,0.0,0.0,0.0,0,0.0,0.0,0.0,0.0,0,0.0,0.0,0.0,0.0,0,0.0,0.0,0.0,0.0,0
3,monolithic_k8s_1svc,173,62.499763999994684,59.08105899993643,3.418705000058253,602112,1,59.08105899993643,0.25212200011992536,0.03450300005169993,0.0,602112,0.0,0.0,0.0,0.0,0,0.0,0.0,0.0,0.0,0,0.0,0.0,0.0,0.0,0,0.0,0.0,0.0,0.0,0
3,monolithic_k8s_1svc,174,65.83626100018591,62.54456800002117,3.2916930001647415,602112,1,62.54456800002117,0.23381999994853686,0.03230299989809282,0.0,602112,0.0,0.0,0.0,0.0,0,0.0,0.0,0.0,0.0,0,0.0,0.0,0.0,0.0,0,0.0,0.0,0.0,0.0,0
3,monolithic_k8s_1svc,175,60.43587999988631,57.24509499987107,3.1907850000152393,602112,1,57.24509499987107,0.26672400008465047,0.031202999934976106,0.0,602112,0.0,0.0,0.0,0.0,0,0.0,0.0,0.0,0.0,0,0.0,0.0,0.0,0.0,0,0.0,0.0,0.0,0.0,0
3,monolithic_k8s_1svc,176,61.72759399987626,58.600216000058936,3.127377999817327,602112,1,58.600216000058936,0.2215199999682227,0.034003000109805726,0.0,602112,0.0,0.0,0.0,0.0,0,0.0,0.0,0.0,0.0,0,0.0,0.0,0.0,0.0,0,0.0,0.0,0.0,0.0,0
3,monolithic_k8s_1svc,177,63.76877599996078,60.27716600010535,3.4916099998554273,602112,1,60.27716600010535,0.27372399995329033,0.03500299999359413,0.0,602112,0.0,0.0,0.0,0.0,0,0.0,0.0,0.0,0.0,0,0.0,0.0,0.0,0.0,0,0.0,0.0,0.0,0.0,0
3,monolithic_k8s_1svc,178,64.12310800010346,60.67530100017393,3.4478069999295258,602112,1,60.67530100017393,0.23592100001224026,0.031102999855647795,0.0,602112,0.0,0.0,0.0,0.0,0,0.0,0.0,0.0,0.0,0,0.0,0.0,0.0,0.0,0,0.0,0.0,0.0,0.0,0
3,monolithic_k8s_1svc,179,63.57425900000635,60.26356400002442,3.3106949999819335,602112,1,60.26356400002442,0.2632240000366437,0.03240299997742113,0.0,602112,0.0,0.0,0.0,0.0,0,0.0,0.0,0.0,0.0,0,0.0,0.0,0.0,0.0,0,0.0,0.0,0.0,0.0,0
3,monolithic_k8s_1svc,180,64.7597649999625,61.58148200006508,3.1782829998974194,602112,1,61.58148200006508,0.24322200010828965,0.03180199996677402,0.0,602112,0.0,0.0,0.0,0.0,0,0.0,0.0,0.0,0.0,0,0.0,0.0,0.0,0.0,0,0.0,0.0,0.0,0.0,0
3,monolithic_k8s_1svc,181,61.64318699984506,58.183979000205,3.459207999640057,602112,1,58.183979000205,0.2210199997989548,0.03480299983493751,0.0,602112,0.0,0.0,0.0,0.0,0,0.0,0.0,0.0,0.0,0,0.0,0.0,0.0,0.0,0,0.0,0.0,0.0,0.0,0
3,monolithic_k8s_1svc,182,64.39823200003048,60.92102200000227,3.477210000028208,602112,1,60.92102200000227,0.2594229999886011,0.0359040000148525,0.0,602112,0.0,0.0,0.0,0.0,0,0.0,0.0,0.0,0.0,0,0.0,0.0,0.0,0.0,0,0.0,0.0,0.0,0.0,0
3,monolithic_k8s_1svc,183,63.83268199988379,60.37277399991581,3.4599079999679816,602112,1,60.37277399991581,0.25772300000426185,0.03290300014668901,0.0,602112,0.0,0.0,0.0,0.0,0,0.0,0.0,0.0,0.0,0,0.0,0.0,0.0,0.0,0,0.0,0.0,0.0,0.0,0
3,monolithic_k8s_1svc,184,62.305245999823455,59.1287629999897,3.176482999833752,602112,1,59.1287629999897,0.23192100002233929,0.03100300000369316,0.0,602112,0.0,0.0,0.0,0.0,0,0.0,0.0,0.0,0.0,0,0.0,0.0,0.0,0.0,0,0.0,0.0,0.0,0.0,0
3,monolithic_k8s_1svc,185,62.897798999983934,59.38088599987168,3.516913000112254,602112,1,59.38088599987168,0.21701900004700292,0.03240299997742113,0.0,602112,0.0,0.0,0.0,0.0,0,0.0,0.0,0.0,0.0,0,0.0,0.0,0.0,0.0,0,0.0,0.0,0.0,0.0,0
3,monolithic_k8s_1svc,186,63.49935299999743,60.13265300020976,3.36669999978767,602112,1,60.13265300020976,0.24942199979705038,0.03530300000420539,0.0,602112,0.0,0.0,0.0,0.0,0,0.0,0.0,0.0,0.0,0,0.0,0.0,0.0,0.0,0,0.0,0.0,0.0,0.0,0
3,monolithic_k8s_1svc,187,68.82812699996066,65.41022200008229,3.417904999878374,602112,1,65.41022200008229,0.26702399986788805,0.03510300007292244,0.0,602112,0.0,0.0,0.0,0.0,0,0.0,0.0,0.0,0.0,0,0.0,0.0,0.0,0.0,0,0.0,0.0,0.0,0.0,0
3,monolithic_k8s_1svc,188,64.75226400016254,61.48227299991049,3.2699910002520483,602112,1,61.48227299991049,0.2743240002018865,0.03350299994053785,0.0,602112,0.0,0.0,0.0,0.0,0,0.0,0.0,0.0,0.0,0,0.0,0.0,0.0,0.0,0,0.0,0.0,0.0,0.0,0
3,monolithic_k8s_1svc,189,65.55633500011027,62.39705400003004,3.1592810000802274,602112,1,62.39705400003004,0.23052099982123764,0.0323030001254665,0.0,602112,0.0,0.0,0.0,0.0,0,0.0,0.0,0.0,0.0,0,0.0,0.0,0.0,0.0,0,0.0,0.0,0.0,0.0,0
3,monolithic_k8s_1svc,190,61.68799100009892,58.4168000000318,3.2711910000671196,602112,1,58.4168000000318,0.20571799996105256,0.03250300005674944,0.0,602112,0.0,0.0,0.0,0.0,0,0.0,0.0,0.0,0.0,0,0.0,0.0,0.0,0.0,0,0.0,0.0,0.0,0.0,0
3,monolithic_k8s_1svc,191,61.927112000148554,58.618917999865516,3.308194000283038,602112,1,58.618917999865516,0.24512200002391182,0.03250300005674944,0.0,602112,0.0,0.0,0.0,0.0,0,0.0,0.0,0.0,0.0,0,0.0,0.0,0.0,0.0,0,0.0,0.0,0.0,0.0,0
3,monolithic_k8s_1svc,192,60.74270700014495,57.44691299992155,3.2957940002233954,602112,1,57.44691299992155,0.2158190000045579,0.03500299999359413,0.0,602112,0.0,0.0,0.0,0.0,0,0.0,0.0,0.0,0.0,0,0.0,0.0,0.0,0.0,0,0.0,0.0,0.0,0.0,0
3,monolithic_k8s_1svc,193,62.22623899998325,58.92474500001299,3.301493999970262,602112,1,58.92474500001299,0.26232400000480993,0.03010199998243479,0.0,602112,0.0,0.0,0.0,0.0,0,0.0,0.0,0.0,0.0,0,0.0,0.0,0.0,0.0,0,0.0,0.0,0.0,0.0,0
3,monolithic_k8s_1svc,194,65.27630999994471,62.11172799999076,3.1645819999539526,602112,1,62.11172799999076,0.26862400000027264,0.03350299994053785,0.0,602112,0.0,0.0,0.0,0.0,0,0.0,0.0,0.0,0.0,0,0.0,0.0,0.0,0.0,0,0.0,0.0,0.0,0.0,0
3,monolithic_k8s_1svc,195,63.236728999982006,60.15065399992636,3.0860750000556436,602112,1,60.15065399992636,0.23372100008600682,0.03290300014668901,0.0,602112,0.0,0.0,0.0,0.0,0,0.0,0.0,0.0,0.0,0,0.0,0.0,0.0,0.0,0,0.0,0.0,0.0,0.0,0
3,monolithic_k8s_1svc,196,63.58555999986493,60.21355899997616,3.372000999888769,602112,1,60.21355899997616,0.2534230000037496,0.03170299987687031,0.0,602112,0.0,0.0,0.0,0.0,0,0.0,0.0,0.0,0.0,0,0.0,0.0,0.0,0.0,0,0.0,0.0,0.0,0.0,0
3,monolithic_k8s_1svc,197,62.92229999985466,59.295478999956686,3.626820999897973,602112,1,59.295478999956686,0.22492000016427482,0.033702999871820793,0.0,602112,0.0,0.0,0.0,0.0,0,0.0,0.0,0.0,0.0,0,0.0,0.0,0.0,0.0,0,0.0,0.0,0.0,0.0,0
3,monolithic_k8s_1svc,198,69.50788699987243,66.12348599992401,3.3844009999484115,602112,1,66.12348599992401,0.21391900008893572,0.03820400002041424,0.0,602112,0.0,0.0,0.0,0.0,0,0.0,0.0,0.0,0.0,0,0.0,0.0,0.0,0.0,0,0.0,0.0,0.0,0.0,0
3,monolithic_k8s_1svc,199,66.53922299983606,63.31543600003897,3.2237869997970847,602112,1,63.31543600003897,0.2678240000477672,0.03180299995619862,0.0,602112,0.0,0.0,0.0,0.0,0,0.0,0.0,0.0,0.0,0,0.0,0.0,0.0,0.0,0,0.0,0.0,0.0,0.0,0
3,monolithic_k8s_1svc,200,65.39142099995843,61.982417000081114,3.4090039998773136,602112,1,61.982417000081114,0.3079279999838036,0.031303000014304416,0.0,602112,0.0,0.0,0.0,0.0,0,0.0,0.0,0.0,0.0,0,0.0,0.0,0.0,0.0,0,0.0,0.0,0.0,0.0,0
4,monolithic_k8s_1svc,1,72.41433800004415,68.86342300003889,3.5509150000052614,602112,1,68.86342300003889,0.2700239999740006,0.036603000125978724,0.0,602112,0.0,0.0,0.0,0.0,0,0.0,0.0,0.0,0.0,0,0.0,0.0,0.0,0.0,0,0.0,0.0,0.0,0.0,0
4,monolithic_k8s_1svc,2,63.466543000004094,60.00603500001489,3.460507999989204,602112,1,60.00603500001489,0.2943259999028669,0.03710300006787293,0.0,602112,0.0,0.0,0.0,0.0,0,0.0,0.0,0.0,0.0,0,0.0,0.0,0.0,0.0,0,0.0,0.0,0.0,0.0,0
4,monolithic_k8s_1svc,3,61.66718199983734,58.326385000100345,3.3407969997369946,602112,1,58.326385000100345,0.25052299997696537,0.03260299990870408,0.0,602112,0.0,0.0,0.0,0.0,0,0.0,0.0,0.0,0.0,0,0.0,0.0,0.0,0.0,0,0.0,0.0,0.0,0.0,0
4,monolithic_k8s_1svc,4,60.8748120000655,57.44200699996327,3.4328050001022348,602112,1,57.44200699996327,0.2527219999137742,0.03190300003552693,0.0,602112,0.0,0.0,0.0,0.0,0,0.0,0.0,0.0,0.0,0,0.0,0.0,0.0,0.0,0,0.0,0.0,0.0,0.0,0
4,monolithic_k8s_1svc,5,61.958108999988326,58.38579100009156,3.572317999896768,602112,1,58.38579100009156,0.2350209999804065,0.03350299994053785,0.0,602112,0.0,0.0,0.0,0.0,0,0.0,0.0,0.0,0.0,0,0.0,0.0,0.0,0.0,0,0.0,0.0,0.0,0.0,0
4,monolithic_k8s_1svc,6,61.43256200016367,58.35628800014092,3.0762740000227495,602112,1,58.35628800014092,0.1997179999762011,0.03230299989809282,0.0,602112,0.0,0.0,0.0,0.0,0,0.0,0.0,0.0,0.0,0,0.0,0.0,0.0,0.0,0,0.0,0.0,0.0,0.0,0
4,monolithic_k8s_1svc,7,62.72457599993686,59.052950000022975,3.6716259999138856,602112,1,59.052950000022975,0.25832300002548436,0.03510300007292244,0.0,602112,0.0,0.0,0.0,0.0,0,0.0,0.0,0.0,0.0,0,0.0,0.0,0.0,0.0,0,0.0,0.0,0.0,0.0,0
4,monolithic_k8s_1svc,8,61.89410299998599,58.436095999923054,3.458007000062935,602112,1,58.436095999923054,0.2412209998965409,0.03270299998803239,0.0,602112,0.0,0.0,0.0,0.0,0,0.0,0.0,0.0,0.0,0,0.0,0.0,0.0,0.0,0,0.0,0.0,0.0,0.0,0
4,monolithic_k8s_1svc,9,62.80198400008885,59.59189800000786,3.2100860000809917,602112,1,59.59189800000786,0.20481799992921879,0.033802999951149104,0.0,602112,0.0,0.0,0.0,0.0,0,0.0,0.0,0.0,0.0,0,0.0,0.0,0.0,0.0,0,0.0,0.0,0.0,0.0,0
4,monolithic_k8s_1svc,10,61.43626199991559,58.00935799993567,3.4269039999799134,602112,1,58.00935799993567,0.2554220000092755,0.03240299997742113,0.0,602112,0.0,0.0,0.0,0.0,0,0.0,0.0,0.0,0.0,0,0.0,0.0,0.0,0.0,0,0.0,0.0,0.0,0.0,0
4,monolithic_k8s_1svc,11,63.292230999877575,59.860026000023936,3.4322049998536386,602112,1,59.860026000023936,0.2533229999244213,0.033702999871820793,0.0,602112,0.0,0.0,0.0,0.0,0,0.0,0.0,0.0,0.0,0,0.0,0.0,0.0,0.0,0,0.0,0.0,0.0,0.0,0
4,monolithic_k8s_1svc,12,63.042918000064674,59.81823000001896,3.2246880000457168,602112,1,59.81823000001896,0.27062399999522313,0.07590700010950968,0.0,602112,0.0,0.0,0.0,0.0,0,0.0,0.0,0.0,0.0,0,0.0,0.0,0.0,0.0,0,0.0,0.0,0.0,0.0,0
4,monolithic_k8s_1svc,13,63.646671000014976,60.39478200000303,3.2518890000119427,602112,1,60.39478200000303,0.27482399991640705,0.03290300014668901,0.0,602112,0.0,0.0,0.0,0.0,0,0.0,0.0,0.0,0.0,0,0.0,0.0,0.0,0.0,0,0.0,0.0,0.0,0.0,0
4,monolithic_k8s_1svc,14,62.74649099987073,59.291583999993236,3.454906999877494,602112,1,59.291583999993236,0.22452000007433526,0.03550299993548833,0.0,602112,0.0,0.0,0.0,0.0,0,0.0,0.0,0.0,0.0,0,0.0,0.0,0.0,0.0,0,0.0,0.0,0.0,0.0,0
4,monolithic_k8s_1svc,15,62.350356000024476,58.937151999998605,3.413204000025871,602112,1,58.937151999998605,0.2716240001063852,0.03090299992436485,0.0,602112,0.0,0.0,0.0,0.0,0,0.0,0.0,0.0,0.0,0,0.0,0.0,0.0,0.0,0,0.0,0.0,0.0,0.0,0
4,monolithic_k8s_1svc,16,63.4602550001091,60.065152000106536,3.395103000002564,602112,1,60.065152000106536,0.24522199987586646,0.033103000077971956,0.0,602112,0.0,0.0,0.0,0.0,0,0.0,0.0,0.0,0.0,0,0.0,0.0,0.0,0.0,0,0.0,0.0,0.0,0.0,0
4,monolithic_k8s_1svc,17,62.68708599986894,59.45759800010819,3.2294879997607495,602112,1,59.45759800010819,0.2688239999315556,0.035202999924877076,0.0,602112,0.0,0.0,0.0,0.0,0,0.0,0.0,0.0,0.0,0,0.0,0.0,0.0,0.0,0,0.0,0.0,0.0,0.0,0
4,monolithic_k8s_1svc,18,64.86668100001225,61.44597600018642,3.42070499982583,602112,1,61.44597600018642,0.28782499998669664,0.032002999887481565,0.0,602112,0.0,0.0,0.0,0.0,0,0.0,0.0,0.0,0.0,0,0.0,0.0,0.0,0.0,0,0.0,0.0,0.0,0.0,0
4,monolithic_k8s_1svc,19,63.40735100002348,59.76912599999196,3.6382250000315253,602112,1,59.76912599999196,0.2034189999449154,0.03460300013102824,0.0,602112,0.0,0.0,0.0,0.0,0,0.0,0.0,0.0,0.0,0,0.0,0.0,0.0,0.0,0,0.0,0.0,0.0,0.0,0
4,monolithic_k8s_1svc,20,62.529873000130465,59.24027900005058,3.2895940000798873,602112,1,59.24027900005058,0.24062199986474297,0.0328030000673607,0.0,602112,0.0,0.0,0.0,0.0,0,0.0,0.0,0.0,0.0,0,0.0,0.0,0.0,0.0,0,0.0,0.0,0.0,0.0,0
4,monolithic_k8s_1svc,21,61.41127199998664,58.05547399995703,3.3557980000296084,602112,1,58.05547399995703,0.20741799994539178,0.03250200006732484,0.0,602112,0.0,0.0,0.0,0.0,0,0.0,0.0,0.0,0.0,0,0.0,0.0,0.0,0.0,0,0.0,0.0,0.0,0.0,0
4,monolithic_k8s_1svc,22,63.0037139999331,59.361189999890485,3.642524000042613,602112,1,59.361189999890485,0.2573229999143223,0.03240299997742113,0.0,602112,0.0,0.0,0.0,0.0,0,0.0,0.0,0.0,0.0,0,0.0,0.0,0.0,0.0,0,0.0,0.0,0.0,0.0,0
4,monolithic_k8s_1svc,23,60.88602600016202,57.56472899997789,3.3212970001841313,602112,1,57.56472899997789,0.2558230000886397,0.03480299983493751,0.0,602112,0.0,0.0,0.0,0.0,0,0.0,0.0,0.0,0.0,0,0.0,0.0,0.0,0.0,0,0.0,0.0,0.0,0.0,0
4,monolithic_k8s_1svc,24,61.311564000106955,57.6260350001121,3.685528999994858,602112,1,57.6260350001121,0.282325999933164,0.031303000014304416,0.0,602112,0.0,0.0,0.0,0.0,0,0.0,0.0,0.0,0.0,0,0.0,0.0,0.0,0.0,0,0.0,0.0,0.0,0.0,0
4,monolithic_k8s_1svc,25,63.556464000157575,60.091655000178434,3.464808999979141,602112,1,60.091655000178434,0.24632199983898317,0.03620299980866548,0.0,602112,0.0,0.0,0.0,0.0,0,0.0,0.0,0.0,0.0,0,0.0,0.0,0.0,0.0,0,0.0,0.0,0.0,0.0,0
4,monolithic_k8s_1svc,26,61.60769000007349,58.22148899983404,3.3862010002394527,602112,1,58.22148899983404,0.2709240000058344,0.0302020000617631,0.0,602112,0.0,0.0,0.0,0.0,0,0.0,0.0,0.0,0.0,0,0.0,0.0,0.0,0.0,0,0.0,0.0,0.0,0.0,0
4,monolithic_k8s_1svc,27,62.20664400007081,59.00155800009088,3.2050859999799286,602112,1,59.00155800009088,0.24262199985969346,0.03260299990870408,0.0,602112,0.0,0.0,0.0,0.0,0,0.0,0.0,0.0,0.0,0,0.0,0.0,0.0,0.0,0,0.0,0.0,0.0,0.0,0
4,monolithic_k8s_1svc,28,60.953732000143646,57.69304099999317,3.260691000150473,602112,1,57.69304099999317,0.2625239999360929,0.03260299990870408,0.0,602112,0.0,0.0,0.0,0.0,0,0.0,0.0,0.0,0.0,0,0.0,0.0,0.0,0.0,0,0.0,0.0,0.0,0.0,0
4,monolithic_k8s_1svc,29,61.642592999987755,58.258991000002425,3.3836019999853306,602112,1,58.258991000002425,0.22312000010060729,0.03150299994558736,0.0,602112,0.0,0.0,0.0,0.0,0,0.0,0.0,0.0,0.0,0,0.0,0.0,0.0,0.0,0,0.0,0.0,0.0,0.0,0
4,monolithic_k8s_1svc,30,62.049228999967454,58.53331599996636,3.515913000001092,602112,1,58.53331599996636,0.18611700011206267,0.03480299983493751,0.0,602112,0.0,0.0,0.0,0.0,0,0.0,0.0,0.0,0.0,0,0.0,0.0,0.0,0.0,0,0.0,0.0,0.0,0.0,0
4,monolithic_k8s_1svc,31,62.89210399995682,59.416695000209074,3.475408999747742,602112,1,59.416695000209074,0.235621000001629,0.03090299992436485,0.0,602112,0.0,0.0,0.0,0.0,0,0.0,0.0,0.0,0.0,0,0.0,0.0,0.0,0.0,0,0.0,0.0,0.0,0.0,0
4,monolithic_k8s_1svc,32,59.86593400007223,56.70775299995512,3.1581810001171107,602112,1,56.70775299995512,0.2414220000446221,0.03140300009363273,0.0,602112,0.0,0.0,0.0,0.0,0,0.0,0.0,0.0,0.0,0,0.0,0.0,0.0,0.0,0,0.0,0.0,0.0,0.0,0
4,monolithic_k8s_1svc,33,62.506770000027245,59.2832830000134,3.223487000013847,602112,1,59.2832830000134,0.21961899983580224,0.03260300013607775,0.0,602112,0.0,0.0,0.0,0.0,0,0.0,0.0,0.0,0.0,0,0.0,0.0,0.0,0.0,0,0.0,0.0,0.0,0.0,0
4,monolithic_k8s_1svc,34,63.23293399987051,59.750423999958,3.4825099999125086,602112,1,59.750423999958,0.2543230000355834,0.031703000104243984,0.0,602112,0.0,0.0,0.0,0.0,0,0.0,0.0,0.0,0.0,0,0.0,0.0,0.0,0.0,0,0.0,0.0,0.0,0.0,0
4,monolithic_k8s_1svc,35,63.49165799997536,59.294183000019984,4.197474999955375,602112,1,59.294183000019984,0.2705250001326931,0.03230299989809282,0.0,602112,0.0,0.0,0.0,0.0,0,0.0,0.0,0.0,0.0,0,0.0,0.0,0.0,0.0,0,0.0,0.0,0.0,0.0,0
4,monolithic_k8s_1svc,36,63.4164509999664,60.097854999867195,3.3185960000992054,602112,1,60.097854999867195,0.25982400006796524,0.03580299994609959,0.0,602112,0.0,0.0,0.0,0.0,0,0.0,0.0,0.0,0.0,0,0.0,0.0,0.0,0.0,0,0.0,0.0,0.0,0.0,0
4,monolithic_k8s_1svc,37,62.0406290001938,58.53711600002498,3.503513000168823,602112,1,58.53711600002498,0.28792600005544955,0.032802999839987024,0.0,602112,0.0,0.0,0.0,0.0,0,0.0,0.0,0.0,0.0,0,0.0,0.0,0.0,0.0,0,0.0,0.0,0.0,0.0,0
4,monolithic_k8s_1svc,38,65.44463199998063,61.71859999994922,3.7260320000314096,602112,1,61.71859999994922,0.2809249999700114,0.0328030000673607,0.0,602112,0.0,0.0,0.0,0.0,0,0.0,0.0,0.0,0.0,0,0.0,0.0,0.0,0.0,0,0.0,0.0,0.0,0.0,0
4,monolithic_k8s_1svc,39,60.44748699991942,57.10518899991257,3.342298000006849,602112,1,57.10518899991257,0.2205200000844343,0.03190300003552693,0.0,602112,0.0,0.0,0.0,0.0,0,0.0,0.0,0.0,0.0,0,0.0,0.0,0.0,0.0,0,0.0,0.0,0.0,0.0,0
4,monolithic_k8s_1svc,40,61.89561600012894,58.0055689999881,3.8900470001408394,602112,1,58.0055689999881,0.2518220001093141,0.0302030000511877,0.0,602112,0.0,0.0,0.0,0.0,0,0.0,0.0,0.0,0.0,0,0.0,0.0,0.0,0.0,0,0.0,0.0,0.0,0.0,0
4,monolithic_k8s_1svc,41,61.872013000083825,58.43380699980116,3.438206000282662,602112,1,58.43380699980116,0.2648230001796037,0.033203000157300266,0.0,602112,0.0,0.0,0.0,0.0,0,0.0,0.0,0.0,0.0,0,0.0,0.0,0.0,0.0,0,0.0,0.0,0.0,0.0,0
4,monolithic_k8s_1svc,42,61.51108100016245,58.01466999992044,3.4964110002420057,602112,1,58.01466999992044,0.2295200001753983,0.032902999919315334,0.0,602112,0.0,0.0,0.0,0.0,0,0.0,0.0,0.0,0.0,0,0.0,0.0,0.0,0.0,0,0.0,0.0,0.0,0.0,0
4,monolithic_k8s_1svc,43,61.537783999938256,58.00646900001993,3.5313149999183224,602112,1,58.00646900001993,0.23712100005468528,0.032203000046138186,0.0,602112,0.0,0.0,0.0,0.0,0,0.0,0.0,0.0,0.0,0,0.0,0.0,0.0,0.0,0,0.0,0.0,0.0,0.0,0
4,monolithic_k8s_1svc,44,63.91369599987229,60.721111000020755,3.192584999851533,602112,1,60.721111000020755,0.2648239999416546,0.03320299992992659,0.0,602112,0.0,0.0,0.0,0.0,0,0.0,0.0,0.0,0.0,0,0.0,0.0,0.0,0.0,0,0.0,0.0,0.0,0.0,0
4,monolithic_k8s_1svc,45,60.46318800008521,57.49252299983709,2.9706650002481183,602112,1,57.49252299983709,0.20371899995552667,0.0323030001254665,0.0,602112,0.0,0.0,0.0,0.0,0,0.0,0.0,0.0,0.0,0,0.0,0.0,0.0,0.0,0,0.0,0.0,0.0,0.0,0
4,monolithic_k8s_1svc,46,63.407550999954765,58.847344000014346,4.560206999940419,602112,1,58.847344000014346,0.2491220000138128,0.032203000046138186,0.0,602112,0.0,0.0,0.0,0.0,0,0.0,0.0,0.0,0.0,0,0.0,0.0,0.0,0.0,0,0.0,0.0,0.0,0.0,0
4,monolithic_k8s_1svc,47,60.29747299999144,56.975777999923594,3.321695000067848,602112,1,56.975777999923594,0.2466220000769681,0.03250300005674944,0.0,602112,0.0,0.0,0.0,0.0,0,0.0,0.0,0.0,0.0,0,0.0,0.0,0.0,0.0,0,0.0,0.0,0.0,0.0,0
4,monolithic_k8s_1svc,48,65.9077730001627,62.3058520000086,3.601921000154107,602112,1,62.3058520000086,0.2460220000557456,0.029903000040576444,0.0,602112,0.0,0.0,0.0,0.0,0,0.0,0.0,0.0,0.0,0,0.0,0.0,0.0,0.0,0,0.0,0.0,0.0,0.0,0
4,monolithic_k8s_1svc,49,69.9260310000227,62.51787099995454,7.408160000068165,602112,1,62.51787099995454,0.2626230000259966,0.0359040000148525,0.0,602112,0.0,0.0,0.0,0.0,0,0.0,0.0,0.0,0.0,0,0.0,0.0,0.0,0.0,0,0.0,0.0,0.0,0.0,0
4,monolithic_k8s_1svc,50,60.27917100004743,56.699152999954094,3.5800180000933324,602112,1,56.699152999954094,0.2995259999352129,0.03160300002491567,0.0,602112,0.0,0.0,0.0,0.0,0,0.0,0.0,0.0,0.0,0,0.0,0.0,0.0,0.0,0,0.0,0.0,0.0,0.0,0
4,monolithic_k8s_1svc,51,62.6402830000643,59.00495800005956,3.635325000004741,602112,1,59.00495800005956,0.21191900009398523,0.03080299984503654,0.0,602112,0.0,0.0,0.0,0.0,0,0.0,0.0,0.0,0.0,0,0.0,0.0,0.0,0.0,0,0.0,0.0,0.0,0.0,0
4,monolithic_k8s_1svc,52,65.42102999992494,61.82531000013114,3.5957199997938005,602112,1,61.82531000013114,0.324328999795398,0.03500299999359413,0.0,602112,0.0,0.0,0.0,0.0,0,0.0,0.0,0.0,0.0,0,0.0,0.0,0.0,0.0,0,0.0,0.0,0.0,0.0,0
4,monolithic_k8s_1svc,53,63.51045999986127,60.288771999921664,3.221687999939604,602112,1,60.288771999921664,0.2631229999678908,0.033103000077971956,0.0,602112,0.0,0.0,0.0,0.0,0,0.0,0.0,0.0,0.0,0,0.0,0.0,0.0,0.0,0,0.0,0.0,0.0,0.0,0
4,monolithic_k8s_1svc,54,64.29673000002367,60.56999700012966,3.7267329998940113,602112,1,60.56999700012966,0.2856260000498878,0.030302999903142336,0.0,602112,0.0,0.0,0.0,0.0,0,0.0,0.0,0.0,0.0,0,0.0,0.0,0.0,0.0,0,0.0,0.0,0.0,0.0,0
4,monolithic_k8s_1svc,55,63.62776999981179,60.20066400014912,3.427105999662672,602112,1,60.20066400014912,0.23202099987429392,0.03350299994053785,0.0,602112,0.0,0.0,0.0,0.0,0,0.0,0.0,0.0,0.0,0,0.0,0.0,0.0,0.0,0,0.0,0.0,0.0,0.0,0
4,monolithic_k8s_1svc,56,60.241168000175094,56.663249000166616,3.577919000008478,602112,1,56.663249000166616,0.22381999997378443,0.03250299982937577,0.0,602112,0.0,0.0,0.0,0.0,0,0.0,0.0,0.0,0.0,0,0.0,0.0,0.0,0.0,0,0.0,0.0,0.0,0.0,0
4,monolithic_k8s_1svc,57,61.44587499989029,58.01467000014782,3.4312049997424765,602112,1,58.01467000014782,0.2599229999304953,0.033802999951149104,0.0,602112,0.0,0.0,0.0,0.0,0,0.0,0.0,0.0,0.0,0,0.0,0.0,0.0,0.0,0,0.0,0.0,0.0,0.0,0
4,monolithic_k8s_1svc,58,62.199842999916655,58.848343999898134,3.3514990000185207,602112,1,58.848343999898134,0.30152700014696165,0.03270299998803239,0.0,602112,0.0,0.0,0.0,0.0,0,0.0,0.0,0.0,0.0,0,0.0,0.0,0.0,0.0,0,0.0,0.0,0.0,0.0,0
4,monolithic_k8s_1svc,59,64.72096700008478,60.20916600004966,4.5118010000351205,602112,1,60.20916600004966,0.25302199992438545,0.03270299998803239,0.0,602112,0.0,0.0,0.0,0.0,0,0.0,0.0,0.0,0.0,0,0.0,0.0,0.0,0.0,0,0.0,0.0,0.0,0.0,0
4,monolithic_k8s_1svc,60,63.74598000002152,60.42158400009612,3.3243959999254002,602112,1,60.42158400009612,0.2299200000379642,0.03240299997742113,0.0,602112,0.0,0.0,0.0,0.0,0,0.0,0.0,0.0,0.0,0,0.0,0.0,0.0,0.0,0,0.0,0.0,0.0,0.0,0
4,monolithic_k8s_1svc,61,62.64778300010221,59.468799999876865,3.178983000225344,602112,1,59.468799999876865,0.24902200016185816,0.031602000035491074,0.0,602112,0.0,0.0,0.0,0.0,0,0.0,0.0,0.0,0.0,0,0.0,0.0,0.0,0.0,0,0.0,0.0,0.0,0.0,0
4,monolithic_k8s_1svc,62,68.72952399999122,64.90708399996947,3.822440000021743,602112,1,64.90708399996947,0.29572700009339314,0.041703999841047334,0.0,602112,0.0,0.0,0.0,0.0,0,0.0,0.0,0.0,0.0,0,0.0,0.0,0.0,0.0,0,0.0,0.0,0.0,0.0,0
4,monolithic_k8s_1svc,63,62.21134299994446,59.0994659999069,3.111877000037566,602112,1,59.0994659999069,0.24612199990770023,0.03450300005169993,0.0,602112,0.0,0.0,0.0,0.0,0,0.0,0.0,0.0,0.0,0,0.0,0.0,0.0,0.0,0,0.0,0.0,0.0,0.0,0
4,monolithic_k8s_1svc,64,61.68649699998241,58.09797699998853,3.5885199999938777,602112,1,58.09797699998853,0.24622199998702854,0.031202999934976106,0.0,602112,0.0,0.0,0.0,0.0,0,0.0,0.0,0.0,0.0,0,0.0,0.0,0.0,0.0,0,0.0,0.0,0.0,0.0,0
4,monolithic_k8s_1svc,65,59.18027300003814,55.81657399989126,3.3636990001468803,602112,1,55.81657399989126,0.19231700002819707,0.031602000035491074,0.0,602112,0.0,0.0,0.0,0.0,0,0.0,0.0,0.0,0.0,0,0.0,0.0,0.0,0.0,0,0.0,0.0,0.0,0.0,0
4,monolithic_k8s_1svc,66,61.19985299983455,57.567329999983485,3.632522999851062,602112,1,57.567329999983485,0.2440210000713705,0.03260299990870408,0.0,602112,0.0,0.0,0.0,0.0,0,0.0,0.0,0.0,0.0,0,0.0,0.0,0.0,0.0,0,0.0,0.0,0.0,0.0,0
4,monolithic_k8s_1svc,67,61.966621999999916,58.22458900001948,3.742032999980438,602112,1,58.22458900001948,0.24562199996580603,0.031702000114819384,0.0,602112,0.0,0.0,0.0,0.0,0,0.0,0.0,0.0,0.0,0,0.0,0.0,0.0,0.0,0,0.0,0.0,0.0,0.0,0
4,monolithic_k8s_1svc,68,62.13333699997747,58.27869299992017,3.8546440000573057,602112,1,58.27869299992017,0.22772000011173077,0.03180299995619862,0.0,602112,0.0,0.0,0.0,0.0,0,0.0,0.0,0.0,0.0,0,0.0,0.0,0.0,0.0,0,0.0,0.0,0.0,0.0,0
4,monolithic_k8s_1svc,69,61.57938799992735,57.95096400015609,3.6284239997712575,602112,1,57.95096400015609,0.21241899980850576,0.03550399992491293,0.0,602112,0.0,0.0,0.0,0.0,0,0.0,0.0,0.0,0.0,0,0.0,0.0,0.0,0.0,0,0.0,0.0,0.0,0.0,0
4,monolithic_k8s_1svc,70,71.75029299992275,68.04096399991977,3.709329000002981,602112,1,68.04096399991977,0.2621230000841024,0.036603000125978724,0.0,602112,0.0,0.0,0.0,0.0,0,0.0,0.0,0.0,0.0,0,0.0,0.0,0.0,0.0,0,0.0,0.0,0.0,0.0,0
4,monolithic_k8s_1svc,71,65.39972799987481,61.846411000033186,3.553316999841627,602112,1,61.846411000033186,0.31072799993125955,0.03230299989809282,0.0,602112,0.0,0.0,0.0,0.0,0,0.0,0.0,0.0,0.0,0,0.0,0.0,0.0,0.0,0,0.0,0.0,0.0,0.0,0
4,monolithic_k8s_1svc,72,60.60960099989643,57.00428000000102,3.6053209998954117,602112,1,57.00428000000102,0.2762249998795596,0.03100200001426856,0.0,602112,0.0,0.0,0.0,0.0,0,0.0,0.0,0.0,0.0,0,0.0,0.0,0.0,0.0,0,0.0,0.0,0.0,0.0,0
4,monolithic_k8s_1svc,73,62.58047699998315,58.89904900004694,3.6814279999362043,602112,1,58.89904900004694,0.26382299984106794,0.033103000077971956,0.0,602112,0.0,0.0,0.0,0.0,0,0.0,0.0,0.0,0.0,0,0.0,0.0,0.0,0.0,0,0.0,0.0,0.0,0.0,0
4,monolithic_k8s_1svc,74,64.99669200002245,61.269059000096604,3.727632999925845,602112,1,61.269059000096604,0.22842099997433252,0.032002999887481565,0.0,602112,0.0,0.0,0.0,0.0,0,0.0,0.0,0.0,0.0,0,0.0,0.0,0.0,0.0,0,0.0,0.0,0.0,0.0,0
4,monolithic_k8s_1svc,75,62.89880500003164,59.46189900009813,3.436905999933515,602112,1,59.46189900009813,0.20571799996105256,0.048404999915874214,0.0,602112,0.0,0.0,0.0,0.0,0,0.0,0.0,0.0,0.0,0,0.0,0.0,0.0,0.0,0,0.0,0.0,0.0,0.0,0
4,monolithic_k8s_1svc,76,61.79190600005313,58.346199999959936,3.445706000093196,602112,1,58.346199999959936,0.253422000014325,0.0328020000779361,0.0,602112,0.0,0.0,0.0,0.0,0,0.0,0.0,0.0,0.0,0,0.0,0.0,0.0,0.0,0,0.0,0.0,0.0,0.0,0
4,monolithic_k8s_1svc,77,60.965633000023445,57.39591399992605,3.5697190000973933,602112,1,57.39591399992605,0.25532300014674547,0.03170299987687031,0.0,602112,0.0,0.0,0.0,0.0,0,0.0,0.0,0.0,0.0,0,0.0,0.0,0.0,0.0,0,0.0,0.0,0.0,0.0,0
4,monolithic_k8s_1svc,78,60.0210480001806,56.46463199991558,3.556416000265017,602112,1,56.46463199991558,0.2599229999304953,0.03140200010420813,0.0,602112,0.0,0.0,0.0,0.0,0,0.0,0.0,0.0,0.0,0,0.0,0.0,0.0,0.0,0,0.0,0.0,0.0,0.0,0
4,monolithic_k8s_1svc,79,64.29532899983315,56.92147299987482,7.373855999958323,602112,1,56.92147299987482,0.25672200013104884,0.031303000014304416,0.0,602112,0.0,0.0,0.0,0.0,0,0.0,0.0,0.0,0.0,0,0.0,0.0,0.0,0.0,0,0.0,0.0,0.0,0.0,0
4,monolithic_k8s_1svc,80,59.624712999948315,56.15710400002172,3.467608999926597,602112,1,56.15710400002172,0.24562199996580603,0.03260299990870408,0.0,602112,0.0,0.0,0.0,0.0,0,0.0,0.0,0.0,0.0,0,0.0,0.0,0.0,0.0,0,0.0,0.0,0.0,0.0,0
4,monolithic_k8s_1svc,81,61.5057809998234,58.15398300001107,3.3517979998123337,602112,1,58.15398300001107,0.2653229998941242,0.031303000014304416,0.0,602112,0.0,0.0,0.0,0.0,0,0.0,0.0,0.0,0.0,0,0.0,0.0,0.0,0.0,0,0.0,0.0,0.0,0.0,0
4,monolithic_k8s_1svc,82,61.41477300002407,57.96306499996717,3.4517080000568967,602112,1,57.96306499996717,0.2841250000074069,0.031202999934976106,0.0,602112,0.0,0.0,0.0,0.0,0,0.0,0.0,0.0,0.0,0,0.0,0.0,0.0,0.0,0,0.0,0.0,0.0,0.0,0
4,monolithic_k8s_1svc,83,61.12694700004795,57.77064799985965,3.356299000188301,602112,1,57.77064799985965,0.22652000006928574,0.031703000104243984,0.0,602112,0.0,0.0,0.0,0.0,0,0.0,0.0,0.0,0.0,0,0.0,0.0,0.0,0.0,0,0.0,0.0,0.0,0.0,0
4,monolithic_k8s_1svc,84,60.7634139998936,57.65393799993035,3.1094759999632515,602112,1,57.65393799993035,0.25152200009870285,0.03460299990365456,0.0,602112,0.0,0.0,0.0,0.0,0,0.0,0.0,0.0,0.0,0,0.0,0.0,0.0,0.0,0,0.0,0.0,0.0,0.0,0
4,monolithic_k8s_1svc,85,61.64239300005647,58.35019999994984,3.2921930001066357,602112,1,58.35019999994984,0.2705239999158948,0.03290300014668901,0.0,602112,0.0,0.0,0.0,0.0,0,0.0,0.0,0.0,0.0,0,0.0,0.0,0.0,0.0,0,0.0,0.0,0.0,0.0,0
4,monolithic_k8s_1svc,86,61.63749199981794,58.34969900001852,3.2877929997994215,602112,1,58.34969900001852,0.259524000057354,0.03170299987687031,0.0,602112,0.0,0.0,0.0,0.0,0,0.0,0.0,0.0,0.0,0,0.0,0.0,0.0,0.0,0,0.0,0.0,0.0,0.0,0
4,monolithic_k8s_1svc,87,60.893825999983164,57.69744100007301,3.1963849999101512,602112,1,57.69744100007301,0.22121999995761144,0.03140300009363273,0.0,602112,0.0,0.0,0.0,0.0,0,0.0,0.0,0.0,0.0,0,0.0,0.0,0.0,0.0,0,0.0,0.0,0.0,0.0,0
4,monolithic_k8s_1svc,88,60.87772500018218,57.56322899992483,3.31449600025735,602112,1,57.56322899992483,0.21111900014147977,0.03200300011485524,0.0,602112,0.0,0.0,0.0,0.0,0,0.0,0.0,0.0,0.0,0,0.0,0.0,0.0,0.0,0,0.0,0.0,0.0,0.0,0
4,monolithic_k8s_1svc,89,59.58261000000675,56.47963299998082,3.1029770000259305,602112,1,56.47963299998082,0.2532230000724667,0.03240299997742113,0.0,602112,0.0,0.0,0.0,0.0,0,0.0,0.0,0.0,0.0,0,0.0,0.0,0.0,0.0,0,0.0,0.0,0.0,0.0,0
4,monolithic_k8s_1svc,90,61.292961999924955,57.63813599992318,3.6548260000017763,602112,1,57.63813599992318,0.23522099991168943,0.045504000127039035,0.0,602112,0.0,0.0,0.0,0.0,0,0.0,0.0,0.0,0.0,0,0.0,0.0,0.0,0.0,0,0.0,0.0,0.0,0.0,0
4,monolithic_k8s_1svc,91,60.71931099995709,57.02598199991371,3.693329000043377,602112,1,57.02598199991371,0.3117280000424216,0.03110200009359687,0.0,602112,0.0,0.0,0.0,0.0,0,0.0,0.0,0.0,0.0,0,0.0,0.0,0.0,0.0,0,0.0,0.0,0.0,0.0,0
4,monolithic_k8s_1svc,92,61.70639900005881,58.404204999987996,3.3021940000708128,602112,1,58.404204999987996,0.2185190001000592,0.033103000077971956,0.0,602112,0.0,0.0,0.0,0.0,0,0.0,0.0,0.0,0.0,0,0.0,0.0,0.0,0.0,0,0.0,0.0,0.0,0.0,0
4,monolithic_k8s_1svc,93,61.21905599979982,57.832953999877645,3.3861019999221753,602112,1,57.832953999877645,0.247021999939534,0.03140200010420813,0.0,602112,0.0,0.0,0.0,0.0,0,0.0,0.0,0.0,0.0,0,0.0,0.0,0.0,0.0,0,0.0,0.0,0.0,0.0,0
4,monolithic_k8s_1svc,94,64.84427800000958,61.58658900017144,3.2576889998381375,602112,1,61.58658900017144,0.2542219999668305,0.03150199995616276,0.0,602112,0.0,0.0,0.0,0.0,0,0.0,0.0,0.0,0.0,0,0.0,0.0,0.0,0.0,0,0.0,0.0,0.0,0.0,0
4,monolithic_k8s_1svc,95,61.40987200001291,58.150481999973636,3.259390000039275,602112,1,58.150481999973636,0.27502500006448827,0.033002999998643645,0.0,602112,0.0,0.0,0.0,0.0,0,0.0,0.0,0.0,0.0,0,0.0,0.0,0.0,0.0,0,0.0,0.0,0.0,0.0,0
4,monolithic_k8s_1svc,96,61.51788200008923,58.24669099979474,3.2711910002944933,602112,1,58.24669099979474,0.20321800002420787,0.03520300015225075,0.0,602112,0.0,0.0,0.0,0.0,0,0.0,0.0,0.0,0.0,0,0.0,0.0,0.0,0.0,0,0.0,0.0,0.0,0.0,0
4,monolithic_k8s_1svc,97,65.1581070001157,61.78390600007333,3.374201000042376,602112,1,61.78390600007333,0.2565229999618168,0.03110300008302147,0.0,602112,0.0,0.0,0.0,0.0,0,0.0,0.0,0.0,0.0,0,0.0,0.0,0.0,0.0,0,0.0,0.0,0.0,0.0,0
4,monolithic_k8s_1svc,98,61.96492200001558,58.61032300003899,3.354598999976588,602112,1,58.61032300003899,0.2393209999809187,0.032002999887481565,0.0,602112,0.0,0.0,0.0,0.0,0,0.0,0.0,0.0,0.0,0,0.0,0.0,0.0,0.0,0,0.0,0.0,0.0,0.0,0
4,monolithic_k8s_1svc,99,62.38845899997614,58.94065200004661,3.4478069999295258,602112,1,58.94065200004661,0.24252200000773882,0.032902999919315334,0.0,602112,0.0,0.0,0.0,0.0,0,0.0,0.0,0.0,0.0,0,0.0,0.0,0.0,0.0,0,0.0,0.0,0.0,0.0,0
4,monolithic_k8s_1svc,100,61.07744299993101,57.65083699998286,3.4266059999481513,602112,1,57.65083699998286,0.2090189998398273,0.03150300017296104,0.0,602112,0.0,0.0,0.0,0.0,0,0.0,0.0,0.0,0.0,0,0.0,0.0,0.0,0.0,0,0.0,0.0,0.0,0.0,0
4,monolithic_k8s_1svc,101,60.942129999830286,57.76304800019716,3.1790819996331265,602112,1,57.76304800019716,0.21851899987268553,0.03490299991426582,0.0,602112,0.0,0.0,0.0,0.0,0,0.0,0.0,0.0,0.0,0,0.0,0.0,0.0,0.0,0,0.0,0.0,0.0,0.0,0
4,monolithic_k8s_1svc,102,63.33634399993571,59.84813300005953,3.4882109998761734,602112,1,59.84813300005953,0.2554229999987001,0.031102999855647795,0.0,602112,0.0,0.0,0.0,0.0,0,0.0,0.0,0.0,0.0,0,0.0,0.0,0.0,0.0,0,0.0,0.0,0.0,0.0,0
4,monolithic_k8s_1svc,103,61.34276699981456,57.7103419998366,3.6324249999779568,602112,1,57.7103419998366,0.2563230000305339,0.03370300009919447,0.0,602112,0.0,0.0,0.0,0.0,0,0.0,0.0,0.0,0.0,0,0.0,0.0,0.0,0.0,0,0.0,0.0,0.0,0.0,0
4,monolithic_k8s_1svc,104,62.33035499985817,58.92595099999198,3.40440399986619,602112,1,58.92595099999198,0.24152199989657674,0.031602000035491074,0.0,602112,0.0,0.0,0.0,0.0,0,0.0,0.0,0.0,0.0,0,0.0,0.0,0.0,0.0,0,0.0,0.0,0.0,0.0,0
4,monolithic_k8s_1svc,105,60.6121019998227,57.23680100004458,3.375300999778119,602112,1,57.23680100004458,0.2469219998602057,0.04010299994661182,0.0,602112,0.0,0.0,0.0,0.0,0,0.0,0.0,0.0,0.0,0,0.0,0.0,0.0,0.0,0,0.0,0.0,0.0,0.0,0
4,monolithic_k8s_1svc,106,62.54277299990463,59.1201679999358,3.4226049999688257,602112,1,59.1201679999358,0.2507220001461974,0.03260299990870408,0.0,602112,0.0,0.0,0.0,0.0,0,0.0,0.0,0.0,0.0,0,0.0,0.0,0.0,0.0,0,0.0,0.0,0.0,0.0,0
4,monolithic_k8s_1svc,107,64.2578259999027,60.962633000144706,3.295192999758001,602112,1,60.962633000144706,0.26972399996338936,0.03360300001986616,0.0,602112,0.0,0.0,0.0,0.0,0,0.0,0.0,0.0,0.0,0,0.0,0.0,0.0,0.0,0,0.0,0.0,0.0,0.0,0
4,monolithic_k8s_1svc,108,62.151138999979594,58.826142000043546,3.3249969999360474,602112,1,58.826142000043546,0.24702200016690767,0.03090299992436485,0.0,602112,0.0,0.0,0.0,0.0,0,0.0,0.0,0.0,0.0,0,0.0,0.0,0.0,0.0,0,0.0,0.0,0.0,0.0,0
4,monolithic_k8s_1svc,109,62.06903199995395,58.60112200002732,3.4679099999266327,602112,1,58.60112200002732,0.22452000007433526,0.03170299987687031,0.0,602112,0.0,0.0,0.0,0.0,0,0.0,0.0,0.0,0.0,0,0.0,0.0,0.0,0.0,0,0.0,0.0,0.0,0.0,0
4,monolithic_k8s_1svc,110,60.097756000004665,57.193696000013006,2.9040599999916594,602112,1,57.193696000013006,0.20061800000803487,0.03270299998803239,0.0,602112,0.0,0.0,0.0,0.0,0,0.0,0.0,0.0,0.0,0,0.0,0.0,0.0,0.0,0,0.0,0.0,0.0,0.0,0
4,monolithic_k8s_1svc,111,61.334864999935235,57.85325599981661,3.481609000118624,602112,1,57.85325599981661,0.2258200001961086,0.0323030001254665,0.0,602112,0.0,0.0,0.0,0.0,0,0.0,0.0,0.0,0.0,0,0.0,0.0,0.0,0.0,0,0.0,0.0,0.0,0.0,0
4,monolithic_k8s_1svc,112,61.4307750001899,58.02167100000588,3.4091040001840156,602112,1,58.02167100000588,0.2502220002043032,0.03240299997742113,0.0,602112,0.0,0.0,0.0,0.0,0,0.0,0.0,0.0,0.0,0,0.0,0.0,0.0,0.0,0,0.0,0.0,0.0,0.0,0
4,monolithic_k8s_1svc,113,61.56088600005205,58.1614829998216,3.39940300023045,602112,1,58.1614829998216,0.25092200007748033,0.03110300008302147,0.0,602112,0.0,0.0,0.0,0.0,0,0.0,0.0,0.0,0.0,0,0.0,0.0,0.0,0.0,0,0.0,0.0,0.0,0.0,0
4,monolithic_k8s_1svc,114,60.86712399996941,57.608734000041295,3.258389999928113,602112,1,57.608734000041295,0.25222199997188,0.033002999998643645,0.0,602112,0.0,0.0,0.0,0.0,0,0.0,0.0,0.0,0.0,0,0.0,0.0,0.0,0.0,0,0.0,0.0,0.0,0.0,0
4,monolithic_k8s_1svc,115,60.88022499989165,57.58913199997551,3.2910929999161453,602112,1,57.58913199997551,0.21041900004092895,0.0328030000673607,0.0,602112,0.0,0.0,0.0,0.0,0,0.0,0.0,0.0,0.0,0,0.0,0.0,0.0,0.0,0,0.0,0.0,0.0,0.0,0
4,monolithic_k8s_1svc,116,60.36898000002111,57.061384999997244,3.3075950000238663,602112,1,57.061384999997244,0.2331210000647843,0.03090299992436485,0.0,602112,0.0,0.0,0.0,0.0,0,0.0,0.0,0.0,0.0,0,0.0,0.0,0.0,0.0,0,0.0,0.0,0.0,0.0,0
4,monolithic_k8s_1svc,117,61.92991800003256,58.768537000105425,3.1613809999271325,602112,1,58.768537000105425,0.24162199997590506,0.03320299992992659,0.0,602112,0.0,0.0,0.0,0.0,0,0.0,0.0,0.0,0.0,0,0.0,0.0,0.0,0.0,0,0.0,0.0,0.0,0.0,0
4,monolithic_k8s_1svc,118,64.90068400012206,61.38787100007903,3.5128130000430247,602112,1,61.38787100007903,0.2563230000305339,0.03140199987683445,0.0,602112,0.0,0.0,0.0,0.0,0,0.0,0.0,0.0,0.0,0,0.0,0.0,0.0,0.0,0,0.0,0.0,0.0,0.0,0
4,monolithic_k8s_1svc,119,61.2477580000359,57.79074900010528,3.457008999930622,602112,1,57.79074900010528,0.25302299991381005,0.03010299997185939,0.0,602112,0.0,0.0,0.0,0.0,0,0.0,0.0,0.0,0.0,0,0.0,0.0,0.0,0.0,0,0.0,0.0,0.0,0.0,0
4,monolithic_k8s_1svc,120,61.06104100012999,57.71834299980583,3.3426980003241624,602112,1,57.71834299980583,0.25522300006741716,0.031303000014304416,0.0,602112,0.0,0.0,0.0,0.0,0,0.0,0.0,0.0,0.0,0,0.0,0.0,0.0,0.0,0,0.0,0.0,0.0,0.0,0
4,monolithic_k8s_1svc,121,60.922929000071235,57.68653999984963,3.2363890002216067,602112,1,57.68653999984963,0.19201700001758581,0.031202999934976106,0.0,602112,0.0,0.0,0.0,0.0,0,0.0,0.0,0.0,0.0,0,0.0,0.0,0.0,0.0,0,0.0,0.0,0.0,0.0,0
4,monolithic_k8s_1svc,122,59.66021600011118,56.456630999946356,3.2035850001648214,602112,1,56.456630999946356,0.22502000001622946,0.03130200002487982,0.0,602112,0.0,0.0,0.0,0.0,0,0.0,0.0,0.0,0.0,0,0.0,0.0,0.0,0.0,0,0.0,0.0,0.0,0.0,0
4,monolithic_k8s_1svc,123,60.80341799997768,57.5928319999548,3.210586000022886,602112,1,57.5928319999548,0.22641999998995743,0.03140300009363273,0.0,602112,0.0,0.0,0.0,0.0,0,0.0,0.0,0.0,0.0,0,0.0,0.0,0.0,0.0,0,0.0,0.0,0.0,0.0,0
4,monolithic_k8s_1svc,124,64.17771899987201,60.79451799996605,3.3832009999059665,602112,1,60.79451799996605,0.25452299996686634,0.034702999982982874,0.0,602112,0.0,0.0,0.0,0.0,0,0.0,0.0,0.0,0.0,0,0.0,0.0,0.0,0.0,0,0.0,0.0,0.0,0.0,0
4,monolithic_k8s_1svc,125,63.29083999980867,59.955242999876646,3.3355969999320223,602112,1,59.955242999876646,0.2652230000421696,0.033103000077971956,0.0,602112,0.0,0.0,0.0,0.0,0,0.0,0.0,0.0,0.0,0,0.0,0.0,0.0,0.0,0,0.0,0.0,0.0,0.0,0
4,monolithic_k8s_1svc,126,63.69987600010063,60.27957199989942,3.420304000201213,602112,1,60.27957199989942,0.238221000017802,0.032203000046138186,0.0,602112,0.0,0.0,0.0,0.0,0,0.0,0.0,0.0,0.0,0,0.0,0.0,0.0,0.0,0,0.0,0.0,0.0,0.0,0
4,monolithic_k8s_1svc,127,61.79020599984142,58.61792299992885,3.172282999912568,602112,1,58.61792299992885,0.24932199994509574,0.030402999982470647,0.0,602112,0.0,0.0,0.0,0.0,0,0.0,0.0,0.0,0.0,0,0.0,0.0,0.0,0.0,0,0.0,0.0,0.0,0.0,0
4,monolithic_k8s_1svc,128,62.0716309999807,58.7254329998359,3.3461980001447955,602112,1,58.7254329998359,0.2517230000194104,0.032203000046138186,0.0,602112,0.0,0.0,0.0,0.0,0,0.0,0.0,0.0,0.0,0,0.0,0.0,0.0,0.0,0,0.0,0.0,0.0,0.0,0
4,monolithic_k8s_1svc,129,61.58758899982786,58.349499999849286,3.2380889999785722,602112,1,58.349499999849286,0.19801700000243727,0.03260300013607775,0.0,602112,0.0,0.0,0.0,0.0,0,0.0,0.0,0.0,0.0,0,0.0,0.0,0.0,0.0,0,0.0,0.0,0.0,0.0,0
4,monolithic_k8s_1svc,130,63.1637280000632,59.76732599992829,3.3964020001349127,602112,1,59.76732599992829,0.2378210001552361,0.030602999913753592,0.0,602112,0.0,0.0,0.0,0.0,0,0.0,0.0,0.0,0.0,0,0.0,0.0,0.0,0.0,0,0.0,0.0,0.0,0.0,0
4,monolithic_k8s_1svc,131,60.42848500010223,57.1477920000234,3.280693000078827,602112,1,57.1477920000234,0.23572099985358363,0.03440299997237162,0.0,602112,0.0,0.0,0.0,0.0,0,0.0,0.0,0.0,0.0,0,0.0,0.0,0.0,0.0,0,0.0,0.0,0.0,0.0,0
4,monolithic_k8s_1svc,132,62.1605390001605,58.744635000039125,3.4159040001213725,602112,1,58.744635000039125,0.24612099991827563,0.03260299990870408,0.0,602112,0.0,0.0,0.0,0.0,0,0.0,0.0,0.0,0.0,0,0.0,0.0,0.0,0.0,0,0.0,0.0,0.0,0.0,0
4,monolithic_k8s_1svc,133,61.201254000025074,57.78024899996126,3.421005000063815,602112,1,57.78024899996126,0.23982199991223752,0.029902000051151845,0.0,602112,0.0,0.0,0.0,0.0,0,0.0,0.0,0.0,0.0,0,0.0,0.0,0.0,0.0,0,0.0,0.0,0.0,0.0,0
4,monolithic_k8s_1svc,134,65.13090399994326,61.72189999983857,3.4090040001046873,602112,1,61.72189999983857,0.24882200000320154,0.030603000141127268,0.0,602112,0.0,0.0,0.0,0.0,0,0.0,0.0,0.0,0.0,0,0.0,0.0,0.0,0.0,0,0.0,0.0,0.0,0.0,0
4,monolithic_k8s_1svc,135,65.0710990000789,61.65179399999943,3.4193050000794756,602112,1,61.65179399999943,0.22391999982573907,0.03460300013102824,0.0,602112,0.0,0.0,0.0,0.0,0,0.0,0.0,0.0,0.0,0,0.0,0.0,0.0,0.0,0,0.0,0.0,0.0,0.0,0
4,monolithic_k8s_1svc,136,65.24741399994127,61.938319999853775,3.309094000087498,602112,1,61.938319999853775,0.28422500008673524,0.03630300011536747,0.0,602112,0.0,0.0,0.0,0.0,0,0.0,0.0,0.0,0.0,0,0.0,0.0,0.0,0.0,0,0.0,0.0,0.0,0.0,0
4,monolithic_k8s_1svc,137,63.037617999953,59.88193600001068,3.155681999942317,602112,1,59.88193600001068,0.25522300006741716,0.033702999871820793,0.0,602112,0.0,0.0,0.0,0.0,0,0.0,0.0,0.0,0.0,0,0.0,0.0,0.0,0.0,0,0.0,0.0,0.0,0.0,0
4,monolithic_k8s_1svc,138,64.82387699998071,61.55178500011971,3.2720919998610043,602112,1,61.55178500011971,0.24332099997081968,0.033702999871820793,0.0,602112,0.0,0.0,0.0,0.0,0,0.0,0.0,0.0,0.0,0,0.0,0.0,0.0,0.0,0,0.0,0.0,0.0,0.0,0
4,monolithic_k8s_1svc,139,66.0912929999995,62.74559500002397,3.3456979999755276,602112,1,62.74559500002397,0.23832099986975663,0.034803000062311185,0.0,602112,0.0,0.0,0.0,0.0,0,0.0,0.0,0.0,0.0,0,0.0,0.0,0.0,0.0,0,0.0,0.0,0.0,0.0,0
4,monolithic_k8s_1svc,140,71.08003999996981,66.69134799994936,4.3886920000204555,602112,1,66.69134799994936,0.25922300005731813,0.03200300011485524,0.0,602112,0.0,0.0,0.0,0.0,0,0.0,0.0,0.0,0.0,0,0.0,0.0,0.0,0.0,0,0.0,0.0,0.0,0.0,0
4,monolithic_k8s_1svc,141,63.719484000102966,60.19136800000524,3.528116000097725,602112,1,60.19136800000524,0.23222100003295054,0.033903000030477415,0.0,602112,0.0,0.0,0.0,0.0,0,0.0,0.0,0.0,0.0,0,0.0,0.0,0.0,0.0,0,0.0,0.0,0.0,0.0,0
4,monolithic_k8s_1svc,142,61.81771299998218,58.27839799985668,3.539315000125498,602112,1,58.27839799985668,0.2269210001486499,0.03270199999860779,0.0,602112,0.0,0.0,0.0,0.0,0,0.0,0.0,0.0,0.0,0,0.0,0.0,0.0,0.0,0,0.0,0.0,0.0,0.0,0
4,monolithic_k8s_1svc,143,62.85330599985173,59.387695999930656,3.465609999921071,602112,1,59.387695999930656,0.2185200000894838,0.03190300003552693,0.0,602112,0.0,0.0,0.0,0.0,0,0.0,0.0,0.0,0.0,0,0.0,0.0,0.0,0.0,0,0.0,0.0,0.0,0.0,0
4,monolithic_k8s_1svc,144,62.387663999970755,58.705836000171985,3.68182799979877,602112,1,58.705836000171985,0.2620239999941987,0.030702999993081903,0.0,602112,0.0,0.0,0.0,0.0,0,0.0,0.0,0.0,0.0,0,0.0,0.0,0.0,0.0,0,0.0,0.0,0.0,0.0,0
4,monolithic_k8s_1svc,145,62.080137000066316,58.67723300002581,3.4029040000405075,602112,1,58.67723300002581,0.2387219999491208,0.032102999966809875,0.0,602112,0.0,0.0,0.0,0.0,0,0.0,0.0,0.0,0.0,0,0.0,0.0,0.0,0.0,0,0.0,0.0,0.0,0.0,0
4,monolithic_k8s_1svc,146,62.399365999908696,58.883752000156164,3.5156139997525315,602112,1,58.883752000156164,0.22541999987879535,0.030601999924328993,0.0,602112,0.0,0.0,0.0,0.0,0,0.0,0.0,0.0,0.0,0,0.0,0.0,0.0,0.0,0,0.0,0.0,0.0,0.0,0
4,monolithic_k8s_1svc,147,63.48116200001641,60.09896000000481,3.3822020000116026,602112,1,60.09896000000481,0.2362210000228515,0.03180299995619862,0.0,602112,0.0,0.0,0.0,0.0,0,0.0,0.0,0.0,0.0,0,0.0,0.0,0.0,0.0,0,0.0,0.0,0.0,0.0,0
4,monolithic_k8s_1svc,148,62.89341000001514,59.67142200006492,3.2219879999502155,602112,1,59.67142200006492,0.22652100005871034,0.036902999909216305,0.0,602112,0.0,0.0,0.0,0.0,0,0.0,0.0,0.0,0.0,0,0.0,0.0,0.0,0.0,0,0.0,0.0,0.0,0.0,0
4,monolithic_k8s_1svc,149,64.07671600004505,60.83302599995477,3.2436900000902824,602112,1,60.83302599995477,0.2674240001852013,0.03420300004108867,0.0,602112,0.0,0.0,0.0,0.0,0,0.0,0.0,0.0,0.0,0,0.0,0.0,0.0,0.0,0,0.0,0.0,0.0,0.0,0
4,monolithic_k8s_1svc,150,63.85509500000808,60.62560800000938,3.2294869999986986,602112,1,60.62560800000938,0.3007259999776579,0.03250300005674944,0.0,602112,0.0,0.0,0.0,0.0,0,0.0,0.0,0.0,0.0,0,0.0,0.0,0.0,0.0,0,0.0,0.0,0.0,0.0,0
4,monolithic_k8s_1svc,151,62.82370399981119,59.46870399998261,3.3549999998285784,602112,1,59.46870399998261,0.23132000001169217,0.033203000157300266,0.0,602112,0.0,0.0,0.0,0.0,0,0.0,0.0,0.0,0.0,0,0.0,0.0,0.0,0.0,0,0.0,0.0,0.0,0.0,0
4,monolithic_k8s_1svc,152,62.13294200006203,58.816446000037104,3.3164960000249266,602112,1,58.816446000037104,0.24592199997641728,0.03170199988744571,0.0,602112,0.0,0.0,0.0,0.0,0,0.0,0.0,0.0,0.0,0,0.0,0.0,0.0,0.0,0,0.0,0.0,0.0,0.0,0
4,monolithic_k8s_1svc,153,60.53919900000437,57.20730200005164,3.3318969999527326,602112,1,57.20730200005164,0.22851999983686255,0.031703000104243984,0.0,602112,0.0,0.0,0.0,0.0,0,0.0,0.0,0.0,0.0,0,0.0,0.0,0.0,0.0,0,0.0,0.0,0.0,0.0,0
4,monolithic_k8s_1svc,154,62.20064700005423,58.844849000024624,3.3557980000296084,602112,1,58.844849000024624,0.266222999925958,0.03600300010475621,0.0,602112,0.0,0.0,0.0,0.0,0,0.0,0.0,0.0,0.0,0,0.0,0.0,0.0,0.0,0,0.0,0.0,0.0,0.0,0
4,monolithic_k8s_1svc,155,61.64229799992427,58.00917400006256,3.6331239998617093,602112,1,58.00917400006256,0.27442400005384116,0.032102999966809875,0.0,602112,0.0,0.0,0.0,0.0,0,0.0,0.0,0.0,0.0,0,0.0,0.0,0.0,0.0,0,0.0,0.0,0.0,0.0,0
4,monolithic_k8s_1svc,156,61.7825100000573,58.64373000008527,3.13877999997203,602112,1,58.64373000008527,0.24882299999262614,0.032902999919315334,0.0,602112,0.0,0.0,0.0,0.0,0,0.0,0.0,0.0,0.0,0,0.0,0.0,0.0,0.0,0,0.0,0.0,0.0,0.0,0
4,monolithic_k8s_1svc,157,62.440369000114515,58.94255700013673,3.4978119999777846,602112,1,58.94255700013673,0.22381999997378443,0.03570299986677128,0.0,602112,0.0,0.0,0.0,0.0,0,0.0,0.0,0.0,0.0,0,0.0,0.0,0.0,0.0,0,0.0,0.0,0.0,0.0,0
4,monolithic_k8s_1svc,158,62.52957700007755,58.99836300000061,3.531214000076943,602112,1,58.99836300000061,0.26502299988351297,0.033903000030477415,0.0,602112,0.0,0.0,0.0,0.0,0,0.0,0.0,0.0,0.0,0,0.0,0.0,0.0,0.0,0,0.0,0.0,0.0,0.0,0
4,monolithic_k8s_1svc,159,62.07563599991772,58.98516100000961,3.0904749999081105,602112,1,58.98516100000961,0.2506219998394954,0.03100300000369316,0.0,602112,0.0,0.0,0.0,0.0,0,0.0,0.0,0.0,0.0,0,0.0,0.0,0.0,0.0,0,0.0,0.0,0.0,0.0,0
4,monolithic_k8s_1svc,160,61.24666300001991,57.80495600015456,3.441706999865346,602112,1,57.80495600015456,0.25492299982943223,0.03460299990365456,0.0,602112,0.0,0.0,0.0,0.0,0,0.0,0.0,0.0,0.0,0,0.0,0.0,0.0,0.0,0,0.0,0.0,0.0,0.0,0
4,monolithic_k8s_1svc,161,60.187767999877906,56.90067499995166,3.2870929999262444,602112,1,56.90067499995166,0.21571899992522958,0.041504000137138064,0.0,602112,0.0,0.0,0.0,0.0,0,0.0,0.0,0.0,0.0,0,0.0,0.0,0.0,0.0,0,0.0,0.0,0.0,0.0,0
4,monolithic_k8s_1svc,162,62.558480000006966,58.45501399994646,4.103466000060507,602112,1,58.45501399994646,0.25402200003554753,0.031803000183572294,0.0,602112,0.0,0.0,0.0,0.0,0,0.0,0.0,0.0,0.0,0,0.0,0.0,0.0,0.0,0,0.0,0.0,0.0,0.0,0
4,monolithic_k8s_1svc,163,61.99822899998253,58.490616999961276,3.507612000021254,602112,1,58.490616999961276,0.19011700010196364,0.034702999982982874,0.0,602112,0.0,0.0,0.0,0.0,0,0.0,0.0,0.0,0.0,0,0.0,0.0,0.0,0.0,0,0.0,0.0,0.0,0.0,0
4,monolithic_k8s_1svc,164,61.35947300003863,58.048076999966725,3.311396000071909,602112,1,58.048076999966725,0.3235289998428925,0.03360300001986616,0.0,602112,0.0,0.0,0.0,0.0,0,0.0,0.0,0.0,0.0,0,0.0,0.0,0.0,0.0,0,0.0,0.0,0.0,0.0,0
4,monolithic_k8s_1svc,165,65.18661399991288,61.552290000008725,3.6343239999041543,602112,1,61.552290000008725,0.266222999925958,0.033802999951149104,0.0,602112,0.0,0.0,0.0,0.0,0,0.0,0.0,0.0,0.0,0,0.0,0.0,0.0,0.0,0,0.0,0.0,0.0,0.0,0
4,monolithic_k8s_1svc,166,63.04662299999109,59.61091699987264,3.4357060001184436,602112,1,59.61091699987264,0.28632500016101403,0.033802999951149104,0.0,602112,0.0,0.0,0.0,0.0,0,0.0,0.0,0.0,0.0,0,0.0,0.0,0.0,0.0,0,0.0,0.0,0.0,0.0,0
4,monolithic_k8s_1svc,167,64.36274099996808,61.08154799994736,3.2811930000207212,602112,1,61.08154799994736,0.259524000057354,0.03200200012543064,0.0,602112,0.0,0.0,0.0,0.0,0,0.0,0.0,0.0,0.0,0,0.0,0.0,0.0,0.0,0,0.0,0.0,0.0,0.0,0
4,monolithic_k8s_1svc,168,61.99182900013511,58.253995999848485,3.737833000286628,602112,1,58.253995999848485,0.25612300009925093,0.0328030000673607,0.0,602112,0.0,0.0,0.0,0.0,0,0.0,0.0,0.0,0.0,0,0.0,0.0,0.0,0.0,0,0.0,0.0,0.0,0.0,0
4,monolithic_k8s_1svc,169,63.88009699981012,60.13376399982917,3.7463329999809503,602112,1,60.13376399982917,0.2658240000528167,0.03350300016791152,0.0,602112,0.0,0.0,0.0,0.0,0,0.0,0.0,0.0,0.0,0,0.0,0.0,0.0,0.0,0,0.0,0.0,0.0,0.0,0
4,monolithic_k8s_1svc,170,61.108750000130385,57.598137000013594,3.5106130001167912,602112,1,57.598137000013594,0.2226199999313394,0.033903000030477415,0.0,602112,0.0,0.0,0.0,0.0,0,0.0,0.0,0.0,0.0,0,0.0,0.0,0.0,0.0,0,0.0,0.0,0.0,0.0,0
4,monolithic_k8s_1svc,171,63.536767000186956,60.21256999997604,3.3241970002109156,602112,1,60.21256999997604,0.2579229999355448,0.029903000040576444,0.0,602112,0.0,0.0,0.0,0.0,0,0.0,0.0,0.0,0.0,0,0.0,0.0,0.0,0.0,0,0.0,0.0,0.0,0.0,0
4,monolithic_k8s_1svc,172,63.67738000017198,60.33748100003322,3.3398990001387574,602112,1,60.33748100003322,0.2466220000769681,0.03150299994558736,0.0,602112,0.0,0.0,0.0,0.0,0,0.0,0.0,0.0,0.0,0,0.0,0.0,0.0,0.0,0,0.0,0.0,0.0,0.0,0
4,monolithic_k8s_1svc,173,61.14645399998153,58.24879599981614,2.897658000165393,602112,1,58.24879599981614,0.22232000014810183,0.03250300005674944,0.0,602112,0.0,0.0,0.0,0.0,0,0.0,0.0,0.0,0.0,0,0.0,0.0,0.0,0.0,0,0.0,0.0,0.0,0.0,0
4,monolithic_k8s_1svc,174,62.07113599998593,58.357805000014196,3.713330999971731,602112,1,58.357805000014196,0.20581800004038087,0.03000299989253108,0.0,602112,0.0,0.0,0.0,0.0,0,0.0,0.0,0.0,0.0,0,0.0,0.0,0.0,0.0,0,0.0,0.0,0.0,0.0,0
4,monolithic_k8s_1svc,175,62.60748399995464,58.802845000172965,3.804638999781673,602112,1,58.802845000172965,0.21611900001516915,0.031602999797542,0.0,602112,0.0,0.0,0.0,0.0,0,0.0,0.0,0.0,0.0,0,0.0,0.0,0.0,0.0,0,0.0,0.0,0.0,0.0,0
4,monolithic_k8s_1svc,176,62.49867400015319,58.62772899990887,3.870945000244319,602112,1,58.62772899990887,0.2486220000719186,0.03250300005674944,0.0,602112,0.0,0.0,0.0,0.0,0,0.0,0.0,0.0,0.0,0,0.0,0.0,0.0,0.0,0,0.0,0.0,0.0,0.0,0
4,monolithic_k8s_1svc,177,60.95033599990529,57.46432499995535,3.48601099994994,602112,1,57.46432499995535,0.22712000009050826,0.03410299996176036,0.0,602112,0.0,0.0,0.0,0.0,0,0.0,0.0,0.0,0.0,0,0.0,0.0,0.0,0.0,0,0.0,0.0,0.0,0.0,0
4,monolithic_k8s_1svc,178,64.815580999948,61.095350000186954,3.7202309997610428,602112,1,61.095350000186954,0.238221000017802,0.03450299982432625,0.0,602112,0.0,0.0,0.0,0.0,0,0.0,0.0,0.0,0.0,0,0.0,0.0,0.0,0.0,0,0.0,0.0,0.0,0.0,0
4,monolithic_k8s_1svc,179,65.57824900005471,62.02923199998622,3.5490170000684884,602112,1,62.02923199998622,0.35243100001025596,0.03230299989809282,0.0,602112,0.0,0.0,0.0,0.0,0,0.0,0.0,0.0,0.0,0,0.0,0.0,0.0,0.0,0,0.0,0.0,0.0,0.0,0
4,monolithic_k8s_1svc,180,66.80765900000551,62.5766810001096,4.230977999895913,602112,1,62.5766810001096,0.29782699994029826,0.03420300004108867,0.0,602112,0.0,0.0,0.0,0.0,0,0.0,0.0,0.0,0.0,0,0.0,0.0,0.0,0.0,0,0.0,0.0,0.0,0.0,0
4,monolithic_k8s_1svc,181,64.14052099989931,60.389885999939,3.7506349999603117,602112,1,60.389885999939,0.22982000018600957,0.031202999934976106,0.0,602112,0.0,0.0,0.0,0.0,0,0.0,0.0,0.0,0.0,0,0.0,0.0,0.0,0.0,0,0.0,0.0,0.0,0.0,0
4,monolithic_k8s_1svc,182,60.90173200004756,57.11639399987689,3.7853380001706682,602112,1,57.11639399987689,0.24832200006130734,0.03160300002491567,0.0,602112,0.0,0.0,0.0,0.0,0,0.0,0.0,0.0,0.0,0,0.0,0.0,0.0,0.0,0,0.0,0.0,0.0,0.0,0
4,monolithic_k8s_1svc,183,60.694114000170885,57.061988999976165,3.632125000194719,602112,1,57.061988999976165,0.2241199999843957,0.033802999951149104,0.0,602112,0.0,0.0,0.0,0.0,0,0.0,0.0,0.0,0.0,0,0.0,0.0,0.0,0.0,0,0.0,0.0,0.0,0.0,0
4,monolithic_k8s_1svc,184,58.63303000000997,55.264229999920644,3.3688000000893226,602112,1,55.264229999920644,0.2175190002162708,0.031201999945551506,0.0,602112,0.0,0.0,0.0,0.0,0,0.0,0.0,0.0,0.0,0,0.0,0.0,0.0,0.0,0,0.0,0.0,0.0,0.0,0
4,monolithic_k8s_1svc,185,62.16194500007077,58.79944400021486,3.3625009998559108,602112,1,58.79944400021486,0.1701149999462359,0.03360299979249248,0.0,602112,0.0,0.0,0.0,0.0,0,0.0,0.0,0.0,0.0,0,0.0,0.0,0.0,0.0,0,0.0,0.0,0.0,0.0,0
4,monolithic_k8s_1svc,186,60.3919870000027,56.93047700015086,3.4615099998518417,602112,1,56.93047700015086,0.2143189999515016,0.05500499992194818,0.0,602112,0.0,0.0,0.0,0.0,0,0.0,0.0,0.0,0.0,0,0.0,0.0,0.0,0.0,0,0.0,0.0,0.0,0.0,0
4,monolithic_k8s_1svc,187,61.29046599994581,57.841858999836404,3.448607000109405,602112,1,57.841858999836404,0.23362100000667851,0.031703000104243984,0.0,602112,0.0,0.0,0.0,0.0,0,0.0,0.0,0.0,0.0,0,0.0,0.0,0.0,0.0,0,0.0,0.0,0.0,0.0,0
4,monolithic_k8s_1svc,188,59.59851600005095,56.19141200008926,3.4071039999616914,602112,1,56.19141200008926,0.23762099999657949,0.03360300001986616,0.0,602112,0.0,0.0,0.0,0.0,0,0.0,0.0,0.0,0.0,0,0.0,0.0,0.0,0.0,0,0.0,0.0,0.0,0.0,0
4,monolithic_k8s_1svc,189,61.841515999958574,58.43251199985389,3.4090040001046873,602112,1,58.43251199985389,0.22222000006877352,0.03360300001986616,0.0,602112,0.0,0.0,0.0,0.0,0,0.0,0.0,0.0,0.0,0,0.0,0.0,0.0,0.0,0,0.0,0.0,0.0,0.0,0
4,monolithic_k8s_1svc,190,59.11677299991425,55.77817500011406,3.338597999800186,602112,1,55.77817500011406,0.22861999991619086,0.03150299994558736,0.0,602112,0.0,0.0,0.0,0.0,0,0.0,0.0,0.0,0.0,0,0.0,0.0,0.0,0.0,0,0.0,0.0,0.0,0.0,0
4,monolithic_k8s_1svc,191,60.22667199999887,56.599047999952745,3.6276240000461257,602112,1,56.599047999952745,0.21241900003587944,0.031102999855647795,0.0,602112,0.0,0.0,0.0,0.0,0,0.0,0.0,0.0,0.0,0,0.0,0.0,0.0,0.0,0,0.0,0.0,0.0,0.0,0
4,monolithic_k8s_1svc,192,61.35957200012854,57.80455600006462,3.5550160000639153,602112,1,57.80455600006462,0.22581999996873492,0.032902999919315334,0.0,602112,0.0,0.0,0.0,0.0,0,0.0,0.0,0.0,0.0,0,0.0,0.0,0.0,0.0,0,0.0,0.0,0.0,0.0,0
4,monolithic_k8s_1svc,193,59.60971700005757,56.125105999853986,3.4846110002035857,602112,1,56.125105999853986,0.17931599995790748,0.030502000072374358,0.0,602112,0.0,0.0,0.0,0.0,0,0.0,0.0,0.0,0.0,0,0.0,0.0,0.0,0.0,0,0.0,0.0,0.0,0.0,0
4,monolithic_k8s_1svc,194,59.092870999847946,55.494748999990406,3.5981219998575398,602112,1,55.494748999990406,0.24382200012951216,0.03140299986625905,0.0,602112,0.0,0.0,0.0,0.0,0,0.0,0.0,0.0,0.0,0,0.0,0.0,0.0,0.0,0,0.0,0.0,0.0,0.0,0
4,monolithic_k8s_1svc,195,60.70021400000769,57.06768999993983,3.6325240000678605,602112,1,57.06768999993983,0.20611900004041672,0.0328030000673607,0.0,602112,0.0,0.0,0.0,0.0,0,0.0,0.0,0.0,0.0,0,0.0,0.0,0.0,0.0,0,0.0,0.0,0.0,0.0,0
4,monolithic_k8s_1svc,196,60.68901300000107,56.98508299997229,3.7039300000287767,602112,1,56.98508299997229,0.2672240000265447,0.031703000104243984,0.0,602112,0.0,0.0,0.0,0.0,0,0.0,0.0,0.0,0.0,0,0.0,0.0,0.0,0.0,0,0.0,0.0,0.0,0.0,0
4,monolithic_k8s_1svc,197,68.55951500006086,57.997973000055936,10.56154200000492,602112,1,57.997973000055936,0.2767239998320292,0.03260300013607775,0.0,602112,0.0,0.0,0.0,0.0,0,0.0,0.0,0.0,0.0,0,0.0,0.0,0.0,0.0,0,0.0,0.0,0.0,0.0,0
4,monolithic_k8s_1svc,198,62.90280999996867,59.211381000068286,3.6914289999003813,602112,1,59.211381000068286,0.24562199996580603,0.03390299980310374,0.0,602112,0.0,0.0,0.0,0.0,0,0.0,0.0,0.0,0.0,0,0.0,0.0,0.0,0.0,0,0.0,0.0,0.0,0.0,0
4,monolithic_k8s_1svc,199,59.6111159998145,56.18781199996192,3.4233039998525783,602112,1,56.18781199996192,0.24732199995014525,0.032901999929890735,0.0,602112,0.0,0.0,0.0,0.0,0,0.0,0.0,0.0,0.0,0,0.0,0.0,0.0,0.0,0,0.0,0.0,0.0,0.0,0
4,monolithic_k8s_1svc,200,61.72060500011867,57.76855199997044,3.9520530001482257,602112,1,57.76855199997044,0.24042199993346003,0.031202999934976106,0.0,602112,0.0,0.0,0.0,0.0,0,0.0,0.0,0.0,0.0,0,0.0,0.0,0.0,0.0,0,0.0,0.0,0.0,0.0,0
5,monolithic_k8s_1svc,1,60.83732499996586,57.1929000000182,3.6444249999476597,602112,1,57.1929000000182,0.20681799992416927,0.03200300011485524,0.0,602112,0.0,0.0,0.0,0.0,0,0.0,0.0,0.0,0.0,0,0.0,0.0,0.0,0.0,0,0.0,0.0,0.0,0.0,0
5,monolithic_k8s_1svc,2,64.85578299998451,61.45598000011887,3.399802999865642,602112,1,61.45598000011887,0.2747240000644524,0.030302999903142336,0.0,602112,0.0,0.0,0.0,0.0,0,0.0,0.0,0.0,0.0,0,0.0,0.0,0.0,0.0,0,0.0,0.0,0.0,0.0,0
5,monolithic_k8s_1svc,3,62.45316900003672,59.04536499997448,3.4078040000622423,602112,1,59.04536499997448,0.24372200005018385,0.035202999924877076,0.0,602112,0.0,0.0,0.0,0.0,0,0.0,0.0,0.0,0.0,0,0.0,0.0,0.0,0.0,0,0.0,0.0,0.0,0.0,0
5,monolithic_k8s_1svc,4,60.96253600003365,57.063188000029186,3.8993480000044656,602112,1,57.063188000029186,0.2569230000517564,0.031303000014304416,0.0,602112,0.0,0.0,0.0,0.0,0,0.0,0.0,0.0,0.0,0,0.0,0.0,0.0,0.0,0,0.0,0.0,0.0,0.0,0
5,monolithic_k8s_1svc,5,62.335857999869404,58.534419000125126,3.8014389997442777,602112,1,58.534419000125126,0.2506230000562937,0.05480499999066524,0.0,602112,0.0,0.0,0.0,0.0,0,0.0,0.0,0.0,0.0,0,0.0,0.0,0.0,0.0,0,0.0,0.0,0.0,0.0,0
5,monolithic_k8s_1svc,6,60.45428999982505,56.576745000029405,3.8775449997956457,602112,1,56.576745000029405,0.22941999986869632,0.03100300000369316,0.0,602112,0.0,0.0,0.0,0.0,0,0.0,0.0,0.0,0.0,0,0.0,0.0,0.0,0.0,0,0.0,0.0,0.0,0.0,0
5,monolithic_k8s_1svc,7,60.80422099989846,57.08308999987821,3.72113100002025,602112,1,57.08308999987821,0.25882299996737856,0.03290300014668901,0.0,602112,0.0,0.0,0.0,0.0,0,0.0,0.0,0.0,0.0,0,0.0,0.0,0.0,0.0,0,0.0,0.0,0.0,0.0,0
5,monolithic_k8s_1svc,8,60.68311199987875,56.68085399997835,4.002257999900394,602112,1,56.68085399997835,0.20111800017730275,0.03490399990369042,0.0,602112,0.0,0.0,0.0,0.0,0,0.0,0.0,0.0,0.0,0,0.0,0.0,0.0,0.0,0,0.0,0.0,0.0,0.0,0
5,monolithic_k8s_1svc,9,66.14639800000077,62.29405499993845,3.8523430000623193,602112,1,62.29405499993845,0.24612199990770023,0.032102999966809875,0.0,602112,0.0,0.0,0.0,0.0,0,0.0,0.0,0.0,0.0,0,0.0,0.0,0.0,0.0,0,0.0,0.0,0.0,0.0,0
5,monolithic_k8s_1svc,10,59.83443599984639,56.34642400013945,3.4880119997069414,602112,1,56.34642400013945,0.2449219998652552,0.03360299979249248,0.0,602112,0.0,0.0,0.0,0.0,0,0.0,0.0,0.0,0.0,0,0.0,0.0,0.0,0.0,0,0.0,0.0,0.0,0.0,0
5,monolithic_k8s_1svc,11,60.93823300011536,57.08789000004799,3.850343000067369,602112,1,57.08789000004799,0.255822999861266,0.044704000174533576,0.0,602112,0.0,0.0,0.0,0.0,0,0.0,0.0,0.0,0.0,0,0.0,0.0,0.0,0.0,0,0.0,0.0,0.0,0.0,0
5,monolithic_k8s_1svc,12,60.47499200008133,56.63484999990942,3.840142000171909,602112,1,56.63484999990942,0.22551999995812366,0.03430300012041698,0.0,602112,0.0,0.0,0.0,0.0,0,0.0,0.0,0.0,0.0,0,0.0,0.0,0.0,0.0,0,0.0,0.0,0.0,0.0,0
5,monolithic_k8s_1svc,13,62.17364400004044,58.078077999880406,4.095566000160034,602112,1,58.078077999880406,0.22042000000510598,0.03200300011485524,0.0,602112,0.0,0.0,0.0,0.0,0,0.0,0.0,0.0,0.0,0,0.0,0.0,0.0,0.0,0,0.0,0.0,0.0,0.0,0
5,monolithic_k8s_1svc,14,62.07043499989595,58.12948300012977,3.9409519997661846,602112,1,58.12948300012977,0.2449219998652552,0.03830299988294428,0.0,602112,0.0,0.0,0.0,0.0,0,0.0,0.0,0.0,0.0,0,0.0,0.0,0.0,0.0,0,0.0,0.0,0.0,0.0,0
5,monolithic_k8s_1svc,15,62.4212660000012,58.969058000002406,3.452207999998791,602112,1,58.969058000002406,0.24932300016189402,0.033702999871820793,0.0,602112,0.0,0.0,0.0,0.0,0,0.0,0.0,0.0,0.0,0,0.0,0.0,0.0,0.0,0,0.0,0.0,0.0,0.0,0
5,monolithic_k8s_1svc,16,64.59855999992214,61.220559000048524,3.3780009998736205,602112,1,61.220559000048524,0.249621999955707,0.03360300001986616,0.0,602112,0.0,0.0,0.0,0.0,0,0.0,0.0,0.0,0.0,0,0.0,0.0,0.0,0.0,0,0.0,0.0,0.0,0.0,0
5,monolithic_k8s_1svc,17,65.76886500010914,62.55627799987451,3.2125870002346346,602112,1,62.55627799987451,0.26762400011648424,0.03380300017852278,0.0,602112,0.0,0.0,0.0,0.0,0,0.0,0.0,0.0,0.0,0,0.0,0.0,0.0,0.0,0,0.0,0.0,0.0,0.0,0
5,monolithic_k8s_1svc,18,64.65866500002448,61.23546100002386,3.4232040000006236,602112,1,61.23546100002386,0.24512100003448722,0.034702999982982874,0.0,602112,0.0,0.0,0.0,0.0,0,0.0,0.0,0.0,0.0,0,0.0,0.0,0.0,0.0,0,0.0,0.0,0.0,0.0,0
5,monolithic_k8s_1svc,19,65.84067099993263,61.80631100005485,4.034359999877779,602112,1,61.80631100005485,0.24002100008146954,0.05170499980522436,0.0,602112,0.0,0.0,0.0,0.0,0,0.0,0.0,0.0,0.0,0,0.0,0.0,0.0,0.0,0,0.0,0.0,0.0,0.0,0
5,monolithic_k8s_1svc,20,63.201535000189324,59.76212899986422,3.439406000325107,602112,1,59.76212899986422,0.2497220000350353,0.03420300004108867,0.0,602112,0.0,0.0,0.0,0.0,0,0.0,0.0,0.0,0.0,0,0.0,0.0,0.0,0.0,0,0.0,0.0,0.0,0.0,0
5,monolithic_k8s_1svc,21,64.10001600011128,59.97284799991576,4.127168000195525,602112,1,59.97284799991576,0.2548229999774776,0.03260300013607775,0.0,602112,0.0,0.0,0.0,0.0,0,0.0,0.0,0.0,0.0,0,0.0,0.0,0.0,0.0,0,0.0,0.0,0.0,0.0,0
5,monolithic_k8s_1svc,22,64.79097700002967,60.69721199992273,4.093765000106941,602112,1,60.69721199992273,0.25052199998754077,0.03110300008302147,0.0,602112,0.0,0.0,0.0,0.0,0,0.0,0.0,0.0,0.0,0,0.0,0.0,0.0,0.0,0,0.0,0.0,0.0,0.0,0
5,monolithic_k8s_1svc,23,61.83151300001555,58.21539099997608,3.616122000039468,602112,1,58.21539099997608,0.1991179999549786,0.03220200005671359,0.0,602112,0.0,0.0,0.0,0.0,0,0.0,0.0,0.0,0.0,0,0.0,0.0,0.0,0.0,0,0.0,0.0,0.0,0.0,0
5,monolithic_k8s_1svc,24,65.80606800002897,62.1149390001392,3.69112899988977,602112,1,62.1149390001392,0.2621229998567287,0.033002999998643645,0.0,602112,0.0,0.0,0.0,0.0,0,0.0,0.0,0.0,0.0,0,0.0,0.0,0.0,0.0,0,0.0,0.0,0.0,0.0,0
5,monolithic_k8s_1svc,25,66.09719400012182,62.18164500000967,3.9155490001121507,602112,1,62.18164500000967,0.3010269999776938,0.03090299992436485,0.0,602112,0.0,0.0,0.0,0.0,0,0.0,0.0,0.0,0.0,0,0.0,0.0,0.0,0.0,0,0.0,0.0,0.0,0.0,0
5,monolithic_k8s_1svc,26,61.690300999998726,58.22079199992913,3.4695090000695927,602112,1,58.22079199992913,0.25362199994560797,0.0328030000673607,0.0,602112,0.0,0.0,0.0,0.0,0,0.0,0.0,0.0,0.0,0,0.0,0.0,0.0,0.0,0,0.0,0.0,0.0,0.0,0
5,monolithic_k8s_1svc,27,60.93763400008356,57.16099699998267,3.776637000100891,602112,1,57.16099699998267,0.2506230000562937,0.031602000035491074,0.0,602112,0.0,0.0,0.0,0.0,0,0.0,0.0,0.0,0.0,0,0.0,0.0,0.0,0.0,0,0.0,0.0,0.0,0.0,0
5,monolithic_k8s_1svc,28,61.32986800002982,57.54913199984912,3.7807360001806956,602112,1,57.54913199984912,0.24282100002892548,0.03510300007292244,0.0,602112,0.0,0.0,0.0,0.0,0,0.0,0.0,0.0,0.0,0,0.0,0.0,0.0,0.0,0,0.0,0.0,0.0,0.0,0
5,monolithic_k8s_1svc,29,62.20714699998098,58.43250999987504,3.7746370001059404,602112,1,58.43250999987504,0.22892099991622672,0.030903000151738524,0.0,602112,0.0,0.0,0.0,0.0,0,0.0,0.0,0.0,0.0,0,0.0,0.0,0.0,0.0,0,0.0,0.0,0.0,0.0,0
5,monolithic_k8s_1svc,30,65.51954199994725,61.828812999920046,3.690729000027204,602112,1,61.828812999920046,0.2435220001189009,0.03420300004108867,0.0,602112,0.0,0.0,0.0,0.0,0,0.0,0.0,0.0,0.0,0,0.0,0.0,0.0,0.0,0,0.0,0.0,0.0,0.0,0
5,monolithic_k8s_1svc,31,63.60237200010488,60.12756199993419,3.4748100001706916,602112,1,60.12756199993419,0.2044180000666529,0.03180199996677402,0.0,602112,0.0,0.0,0.0,0.0,0,0.0,0.0,0.0,0.0,0,0.0,0.0,0.0,0.0,0,0.0,0.0,0.0,0.0,0
5,monolithic_k8s_1svc,32,63.93149999985326,58.412908999798674,5.518591000054585,602112,1,58.412908999798674,0.2440220000607951,0.033002999998643645,0.0,602112,0.0,0.0,0.0,0.0,0,0.0,0.0,0.0,0.0,0,0.0,0.0,0.0,0.0,0,0.0,0.0,0.0,0.0,0
5,monolithic_k8s_1svc,33,62.08933700008856,58.07757900015531,4.011757999933252,602112,1,58.07757900015531,0.2371209998273116,0.033802999951149104,0.0,602112,0.0,0.0,0.0,0.0,0,0.0,0.0,0.0,0.0,0,0.0,0.0,0.0,0.0,0,0.0,0.0,0.0,0.0,0
5,monolithic_k8s_1svc,34,65.39383099993756,61.80451099999118,3.589319999946383,602112,1,61.80451099999118,0.2897260001191171,0.045803999910276616,0.0,602112,0.0,0.0,0.0,0.0,0,0.0,0.0,0.0,0.0,0,0.0,0.0,0.0,0.0,0,0.0,0.0,0.0,0.0,0
5,monolithic_k8s_1svc,35,67.44261299991194,63.88559700008045,3.557015999831492,602112,1,63.88559700008045,0.2688239999315556,0.03480299983493751,0.0,602112,0.0,0.0,0.0,0.0,0,0.0,0.0,0.0,0.0,0,0.0,0.0,0.0,0.0,0,0.0,0.0,0.0,0.0,0
5,monolithic_k8s_1svc,36,64.19172399978379,60.580002000051536,3.6117219997322536,602112,1,60.580002000051536,0.30402700008380634,0.03170299987687031,0.0,602112,0.0,0.0,0.0,0.0,0,0.0,0.0,0.0,0.0,0,0.0,0.0,0.0,0.0,0,0.0,0.0,0.0,0.0,0
5,monolithic_k8s_1svc,37,59.92884400006915,56.64105000005293,3.28779400001622,602112,1,56.64105000005293,0.2984269999615208,0.03220299981876451,0.0,602112,0.0,0.0,0.0,0.0,0,0.0,0.0,0.0,0.0,0,0.0,0.0,0.0,0.0,0,0.0,0.0,0.0,0.0,0
5,monolithic_k8s_1svc,38,62.22314800015738,58.44351099995038,3.7796370002070034,602112,1,58.44351099995038,0.23442099995918397,0.035004000210392405,0.0,602112,0.0,0.0,0.0,0.0,0,0.0,0.0,0.0,0.0,0,0.0,0.0,0.0,0.0,0,0.0,0.0,0.0,0.0,0
5,monolithic_k8s_1svc,39,59.7258249999868,56.24161500008995,3.484209999896848,602112,1,56.24161500008995,0.2387209999596962,0.06420599993361975,0.0,602112,0.0,0.0,0.0,0.0,0,0.0,0.0,0.0,0.0,0,0.0,0.0,0.0,0.0,0,0.0,0.0,0.0,0.0,0
5,monolithic_k8s_1svc,40,62.31055600005675,58.44611099996655,3.8644450000901998,602112,1,58.44611099996655,0.2924259999872447,0.02930300001935393,0.0,602112,0.0,0.0,0.0,0.0,0,0.0,0.0,0.0,0.0,0,0.0,0.0,0.0,0.0,0,0.0,0.0,0.0,0.0,0
5,monolithic_k8s_1svc,41,60.2724750001471,56.52464000013424,3.7478350000128557,602112,1,56.52464000013424,0.2256199998100783,0.03140299986625905,0.0,602112,0.0,0.0,0.0,0.0,0,0.0,0.0,0.0,0.0,0,0.0,0.0,0.0,0.0,0,0.0,0.0,0.0,0.0,0
5,monolithic_k8s_1svc,42,59.84323600000607,56.084700999917914,3.758535000088159,602112,1,56.084700999917914,0.21051900012025726,0.03110300008302147,0.0,602112,0.0,0.0,0.0,0.0,0,0.0,0.0,0.0,0.0,0,0.0,0.0,0.0,0.0,0,0.0,0.0,0.0,0.0,0
5,monolithic_k8s_1svc,43,59.73272599999291,56.18480999987696,3.547916000115947,602112,1,56.18480999987696,0.17051500003617548,0.0328030000673607,0.0,602112,0.0,0.0,0.0,0.0,0,0.0,0.0,0.0,0.0,0,0.0,0.0,0.0,0.0,0,0.0,0.0,0.0,0.0,0
5,monolithic_k8s_1svc,44,66.94206900010613,63.39035199994214,3.5517170001639897,602112,1,63.39035199994214,0.2210200000263285,0.030003000119904755,0.0,602112,0.0,0.0,0.0,0.0,0,0.0,0.0,0.0,0.0,0,0.0,0.0,0.0,0.0,0,0.0,0.0,0.0,0.0,0
5,monolithic_k8s_1svc,45,59.890239999958794,56.49113699996633,3.399102999992465,602112,1,56.49113699996633,0.23842199993850954,0.030602999913753592,0.0,602112,0.0,0.0,0.0,0.0,0,0.0,0.0,0.0,0.0,0,0.0,0.0,0.0,0.0,0,0.0,0.0,0.0,0.0,0
5,monolithic_k8s_1svc,46,63.40755399992304,60.12256100007107,3.2849929998519656,602112,1,60.12256100007107,0.24542200003452308,0.03550299993548833,0.0,602112,0.0,0.0,0.0,0.0,0,0.0,0.0,0.0,0.0,0,0.0,0.0,0.0,0.0,0,0.0,0.0,0.0,0.0,0
5,monolithic_k8s_1svc,47,60.46519200003786,57.18519899983221,3.27999300020565,602112,1,57.18519899983221,0.25452299996686634,0.03200300011485524,0.0,602112,0.0,0.0,0.0,0.0,0,0.0,0.0,0.0,0.0,0,0.0,0.0,0.0,0.0,0,0.0,0.0,0.0,0.0,0
5,monolithic_k8s_1svc,48,61.79421000001639,58.51451799981078,3.279692000205614,602112,1,58.51451799981078,0.22482000008494651,0.03190200004610233,0.0,602112,0.0,0.0,0.0,0.0,0,0.0,0.0,0.0,0.0,0,0.0,0.0,0.0,0.0,0,0.0,0.0,0.0,0.0,0
5,monolithic_k8s_1svc,49,61.09464799988018,57.88926199988964,3.20538599999054,602112,1,57.88926199988964,0.18441600013829884,0.04520400011642778,0.0,602112,0.0,0.0,0.0,0.0,0,0.0,0.0,0.0,0.0,0,0.0,0.0,0.0,0.0,0,0.0,0.0,0.0,0.0,0
5,monolithic_k8s_1svc,50,60.31987799997296,56.76416099981907,3.5557170001538907,602112,1,56.76416099981907,0.21781999998893298,0.030503000061798957,0.0,602112,0.0,0.0,0.0,0.0,0,0.0,0.0,0.0,0.0,0,0.0,0.0,0.0,0.0,0,0.0,0.0,0.0,0.0,0
5,monolithic_k8s_1svc,51,61.757405999969706,58.221590999892214,3.5358150000774913,602112,1,58.221590999892214,0.1758160001372744,0.03030300013051601,0.0,602112,0.0,0.0,0.0,0.0,0,0.0,0.0,0.0,0.0,0,0.0,0.0,0.0,0.0,0,0.0,0.0,0.0,0.0,0
5,monolithic_k8s_1svc,52,59.599014000013995,55.71026799998435,3.8887460000296414,602112,1,55.71026799998435,0.20841900004597846,0.03190300003552693,0.0,602112,0.0,0.0,0.0,0.0,0,0.0,0.0,0.0,0.0,0,0.0,0.0,0.0,0.0,0,0.0,0.0,0.0,0.0,0
5,monolithic_k8s_1svc,53,60.97583699988718,57.122794000179056,3.853042999708123,602112,1,57.122794000179056,0.1778149999154266,0.03270299998803239,0.0,602112,0.0,0.0,0.0,0.0,0,0.0,0.0,0.0,0.0,0,0.0,0.0,0.0,0.0,0,0.0,0.0,0.0,0.0,0
5,monolithic_k8s_1svc,54,59.122671999830345,55.67246400005388,3.4502079997764667,602112,1,55.67246400005388,0.22551999995812366,0.029603000029965187,0.0,602112,0.0,0.0,0.0,0.0,0,0.0,0.0,0.0,0.0,0,0.0,0.0,0.0,0.0,0,0.0,0.0,0.0,0.0,0
5,monolithic_k8s_1svc,55,61.190756000087276,57.94016699996973,3.250589000117543,602112,1,57.94016699996973,0.25502299990876054,0.033102000088547356,0.0,602112,0.0,0.0,0.0,0.0,0,0.0,0.0,0.0,0.0,0,0.0,0.0,0.0,0.0,0,0.0,0.0,0.0,0.0,0
5,monolithic_k8s_1svc,56,60.67400999995698,57.33041199982836,3.3435980001286225,602112,1,57.33041199982836,0.24742200002947357,0.030102000209808466,0.0,602112,0.0,0.0,0.0,0.0,0,0.0,0.0,0.0,0.0,0,0.0,0.0,0.0,0.0,0,0.0,0.0,0.0,0.0,0
5,monolithic_k8s_1svc,57,63.02382000012585,59.51440600006208,3.509414000063771,602112,1,59.51440600006208,0.21401999993031495,0.03260299990870408,0.0,602112,0.0,0.0,0.0,0.0,0,0.0,0.0,0.0,0.0,0,0.0,0.0,0.0,0.0,0,0.0,0.0,0.0,0.0,0
5,monolithic_k8s_1svc,58,60.7913210001243,57.157496999934665,3.633824000189634,602112,1,57.157496999934665,0.22401999990506738,0.032101999977385276,0.0,602112,0.0,0.0,0.0,0.0,0,0.0,0.0,0.0,0.0,0,0.0,0.0,0.0,0.0,0,0.0,0.0,0.0,0.0,0
5,monolithic_k8s_1svc,59,60.79001999978573,56.80536599993502,3.984653999850707,602112,1,56.80536599993502,0.2670230001058371,0.03110200009359687,0.0,602112,0.0,0.0,0.0,0.0,0,0.0,0.0,0.0,0.0,0,0.0,0.0,0.0,0.0,0,0.0,0.0,0.0,0.0,0
5,monolithic_k8s_1svc,60,60.684111000000485,57.116492999966795,3.56761800003369,602112,1,57.116492999966795,0.18071599993163545,0.03260300013607775,0.0,602112,0.0,0.0,0.0,0.0,0,0.0,0.0,0.0,0.0,0,0.0,0.0,0.0,0.0,0,0.0,0.0,0.0,0.0,0
5,monolithic_k8s_1svc,61,61.139551999986,57.57273399990481,3.5668180000811844,602112,1,57.57273399990481,0.2646230000209471,0.032002999887481565,0.0,602112,0.0,0.0,0.0,0.0,0,0.0,0.0,0.0,0.0,0,0.0,0.0,0.0,0.0,0,0.0,0.0,0.0,0.0,0
5,monolithic_k8s_1svc,62,60.91842699993322,56.80136000000857,4.117066999924646,602112,1,56.80136000000857,0.2497220000350353,0.03340300008858321,0.0,602112,0.0,0.0,0.0,0.0,0,0.0,0.0,0.0,0.0,0,0.0,0.0,0.0,0.0,0,0.0,0.0,0.0,0.0,0
5,monolithic_k8s_1svc,63,59.402191000117455,55.60975299999882,3.7924380001186364,602112,1,55.60975299999882,0.24012199992284877,0.031303000014304416,0.0,602112,0.0,0.0,0.0,0.0,0,0.0,0.0,0.0,0.0,0,0.0,0.0,0.0,0.0,0,0.0,0.0,0.0,0.0,0
5,monolithic_k8s_1svc,64,63.42594900002041,59.66471399983675,3.7612350001836603,602112,1,59.66471399983675,0.22652000006928574,0.033002999998643645,0.0,602112,0.0,0.0,0.0,0.0,0,0.0,0.0,0.0,0.0,0,0.0,0.0,0.0,0.0,0,0.0,0.0,0.0,0.0,0
5,monolithic_k8s_1svc,65,66.90265900010672,62.92400400002407,3.9786550000826537,602112,1,62.92400400002407,0.24832299982335826,0.03200300011485524,0.0,602112,0.0,0.0,0.0,0.0,0,0.0,0.0,0.0,0.0,0,0.0,0.0,0.0,0.0,0,0.0,0.0,0.0,0.0,0
5,monolithic_k8s_1svc,66,71.64908100003231,67.78303800001595,3.8660430000163615,602112,1,67.78303800001595,0.3297289999864006,0.028901999939989764,0.0,602112,0.0,0.0,0.0,0.0,0,0.0,0.0,0.0,0.0,0,0.0,0.0,0.0,0.0,0,0.0,0.0,0.0,0.0,0
5,monolithic_k8s_1svc,67,61.24395500000901,57.704640000110885,3.5393149998981244,602112,1,57.704640000110885,0.23692099989602866,0.03170299987687031,0.0,602112,0.0,0.0,0.0,0.0,0,0.0,0.0,0.0,0.0,0,0.0,0.0,0.0,0.0,0,0.0,0.0,0.0,0.0,0
5,monolithic_k8s_1svc,68,61.3524640000378,57.67503799984297,3.677426000194828,602112,1,57.67503799984297,0.24232100008703128,0.03370300009919447,0.0,602112,0.0,0.0,0.0,0.0,0,0.0,0.0,0.0,0.0,0,0.0,0.0,0.0,0.0,0,0.0,0.0,0.0,0.0,0
5,monolithic_k8s_1svc,69,61.40746999994917,57.60063100001389,3.8068389999352803,602112,1,57.60063100001389,0.26902399986283854,0.03290300014668901,0.0,602112,0.0,0.0,0.0,0.0,0,0.0,0.0,0.0,0.0,0,0.0,0.0,0.0,0.0,0,0.0,0.0,0.0,0.0,0
5,monolithic_k8s_1svc,70,61.951817999897685,58.28609199988932,3.6657260000083625,602112,1,58.28609199988932,0.21971900014250423,0.030503000061798957,0.0,602112,0.0,0.0,0.0,0.0,0,0.0,0.0,0.0,0.0,0,0.0,0.0,0.0,0.0,0,0.0,0.0,0.0,0.0,0
5,monolithic_k8s_1svc,71,64.55975099993339,60.7275090001167,3.832241999816688,602112,1,60.7275090001167,0.3109279998625425,0.031102999855647795,0.0,602112,0.0,0.0,0.0,0.0,0,0.0,0.0,0.0,0.0,0,0.0,0.0,0.0,0.0,0,0.0,0.0,0.0,0.0,0
5,monolithic_k8s_1svc,72,64.08550800006196,60.48708700018324,3.5984209998787264,602112,1,60.48708700018324,0.2142189998721733,0.03180299995619862,0.0,602112,0.0,0.0,0.0,0.0,0,0.0,0.0,0.0,0.0,0,0.0,0.0,0.0,0.0,0,0.0,0.0,0.0,0.0,0
5,monolithic_k8s_1svc,73,60.04704799988758,56.823560999873735,3.223487000013847,602112,1,56.823560999873735,0.24012100016079785,0.03240299997742113,0.0,602112,0.0,0.0,0.0,0.0,0,0.0,0.0,0.0,0.0,0,0.0,0.0,0.0,0.0,0,0.0,0.0,0.0,0.0,0
5,monolithic_k8s_1svc,74,64.82337400007054,59.12636699986251,5.697007000208032,602112,1,59.12636699986251,0.271124000164491,0.03260300013607775,0.0,602112,0.0,0.0,0.0,0.0,0,0.0,0.0,0.0,0.0,0,0.0,0.0,0.0,0.0,0,0.0,0.0,0.0,0.0,0
5,monolithic_k8s_1svc,75,61.37916700004098,57.81744999990224,3.561717000138742,602112,1,57.81744999990224,0.23742100006529654,0.03110300008302147,0.0,602112,0.0,0.0,0.0,0.0,0,0.0,0.0,0.0,0.0,0,0.0,0.0,0.0,0.0,0,0.0,0.0,0.0,0.0,0
5,monolithic_k8s_1svc,76,61.289758999919286,57.643734000066615,3.6460249998526706,602112,1,57.643734000066615,0.24172200005523337,0.032203000046138186,0.0,602112,0.0,0.0,0.0,0.0,0,0.0,0.0,0.0,0.0,0,0.0,0.0,0.0,0.0,0,0.0,0.0,0.0,0.0,0
5,monolithic_k8s_1svc,77,60.08985199991912,56.45782800002053,3.6320239998985926,602112,1,56.45782800002053,0.2137189999302791,0.0328030000673607,0.0,602112,0.0,0.0,0.0,0.0,0,0.0,0.0,0.0,0.0,0,0.0,0.0,0.0,0.0,0,0.0,0.0,0.0,0.0,0
5,monolithic_k8s_1svc,78,61.48047600004247,57.44751599991105,4.032960000131425,602112,1,57.44751599991105,0.23372100008600682,0.032203000046138186,0.0,602112,0.0,0.0,0.0,0.0,0,0.0,0.0,0.0,0.0,0,0.0,0.0,0.0,0.0,0,0.0,0.0,0.0,0.0,0
5,monolithic_k8s_1svc,79,68.18677399996886,59.35048700007428,8.836286999894583,602112,1,59.35048700007428,0.24642099992888689,0.032203000046138186,0.0,602112,0.0,0.0,0.0,0.0,0,0.0,0.0,0.0,0.0,0,0.0,0.0,0.0,0.0,0,0.0,0.0,0.0,0.0,0
5,monolithic_k8s_1svc,80,64.65945900004044,61.27505800009203,3.3844009999484115,602112,1,61.27505800009203,0.2558230000886397,0.033702999871820793,0.0,602112,0.0,0.0,0.0,0.0,0,0.0,0.0,0.0,0.0,0,0.0,0.0,0.0,0.0,0,0.0,0.0,0.0,0.0,0
5,monolithic_k8s_1svc,81,65.28021400004036,61.7970040000273,3.4832100000130595,602112,1,61.7970040000273,0.23072099997989426,0.03320299992992659,0.0,602112,0.0,0.0,0.0,0.0,0,0.0,0.0,0.0,0.0,0,0.0,0.0,0.0,0.0,0,0.0,0.0,0.0,0.0,0
5,monolithic_k8s_1svc,82,59.986643000002005,56.4970320001521,3.4896109998499014,602112,1,56.4970320001521,0.2673239998784993,0.03130299978693074,0.0,602112,0.0,0.0,0.0,0.0,0,0.0,0.0,0.0,0.0,0,0.0,0.0,0.0,0.0,0,0.0,0.0,0.0,0.0,0
5,monolithic_k8s_1svc,83,62.430860999938886,58.65002399991681,3.780837000022075,602112,1,58.65002399991681,0.19331700013935915,0.03100300000369316,0.0,602112,0.0,0.0,0.0,0.0,0,0.0,0.0,0.0,0.0,0,0.0,0.0,0.0,0.0,0,0.0,0.0,0.0,0.0,0
5,monolithic_k8s_1svc,84,64.57325100018352,60.74001000001772,3.833241000165799,602112,1,60.74001000001772,0.3204280001227744,0.032002999887481565,0.0,602112,0.0,0.0,0.0,0.0,0,0.0,0.0,0.0,0.0,0,0.0,0.0,0.0,0.0,0,0.0,0.0,0.0,0.0,0
5,monolithic_k8s_1svc,85,63.915792999978294,59.95724100012012,3.958551999858173,602112,1,59.95724100012012,0.3156279999529943,0.03140199987683445,0.0,602112,0.0,0.0,0.0,0.0,0,0.0,0.0,0.0,0.0,0,0.0,0.0,0.0,0.0,0,0.0,0.0,0.0,0.0,0
5,monolithic_k8s_1svc,86,60.59039699994173,56.84096300001329,3.749433999928442,602112,1,56.84096300001329,0.23372099985863315,0.03190300003552693,0.0,602112,0.0,0.0,0.0,0.0,0,0.0,0.0,0.0,0.0,0,0.0,0.0,0.0,0.0,0,0.0,0.0,0.0,0.0,0
5,monolithic_k8s_1svc,87,59.84883099995386,56.05759299987767,3.7912380000761914,602112,1,56.05759299987767,0.23122100014916214,0.030903000151738524,0.0,602112,0.0,0.0,0.0,0.0,0,0.0,0.0,0.0,0.0,0,0.0,0.0,0.0,0.0,0,0.0,0.0,0.0,0.0,0
5,monolithic_k8s_1svc,88,65.59504300003027,61.08223999990514,4.512803000125132,602112,1,61.08223999990514,0.40863699996407377,0.03030300013051601,0.0,602112,0.0,0.0,0.0,0.0,0,0.0,0.0,0.0,0.0,0,0.0,0.0,0.0,0.0,0,0.0,0.0,0.0,0.0,0
5,monolithic_k8s_1svc,89,64.36333299984653,60.5178910000177,3.845441999828836,602112,1,60.5178910000177,0.2599229999304953,0.03140199987683445,0.0,602112,0.0,0.0,0.0,0.0,0,0.0,0.0,0.0,0.0,0,0.0,0.0,0.0,0.0,0,0.0,0.0,0.0,0.0,0
5,monolithic_k8s_1svc,90,64.9059820000275,60.957529000006616,3.9484530000208906,602112,1,60.957529000006616,0.31662800006415637,0.032102999966809875,0.0,602112,0.0,0.0,0.0,0.0,0,0.0,0.0,0.0,0.0,0,0.0,0.0,0.0,0.0,0,0.0,0.0,0.0,0.0,0
5,monolithic_k8s_1svc,91,63.748377999900185,60.16145900002812,3.5869189998720685,602112,1,60.16145900002812,0.262222999936057,0.029701999892495223,0.0,602112,0.0,0.0,0.0,0.0,0,0.0,0.0,0.0,0.0,0,0.0,0.0,0.0,0.0,0,0.0,0.0,0.0,0.0,0
5,monolithic_k8s_1svc,92,63.35394300003827,59.95424100001401,3.399702000024263,602112,1,59.95424100001401,0.2283199999055796,0.03230199990866822,0.0,602112,0.0,0.0,0.0,0.0,0,0.0,0.0,0.0,0.0,0,0.0,0.0,0.0,0.0,0,0.0,0.0,0.0,0.0,0
5,monolithic_k8s_1svc,93,61.94101799997043,58.554715000127544,3.386302999842883,602112,1,58.554715000127544,0.24632199983898317,0.030402999982470647,0.0,602112,0.0,0.0,0.0,0.0,0,0.0,0.0,0.0,0.0,0,0.0,0.0,0.0,0.0,0,0.0,0.0,0.0,0.0,0
5,monolithic_k8s_1svc,94,62.21554100011417,59.0550599999915,3.1604810001226724,602112,1,59.0550599999915,0.18971700001202407,0.032002999887481565,0.0,602112,0.0,0.0,0.0,0.0,0,0.0,0.0,0.0,0.0,0,0.0,0.0,0.0,0.0,0,0.0,0.0,0.0,0.0,0
5,monolithic_k8s_1svc,95,59.92493700000523,55.80937099989569,4.115566000109538,602112,1,55.80937099989569,0.24942200002442405,0.03120300016234978,0.0,602112,0.0,0.0,0.0,0.0,0,0.0,0.0,0.0,0.0,0,0.0,0.0,0.0,0.0,0,0.0,0.0,0.0,0.0,0
5,monolithic_k8s_1svc,96,60.78141400007553,57.01987900010863,3.761534999966898,602112,1,57.01987900010863,0.2521219998925517,0.03160300002491567,0.0,602112,0.0,0.0,0.0,0.0,0,0.0,0.0,0.0,0.0,0,0.0,0.0,0.0,0.0,0,0.0,0.0,0.0,0.0,0
5,monolithic_k8s_1svc,97,60.95952999999099,57.20869599986145,3.7508340001295437,602112,1,57.20869599986145,0.24632200006635685,0.030803000072410214,0.0,602112,0.0,0.0,0.0,0.0,0,0.0,0.0,0.0,0.0,0,0.0,0.0,0.0,0.0,0,0.0,0.0,0.0,0.0,0
5,monolithic_k8s_1svc,98,61.13134599991099,57.23989800003437,3.8914479998766183,602112,1,57.23989800003437,0.2563230000305339,0.03000299989253108,0.0,602112,0.0,0.0,0.0,0.0,0,0.0,0.0,0.0,0.0,0,0.0,0.0,0.0,0.0,0,0.0,0.0,0.0,0.0,0
5,monolithic_k8s_1svc,99,60.81881700015401,56.99427600006857,3.8245410000854463,602112,1,56.99427600006857,0.24032199985413172,0.03350299994053785,0.0,602112,0.0,0.0,0.0,0.0,0,0.0,0.0,0.0,0.0,0,0.0,0.0,0.0,0.0,0,0.0,0.0,0.0,0.0,0
5,monolithic_k8s_1svc,100,61.502878000055716,57.699439999851165,3.803438000204551,602112,1,57.699439999851165,0.2720239999689511,0.03510300007292244,0.0,602112,0.0,0.0,0.0,0.0,0,0.0,0.0,0.0,0.0,0,0.0,0.0,0.0,0.0,0,0.0,0.0,0.0,0.0,0
5,monolithic_k8s_1svc,101,60.94382800006315,57.38971200003107,3.5541160000320815,602112,1,57.38971200003107,0.24542100004509848,0.03530300000420539,0.0,602112,0.0,0.0,0.0,0.0,0,0.0,0.0,0.0,0.0,0,0.0,0.0,0.0,0.0,0,0.0,0.0,0.0,0.0,0
5,monolithic_k8s_1svc,102,61.20885199993609,57.3402069999247,3.8686450000113837,602112,1,57.3402069999247,0.24742200002947357,0.0333030000092549,0.0,602112,0.0,0.0,0.0,0.0,0,0.0,0.0,0.0,0.0,0,0.0,0.0,0.0,0.0,0,0.0,0.0,0.0,0.0,0
5,monolithic_k8s_1svc,103,62.48216499989212,58.68412699987857,3.7980380000135483,602112,1,58.68412699987857,0.19961800012424646,0.0447039999471599,0.0,602112,0.0,0.0,0.0,0.0,0,0.0,0.0,0.0,0.0,0,0.0,0.0,0.0,0.0,0,0.0,0.0,0.0,0.0,0
5,monolithic_k8s_1svc,104,61.67209299997012,57.64223400001356,4.029858999956559,602112,1,57.64223400001356,0.26132299990422325,0.0302030000511877,0.0,602112,0.0,0.0,0.0,0.0,0,0.0,0.0,0.0,0.0,0,0.0,0.0,0.0,0.0,0,0.0,0.0,0.0,0.0,0
5,monolithic_k8s_1svc,105,62.27444699993612,58.296892000043954,3.9775549998921633,602112,1,58.296892000043954,0.2652239998042205,0.030903000151738524,0.0,602112,0.0,0.0,0.0,0.0,0,0.0,0.0,0.0,0.0,0,0.0,0.0,0.0,0.0,0,0.0,0.0,0.0,0.0,0
5,monolithic_k8s_1svc,106,58.62072100012483,54.92549199993846,3.695229000186373,602112,1,54.92549199993846,0.25562300015735673,0.029903000040576444,0.0,602112,0.0,0.0,0.0,0.0,0,0.0,0.0,0.0,0.0,0,0.0,0.0,0.0,0.0,0,0.0,0.0,0.0,0.0,0
5,monolithic_k8s_1svc,107,62.29454900017117,58.45890699993106,3.8356420002401137,602112,1,58.45890699993106,0.2518220001093141,0.031303000014304416,0.0,602112,0.0,0.0,0.0,0.0,0,0.0,0.0,0.0,0.0,0,0.0,0.0,0.0,0.0,0,0.0,0.0,0.0,0.0,0
5,monolithic_k8s_1svc,108,60.33857500005979,56.65534599984312,3.68322900021667,602112,1,56.65534599984312,0.2298209999480605,0.030503000061798957,0.0,602112,0.0,0.0,0.0,0.0,0,0.0,0.0,0.0,0.0,0,0.0,0.0,0.0,0.0,0,0.0,0.0,0.0,0.0,0
5,monolithic_k8s_1svc,109,62.51516900010756,58.62592199991923,3.889247000188334,602112,1,58.62592199991923,0.2626240000154212,0.0323030001254665,0.0,602112,0.0,0.0,0.0,0.0,0,0.0,0.0,0.0,0.0,0,0.0,0.0,0.0,0.0,0,0.0,0.0,0.0,0.0,0
5,monolithic_k8s_1svc,110,59.79962600008548,56.03889100007109,3.7607350000143924,602112,1,56.03889100007109,0.22972100009610585,0.03260299990870408,0.0,602112,0.0,0.0,0.0,0.0,0,0.0,0.0,0.0,0.0,0,0.0,0.0,0.0,0.0,0,0.0,0.0,0.0,0.0,0
5,monolithic_k8s_1svc,111,62.91650399998616,59.197972999982085,3.718531000004077,602112,1,59.197972999982085,0.22802099988439295,0.032902999919315334,0.0,602112,0.0,0.0,0.0,0.0,0,0.0,0.0,0.0,0.0,0,0.0,0.0,0.0,0.0,0,0.0,0.0,0.0,0.0,0
5,monolithic_k8s_1svc,112,69.26716899988605,65.73085499985609,3.536314000029961,602112,1,65.73085499985609,0.2808250001180568,0.03180299995619862,0.0,602112,0.0,0.0,0.0,0.0,0,0.0,0.0,0.0,0.0,0,0.0,0.0,0.0,0.0,0,0.0,0.0,0.0,0.0,0
5,monolithic_k8s_1svc,113,61.96922000003724,58.27159099999335,3.6976290000438894,602112,1,58.27159099999335,0.26662300001589756,0.03360299979249248,0.0,602112,0.0,0.0,0.0,0.0,0,0.0,0.0,0.0,0.0,0,0.0,0.0,0.0,0.0,0,0.0,0.0,0.0,0.0,0
5,monolithic_k8s_1svc,114,65.17890500003887,61.60178699997232,3.577118000066548,602112,1,61.60178699997232,0.27852400012307044,0.03080299984503654,0.0,602112,0.0,0.0,0.0,0.0,0,0.0,0.0,0.0,0.0,0,0.0,0.0,0.0,0.0,0,0.0,0.0,0.0,0.0,0
5,monolithic_k8s_1svc,115,62.405358999967575,58.27629000009438,4.129068999873198,602112,1,58.27629000009438,0.2802249998694606,0.03230299989809282,0.0,602112,0.0,0.0,0.0,0.0,0,0.0,0.0,0.0,0.0,0,0.0,0.0,0.0,0.0,0,0.0,0.0,0.0,0.0,0
5,monolithic_k8s_1svc,116,65.49523400008184,61.44097300011708,4.054260999964754,602112,1,61.44097300011708,0.22841999998490792,0.04630399985217082,0.0,602112,0.0,0.0,0.0,0.0,0,0.0,0.0,0.0,0.0,0,0.0,0.0,0.0,0.0,0,0.0,0.0,0.0,0.0,0
5,monolithic_k8s_1svc,117,61.67639299997063,57.84875200015449,3.82764099981614,602112,1,57.84875200015449,0.27122499977849657,0.029903000040576444,0.0,602112,0.0,0.0,0.0,0.0,0,0.0,0.0,0.0,0.0,0,0.0,0.0,0.0,0.0,0,0.0,0.0,0.0,0.0,0
5,monolithic_k8s_1svc,118,60.20986300018194,56.274911999935284,3.934951000246656,602112,1,56.274911999935284,0.23582100016028562,0.029903000040576444,0.0,602112,0.0,0.0,0.0,0.0,0,0.0,0.0,0.0,0.0,0,0.0,0.0,0.0,0.0,0,0.0,0.0,0.0,0.0,0
5,monolithic_k8s_1svc,119,61.331263000056424,57.44021700002122,3.891046000035203,602112,1,57.44021700002122,0.27072400007455144,0.03440299997237162,0.0,602112,0.0,0.0,0.0,0.0,0,0.0,0.0,0.0,0.0,0,0.0,0.0,0.0,0.0,0,0.0,0.0,0.0,0.0,0
5,monolithic_k8s_1svc,120,61.537580999811325,57.98176500002228,3.555815999789047,602112,1,57.98176500002228,0.2573229999143223,0.03090299992436485,0.0,602112,0.0,0.0,0.0,0.0,0,0.0,0.0,0.0,0.0,0,0.0,0.0,0.0,0.0,0,0.0,0.0,0.0,0.0,0
5,monolithic_k8s_1svc,121,62.15823699994871,58.373698999957924,3.784537999990789,602112,1,58.373698999957924,0.24022100001275248,0.031303000014304416,0.0,602112,0.0,0.0,0.0,0.0,0,0.0,0.0,0.0,0.0,0,0.0,0.0,0.0,0.0,0,0.0,0.0,0.0,0.0,0
5,monolithic_k8s_1svc,122,62.99571099998502,59.06086000004507,3.934850999939954,602112,1,59.06086000004507,0.26072299988300074,0.03090299992436485,0.0,602112,0.0,0.0,0.0,0.0,0,0.0,0.0,0.0,0.0,0,0.0,0.0,0.0,0.0,0,0.0,0.0,0.0,0.0,0
5,monolithic_k8s_1svc,123,60.03314700001283,56.22510800003511,3.8080389999777253,602112,1,56.22510800003511,0.25002300003507116,0.029701999892495223,0.0,602112,0.0,0.0,0.0,0.0,0,0.0,0.0,0.0,0.0,0,0.0,0.0,0.0,0.0,0,0.0,0.0,0.0,0.0,0
5,monolithic_k8s_1svc,124,62.421959999937826,58.21078500002841,4.211174999909417,602112,1,58.21078500002841,0.23732099998596823,0.03480299983493751,0.0,602112,0.0,0.0,0.0,0.0,0,0.0,0.0,0.0,0.0,0,0.0,0.0,0.0,0.0,0,0.0,0.0,0.0,0.0,0
5,monolithic_k8s_1svc,125,61.64619099990887,58.11227599997437,3.5339149999344954,602112,1,58.11227599997437,0.2596230001472577,0.033002999998643645,0.0,602112,0.0,0.0,0.0,0.0,0,0.0,0.0,0.0,0.0,0,0.0,0.0,0.0,0.0,0,0.0,0.0,0.0,0.0,0
5,monolithic_k8s_1svc,126,66.57883000002585,62.99281099995824,3.5860190000676084,602112,1,62.99281099995824,0.25572300000931136,0.03190300003552693,0.0,602112,0.0,0.0,0.0,0.0,0,0.0,0.0,0.0,0.0,0,0.0,0.0,0.0,0.0,0,0.0,0.0,0.0,0.0,0
5,monolithic_k8s_1svc,127,61.278759000060745,57.519423000030656,3.759336000030089,602112,1,57.519423000030656,0.2589230000467069,0.03190300003552693,0.0,602112,0.0,0.0,0.0,0.0,0,0.0,0.0,0.0,0.0,0,0.0,0.0,0.0,0.0,0,0.0,0.0,0.0,0.0,0
5,monolithic_k8s_1svc,128,59.2939819998719,55.783769000072425,3.510212999799478,602112,1,55.783769000072425,0.24562099997638143,0.03460299990365456,0.0,602112,0.0,0.0,0.0,0.0,0,0.0,0.0,0.0,0.0,0,0.0,0.0,0.0,0.0,0,0.0,0.0,0.0,0.0,0
5,monolithic_k8s_1svc,129,61.635389999992185,57.93936100008068,3.696028999911505,602112,1,57.93936100008068,0.21971899991513055,0.03550299993548833,0.0,602112,0.0,0.0,0.0,0.0,0,0.0,0.0,0.0,0.0,0,0.0,0.0,0.0,0.0,0,0.0,0.0,0.0,0.0,0
5,monolithic_k8s_1svc,130,62.68698400003814,59.05796100000771,3.629023000030429,602112,1,59.05796100000771,0.2709240000058344,0.031602000035491074,0.0,602112,0.0,0.0,0.0,0.0,0,0.0,0.0,0.0,0.0,0,0.0,0.0,0.0,0.0,0,0.0,0.0,0.0,0.0,0
5,monolithic_k8s_1svc,131,61.9476179999765,58.08907400000862,3.8585439999678783,602112,1,58.08907400000862,0.2622239999254816,0.03350299994053785,0.0,602112,0.0,0.0,0.0,0.0,0,0.0,0.0,0.0,0.0,0,0.0,0.0,0.0,0.0,0,0.0,0.0,0.0,0.0,0
5,monolithic_k8s_1svc,132,64.342631000045,60.74201000001267,3.6006210000323335,602112,1,60.74201000001267,0.2288199998474738,0.03340300008858321,0.0,602112,0.0,0.0,0.0,0.0,0,0.0,0.0,0.0,0.0,0,0.0,0.0,0.0,0.0,0,0.0,0.0,0.0,0.0,0
5,monolithic_k8s_1svc,133,65.36252199998671,61.8620100001408,3.500511999845912,602112,1,61.8620100001408,0.2547219999087247,0.032102999966809875,0.0,602112,0.0,0.0,0.0,0.0,0,0.0,0.0,0.0,0.0,0,0.0,0.0,0.0,0.0,0,0.0,0.0,0.0,0.0,0
5,monolithic_k8s_1svc,134,64.93258399996193,61.281358999849544,3.6512250001123903,602112,1,61.281358999849544,0.23482100004912354,0.03130200002487982,0.0,602112,0.0,0.0,0.0,0.0,0,0.0,0.0,0.0,0.0,0,0.0,0.0,0.0,0.0,0,0.0,0.0,0.0,0.0,0
5,monolithic_k8s_1svc,135,71.79679599994415,67.82754099981503,3.969255000129124,602112,1,67.82754099981503,0.19771799998125061,0.03350300016791152,0.0,602112,0.0,0.0,0.0,0.0,0,0.0,0.0,0.0,0.0,0,0.0,0.0,0.0,0.0,0,0.0,0.0,0.0,0.0,0
5,monolithic_k8s_1svc,136,62.66308199997184,58.95535099989502,3.7077310000768193,602112,1,58.95535099989502,0.26612400006342796,0.03120300016234978,0.0,602112,0.0,0.0,0.0,0.0,0,0.0,0.0,0.0,0.0,0,0.0,0.0,0.0,0.0,0,0.0,0.0,0.0,0.0,0
5,monolithic_k8s_1svc,137,59.70691800007444,56.27461300014147,3.432304999932967,602112,1,56.27461300014147,0.23482099982174987,0.03000199990310648,0.0,602112,0.0,0.0,0.0,0.0,0,0.0,0.0,0.0,0.0,0,0.0,0.0,0.0,0.0,0,0.0,0.0,0.0,0.0,0
5,monolithic_k8s_1svc,138,70.10724400015533,66.50402300010683,3.6032210000485065,602112,1,66.50402300010683,0.3053279999676306,0.03270299998803239,0.0,602112,0.0,0.0,0.0,0.0,0,0.0,0.0,0.0,0.0,0,0.0,0.0,0.0,0.0,0,0.0,0.0,0.0,0.0,0
5,monolithic_k8s_1svc,139,61.7744030000722,58.212884999875314,3.561518000196884,602112,1,58.212884999875314,0.23742100006529654,0.03500299999359413,0.0,602112,0.0,0.0,0.0,0.0,0,0.0,0.0,0.0,0.0,0,0.0,0.0,0.0,0.0,0,0.0,0.0,0.0,0.0,0
5,monolithic_k8s_1svc,140,61.17954999990616,57.11948799989841,4.060062000007747,602112,1,57.11948799989841,0.250821999998152,0.03860300012092921,0.0,602112,0.0,0.0,0.0,0.0,0,0.0,0.0,0.0,0.0,0,0.0,0.0,0.0,0.0,0,0.0,0.0,0.0,0.0,0
5,monolithic_k8s_1svc,141,62.26544599985573,58.69092800003273,3.5745179998230014,602112,1,58.69092800003273,0.2549230000568059,0.03550299993548833,0.0,602112,0.0,0.0,0.0,0.0,0,0.0,0.0,0.0,0.0,0,0.0,0.0,0.0,0.0,0,0.0,0.0,0.0,0.0,0
5,monolithic_k8s_1svc,142,62.5638720000552,59.30568200005837,3.25818999999683,602112,1,59.30568200005837,0.24062200009211665,0.031202999934976106,0.0,602112,0.0,0.0,0.0,0.0,0,0.0,0.0,0.0,0.0,0,0.0,0.0,0.0,0.0,0,0.0,0.0,0.0,0.0,0
5,monolithic_k8s_1svc,143,62.70088500014026,59.83643000013217,2.8644550000080926,602112,1,59.83643000013217,0.25092199985010666,0.02910299986069731,0.0,602112,0.0,0.0,0.0,0.0,0,0.0,0.0,0.0,0.0,0,0.0,0.0,0.0,0.0,0,0.0,0.0,0.0,0.0,0
5,monolithic_k8s_1svc,144,62.96700799998689,59.6781159999864,3.2888920000004873,602112,1,59.6781159999864,0.20631799998227507,0.029903000040576444,0.0,602112,0.0,0.0,0.0,0.0,0,0.0,0.0,0.0,0.0,0,0.0,0.0,0.0,0.0,0,0.0,0.0,0.0,0.0,0
5,monolithic_k8s_1svc,145,62.33245199996418,57.55752600020969,4.774925999754487,602112,1,57.55752600020969,0.2595229998405557,0.03230299989809282,0.0,602112,0.0,0.0,0.0,0.0,0,0.0,0.0,0.0,0.0,0,0.0,0.0,0.0,0.0,0,0.0,0.0,0.0,0.0,0
5,monolithic_k8s_1svc,146,62.19884000006459,58.322295000152735,3.8765449999118573,602112,1,58.322295000152735,0.25762199993550894,0.03180299995619862,0.0,602112,0.0,0.0,0.0,0.0,0,0.0,0.0,0.0,0.0,0,0.0,0.0,0.0,0.0,0,0.0,0.0,0.0,0.0,0
5,monolithic_k8s_1svc,147,60.0521490000574,56.996776999994836,3.0553720000625617,602112,1,56.996776999994836,0.23232099988490518,0.029602000040540588,0.0,602112,0.0,0.0,0.0,0.0,0,0.0,0.0,0.0,0.0,0,0.0,0.0,0.0,0.0,0,0.0,0.0,0.0,0.0,0
5,monolithic_k8s_1svc,148,60.376077000000805,56.94907199995214,3.4270050000486663,602112,1,56.94907199995214,0.21861999994143844,0.032102999966809875,0.0,602112,0.0,0.0,0.0,0.0,0,0.0,0.0,0.0,0.0,0,0.0,0.0,0.0,0.0,0,0.0,0.0,0.0,0.0,0
5,monolithic_k8s_1svc,149,61.480375999963144,57.77444600016679,3.7059299997963535,602112,1,57.77444600016679,0.25222199997188,0.03100300000369316,0.0,602112,0.0,0.0,0.0,0.0,0,0.0,0.0,0.0,0.0,0,0.0,0.0,0.0,0.0,0,0.0,0.0,0.0,0.0,0
5,monolithic_k8s_1svc,150,62.018723999926806,57.90555799990216,4.113166000024648,602112,1,57.90555799990216,0.27702500005943875,0.0390029999834951,0.0,602112,0.0,0.0,0.0,0.0,0,0.0,0.0,0.0,0.0,0,0.0,0.0,0.0,0.0,0,0.0,0.0,0.0,0.0,0
5,monolithic_k8s_1svc,151,63.43765099995835,59.543103000123665,3.8945479998346855,602112,1,59.543103000123665,0.238221000017802,0.03500399998301873,0.0,602112,0.0,0.0,0.0,0.0,0,0.0,0.0,0.0,0.0,0,0.0,0.0,0.0,0.0,0,0.0,0.0,0.0,0.0,0
5,monolithic_k8s_1svc,152,63.27623600009247,59.82742900005178,3.448807000040688,602112,1,59.82742900005178,0.26022299994110654,0.03450300005169993,0.0,602112,0.0,0.0,0.0,0.0,0,0.0,0.0,0.0,0.0,0,0.0,0.0,0.0,0.0,0,0.0,0.0,0.0,0.0,0
5,monolithic_k8s_1svc,153,62.8478979999727,59.3542870001329,3.4936109998398024,602112,1,59.3542870001329,0.23902099997030746,0.03310299985059828,0.0,602112,0.0,0.0,0.0,0.0,0,0.0,0.0,0.0,0.0,0,0.0,0.0,0.0,0.0,0,0.0,0.0,0.0,0.0,0
5,monolithic_k8s_1svc,154,61.93841699996483,58.312694000051124,3.6257229999137053,602112,1,58.312694000051124,0.26242299986733997,0.030402999982470647,0.0,602112,0.0,0.0,0.0,0.0,0,0.0,0.0,0.0,0.0,0,0.0,0.0,0.0,0.0,0,0.0,0.0,0.0,0.0,0
5,monolithic_k8s_1svc,155,61.881312000195976,58.34089599989056,3.540416000305413,602112,1,58.34089599989056,0.22862100013298914,0.032102999966809875,0.0,602112,0.0,0.0,0.0,0.0,0,0.0,0.0,0.0,0.0,0,0.0,0.0,0.0,0.0,0,0.0,0.0,0.0,0.0,0
5,monolithic_k8s_1svc,156,60.54569299999457,56.83166300013909,3.7140299998554838,602112,1,56.83166300013909,0.2544219998981134,0.03080199985561194,0.0,602112,0.0,0.0,0.0,0.0,0,0.0,0.0,0.0,0.0,0,0.0,0.0,0.0,0.0,0,0.0,0.0,0.0,0.0,0
5,monolithic_k8s_1svc,157,66.22659899994687,62.60587599990686,3.620723000040016,602112,1,62.60587599990686,0.24302199994963303,0.03160300002491567,0.0,602112,0.0,0.0,0.0,0.0,0,0.0,0.0,0.0,0.0,0,0.0,0.0,0.0,0.0,0,0.0,0.0,0.0,0.0,0
5,monolithic_k8s_1svc,158,61.557882999977664,58.67602599983002,2.8818570001476473,602112,1,58.67602599983002,0.26442300008966413,0.03340300008858321,0.0,602112,0.0,0.0,0.0,0.0,0,0.0,0.0,0.0,0.0,0,0.0,0.0,0.0,0.0,0,0.0,0.0,0.0,0.0,0
5,monolithic_k8s_1svc,159,63.46565300009388,58.03627000000233,5.429383000091548,602112,1,58.03627000000233,0.25102199992943497,0.03190200004610233,0.0,602112,0.0,0.0,0.0,0.0,0,0.0,0.0,0.0,0.0,0,0.0,0.0,0.0,0.0,0,0.0,0.0,0.0,0.0,0
5,monolithic_k8s_1svc,160,63.37184500011972,59.47589700008393,3.895948000035787,602112,1,59.47589700008393,0.31902899991109734,0.03150299994558736,0.0,602112,0.0,0.0,0.0,0.0,0,0.0,0.0,0.0,0.0,0,0.0,0.0,0.0,0.0,0,0.0,0.0,0.0,0.0,0
5,monolithic_k8s_1svc,161,62.25554500019825,58.5237129998859,3.7318320003123517,602112,1,58.5237129998859,0.25972299999921233,0.03440300019974529,0.0,602112,0.0,0.0,0.0,0.0,0,0.0,0.0,0.0,0.0,0,0.0,0.0,0.0,0.0,0,0.0,0.0,0.0,0.0,0
5,monolithic_k8s_1svc,162,65.56274000013218,61.948117999918395,3.614622000213785,602112,1,61.948117999918395,0.2367210001921194,0.03420300004108867,0.0,602112,0.0,0.0,0.0,0.0,0,0.0,0.0,0.0,0.0,0,0.0,0.0,0.0,0.0,0,0.0,0.0,0.0,0.0,0
5,monolithic_k8s_1svc,163,71.48276699990674,63.6996729999737,7.783093999933044,602112,1,63.6996729999737,0.27532499984772585,0.03200300011485524,0.0,602112,0.0,0.0,0.0,0.0,0,0.0,0.0,0.0,0.0,0,0.0,0.0,0.0,0.0,0,0.0,0.0,0.0,0.0,0
5,monolithic_k8s_1svc,164,64.45364100000006,60.48358799989728,3.97005300010278,602112,1,60.48358799989728,0.22972000010668125,0.03440300019974529,0.0,602112,0.0,0.0,0.0,0.0,0,0.0,0.0,0.0,0.0,0,0.0,0.0,0.0,0.0,0,0.0,0.0,0.0,0.0,0
5,monolithic_k8s_1svc,165,63.774480999882144,60.10175300002629,3.6727279998558515,602112,1,60.10175300002629,0.2439219999814668,0.0323030001254665,0.0,602112,0.0,0.0,0.0,0.0,0,0.0,0.0,0.0,0.0,0,0.0,0.0,0.0,0.0,0,0.0,0.0,0.0,0.0,0
5,monolithic_k8s_1svc,166,64.40203700003622,60.82141799993224,3.5806190001039795,602112,1,60.82141799993224,0.26662300001589756,0.03350300016791152,0.0,602112,0.0,0.0,0.0,0.0,0,0.0,0.0,0.0,0.0,0,0.0,0.0,0.0,0.0,0,0.0,0.0,0.0,0.0,0
5,monolithic_k8s_1svc,167,62.98291000007339,59.084663000021465,3.8982470000519243,602112,1,59.084663000021465,0.2497220000350353,0.056504999975004466,0.0,602112,0.0,0.0,0.0,0.0,0,0.0,0.0,0.0,0.0,0,0.0,0.0,0.0,0.0,0,0.0,0.0,0.0,0.0,0
5,monolithic_k8s_1svc,168,63.886790999958976,60.167259999843736,3.7195310001152393,602112,1,60.167259999843736,0.2788250001231063,0.03220200005671359,0.0,602112,0.0,0.0,0.0,0.0,0,0.0,0.0,0.0,0.0,0,0.0,0.0,0.0,0.0,0,0.0,0.0,0.0,0.0,0
5,monolithic_k8s_1svc,169,62.67488299999968,58.925047999991875,3.7498350000078062,602112,1,58.925047999991875,0.24892200008252985,0.030202999823814025,0.0,602112,0.0,0.0,0.0,0.0,0,0.0,0.0,0.0,0.0,0,0.0,0.0,0.0,0.0,0,0.0,0.0,0.0,0.0,0
5,monolithic_k8s_1svc,170,61.97801999996955,58.38600099991709,3.59201900005246,602112,1,58.38600099991709,0.2586230000360956,0.03530300000420539,0.0,602112,0.0,0.0,0.0,0.0,0,0.0,0.0,0.0,0.0,0,0.0,0.0,0.0,0.0,0,0.0,0.0,0.0,0.0,0
5,monolithic_k8s_1svc,171,62.09403000002567,58.320195000078456,3.773834999947212,602112,1,58.320195000078456,0.26042300009976316,0.03450299982432625,0.0,602112,0.0,0.0,0.0,0.0,0,0.0,0.0,0.0,0.0,0,0.0,0.0,0.0,0.0,0,0.0,0.0,0.0,0.0,0
5,monolithic_k8s_1svc,172,64.8784780000824,60.9710300000188,3.907448000063596,602112,1,60.9710300000188,0.26662400000532216,0.0442040000052657,0.0,602112,0.0,0.0,0.0,0.0,0,0.0,0.0,0.0,0.0,0,0.0,0.0,0.0,0.0,0,0.0,0.0,0.0,0.0,0
5,monolithic_k8s_1svc,173,65.13080199988508,61.49947800008704,3.6313239997980418,602112,1,61.49947800008704,0.27792499986389885,0.03150299994558736,0.0,602112,0.0,0.0,0.0,0.0,0,0.0,0.0,0.0,0.0,0,0.0,0.0,0.0,0.0,0,0.0,0.0,0.0,0.0,0
5,monolithic_k8s_1svc,174,62.843098000030295,59.482897999942,3.360200000088298,602112,1,59.482897999942,0.26882400015892927,0.036102999956710846,0.0,602112,0.0,0.0,0.0,0.0,0,0.0,0.0,0.0,0.0,0,0.0,0.0,0.0,0.0,0,0.0,0.0,0.0,0.0,0
5,monolithic_k8s_1svc,175,71.12543499988533,68.00345700003163,3.121977999853698,602112,1,68.00345700003163,0.3973349998886988,0.0328030000673607,0.0,602112,0.0,0.0,0.0,0.0,0,0.0,0.0,0.0,0.0,0,0.0,0.0,0.0,0.0,0,0.0,0.0,0.0,0.0,0
5,monolithic_k8s_1svc,176,62.810695000052874,59.336786000130815,3.4739089999220596,602112,1,59.336786000130815,0.23251999982676352,0.03250300005674944,0.0,602112,0.0,0.0,0.0,0.0,0,0.0,0.0,0.0,0.0,0,0.0,0.0,0.0,0.0,0,0.0,0.0,0.0,0.0,0
5,monolithic_k8s_1svc,177,77.47670100002324,73.31333000001905,4.16337100000419,602112,1,73.31333000001905,0.4342390000147134,0.03550299993548833,0.0,602112,0.0,0.0,0.0,0.0,0,0.0,0.0,0.0,0.0,0,0.0,0.0,0.0,0.0,0,0.0,0.0,0.0,0.0,0
5,monolithic_k8s_1svc,178,66.57182999992983,63.110421000146744,3.461408999783089,602112,1,63.110421000146744,0.25612299987187725,0.03460299990365456,0.0,602112,0.0,0.0,0.0,0.0,0,0.0,0.0,0.0,0.0,0,0.0,0.0,0.0,0.0,0,0.0,0.0,0.0,0.0,0
5,monolithic_k8s_1svc,179,61.60538699987228,57.770546000028844,3.8348409998434363,602112,1,57.770546000028844,0.2137189999302791,0.030202999823814025,0.0,602112,0.0,0.0,0.0,0.0,0,0.0,0.0,0.0,0.0,0,0.0,0.0,0.0,0.0,0,0.0,0.0,0.0,0.0,0
5,monolithic_k8s_1svc,180,60.692806000133714,56.976574999907825,3.716231000225889,602112,1,56.976574999907825,0.22502000001622946,0.03380300017852278,0.0,602112,0.0,0.0,0.0,0.0,0,0.0,0.0,0.0,0.0,0,0.0,0.0,0.0,0.0,0,0.0,0.0,0.0,0.0,0
5,monolithic_k8s_1svc,181,60.49488799999381,57.12118800011012,3.3736999998836836,602112,1,57.12118800011012,0.19861800001308438,0.030702000003657304,0.0,602112,0.0,0.0,0.0,0.0,0,0.0,0.0,0.0,0.0,0,0.0,0.0,0.0,0.0,0,0.0,0.0,0.0,0.0,0
5,monolithic_k8s_1svc,182,62.31385099999898,58.96295200000168,3.3508989999972982,602112,1,58.96295200000168,0.2346210001178406,0.03160300002491567,0.0,602112,0.0,0.0,0.0,0.0,0,0.0,0.0,0.0,0.0,0,0.0,0.0,0.0,0.0,0,0.0,0.0,0.0,0.0,0
5,monolithic_k8s_1svc,183,65.49843400011923,62.31225000010454,3.1861840000146913,602112,1,62.31225000010454,0.21051899989288358,0.030702999993081903,0.0,602112,0.0,0.0,0.0,0.0,0,0.0,0.0,0.0,0.0,0,0.0,0.0,0.0,0.0,0,0.0,0.0,0.0,0.0,0
5,monolithic_k8s_1svc,184,62.24724399999104,58.713928999850395,3.5333150001406466,602112,1,58.713928999850395,0.24122200011333916,0.0333030000092549,0.0,602112,0.0,0.0,0.0,0.0,0,0.0,0.0,0.0,0.0,0,0.0,0.0,0.0,0.0,0,0.0,0.0,0.0,0.0,0
5,monolithic_k8s_1svc,185,61.78570299994135,58.18338199992468,3.6023210000166728,602112,1,58.18338199992468,0.21111900014147977,0.03110300008302147,0.0,602112,0.0,0.0,0.0,0.0,0,0.0,0.0,0.0,0.0,0,0.0,0.0,0.0,0.0,0,0.0,0.0,0.0,0.0,0
5,monolithic_k8s_1svc,186,60.41408200007936,56.9539729999633,3.460109000116063,602112,1,56.9539729999633,0.21301900005710195,0.031202999934976106,0.0,602112,0.0,0.0,0.0,0.0,0,0.0,0.0,0.0,0.0,0,0.0,0.0,0.0,0.0,0,0.0,0.0,0.0,0.0,0
5,monolithic_k8s_1svc,187,60.13535700003558,56.69674999990093,3.4386070001346525,602112,1,56.69674999990093,0.21721999996771046,0.032902999919315334,0.0,602112,0.0,0.0,0.0,0.0,0,0.0,0.0,0.0,0.0,0,0.0,0.0,0.0,0.0,0,0.0,0.0,0.0,0.0,0
5,monolithic_k8s_1svc,188,62.18563300012647,58.44530000013037,3.740332999996099,602112,1,58.44530000013037,0.24512200002391182,0.031303000014304416,0.0,602112,0.0,0.0,0.0,0.0,0,0.0,0.0,0.0,0.0,0,0.0,0.0,0.0,0.0,0,0.0,0.0,0.0,0.0,0
5,monolithic_k8s_1svc,189,60.66888800000925,56.88485099994978,3.7840370000594703,602112,1,56.88485099994978,0.21972000013192883,0.03170299987687031,0.0,602112,0.0,0.0,0.0,0.0,0,0.0,0.0,0.0,0.0,0,0.0,0.0,0.0,0.0,0,0.0,0.0,0.0,0.0,0
5,monolithic_k8s_1svc,190,62.28273000010631,59.16775500008953,3.114975000016784,602112,1,59.16775500008953,0.24542100004509848,0.03100200001426856,0.0,602112,0.0,0.0,0.0,0.0,0,0.0,0.0,0.0,0.0,0,0.0,0.0,0.0,0.0,0,0.0,0.0,0.0,0.0,0
5,monolithic_k8s_1svc,191,60.864304000006086,57.437501000094926,3.4268029999111604,602112,1,57.437501000094926,0.16471399999318237,0.034202999813714996,0.0,602112,0.0,0.0,0.0,0.0,0,0.0,0.0,0.0,0.0,0,0.0,0.0,0.0,0.0,0,0.0,0.0,0.0,0.0,0
5,monolithic_k8s_1svc,192,68.66399699993053,65.12198200016428,3.542014999766252,602112,1,65.12198200016428,0.2513229999294708,0.030702999993081903,0.0,602112,0.0,0.0,0.0,0.0,0,0.0,0.0,0.0,0.0,0,0.0,0.0,0.0,0.0,0,0.0,0.0,0.0,0.0,0
5,monolithic_k8s_1svc,193,74.2483930000617,70.54766399983237,3.7007290002293303,602112,1,70.54766399983237,0.2596230001472577,0.03150300017296104,0.0,602112,0.0,0.0,0.0,0.0,0,0.0,0.0,0.0,0.0,0,0.0,0.0,0.0,0.0,0,0.0,0.0,0.0,0.0,0
5,monolithic_k8s_1svc,194,62.34863600002427,58.75821800009362,3.5904179999306507,602112,1,58.75821800009362,0.2438209999127139,0.03420300004108867,0.0,602112,0.0,0.0,0.0,0.0,0,0.0,0.0,0.0,0.0,0,0.0,0.0,0.0,0.0,0,0.0,0.0,0.0,0.0,0
5,monolithic_k8s_1svc,195,63.88447199992697,59.61229399986223,4.272178000064741,602112,1,59.61229399986223,0.28112500012866803,0.030702000003657304,0.0,602112,0.0,0.0,0.0,0.0,0,0.0,0.0,0.0,0.0,0,0.0,0.0,0.0,0.0,0,0.0,0.0,0.0,0.0,0
5,monolithic_k8s_1svc,196,62.45774600006371,59.09444700000677,3.3632990000569407,602112,1,59.09444700000677,0.2137189999302791,0.030103000199233065,0.0,602112,0.0,0.0,0.0,0.0,0,0.0,0.0,0.0,0.0,0,0.0,0.0,0.0,0.0,0,0.0,0.0,0.0,0.0,0
5,monolithic_k8s_1svc,197,60.87640600003397,57.753128000058496,3.123277999975471,602112,1,57.753128000058496,0.20411800005604164,0.03150299994558736,0.0,602112,0.0,0.0,0.0,0.0,0,0.0,0.0,0.0,0.0,0,0.0,0.0,0.0,0.0,0,0.0,0.0,0.0,0.0,0
5,monolithic_k8s_1svc,198,63.21081300006881,59.843613999873924,3.367199000194887,602112,1,59.843613999873924,0.21251900011520775,0.03250300005674944,0.0,602112,0.0,0.0,0.0,0.0,0,0.0,0.0,0.0,0.0,0,0.0,0.0,0.0,0.0,0,0.0,0.0,0.0,0.0,0
5,monolithic_k8s_1svc,199,70.82878999995046,67.20786799996858,3.6209219999818743,602112,1,67.20786799996858,0.22271900002124312,0.03180299995619862,0.0,602112,0.0,0.0,0.0,0.0,0,0.0,0.0,0.0,0.0,0,0.0,0.0,0.0,0.0,0,0.0,0.0,0.0,0.0,0
5,monolithic_k8s_1svc,200,61.33884699988812,57.70532499991532,3.6335219999727997,602112,1,57.70532499991532,0.25142200001937454,0.03410299996176036,0.0,602112,0.0,0.0,0.0,0.0,0,0.0,0.0,0.0,0.0,0,0.0,0.0,0.0,0.0,0,0.0,0.0,0.0,0.0,0
