round,condition,iteration,end_to_end_ms,total_compute_ms,non_compute_overhead_ms,total_activation_bytes,num_hops,hop_1_compute_ms,hop_1_deserialize_ms,hop_1_serialize_ms,hop_1_forward_ms,hop_1_activation_bytes,hop_2_compute_ms,hop_2_deserialize_ms,hop_2_serialize_ms,hop_2_forward_ms,hop_2_activation_bytes,hop_3_compute_ms,hop_3_deserialize_ms,hop_3_serialize_ms,hop_3_forward_ms,hop_3_activation_bytes,hop_4_compute_ms,hop_4_deserialize_ms,hop_4_serialize_ms,hop_4_forward_ms,hop_4_activation_bytes,hop_5_compute_ms,hop_5_deserialize_ms,hop_5_serialize_ms,hop_5_forward_ms,hop_5_activation_bytes
1,chain_4svc,1,78.88518799995836,70.10614299997542,8.779044999982943,2007040,3,26.33803200001239,0.2061129999901823,0.10760700001810619,49.98919699994531,602112,11.888036999948781,0.25691600001209736,0.04120200003399077,35.5552030000581,802816,14.329386999975213,0.14550899993537314,0.03370199999608303,19.246892999944976,401408,17.550687000039034,0.10250699995140167,0.02560199993695278,0.0,200704,0.0,0.0,0.0,0.0,0
1,chain_4svc,2,78.03273499996521,68.98617499996362,9.046560000001591,2007040,3,26.090716999988217,0.20831200004067796,0.07970499996190483,49.555469999972956,602112,12.075548999973762,0.2673159999631025,0.05170300005374884,34.8675610000555,802816,12.944102000005842,0.15401000007386756,0.03890199991474219,19.600515000092855,401408,17.875806999995802,0.10410699997009942,0.02660200004811486,0.0,200704,0.0,0.0,0.0,0.0,0
1,chain_4svc,3,78.25214899992261,69.50980699980391,8.742342000118697,2007040,3,26.152719999913643,0.25271600009091344,0.10570699998879718,49.607073000061064,602112,11.99974399992243,0.2515150000590438,0.05220299999564304,35.03407100004097,802816,12.474373000031846,0.15400999996018072,0.038302000007206516,20.630879000009372,401408,18.882969999935995,0.10420700004942773,0.02380099999754748,0.0,200704,0.0,0.0,0.0,0.0,0
1,chain_4svc,4,79.08280000003742,70.24155199985671,8.841248000180713,2007040,3,26.130618999900435,0.204312000050777,0.106407000089348,50.63153700007206,602112,11.972141999990527,0.2545159999272073,0.0437020000845223,35.955028000103084,802816,14.306685999940782,0.15321000000767526,0.030902000048627087,19.566112000006797,401408,17.832105000024967,0.10140599999886035,0.024101999997583334,0.0,200704,0.0,0.0,0.0,0.0,0
1,chain_4svc,5,79.057798000008,70.37056200010738,8.687235999900622,2007040,3,27.334893999977794,0.19431200007602456,0.08200499996746657,49.17894699997305,602112,12.760791000005156,0.25961599999391183,0.04570300006889738,33.910400999957346,802816,12.417370000093797,0.1503089999914664,0.03400199989300745,19.53791000005367,401408,17.857507000030637,0.10480599996753881,0.02520099997127545,0.0,200704,0.0,0.0,0.0,0.0,0
1,chain_4svc,6,78.42125899992425,69.73802100014836,8.683237999775884,2007040,3,26.079616000060923,0.19401199995172647,0.10490699992260488,49.88869099997828,602112,12.19535600000654,0.31171899991022656,0.058203000094181334,35.047771999984434,802816,12.765991000037502,0.15050899992274935,0.048503000016353326,20.3772619998972,401408,18.6970580000434,0.09710599999834812,0.025902000061250874,0.0,200704,0.0,0.0,0.0,0.0,0
1,chain_4svc,7,78.08433799993963,69.18238699995527,8.901950999984365,2007040,3,26.95567000000665,0.20401300002959033,0.0767049999694791,48.648513999978604,602112,12.021844999935638,0.2483150000216483,0.0499029999900813,33.76009199996588,802816,13.47693499997149,0.15190999999958876,0.035101999969811004,18.431542000030277,401408,16.727937000041493,0.1068059999624893,0.02390099996318895,0.0,200704,0.0,0.0,0.0,0.0,0
1,chain_4svc,8,78.81038300001819,70.09814399998504,8.71223900003315,2007040,3,25.75039599992124,0.196512000002258,0.08750500001042383,50.62953699996342,602112,11.9160379999812,0.2527159999772266,0.04310300005272438,36.0015310000108,802816,14.721612000016648,0.15951000000313797,0.04910300003757584,19.418903999962822,401408,17.710098000065955,0.10960600002363208,0.026300999934392166,0.0,200704,0.0,0.0,0.0,0.0,0
1,chain_4svc,9,76.98797000000468,68.50144400016234,8.486525999842343,2007040,3,26.08881600008317,0.2149129999224897,0.10770699998374766,48.49610499991286,602112,11.958940999988954,0.2565160000358446,0.05090299998755654,34.08491199991204,802816,12.963403000071594,0.1549090000025899,0.03520199993545248,19.17968899999778,401408,17.49028400001862,0.10980599995491502,0.025801999981922563,0.0,200704,0.0,0.0,0.0,0.0,0
1,chain_4svc,10,77.15258000007452,68.37633599991477,8.77624400015975,2007040,3,25.961608999978125,0.193911999986085,0.07830499998817686,48.810323999987304,602112,12.03614500002459,0.26191699998889817,0.04300299997339607,34.21811999999136,802816,12.650682999947094,0.15221000001020002,0.033002000009219046,19.642917000055604,401408,17.727898999964964,0.10390600004939188,0.02520099997127545,0.0,200704,0.0,0.0,0.0,0.0,0
1,chain_4svc,11,79.0133960000503,69.56801000001178,9.445386000038525,2007040,3,26.467738999940593,0.19921299997349706,0.08180600002560823,49.99129800000901,602112,11.90423799994278,0.25761599999896134,0.04060200001276826,35.35439100005533,802816,12.815094000075078,0.15660899998692912,0.03370199999608303,20.313358999942466,401408,18.38093900005333,0.10960700001305668,0.026200999968750693,0.0,200704,0.0,0.0,0.0,0.0,0
1,chain_4svc,12,76.69775200008644,67.99801400018168,8.699737999904755,2007040,3,26.381535000041367,0.20251199998710945,0.0884050000422576,48.07977899997695,602112,11.823933000073339,0.26071599995702854,0.04680299991832726,33.9191010000377,802816,12.848196000049938,0.14810899995154614,0.03760299989608029,18.943473999911475,401408,16.94435000001704,0.12230800007273501,0.024900999960664194,0.0,200704,0.0,0.0,0.0,0.0,0
1,chain_4svc,13,79.38391800007594,70.01173699995888,9.372181000117052,2007040,3,25.95050800005083,0.193911999986085,0.07830499998817686,50.989859000083015,602112,11.903836999977102,0.25871599996207806,0.04950300001382857,36.32394999999633,802816,14.364889999910702,0.14960900000460242,0.040903000012804114,19.81622799996785,401408,17.79250200002025,0.10760700001810619,0.02430199992886628,0.0,200704,0.0,0.0,0.0,0.0,0
1,chain_4svc,14,78.92469000000801,69.53360700003941,9.391082999968603,2007040,3,26.92296800000804,0.2059129999452125,0.09730600004331791,49.67777800004569,602112,11.926539000000957,0.26131599997825106,0.04590300000018033,34.7639540000273,802816,12.691585999959898,0.158810000016274,0.033401999985471775,20.157748999963587,401408,17.992514000070514,0.1068069999519139,0.02560199993695278,0.0,200704,0.0,0.0,0.0,0.0,0
1,chain_4svc,15,78.29865099995459,68.84366500003125,9.454985999923338,2007040,3,26.153219999969224,0.2093130000275778,0.12140800004090124,49.78088400002889,602112,12.00434400004724,0.2654159999337935,0.05280300001686555,34.897762000014154,802816,13.113112000041838,0.15720999999757623,0.03180199996677402,19.703020000065408,401408,17.57298899997295,0.10930600001302082,0.025002000029417104,0.0,200704,0.0,0.0,0.0,0.0,0
1,chain_4svc,16,76.63484800002607,67.54818500019155,9.086662999834516,2007040,3,25.875404000089475,0.19141199993555347,0.08600499995736754,48.28669199991964,602112,11.91303800010246,0.26571699993382936,0.044903000002705085,33.318664000034914,802816,12.450470999965546,0.18111100007445202,0.03350199995111325,18.9371740000297,401408,17.30927200003407,0.10650699994130264,0.02520199996070005,0.0,200704,0.0,0.0,0.0,0.0,0
1,chain_4svc,17,82.10078600006909,72.98702299999604,9.11376300007305,2007040,3,27.914030000033563,0.20901300001696654,0.0824049999437193,51.641199999949094,602112,11.973241999953643,0.2682169999843609,0.04020200003651553,36.771177999980864,802816,13.247320999994372,0.155510000013237,0.03360199991675472,21.483230999933767,401408,19.852430000014465,0.10400600001503335,0.02600199991320551,0.0,200704,0.0,0.0,0.0,0.0,0
1,chain_4svc,18,77.66681199996128,68.83276399992155,8.83404800003973,2007040,3,26.008011000044462,0.20391299995026202,0.10460700002568046,49.350357999969674,602112,11.864834999983032,0.2584159999514668,0.05130300007749611,34.71315000001596,802816,13.814055999887387,0.146709000091505,0.03620200004661456,18.831567000006544,401408,17.145862000006673,0.10650700005498948,0.02430099993944168,0.0,200704,0.0,0.0,0.0,0.0,0
1,chain_4svc,19,76.92246600004182,67.75969899990741,9.162767000134409,2007040,3,26.154220999956124,0.19721199998912198,0.0814050000599309,48.53640800001813,602112,11.858135000011316,0.2744170000141821,0.04830299997138354,34.00240700000268,802816,12.486773999967227,0.1531090000526092,0.04740300005323661,19.29279499995573,401408,17.260568999972747,0.10400700000445795,0.025001999915730266,0.0,200704,0.0,0.0,0.0,0.0,0
1,chain_4svc,20,78.36625499999172,69.36679799991907,8.999457000072653,2007040,3,26.84506399998554,0.1947120000522773,0.08820499999728781,49.15824599993357,602112,11.838033000003634,0.295119000043087,0.05620299998554401,34.67764799995621,802816,12.700386999995317,0.16620999997485342,0.038302000007206516,20.105845000102818,401408,17.98331399993458,0.09860600005140441,0.0245020000875229,0.0,200704,0.0,0.0,0.0,0.0,0
1,chain_4svc,21,77.77952000003552,69.15178600013405,8.627733999901466,2007040,3,26.01841200009858,0.23871499990946177,0.11060699989684508,49.394461000019874,602112,11.997844000006808,0.2796170000465281,0.054302999956235,34.77605400007633,802816,12.980405000007522,0.15510900004755968,0.03540199998042226,19.82892900002753,401408,18.155125000021144,0.10310699997262418,0.025001000039992505,0.0,200704,0.0,0.0,0.0,0.0,0
1,chain_4svc,22,77.31909100004941,67.80270099989139,9.516390000158026,2007040,3,25.704692999966028,0.20551299996895978,0.08410500004174537,49.08824200003892,602112,11.798530999953982,0.2744170000141821,0.04830299997138354,34.31352600000537,802816,12.707186999932674,0.1472100000228238,0.03320200005418883,19.33139699997355,401408,17.5922900000387,0.10850699993625312,0.025402000005669834,0.0,200704,0.0,0.0,0.0,0.0,0
1,chain_4svc,23,77.92072799998095,68.92057100003512,9.00015699994583,2007040,3,26.21242500003973,0.2074120000088442,0.08460499998363957,49.43676300001698,602112,11.85193399999207,0.2559159999009353,0.04650300002140284,34.742152000035276,802816,12.893298999983926,0.15840900005059666,0.048103000040100596,19.640316999925744,401408,17.962913000019398,0.1094069999680869,0.026201999958175293,0.0,200704,0.0,0.0,0.0,0.0,0
1,chain_4svc,24,78.30115100000512,69.40740000004553,8.893750999959593,2007040,3,26.034613000092577,0.19901199993910268,0.10670699998627242,49.97519599999123,602112,11.767928999915966,0.26321600000756007,0.04600300007950864,35.423495000031835,802816,13.035607999995591,0.1682099999698039,0.040001999991545745,20.279156000015064,401408,18.569250000041393,0.10780699994938914,0.02430199992886628,0.0,200704,0.0,0.0,0.0,0.0,0
1,chain_4svc,25,78.50426400000288,69.94663300008597,8.55763099991691,2007040,3,26.47064000007049,0.20001199993657792,0.10010699998019845,49.534869000012804,602112,12.000042999943616,0.30301900005724747,0.04690299999765557,34.97046699999373,802816,12.89639900005568,0.14680899994345964,0.03580299994609959,20.271055999955934,401408,18.57955100001618,0.11700800007474754,0.02480099999502272,0.0,200704,0.0,0.0,0.0,0.0,0
1,chain_4svc,26,79.78431800006547,70.66649800003688,9.117820000028587,2007040,3,26.221604000056686,0.20561300004828809,0.09600799990039377,50.95643599997857,602112,11.89888900000824,0.2700219999951514,0.05860500004928326,36.59724200008441,802816,12.815364999937628,0.14841300003354263,0.035603000014816644,21.63299900007587,401408,19.730640000034327,0.1108090000343509,0.02390199995261355,0.0,200704,0.0,0.0,0.0,0.0,0
1,chain_4svc,27,77.90067600001294,68.47439300008773,9.426282999925206,2007040,3,26.043065000067145,0.20201699999233824,0.07910699991953152,49.43820899995899,602112,11.960895000015626,0.27242199996635463,0.044503000026452355,34.806193000008534,802816,12.955676999922616,0.1633140000194544,0.03580300005978643,19.314205000000584,401408,17.514756000082343,0.11200899996310909,0.025501999971311307,0.0,200704,0.0,0.0,0.0,0.0,0
1,chain_4svc,28,79.04166999992412,69.70809400002054,9.333575999903587,2007040,3,26.816128999939792,0.22221899996566208,0.09000700003980455,49.717432999955236,602112,12.138809000020956,0.31402599995544733,0.05320399998254288,35.05121299997427,802816,12.826566000057937,0.1479129999779616,0.0351029999592356,19.688736000034623,401408,17.926590000001852,0.11051000001316424,0.025101999995058577,0.0,200704,0.0,0.0,0.0,0.0,0
1,chain_4svc,29,77.7339620000248,68.8127189999932,8.921243000031609,2007040,3,26.34948999991593,0.1927160000150252,0.08590800007368671,48.9738710000438,602112,11.904988999958732,0.26492200004213373,0.04430399997090717,34.269347999952515,802816,12.873670000089987,0.14801299994360306,0.03390299991679058,19.512621999979274,401408,17.684570000028543,0.10930899998129462,0.028303000021878688,0.0,200704,0.0,0.0,0.0,0.0,0
1,chain_4svc,30,81.77319800006444,72.60503500003779,9.168163000026652,2007040,3,27.070250000065244,0.20521700002973375,0.11300899996058433,52.19973900000241,602112,11.92439099997955,0.2708229999370815,0.0512039999875924,37.60852599998543,802816,16.458467999996174,0.18301500006145943,0.03180299995619862,18.929072999981145,401408,17.15192599999682,0.10610900005758594,0.025101999995058577,0.0,200704,0.0,0.0,0.0,0.0,0
1,chain_4svc,31,76.2113360000285,67.56821800013313,8.643117999895367,2007040,3,25.633931000015764,0.2018170000610553,0.10040799998023431,48.25761100005366,602112,12.036701000056382,0.2669220000370842,0.041802999930951046,33.60969400000613,802816,12.507040000059533,0.1446119999855,0.030402999982470647,19.06238399999438,401408,17.39054600000145,0.10830900009750621,0.02520199996070005,0.0,200704,0.0,0.0,0.0,0.0,0
1,chain_4svc,32,77.51114299992423,68.24207199997545,9.26907099994878,2007040,3,25.883551999982046,0.19751600007111847,0.08680700000240904,49.02717599998141,602112,11.920291000024008,0.2625219999572437,0.041903000010279357,34.14673800000401,802816,12.948075999929642,0.1544130000183941,0.0354030000835337,19.362310000019534,401408,17.490153000039754,0.10640899995451036,0.026902999934463878,0.0,200704,0.0,0.0,0.0,0.0,0
1,chain_4svc,33,77.0053009999856,67.31729500006622,9.688005999919369,2007040,3,25.864149999961228,0.19941700008985208,0.10490900001514092,48.66614499997013,602112,11.877587000071799,0.2668219999577559,0.041803999920375645,34.254746999977215,802816,12.67325300000266,0.15421300008711114,0.034202999927401834,19.626732000006086,401408,16.902305000030537,0.10450900003888819,0.024501999973836064,0.0,200704,0.0,0.0,0.0,0.0,0
1,chain_4svc,34,80.73361100002785,71.01610199981678,9.717509000211066,2007040,3,25.86644999996679,0.20001600000796316,0.08460799995191337,52.411055999982636,602112,11.963293999997404,0.274722999961341,0.06100500002048648,37.477915000067696,802816,14.674118999892016,0.14721300010478444,0.039704000073470525,20.855332999985876,401408,18.512238999960573,0.11060899998938112,0.026102000106220657,0.0,200704,0.0,0.0,0.0,0.0,0
1,chain_4svc,35,77.82546900000398,68.97713300008945,8.848335999914525,2007040,3,25.60452800003077,0.23651999993035133,0.10460900000452966,49.893346999965615,602112,11.858086000074763,0.25622099997235637,0.043503999904714874,35.54515500002253,802816,13.606131000074129,0.14801199995417846,0.03920299991477805,20.130674000029103,401408,17.90838799990979,0.10010900007273449,0.025202000074386888,0.0,200704,0.0,0.0,0.0,0.0,0
1,chain_4svc,36,76.96509699997023,67.5835179998785,9.381579000091733,2007040,3,26.0325639999337,0.19411599998875317,0.08070700005191611,48.64364299999124,602112,11.906288999966819,0.26102200001787423,0.05110500001137552,33.936621000066225,802816,12.746959999958563,0.1755150000235517,0.04220300002089061,19.184994999932314,401408,16.897705000019414,0.10320900003080169,0.024101999997583334,0.0,200704,0.0,0.0,0.0,0.0,0
1,chain_4svc,37,76.41105200002585,67.07347600001867,9.337576000007175,2007040,3,25.779942999974992,0.19831700001304853,0.08530699994935276,48.289013999919916,602112,11.838484000008975,0.2561210000067149,0.04480400002648821,33.5517890000574,802816,12.35962800001289,0.14621200000419776,0.03050199995868752,19.256001000030665,401408,17.095421000021815,0.10440899995955988,0.02300200003446662,0.0,200704,0.0,0.0,0.0,0.0,0
1,chain_4svc,38,80.04165299996657,70.79698400002599,9.244668999940586,2007040,3,26.994444000024487,0.2163179999570275,0.07980700002008234,50.651310000034755,602112,11.984596000047532,0.2663220000158617,0.05090499996640574,35.81427700009954,802816,12.947975999964001,0.14171199995871575,0.10080900005959847,20.896437000033075,401408,18.869967999989967,0.1051090000601107,0.025501999971311307,0.0,200704,0.0,0.0,0.0,0.0,0
1,chain_4svc,39,78.85305500008144,69.53487999987829,9.318175000203155,2007040,3,25.77734299995882,0.18981599998824095,0.1056090000020049,50.67151200000808,602112,12.271919999989223,0.26402200001029996,0.05590400007804419,35.688865999986774,802816,13.965860999974211,0.15771300002143107,0.03830300011031795,19.86465099992074,401408,17.519755999956033,0.10540899995703512,0.02610299998195842,0.0,200704,0.0,0.0,0.0,0.0,0
1,chain_4svc,40,78.03118600008929,69.37916699996549,8.6520190001238,2007040,3,25.74133999996775,0.19511599998622842,0.10590900001261616,50.04366000002847,602112,11.871087000031366,0.2716230000032738,0.04940399992392486,35.35483899997871,802816,13.02498299992294,0.1556130000608391,0.033903000030477415,20.44559900002696,401408,18.741757000043435,0.10000899999340618,0.025802999971347163,0.0,200704,0.0,0.0,0.0,0.0,0
1,chain_4svc,41,77.54554600001029,68.76141700001881,8.78412899999148,2007040,3,25.858050000010735,0.19731600002614869,0.07820600001195999,49.45091100000809,602112,11.847984000041833,0.254122000001189,0.04910400002700044,34.8609979999992,802816,13.488621999954375,0.19831600002362393,0.031602000035491074,19.35791000005338,401408,17.566761000011866,0.1183089999585718,0.02530200004002836,0.0,200704,0.0,0.0,0.0,0.0,0
1,chain_4svc,42,78.86005500006377,69.8032030001059,9.056851999957871,2007040,3,25.922854999976153,0.20081700006358005,0.08590699997057527,50.61990799993055,602112,12.075604000074236,0.2997249999907581,0.05090399997698114,35.493251000048076,802816,13.433017000011205,0.1523119999546907,0.04820399999516667,20.1720769999838,401408,18.371727000044302,0.11411000002681249,0.025401999891982996,0.0,200704,0.0,0.0,0.0,0.0,0
1,chain_4svc,43,78.7756489999083,69.50907900011316,9.266569999795138,2007040,3,26.255382000044847,0.19931700001052377,0.10500899998078239,50.1875720000271,602112,11.853886000039893,0.2664219999815032,0.04510299993398803,35.253330000045935,802816,12.673053999947115,0.15211200002340775,0.03580300005978643,20.46470099992348,401408,18.726757000081307,0.10760899999695539,0.025301999926341523,0.0,200704,0.0,0.0,0.0,0.0,0
1,chain_4svc,44,77.47424000001502,68.1898679998767,9.284372000138319,2007040,3,25.9131539999089,0.2068170000484315,0.08030700007566338,48.90706499998032,602112,11.853986000005534,0.26322199994410767,0.04920399999264191,34.207444000003306,802816,12.891170999978385,0.15601300003709184,0.03500299999359413,19.48892000007163,401408,17.531556999983877,0.1191100000141887,0.025302999915766122,0.0,200704,0.0,0.0,0.0,0.0,0
1,chain_4svc,45,77.7843659999462,68.85162300000047,8.93274299994573,2007040,3,26.20257799992487,0.20631699999285047,0.09500800001660537,49.13348400009454,602112,11.991696999984924,0.2854229999229574,0.06440600009227637,34.42566199998964,802816,13.002680999989025,0.15431299993906578,0.03510300007292244,19.366210000043793,401408,17.654667000101654,0.10760899999695539,0.025302999915766122,0.0,200704,0.0,0.0,0.0,0.0,0
1,chain_4svc,46,78.26340600001913,69.17665200001011,9.086754000009023,2007040,3,25.989761000005274,0.1919159999488329,0.10680900004444993,49.80373899991264,602112,11.76127799999449,0.25632099993799784,0.03940299995974783,35.34563799996704,802816,14.090971999962676,0.1511120000259325,0.0390029999834951,19.01508000003105,401408,17.334641000047668,0.10410899994894862,0.043203000018365856,0.0,200704,0.0,0.0,0.0,0.0,0
1,chain_4svc,47,76.49495800001205,67.79523499994866,8.699723000063386,2007040,3,26.447398000073008,0.21621799999138602,0.08130699995945179,47.55935299999692,602112,11.785980000013296,0.26972299997396476,0.05010400002447568,33.274666000011166,802816,12.357826999959798,0.15461300006336387,0.0372030000335144,18.75756000004003,401408,17.20402999990256,0.10270900008890749,0.02530200004002836,0.0,200704,0.0,0.0,0.0,0.0,0
1,chain_4svc,48,79.12897799997154,70.3297449999809,8.799232999990636,2007040,3,25.810545000013008,0.20701799996913905,0.08120699999381031,50.72451699993508,602112,11.928091000072527,0.2668229999471805,0.0517039999294866,36.24901399996361,802816,14.425498999912634,0.15611300000273332,0.03320300004361343,19.83074800000395,401408,18.165609999982735,0.13121099993895768,0.025101999995058577,0.0,200704,0.0,0.0,0.0,0.0,0
1,chain_4svc,49,78.21960199999012,69.62088599993876,8.598716000051354,2007040,3,26.375891999919077,0.22441900000558235,0.07800700007010164,49.4021069999917,602112,12.055501999952867,0.27422300001944677,0.052105000008850766,34.75668900000528,802816,13.364611000042714,0.15451199999461096,0.03440299997237162,19.50112099996204,401408,17.824881000024106,0.11300999995000893,0.025801999981922563,0.0,200704,0.0,0.0,0.0,0.0,0
1,chain_4svc,50,77.84337099997174,68.9474309998559,8.895940000115843,2007040,3,26.253882999981215,0.19641599999431492,0.08470700004181708,49.09648099999231,602112,11.840583999969567,0.26012199998604046,0.04150300003402663,34.748688000036054,802816,13.653234999992492,0.1594130000057703,0.03230300001177966,18.95527600004243,401408,17.199728999912622,0.10930899998129462,0.025002000029417104,0.0,200704,0.0,0.0,0.0,0.0,0
1,chain_4svc,51,77.74546299992835,69.07004299989694,8.675420000031409,2007040,3,26.288085999908617,0.20411700006661704,0.07860599998821272,49.03377599998748,602112,11.911690000033559,0.27822300000934774,0.041003999967870186,34.61947699997836,802816,14.132574999962344,0.15131299994664005,0.03600300010475621,18.36452600002758,401408,16.73769199999242,0.10800900008689496,0.024601999939477537,0.0,200704,0.0,0.0,0.0,0.0,0
1,chain_4svc,52,76.23863800006347,67.48661100004938,8.752027000014095,2007040,3,25.878351000073962,0.19421599995439465,0.08390699997562479,47.90118199991866,602112,11.942693000037252,0.26532200001838646,0.06290499993610865,33.436579999943206,802816,12.408931999971173,0.15521299997089955,0.03780300005473691,18.96097600001667,401408,17.25663499996699,0.10630899998886889,0.024101999997583334,0.0,200704,0.0,0.0,0.0,0.0,0
1,chain_4svc,53,79.73212799993235,70.76428199991369,8.967846000018653,2007040,3,26.14187300002868,0.20371699997667747,0.08050700000694633,51.16125300003205,602112,11.852184999952442,0.275923000003786,0.049004000061358965,36.67694900002516,802816,14.892137999936494,0.1531130000103076,0.037903000020378386,19.64353299990762,401408,17.878085999996074,0.10700899997573288,0.02490200006377563,0.0,200704,0.0,0.0,0.0,0.0,0
1,chain_4svc,54,77.5007419999838,68.94423099993219,8.556511000051614,2007040,3,26.401793999980327,0.19491600005494547,0.0902079999605121,48.77005499997722,602112,12.055002000010973,0.27672299995629146,0.04960499995831924,34.07103200004258,802816,13.183995999952458,0.15921299996080052,0.032603000022390916,18.984577999958674,401408,17.30343899998843,0.10860899999443063,0.02520199996070005,0.0,200704,0.0,0.0,0.0,0.0,0
1,chain_4svc,55,78.1653980000101,69.38316699995539,8.782231000054708,2007040,3,26.190777000010712,0.20391700002164725,0.0814070000387801,49.596522999991066,602112,11.850184999957492,0.2578209999910541,0.046303999965857656,35.09131700002399,802816,12.825865999957387,0.1555129999815108,0.03810300006534817,20.369892999951844,401408,18.516339000029802,0.10880900003940042,0.026302000037503603,0.0,200704,0.0,0.0,0.0,0.0,0
1,chain_4svc,56,84.69834000004539,76.01332000001548,8.685020000029908,2007040,3,31.69233500000246,0.22581799998988572,0.09180799997920985,50.47819600008552,602112,11.922891000040181,0.2718219999451321,0.05180499999823951,35.9502879999809,802816,14.193080000040936,0.1600130000269928,0.0333020000198303,19.93535700000848,401408,18.205013999931907,0.11060899998938112,0.025101999995058577,0.0,200704,0.0,0.0,0.0,0.0,0
1,chain_4svc,57,77.41863599994758,68.80411999986791,8.614516000079675,2007040,3,26.319287999967855,0.21681800001260854,0.08750699998927303,48.815057999945566,602112,12.047301999928095,0.2787230000649288,0.05720500007555529,34.13973799990799,802816,12.609247999989748,0.15411300000778283,0.037002999988544616,19.661833999975897,401408,17.82828199998221,0.1305109999520937,0.026802000093084644,0.0,200704,0.0,0.0,0.0,0.0,0
1,chain_4svc,58,77.50224300002628,68.78761699999814,8.714626000028147,2007040,3,25.805644999991273,0.20381699994231894,0.08100700006252737,49.25869500004865,602112,11.859084999969127,0.260722000007263,0.044104000039624225,34.96040699997138,802816,12.661252000043532,0.15691299995523877,0.05440500001441251,20.296486999995977,401408,18.461634999994203,0.1095090000262644,0.025801999981922563,0.0,200704,0.0,0.0,0.0,0.0,0
1,chain_4svc,59,77.88407399993957,69.0429400000312,8.84113399990838,2007040,3,25.78484399998615,0.20401699998728873,0.07990599999629922,49.823941999989074,602112,11.981996000031359,0.2561219999961395,0.045803000034538854,34.938404000058654,802816,12.40163099998881,0.15281200001027173,0.03400299999611889,20.678618999909304,401408,18.874469000024874,0.10700899997573288,0.02480199998444732,0.0,200704,0.0,0.0,0.0,0.0,0
1,chain_4svc,60,76.74858000007134,67.21348699988994,9.535093000181405,2007040,3,25.45801600001596,0.18581500000891538,0.07770699994580355,48.97497199999634,602112,11.784378999891487,0.2677220001032765,0.05110500001137552,33.873514999982035,802816,12.297121999949923,0.15061199997035146,0.03500299999359413,19.343108000043685,401408,17.67397000003257,0.10750899991762708,0.02400200003194186,0.0,200704,0.0,0.0,0.0,0.0,0
1,chain_4svc,61,79.19868300007238,69.72769599997264,9.47098700009974,2007040,3,26.462400000013986,0.19951600006606895,0.08590699997057527,50.300481000022046,602112,11.982095999997,0.25952199996481795,0.04950400000325317,35.78347500001655,802816,13.341408999963278,0.16091400004825118,0.0320020000117438,20.074668999995993,401408,17.941790999998375,0.10640899995451036,0.026302000037503603,0.0,200704,0.0,0.0,0.0,0.0,0
1,chain_4svc,62,78.10689300004015,69.29495999997926,8.81193300006089,2007040,3,26.532804999988002,0.19551599996248115,0.07920699999885983,49.189588999979605,602112,11.836883999990278,0.2529209999693194,0.05040400003508694,34.794492999935756,802816,13.357910999957312,0.1549129999602883,0.034303000006730144,19.34600800007047,401408,17.567360000043664,0.10770899996259686,0.02640199988945824,0.0,200704,0.0,0.0,0.0,0.0,0
1,chain_4svc,63,78.83605400002125,69.91171100003157,8.924342999989676,2007040,3,26.28888500009907,0.1971169999706035,0.08080699990387075,50.03165900006934,602112,12.155909999933101,0.2578219999804787,0.05490500006999355,35.22612899996602,802816,13.303006000001005,0.15511300000525807,0.033002000009219046,19.841748999965603,401408,18.163909999998396,0.10860899999443063,0.026801999979397806,0.0,200704,0.0,0.0,0.0,0.0,0
1,chain_4svc,64,77.51654399999097,68.54449900004056,8.972044999950413,2007040,3,26.259783000000425,0.19071600002007472,0.1121090000424374,48.900064999997994,602112,11.785580000037044,0.2784229999406307,0.043203000018365856,34.47796599994035,802816,13.013581999985036,0.1531130000103076,0.03370199999608303,19.209995999972307,401408,17.485554000018055,0.11240900005304866,0.02520199996070005,0.0,200704,0.0,0.0,0.0,0.0,0
1,chain_4svc,65,79.46710499993515,69.70919499997308,9.757909999962067,2007040,3,26.572508999947786,0.2119170000014492,0.10630900010255573,50.38198800002647,602112,11.870086000044466,0.2631219999784662,0.04250400002092647,35.836778999964736,802816,13.924557999985154,0.14601199995922798,0.03810300006534817,19.660935000047175,401408,17.342041999995672,0.10490800002571632,0.02690199994503928,0.0,200704,0.0,0.0,0.0,0.0,0
1,chain_4svc,66,77.49884200006818,68.68321000001743,8.815632000050755,2007040,3,25.549523999984558,0.1888159999907657,0.08040600005188026,49.58822200001123,602112,11.820583000030638,0.24982100001125218,0.04820399999516667,35.19942599996284,802816,12.353327000028003,0.14361199998802476,0.037802999941050075,20.530506999989484,401408,18.959775999974227,0.10670899996512162,0.024802000098134158,0.0,200704,0.0,0.0,0.0,0.0,0
1,chain_4svc,67,78.83905299991056,70.02922100002706,8.8098319998835,2007040,3,25.86525000003803,0.1963169999044112,0.08160599998063844,50.73251699991488,602112,11.899288999984492,0.2547210000329869,0.05400499992447294,36.32051900001443,802816,13.682936999998674,0.1485129999991841,0.04350400001840171,20.250682999972014,401408,18.581745000005867,0.10960899999190588,0.024702000018805848,0.0,200704,0.0,0.0,0.0,0.0,0
1,chain_4svc,68,76.72277799997573,67.89564200005316,8.827135999922575,2007040,3,26.471900000046844,0.19941699997616524,0.11210899992875056,47.921483999971315,602112,11.979494999991402,0.26332199990974914,0.04560400009268051,33.02524500008985,802816,12.397630000009485,0.16241399998762063,0.0346030000173414,18.72745700006817,401408,17.046617000005426,0.1090090000843702,0.024101999997583334,0.0,200704,0.0,0.0,0.0,0.0,0
1,chain_4svc,69,76.30464299995765,67.58831800004828,8.716324999909375,2007040,3,25.679334999949788,0.19671600000492617,0.08640700002615631,48.21550799999841,602112,12.055401999987225,0.275223000016922,0.04870399993706087,33.79741000003378,802816,12.773662000086006,0.14691199999106175,0.03400299999611889,18.82896500001152,401408,17.079919000025257,0.10860899999443063,0.025003000018841703,0.0,200704,0.0,0.0,0.0,0.0,0
1,chain_4svc,70,79.06317200001922,69.9306119998937,9.132560000125522,2007040,3,27.86441599994305,0.21681800001260854,0.08260699996753829,48.63204299999779,602112,11.882186999969235,0.2828240000098958,0.049805000003289024,34.30645100002039,802816,12.937975999989249,0.15451299998403556,0.03480199995919975,19.15439200001856,401408,17.246032999992167,0.11551000000054046,0.02560199993695278,0.0,200704,0.0,0.0,0.0,0.0,0
1,chain_4svc,71,78.43672100000276,69.11794600000576,9.318774999997004,2007040,3,25.82674699999643,0.20311699995545496,0.08800700004485407,50.08396400000947,602112,11.982895999949505,0.26612200008457876,0.06340499999168969,35.49715099995865,802816,12.939975999984199,0.15341300002091884,0.0346030000173414,20.11767199996939,401408,18.368327000075624,0.10900899997068336,0.025701999902594252,0.0,200704,0.0,0.0,0.0,0.0,0
1,chain_4svc,72,80.39728400001422,70.78438299981826,9.612901000195961,2007040,3,25.966557999936413,0.1935170000706421,0.1126089999843316,51.998522999952,602112,12.006697999936478,0.2612210000734194,0.04390399999465444,36.994175000018004,802816,14.330090999919776,0.1776150000978305,0.03770300008909544,20.151074999944285,401408,18.481036000025597,0.1069090000100914,0.025301999926341523,0.0,200704,0.0,0.0,0.0,0.0,0
1,chain_4svc,73,81.14794599998731,71.89097499986019,9.256971000127123,2007040,3,28.125537999926564,0.20271700009288907,0.11280900002930139,50.70571499993548,602112,12.101605999987441,0.35313000000769534,0.044002999970871315,35.704667999993944,802816,13.310705999970196,0.1646140000275409,0.04240399994159816,20.124673000054827,401408,18.35312499997599,0.10860899999443063,0.026503000071897986,0.0,200704,0.0,0.0,0.0,0.0,0
1,chain_4svc,74,77.09890900002847,68.29387599998427,8.805033000044205,2007040,3,26.508503999934874,0.19041500002003886,0.07980700002008234,48.188705000029586,602112,11.84538400002566,0.259322000033535,0.04480399991280137,33.684900000025664,802816,12.934174999941206,0.1498130000072706,0.032603000022390916,18.668650999984493,401408,17.005813000082526,0.10660899999948015,0.02520199996070005,0.0,200704,0.0,0.0,0.0,0.0,0
1,chain_4svc,75,77.03830399998424,67.98355199987327,9.054752000110966,2007040,3,25.910153999916474,0.19561600004180946,0.07840700004635437,48.61774100004368,602112,11.834383999939746,0.2661219999708919,0.05810499999370222,33.86401499994918,802816,12.299823000034849,0.14761199997792573,0.03390199992736598,19.763342999908673,401408,17.939190999982202,0.10090799992212851,0.02490200006377563,0.0,200704,0.0,0.0,0.0,0.0,0
1,chain_4svc,76,76.32144399997287,67.72613099985847,8.595313000114402,2007040,3,25.824047000014616,0.18971499991948804,0.08460700007617561,48.040993999961756,602112,11.928491999924518,0.26272200000221346,0.04960400008258148,33.70220099998278,802816,12.99277999999049,0.15261299995472655,0.033402999974896375,18.846565999979248,401408,16.980811999928846,0.11931000005915848,0.024602000053164375,0.0,200704,0.0,0.0,0.0,0.0,0
1,chain_4svc,77,76.84868800004097,68.22537200002898,8.623316000011982,2007040,3,25.970658999995067,0.19901699999991251,0.08100599995941593,48.410224000008384,602112,11.9316920000756,0.24991999998746905,0.04430399997090717,34.040429999890875,802816,13.219698999932916,0.1506130000734629,0.03890300001785363,18.75926000002437,401408,17.1033220000254,0.10370799998327129,0.02520199996070005,0.0,200704,0.0,0.0,0.0,0.0,0
1,chain_4svc,78,76.32944500005578,67.84054000002016,8.48890500003563,2007040,3,25.970759000074395,0.19591599993873388,0.10970899995754735,47.8752799999711,602112,11.787379999987024,0.291823999987173,0.04520400000274094,33.54788900003314,802816,12.458135999963815,0.1545130000977224,0.03730299999915587,19.291704000011123,401408,17.62426499999492,0.10410800007321086,0.02600199991320551,0.0,200704,0.0,0.0,0.0,0.0,0
1,chain_4svc,79,78.36201400004938,69.73209600005248,8.629917999996906,2007040,3,26.058865999971204,0.19801600001301267,0.08230699995692703,49.78883900002984,602112,11.897989000090092,0.2638219999653302,0.044802999923376774,35.58635800004595,802816,13.843551000036314,0.15481299999464682,0.03550299993548833,19.629731999998512,401408,17.93168999995487,0.10930900009498146,0.025501999971311307,0.0,200704,0.0,0.0,0.0,0.0,0
1,chain_4svc,80,76.02041900008771,67.45840700023109,8.562011999856622,2007040,3,25.940556000023207,0.19991699991805945,0.08070700005191611,47.65526200003478,602112,11.788180000053217,0.2618219999703797,0.0499039999795059,33.3368710000741,802816,12.529141000072741,0.14761199997792573,0.04120400001283997,18.837366000070688,401408,17.200530000081926,0.10330800000701856,0.025402000005669834,0.0,200704,0.0,0.0,0.0,0.0,0
1,chain_4svc,81,78.50532599991311,69.07644199998231,9.428883999930804,2007040,3,26.04486499990344,0.21681800001260854,0.08240700003625534,49.99825600009444,602112,11.971395000045959,0.2760229999694275,0.048003999950196885,35.642762999941624,802816,12.612349000050926,0.15841300000829506,0.036902999909216305,20.518605999995998,401408,18.447832999981983,0.1069090000100914,0.027703000000656175,0.0,200704,0.0,0.0,0.0,0.0,0
1,chain_4svc,82,78.26340600001913,69.56608299992695,8.697323000092183,2007040,3,26.86283299999559,0.2029160000347474,0.09110799999234587,48.98797199996352,602112,11.808881999968435,0.260722000007263,0.04380300003958837,34.80439299994487,802816,13.894254999968325,0.15141300002596836,0.03320200005418883,18.61384700009694,401408,17.0001129999946,0.10270800009948289,0.025101999995058577,0.0,200704,0.0,0.0,0.0,0.0,0
1,chain_4svc,83,76.23173700005736,67.32179599987376,8.909941000183608,2007040,3,25.80104499998015,0.20131700000547426,0.07630599998265097,47.970788000043285,602112,11.906888999988041,0.2753229999825635,0.04920399999264191,33.3588729999974,802816,12.410531999989871,0.149812000017846,0.03570299998045812,18.887370000015835,401408,17.203329999915695,0.10680900004444993,0.025502000084998144,0.0,200704,0.0,0.0,0.0,0.0,0
1,chain_4svc,84,78.79555900001378,69.92000100001405,8.875557999999728,2007040,3,26.16127399994639,0.20701799996913905,0.0885080000898597,50.311003000047094,602112,12.02399900000728,0.2691230000664291,0.053405000016937265,35.508184000036636,802816,13.36909300005118,0.1568129999895973,0.04970300005879835,19.967424000014944,401408,18.365635000009206,0.10360500004935602,0.02560099994752818,0.0,200704,0.0,0.0,0.0,0.0,0
1,chain_4svc,85,77.66757299998517,68.97958499996548,8.687988000019686,2007040,3,26.404986999978064,0.22861299999021867,0.08350500002052286,48.846351000065624,602112,11.871669000015572,0.2795149999883506,0.0486029999819948,34.419038000010005,802816,13.710471999957008,0.15240899995205837,0.03340200009915861,18.521342999974877,401408,16.992457000014838,0.10330499992505793,0.026002000026892347,0.0,200704,0.0,0.0,0.0,0.0,0
1,chain_4svc,86,76.35490000006939,67.38929499999813,8.965605000071264,2007040,3,25.78975200003697,0.19901200005278952,0.07860400000936352,48.140710999973635,602112,11.888669999962076,0.25551399994583335,0.04390200001580524,33.85970699991958,802816,12.444501000004493,0.15460800000255404,0.053803000014340796,19.128377000015462,401408,17.26637199999459,0.10290600005191664,0.025701999902594252,0.0,200704,0.0,0.0,0.0,0.0,0
1,chain_4svc,87,76.98843499997565,68.03853099995649,8.94990400001916,2007040,3,26.290781000056995,0.20171099993149255,0.09320499998466403,48.200314000041544,602112,11.971173999995699,0.278316000049017,0.043602000005193986,33.62119299993083,802816,12.758017999999538,0.15820900000562688,0.04100199998902099,18.681551999975454,401408,17.01855799990426,0.1038060000837504,0.025001000039992505,0.0,200704,0.0,0.0,0.0,0.0,0
1,chain_4svc,88,76.90233000005264,68.31664699984685,8.58568300020579,2007040,3,26.523593999968398,0.2015110000002096,0.08470399995985645,47.89739600005305,602112,11.85626799997408,0.26581500003430847,0.043202000028941256,33.42058199996245,802816,12.337193999996998,0.1531090000526092,0.03940199997032323,19.289785999944797,401408,17.599590999907377,0.10340599999381084,0.025901000071826275,0.0,200704,0.0,0.0,0.0,0.0,0
1,chain_4svc,89,77.2825509999393,68.71456899989425,8.567982000045049,2007040,3,26.94721800003208,0.20271100004265463,0.09010499991290999,47.8976969999394,602112,12.060478999956104,0.26701499996306666,0.04640300005576137,33.23807100002796,802816,12.618209999914143,0.1549090000025899,0.03570199999103352,18.71635400004834,401408,17.088661999991928,0.09920599995894008,0.025402000005669834,0.0,200704,0.0,0.0,0.0,0.0,0
1,chain_4svc,90,75.72036399994886,66.91636799996559,8.803995999983272,2007040,3,25.63994400009051,0.19601099995725235,0.1055049999649782,47.556577999898764,602112,11.769062999974267,0.26141500006815477,0.043602000005193986,33.262472999922466,802816,12.65311199995267,0.15720900000815163,0.03060200003801583,18.539744000008795,401408,16.85424899994814,0.11250700003984093,0.026401000013720477,0.0,200704,0.0,0.0,0.0,0.0,0
1,chain_4svc,91,75.43444700002055,66.98247099984656,8.451976000174,2007040,3,25.627842999938366,0.20691099996383855,0.0788050000437579,47.43797100002212,602112,11.704559000008885,0.26651500002117245,0.048002999960772286,33.187568000016654,802816,12.836822999929609,0.15430899998136738,0.03730200000973127,18.48864099997627,401408,16.813245999969695,0.10520600005747838,0.024501999973836064,0.0,200704,0.0,0.0,0.0,0.0,0
1,chain_4svc,92,78.00729299992781,68.71386900002108,9.293423999906736,2007040,3,25.67164499998853,0.20811199999570817,0.07810500005689391,49.876709000045594,602112,11.87576799998169,0.29091700002936705,0.04790299999513081,35.03497299993796,802816,12.457002000019202,0.14870799998334405,0.035100999980386405,20.401449000019056,401408,18.709454000031656,0.10600600000998384,0.025601000061215018,0.0,200704,0.0,0.0,0.0,0.0,0
1,chain_4svc,93,77.52506500003165,68.59896200001003,8.926103000021612,2007040,3,25.731349000011505,0.19971099993654207,0.08100499996999133,49.395781000043826,602112,11.898269999960576,0.28181599998333695,0.05000300006940961,34.92256700008056,802816,13.155640000036328,0.15460899999197864,0.03450199994858849,19.556101000034687,401408,17.813703000001624,0.10580599996501405,0.025502000084998144,0.0,200704,0.0,0.0,0.0,0.0,0
1,chain_4svc,94,76.79392399995777,67.84892099983608,8.945003000121687,2007040,3,25.847055999975055,0.20291099997393758,0.12770700004693936,48.58283500004745,602112,11.937571999965257,0.2661150000449197,0.044002999970871315,33.85100599996349,802816,12.716915999931189,0.1690100000359962,0.034802000072886585,19.013671000038812,401408,17.34737699996458,0.10590599993065553,0.02530100005060376,0.0,200704,0.0,0.0,0.0,0.0,0
1,chain_4svc,95,77.58016800005407,68.77147299996977,8.808695000084299,2007040,3,26.235378000023957,0.19431099997291312,0.08210399994368345,48.89405300002636,602112,11.838766999971995,0.2693149999686284,0.055603000078008336,34.358133999944585,802816,12.84342300004937,0.15300899997328088,0.03730200000973127,19.57080199997563,401408,17.853904999924453,0.10650600006556488,0.02750200007994863,0.0,200704,0.0,0.0,0.0,0.0,0
1,chain_4svc,96,87.67723599999044,76.12758500010841,11.549650999882033,2007040,3,32.11370799999713,0.24351400008981727,0.13990799993734981,52.9401810000536,602112,12.210487000061221,0.288516999944477,0.051902999985031784,36.00072699998691,802816,12.874723999971138,0.1586089999818796,0.04080300004716264,20.681064999962473,401408,18.92866600007892,0.10350599995945231,0.025000999926305667,0.0,200704,0.0,0.0,0.0,0.0,0
1,chain_4svc,97,77.36745599993355,68.73987000017223,8.627585999761322,2007040,3,25.69744700008414,0.1924099999541795,0.0964059998977973,49.24037299997508,602112,12.758518000055119,0.26391500000499946,0.049302999968858785,33.90450899996722,802816,13.082037000003766,0.14830800000709132,0.03400200000669429,18.891463999921143,401408,17.201868000029208,0.10770599999432307,0.02520199996070005,0.0,200704,0.0,0.0,0.0,0.0,0
1,chain_4svc,98,76.60891399996217,68.02463099995748,8.584283000004689,2007040,3,26.022966000027736,0.20741099990573275,0.08570400007101853,48.099208000053295,602112,11.932772000022851,0.25661399990895006,0.04870300006132311,33.697297000003346,802816,12.953728999946179,0.1523089999864169,0.032102000091072114,18.82936099991639,401408,17.115163999960714,0.1055059999544028,0.025902000061250874,0.0,200704,0.0,0.0,0.0,0.0,0
1,chain_4svc,99,77.05273899989606,68.2947459999923,8.757992999903763,2007040,3,26.36228400001528,0.22051200005535065,0.11320699991301808,48.24151599996185,602112,11.849267999991753,0.29511599996112636,0.05900300004668679,33.80810300006942,802816,12.836923000008937,0.1497089999702439,0.04760199999509496,19.109176000029038,401408,17.246270999976332,0.10910599996805104,0.026902000058726117,0.0,200704,0.0,0.0,0.0,0.0,0
1,chain_4svc,100,78.52622199993675,69.00038500009487,9.525836999841886,2007040,3,26.415186999997786,0.2049120000719995,0.08570499994675629,49.598293000030935,602112,11.934171999996579,0.2578140000650819,0.049702999945111515,35.20108200007144,802816,12.832423000077142,0.15330799999446754,0.03850199993848946,20.10493199998109,401408,17.81860300002336,0.1081069999600004,0.026001000037467747,0.0,200704,0.0,0.0,0.0,0.0,0
1,chain_4svc,101,77.2697510000171,68.36104999990766,8.908701000109431,2007040,3,26.13617199995133,0.2101120001043455,0.10920600004737935,48.66973999992297,602112,12.011175999987245,0.28771699999197153,0.051603000088107365,33.97891299994171,802816,12.795821000054275,0.14810799996212154,0.0333020000198303,19.0779739999698,401408,17.417880999914814,0.10750600006304012,0.025401000016245234,0.0,200704,0.0,0.0,0.0,0.0,0
1,chain_4svc,102,78.99504800002433,69.85983500010207,9.13521299992226,2007040,3,26.32188200004748,0.19911099991531955,0.07870499996442959,50.309633000097165,602112,12.084180999977434,0.263815000039358,0.04350200003955251,35.353391000057854,802816,13.014233000035347,0.17320999995718012,0.04670199996326119,20.182235999982368,401408,18.439539000041805,0.10330600002816936,0.02650099997936195,0.0,200704,0.0,0.0,0.0,0.0,0
1,chain_4svc,103,82.32023499999741,72.84910199996375,9.47113300003366,2007040,3,26.107769999953234,0.20121099998959835,0.07610500006194343,53.48411099998884,602112,11.986374999992222,0.3045170000177677,0.06350299997848197,38.821686000005684,802816,16.888550999965446,0.2113120000331037,0.06800400001338858,19.623304999981883,401408,17.866406000052848,0.10990600003424333,0.024900999960664194,0.0,200704,0.0,0.0,0.0,0.0,0
1,chain_4svc,104,78.01279299997077,69.57651799996256,8.436275000008209,2007040,3,26.00126399988767,0.18351000005623064,0.1077060001080099,49.579990999973234,602112,11.891170000012607,0.25831400000697613,0.042202000031466014,35.26648600006865,802816,13.58176500002628,0.15320799991513923,0.03180199996677402,19.80421500002194,401408,18.102319000036005,0.10750599994935328,0.025401000016245234,0.0,200704,0.0,0.0,0.0,0.0,0
1,chain_4svc,105,78.21030399998108,69.04738700006874,9.16291699991234,2007040,3,26.412987000071553,0.20061099996837584,0.07710499994573183,49.123966000024666,602112,12.02867699998933,0.2495139999609819,0.04220300002089061,34.37453500009724,802816,12.854724000021633,0.1708089999965523,0.034302000017305545,19.395192999922983,401408,17.750998999986223,0.10160600004383014,0.023702000021330605,0.0,200704,0.0,0.0,0.0,0.0,0
1,chain_4svc,106,79.42267200007791,70.205752999982,9.216919000095913,2007040,3,26.143472000057955,0.18970999997236504,0.10760599991499475,50.80766099990797,602112,11.842066999975032,0.2648140000474086,0.0411030000577739,36.48155400003361,802816,13.160341000002518,0.1541089999363976,0.04510300004767487,21.078886999930546,401408,19.059872999946492,0.11970699995345058,0.025602000050639617,0.0,200704,0.0,0.0,0.0,0.0,0
1,chain_4svc,107,88.2641700000022,79.0782520001585,9.185917999843696,2007040,3,30.87943900004575,0.2353129999619341,0.07660400001441303,54.77668399998947,602112,16.894251000053373,0.29271699997934775,0.05580300000929128,34.954867999999806,802816,14.17109800001981,0.1568090000318989,0.0333020000198303,18.802557999947567,401408,17.133464000039567,0.10560599992004427,0.02520199996070005,0.0,200704,0.0,0.0,0.0,0.0,0
1,chain_4svc,108,77.6383719999103,68.25964299991938,9.378728999990926,2007040,3,26.279779999981656,0.1952110000047469,0.11310600007163885,48.74994499994045,602112,12.025376999986293,0.2827160000151707,0.04210300005524914,34.066218000020854,802816,12.753018000012162,0.15070900008140597,0.03440199998294702,19.28638599997612,401408,17.20146799993927,0.10430600002564461,0.02520100008496229,0.0,200704,0.0,0.0,0.0,0.0,0
1,chain_4svc,109,79.31156600000122,70.59307300016826,8.71849299983296,2007040,3,26.33808300004148,0.19541099993602984,0.09770600001957064,50.61924999995426,602112,12.353795000080936,0.2699149999898509,0.05030299996633403,35.59940499997083,802816,13.896982000005664,0.15710899992882332,0.04610300004515011,19.71310999999787,401408,18.00421300004018,0.1068059999624893,0.02300199992077978,0.0,200704,0.0,0.0,0.0,0.0,0
1,chain_4svc,110,78.12949899994237,68.89057800003684,9.238920999905531,2007040,3,26.39908599996943,0.20291199996336218,0.08690499998920131,49.02006000008896,602112,12.001976000078685,0.26121399992007355,0.04120199992030393,34.48344100002032,802816,12.953429000049255,0.15350900002886192,0.03400200000669429,19.478396000067733,401408,17.53608699993947,0.10490600004686712,0.026502000082473387,0.0,200704,0.0,0.0,0.0,0.0,0
1,chain_4svc,111,77.64767200001188,68.58846300008281,9.05920899992907,2007040,3,26.395287000013923,0.2020109999421038,0.11310600007163885,48.7942470000462,602112,11.900770000011107,0.283016000025782,0.04950300001382857,34.35973499995271,802816,12.447701000041889,0.15250899991769984,0.03750200005470106,19.583403000069666,401408,17.844705000015892,0.10800600000493432,0.02520099997127545,0.0,200704,0.0,0.0,0.0,0.0,0
1,chain_4svc,112,79.47097399994618,69.98234100001355,9.488632999932634,2007040,3,25.91855899993334,0.204312000050777,0.11150700004236569,51.014873000099215,602112,12.022376999993867,0.2644150000605805,0.055002999943098985,36.088131999918005,802816,13.42115600004945,0.2014109999208813,0.03440199998294702,20.382248000032632,401408,18.620249000036893,0.10730600001807034,0.025101000005633978,0.0,200704,0.0,0.0,0.0,0.0,0
1,chain_4svc,113,78.47151800001484,68.94158000000061,9.529938000014226,2007040,3,26.027365000004465,0.2523140000221247,0.0793049999856521,49.8345060000247,602112,11.927970999977333,0.26441499994689366,0.05090299998755654,35.534100999939255,802816,12.894426000002568,0.16390899997986708,0.033002000009219046,20.27514200005953,401408,18.091818000016247,0.10510599997815007,0.04430299998148257,0.0,200704,0.0,0.0,0.0,0.0,0
1,chain_4svc,114,78.62812700000177,69.65472099989256,8.973406000109208,2007040,3,26.396685999998226,0.23911300002055214,0.08530499997050356,49.60319300005267,602112,11.905569999953514,0.2643149999812522,0.04040200008148531,34.906965000004675,802816,12.807320999968397,0.19351100002040766,0.040903000012804114,20.19513699997333,401408,18.545143999972424,0.10470600000189734,0.024901999950088793,0.0,200704,0.0,0.0,0.0,0.0,0
1,chain_4svc,115,76.45770500005256,67.84232099983001,8.615384000222548,2007040,3,26.10506999997142,0.19221100001232116,0.078003999988141,47.94059999994715,602112,11.892069999930754,0.2700150000691792,0.05700300005173631,33.4884860000102,802816,12.459301999911077,0.1524080000763206,0.02980200008551037,19.100976000004266,401408,17.385879000016757,0.10380599997006357,0.025300999936916924,0.0,200704,0.0,0.0,0.0,0.0,0
1,chain_4svc,116,77.94848899993667,69.10509199985881,8.843397000077857,2007040,3,26.142671999991762,0.1986110000871122,0.10590599993065553,49.417481999967094,602112,11.908470999969722,0.26321500001813547,0.04070199997840973,34.95046800003365,802816,13.713271999904464,0.15470800008188235,0.035202000049139315,19.287385999973594,401408,17.340676999992866,0.1037060000044221,0.026800999989973207,0.0,200704,0.0,0.0,0.0,0.0,0
1,chain_4svc,117,76.31179700001667,67.49330100012685,8.81849599988982,2007040,3,25.914959000033377,0.2020109999421038,0.08210499993310805,47.740287999999964,602112,11.944873000061307,0.26321500001813547,0.04140199996527372,33.23487100010425,802816,12.46230200001719,0.1516089999995529,0.05660299996179674,18.83106000002499,401408,17.171167000014975,0.10380599997006357,0.024602000053164375,0.0,200704,0.0,0.0,0.0,0.0,0
1,chain_4svc,118,76.44790400001966,67.00337200004469,9.44453199997497,2007040,3,25.882157000069128,0.20581199999014643,0.08010499993815756,48.1534109999302,602112,11.721359999910419,0.2533140000195999,0.041803000044637884,33.7817020000557,802816,12.412699000037719,0.15140799996515852,0.04020200003651553,19.193579999978283,401408,16.987156000027426,0.1073059999043835,0.024500999984411465,0.0,200704,0.0,0.0,0.0,0.0,0
1,chain_4svc,119,76.84022599994478,67.8873230000363,8.952902999908474,2007040,3,26.18597499997577,0.19571100006032793,0.09250499999780004,48.27591800005848,602112,11.795163999977376,0.24741400000038993,0.0504029999319755,33.823804999997265,802816,12.861624000038319,0.15480899992326158,0.03780200006531231,18.698653000001286,401408,17.04456000004484,0.10430599991195777,0.025101000005633978,0.0,200704,0.0,0.0,0.0,0.0,0
1,chain_4svc,120,77.21894799999518,68.6908670001003,8.528080999894883,2007040,3,26.50989300002493,0.20971100002498133,0.08100499996999133,48.34332200005065,602112,11.803163999957178,0.25631500000145024,0.04720300000826683,34.06701799997336,802816,13.494460000060826,0.15630899997631786,0.034302000017305545,18.657050999991043,401408,16.883350000057362,0.10930699988875858,0.024302000042553118,0.0,200704,0.0,0.0,0.0,0.0,0
1,chain_4svc,121,77.20974699998351,68.15083699984825,9.058910000135256,2007040,3,25.955861999932495,0.1934110000547662,0.10660600003120635,48.883153000019774,602112,11.858867999990252,0.2578140000650819,0.051103000032526325,34.43833900007576,802816,13.152439999998933,0.1594090000480719,0.03480199995919975,18.77935699997124,401408,17.183666999926572,0.1056060000337311,0.025602000050639617,0.0,200704,0.0,0.0,0.0,0.0,0
1,chain_4svc,122,77.70757600007983,68.07303200002934,9.634544000050482,2007040,3,26.157672000067578,0.2001119999022194,0.10750599994935328,49.191769999993085,602112,11.781064000047081,0.27071499994235637,0.04870199995821167,34.66635200004475,802816,12.661311999977443,0.15800900007434393,0.031201999945551506,19.628005000072335,401408,17.47298399993724,0.10670599999684782,0.025902000061250874,0.0,200704,0.0,0.0,0.0,0.0,0
1,chain_4svc,123,78.19510299998456,68.98528600015652,9.209816999828035,2007040,3,26.167574000055538,0.20111100002395688,0.0902049999922383,49.62239399992541,602112,11.938673000031486,0.2802149999752146,0.05050200002187921,35.08177499998055,802816,13.569464000056541,0.1554089999444841,0.03270199999860779,19.486098000015772,401408,17.309575000012956,0.11140599997361278,0.024500999984411465,0.0,200704,0.0,0.0,0.0,0.0,0
1,chain_4svc,124,76.70061900000746,67.68740999984857,9.013209000158895,2007040,3,25.720347999936166,0.20601200003511622,0.10860600002615683,48.42832700001054,602112,11.95057299992186,0.2682150000055117,0.054202999990593526,33.96141199993963,802816,12.67331299993657,0.15610900004503492,0.035101999969811004,19.180280000000494,401408,17.343176000053973,0.1068059999624893,0.025801999981922563,0.0,200704,0.0,0.0,0.0,0.0,0
1,chain_4svc,125,77.11614200002259,68.34994799999095,8.766194000031646,2007040,3,26.326582000024246,0.20211200001085672,0.11250600005041633,48.38822500005335,602112,12.051877999965654,0.2666149999868139,0.050203000000692555,33.611393000001044,802816,12.82692200004476,0.15400899997075612,0.03450199994858849,18.80965999998807,401408,17.144565999956285,0.10040500001196051,0.025001000039992505,0.0,200704,0.0,0.0,0.0,0.0,0
1,chain_4svc,126,76.3874010000336,67.73111300014989,8.656287999883716,2007040,3,25.832853999986582,0.19901100006336492,0.10960700001305668,48.11200899996493,602112,11.813365000080012,0.26181499993072066,0.04560299998956907,33.65259499992135,802816,12.561908000066069,0.1484079999727328,0.03240099999857193,19.25378400005684,401408,17.522986000017227,0.10600600000998384,0.02530200004002836,0.0,200704,0.0,0.0,0.0,0.0,0
1,chain_4svc,127,77.01513599999998,68.57336200005193,8.441773999948055,2007040,3,25.871657000038795,0.20361099996080156,0.08670500005791837,48.71654400005809,602112,11.92377100005615,0.25821500003075926,0.049302999968858785,34.29423099998985,802816,12.440600999980234,0.13930800002981414,0.03320199994050199,20.000726000034774,401408,18.337332999976752,0.1024059999963356,0.024601000063739775,0.0,200704,0.0,0.0,0.0,0.0,0
1,chain_4svc,128,76.99479400002929,68.35639999997056,8.638394000058724,2007040,3,25.82085400001688,0.18831099998806167,0.1152060000322308,48.67999800001144,602112,11.93867400002091,0.2616149999994377,0.04140199996527372,34.1940790000308,802816,12.849843999902077,0.15470900007130695,0.046703000066372624,19.382522999990215,401408,17.747028000030696,0.10760599991499475,0.02530100005060376,0.0,200704,0.0,0.0,0.0,0.0,0
1,chain_4svc,129,77.46568600009596,67.86102999990362,9.604656000192335,2007040,3,25.738689999911912,0.20441200001641846,0.10910700007116247,49.37245899998288,602112,11.955092999983208,0.2712149999979374,0.04400200009513355,34.120475999998234,802816,12.430620000031922,0.14550799994594854,0.03530200001478079,19.79164600004424,401408,17.73662699997658,0.115705999974125,0.026302000037503603,0.0,200704,0.0,0.0,0.0,0.0,0
1,chain_4svc,130,77.14226699999926,67.82442700000502,9.317839999994249,2007040,3,25.813395000000128,0.19811200002095575,0.10990600003424333,48.88253100000384,602112,11.942491000013433,0.2740160000485048,0.041402999954698316,34.426892999931624,802816,12.2480090000181,0.14760900000965194,0.0455030000239276,20.353079000074104,401408,17.820531999973355,0.1068059999624893,0.027101999990009062,0.0,200704,0.0,0.0,0.0,0.0,0
1,chain_4svc,131,78.36133700004666,69.04619800002365,9.31513900002301,2007040,3,26.517734999970344,0.241314000049897,0.08920499999476306,49.26685299994915,602112,12.166205000085029,0.275215999977263,0.050502999897616974,33.962365999968824,802816,12.684433999993416,0.15520900001320115,0.03180199996677402,19.41702500005249,401408,17.677823999974862,0.10820599993621727,0.02520100008496229,0.0,200704,0.0,0.0,0.0,0.0,0
1,chain_4svc,132,78.11682299995937,68.8530869999795,9.263735999979872,2007040,3,26.150514000050862,0.19671099994411634,0.09560599994529184,49.16664700010642,602112,12.152603999993516,0.2727160000404183,0.05130299996380927,34.34978899997532,802816,13.2065650000186,0.15450900002633716,0.03320199994050199,19.186211000032927,401408,17.343403999916518,0.10740700008682325,0.024901000074351032,0.0,200704,0.0,0.0,0.0,0.0,0
1,chain_4svc,133,91.8975209999644,82.15235700015455,9.745163999809847,2007040,3,38.54943200008165,0.21641299997554597,0.12080699991656729,50.35771600000771,602112,12.196605999974963,0.2667149999524554,0.05370300004869932,35.56915900003332,802816,12.87824600001386,0.1547089999576201,0.03380200007541134,20.444883999971353,401408,18.528073000084078,0.10280599997258832,0.025500999981886707,0.0,200704,0.0,0.0,0.0,0.0,0
1,chain_4svc,134,78.70935799996914,70.07675899990318,8.632599000065966,2007040,3,25.695487999996658,0.20891200006190047,0.10590600004434236,50.451621999968665,602112,11.988194999958068,0.25211400009084173,0.045502000034503,35.86607699992328,802816,13.505981999969663,0.15380900003947318,0.03680200006783707,20.492085999990195,401408,18.887093999978788,0.10730600001807034,0.024101000008158735,0.0,200704,0.0,0.0,0.0,0.0,0
1,chain_4svc,135,78.12522299991542,69.45012199992107,8.675100999994356,2007040,3,26.238820000003216,0.2379129999781071,0.08460399999421497,49.376858999949036,602112,11.78298199999972,0.26091500001257373,0.044503000026452355,35.015927000017655,802816,13.556484999980967,0.1580089999606571,0.0315020000698496,19.548931999906927,401408,17.871834999937164,0.10700600000745908,0.026002000026892347,0.0,200704,0.0,0.0,0.0,0.0,0
1,chain_4svc,136,76.17631100004019,67.76502200000323,8.411289000036959,2007040,3,26.4015280000649,0.19561199997042422,0.07790500001192413,47.34874200005379,602112,11.894687999983944,0.2636159999838128,0.05030299996633403,32.980309999970814,802816,12.409617999992406,0.15300899997328088,0.04770300006384787,18.708482999954867,401408,17.059187999961978,0.10790600003929285,0.025900999958139437,0.0,200704,0.0,0.0,0.0,0.0,0
1,chain_4svc,137,77.05176199999642,68.38996100009354,8.66180099990288,2007040,3,26.089910999985477,0.19301100007851346,0.08070499995938007,48.50290799993218,602112,11.745880000034958,0.25861499989332515,0.04380300003958837,34.21118099993237,802816,12.918647999981658,0.15140899995458312,0.03550200005975057,19.429124999987835,401408,17.63552200009144,0.10570599999937258,0.024500999984411465,0.0,200704,0.0,0.0,0.0,0.0,0
1,chain_4svc,138,75.70618299996568,67.00788000023294,8.698302999732732,2007040,3,25.77749300007781,0.22281199994722556,0.0845050000179981,47.48044899997694,602112,11.812684000005902,0.2635159999044845,0.041402000078960555,33.311329000071055,802816,12.470522000057827,0.15740999992885918,0.03630200001225603,18.907493999904545,401408,16.947181000091405,0.0972059999639896,0.025701999902594252,0.0,200704,0.0,0.0,0.0,0.0,0
1,chain_4svc,139,76.90695399992364,67.48540700004924,9.421546999874408,2007040,3,25.862397999958375,0.2009119999684117,0.1051060000918369,48.7201210000876,602112,11.980992999951923,0.25971500008381554,0.060904000065420405,34.21958100000211,802816,12.656433000074685,0.14930800000456657,0.03660200002286729,19.12030699998013,401408,16.985583000064253,0.10560599992004427,0.025402000005669834,0.0,200704,0.0,0.0,0.0,0.0,0
1,chain_4svc,140,76.14740899998651,67.86993000014263,8.27747899984388,2007040,3,26.158214000020052,0.20421199997144868,0.1050060000125086,47.64575900003365,602112,11.791383000058886,0.26571599994440476,0.0486019999925702,33.40553500004262,802816,12.50702499999079,0.15120800003387558,0.03730200000973127,19.073604000027444,401408,17.413308000072902,0.10930599989933398,0.02520199996070005,0.0,200704,0.0,0.0,0.0,0.0,0
1,chain_4svc,141,77.17516800005342,67.8195280000864,9.355639999967025,2007040,3,25.747291000016048,0.20031099995776458,0.0775050000356714,48.94403399998737,602112,11.927690999982588,0.263115000052494,0.04870299994763627,34.380490999978974,802816,12.74383800000578,0.1575090000187629,0.040302000002157,19.777146000024004,401408,17.400708000081977,0.1037060000044221,0.023500999986936222,0.0,200704,0.0,0.0,0.0,0.0,0
1,chain_4svc,142,76.45982700000786,67.76832500008823,8.691501999919637,2007040,3,25.61858400008532,0.1981109999178443,0.08410399993863393,48.34840000000895,602112,12.007595000000038,0.26441599993631826,0.043102000063299784,33.854660999963926,802816,12.424020000025848,0.15110799995454727,0.03280199996424926,19.54253200005951,401408,17.71812599997702,0.10570599999937258,0.02430099993944168,0.0,200704,0.0,0.0,0.0,0.0,0
1,chain_4svc,143,78.96217200004685,69.63803100006771,9.324140999979136,2007040,3,26.34572500005561,0.20441199990273162,0.07770499996695435,49.85058599993408,602112,11.820284000009451,0.2887169999894468,0.049702999945111515,35.47665400003552,802816,13.788097999963611,0.15530899997884262,0.039602000015293015,19.762743999990562,401408,17.683924000039042,0.0998059999801626,0.025500999981886707,0.0,200704,0.0,0.0,0.0,0.0,0
1,chain_4svc,144,76.54273200000716,67.85543000000871,8.687301999998454,2007040,3,26.188617000002523,0.19801100006588968,0.08420400001796224,47.90937400002804,602112,11.950392000017018,0.25881500005198177,0.051103000032526325,33.42323499998656,802816,12.865844999964793,0.19001100008608773,0.0346020000279168,18.562175000056413,401408,16.850576000024375,0.10700600000745908,0.025401000016245234,0.0,200704,0.0,0.0,0.0,0.0,0
1,chain_4svc,145,76.12420800001019,67.30949699999655,8.81471100001363,2007040,3,25.927701000000525,0.21461300002556527,0.10820599993621727,47.70266200000606,602112,11.918590000050244,0.2673159999631025,0.051103000032526325,33.31302899994171,802816,12.390417000005982,0.14950900003896095,0.0346020000279168,18.737884999950438,401408,17.072788999939803,0.10450600007061439,0.025500999981886707,0.0,200704,0.0,0.0,0.0,0.0,0
1,chain_4svc,146,77.19886999996106,68.33285599998362,8.86601399997744,2007040,3,26.76644899997882,0.20941299999321927,0.08020500001748587,47.97377799991409,602112,11.866387000054601,0.26501499996811617,0.040402999957223074,33.48233799999889,802816,12.549426999953539,0.15250900003138668,0.03730200000973127,18.894394000085413,401408,17.15059299999666,0.12120700000650686,0.028501999963737035,0.0,200704,0.0,0.0,0.0,0.0,0
1,chain_4svc,147,78.00171600001704,68.77588199984075,9.225834000176292,2007040,3,26.179014999911487,0.20791300005384983,0.11200700009794673,49.267452999970374,602112,12.052798000013354,0.2630149999731657,0.05130300007749611,34.63450600008855,802816,12.882345999969402,0.1524090000657452,0.03280199996424926,19.786945999953787,401408,17.661722999946505,0.10550600006808963,0.025101000005633978,0.0,200704,0.0,0.0,0.0,0.0,0
1,chain_4svc,148,80.76077699990947,71.23992399999679,9.520852999912677,2007040,3,26.17651500008833,0.1950119999492017,0.11350699992362934,51.894104000098196,602112,11.97099299997717,0.2538149999509187,0.04880300002696458,37.33366100004787,802816,13.49058099992817,0.15130799999951705,0.033902000041052816,21.5628480000305,401408,19.60183500000312,0.10140500000943575,0.02660200004811486,0.0,200704,0.0,0.0,0.0,0.0,0
1,chain_4svc,149,77.2305719999622,68.22714999987056,9.003422000091632,2007040,3,26.1309129999745,0.20571200002450496,0.09910600010698545,48.51740900005552,602112,11.813183999947796,0.25511500007269206,0.04910300003757584,34.337088000029325,802816,12.716735999902085,0.1555090000238124,0.037503000044125656,19.293517000050997,401408,17.566317000046183,0.10440599999128608,0.026201999958175293,0.0,200704,0.0,0.0,0.0,0.0,0
1,chain_4svc,150,77.40978200001791,68.28955399998904,9.120228000028874,2007040,3,26.18981699993128,0.20161100007953792,0.10230600003069412,48.73782200002097,602112,11.829984999963017,0.2610159999676398,0.040102000070874055,34.525699000028,802816,12.512524000044323,0.15060900000207766,0.039501999935964704,19.694839999942815,401408,17.757228000050418,0.11690700000599463,0.04510299993398803,0.0,200704,0.0,0.0,0.0,0.0,0
1,chain_4svc,151,77.94511399993098,68.4576639999932,9.48744999993778,2007040,3,25.9393019999834,0.20511200000328245,0.11430600000039703,49.43486199999825,602112,12.106400999982725,0.26071599995702854,0.05440300003556331,34.48739700002079,802816,12.912847000052352,0.15500899996823136,0.03230200002235506,19.56863299994893,401408,17.499113999974725,0.10670599999684782,0.026301000048079004,0.0,200704,0.0,0.0,0.0,0.0,0
1,chain_4svc,152,76.82424899996931,67.51570899996295,9.30854000000636,2007040,3,25.709989000006317,0.20511100001385785,0.10700600000745908,48.6507169999868,602112,11.882487999969271,0.26701599995249126,0.04870200007189851,33.76775600008841,802816,12.969751000014185,0.1549090000025899,0.0473029999739083,18.921495999961735,401408,16.95348099997318,0.12750799999139417,0.025502000084998144,0.0,200704,0.0,0.0,0.0,0.0,0
1,chain_4svc,153,76.48052900003677,67.68041899988475,8.800110000152017,2007040,3,26.114312000004247,0.1947110000628527,0.10300600001755811,47.930774999940695,602112,11.927790999948229,0.2661150000449197,0.0665039999603323,33.419434999927944,802816,12.748937999958798,0.15780900002937415,0.040401999967798474,18.726583999978175,401408,16.889377999973476,0.0985059999720761,0.025402000005669834,0.0,200704,0.0,0.0,0.0,0.0,0
1,chain_4svc,154,77.6977990000205,68.8544859999638,8.843313000056696,2007040,3,25.97250400003759,0.19481100002849416,0.09450499999275053,49.255251999966276,602112,12.019796000004135,0.29531699999552075,0.053702999935012485,34.64700600000015,802816,12.872645000015837,0.15190900001016416,0.03540199998042226,19.822047999923598,401408,17.98954099990624,0.10420600006000313,0.025002000029417104,0.0,200704,0.0,0.0,0.0,0.0,0
1,chain_4svc,155,78.21082800001022,68.68327599988788,9.527552000122341,2007040,3,26.18621599992821,0.20461200006138824,0.08050500002809713,49.35695699998632,602112,11.969392999958473,0.2534150000883528,0.04240199996274896,34.5088990000022,802816,12.663932999998906,0.19591199998103548,0.04410299993651279,19.896452000011777,401408,17.863734000002296,0.10540599998876132,0.027101999990009062,0.0,200704,0.0,0.0,0.0,0.0,0
1,chain_4svc,156,78.71105699996406,69.14830500022617,9.562751999737884,2007040,3,26.74594900008742,0.2020119999315284,0.0798039999381217,49.35965800007125,602112,11.800084000014976,0.25051399995845713,0.04070199997840973,34.698909000098865,802816,12.622831000044243,0.14760900000965194,0.04100199998902099,20.16616699995666,401408,17.979441000079532,0.10570599999937258,0.025400999902558397,0.0,200704,0.0,0.0,0.0,0.0,0
1,chain_4svc,157,79.12478200000805,69.76733999999851,9.357442000009542,2007040,3,26.311922999980197,0.20551199997953518,0.11350700003731617,50.31981399997676,602112,11.933690999967439,0.2829160000601405,0.07150400006139535,35.56195900000603,802816,13.028955000095266,0.15870899994752108,0.03310199997486052,20.546289999970213,401408,18.49277099995561,0.12490699998579657,0.024202000076911645,0.0,200704,0.0,0.0,0.0,0.0,0
1,chain_4svc,158,77.37408000002688,67.9415339999423,9.432546000084585,2007040,3,26.180916000043908,0.19461199997294898,0.07720399992194871,48.62691599998925,602112,11.957592000044315,0.27851599998029997,0.050602999976945284,34.087473999989015,802816,12.620130999948742,0.1523079999969923,0.033502000064800086,19.43802499999947,401408,17.18289499990533,0.10590600004434236,0.024702000018805848,0.0,200704,0.0,0.0,0.0,0.0,0
1,chain_4svc,159,78.25433099992551,68.85908799995377,9.395242999971742,2007040,3,25.951303000056214,0.21121199995377538,0.10050599996702658,49.83848599999874,602112,11.91819099994973,0.2744150000353329,0.043202000028941256,35.085232000028554,802816,13.572285000009288,0.14810899995154614,0.05370400003812392,19.123407999927622,401408,17.41730899993854,0.10340599999381084,0.024501000098098302,0.0,200704,0.0,0.0,0.0,0.0,0
1,chain_4svc,160,79.0071750000152,70.09966000020995,8.907514999805244,2007040,3,26.007106000065505,0.20241200002146797,0.11090599991803174,50.4879229999915,602112,11.906790000011824,0.26281500004188274,0.05160299997442053,35.64916400000584,802816,14.033613000037803,0.15300899997328088,0.037902000030953786,19.748644000060267,401408,18.15215100009482,0.10620599994126678,0.025101999995058577,0.0,200704,0.0,0.0,0.0,0.0,0
1,chain_4svc,161,77.0634620000692,68.60377100008463,8.45969099998456,2007040,3,25.92880099996364,0.18741100006991473,0.08390499999677559,48.74932200004878,602112,11.800683000046774,0.2598149999357702,0.0486029999819948,34.47419600001922,802816,13.56498500001635,0.15700899996318185,0.0359020000360033,19.006400000080248,401408,17.30930200005787,0.10220599995136581,0.025401000016245234,0.0,200704,0.0,0.0,0.0,0.0,0
1,chain_4svc,162,76.86525100007202,68.1212440000536,8.744007000018428,2007040,3,26.150413999971533,0.2028119999977207,0.08620500000233733,48.267994999946495,602112,11.850886000047467,0.2533150000090245,0.04060300000219286,33.69365100002142,802816,12.855444000024363,0.15120900002330018,0.03990200002590427,18.878192999977728,401408,17.26450000001023,0.10150599996450183,0.025401000016245234,0.0,200704,0.0,0.0,0.0,0.0,0
1,chain_4svc,163,76.19971200006148,67.59231400008048,8.607397999981004,2007040,3,25.813295000034486,0.19291099999918515,0.08560499998111482,47.875972000042566,602112,11.765382000021418,0.25701399999888963,0.04150199993091519,33.65124900005867,802816,12.791940000056456,0.15790999998444022,0.035602000025392044,18.86949300001106,401408,17.221696999968117,0.10510599997815007,0.02390099996318895,0.0,200704,0.0,0.0,0.0,0.0,0
1,chain_4svc,164,77.10496400000011,68.59877099998357,8.506193000016538,2007040,3,25.938800999938394,0.196512000002258,0.11030699999992066,48.776124000028176,602112,11.817184000051384,0.26131499998882646,0.04550299991024076,34.48149700000158,802816,12.888046999933067,0.15920900000310212,0.036002000001644774,19.665637999992214,401408,17.954739000060727,0.10190599994075455,0.025402000005669834,0.0,200704,0.0,0.0,0.0,0.0,0
1,chain_4svc,165,76.82964899993294,68.1019420001121,8.727706999820839,2007040,3,25.980903999993643,0.1937109999516906,0.10780700006307598,48.40730299997631,602112,11.952492000091297,0.25811499995143095,0.05350300000372954,33.69765100001132,802816,13.082856999972137,0.1830109999900742,0.0372020000440898,18.61907800002882,401408,17.085689000055027,0.10200600002008287,0.025300999936916924,0.0,200704,0.0,0.0,0.0,0.0,0
1,chain_4svc,166,78.95637199999328,69.09420200008753,9.862169999905745,2007040,3,25.956502999974873,0.20811199999570817,0.0788050000437579,50.43911999996453,602112,11.918790999970952,0.3120179999314132,0.04860200010625704,35.31474499993692,802816,12.618731000088701,0.1495089999252741,0.031601999921804236,20.443384000031983,401408,18.60017700005301,0.10060599993266806,0.02570100002685649,0.0,200704,0.0,0.0,0.0,0.0,0
1,chain_4svc,167,78.71895900007075,69.31151499998123,9.407444000089527,2007040,3,25.816194999947584,0.2061120000007577,0.11430600000039703,50.393817999975,602112,11.93049100004373,0.2654149999443689,0.051002999953198014,35.688367000034305,802816,13.252168000008169,0.1619089999849166,0.036501999943538976,20.44788399996378,401408,18.312660999981745,0.1050060000125086,0.02610100000310922,0.0,200704,0.0,0.0,0.0,0.0,0
1,chain_4svc,168,81.55382200004624,72.34039000002213,9.213432000024113,2007040,3,25.789194000026328,0.20601199992142938,0.07700399999066576,53.230181999992965,602112,11.820185000033234,0.2567139999882784,0.051002999953198014,38.636236999991524,802816,16.03942899998856,0.15210900005513395,0.03500200000416953,20.333078000021487,401408,18.691581999974005,0.10220599995136581,0.024901000074351032,0.0,200704,0.0,0.0,0.0,0.0,0
1,chain_4svc,169,75.99270100001831,67.31089700019766,8.681803999820659,2007040,3,25.78539300009197,0.20251099999768485,0.10580599996501405,47.768165999968915,602112,11.800283000070522,0.26851500001612294,0.04770299995016103,33.39633400003095,802816,12.822443000004569,0.15770899995004584,0.034302000017305545,18.586376000030214,401408,16.902778000030594,0.1042059999463163,0.024702000018805848,0.0,200704,0.0,0.0,0.0,0.0,0
1,chain_4svc,170,79.4866030000776,70.02015499983827,9.466448000239325,2007040,3,26.172215999963555,0.20961200004876446,0.0793039999962275,50.719737000008536,602112,11.996995000004063,0.2662150000105612,0.048001999971347686,35.88167800000974,802816,14.341529999910563,0.177311000015834,0.034302000017305545,19.199211000000105,401408,17.50941399996009,0.10660600003120635,0.026002000026892347,0.0,200704,0.0,0.0,0.0,0.0,0
1,chain_4svc,171,77.02956000002814,67.55771200005256,9.47184799997558,2007040,3,25.660686000037458,0.19731099996533885,0.08010399994873296,48.845828000025904,602112,11.710077999964597,0.2655150000236972,0.040902000023379514,34.57210199997007,802816,12.652733000095395,0.153407999960109,0.03400200000669429,19.92985399999725,401408,17.53421499995511,0.10590700003376696,0.02660100005869026,0.0,200704,0.0,0.0,0.0,0.0,0
1,chain_4svc,172,79.02247599997736,69.70673700027419,9.315738999703171,2007040,3,25.81819500005622,0.2041120000058072,0.10630600002059509,50.70003600008022,602112,11.785683000084646,0.2558149999458692,0.04150199993091519,36.0891889999948,802816,13.66859100005513,0.15740899993943458,0.0390019999940705,20.069661999968957,401408,18.43426800007819,0.1011049999988245,0.027500999976837193,0.0,200704,0.0,0.0,0.0,0.0,0
1,chain_4svc,173,76.60833600004935,67.85133000005317,8.757005999996181,2007040,3,26.144713999997293,0.19611200002600526,0.11180600006355235,47.991679000006116,602112,11.93029099999876,0.27681599999596074,0.06450399996538181,33.582744000000275,802816,12.83264300002429,0.15840899993690982,0.033401999985471775,18.62237800003186,401408,16.943682000032823,0.09730499994020647,0.025800999992497964,0.0,200704,0.0,0.0,0.0,0.0,0
1,chain_4svc,174,77.47308599994085,68.73537900003157,8.737706999909278,2007040,3,25.846195999974952,0.2098119999800474,0.11090700002114318,49.050640000018575,602112,11.969792999934725,0.26061599999138707,0.05780300000424177,34.52469900003052,802816,13.081358000022192,0.14750799994089903,0.033401999985471775,19.443926000008105,401408,17.8380320000997,0.10480699995696341,0.025301999926341523,0.0,200704,0.0,0.0,0.0,0.0,0
1,chain_4svc,175,76.55683300004057,67.85702799993487,8.699805000105698,2007040,3,25.959503000080986,0.19811200002095575,0.11270699997112388,48.13018699996974,602112,11.867786999914642,0.25251500005651906,0.04560200000014447,33.73035300000993,802816,12.992152000038004,0.16800999992483412,0.0346020000279168,18.637578999914695,401408,17.03758599990124,0.10400600001503335,0.026002000026892347,0.0,200704,0.0,0.0,0.0,0.0,0
1,chain_4svc,176,79.56930699992881,70.44597899994187,9.123327999986941,2007040,3,25.541578999991543,0.19381100003101892,0.1024059999963356,51.667892000068605,602112,12.121301999968637,0.2598149999357702,0.062203000084082305,36.97684099995513,802816,13.878902999977072,0.14340900008846802,0.03220199994302675,20.932612000024164,401408,18.90419500000462,0.10720600005242886,0.027101000000584463,0.0,200704,0.0,0.0,0.0,0.0,0
1,chain_4svc,177,78.26723200003016,69.40101799989407,8.866214000136097,2007040,3,26.053607999983797,0.18961099999614817,0.0793049999856521,49.905089000048974,602112,11.988394000013614,0.2615149999201094,0.05140300004313758,35.44595300002129,802816,13.942306999979337,0.1599089999899661,0.0367020001021956,19.344619999969836,401408,17.41670899991732,0.10520600005747838,0.026701000024331734,0.0,200704,0.0,0.0,0.0,0.0,0
1,chain_4svc,178,78.6532540000735,69.97255099997801,8.680703000095491,2007040,3,26.70144600006097,0.21321199994872586,0.11390699989988207,49.41326100004062,602112,12.018495999996048,0.2635159999044845,0.06140300001789001,35.03262799995355,802816,13.113858999986405,0.1838110000562665,0.03700199999912002,19.825247999960993,401408,18.13874999993459,0.10470600000189734,0.026801999979397806,0.0,200704,0.0,0.0,0.0,0.0,0
1,chain_4svc,179,78.79826300006698,69.90864700014754,8.889615999919442,2007040,3,27.292880000004516,0.20291199996336218,0.09790599995085358,48.97203600000921,602112,12.010995000082403,0.2687159999368305,0.04790299999513081,34.25658399999065,802816,12.93594900005246,0.160710000045583,0.03620199993292772,19.36192099992695,401408,17.66882300000816,0.10280599997258832,0.025002000029417104,0.0,200704,0.0,0.0,0.0,0.0,0
1,chain_4svc,180,80.31135099997755,71.0427129999971,9.268637999980456,2007040,3,26.42262999995637,0.2164130000892328,0.10590600004434236,51.40897700005098,602112,11.986094000008052,0.28381599997828744,0.051902999985031784,36.79063100003077,802816,13.54848400001174,0.15550899991012557,0.034302000017305545,20.75510099996336,401408,19.08550500002093,0.10050599996702658,0.02610199999253382,0.0,200704,0.0,0.0,0.0,0.0,0
1,chain_4svc,181,84.24657799992019,73.76467099993533,10.481906999984858,2007040,3,25.875598999959948,0.2145120000704992,0.10990600003424333,55.124191999993855,602112,15.171877999932804,0.29911700005413877,0.07170400010636513,37.114449000000604,802816,14.602944999978718,0.18251099993449316,0.04480300003706361,20.275273999914134,401408,18.114249000063865,0.10880699994686438,0.025500999981886707,0.0,200704,0.0,0.0,0.0,0.0,0
1,chain_4svc,182,78.57694999995601,69.6809349999512,8.896015000004809,2007040,3,26.665143999935026,0.20131200005835126,0.11540600007720059,49.554069000009804,602112,12.741538000000219,0.2718150000191599,0.05010300003505108,34.16517800008023,802816,12.851444000034462,0.15540900005817093,0.03230199990866822,19.133708000026672,401408,17.4228089999815,0.11110599996300152,0.02570200001628109,0.0,200704,0.0,0.0,0.0,0.0,0
1,chain_4svc,183,82.63118399997893,73.64976399992429,8.98142000005464,2007040,3,27.205774999970345,0.20321200008766027,0.10990600003424333,52.83435900003042,602112,12.232007999955385,0.25751500004389527,0.048503000016353326,38.08370499996272,802816,16.752269999983582,0.17661100002897,0.04480200004763901,19.279315999938262,401408,17.459711000014977,0.10450599995692755,0.02480099999502272,0.0,200704,0.0,0.0,0.0,0.0,0
1,chain_4svc,184,85.1191279999739,76.11210499999288,9.007022999981018,2007040,3,34.16837800000394,0.23321399999076675,0.1113069999973959,48.524209999982304,602112,12.058797999998205,0.25681499994334445,0.04480300003706361,33.87936100000388,802816,12.760238000055324,0.18051099993954267,0.03270199999860779,19.126906999986204,401408,17.12469099993541,0.10830700000497018,0.02610199999253382,0.0,200704,0.0,0.0,0.0,0.0,0
1,chain_4svc,185,77.69189800001186,68.38836000008541,9.303537999926448,2007040,3,25.93730199998845,0.20691200006694999,0.11540599996351375,49.31775599993671,602112,12.037996999993084,0.28191600006266526,0.04810299992641376,34.70490899997003,802816,12.800441000081264,0.1554089999444841,0.03270199999860779,19.720342000027813,401408,17.612620000022616,0.10180599997511308,0.026801999979397806,0.0,200704,0.0,0.0,0.0,0.0,0
1,chain_4svc,186,77.40858199997547,68.3827589999737,9.025823000001765,2007040,3,26.202117000025282,0.20621199996639916,0.11100699998678465,48.626614999989215,602112,11.852085999976225,0.253414999974666,0.04610300004515011,34.06827300000259,802816,13.220265999962066,0.15480900003694842,0.03230200002235506,18.785788000059256,401408,17.10829000001013,0.10480599996753881,0.02700200002436759,0.0,200704,0.0,0.0,0.0,0.0,0
1,chain_4svc,187,76.33032000001094,68.01513999994313,8.315180000067812,2007040,3,25.89520000003631,0.1976109999759501,0.08050500002809713,48.194491000003836,602112,11.84868599989386,0.25901500009695155,0.056403000030513795,33.83845999996993,802816,12.704235999990487,0.15610900004503492,0.039202000039040286,19.26561599998422,401408,17.567018000022472,0.10760599991499475,0.023701000031906005,0.0,200704,0.0,0.0,0.0,0.0,0
1,chain_4svc,188,77.92641200001071,68.70787900004416,9.218532999966556,2007040,3,25.972704000082558,0.1983109999628141,0.10450599995692755,49.62197300005755,602112,11.978893999980755,0.26671600005556684,0.050702000066848996,35.08843099996284,802816,13.358973999970658,0.1562090000106764,0.036501999943538976,19.832848999953967,401408,17.397307000010187,0.10410599998067482,0.027602000045590103,0.0,200704,0.0,0.0,0.0,0.0,0
1,chain_4svc,189,79.5214049999231,70.24676800006091,9.274636999862196,2007040,3,27.994021000040448,0.19331099997543788,0.11590700000851939,49.05744099994536,602112,11.815084000090792,0.26581499992062163,0.04820300000574207,34.53109899999163,802816,13.511381999933292,0.15280900004199793,0.0346020000279168,19.13100799993117,401408,16.92628099999638,0.10870599999179831,0.02530100005060376,0.0,200704,0.0,0.0,0.0,0.0,0
1,chain_4svc,190,79.48650299999827,70.65509099993506,8.83141200006321,2007040,3,26.31942400000753,0.19621100000222214,0.09560600005897868,50.75753900007385,602112,12.20380600000226,0.2971180000486129,0.047602999984519556,35.80617299996902,802816,13.827000999981465,0.15100900009201723,0.0434019999602242,20.035959999972874,401408,18.3048599999438,0.10750600006304012,0.026001000037467747,0.0,200704,0.0,0.0,0.0,0.0,0
1,chain_4svc,191,79.43680000005315,70.68239199998061,8.754408000072544,2007040,3,26.265320999982578,0.20191199996588693,0.09570500003519555,50.58112900007927,602112,12.106600999914008,0.2690160000611286,0.05010300003505108,35.85827599999902,802816,13.64958999999999,0.1505090000364362,0.04140199996527372,20.344278000038685,401408,18.660880000084035,0.11150699992867885,0.03580199995667499,0.0,200704,0.0,0.0,0.0,0.0,0
1,chain_4svc,192,77.92491199995766,68.63607600007526,9.288835999882394,2007040,3,26.244620000056784,0.20811199999570817,0.11200699998425989,49.141945999963355,602112,12.02569700001277,0.26321500001813547,0.048801999923853145,34.46749500005808,802816,12.92024899998978,0.15520900001320115,0.03170100001170795,19.46492699994451,401408,17.44551000001593,0.13390799995249836,0.025101999995058577,0.0,200704,0.0,0.0,0.0,0.0,0
1,chain_4svc,193,77.54328999999416,68.1977489999781,9.345541000016055,2007040,3,25.90820000000349,0.1944119999279792,0.07920400003058603,49.21375000003536,602112,11.912890000076004,0.3000169999722857,0.045201999910204904,34.56810199998017,802816,12.53692599993883,0.14880900005209696,0.04010199995718722,19.9975570000106,401408,17.83973299995978,0.10520600005747838,0.025900999958139437,0.0,200704,0.0,0.0,0.0,0.0,0
1,chain_4svc,194,76.17861100004575,66.78446800003712,9.394143000008626,2007040,3,25.647185000025274,0.18851100003303145,0.08300499996494182,48.23259299996607,602112,11.782883000023503,0.26181499993072066,0.04100199998902099,33.76405500000601,802816,12.4396200000092,0.15390900000511465,0.03400200000669429,18.871692000061557,401408,16.914779999979146,0.11190600002919382,0.025900999958139437,0.0,200704,0.0,0.0,0.0,0.0,0
1,chain_4svc,195,80.58726699994168,71.91816500005643,8.669101999885243,2007040,3,28.950476999966668,0.1966110000921617,0.08010399994873296,49.18074700003672,602112,12.33101400009673,0.2787159999115829,0.042302999986532086,34.15487799998118,802816,13.765296999963539,0.15020900002582493,0.03190200004610233,18.48037000002023,401408,16.871377000029497,0.10460600003625586,0.024900999960664194,0.0,200704,0.0,0.0,0.0,0.0,0
1,chain_4svc,196,77.170768999963,67.13658700016367,10.03418199979933,2007040,3,25.853697000002285,0.19801200005531427,0.1068059999624893,48.90253200005645,602112,11.805984000034186,0.2666149999868139,0.0499029999900813,34.11877500002447,802816,12.387617000058526,0.1684100000147737,0.034201999937977234,19.3828220000114,401408,17.089289000068675,0.10700600000745908,0.024201999963224807,0.0,200704,0.0,0.0,0.0,0.0,0
1,chain_4svc,197,79.0433759999587,70.01625600003081,9.02711999992789,2007040,3,25.845997000033094,0.19331099997543788,0.11590599990540795,50.77573999994911,602112,11.815185000045858,0.2667149999524554,0.04240199996274896,36.385806999987835,802816,13.100058999953035,0.1581090000399854,0.03500200000416953,21.197327999971094,401408,19.25501499999882,0.12830699995447503,0.025502000084998144,0.0,200704,0.0,0.0,0.0,0.0,0
1,chain_4svc,198,76.68723999995564,67.74192100010623,8.945318999849405,2007040,3,25.797193000016705,0.20051199999215896,0.07760500000131287,48.42860500002644,602112,11.720078000053036,0.2604149999569927,0.04830299997138354,34.19428000006519,802816,13.164361999997709,0.15460899999197864,0.03370199999608303,19.132507999984227,401408,17.06028800003878,0.10790600003929285,0.025401999891982996,0.0,200704,0.0,0.0,0.0,0.0,0
1,chain_4svc,199,76.814947999992,68.14524599997185,8.669702000020152,2007040,3,25.920100999996976,0.2573149999989255,0.12500699995143805,48.37070099995344,602112,11.935990999973,0.24941499998476502,0.05280300001686555,33.86726100006854,802816,12.593829000024925,0.15130899998894165,0.03360200003044156,19.3642210000462,401408,17.695324999976947,0.0972059999639896,0.026401000013720477,0.0,200704,0.0,0.0,0.0,0.0,0
1,chain_4svc,200,77.35407899997426,68.80838399990807,8.545695000066189,2007040,3,25.83839600004012,0.20051100000273436,0.10920700003680395,49.13574499994411,602112,12.007394999955068,0.259815000049457,0.049003000071934366,34.556200999986686,802816,13.283768999940548,0.15330899998389214,0.0333020000198303,19.40212399995289,401408,17.678823999972337,0.10870599999179831,0.025101999995058577,0.0,200704,0.0,0.0,0.0,0.0,0
2,chain_4svc,1,79.27202199994099,70.029800000043,9.242221999897993,2007040,3,25.949586000024283,0.19800899997335364,0.07860400000936352,50.804821000042466,602112,12.187957000037386,0.2822129999913159,0.04830199998195894,35.94574200008083,802816,13.938037000002623,0.15430700000251818,0.03220199994302675,19.777303999944706,401408,17.954219999978704,0.10930500002359622,0.025801999981922563,0.0,200704,0.0,0.0,0.0,0.0,0
2,chain_4svc,2,82.02194800003326,73.09233999990283,8.929608000130429,2007040,3,29.47644699997909,0.2443109999603621,0.08680400003413524,49.84237700000449,602112,11.962846999949761,0.25871100001495506,0.05890300008104532,35.26571099996545,802816,13.338508999936494,0.16620799999600422,0.03180199996677402,20.06381700005022,401408,18.31453700003749,0.1068049999730647,0.025101000005633978,0.0,200704,0.0,0.0,0.0,0.0,0
2,chain_4svc,3,78.05916699999216,68.94865000003847,9.110516999953688,2007040,3,27.23624399993696,0.1991090000501572,0.07730400000127702,48.442114000067704,602112,11.869241999988844,0.25881199997002113,0.04650200003197824,34.05955599998833,802816,12.513772000033896,0.14730700002019148,0.03450099995916389,19.318281999971987,401408,17.32939200007877,0.0972039999851404,0.025900999958139437,0.0,200704,0.0,0.0,0.0,0.0,0
2,chain_4svc,4,77.16712599994935,68.19831799987242,8.968808000076933,2007040,3,26.319102999991628,0.20470900005875592,0.09880499999326275,48.53581800000484,602112,11.85674199996356,0.256212000067535,0.04790200000570621,33.791444000030424,802816,12.460969999892768,0.15590700002121594,0.033901000051628216,19.42948799990063,401408,17.56150300002446,0.1086049999230454,0.02650099997936195,0.0,200704,0.0,0.0,0.0,0.0,0
2,chain_4svc,5,78.71489699994072,70.14340499983973,8.571492000100989,2007040,3,27.846771999975317,0.19550900003650895,0.07760400001188827,48.42261199996756,602112,11.911544999975376,0.2520110000432396,0.045301999989533215,34.0102540000089,802816,13.139899999941917,0.14720700005455,0.035101999969811004,18.995167999946716,401408,17.24518799994712,0.10580399998616485,0.02440200000819459,0.0,200704,0.0,0.0,0.0,0.0,0
2,chain_4svc,6,79.66744100008327,71.15774999988389,8.509691000199382,2007040,3,26.82182500007002,0.20240999992893194,0.0907039999447079,50.54270899995572,602112,12.006448999954955,0.277313000083268,0.05050200002187921,36.148451000030946,802816,12.708079999924848,0.15190700003131496,0.034302000017305545,21.391377999975703,401408,19.621395999934066,0.10920500005795475,0.024701000029381248,0.0,200704,0.0,0.0,0.0,0.0,0
2,chain_4svc,7,77.05362100000457,68.2434180000655,8.810202999939065,2007040,3,26.468210000075487,0.19980899992333434,0.11440499997661391,48.209102999976494,602112,11.8478409999625,0.2638120000710842,0.04010199995718722,33.76084299998183,802816,12.549573000001146,0.15310699996007315,0.03380200007541134,19.143675000009353,401408,17.37779400002637,0.10330399993563333,0.026402000003145076,0.0,200704,0.0,0.0,0.0,0.0,0
2,chain_4svc,8,77.00921899993318,68.01351000012801,8.995708999805174,2007040,3,26.076492000015605,0.20000899996830412,0.11410499996600265,48.537118000012924,602112,12.088453000046684,0.26761199990232853,0.041301000010207645,33.79254399999354,802816,12.553873999991083,0.15380699994693714,0.03420200005166407,19.024969000042802,401408,17.294691000074636,0.10910499997862644,0.024500999984411465,0.0,200704,0.0,0.0,0.0,0.0,0
2,chain_4svc,9,78.70619599998463,69.38247100003991,9.323724999944716,2007040,3,25.690574000009292,0.19490900001528644,0.08400399997299246,50.64811399995506,602112,12.081451999961246,0.26461200002358964,0.06240300001536525,35.62332799992873,802816,13.124500000003536,0.16730799995912093,0.04020200003651553,20.315728000014133,401408,18.48594500006584,0.10330499992505793,0.025401000016245234,0.0,200704,0.0,0.0,0.0,0.0,0
2,chain_4svc,10,79.2739219999703,70.05470200010677,9.219219999863526,2007040,3,27.0086350000156,0.24291099998663412,0.07970299998305563,49.63956899996447,602112,11.979046999954335,0.27291200001400284,0.053702999935012485,34.9705979999726,802816,13.31160900008399,0.15190699991762813,0.032500999964213406,19.507590999978675,401408,17.755411000052845,0.10520499995436694,0.025800999992497964,0.0,200704,0.0,0.0,0.0,0.0,0
2,chain_4svc,11,79.76864500005831,70.23671100000684,9.531934000051479,2007040,3,26.39210600000297,0.19820900001832342,0.10890499993365665,50.89252499999475,602112,12.099852999995164,0.2717129999609824,0.05270200006179948,36.318958999913775,802816,12.500172000045495,0.15230699989388086,0.03310099998543592,21.50638299997354,401408,19.244579999963207,0.10870500000237371,0.026200999968750693,0.0,200704,0.0,0.0,0.0,0.0,0
2,chain_4svc,12,79.5393339999464,70.85223699994003,8.68709700000636,2007040,3,25.880583000002844,0.19540899995718064,0.0780029999987164,51.23384199998782,602112,11.89644299995507,0.26911300005849625,0.044902000013280485,36.77837999998701,802816,14.232149999998,0.1439059999484016,0.032602000032966316,20.575540000095316,401408,18.843060999984118,0.099804999990738,0.025401000016245234,0.0,200704,0.0,0.0,0.0,0.0,0
2,chain_4svc,13,83.0959970001004,73.90047599983518,9.195521000265217,2007040,3,26.112893000004078,0.23250999993251753,0.09090500009278912,54.53899199994794,602112,12.006448999954955,0.26391200003672566,0.051502000019354455,39.85022100005153,802816,13.138899999944442,0.1537070000949825,0.035202000049139315,24.464917999921454,401408,22.642233999931705,0.11800600009337359,0.025901000071826275,0.0,200704,0.0,0.0,0.0,0.0,0
2,chain_4svc,14,79.04541200002768,69.9262960000624,9.119115999965288,2007040,3,26.712121000059597,0.20811000001685898,0.1060039999174478,49.817976999975144,602112,12.062751000030403,0.25691200005439896,0.051801999916278874,35.19270799995411,802816,12.819285999967178,0.15240699997320917,0.03550100007032597,20.10961899998165,401408,18.332138000005216,0.10740400000486261,0.025700999913169653,0.0,200704,0.0,0.0,0.0,0.0,0
2,chain_4svc,15,76.09327700004087,67.30477500002507,8.788502000015797,2007040,3,25.647771999956603,0.19720900002084818,0.07790400002249953,48.135599000033835,602112,11.820440000064991,0.253010999927028,0.049302999968858785,33.75924300007682,802816,12.545072999955664,0.14110699999037024,0.034701999993558275,18.973066999933508,401408,17.291490000047816,0.10360499993566918,0.02650099997936195,0.0,200704,0.0,0.0,0.0,0.0,0
2,chain_4svc,16,81.75133600002482,72.38170900006935,9.369626999955472,2007040,3,26.119794000010188,0.2373109999780354,0.11930499999834865,53.12882800001262,602112,12.122954000005848,0.26231199990434106,0.04230199999710749,38.03963799998655,802816,12.961993000089933,0.15430700000251818,0.03320099995107739,23.002452000014273,401408,21.17696799996338,0.10850500007109076,0.028401000008670962,0.0,200704,0.0,0.0,0.0,0.0,0
2,chain_4svc,17,83.4289130000343,73.7220690000413,9.706843999992998,2007040,3,27.45555499996044,0.2129089999698408,0.12050500004079367,53.387440000051356,602112,12.256860000093184,0.2674129999604702,0.044902000013280485,38.31285100000059,802816,13.944336999998086,0.15900700009296997,0.03490199992484122,22.167413000033775,401408,20.06531699998959,0.11280500007160299,0.02730099993186741,0.0,200704,0.0,0.0,0.0,0.0,0
2,chain_4svc,18,78.52298800003155,69.06745700007377,9.455530999957773,2007040,3,26.92463100004261,0.1996089999920514,0.11550499993973062,49.306552999951236,602112,11.995547999958944,0.2617119999968054,0.05090199999813194,34.04975600005855,802816,12.487271000054534,0.1464059999989331,0.034201999937977234,19.637897000052362,401408,17.660007000017686,0.10640499999681197,0.025400999902558397,0.0,200704,0.0,0.0,0.0,0.0,0
2,chain_4svc,19,77.5760450000007,68.37422499995682,9.201820000043881,2007040,3,25.5538679999745,0.18790900003295974,0.10020399997756613,49.6636689999832,602112,11.84584099996755,0.2559120000569237,0.040801999944051204,35.281311999938225,802816,12.794385000006514,0.14950700006011175,0.03570199999103352,20.543338000038602,401408,18.18013100000826,0.10530500003369525,0.028001000032418233,0.0,200704,0.0,0.0,0.0,0.0,0
2,chain_4svc,20,77.40363699997488,68.50723100001233,8.896405999962553,2007040,3,26.015389000008327,0.19740899995213113,0.07920400003058603,48.99033800006691,602112,11.865341999964585,0.2554120000013427,0.04780200004006474,34.554778999904556,802816,12.492170999962582,0.18550800007233192,0.03540199998042226,20.140620000006493,401408,18.134329000076832,0.0959049999664785,0.026300999934392166,0.0,200704,0.0,0.0,0.0,0.0,0
2,chain_4svc,21,76.91031399997428,68.25781899999583,8.652494999978444,2007040,3,26.160096000012345,0.21360900007039163,0.11220499993669364,48.37330999998812,602112,11.969046999979582,0.26051199995436036,0.04880200003753998,34.014853999906336,802816,12.761382999997295,0.15220700004192622,0.03520199993545248,19.274080000059257,401408,17.36729300000661,0.10580500008927629,0.025501999971311307,0.0,200704,0.0,0.0,0.0,0.0,0
2,chain_4svc,22,76.56769899995197,67.66839199997321,8.899306999978762,2007040,3,25.998387999948136,0.20080900003449642,0.10720500006300426,48.15450000000965,602112,11.879442999997991,0.26511199996548385,0.04100199998902099,33.73614199995245,802816,12.68737999998848,0.16800699995656032,0.034302000017305545,18.844760999968457,401408,17.103181000038603,0.10090499995385471,0.025002000029417104,0.0,200704,0.0,0.0,0.0,0.0,0
2,chain_4svc,23,76.98831799996242,68.1102110000893,8.878106999873125,2007040,3,26.095692000012605,0.18520900005114527,0.09140399993157189,48.565318999976625,602112,12.050349999981336,0.27021300002161297,0.040902000023379514,34.01555499999631,802816,12.457369000003382,0.15250699993885064,0.030401999993046047,19.179377000000386,401408,17.50680000009197,0.10350499997002771,0.025300999936916924,0.0,200704,0.0,0.0,0.0,0.0,0
2,chain_4svc,24,79.99935599991659,70.45331899996654,9.546036999950047,2007040,3,28.458501000045544,0.2136099999461294,0.07790300003307493,49.005539000063436,602112,12.076550999950086,0.265513000044848,0.050203000000692555,34.08855800000765,802816,12.58707499994216,0.20200900007694145,0.034802000072886585,19.0693710000005,401408,17.33119200002875,0.10310499999377498,0.02570100002685649,0.0,200704,0.0,0.0,0.0,0.0,0
2,chain_4svc,25,78.59659100006411,68.70863899996493,9.887952000099176,2007040,3,25.90728300003775,0.20681000000877248,0.10920499994426791,50.192193999919255,602112,11.918043999912697,0.26351200006047293,0.06470300002092699,35.43291899995893,802816,13.56301999999232,0.1515069999413754,0.03480099996977515,19.402486999979374,401408,17.320292000022164,0.1029039999593806,0.026401000013720477,0.0,200704,0.0,0.0,0.0,0.0,0
2,chain_4svc,26,78.23097499999676,69.53627799998685,8.69469700000991,2007040,3,26.02908899996237,0.19940900006076845,0.10570500000994798,49.76257400005579,602112,11.936046000073475,0.25551199996698415,0.04190099991774332,35.45681999992212,802816,12.467069999956948,0.14940599999135884,0.03230200002235506,20.792049999954543,401408,19.10407299999406,0.10380499998063897,0.026501000093048788,0.0,200704,0.0,0.0,0.0,0.0,0
2,chain_4svc,27,76.76960800006327,67.78899800008276,8.980609999980516,2007040,3,26.089392000017142,0.19980900003702118,0.07980400005180854,48.379309999972975,602112,12.057650999963698,0.2546110000594126,0.049403000048187096,33.57253399997262,802816,12.409067000021423,0.14760700003080274,0.04100199998902099,18.958666000003177,401408,17.232888000080493,0.10180399999626388,0.02600099992378091,0.0,200704,0.0,0.0,0.0,0.0,0
2,chain_4svc,28,77.37643600000865,68.60893599991869,8.767500000089967,2007040,3,25.95878600004653,0.1900089999935517,0.10820499994679267,49.01824000000943,602112,11.953046999906292,0.2496110000720364,0.04570200007947278,34.77988899999218,802816,12.391165999929399,0.1503070000126172,0.035101999969811004,20.0616170000103,401408,18.305937000036465,0.10570500000994798,0.025401000016245234,0.0,200704,0.0,0.0,0.0,0.0,0
2,chain_4svc,29,76.93211499997687,67.90390400010438,9.028210999872499,2007040,3,25.918685000078767,0.19510799995714478,0.11350499994478014,48.68612499990377,602112,11.912144999996599,0.2628119999599221,0.04650200003197824,34.052456000040365,802816,12.336364000020694,0.15300699999443168,0.03540199998042226,19.440087999896605,401408,17.736710000008316,0.10290500006249204,0.028201999953125778,0.0,200704,0.0,0.0,0.0,0.0,0
2,chain_4svc,30,77.94266099995184,68.5815360000106,9.36112499994124,2007040,3,26.214998000000378,0.1952090000258977,0.0754029999825434,49.297752000029504,602112,11.952446999998756,0.27971199995135976,0.04950200002440397,34.7796890000609,802816,12.444469000001845,0.14570600001206913,0.03440199998294702,19.88280799992026,401408,17.969622000009622,0.10280399999373913,0.02530100005060376,0.0,200704,0.0,0.0,0.0,0.0,0
2,chain_4svc,31,77.52834299992628,68.39912600003117,9.129216999895107,2007040,3,25.853881999978512,0.1983089999839649,0.07790300003307493,49.20984900002168,602112,11.89514300006067,0.2679119999129398,0.03990200002590427,34.3769709999151,802816,12.395467000033022,0.16650800000661548,0.03440099999352242,19.898109000109798,401408,18.25463399995897,0.1063050000311705,0.025800999992497964,0.0,200704,0.0,0.0,0.0,0.0,0
2,chain_4svc,32,76.25888499990197,67.38647900010619,8.872405999795774,2007040,3,25.859182000090186,0.19580899993343337,0.07640399996944325,48.04149500000676,602112,11.845541000070625,0.2598119999674964,0.05030199997690943,33.67283900001894,802816,12.393965999990542,0.1510069999994812,0.03760200002034253,19.090672000061204,401408,17.28778999995484,0.10280499998316373,0.025601000061215018,0.0,200704,0.0,0.0,0.0,0.0,0
2,chain_4svc,33,79.3292250000377,70.11160299998664,9.217622000051051,2007040,3,26.55651299994588,0.20440900004814466,0.11000500001046021,50.33739999998943,602112,12.02314900001511,0.2647119999892311,0.059103000012328266,35.750534000044354,802816,12.541573000021344,0.1502059999438643,0.0434019999602242,20.822552000026917,401408,18.99036800000431,0.10330500003874477,0.027200999966225936,0.0,200704,0.0,0.0,0.0,0.0,0
2,chain_4svc,34,78.16107200005717,68.70694100007313,9.454130999984045,2007040,3,25.949986000000536,0.2015090000213604,0.1126050000266332,49.815976000104456,602112,12.059751000037977,0.26201200000741665,0.04560200000014447,35.11270500007413,802816,12.938592000068638,0.14850599995952507,0.03920099993592885,19.71570000000611,401408,17.75861199996598,0.1024040000174864,0.02530100005060376,0.0,200704,0.0,0.0,0.0,0.0,0
2,chain_4svc,35,77.02862000007826,68.04930999999215,8.979310000086116,2007040,3,26.564113999938854,0.1991090000501572,0.10800500001550972,47.90818899994065,602112,11.800639000057345,0.2591119999806324,0.04140199996527372,33.66513799994664,802816,12.451868999960425,0.15400699999190692,0.039702000094621326,18.97896800005583,401408,17.232688000035523,0.10450499996750295,0.025800999992497964,0.0,200704,0.0,0.0,0.0,0.0,0
2,chain_4svc,36,77.74965299995529,68.2978209998737,9.451832000081595,2007040,3,26.5411130000075,0.19560900000215042,0.0798039999381217,48.67592400000831,602112,11.892443999954594,0.2605120000680472,0.041701999975884974,34.00375399996847,802816,12.526871999966716,0.16610800003036275,0.032602000032966316,19.124973999964823,401408,17.337391999944884,0.1068049999730647,0.025500999981886707,0.0,200704,0.0,0.0,0.0,0.0,0
2,chain_4svc,37,78.25177500001246,67.86290099989856,10.388874000113901,2007040,3,26.416806999918663,0.21411000000171043,0.10720500006300426,49.232150000079855,602112,11.894243000028837,0.25041200001396646,0.059502999988580996,34.72958700001527,802816,12.360964999970747,0.15450699993380113,0.03640200009158434,20.209222999937992,401408,17.19088599998031,0.09690399997452914,0.027200999966225936,0.0,200704,0.0,0.0,0.0,0.0,0
2,chain_4svc,38,78.48968600001172,69.01525400007813,9.474431999933586,2007040,3,26.236198999981752,0.20290999998451298,0.11220500005038048,49.83247699999538,602112,11.856042000090383,0.2595109999674605,0.041301999999632244,35.2073090000431,802816,12.424367999983588,0.15330700000504294,0.03190100005667773,20.738248000043313,401408,18.498645000022407,0.1055049999649782,0.02520099997127545,0.0,200704,0.0,0.0,0.0,0.0,0
2,chain_4svc,39,79.30942399991636,69.82138999990184,9.488034000014522,2007040,3,28.07828300001347,0.20510900003500865,0.07910399995125772,48.67612400005328,602112,11.842240999953901,0.2616120000311639,0.04060200001276826,34.137559999976475,802816,12.521171999992475,0.17120799998338043,0.03950200004965154,19.62779699999828,401408,17.379693999941992,0.10890500004734349,0.026301000048079004,0.0,200704,0.0,0.0,0.0,0.0,0
2,chain_4svc,40,77.29643200002556,67.87590200008253,9.420529999943028,2007040,3,26.42430699995657,0.21141000001989596,0.10830500002612098,48.41181199992661,602112,11.957947000041713,0.2686119998998038,0.05050200002187921,34.01245400004882,802816,12.606276000042271,0.15890699989995483,0.03800199999659526,19.0613710000207,401408,16.887372000041978,0.10040500001196051,0.02480099999502272,0.0,200704,0.0,0.0,0.0,0.0,0
2,chain_4svc,41,77.00751899994884,67.26837399992291,9.739145000025928,2007040,3,26.177896000035616,0.20420999999259948,0.10510499998872547,48.36261000002651,602112,11.768837999966308,0.2636120000261144,0.050702000066848996,33.50153100006992,802816,12.38776599996072,0.16540700005407416,0.035501999946063734,19.085072000052605,401408,16.93387399996027,0.10910500009231328,0.025900999958139437,0.0,200704,0.0,0.0,0.0,0.0,0
2,chain_4svc,42,77.8595580000001,68.49373000011383,9.365827999886278,2007040,3,25.988588000018353,0.19410899994909414,0.09430399995835614,49.445259000094666,602112,11.82014000005438,0.2603119999093906,0.04960299997947004,34.86169300003894,802816,12.608175999957894,0.15370699998129567,0.03770200009967084,20.2111229999673,401408,18.0768260000832,0.10520499995436694,0.02640099990003364,0.0,200704,0.0,0.0,0.0,0.0,0
2,chain_4svc,43,76.81571000000531,67.78519599981792,9.030514000187395,2007040,3,25.929485000006025,0.26231199990434106,0.10610500009988755,48.42311200002314,602112,11.815138999963892,0.2621119999730581,0.05260299997189577,34.013754000056906,802816,12.913589999925534,0.14890700003888924,0.03540099999099766,19.08547199991517,401408,17.126981999922464,0.11050500006604125,0.025101000005633978,0.0,200704,0.0,0.0,0.0,0.0,0
2,chain_4svc,44,77.06262100009553,67.28307399987443,9.7795470002211,2007040,3,25.65277199994398,0.1952090000258977,0.07690400002502429,49.02694099996552,602112,11.825739999949292,0.2567120000094292,0.04970300005879835,34.709786000007625,802816,12.471969999978683,0.1534069999706844,0.031601000046066474,19.589494999991075,401408,17.332592000002478,0.11170499999479944,0.02650199996878655,0.0,200704,0.0,0.0,0.0,0.0,0
2,chain_4svc,45,79.0951149999728,69.2948669998259,9.800248000146894,2007040,3,26.3134029999037,0.20110900004510768,0.11190500003976922,50.24599600005786,602112,11.9403459999603,0.2708120000534109,0.0437020000845223,35.61702700005753,802816,12.672178999991957,0.15080700006819825,0.035100999980386405,20.49103699994248,401408,18.36893899996994,0.10730500002864574,0.026701000024331734,0.0,200704,0.0,0.0,0.0,0.0,0
2,chain_4svc,46,77.9845640000758,68.77184200004649,9.212722000029316,2007040,3,26.283301000034953,0.19300899998597743,0.13330599995242665,49.39155700003539,602112,11.859642000104031,0.2650119999998424,0.054501999898093345,34.99529900000198,802816,12.406166000005214,0.1508069999545114,0.03100200001426856,20.357129999979406,401408,18.22273299990229,0.1063050000311705,0.02700100003494299,0.0,200704,0.0,0.0,0.0,0.0,0
2,chain_4svc,47,77.83335600004193,68.36482400012756,9.468531999914376,2007040,3,26.15219500000876,0.20360899998195237,0.11340499997913867,49.333054000044285,602112,11.899443000061183,0.2635119999467861,0.05850299999110575,34.65188300003774,802816,12.589476000016475,0.1549070000237407,0.03210099998796068,19.72370199996476,401408,17.723710000041137,0.1086049999230454,0.025500999981886707,0.0,200704,0.0,0.0,0.0,0.0,0
2,chain_4svc,48,78.11226900003021,68.84514800003672,9.267120999993494,2007040,3,26.045890999967014,0.2079089999824646,0.07820300004368619,49.72617199996421,602112,11.901144000034947,0.26531200001045363,0.04690199989454413,35.17090699995151,802816,13.209803999984615,0.15190700003131496,0.03520099994602788,19.772203000002264,401408,17.68830900005014,0.11240499998166342,0.028100999998059706,0.0,200704,0.0,0.0,0.0,0.0,0
2,chain_4svc,49,79.53493499996966,69.9417960000801,9.593138999889561,2007040,3,27.765969000029145,0.2103089999536678,0.09040399993409665,49.21644900002775,602112,11.911044000044058,0.2663129999973535,0.044902000013280485,34.8032910000029,802816,12.416466999980003,0.17450799998641742,0.03130200002487982,20.079318000057356,401408,17.848316000026898,0.10770500000489847,0.026301000048079004,0.0,200704,0.0,0.0,0.0,0.0,0
2,chain_4svc,50,77.37813599999299,67.83049899991056,9.547637000082432,2007040,3,25.759776999962014,0.2212099999496786,0.08360399999673973,49.24055000003591,602112,11.80123899996488,0.2905130000954159,0.07290400003512332,34.88339399996221,802816,12.683778999985407,0.15320700003940146,0.0333020000198303,19.84370700006366,401408,17.58570399999826,0.12950600000749546,0.027601000056165503,0.0,200704,0.0,0.0,0.0,0.0,0
2,chain_4svc,51,77.87225799995667,68.29901999992671,9.57323800002996,2007040,3,26.411607000000004,0.2010090000794662,0.11260499991294637,49.07674200001111,602112,11.8624419999378,0.2610120000099414,0.05880300000171701,34.5974809999916,802816,12.463569000033203,0.1534069999706844,0.0385020000521763,19.754603000023963,401408,17.561401999955706,0.1126050000266332,0.025902000061250874,0.0,200704,0.0,0.0,0.0,0.0,0
2,chain_4svc,52,77.85665799997332,68.50873100006538,9.34792699990794,2007040,3,26.335504000030596,0.2355100000386301,0.11090499992860714,49.01603899998008,602112,12.145855000085248,0.2600109999093547,0.04750300001887808,33.71734099994228,802816,12.869187999967835,0.15510700006871048,0.03180199996677402,18.98656799994569,401408,17.158183999981702,0.11580499995034188,0.025601000061215018,0.0,200704,0.0,0.0,0.0,0.0,0
2,chain_4svc,53,78.25137600002563,69.56207900009304,8.689296999932594,2007040,3,27.298048000034214,0.2046089999794276,0.08620400001291273,48.593320000009044,602112,11.884643000030337,0.2685119999341623,0.0447019999683107,34.04085599993323,802816,12.856687000066813,0.15460800000255404,0.036901999919791706,19.190777000062553,401408,17.52270099996167,0.10880500008170202,0.026401000013720477,0.0,200704,0.0,0.0,0.0,0.0,0
2,chain_4svc,54,77.61784699994223,67.9242039999508,9.693642999991425,2007040,3,25.90818400005901,0.19540899995718064,0.09370399993713363,48.45021400001315,602112,12.110152999980528,0.2657130000898178,0.050101999931939645,33.687238999959845,802816,12.492570999938835,0.14760700003080274,0.03480099996977515,19.343784000056985,401408,17.413295999972433,0.10760500003925699,0.02520099997127545,0.0,200704,0.0,0.0,0.0,0.0,0
2,chain_4svc,55,77.57624400005625,68.41992699992261,9.15631700013364,2007040,3,26.446108999948592,0.2233100000239574,0.10670500000742322,48.462415000017245,602112,11.864941999988332,0.25171200002205296,0.04510200005825027,33.954652000034,802816,12.471769999933713,0.16340800004854827,0.03170100001170795,19.317283000077623,401408,17.637106000051972,0.09740499990584794,0.026600999945003423,0.0,200704,0.0,0.0,0.0,0.0,0
2,chain_4svc,56,77.28663099999267,68.10191300007773,9.184717999914938,2007040,3,26.012689000026512,0.19990900000266265,0.08720400001038797,48.81942999998046,602112,11.961646999907316,0.26081200007865846,0.06020200009970722,34.26366600001529,802816,12.655778000066675,0.15170699998634518,0.04330199999458273,19.649698000080207,401408,17.471799000077226,0.10980499996549042,0.02520099997127545,0.0,200704,0.0,0.0,0.0,0.0,0
2,chain_4svc,57,76.25648499993076,67.70539399997233,8.551090999958433,2007040,3,25.903283999923588,0.18980800007284415,0.08330399998612847,48.17550100005974,602112,11.928044999990561,0.26461200002358964,0.041801999941526446,33.691939999926035,802816,12.751382000033118,0.14660699991964066,0.033401999985471775,18.82695999995576,401408,17.122683000025063,0.10840499999176245,0.025500999981886707,0.0,200704,0.0,0.0,0.0,0.0,0
2,chain_4svc,58,76.6082009999991,67.60958899997149,8.998612000027606,2007040,3,26.238798999997925,0.19010900007288,0.09950399999070214,48.05019499997343,602112,11.772237999934987,0.26571199998670636,0.0442020000264165,33.858346999977584,802816,12.434868000013921,0.1492070000495005,0.034201999937977234,19.289980999928957,401408,17.16368400002466,0.10050499997760198,0.02340100002129475,0.0,200704,0.0,0.0,0.0,0.0,0
2,chain_4svc,59,76.55059800003983,67.51638599996568,9.034212000074149,2007040,3,25.80047900005411,0.20210900004258292,0.08000299999366689,48.325107999971806,602112,11.760637999941537,0.2572110000755856,0.04850200002692873,33.97755200001029,802816,12.369565999961196,0.14800600001763087,0.034701000004133675,19.66499900004237,401408,17.585703000008834,0.10170500002004701,0.025101000005633978,0.0,200704,0.0,0.0,0.0,0.0,0
2,chain_4svc,60,77.53354299995863,68.44682700000249,9.08671599995614,2007040,3,25.938984999925196,0.22091000005275419,0.07600400010687736,49.38535700000557,602112,11.942846000010832,0.2603119999093906,0.04960199999004544,34.71458600006372,802816,12.82098500007578,0.14560699992216541,0.03500200000416953,19.81740600001558,401408,17.744010999990678,0.10790500004986825,0.02730099993186741,0.0,200704,0.0,0.0,0.0,0.0,0
2,chain_4svc,61,76.78940899995723,67.4651830000812,9.324225999876035,2007040,3,25.886982999963948,0.1906080000253496,0.10430500003622001,48.638021999977354,602112,11.922444999981963,0.2565109999750348,0.04250200004207727,34.281367000062346,802816,12.847787000055177,0.14780699996208568,0.03540099999099766,19.350185000007514,401408,16.80796800008011,0.10100499991949619,0.024500999984411465,0.0,200704,0.0,0.0,0.0,0.0,0
2,chain_4svc,62,77.42273700000624,68.24491800000487,9.177819000001364,2007040,3,25.634372000013173,0.19430899999406392,0.07610299996940739,49.57226499993794,602112,11.841041000025143,0.2542120000725845,0.05090199999813194,35.15740700004244,802816,13.041294999993625,0.1565079999181762,0.0333020000198303,19.7377020000431,401408,17.728209999972933,0.10700500001803448,0.026200999968750693,0.0,200704,0.0,0.0,0.0,0.0,0
2,chain_4svc,63,79.65583999998671,70.58102500002406,9.074814999962655,2007040,3,26.890029000014692,0.20250900001883565,0.08250400003362302,50.34029999990253,602112,12.193756999977268,0.2636120000261144,0.04820300000574207,35.06390300003659,802816,12.860187000001133,0.20370999993701844,0.0359020000360033,20.281927000041833,401408,18.637052000030963,0.11220500005038048,0.027101000000584463,0.0,200704,0.0,0.0,0.0,0.0,0
2,chain_4svc,64,79.11431499996979,70.16500600002473,8.94930899994506,2007040,3,26.335204000019985,0.1983089999839649,0.08360300000731513,50.40080300000227,602112,11.812940000027083,0.2604119999887189,0.04920200001379271,36.049347000016496,802816,13.101298000037787,0.14370700000654324,0.04150200004460203,20.76974900001005,401408,18.915563999939877,0.10550500007866503,0.024200999973800208,0.0,200704,0.0,0.0,0.0,0.0,0
2,chain_4svc,65,78.18057300005421,68.80244399997082,9.37812900008339,2007040,3,26.073290999988785,0.24451100000533188,0.08250400003362302,49.54456400002982,602112,11.84234100003323,0.24671200003467675,0.04640199995264993,35.301313999980266,802816,13.698825999995279,0.1567069999737214,0.053202000003693684,19.421388000068873,401408,17.187985999953526,0.10760500003925699,0.025401000016245234,0.0,200704,0.0,0.0,0.0,0.0,0
2,chain_4svc,66,77.0380199999181,68.26952000005804,8.768499999860069,2007040,3,25.966487000005145,0.20730900007492892,0.08490300001540163,48.712125999941236,602112,11.778638000009778,0.2656120000210649,0.044801999933952175,34.54807899993284,802816,12.388766000071882,0.14900699989084387,0.035602000025392044,20.103119000054903,401408,18.13562899997123,0.10270400002809765,0.02520099997127545,0.0,200704,0.0,0.0,0.0,0.0,0
2,chain_4svc,67,77.06282100002682,68.086810000068,8.976010999958817,2007040,3,26.28860100003294,0.18460800004049815,0.12800599995443918,48.49851599999511,602112,11.935044999972888,0.3096140000025116,0.05040200005623774,34.04415600004995,802816,12.708880999980465,0.15320700003940146,0.033901000051628216,19.23407800006771,401408,17.154283000081705,0.10410499999125022,0.025501999971311307,0.0,200704,0.0,0.0,0.0,0.0,0
2,chain_4svc,68,78.261676000011,69.13706000011643,9.124615999894559,2007040,3,25.707375000024513,0.1981089999389951,0.08180300005733443,50.11238999998113,602112,11.899244000005638,0.25031099994521355,0.05180200002996571,35.59312699997008,802816,13.958938000087073,0.14960699991206639,0.03300099990610761,19.66689900007168,401408,17.57150299999921,0.10460500004683126,0.025500999981886707,0.0,200704,0.0,0.0,0.0,0.0,0
2,chain_4svc,69,78.22804600004929,69.04406299997845,9.183983000070839,2007040,3,26.580513999988398,0.1984090000632932,0.08250400003362302,49.38622300005591,602112,12.073302999965563,0.26411200008169544,0.05270300005122408,34.70469499995943,802816,12.78393400002642,0.15820999999505148,0.035202000049139315,19.77183700000751,401408,17.60631199999807,0.1077070000974345,0.025800999992497964,0.0,200704,0.0,0.0,0.0,0.0,0
2,chain_4svc,70,77.7077669999926,68.81455499990352,8.893212000089079,2007040,3,26.206205999983467,0.20641200001136895,0.07860499999878812,49.18612699998448,602112,12.17449899991152,0.27191600008791283,0.053303000072446594,34.4651809999732,802816,12.907241999982944,0.1487090000864555,0.03500200000416953,19.39351499993336,401408,17.52660800002559,0.10480599996753881,0.027400999897508882,0.0,200704,0.0,0.0,0.0,0.0,0
2,chain_4svc,71,77.36524799997824,68.06721100008417,9.298036999894066,2007040,3,26.158103000057054,0.23141400004078605,0.08980599989172333,48.80220500001542,602112,12.11669700001039,0.26271500007624127,0.0478019999263779,34.0463570000793,802816,12.727431000030265,0.1464089999672069,0.0364029999673221,19.34831200003373,401408,17.064979999986463,0.1012060000675774,0.026302000037503603,0.0,200704,0.0,0.0,0.0,0.0,0
2,chain_4svc,72,76.5865030000441,67.65088899999228,8.935614000051828,2007040,3,25.897487999941404,0.1958110000259694,0.07940499995129358,48.37608100001489,602112,11.8307799999684,0.2623149999863017,0.049302999968858785,34.0463570000793,802816,12.850439000089864,0.1516089999995529,0.03180199996677402,19.272807999982433,401408,17.07218199999261,0.10360600003878062,0.025000999926305667,0.0,200704,0.0,0.0,0.0,0.0,0
2,chain_4svc,73,76.351589000069,67.08935599999677,9.262233000072229,2007040,3,25.803882999980488,0.20271200003207923,0.07900500008872768,48.23317300008512,602112,11.996390000035717,0.2682150000055117,0.051103000032526325,33.605731999955424,802816,12.352910000004158,0.15070799997829454,0.03450199994858849,19.194803000004867,401408,16.936172999976407,0.10210599998572434,0.026201999958175293,0.0,200704,0.0,0.0,0.0,0.0,0
2,chain_4svc,74,78.0383860000029,68.79165399993781,9.246732000065094,2007040,3,25.901589000000058,0.20241200002146797,0.07630400000380178,49.653553999974065,602112,11.866881999935686,0.263815000039358,0.04460299999209383,35.147021000057066,802816,13.095152000005328,0.16920999996727915,0.045003000082033395,20.13265699997646,401408,17.928030999996736,0.10080499998821324,0.02480099999502272,0.0,200704,0.0,0.0,0.0,0.0,0
2,chain_4svc,75,76.16077799991672,66.96374999989985,9.197028000016871,2007040,3,25.64697499997237,0.2020109999421038,0.08520400001543749,48.13286600005995,602112,11.919884999997521,0.2604149999569927,0.05010300003505108,33.68143600005169,802816,12.34520999992128,0.15150900003391143,0.03230100003293046,19.235505999972702,401408,17.051680000008673,0.1050060000125086,0.027101000000584463,0.0,200704,0.0,0.0,0.0,0.0,0
2,chain_4svc,76,77.76396999997814,68.8019549999126,8.962015000065549,2007040,3,26.424318999943353,0.20581199999014643,0.07910500005436916,49.049920000015845,602112,11.799278000012237,0.26641499994184414,0.05030299996633403,34.64139200002592,802816,12.474216999976306,0.15010800007075886,0.0346020000279168,20.214662000057615,401408,18.1041409999807,0.10830600001554558,0.02600099992378091,0.0,200704,0.0,0.0,0.0,0.0,0
2,chain_4svc,77,77.72136799997043,68.9007619999984,8.820605999972031,2007040,3,25.82008499996391,0.19091100000423467,0.08400399997299246,49.632852999934585,602112,11.933286000044063,0.26461599998128804,0.050703000056273595,35.0687159999552,802816,12.533121000046776,0.15660899998692912,0.035101999969811004,20.5988839999236,401408,18.614269999943645,0.1126070000054824,0.026701000024331734,0.0,200704,0.0,0.0,0.0,0.0,0
2,chain_4svc,78,79.2234540000436,69.83091299991884,9.392541000124766,2007040,3,26.52902499994525,0.19981100001587038,0.08420500000738684,50.2605899999935,602112,12.378511000065373,0.2604149999569927,0.0473029999739083,35.13312000006863,802816,12.518918999944617,0.1505090000364362,0.03450200006227533,20.556180999960816,401408,18.404457999963597,0.1051060000918369,0.025402000005669834,0.0,200704,0.0,0.0,0.0,0.0,0
2,chain_4svc,79,78.01088399992295,68.99046700004874,9.020416999874215,2007040,3,27.76749600002404,0.2291140000352243,0.09730499994020647,47.777145999930326,602112,11.910084999954051,0.27161499997419014,0.05830300005982281,33.25661099995614,802816,12.412914000037745,0.15410900005008443,0.033301999906143465,18.544165999969664,401408,16.899972000032903,0.10420600006000313,0.026700999910644896,0.0,200704,0.0,0.0,0.0,0.0,0
2,chain_4svc,80,77.97448299993448,68.80315599994447,9.171326999990015,2007040,3,26.291211999932784,0.19071100007295172,0.10390500005996728,49.21942900000431,602112,11.768877000008615,0.26441499994689366,0.0499029999900813,34.90790599994398,802816,12.66852799994922,0.15080900004704745,0.03820200004156504,19.771137000020644,401408,18.074539000053846,0.10070599989830953,0.025401000016245234,0.0,200704,0.0,0.0,0.0,0.0,0
2,chain_4svc,81,78.0827879999606,68.88515900016046,9.197628999800145,2007040,3,26.57922800005963,0.20181200000024546,0.11730699998224736,49.08382099995379,602112,11.902484000074764,0.2655160000131218,0.04010199995718722,34.630691000074876,802816,13.146955000024718,0.15430899998136738,0.03570199999103352,19.282507999946574,401408,17.256492000001344,0.10700600000745908,0.025402000005669834,0.0,200704,0.0,0.0,0.0,0.0,0
2,chain_4svc,82,77.98208300005172,67.79329700009384,10.188785999957872,2007040,3,25.9739929999796,0.25521500003833353,0.0876049999760653,49.51824700003726,602112,12.02519100002064,0.25161499991099845,0.042202000031466014,34.931408000034025,802816,12.600425000073301,0.1515089999202246,0.03530200001478079,20.301966999909382,401408,17.193688000020302,0.10490600004686712,0.025801999981922563,0.0,200704,0.0,0.0,0.0,0.0,0
2,chain_4svc,83,77.28134199999204,67.25056600009793,10.030775999894104,2007040,3,25.674375999983567,0.19541100004971668,0.09710599999834812,49.15712499996516,602112,12.36501000005319,0.2551149999590052,0.03930299999410636,34.360175999950116,802816,12.222303000044121,0.1632089999930031,0.033401999985471775,19.757535999929132,401408,16.988877000017055,0.1069060000418176,0.025900999958139437,0.0,200704,0.0,0.0,0.0,0.0,0
2,chain_4svc,84,77.24073999997927,67.84529999993083,9.395440000048438,2007040,3,25.700776999997288,0.19151100002545718,0.07980500004123314,49.3687379999983,602112,11.7903780000006,0.2626150001105998,0.043902999891543004,35.014511999975184,802816,12.295206999965558,0.1523089999864169,0.035101999969811004,20.243563999997605,401408,18.058937999967384,0.1108070000555017,0.03350199995111325,0.0,200704,0.0,0.0,0.0,0.0,0
2,chain_4svc,85,77.59896099992147,68.57714099987788,9.02182000004359,2007040,3,25.63447299996824,0.19861199996284995,0.11100699998678465,49.548748000006526,602112,11.973288000035609,0.271915999974226,0.048002999960772286,34.93020799999158,802816,13.314964999949552,0.1524090000657452,0.03440199998294702,19.327810999925532,401408,17.654414999924484,0.10770599999432307,0.02790200005620136,0.0,200704,0.0,0.0,0.0,0.0,0
2,chain_4svc,86,78.77652800004853,69.36168700008238,9.414840999966145,2007040,3,27.0293540000921,0.1867109999693639,0.0779039999088127,49.42334199995457,602112,12.085493999961727,0.2773160000515418,0.04560299998956907,34.67819399998007,802816,13.383169999997335,0.15120800003387558,0.03580199995667499,19.21670499996253,401408,16.863669000031223,0.11110699995242612,0.025300999936916924,0.0,200704,0.0,0.0,0.0,0.0,0
2,chain_4svc,87,78.07458799993583,68.64134600004945,9.433241999886377,2007040,3,26.105000000029577,0.19351100002040766,0.1235070000120686,49.51984700005596,602112,11.903784999958589,0.2655150000236972,0.05000300006940961,35.042114000020774,802816,12.887541000054625,0.17510999998648913,0.03570199999103352,20.150257999944188,401408,17.74502000000666,0.1113060000079713,0.025501999971311307,0.0,200704,0.0,0.0,0.0,0.0,0
2,chain_4svc,88,78.37280500007182,69.91491799999494,8.45788700007688,2007040,3,25.593071000002965,0.1882110000224202,0.09060499996849103,50.616409999975076,602112,11.956787000031,0.3083179999521235,0.04430299998148257,36.04847199994765,802816,14.126811999972233,0.1492090000283497,0.03180200008046086,19.91604499994537,401408,18.238247999988744,0.10660600003120635,0.025101999995058577,0.0,200704,0.0,0.0,0.0,0.0,0
2,chain_4svc,89,78.39860699994006,69.31298400002106,9.085622999918996,2007040,3,26.022194999995918,0.19941200002904225,0.08030499998312735,50.12138100005359,602112,11.881282999979703,0.26931500008231524,0.04100299997844559,35.44003699994391,802816,13.820595000083813,0.14780799995151028,0.03530200001478079,19.203304000029675,401408,17.588910999961627,0.1037060000044221,0.024500999984411465,0.0,200704,0.0,0.0,0.0,0.0,0
2,chain_4svc,90,78.7530269999479,69.33528500007924,9.417741999868667,2007040,3,26.158803000043918,0.20641200001136895,0.1440089999960037,50.191986000072575,602112,12.054193000039959,0.26531499997872743,0.04770300006384787,35.39063400000941,802816,13.160556000002543,0.14990900001521368,0.03620200004661456,19.655829000043923,401408,17.96173299999282,0.10320599994884105,0.027101000000584463,0.0,200704,0.0,0.0,0.0,0.0,0
2,chain_4svc,91,78.01128400001289,69.06876999994438,8.942514000068513,2007040,3,25.832084999933613,0.20991200005937571,0.09960600004887965,49.71135799996773,602112,11.998288999961915,0.2616149999994377,0.0512029999981678,35.1854219999268,802816,13.796893000062482,0.1476079999065405,0.03540199998042226,19.374912999978733,401408,17.44150299998637,0.09760500006450457,0.02520099997127545,0.0,200704,0.0,0.0,0.0,0.0,0
2,chain_4svc,92,76.82961599994087,68.1182160001299,8.711399999810965,2007040,3,25.602772000070217,0.19081099992490635,0.08000399998309149,48.92211200001384,602112,12.039592000064658,0.26571499995498016,0.041402999954698316,34.39367700002549,802816,13.115953999999874,0.14210799997727008,0.04260200000771874,19.107998999970732,401408,17.359897999995155,0.10480600008122565,0.02390199995261355,0.0,200704,0.0,0.0,0.0,0.0,0
2,chain_4svc,93,80.96645499995248,71.21539399986432,9.751061000088157,2007040,3,27.10945800004083,0.22871400005897158,0.07910499994068232,51.550264000070456,602112,11.977788999956829,0.26831500008484,0.050203000000692555,36.488498000039726,802816,14.635640999927091,0.15070900008140597,0.03290200004357757,19.60692700004074,401408,17.492505999939567,0.10720600005242886,0.02830100004302949,0.0,200704,0.0,0.0,0.0,0.0,0
2,chain_4svc,94,77.6849650000031,68.22412300016367,9.460841999839431,2007040,3,25.88388800006669,0.20111099991027004,0.10900600000240956,49.46774399991227,602112,11.830280000026505,0.25891500001762324,0.044903000002705085,35.07971700003054,802816,12.43041500003983,0.15450899991265032,0.03450199994858849,20.128756999952202,401408,18.079540000030647,0.10780599995996454,0.02570100002685649,0.0,200704,0.0,0.0,0.0,0.0,0
2,chain_4svc,95,76.67310700003327,67.17466099996727,9.498446000065996,2007040,3,26.039696999987427,0.18700999999055057,0.07710499994573183,48.32967800007282,602112,11.78467699992325,0.2635160000181713,0.048503000016353326,33.81434400000671,802816,12.289007000049423,0.14910799995959678,0.03150199995616276,19.002892000003158,401408,17.061280000007173,0.10880700006055122,0.026302000037503603,0.0,200704,0.0,0.0,0.0,0.0,0
2,chain_4svc,96,78.05018700003075,68.85785800000122,9.192329000029531,2007040,3,25.82658400001492,0.22241299996039743,0.07840500006750517,49.93276999994123,602112,11.82907999998406,0.25751400005447067,0.04020300002594013,35.31193000003441,802816,13.687986999912027,0.14830800000709132,0.03510200008349784,19.58352599990576,401408,17.51420700009021,0.10960599990994524,0.02730099993186741,0.0,200704,0.0,0.0,0.0,0.0,0
2,chain_4svc,97,76.78411400002005,67.52298099991094,9.261133000109112,2007040,3,25.94239200004722,0.1965110000128334,0.07610399995883199,48.46998599998642,602112,11.853680999934113,0.2796160000571035,0.04840300005071185,33.90564899996207,802816,12.461916000006568,0.17320999995718012,0.04750300001887808,19.346012000028168,401408,17.26499199992304,0.10930700000244542,0.02660200004811486,0.0,200704,0.0,0.0,0.0,0.0,0
2,chain_4svc,98,76.13757699994039,67.40077500012376,8.736801999816635,2007040,3,25.710578000030182,0.19621199999164673,0.08800500006600487,48.05576299997938,602112,12.046293000025798,0.25751399994078383,0.0424020000764358,33.322314999963965,802816,12.528719999977511,0.14740799997525755,0.034402000096633856,18.887285999994674,401408,17.115184000090267,0.10690599992813077,0.02470099991569441,0.0,200704,0.0,0.0,0.0,0.0,0
2,chain_4svc,99,75.65334799994616,67.14705999991111,8.506288000035056,2007040,3,25.991094000005432,0.2054120000138937,0.10320600006252789,47.34792199997173,602112,11.867481999956908,0.2840160000232572,0.049302999968858785,32.95899500005817,802816,12.34930999999051,0.14740799997525755,0.03100200001426856,18.643970999960402,401408,16.939173999958257,0.10220600006505265,0.025800999992497964,0.0,200704,0.0,0.0,0.0,0.0,0
2,chain_4svc,100,79.3004119999523,69.59795900002064,9.702452999931666,2007040,3,26.015495000024202,0.1924109999436041,0.1094069999680869,50.80457500002922,602112,12.12198799998987,0.31431799993697496,0.07160400002703682,36.012333000030594,802816,13.661371000011968,0.15740899993943458,0.03750200005470106,20.320946999959233,401408,17.799104999994597,0.10480599996753881,0.025401000016245234,0.0,200704,0.0,0.0,0.0,0.0,0
2,chain_4svc,101,77.43577200005802,68.88568899989878,8.550083000159248,2007040,3,26.084072999992713,0.20451199998205993,0.08590400000230147,48.94446399998742,602112,11.870869999938805,0.2687150000610927,0.040502000047126785,34.53015000002324,802816,12.500705999968886,0.15760799999497976,0.031202000059238344,20.059431999925437,401408,18.43003999999837,0.1037060000044221,0.023702000021330605,0.0,200704,0.0,0.0,0.0,0.0,0
2,chain_4svc,102,76.7313329999979,68.29985700017005,8.431475999827853,2007040,3,26.380190000054426,0.18710999995619204,0.07740399996691849,47.96740899996621,602112,11.84316800004126,0.27601599992976844,0.03980199994657596,33.69090299997879,802816,12.427102000060586,0.14630800001214084,0.032000999908632366,19.40119500000037,401408,17.649397000013778,0.0959049999664785,0.026001000037467747,0.0,200704,0.0,0.0,0.0,0.0,0
2,chain_4svc,103,78.19011399999454,69.49762499982626,8.69248900016828,2007040,3,26.180977999956667,0.1986110000871122,0.09390599996095261,49.80331199999455,602112,11.917172999915238,0.2593140000044514,0.04380300003958837,35.3914980000809,802816,13.714374999949541,0.22161200001846737,0.034701999993558275,19.3823939999902,401408,17.68509900000481,0.10550600006808963,0.025800999992497964,0.0,200704,0.0,0.0,0.0,0.0,0
2,chain_4svc,104,84.694681999963,75.57046699992043,9.124215000042568,2007040,3,26.560299999914605,0.1934110000547662,0.07790400002249953,55.779149999921174,602112,11.952875000019958,0.2822159999595897,0.04960199999004544,41.03621700005533,802816,17.8161059999411,0.1722100000733917,0.03370199999608303,20.934982000085256,401408,19.241186000044763,0.10470600000189734,0.027101999990009062,0.0,200704,0.0,0.0,0.0,0.0,0
2,chain_4svc,105,77.238460999979,68.64187599990146,8.596585000077539,2007040,3,26.23328100003164,0.2041120000058072,0.089404999926046,48.62494499991499,602112,11.877470999934303,0.2533140000195999,0.03890200002842903,34.22733299998981,802816,12.290593999978228,0.1477079999858688,0.03320200005418883,20.04483199993956,401408,18.24052999995729,0.09780599998521211,0.025101000005633978,0.0,200704,0.0,0.0,0.0,0.0,0
2,chain_4svc,106,76.51902099996732,67.61071899995841,8.908302000008916,2007040,3,25.72675299995808,0.19411100004163018,0.08160400000178925,48.57624300007046,602112,12.044479999985924,0.26071499996760394,0.048902999992606055,33.93241600008423,802816,12.426301999994394,0.15040799996768328,0.036002000001644774,19.412597000041387,401408,17.41318400002001,0.10140500000943575,0.025001000039992505,0.0,200704,0.0,0.0,0.0,0.0,0
2,chain_4svc,107,79.40518400005203,70.71319199997106,8.691992000080973,2007040,3,26.022569000019757,0.19551200000478275,0.10460599992256903,51.013280999995914,602112,12.14178499992613,0.29471699997429823,0.041803000044637884,36.34885199994642,802816,13.660770999990746,0.1503089999914664,0.03660200002286729,20.79837399992357,401408,18.888067000034425,0.09710500000892353,0.026401000013720477,0.0,200704,0.0,0.0,0.0,0.0,0
2,chain_4svc,108,76.6890310000008,68.2022489999099,8.486782000090898,2007040,3,25.92116299990721,0.19961100008458743,0.07680500004880741,48.387731999923744,602112,11.950974000001224,0.2507149999928515,0.05090299998755654,33.93831699997918,802816,12.400899999988724,0.15020900002582493,0.03860200001781777,19.609307999985504,401408,17.92921200001274,0.09550599997965037,0.02660100005869026,0.0,200704,0.0,0.0,0.0,0.0,0
2,chain_4svc,109,81.04437600002257,72.01996700007385,9.024408999948719,2007040,3,27.15723300002537,0.19701100006841443,0.11230600000544655,51.390101999913895,602112,12.105684000061956,0.2596139999013758,0.04190200002085476,36.75037499999689,802816,12.867626999991444,0.15210800006570935,0.04750300001887808,21.824231999971744,401408,19.889422999995077,0.1050060000125086,0.027101999990009062,0.0,200704,0.0,0.0,0.0,0.0,0
2,chain_4svc,110,76.13049799999771,67.46331000010741,8.667187999890302,2007040,3,25.966966000055436,0.2131119999830844,0.078003999988141,47.73129499994866,602112,11.95907500004978,0.25861499989332515,0.046203000010791584,33.23207599999023,802816,12.389399999960915,0.14860800001770258,0.0333020000198303,18.86296499992568,401408,17.147869000041283,0.10350499997002771,0.02610100000310922,0.0,200704,0.0,0.0,0.0,0.0,0
2,chain_4svc,111,78.04800700000669,69.4654220000075,8.582584999999199,2007040,3,26.42699199998333,0.20401100005074113,0.08000499997251609,49.30138399993211,602112,11.91607299995212,0.25631400001202564,0.04070199997840973,34.79466500004946,802816,13.077538000061395,0.1638100000036502,0.03260199991927948,19.684811999923113,401408,18.044819000010648,0.10000500003570778,0.025901999947564036,0.0,200704,0.0,0.0,0.0,0.0,0
2,chain_4svc,112,78.12201100000493,69.24920999995265,8.872801000052277,2007040,3,26.093172999935632,0.199112000018431,0.0840050000761039,49.65040299998691,602112,11.776664999956665,0.261215000023185,0.04540199995517469,35.269491999997626,802816,14.203402000021015,0.15610900004503492,0.03610199996728625,18.957069999942178,401408,17.175970000039342,0.09690499996395374,0.027601999931903265,0.0,200704,0.0,0.0,0.0,0.0,0
2,chain_4svc,113,77.46527400001924,68.80878500010112,8.65648899991811,2007040,3,26.518597000062982,0.21061199993255286,0.1042059999463163,48.48153700004332,602112,11.865069999998923,0.2592150000282345,0.040902000023379514,34.10352599996713,802816,12.502305999987584,0.1505090000364362,0.03500200000416953,19.702311999935773,401408,17.922812000051636,0.09810500000639877,0.025402000005669834,0.0,200704,0.0,0.0,0.0,0.0,0
2,chain_4svc,114,78.20631599997796,69.16150400002152,9.044811999956437,2007040,3,25.95656500000132,0.20201200004521525,0.07810499994320708,49.701305999974466,602112,12.173887000017203,0.2725159999954485,0.04100299997844559,34.790164000014556,802816,12.901828000053683,0.15040899995710788,0.03500199989048269,19.794617999991715,401408,18.129223999949318,0.09630500005641807,0.02520099997127545,0.0,200704,0.0,0.0,0.0,0.0,0
2,chain_4svc,115,80.76246099994933,71.35682800003451,9.405632999914815,2007040,3,25.93996400003107,0.20431199993709015,0.07980500004123314,52.41585999999643,602112,11.835969000003388,0.2620150000893773,0.043901999902118405,37.40881199996693,802816,12.373597999953745,0.1448080000727714,0.037503000044125656,22.980596999900627,401408,21.20729700004631,0.09600600003523141,0.024500999984411465,0.0,200704,0.0,0.0,0.0,0.0,0
2,chain_4svc,116,80.59535099994264,71.4558350000516,9.139515999891046,2007040,3,26.248882000004414,0.22581299992907589,0.07700399999066576,51.80642599998464,602112,11.97347599998011,0.27071499994235637,0.049003000071934366,36.829179999926964,802816,14.355810999973073,0.15480900003694842,0.036002000001644774,20.611664000057317,401408,18.877666000093996,0.10170600000947161,0.025801999981922563,0.0,200704,0.0,0.0,0.0,0.0,0
2,chain_4svc,117,77.31546599995909,68.05564100000083,9.259824999958255,2007040,3,26.063070999953197,0.20531200004825223,0.07700499998009036,48.859059000051275,602112,11.807365999970898,0.2695150000135982,0.049302999968858785,34.3984429999864,802816,13.054437000050712,0.15200899997580564,0.03240199998799653,19.534102999955394,401408,17.130767000026026,0.09770600001957064,0.026201999958175293,0.0,200704,0.0,0.0,0.0,0.0,0
2,chain_4svc,118,80.47684400003163,71.35942799982331,9.117416000208323,2007040,3,27.605458999914845,0.20711199999823293,0.12910700002066733,50.485550999951556,602112,11.926473000016813,0.30301799995413603,0.039501999935964704,35.847923999995146,802816,13.909284999954252,0.15840900005059666,0.03230200002235506,19.74251399997229,401408,17.9182109999374,0.10160600004383014,0.025402000005669834,0.0,200704,0.0,0.0,0.0,0.0,0
2,chain_4svc,119,76.18400199999087,66.84967600006075,9.334325999930115,2007040,3,25.63814799998454,0.20131099995523982,0.07560400001693779,48.22222299992518,602112,12.014979000014137,0.2599140000256739,0.040401999967798474,33.65069999995285,802816,12.373999000033109,0.15380800005004858,0.037401999975372746,19.203285000003234,401408,16.82255000002897,0.09890599994832883,0.024900999960664194,0.0,200704,0.0,0.0,0.0,0.0,0
2,chain_4svc,120,78.39922599998772,69.46622300006311,8.93300299992461,2007040,3,26.242082000067057,0.20061099996837584,0.07890400001997477,49.74370899992664,602112,12.170487000048524,0.2892159999419164,0.048902999992606055,35.03027800002201,802816,13.650270999960412,0.1446080000278016,0.03060100004859123,19.145782000009604,401408,17.403382999987116,0.09780499999578751,0.025601000061215018,0.0,200704,0.0,0.0,0.0,0.0,0
2,chain_4svc,121,76.38301299994055,67.56411499998194,8.818897999958608,2007040,3,26.087772999972003,0.1919110000017099,0.10610599997562531,47.90810499991949,602112,11.850469000023622,0.2670160000661781,0.0460019999763972,33.4288880000031,802816,12.511707000044225,0.14910799995959678,0.033400999996047176,18.85746499999641,401408,17.114165999942088,0.0993060000382684,0.02610100000310922,0.0,200704,0.0,0.0,0.0,0.0,0
2,chain_4svc,122,77.22896099994614,68.55587099994409,8.673090000002048,2007040,3,25.884462000021813,0.18861099999867292,0.11000599999988481,49.03976900004636,602112,11.935172999983479,0.2580150000994763,0.04660299998704431,34.606854000003295,802816,12.79422299990074,0.1555080000343878,0.03450200006227533,19.582106000029853,401408,17.94201300003806,0.09830599992710631,0.026002000026892347,0.0,200704,0.0,0.0,0.0,0.0,0
2,chain_4svc,123,77.36086800002795,68.64837800003443,8.712489999993522,2007040,3,25.740454000015234,0.1970109999547276,0.08130399999117799,49.32208500008528,602112,11.90437299999303,0.2790150000464564,0.0512020000087432,34.84686700005568,802816,12.717017999989366,0.15760899998440436,0.03170100001170795,19.994028999917646,401408,18.286533000036798,0.10060499994324346,0.024500999984411465,0.0,200704,0.0,0.0,0.0,0.0,0
2,chain_4svc,124,76.04969399994843,67.64801900010298,8.401674999845454,2007040,3,25.542542000039248,0.19561099998099962,0.10750600006304012,48.11151600006269,602112,12.06668100007846,0.2591149999489062,0.04090199990969268,33.52729299990642,802816,12.938630000007834,0.15480899992326158,0.035602000025392044,18.72285699994336,401408,17.100165999977435,0.09370500004024507,0.025401000016245234,0.0,200704,0.0,0.0,0.0,0.0,0
2,chain_4svc,125,76.36391200003345,67.7312239999992,8.63268800003425,2007040,3,25.48073800005568,0.19751100001030863,0.1068059999624893,48.57334300004368,602112,11.766964999992524,0.2566140000226369,0.048902000003181456,34.16833000005681,802816,12.395200000014484,0.14800799999648007,0.03570199999103352,19.82031900001857,401408,18.088320999936514,0.0980060000301819,0.025602000050639617,0.0,200704,0.0,0.0,0.0,0.0,0
2,chain_4svc,126,77.40537099994071,68.74488000005385,8.66049099988686,2007040,3,25.709850999987793,0.19631200007097505,0.10400600001503335,49.369286999990436,602112,11.963375000050291,0.26721500000803644,0.043203000018365856,34.93297199997869,802816,13.01123500002177,0.1926099999991493,0.03970199998093449,19.779116000108843,401408,18.060418999994,0.10160600004383014,0.02570200001628109,0.0,200704,0.0,0.0,0.0,0.0,0
2,chain_4svc,127,77.138256000012,67.97893799989652,9.15931800011549,2007040,3,26.767811000013353,0.20371199991586764,0.1121070000635882,48.011811000037596,602112,11.881970999979785,0.2611139999544321,0.04830299997138354,33.149471999990965,802816,12.26859299993066,0.1513090001026285,0.03270199999860779,18.78576100000373,401408,17.060562999972717,0.09760600005392917,0.024001000042517262,0.0,200704,0.0,0.0,0.0,0.0,0
2,chain_4svc,128,77.28346399994734,67.7966280001101,9.48683599983724,2007040,3,26.053271000023415,0.20541199990020687,0.12180700002772937,48.78195499998128,602112,11.889671000062663,0.26591499999994994,0.04700299996329704,33.908513999904244,802816,12.452402999997503,0.15220900002077542,0.034201999937977234,19.157382000003054,401408,17.401283000026524,0.10160600004383014,0.025400999902558397,0.0,200704,0.0,0.0,0.0,0.0,0
2,chain_4svc,129,76.72343199999432,67.94823600012023,8.775195999874086,2007040,3,26.042169999982434,0.204312000050777,0.09040499992352125,48.4705369999574,602112,11.986077000074147,0.2806159999408919,0.04450199992334092,33.84501100003945,802816,12.520007000034639,0.1472080000439746,0.032901999929890735,19.208085000059327,401408,17.399982000029013,0.10230600003069412,0.025501999971311307,0.0,200704,0.0,0.0,0.0,0.0,0
2,chain_4svc,130,78.55293600005098,70.01275400000395,8.540182000047025,2007040,3,29.084042000022237,0.1965110000128334,0.10730600001807034,46.91984900000534,602112,11.79656600004364,0.25371399999585265,0.043202000028941256,32.632042999921396,802816,12.401400999920043,0.15690800000811578,0.04630199998700846,18.37033699996482,401408,16.730745000018032,0.10430500003622001,0.026201999958175293,0.0,200704,0.0,0.0,0.0,0.0,0
2,chain_4svc,131,78.30272100000002,68.96929499987436,9.333426000125655,2007040,3,26.409490999981244,0.2028119999977207,0.11200599999483529,49.53759700003957,602112,11.787565999952676,0.28151600008641253,0.07110399997145578,34.6775579999985,802816,13.24194799997258,0.15700899996318185,0.0346020000279168,19.20068499998706,401408,17.530289999967863,0.09550599997965037,0.02660100005869026,0.0,200704,0.0,0.0,0.0,0.0,0
2,chain_4svc,132,77.83679500005292,69.11390199991274,8.722893000140175,2007040,3,26.12827500001913,0.1968109999097578,0.07950400004119729,49.27528200005327,602112,11.964774999910333,0.2616149999994377,0.04350300002897711,34.84546800007138,802816,12.875926999981857,0.16220899999552785,0.03940199997032323,19.935625000016444,401408,18.14492500000142,0.09710500000892353,0.027101000000584463,0.0,200704,0.0,0.0,0.0,0.0,0
2,chain_4svc,133,78.16211399995154,69.53362599983848,8.628488000113066,2007040,3,26.566099999968174,0.20501200003764097,0.08870499993918202,49.05407000001105,602112,11.892070999920179,0.2637150000737165,0.04970300005879835,34.65345699999034,802816,13.666071999978158,0.14990799991210224,0.0315020000698496,19.148580999967635,401408,17.409382999971967,0.10300600001755811,0.023801000111234316,0.0,200704,0.0,0.0,0.0,0.0,0
2,chain_4svc,134,75.80277999988994,66.81937300004392,8.98340699984601,2007040,3,25.711151999985304,0.19741100004466716,0.1037060000044221,47.642990999975154,602112,11.775165000017296,0.26511499993375764,0.04800300007445912,33.3903849999615,802816,12.38739899997654,0.1485090000414857,0.03440199998294702,18.68375499998365,401408,16.945657000064784,0.10080599997763784,0.02300099993135518,0.0,200704,0.0,0.0,0.0,0.0,0
2,chain_4svc,135,77.50687600002948,68.52866999997786,8.978206000051614,2007040,3,25.620646999982455,0.1978110000209199,0.11240600008477486,49.3468860000803,602112,11.827767999989192,0.2732149999928879,0.048902999992606055,34.782464000045366,802816,14.132998000036423,0.154107999946973,0.03280199996424926,18.629651999958696,401408,16.947256999969795,0.1050060000125086,0.02390100007687579,0.0,200704,0.0,0.0,0.0,0.0,0
2,chain_4svc,136,75.45066000000133,66.93157999995947,8.519080000041868,2007040,3,26.10217400001602,0.19691099998908612,0.09530500005894282,47.000152999999045,602112,11.799666000001707,0.2783159999353302,0.052003000064360094,32.85375500001919,802816,12.28719400000955,0.16660899996168155,0.033801999961724505,18.47874400004912,401408,16.74254599993219,0.11140599997361278,0.02520100008496229,0.0,200704,0.0,0.0,0.0,0.0,0
2,chain_4svc,137,80.02631800002291,71.43983399998888,8.586484000034034,2007040,3,26.00176799990095,0.20721200007756124,0.08520500000486209,51.60731399996621,602112,12.825124000073629,0.26841599992621923,0.049702999945111515,36.29814900000383,802816,13.89378500005023,0.15500799997880677,0.03630200001225603,20.442554999931417,401408,18.71915699996407,0.10510599997815007,0.025402000005669834,0.0,200704,0.0,0.0,0.0,0.0,0
2,chain_4svc,138,77.31786600004398,68.16514899992399,9.152717000119992,2007040,3,25.965566000081708,0.2329129999907309,0.10870699998122291,48.80785600005311,602112,11.861269999940305,0.26531499997872743,0.04880300002696458,34.2472339999631,802816,12.773720999916804,0.15430900009505422,0.03500200000416953,19.40309500002968,401408,17.56459199998517,0.1095060000579906,0.02610199999253382,0.0,200704,0.0,0.0,0.0,0.0,0
2,chain_4svc,139,79.27247600002829,70.36427399998502,8.908202000043275,2007040,3,26.01116899995759,0.1914110000598157,0.08070399996995548,50.792768000064825,602112,11.779565000097136,0.2512139999453211,0.04900299995824753,36.39135500009161,802816,12.794223000014426,0.13990800005103665,0.03480199995919975,21.481012999970517,401408,19.779316999915864,0.10710600008678739,0.026401000013720477,0.0,200704,0.0,0.0,0.0,0.0,0
2,chain_4svc,140,75.82308199994259,67.40760599996065,8.415475999981936,2007040,3,25.841459000048417,0.19691099998908612,0.07640499995886785,47.69149300000208,602112,11.756364000007125,0.2675150000186477,0.05390299997998227,33.483691000014915,802816,12.278492999939772,0.14510800008338265,0.033002000009219046,19.269288000032248,401408,17.531289999965338,0.10600600000998384,0.026001000037467747,0.0,200704,0.0,0.0,0.0,0.0,0
2,chain_4svc,141,76.96204499995929,67.91843400003472,9.043610999924567,2007040,3,25.715652000030786,0.20181100001082086,0.10920699992311711,48.790755000027275,602112,11.89967200002684,0.2541139999721054,0.051103000032526325,34.385741000050984,802816,12.493104999975913,0.15900900007181917,0.035101999969811004,19.60490699991624,401408,17.810005000001183,0.1113060000079713,0.025701999902594252,0.0,200704,0.0,0.0,0.0,0.0,0
2,chain_4svc,142,77.64338399999815,69.06049999997776,8.582884000020385,2007040,3,26.316886000017803,0.19381100003101892,0.10430599991195777,48.888060999956906,602112,11.889971999949012,0.2536140000302112,0.04080200005773804,34.38654100000349,802816,12.432802000034826,0.14850799993837427,0.03390199992736598,20.068233000074542,401408,18.420839999976124,0.10310599998319958,0.026200999968750693,0.0,200704,0.0,0.0,0.0,0.0,0
2,chain_4svc,143,76.98884699993869,68.58987199996136,8.398974999977327,2007040,3,26.20447900005729,0.23631399994883395,0.0754049999613926,48.44963599998664,602112,11.741962999963107,0.26101500009190204,0.043202000028941256,34.134226999981365,802816,12.23759100003008,0.14650800005711062,0.03010199998243479,20.14393799993286,401408,18.405838999910884,0.1012060000675774,0.02920200006428786,0.0,200704,0.0,0.0,0.0,0.0,0
2,chain_4svc,144,77.6166830000875,68.71447999992597,8.902203000161535,2007040,3,26.283784000042942,0.21061199993255286,0.10660600003120635,48.91556200004743,602112,12.388699999974051,0.26461400000243884,0.044102000060775026,33.92681499997252,802816,12.373099000001275,0.18420999992940779,0.03510200008349784,19.400796000013543,401408,17.6688969999077,0.11190700001861842,0.02660200004811486,0.0,200704,0.0,0.0,0.0,0.0,0
2,chain_4svc,145,83.43081099997107,73.87667200009673,9.55413899987434,2007040,3,26.39929100007521,0.20181100001082086,0.12480699990646826,54.453774999956295,602112,13.56346600005054,0.31451799998194474,0.048902999992606055,38.05354899998292,802816,16.24201799995717,0.1874099999668033,0.04260200000771874,19.536002999984703,401408,17.671897000013814,0.10460600003625586,0.02480199998444732,0.0,200704,0.0,0.0,0.0,0.0,0
2,chain_4svc,146,76.32880900007422,67.43380900013562,8.894999999938591,2007040,3,25.862760999984857,0.2028110000082961,0.11590600001909479,47.9722090000223,602112,11.925674000053732,0.25501400000393915,0.0421019999521377,33.4838909999462,802816,12.404900000092312,0.1549090000025899,0.033401999985471775,18.9294689999997,401408,17.240474000004724,0.11010599996552628,0.02380099999754748,0.0,200704,0.0,0.0,0.0,0.0,0
2,chain_4svc,147,77.5427779999518,68.26925600012146,9.273521999830336,2007040,3,25.813158000005387,0.2040109999370543,0.11090600003171858,49.2320790000349,602112,11.929374000033022,0.2688150000267342,0.05390299997998227,34.88627000001543,802816,12.840725000046405,0.15410900005008443,0.03360199991675472,19.667210999955387,401408,17.685999000036645,0.10860600002615683,0.02600099992378091,0.0,200704,0.0,0.0,0.0,0.0,0
2,chain_4svc,148,80.55124800000613,71.29362599994238,9.257622000063748,2007040,3,25.882961999968757,0.2030110000532659,0.0910050000584306,52.117242000008446,602112,11.912672999983442,0.26981500002420944,0.0442020000264165,37.555621000024075,802816,14.113096999949448,0.15480900003694842,0.033401999985471775,21.31260300006943,401408,19.38489400004073,0.10820599993621727,0.025902000061250874,0.0,200704,0.0,0.0,0.0,0.0,0
2,chain_4svc,149,77.55257899998469,67.8308310000375,9.721747999947183,2007040,3,26.175078000051144,0.19421100000727165,0.11410699994485185,48.8564590000351,602112,11.794466000083048,0.2662150000105612,0.04510199994456343,34.40554299993437,802816,12.451203999944482,0.15650800003186305,0.03190100005667773,19.534303000000364,401408,17.41008299995883,0.09610600000087288,0.025001000039992505,0.0,200704,0.0,0.0,0.0,0.0,0
2,chain_4svc,150,79.90561199994772,71.07251300010375,8.833098999843969,2007040,3,25.9514650000483,0.20501199992395414,0.11170699997364864,51.58891300004598,602112,11.96407600002658,0.3032170000096812,0.049803000024439825,37.064793000013196,802816,14.012191000006169,0.15300899997328088,0.03150199995616276,20.905580999965423,401408,19.144781000022704,0.10210599998572434,0.02690199994503928,0.0,200704,0.0,0.0,0.0,0.0,0
2,chain_4svc,151,79.89421199999924,70.40427499998714,9.489937000012105,2007040,3,26.439492999998038,0.21931300000233023,0.07590399991386221,50.96707800009881,602112,11.939374000007774,0.26391500000499946,0.04120200003399077,36.395754999944074,802816,13.779077999970468,0.15140899995458312,0.033902000041052816,20.380351000085284,401408,18.246330000010857,0.1100069999893094,0.027101000000584463,0.0,200704,0.0,0.0,0.0,0.0,0
2,chain_4svc,152,79.5517919999611,70.21046399984243,9.341328000118665,2007040,3,25.874160999933338,0.20531200004825223,0.08470500006296788,51.26109500008624,602112,12.462202999927285,0.26261499999691296,0.051902999985031784,35.92982800000755,802816,13.35635399993862,0.15250800004196208,0.04220300002089061,20.229542000038236,401408,18.51774600004319,0.10850599994682852,0.026401000013720477,0.0,200704,0.0,0.0,0.0,0.0,0
2,chain_4svc,153,77.66478600001392,68.30145699996137,9.363329000052545,2007040,3,25.919764000036594,0.19431099997291312,0.11140599997361278,49.401490000036574,602112,11.976977000017541,0.29461600001923216,0.045802000045114255,34.861868000007235,802816,12.93552999993608,0.1549090000025899,0.04300299997339607,19.422395999981745,401408,17.46918599997116,0.0923050000665171,0.026402000003145076,0.0,200704,0.0,0.0,0.0,0.0,0
2,chain_4svc,154,77.18205800006217,67.81143000000611,9.370628000056058,2007040,3,25.780655999938062,0.18941000007544062,0.08380500003113411,49.051769000016066,602112,11.87337099997876,0.269015000071704,0.04630199998700846,34.53734999993685,802816,12.518907000071522,0.15000799999143055,0.035501999946063734,19.372193999970477,401408,17.638496000017767,0.10230600003069412,0.026301000048079004,0.0,200704,0.0,0.0,0.0,0.0,0
2,chain_4svc,155,78.11231100004079,68.73788199993669,9.3744290001041,2007040,3,26.760110999930475,0.20101200004774,0.10750600006304012,48.92116299993177,602112,11.990776999937225,0.2541139999721054,0.04340300006333564,34.06132299994624,802816,12.82792500001051,0.1599089999899661,0.031201000069813745,18.876965999993445,401408,17.15906900005848,0.09860599993771757,0.02480099999502272,0.0,200704,0.0,0.0,0.0,0.0,0
2,chain_4svc,156,75.95558899993193,66.84017500003847,9.115413999893462,2007040,3,25.790557000050285,0.19210999994356825,0.10150499997507723,47.77569800000947,602112,11.841668999977628,0.23881300000994088,0.04070199997840973,33.5697949999485,802816,12.467504000028384,0.16340899992428604,0.03270199999860779,18.518645999961336,401408,16.740444999982174,0.10580599996501405,0.025202000074386888,0.0,200704,0.0,0.0,0.0,0.0,0
2,chain_4svc,157,76.71863200005191,67.37510499999644,9.343527000055474,2007040,3,25.89146200000414,0.1950109999597771,0.10790600003929285,48.513538999941375,602112,11.841469000046345,0.2636149999943882,0.05030299996633403,34.07772399998521,802816,12.387698999987151,0.1542090000157259,0.0346020000279168,19.618108000031498,401408,17.254474999958802,0.10470600000189734,0.02430100005312852,0.0,200704,0.0,0.0,0.0,0.0,0
2,chain_4svc,158,77.50127600002088,67.69352199989953,9.80775400012135,2007040,3,25.875760999952035,0.20081100001334562,0.12080700003025413,49.145475000045735,602112,11.842368999964492,0.25961500000448723,0.04150200004460203,34.695559000056164,802816,12.417800999969586,0.1588090000268494,0.03490200003852806,19.652810000025056,401408,17.557591000013417,0.11040599997613754,0.026201999958175293,0.0,200704,0.0,0.0,0.0,0.0,0
2,chain_4svc,159,78.44992999991973,69.62033199999951,8.829597999920225,2007040,3,26.178778000030434,0.21021199995630013,0.12150700001711812,49.737807999918004,602112,12.009379000005538,0.2730149999479181,0.04390200001580524,35.122083000032944,802816,13.212045999921429,0.15250900003138668,0.03660200002286729,19.941025999969497,401408,18.220129000042107,0.10960599990994524,0.02520199996070005,0.0,200704,0.0,0.0,0.0,0.0,0
2,chain_4svc,160,76.52192099999411,67.84583099999963,8.676089999994474,2007040,3,25.88256100000308,0.21901299999171897,0.1081059999705758,48.2675250000284,602112,11.819266999964384,0.2540140000064639,0.04780300002948934,33.816308999917055,802816,12.317096000060701,0.15660799999750452,0.038201999927878205,19.452698999998574,401408,17.82690699997147,0.10780599995996454,0.028901000064252003,0.0,200704,0.0,0.0,0.0,0.0,0
2,chain_4svc,161,78.51283300010437,69.7575379999762,8.755295000128172,2007040,3,26.549998999939817,0.20251099999768485,0.10870599999179831,49.526896999964265,602112,11.85376900002666,0.2624149999519432,0.045302999978957814,35.202287000061006,802816,13.622169000086615,0.15890899999249086,0.036901999919791706,19.605307000006178,401408,17.731600999923103,0.10490600004686712,0.026802000093084644,0.0,200704,0.0,0.0,0.0,0.0,0
2,chain_4svc,162,79.38978199990743,69.97615100021903,9.413630999688394,2007040,3,26.593602000048122,0.2066109999532273,0.11750700002721715,50.190334000035364,602112,12.139385000068614,0.3018169999222664,0.04660299998704431,35.373197000012624,802816,12.848226000073737,0.1645090000010896,0.03530199990109395,20.095334999950865,401408,18.39493800002856,0.10470600000189734,0.04980299991075299,0.0,200704,0.0,0.0,0.0,0.0,0
2,chain_4svc,163,78.11171000003014,69.0760009999849,9.035709000045244,2007040,3,26.60590300001786,0.22431200000028184,0.0785039999300352,49.219479000043975,602112,11.984776999952373,0.25651400005699543,0.04500299996834656,34.383142000024236,802816,12.430902000005517,0.15770900006373267,0.03800199999659526,19.973427999957494,401408,18.054419000009148,0.10870599999179831,0.025901999947564036,0.0,200704,0.0,0.0,0.0,0.0,0
2,chain_4svc,164,78.80414900000687,69.58913000005396,9.215018999952918,2007040,3,25.949364999974023,0.20251199998710945,0.10290600005191664,50.44564899992565,602112,12.034879999987425,0.26761499998428917,0.04380200005016377,35.808822000035434,802816,14.013592000083008,0.16010899992124905,0.033800999972299905,19.73101399994448,401408,17.5912930000095,0.10930700000244542,0.025300999936916924,0.0,200704,0.0,0.0,0.0,0.0,0
2,chain_4svc,165,78.35472399995069,69.33011399996758,9.024609999983113,2007040,3,26.32188600000518,0.23231300008319522,0.07970499996190483,49.51279500005512,602112,11.839467999948283,0.2488139999741179,0.039703000084045925,35.20768800001406,802816,13.247247999970568,0.14880900005209696,0.03490200003852806,20.033631000046626,401408,17.92151200004355,0.1068059999624893,0.026700999910644896,0.0,200704,0.0,0.0,0.0,0.0,0
2,chain_4svc,166,76.59082399993622,67.65321900013532,8.937604999800897,2007040,3,26.17607800004862,0.21071200001188117,0.07650399993508472,47.99771000000419,602112,12.003077000031226,0.26851500001612294,0.05130299996380927,33.122370000000956,802816,12.441901999977745,0.15070900008140597,0.03440199998294702,18.853365000040867,401408,17.032162000077733,0.10650599995187804,0.025801999981922563,0.0,200704,0.0,0.0,0.0,0.0,0
2,chain_4svc,167,80.84336499996425,71.5217389999907,9.321625999973548,2007040,3,27.688563999959115,0.19931100007397617,0.113805999944816,50.68536199996743,602112,12.025779000055081,0.2667149999524554,0.05050300001130381,35.663312999986374,802816,13.20904600004269,0.15590800001064054,0.03530200001478079,20.32814699998653,401408,18.598349999933816,0.10880600007112662,0.026002000026892347,0.0,200704,0.0,0.0,0.0,0.0,0
2,chain_4svc,168,77.27556299994376,68.05354300001909,9.222019999924669,2007040,3,25.6845510000403,0.19551100001535815,0.08410399993863393,49.21577800007526,602112,12.032578999992438,0.26761499998428917,0.05050300001130381,34.61925500005236,802816,12.763920999987022,0.1581090000399854,0.03440199998294702,19.41349599997011,401408,17.57249199999933,0.1024059999963356,0.028501999963737035,0.0,200704,0.0,0.0,0.0,0.0,0
2,chain_4svc,169,78.09010999994825,68.149448999975,9.940660999973261,2007040,3,26.197378999995635,0.1887109999643144,0.11590700000851939,49.50079500008542,602112,11.986476999936713,0.26211500005501875,0.042702000087047054,34.60205299995778,802816,12.550109000017073,0.16860900007031887,0.03410199997233576,19.312690999981896,401408,17.41548400002557,0.10660600003120635,0.026401000013720477,0.0,200704,0.0,0.0,0.0,0.0,0
2,chain_4svc,170,79.16756999998142,68.53077000005214,10.63679999992928,2007040,3,25.88766200005921,0.2074120000088442,0.11560600000848353,50.65696000008302,602112,11.919773000045097,0.26851500001612294,0.049702999945111515,36.226544999976795,802816,12.51610700001038,0.1529090000076394,0.034302000017305545,21.40980900003342,401408,18.20722799993746,0.10650600006556488,0.031602000035491074,0.0,200704,0.0,0.0,0.0,0.0,0
2,chain_4svc,171,78.14271199993073,68.85268799999267,9.290023999938057,2007040,3,26.481194999973923,0.1999110000951987,0.07720500002506014,49.05067000004237,602112,11.950975000104336,0.2687149999474059,0.04540199995517469,34.41654400000971,802816,12.733018999938395,0.15820900000562688,0.0320020000117438,19.75241599996025,401408,17.687498999976015,0.10460500004683126,0.024702000018805848,0.0,200704,0.0,0.0,0.0,0.0,0
2,chain_4svc,172,78.47463099994911,68.96719299993492,9.50743800001419,2007040,3,26.21487999999772,0.20271100004265463,0.0858050000260846,49.78741100001116,602112,12.098982999987129,0.2675150000186477,0.04660299998704431,34.89406999995026,802816,12.805722999928548,0.1570090000768687,0.0411020000683493,20.147937000047023,401408,17.847607000021526,0.10770599999432307,0.029401999995570804,0.0,200704,0.0,0.0,0.0,0.0,0
2,chain_4svc,173,78.27331999999387,69.66033300000163,8.612986999992245,2007040,3,26.78401200000735,0.21091199994316412,0.08290499999930034,49.09817199995814,602112,12.043479999988449,0.2751160000116215,0.05000299995572277,34.50694800005749,802816,12.463703999969766,0.15870900006120792,0.036002000001644774,20.093735000045854,401408,18.369137000036062,0.10870599999179831,0.024601999939477537,0.0,200704,0.0,0.0,0.0,0.0,0
2,chain_4svc,174,77.19795899993187,68.73708000023271,8.460878999699162,2007040,3,26.438893000090502,0.19301099996482662,0.07840399996439373,48.3528299999989,602112,11.821267000073021,0.27991599995402794,0.06600400001843809,33.978418999936366,802816,12.331296000070324,0.15760899998440436,0.03660199990918045,19.819619000031707,401408,18.14562399999886,0.10660599991751951,0.025202000074386888,0.0,200704,0.0,0.0,0.0,0.0,0
2,chain_4svc,175,77.85489599996254,69.47872399996413,8.376171999998405,2007040,3,25.643248000051244,0.19801099995220284,0.08700499995484279,49.91551899991009,602112,11.84896999995999,0.26451400003679737,0.049402000058762496,35.561408000035044,802816,12.964131999979145,0.156707999963146,0.031602000035491074,20.734270000048127,401408,19.022373999973752,0.12990700008685963,0.024302000042553118,0.0,200704,0.0,0.0,0.0,0.0,0
2,chain_4svc,176,77.88499700006923,69.3933189999143,8.491678000154934,2007040,3,25.80445699993561,0.1932110000097964,0.11440600007972535,49.810013000069375,602112,11.894972000050075,0.26761499998428917,0.046203000010791584,35.33719500001098,802816,12.448602999938885,0.15470900007130695,0.04060200001276826,20.989286000030916,401408,19.24528699998973,0.11090600003171858,0.025101000005633978,0.0,200704,0.0,0.0,0.0,0.0,0
2,chain_4svc,177,77.78629200004161,69.09030099996016,8.695991000081449,2007040,3,26.282184000024245,0.2322130000038669,0.09190499997657753,49.03176900006656,602112,11.93427399994107,0.26061400001253787,0.04130299998905684,34.422544000108246,802816,12.340597000047637,0.15450799992322573,0.03180199996677402,20.20634100006191,401408,18.533245999947212,0.10450600007061439,0.024702000018805848,0.0,200704,0.0,0.0,0.0,0.0,0
2,chain_4svc,178,78.02470599995104,69.60703000027024,8.417675999680796,2007040,3,26.103274000092824,0.19661099997847487,0.08470499994928105,49.58490000001348,602112,11.807366000084585,0.2571149999539557,0.043203000018365856,35.28239199999916,802816,12.96633300000849,0.1575080000293383,0.03430099991419411,20.405651999908514,401408,18.730057000084344,0.10760599991499475,0.025101999995058577,0.0,200704,0.0,0.0,0.0,0.0,0
2,chain_4svc,179,76.69153100005133,68.11384600018755,8.577684999863777,2007040,3,26.022469000054116,0.1931109999304681,0.11040699996556214,48.288126999977976,602112,11.837968000008914,0.26191500001004897,0.05130299996380927,33.95391700007622,802816,12.281694000080279,0.15090799990957748,0.03390199992736598,19.688211000016054,401408,17.97171500004424,0.10820599993621727,0.02390200006630039,0.0,200704,0.0,0.0,0.0,0.0,0
2,chain_4svc,180,77.71498800002519,68.96089399992889,8.754094000096302,2007040,3,25.873160999935862,0.18770999997741455,0.10550600006808963,49.254981000103726,602112,11.971276000053876,0.24681399997916742,0.05620299998554401,34.6501569999873,802816,13.340552999920874,0.15280800005257333,0.03500200000416953,19.447898000066743,401408,17.775904000018272,0.11000599999988481,0.026401000013720477,0.0,200704,0.0,0.0,0.0,0.0,0
2,chain_4svc,181,78.38432599999123,69.4311199998765,8.953206000114733,2007040,3,26.070172000004277,0.20081100001334562,0.10230600003069412,49.813513000003695,602112,12.025879000020723,0.24971400000595168,0.048402999937025015,34.97397500007082,802816,12.534206999930575,0.1594090000480719,0.03660200002286729,20.578961999945022,401408,18.800861999920926,0.10330600002816936,0.025401000016245234,0.0,200704,0.0,0.0,0.0,0.0,0
2,chain_4svc,182,77.99740399991606,67.99143800003549,10.005965999880573,2007040,3,26.01026799993633,0.19611100003658066,0.10400600001503335,48.62914600005297,602112,11.72406199998477,0.2509140000483967,0.04750300001887808,34.60595399997146,802816,13.040836000072886,0.15380899992578634,0.03190199993241549,19.795316999989154,401408,17.2162720000415,0.10890600003676809,0.03190199993241549,0.0,200704,0.0,0.0,0.0,0.0,0
2,chain_4svc,183,77.14445600004183,67.55271600013657,9.591739999905258,2007040,3,26.203979999991134,0.24161299995739682,0.07970399997248023,48.166120000018964,602112,11.674560000074052,0.2691149999236586,0.04850199991324189,33.78330800001095,802816,12.40390100008426,0.1669089999722928,0.03660199990918045,19.5094020000397,401408,17.270274999987123,0.10730600001807034,0.025101999995058577,0.0,200704,0.0,0.0,0.0,0.0,0
2,chain_4svc,184,77.60728200003086,67.9728369999566,9.634445000074265,2007040,3,25.947164999934103,0.20521200008261076,0.0762040000381603,49.194877999980235,602112,11.815667000064423,0.2582149999170724,0.04120200003399077,34.763963000045806,802816,12.56500900001356,0.15690899999754038,0.03670199998850876,20.127236000007542,401408,17.644995999944513,0.10580599996501405,0.027202000069337373,0.0,200704,0.0,0.0,0.0,0.0,0
2,chain_4svc,185,78.78944900005536,68.90749299998333,9.881956000072023,2007040,3,26.3117859999511,0.2033109999501903,0.10280600008627516,49.814111999921806,602112,12.06918200000473,0.25741399997514236,0.051103000032526325,34.33953899991593,802816,12.422602000015104,0.1515079999308,0.03570199999103352,19.899723999969865,401408,18.1039230000124,0.10850600006051536,0.028001000032418233,0.0,200704,0.0,0.0,0.0,0.0,0
2,chain_4svc,186,77.16685700006565,68.10094399997979,9.065913000085857,2007040,3,25.953465000043252,0.20501199992395414,0.07740499995634309,48.683749000019816,602112,11.876871000026767,0.26091500001257373,0.04060200001276826,33.87471300004563,802816,12.390698999979577,0.15780900002937415,0.03320200005418883,19.60810700006732,401408,17.879908999930194,0.10780600007365138,0.030801999969298777,0.0,200704,0.0,0.0,0.0,0.0,0
2,chain_4svc,187,80.13212399998793,71.48843699985719,8.64368700013074,2007040,3,26.958922999938295,0.2254120000770854,0.10810600008426263,50.78996800000368,602112,11.815066999929513,0.2574150000782538,0.03890200002842903,36.30384899997807,802816,13.655371000027117,0.15890899999249086,0.03840199997284799,20.77947399993718,401408,19.05907599996226,0.10300600001755811,0.02530100005060376,0.0,200704,0.0,0.0,0.0,0.0,0
2,chain_4svc,188,76.71833099993819,67.32180099993457,9.396530000003622,2007040,3,25.868260999914128,0.1921110000466797,0.09790500007511582,48.464035999927546,602112,11.937074000002212,0.2534139999852414,0.04870300006132311,33.80430799995793,802816,12.509905999991133,0.1529090000076394,0.03580199995667499,18.727458000057595,401408,17.006560000027093,0.1113060000079713,0.025801999981922563,0.0,200704,0.0,0.0,0.0,0.0,0
2,chain_4svc,189,77.84009600004538,68.77678300008938,9.063312999955997,2007040,3,26.111074000027656,0.20511200000328245,0.10900600000240956,49.32678499994836,602112,12.255092000032164,0.3213180000329885,0.070903999926486,34.07632400001148,802816,12.377599000046757,0.15250899991769984,0.0359020000360033,19.690811999907964,401408,18.033017999982803,0.11040699996556214,0.027200999966225936,0.0,200704,0.0,0.0,0.0,0.0,0
2,chain_4svc,190,78.16391300002579,68.71587899991027,9.448034000115513,2007040,3,25.95516500002759,0.204312000050777,0.0767049999694791,49.787211999955616,602112,11.89057099998081,0.27661599995099095,0.05050300001130381,35.24308999999448,802816,12.813823999977103,0.1606089999768301,0.03680199995415023,20.513658000027135,401408,18.05631899992477,0.10460600003625586,0.025101000005633978,0.0,200704,0.0,0.0,0.0,0.0,0
2,chain_4svc,191,77.35336799999004,68.02243999993607,9.330928000053973,2007040,3,25.863360000016655,0.19851199999720848,0.11230600000544655,48.92436199997974,602112,11.837467999953333,0.2636149999943882,0.03970299997035909,34.49754700000085,802816,12.657015000058891,0.16860999994605663,0.03630200001225603,19.383794999953352,401408,17.66459699990719,0.10610600008931215,0.025101999995058577,0.0,200704,0.0,0.0,0.0,0.0,0
2,chain_4svc,192,79.56949300000815,70.57148499995947,8.998008000048685,2007040,3,26.422592000017175,0.19541100004971668,0.1151059999529025,50.66655999996783,602112,11.848568999994313,0.26461499999186344,0.0473029999739083,36.24664699998448,802816,12.922929999945154,0.14730800000961608,0.033902000041052816,21.249399999987872,401408,19.377394000002823,0.10750600006304012,0.026800999989973207,0.0,200704,0.0,0.0,0.0,0.0,0
2,chain_4svc,193,78.88545399998748,69.46242300000449,9.423030999982984,2007040,3,26.411391000010553,0.20251099999768485,0.07640500007255469,49.93951999995261,602112,11.811867000005805,0.27481600000101025,0.05470299993248773,35.58110899996336,802816,12.333296999941012,0.15170799997576978,0.03220100006728899,21.12009199993281,401408,18.90586800004712,0.09710500000892353,0.02570100002685649,0.0,200704,0.0,0.0,0.0,0.0,0
2,chain_4svc,194,78.16051399993285,69.16990599984274,8.990608000090106,2007040,3,25.842259000000922,0.1984110000421424,0.11540699995293835,49.83261400002448,602112,11.907272999906127,0.264315000094939,0.05390300009366911,35.43820100003359,802816,12.531607999903827,0.1581090000399854,0.03620200004661456,20.462955999960286,401408,18.888766000031865,0.10470600000189734,0.026002000026892347,0.0,200704,0.0,0.0,0.0,0.0,0
2,chain_4svc,195,77.45737400000507,68.65387699997427,8.803497000030802,2007040,3,26.100473999917995,0.19901100006336492,0.08260500010237593,49.045568999986244,602112,11.889671000062663,0.26051499992263416,0.056902999972408,34.58955300004618,802816,12.96833300000344,0.1490079999939553,0.03560199991170521,19.851820999974734,401408,17.695398999990175,0.10630600002059509,0.02600099992378091,0.0,200704,0.0,0.0,0.0,0.0,0
2,chain_4svc,196,76.65212800009158,67.86213199995927,8.789996000132305,2007040,3,26.237181999931636,0.1963109999678636,0.10940600009234913,47.918605999939246,602112,11.877470000058565,0.2900169999975333,0.06790399993406027,33.421987000110676,802816,12.89112799997838,0.15660899998692912,0.0346020000279168,18.568748000006963,401408,16.856351999990693,0.12050700001964287,0.025101000005633978,0.0,200704,0.0,0.0,0.0,0.0,0
2,chain_4svc,197,76.32370999999694,67.44390899996233,8.879801000034604,2007040,3,25.929364000035093,0.18791000002238434,0.08010499993815756,47.944207999989885,602112,11.822567999956846,0.26521500001308596,0.049402000058762496,33.4865910000417,802816,12.418601000035778,0.17180999998345214,0.03490200003852806,18.95166999997855,401408,17.273375999934615,0.10600600000998384,0.02340100002129475,0.0,200704,0.0,0.0,0.0,0.0,0
2,chain_4svc,198,76.02829300003577,67.23739699998532,8.790896000050452,2007040,3,25.501540000050227,0.19771100005527842,0.10270600000694685,48.169420000022,602112,11.894071999904554,0.265715000068667,0.050303000080020865,33.62499900003968,802816,12.531806999959372,0.1521089999414471,0.03530200001478079,19.06037700007346,401408,17.30997800007117,0.12830699995447503,0.027600999942478666,0.0,200704,0.0,0.0,0.0,0.0,0
2,chain_4svc,199,79.29187700005969,69.8418419999598,9.450035000099888,2007040,3,26.125374999992346,0.21301200001744292,0.07970399997248023,50.7214640000484,602112,11.930572999972355,0.2682150000055117,0.052003000064360094,36.20214400007171,802816,14.341510000008384,0.1625090000061391,0.03780200006531231,19.556203999968602,401408,17.444383999986712,0.10980699994433962,0.025902000061250874,0.0,200704,0.0,0.0,0.0,0.0,0
2,chain_4svc,200,77.85759599994435,67.8691330001584,9.988462999785952,2007040,3,26.05277100008152,0.2001109999127948,0.07560500000636239,49.48359399998026,602112,11.922674000061306,0.27271499993730686,0.05050200002187921,34.92177199996149,802816,12.632512999971368,0.1490079999939553,0.03490200003852806,20.101435000015044,401408,17.261175000044204,0.11190600002919382,0.02480099999502272,0.0,200704,0.0,0.0,0.0,0.0,0
3,chain_4svc,1,78.10177900000781,69.26358400005483,8.838194999952975,2007040,3,26.082963000021664,0.22291200002655387,0.08720499999981257,49.46417399992242,602112,12.006672999973489,0.26601500007927825,0.055103000022427295,34.72814799999924,802816,12.62390800002322,0.1464079999777823,0.03760200002034253,20.2360339999359,401408,18.55004000003646,0.11080699994181487,0.02830100004302949,0.0,200704,0.0,0.0,0.0,0.0,0
3,chain_4svc,2,79.88267900009305,70.32234399980553,9.560335000287523,2007040,3,27.06071799991605,0.19831100007650093,0.11540600007720059,50.306920999901195,602112,12.051275999965583,0.2579140000307234,0.1645090000010896,35.36108299999796,802816,13.024829999949361,0.1581090000399854,0.03320200005418883,20.02762300003269,401408,18.18551999997453,0.11360600001353305,0.025900999958139437,0.0,200704,0.0,0.0,0.0,0.0,0
3,chain_4svc,3,81.10654699999031,71.64161699995475,9.464930000035565,2007040,3,28.108576000022367,0.24961399992662336,0.08790499998667656,50.309620999996696,602112,13.154737999911958,0.2764150000302834,0.050702000066848996,34.40912999997181,802816,12.57430500004375,0.15480899992326158,0.034201999937977234,20.02342299999782,401408,17.803997999976673,0.10970699997869815,0.02750100009052403,0.0,200704,0.0,0.0,0.0,0.0,0
3,chain_4svc,4,80.20529700002044,70.77606900020328,9.429227999817158,2007040,3,27.29383100006544,0.21021199995630013,0.08220400002301176,50.5225330000485,602112,12.306290000083209,0.27941600001213374,0.050502999897616974,35.59079500007556,802816,12.907624000035867,0.16360899996925582,0.035101999969811004,20.41224399999919,401408,18.268324000018765,0.11140599997361278,0.027101999990009062,0.0,200704,0.0,0.0,0.0,0.0,0
3,chain_4svc,5,80.76592899999469,71.65331799990327,9.11261100009142,2007040,3,26.533588000006603,0.21671199999673263,0.0845050000179981,51.76590300004591,602112,12.074176999931296,0.259815000049457,0.041402000078960555,37.06987800001116,802816,14.431508999905418,0.1734100000021499,0.035602000025392044,20.373842000026343,401408,18.61404400005995,0.10960600002363208,0.027600999942478666,0.0,200704,0.0,0.0,0.0,0.0,0
3,chain_4svc,6,79.43285399994693,69.80921599983958,9.623638000107348,2007040,3,26.14106599992283,0.206212000080086,0.09650499998770101,50.919855000074676,602112,12.084277999974802,0.2638140000499334,0.04210200006582454,36.03232000000389,802816,13.509957999986,0.16610900001978735,0.03550200005975057,20.34094099997219,401408,18.07391399995595,0.10830600001554558,0.02700100003494299,0.0,200704,0.0,0.0,0.0,0.0,0
3,chain_4svc,7,78.73691500003588,69.43429200021001,9.302622999825871,2007040,3,27.002414000094177,0.2048110000032466,0.08160499999121384,49.29116300002079,602112,11.982672000044658,0.2643139999918276,0.0478029999158025,34.73244799999975,802816,12.854720000063935,0.16550999998798943,0.03190199993241549,19.234978999975283,401408,17.594486000007237,0.10720600005242886,0.027201999955650535,0.0,200704,0.0,0.0,0.0,0.0,0
3,chain_4svc,8,81.07534600003419,71.37880400011909,9.696541999915098,2007040,3,25.807847999999467,0.19851100000778388,0.0824039999542947,52.69245400006639,602112,11.997772999961853,0.2560140000014144,0.0421019999521377,38.03973300000507,802816,13.086134000104721,0.16200899995055806,0.034201999937977234,22.632768999983455,401408,20.487049000053048,0.10710599997310055,0.026801999979397806,0.0,200704,0.0,0.0,0.0,0.0,0
3,chain_4svc,9,83.18446399994173,73.78943699984575,9.395027000095979,2007040,3,27.942365999933827,0.24351399997613044,0.09750600008828769,52.755558000058045,602112,11.957971000015277,0.28181599998333695,0.05240199993750139,38.03083200000401,802816,15.407463999963511,0.1797099999976126,0.03480199995919975,20.286338000005344,401408,18.481635999933133,0.10720600005242886,0.025601000061215018,0.0,200704,0.0,0.0,0.0,0.0,0
3,chain_4svc,10,81.13694899998336,71.83402800001204,9.30292099997132,2007040,3,26.330077000011443,0.19161000000167405,0.11140599997361278,52.24683000005825,602112,12.430496999968454,0.25691500002267276,0.06060299995169771,37.20528600001671,802816,14.227397000013298,0.1715099999728409,0.0455030000239276,20.85716900000989,401408,18.846057000018845,0.10330600002816936,0.025500999981886707,0.0,200704,0.0,0.0,0.0,0.0,0
3,chain_4svc,11,78.34089200002836,69.33628800004499,9.004603999983374,2007040,3,26.765701000044828,0.2009109999789871,0.09170499993160774,49.11505300003682,602112,11.93096899999091,0.26461499999186344,0.0525030000062543,34.56683799993243,802816,12.622407999970164,0.14490800003841287,0.033502000064800086,19.781008999984806,401408,18.017210000039086,0.10890599992308125,0.029001000029893476,0.0,200704,0.0,0.0,0.0,0.0,0
3,chain_4svc,12,78.90792399996371,70.06012900001224,8.847794999951475,2007040,3,27.150823000056334,0.20081100001334562,0.10120499996446597,49.404069999923195,602112,11.979171999996652,0.2566140000226369,0.05090299998755654,34.979360999955134,802816,12.407094999957735,0.1583090000849552,0.05040300004566234,20.43974600007914,401408,18.523039000001518,0.09740500001953478,0.023600999952577695,0.0,200704,0.0,0.0,0.0,0.0,0
3,chain_4svc,13,77.571249000016,67.90820700007316,9.663041999942834,2007040,3,26.23227100002623,0.20501100004821637,0.1151059999529025,49.03034899996328,602112,11.982471999999689,0.26391400001557486,0.051503000008779054,34.407629000043016,802816,12.513901000033911,0.15270899996266962,0.03280199996424926,19.21677699999691,401408,17.17956300001333,0.11950700002216763,0.025301999926341523,0.0,200704,0.0,0.0,0.0,0.0,0
3,chain_4svc,14,80.4066089999651,70.99048100008076,9.416127999884338,2007040,3,25.93305400000645,0.19381099991733208,0.11480600005597807,51.98641499998757,602112,12.040875000025153,0.26261499999691296,0.05180300001939031,37.33249400011118,802816,13.720270000021628,0.15630799998689326,0.03450200006227533,21.059180999941418,401408,19.29628200002753,0.10530600002311985,0.025400999902558397,0.0,200704,0.0,0.0,0.0,0.0,0
3,chain_4svc,15,77.05702099997325,67.46978299997863,9.587237999994613,2007040,3,25.88515100001132,0.2220129999841447,0.08100499996999133,48.77343500004372,602112,11.891366999975617,0.26271499996255443,0.05800300004921155,34.27772200006984,802816,12.5869060000241,0.17890999993142032,0.03840199997284799,19.474692000017058,401408,17.106358999967597,0.09920599995894008,0.02660100005869026,0.0,200704,0.0,0.0,0.0,0.0,0
3,chain_4svc,16,76.53699200000119,67.5564889997986,8.980503000202589,2007040,3,25.920253999970555,0.19791099998656136,0.10640599998623657,48.32210999995823,602112,11.886965999906351,0.2874160001056225,0.057304000051772164,33.76119300003211,802816,12.355892999948992,0.15460899999197864,0.03230100003293046,19.483691999994335,401408,17.393375999972704,0.10380599997006357,0.026001000037467747,0.0,200704,0.0,0.0,0.0,0.0,0
3,chain_4svc,17,76.87221000003319,68.0770169999505,8.79519300008269,2007040,3,26.00145799999609,0.2043110000613524,0.08620500000233733,48.414415000024746,602112,11.918268999920656,0.2572140000438594,0.05000300006940961,33.93090199995186,802816,12.481998999987809,0.1570090000768687,0.03890299990416679,19.395787000007658,401408,17.675291000045945,0.10830600001554558,0.025500999981886707,0.0,200704,0.0,0.0,0.0,0.0,0
3,chain_4svc,18,78.5493050000241,69.65780599989557,8.891499000128533,2007040,3,26.60139199997502,0.19531099997038837,0.09520499997961451,49.50467599996955,602112,11.830562999989525,0.2668150000317837,0.0499029999900813,35.12196900010167,802816,12.507100999982868,0.15320900001825066,0.033902000041052816,20.44354600002407,401408,18.71874999994816,0.1108060000660771,0.02530100005060376,0.0,200704,0.0,0.0,0.0,0.0,0
3,chain_4svc,19,78.33059199992931,69.1244759999563,9.206115999973008,2007040,3,26.16696799998408,0.1978110000209199,0.08020400002806127,49.73598900005527,602112,11.834063000037531,0.2547149999827525,0.044903000002705085,35.28537900001538,802816,13.05583199996363,0.15640899994195934,0.03400200000669429,20.232234999980392,401408,18.06761299997106,0.10540499999933672,0.02400200003194186,0.0,200704,0.0,0.0,0.0,0.0,0
3,chain_4svc,20,77.92176899999959,68.0546170000298,9.867151999969792,2007040,3,26.111463999995976,0.20051100000273436,0.11330600000292179,49.46797399998104,602112,11.854565000021466,0.26651500002117245,0.043602000005193986,34.99966200001836,802816,13.119535999976506,0.16740900002787384,0.042701999973360216,19.867714000042724,401408,16.969052000035845,0.11160599990489573,0.02650099997936195,0.0,200704,0.0,0.0,0.0,0.0,0
3,chain_4svc,21,78.42409700003827,69.04206999990947,9.3820270001288,2007040,3,26.51148600000397,0.19881200000781973,0.08880500001851033,49.457474000064394,602112,11.89796699998169,0.252015000000938,0.04960199999004544,35.00406299997394,802816,12.423195999986092,0.1549090000025899,0.03220200005671359,20.722662000025593,401408,18.20942099993772,0.10180599997511308,0.02570100002685649,0.0,200704,0.0,0.0,0.0,0.0,0
3,chain_4svc,22,78.16998299995248,68.46493999989889,9.705043000053593,2007040,3,26.30587499993453,0.2426140000579835,0.08280400004423427,49.351267000020016,602112,11.987273000045207,0.2757150000434194,0.04140199996527372,34.75364900009481,802816,12.513401999967755,0.15110799995454727,0.03730200000973127,20.09142700001121,401408,17.658389999951396,0.1266069999701358,0.02790200005620136,0.0,200704,0.0,0.0,0.0,0.0,0
3,chain_4svc,23,80.33580400001483,71.48270799996226,8.853096000052574,2007040,3,26.37577899997723,0.20321199997397343,0.12080600004082953,51.49868800003787,602112,12.078577000011137,0.2642150000156107,0.03980299993600056,36.79476299998896,802816,14.285600999983217,0.15870899994752108,0.03620200004661456,20.524550999994062,401408,18.742750999990676,0.10000600002513238,0.024500999984411465,0.0,200704,0.0,0.0,0.0,0.0,0
3,chain_4svc,24,77.24753200000123,68.11011900003905,9.13741299996218,2007040,3,26.378679000004013,0.2022119999764982,0.11440600007972535,48.413815000003524,602112,11.921668000013597,0.26141499995446793,0.0429030000077546,33.93420200006858,802816,12.7719160000197,0.15260800000760355,0.03420200005166407,19.085671000084403,401408,17.03785600000174,0.10830600001554558,0.02520099997127545,0.0,200704,0.0,0.0,0.0,0.0,0
3,chain_4svc,25,77.66305499990267,68.46443799997814,9.198616999924525,2007040,3,25.866849999943042,0.1973110000790257,0.10790600003929285,49.51907700001357,602112,12.071277000018199,0.27351500000349915,0.05260299997189577,34.88505600000735,802816,12.850120000052812,0.1541089999363976,0.039602000015293015,19.677002999969773,401408,17.676190999964092,0.11480600005597807,0.026002000026892347,0.0,200704,0.0,0.0,0.0,0.0,0
3,chain_4svc,26,77.33273600001667,68.45063799994477,8.882098000071892,2007040,3,26.500486000031742,0.20251099999768485,0.1195069999084808,48.22680400002355,602112,12.003573000015422,0.26321400002871087,0.045702999955210544,33.672488999968664,802816,12.45179799991547,0.1607090000561584,0.03910300006282341,19.260379999991528,401408,17.49478099998214,0.1068059999624893,0.025800999992497964,0.0,200704,0.0,0.0,0.0,0.0,0
3,chain_4svc,27,78.81661900000836,70.16943400003584,8.647184999972524,2007040,3,26.146466000000146,0.23951299999680487,0.08080499992502155,50.268218999917735,602112,11.956570000052125,0.25371399999585265,0.04110299994408706,35.73600400000032,802816,14.162294000016118,0.15570899995509535,0.03530200001478079,19.624099999987266,401408,17.904103999967447,0.11590600001909479,0.027101000000584463,0.0,200704,0.0,0.0,0.0,0.0,0
3,chain_4svc,28,77.0290189999514,68.22072499994647,8.808294000004935,2007040,3,26.27267299999403,0.2079119999507384,0.11560699999790813,48.30760900006226,602112,11.991973000021972,0.2795149999883506,0.048001999971347686,33.64218600006552,802816,12.589305999995304,0.15450900002633716,0.03720199993040296,19.18427599991901,401408,17.366772999935165,0.11400700009289721,0.025801999981922563,0.0,200704,0.0,0.0,0.0,0.0,0
3,chain_4svc,29,78.17498300005354,69.62180399989393,8.553179000159616,2007040,3,25.957255999969675,0.20491099996888806,0.10770599999432307,49.76269099995534,602112,11.96127000002889,0.26581500003430847,0.0504029999319755,35.216175000073235,802816,13.976483999954326,0.1568090000318989,0.03580199995667499,19.32828399992559,401408,17.726793999941037,0.10970599998927355,0.025401000016245234,0.0,200704,0.0,0.0,0.0,0.0,0
3,chain_4svc,30,77.98077199993259,68.83396100010941,9.146810999823174,2007040,3,26.359378000051947,0.19931099996028934,0.11610699993980234,49.407971000050566,602112,12.070177000055082,0.2660149999655914,0.044502000037027756,34.67194400002427,802816,12.526302999958716,0.15470800008188235,0.03760200002034253,20.026723000000857,401408,17.878103000043666,0.1151059999529025,0.02570100002685649,0.0,200704,0.0,0.0,0.0,0.0,0
3,chain_4svc,31,78.80901900000481,69.88671999999951,8.922299000005296,2007040,3,26.3451770000529,0.20441100002699386,0.08310499993058329,50.01940400006788,602112,11.971071999937521,0.2546140000276864,0.045301999989533215,35.4313859999138,802816,14.27450099993166,0.15220800003135082,0.035101999969811004,19.032266999943204,401408,17.295970000077432,0.10670599999684782,0.025800999992497964,0.0,200704,0.0,0.0,0.0,0.0,0
3,chain_4svc,32,78.75731599995106,69.36628900018604,9.391026999765018,2007040,3,27.29603100010536,0.2730149999479181,0.11600599998473626,48.88844100003098,602112,11.998172000062368,0.26121499990949815,0.05050300001130381,34.303324000006796,802816,12.787817000003088,0.15760899998440436,0.055103000022427295,19.392788000004657,401408,17.28426900001523,0.10590599993065553,0.02610100000310922,0.0,200704,0.0,0.0,0.0,0.0,0
3,chain_4svc,33,77.41614100007155,68.7021530001175,8.713987999954043,2007040,3,25.97325700003239,0.20441099991330702,0.10910599996805104,49.070052000047326,602112,11.964171000045098,0.2547139999933279,0.04230199999710749,34.673343999997996,802816,12.857220999990204,0.15650900002128765,0.03350199995111325,19.625199999950382,401408,17.907504000049812,0.1037060000044221,0.025801999981922563,0.0,200704,0.0,0.0,0.0,0.0,0
3,chain_4svc,34,77.74165899991203,68.79825599992273,8.943402999989303,2007040,3,25.860250000050655,0.19091000001481007,0.09990599994580407,49.45287299995016,602112,11.941068999931304,0.24861400004283496,0.04430300009516941,34.97846200002641,802816,12.844319999999243,0.16270899993742205,0.036502000057225814,20.310338999934174,401408,18.15261699994153,0.10730600001807034,0.025902000061250874,0.0,200704,0.0,0.0,0.0,0.0,0
3,chain_4svc,35,79.73747099993034,70.83217100012007,8.905299999810268,2007040,3,25.99415700001373,0.20651199997701042,0.1042059999463163,51.18787100002464,602112,12.096278000058192,0.2636149999943882,0.05070299994258676,36.4506439999559,802816,13.953581999999187,0.15090900001268892,0.03670199998850876,20.526950999965266,401408,18.788154000048962,0.10760600002868159,0.025101000005633978,0.0,200704,0.0,0.0,0.0,0.0,0
3,chain_4svc,36,76.86830999989525,67.94710999997733,8.921199999917917,2007040,3,26.263372000016716,0.1963109999678636,0.08510500003922061,48.17860200000723,602112,11.982672000044658,0.30041599995911383,0.04980299991075299,33.63288600007763,802816,12.495500999989417,0.1523079999969923,0.03490199992484122,19.24407900003189,401408,17.205564999926537,0.10770599999432307,0.02480099999502272,0.0,200704,0.0,0.0,0.0,0.0,0
3,chain_4svc,37,78.699811999968,69.37259000017093,9.327221999797075,2007040,3,26.475884000092265,0.2079119999507384,0.11230699999487115,49.75148899995929,602112,11.937670000065737,0.26261499999691296,0.042202000031466014,35.07826700001715,802816,12.528202999988025,0.14210799997727008,0.034802000072886585,20.586154000056922,401408,18.430833000024904,0.1099069999099811,0.02530100005060376,0.0,200704,0.0,0.0,0.0,0.0,0
3,chain_4svc,38,77.23042999998597,68.02321500003927,9.2072149999467,2007040,3,26.070861999983208,0.20641200001136895,0.07970399997248023,48.73463299998093,602112,11.878566000063984,0.2519139999321851,0.0421029999415623,34.366327000043384,802816,12.651310000023841,0.14570799999091832,0.03440199998294702,19.60950000000139,401408,17.42247699996824,0.11060700001053192,0.027301000045554247,0.0,200704,0.0,0.0,0.0,0.0,0
3,chain_4svc,39,77.08432300000823,68.1108179999228,8.973505000085424,2007040,3,26.063561000000846,0.19711099992036907,0.10750600006304012,48.55692299997827,602112,11.858265000000756,0.25861399990390055,0.05140300004313758,33.712289999925815,802816,12.371992999987924,0.15130899998894165,0.03670199998850876,19.53049500002635,401408,17.816998999933276,0.10670599999684782,0.02790100006677676,0.0,200704,0.0,0.0,0.0,0.0,0
3,chain_4svc,40,79.18103999998038,69.89821999991364,9.28282000006675,2007040,3,26.826303999996526,0.1997110000502289,0.11470699996607436,49.998704000017824,602112,11.955070999988493,0.2667149999524554,0.04650200003197824,35.20917499997722,802816,12.88342299994838,0.18611000007240364,0.0359020000360033,19.935117999921204,401408,18.233421999980237,0.11490600002161955,0.026201999958175293,0.0,200704,0.0,0.0,0.0,0.0,0
3,chain_4svc,41,80.30850299996928,70.93887899998208,9.369623999987198,2007040,3,25.976457000069786,0.22111199996288633,0.08520399990175065,51.90570999991451,602112,12.061176999964118,0.27101500006665447,0.049803000024439825,36.75736100001359,802816,13.269143999991684,0.14650900004653522,0.03400100001726969,21.463603000029252,401408,19.632100999956492,0.13690799994492409,0.02660100005869026,0.0,200704,0.0,0.0,0.0,0.0,0
3,chain_4svc,42,79.01793099995302,68.94716500005416,10.070765999898867,2007040,3,26.523186999952486,0.20401100005074113,0.10850600006051536,49.0325490000032,602112,12.054276000071695,0.26151500003379624,0.04720299989457999,34.27472199996373,802816,13.230141000008189,0.26761499998428917,0.03670199998850876,18.968063999977858,401408,17.139561000021786,0.10730600001807034,0.05230299996128451,0.0,200704,0.0,0.0,0.0,0.0,0
3,chain_4svc,43,77.26163199993152,68.02191500003119,9.239716999900338,2007040,3,25.838149000037447,0.2116119999300281,0.0811039999462082,48.89874200000577,602112,11.948669999924277,0.27021500000046217,0.05800300004921155,34.35912600002666,802816,13.367450000032477,0.15040799996768328,0.03630200001225603,18.77645299998676,401408,16.867646000036984,0.102405000006911,0.02480199998444732,0.0,200704,0.0,0.0,0.0,0.0,0
3,chain_4svc,44,77.16222699991704,67.76529999990544,9.396927000011601,2007040,3,26.2778740000158,0.19611100003658066,0.10620599994126678,48.578924000025836,602112,11.872765999896728,0.26271400008681667,0.04020200003651553,34.122813000067254,802816,12.3285910000277,0.1484079999727328,0.039603000004717615,19.121971999993548,401408,17.28606899996521,0.1051060000918369,0.025402000005669834,0.0,200704,0.0,0.0,0.0,0.0,0
3,chain_4svc,45,77.22443000000112,68.02701399988109,9.197416000120029,2007040,3,25.712940999937928,0.1971110000340559,0.08670500005791837,49.197557999946184,602112,11.946070000021791,0.2546140000276864,0.050203000000692555,34.632041999998364,802816,13.304945999948359,0.17511000010017597,0.03500200000416953,18.779152999968574,401408,17.063056999973014,0.10350500008371455,0.025101000005633978,0.0,200704,0.0,0.0,0.0,0.0,0
3,chain_4svc,46,78.74771600006625,68.99966900004983,9.748047000016413,2007040,3,26.175367999940136,0.20291100008762442,0.10390600004939188,50.10110999990047,602112,11.823863000017809,0.2655150000236972,0.045701999965785944,35.33688200002416,802816,12.606707000031747,0.15170899996519438,0.034701999993558275,20.21073299999898,401408,18.393731000060143,0.10740599998371181,0.02600099992378091,0.0,200704,0.0,0.0,0.0,0.0,0
3,chain_4svc,47,78.52190300002349,68.65594999999303,9.865953000030458,2007040,3,26.051761000076112,0.20411099990269577,0.08070399996995548,49.76008999994974,602112,11.884666000014477,0.2678149999155721,0.04880300002696458,35.16057199999523,802816,12.53070299992487,0.15650800003186305,0.034402000096633856,20.744563999983257,401408,18.188819999977568,0.11380700004792743,0.02610100000310922,0.0,200704,0.0,0.0,0.0,0.0,0
3,chain_4svc,48,82.22770999998374,72.94028999990587,9.287420000077873,2007040,3,28.092575999949077,0.2156120000336159,0.08560399999169022,51.5122890000157,602112,11.847364000004745,0.2630149999731657,0.042803000042113126,36.98227300003509,802816,13.910580000015216,0.14940799997020804,0.03440199998294702,20.985075999988112,401408,19.089769999936834,0.10710600008678739,0.026002000026892347,0.0,200704,0.0,0.0,0.0,0.0,0
3,chain_4svc,49,80.69412399993325,70.65896099982183,10.035163000111424,2007040,3,28.047172000015053,0.21261200004119019,0.0876049999760653,50.051606000010906,602112,12.171981999927084,0.3566200000477693,0.050703000056273595,35.153070999967895,802816,12.827318999939052,0.18711100005930348,0.03380200007541134,20.015423000018018,401408,17.61248799994064,0.10640499999681197,0.025001000039992505,0.0,200704,0.0,0.0,0.0,0.0,0
3,chain_4svc,50,80.08218999998462,70.29794100003528,9.784248999949341,2007040,3,27.924866000034854,0.21451199995681236,0.07910399995125772,49.803792000034264,602112,11.827962999973352,0.2669149999974252,0.05600299994057423,35.118269000008695,802816,12.454798000021583,0.15390900000511465,0.03440199998294702,20.143930000017463,401408,18.090314000005492,0.11160599990489573,0.02620200007186213,0.0,200704,0.0,0.0,0.0,0.0,0
3,chain_4svc,51,77.59634999990794,68.31163099980131,9.284719000106634,2007040,3,26.30727499990826,0.206212000080086,0.11410600006911409,48.82593699994686,602112,11.827963999962776,0.26651400003174786,0.0499020000006567,34.24182000003384,802816,12.38559399996575,0.1570090000768687,0.03540199998042226,19.515294000029826,401408,17.790797999964525,0.10470600000189734,0.026200999968750693,0.0,200704,0.0,0.0,0.0,0.0,0
3,chain_4svc,52,80.63892099994519,71.2393940000311,9.399526999914087,2007040,3,26.410981000026368,0.20231099995271506,0.10790600003929285,51.69089800006077,602112,11.956670000017766,0.2598149999357702,0.04880300002696458,37.218487000018285,802816,13.073732999941967,0.15960899997935485,0.03530200001478079,21.55730799995581,401408,19.798010000044997,0.11150599993925425,0.027302000034978846,0.0,200704,0.0,0.0,0.0,0.0,0
3,chain_4svc,53,78.88212299997122,69.66800500003956,9.21411799993166,2007040,3,25.90015200007656,0.20781199998509692,0.10950599994430377,50.448928000037085,602112,11.83356299998195,0.288216000058128,0.04220300002089061,35.58859600002506,802816,12.974727000027997,0.1568090000318989,0.031201999945551506,20.646157999976822,401408,18.95956299995305,0.1056060000337311,0.02530200004002836,0.0,200704,0.0,0.0,0.0,0.0,0
3,chain_4svc,54,77.23213099995974,68.22082400003637,9.011306999923363,2007040,3,26.51178600001458,0.20781199998509692,0.11610699993980234,48.23830500004078,602112,11.992972000030022,0.26131499998882646,0.04230199999710749,33.65688700000646,802816,12.406994999992094,0.1511090000576587,0.03810299995166133,19.311683000069024,401408,17.309070999999676,0.10090499995385471,0.024900999960664194,0.0,200704,0.0,0.0,0.0,0.0,0
3,chain_4svc,55,79.65396599990981,70.20163499987575,9.452331000034064,2007040,3,26.384778999954506,0.19801200005531427,0.10770599999432307,50.97075800006223,602112,12.123579999979484,0.269015000071704,0.05160299997442053,36.2728339999876,802816,14.167193999924166,0.15220900002077542,0.034302000017305545,19.471891000080177,401408,17.526082000017595,0.10580599996501405,0.024601999939477537,0.0,200704,0.0,0.0,0.0,0.0,0
3,chain_4svc,56,78.63000800000464,69.28178500015747,9.348222999847167,2007040,3,25.86635100010426,0.19461099998352438,0.0990049999245457,50.37522500003888,602112,11.981472000002213,0.27741600001718325,0.04450199992334092,35.86380999990979,802816,13.657866000016838,0.1632089999930031,0.04100199998902099,19.529895000005126,401408,17.77609600003416,0.10610599997562531,0.026301999923816766,0.0,200704,0.0,0.0,0.0,0.0,0
3,chain_4svc,57,78.30498999999236,69.53149700018457,8.773492999807786,2007040,3,26.034659000060856,0.21261199992750335,0.08090500000434986,49.82479399996009,602112,11.941470000010668,0.2579140000307234,0.051102000043101725,35.290378000013334,802816,14.168394000080298,0.1510089999783304,0.03440199998294702,19.055768999919565,401408,17.38697400003275,0.10410599998067482,0.027001999910680752,0.0,200704,0.0,0.0,0.0,0.0,0
3,chain_4svc,58,78.68961200006197,68.98166799999217,9.707944000069801,2007040,3,26.120364999997037,0.20161100007953792,0.07790400002249953,50.103409999906034,602112,11.880565999945247,0.2808159999858617,0.06630400002904935,35.31078000003163,802816,12.731013999996321,0.16210900002988637,0.04250300003150187,20.154029999957856,401408,18.249723000053564,0.10580599996501405,0.025300999936916924,0.0,200704,0.0,0.0,0.0,0.0,0
3,chain_4svc,59,78.37919500002499,68.60344599999735,9.775749000027645,2007040,3,26.04945999996744,0.1966110000921617,0.10640599998623657,49.77809100000741,602112,11.852664999992157,0.25121400005900796,0.04590200001075573,35.37818400002379,802816,12.755415000015091,0.16360999995868042,0.03130200002487982,20.13122900007147,401408,17.94590600002266,0.1178070000378284,0.026200999968750693,0.0,200704,0.0,0.0,0.0,0.0,0
3,chain_4svc,60,78.49940200003402,68.63214800023343,9.867253999800596,2007040,3,25.751444000093215,0.21271199989314482,0.09970499991140969,50.092009000081816,602112,11.809461999973792,0.26021400003628514,0.04820300000574207,35.58809600008317,802816,12.475799000071675,0.14520799993533728,0.03390199992736598,20.978076000005785,401408,18.595443000094747,0.10390599993570504,0.02480099999502272,0.0,200704,0.0,0.0,0.0,0.0,0
3,chain_4svc,61,79.01593100007176,69.47179700000561,9.544134000066151,2007040,3,26.313375999961863,0.19631100008155045,0.08640500004730711,50.27891899999304,602112,11.784660999978769,0.26961499997923966,0.04400200009513355,35.63689899999645,802816,12.96872800003257,0.158607999992455,0.03950200004965154,20.755764000000454,401408,18.405032000032406,0.10800600000493432,0.02560199993695278,0.0,200704,0.0,0.0,0.0,0.0,0
3,chain_4svc,62,77.20702899996468,68.38493499981269,8.822094000151992,2007040,3,25.77764499994828,0.19941100003961765,0.07830499998817686,49.216759000046295,602112,11.88786699992761,0.26831500008484,0.04390200001580524,34.87525499997446,802816,12.823618999959763,0.16701000004104571,0.032001000022319204,20.18653099992207,401408,17.895803999977034,0.1069060000418176,0.02610100000310922,0.0,200704,0.0,0.0,0.0,0.0,0
3,chain_4svc,63,78.72261400007119,68.96646699999565,9.756147000075543,2007040,3,26.31357500001741,0.20861200005128921,0.08180499992249679,49.90929799998867,602112,11.917668000023696,0.25221399994279636,0.04590300000018033,35.47138899989477,802816,12.36619399992378,0.15820900000562688,0.03250200006732484,20.860170000105427,401408,18.36903000003076,0.11220699991554284,0.02570100002685649,0.0,200704,0.0,0.0,0.0,0.0,0
3,chain_4svc,64,76.39678400005323,67.4226810001528,8.974102999900424,2007040,3,26.37487900005908,0.20861099994817778,0.07850500003314664,47.61567000002742,602112,11.74815900003523,0.2744150000353329,0.03990200002590427,33.28206600008343,802816,12.478299999997944,0.1607090000561584,0.03290200004357757,18.443634000050224,401408,16.82134300006055,0.10700599989377224,0.02480099999502272,0.0,200704,0.0,0.0,0.0,0.0,0
3,chain_4svc,65,77.34623700002885,68.68744999997034,8.65878700005851,2007040,3,25.657637999984217,0.24451399997360568,0.10200600002008287,49.25826099997721,602112,11.857664999979534,0.25391400004082243,0.04820300000574207,34.87575500003004,802816,12.400494999951661,0.1593089999687436,0.03910300006282341,20.51155000003746,401408,18.771652000054928,0.10790599992560601,0.024101999997583334,0.0,200704,0.0,0.0,0.0,0.0,0
3,chain_4svc,66,79.10753599992404,69.8962210000218,9.211314999902243,2007040,3,26.561689999994087,0.20471099992391828,0.08360399999673973,50.174813000012364,602112,11.902068000040344,0.26591499999994994,0.043901999902118405,35.67980100001478,802816,12.400195000054737,0.19281099991985684,0.03240199998799653,21.05358099993282,401408,19.03226799993263,0.10490500005744252,0.025500999981886707,0.0,200704,0.0,0.0,0.0,0.0,0
3,chain_4svc,67,77.0944219999592,68.08641800012083,9.008003999838365,2007040,3,26.12686500003747,0.2002109999921231,0.1081059999705758,48.47251799992591,602112,11.872265999954834,0.2643149999812522,0.045502000034503,34.01790800000981,802816,12.501601000053597,0.15920900000310212,0.03760200002034253,19.214777999991384,401408,17.58568600007493,0.1099059999205565,0.025501999971311307,0.0,200704,0.0,0.0,0.0,0.0,0
3,chain_4svc,68,79.24694400003318,70.40494800003216,8.841996000001018,2007040,3,25.99545800001124,0.19731099996533885,0.10680600007617613,50.73644399999466,602112,11.931468999932804,0.26841500005048147,0.04950300001382857,36.253532999921845,802816,13.032831000032274,0.1516089999995529,0.035101999969811004,21.320395000088865,401408,19.445190000055845,0.10740599998371181,0.033002000009219046,0.0,200704,0.0,0.0,0.0,0.0,0
3,chain_4svc,69,76.45628700004181,67.61659099993267,8.839696000109143,2007040,3,26.09336299997267,0.19631100008155045,0.08090500000434986,47.938586999975996,602112,11.833663999937016,0.2578140000650819,0.05000199996629817,33.29326699997637,802816,12.509100999977818,0.16620999997485342,0.032501999953638006,18.760951999979625,401408,17.180463000045165,0.10300600001755811,0.025402000005669834,0.0,200704,0.0,0.0,0.0,0.0,0
3,chain_4svc,70,76.55929300005937,68.09511899996323,8.464174000096136,2007040,3,25.99455699998998,0.19871099993906682,0.10220600006505265,48.293707999960134,602112,11.725458000000799,0.2580139999963649,0.04850200002692873,34.140813999897546,802816,13.620663999972749,0.16260900008546741,0.034201999937977234,18.530639000005067,401408,16.754439999999704,0.11170600009791087,0.023300999941966438,0.0,200704,0.0,0.0,0.0,0.0,0
3,chain_4svc,71,79.03203199998643,70.16783500012025,8.86419699986618,2007040,3,27.20292599997265,0.20131099995523982,0.11100599999736005,49.36296699997911,602112,12.146681000103854,0.27221599998483725,0.04850199991324189,34.635541999932684,802816,12.996729000064988,0.1542090000157259,0.036002000001644774,19.637201000023197,401408,17.821498999978758,0.10730700000749493,0.026701000024331734,0.0,200704,0.0,0.0,0.0,0.0,0
3,chain_4svc,72,79.48075700005575,69.77141200002279,9.709345000032954,2007040,3,26.52238699999998,0.20761200005381397,0.07920399991689919,50.16871300006187,602112,12.166982000053395,0.2634149999494184,0.04200199998649623,34.82765300009305,802816,12.980527999957303,0.1627090000511089,0.035202000049139315,19.851613000014368,401408,18.101515000012114,0.10650599995187804,0.02380099999754748,0.0,200704,0.0,0.0,0.0,0.0,0
3,chain_4svc,73,76.59099399995739,68.03741399994578,8.553580000011607,2007040,3,25.878650999970887,0.1976109999759501,0.08500500007357914,48.47971799995321,602112,11.885366999990765,0.2608139999438208,0.0486029999819948,34.05900999996447,802816,12.443897000025572,0.15660899998692912,0.03610199996728625,19.630899999924623,401408,17.82949899995856,0.10180600008879992,0.025801999981922563,0.0,200704,0.0,0.0,0.0,0.0,0
3,chain_4svc,74,78.40649600007055,69.24458099990716,9.16191500016339,2007040,3,26.234871000042403,0.19981099990218354,0.10720600005242886,49.740288999942095,602112,11.903466999910961,0.2663150000898895,0.04870300006132311,35.31348000001344,802816,12.529502000006687,0.14820900003087445,0.03520199993545248,20.278136999991148,401408,18.576740999947106,0.1280070000575506,0.02620200007186213,0.0,200704,0.0,0.0,0.0,0.0,0
3,chain_4svc,75,80.1588949999541,71.05208500013305,9.106809999821053,2007040,3,26.96001200001774,0.20821199996134965,0.07860400000936352,50.64983999989181,602112,12.070476999952007,0.25611399996705586,0.043703000073946896,35.87381199997708,802816,13.633565000077397,0.16130899996369408,0.03720199993040296,20.18383199992968,401408,18.388031000085903,0.10920599993369251,0.02690099995561468,0.0,200704,0.0,0.0,0.0,0.0,0
3,chain_4svc,76,84.02781200004483,74.76299199993264,9.264820000112195,2007040,3,26.942010999960075,0.20961099994565302,0.12150700001711812,54.57755999998426,602112,12.042074999953911,0.2814160000070842,0.04170299996530957,39.86563500006923,802816,15.016042000070229,0.1575090000187629,0.039101999959711975,22.851882000054502,401408,20.762863999948422,0.1459080000358881,0.02650199996878655,0.0,200704,0.0,0.0,0.0,0.0,0
3,chain_4svc,77,77.78426200002286,69.09107399997083,8.693188000052032,2007040,3,26.35167799996907,0.2053109999451408,0.11370600009286136,48.96104600004492,602112,12.01777400001447,0.26831499997115316,0.05230299996128451,34.43193099997188,802816,12.868520999973043,0.15250900003138668,0.034701999993558275,19.586897999943176,401408,17.85310100001425,0.11020600004485459,0.024600999950052937,0.0,200704,0.0,0.0,0.0,0.0,0
3,chain_4svc,78,84.22322199999144,75.30662199997096,8.91660000002048,2007040,3,26.869906999991144,0.20881199998257216,0.08580400003666,55.0868889999947,602112,16.75253899998097,0.27041500004543195,0.060404000009839365,35.70790200001284,802816,14.13129200000185,0.16731000005165697,0.03240199998799653,19.642001999955028,401408,17.552883999996993,0.11140599997361278,0.02440200000819459,0.0,200704,0.0,0.0,0.0,0.0,0
3,chain_4svc,79,79.08803400005127,69.2785849998927,9.809449000158565,2007040,3,26.294273999951656,0.20421200008513551,0.08020500001748587,50.292319999925894,602112,11.993072999985088,0.2701150000348207,0.048503000016353326,35.62379699997109,802816,13.675667000029534,0.15620899989698955,0.031602000035491074,19.689603999950123,401408,17.315570999926422,0.11100700010047149,0.027101000000584463,0.0,200704,0.0,0.0,0.0,0.0,0
3,chain_4svc,80,80.0307880000446,71.46620699995765,8.564581000086946,2007040,3,26.336377000006905,0.20391100008509966,0.11010599996552628,51.2026709999418,602112,12.176181999961955,0.2782159999696887,0.04920300000321731,36.52394799996728,802816,13.992484999903354,0.1555090000238124,0.03680200006783707,20.716962000051353,401408,18.961163000085435,0.10480599996753881,0.026700999910644896,0.0,200704,0.0,0.0,0.0,0.0,0
3,chain_4svc,81,84.17321900003571,72.48526400007904,11.687954999956673,2007040,3,25.827248000041436,0.2046109999582768,0.08980500001598557,53.58190399999785,602112,12.098477999984425,0.275215999977263,0.050703000056273595,38.76697400005469,802816,12.927024999953574,0.15270800008693186,0.03230200002235506,23.87873899999704,401408,21.632513000099607,0.11050699993120361,0.032000999908632366,0.0,200704,0.0,0.0,0.0,0.0,0
3,chain_4svc,82,79.60323299994343,70.25671099995634,9.34652199998709,2007040,3,26.156756999967,0.20861200005128921,0.11210599996047677,50.78552600002695,602112,12.135074999946482,0.2438139999867417,0.054202999990593526,36.05990700009443,802816,14.144887000043127,0.15580900003442366,0.03590199992231646,19.98041199999534,401408,17.81999199999973,0.10700600000745908,0.026401000013720477,0.0,200704,0.0,0.0,0.0,0.0,0
3,chain_4svc,83,78.3745620000218,68.96653799992691,9.408024000094883,2007040,3,26.41426999991836,0.19871100005275366,0.08370500006549264,49.4295510000029,602112,12.040870999953768,0.26931500008231524,0.06580299998404371,34.714332000021386,802816,12.729508000006717,0.15070899996771914,0.036002000001644774,20.153021999931298,401408,17.781889000048068,0.1139070000135689,0.026801999979397806,0.0,200704,0.0,0.0,0.0,0.0,0
3,chain_4svc,84,79.67103399994357,70.59222700024748,9.078806999696099,2007040,3,26.466772000048877,0.2066119999426519,0.10910699995747564,50.71622200000547,602112,11.994667000067238,0.2462139999579449,0.052402999926925986,35.898298000006434,802816,12.940120000052957,0.15720900000815163,0.035501999946063734,20.99816899999496,401408,19.190668000078404,0.10790599992560601,0.02480199998444732,0.0,200704,0.0,0.0,0.0,0.0,0
3,chain_4svc,85,83.84216599995398,73.81500799988316,10.027158000070813,2007040,3,26.408268999944084,0.20731200004320272,0.09060499996849103,54.7451469999487,602112,12.413090999984888,0.2670150000767535,0.05070199995316216,39.636606000044594,802816,13.226636000013059,0.16160899997430533,0.03420200005166407,23.96903300007125,401408,21.767011999941133,0.1267070000494641,0.02610100000310922,0.0,200704,0.0,0.0,0.0,0.0,0
3,chain_4svc,86,78.35306000004039,69.42606299992349,8.926997000116899,2007040,3,26.68608499993752,0.19851100000778388,0.08070400008364231,49.06763000008141,602112,12.019668999982969,0.28361499994389305,0.04250300003150187,34.44521699998404,802816,12.621402000036142,0.1547089999576201,0.0346020000279168,19.884406999949533,401408,18.098906999966857,0.13980799997170834,0.026801999979397806,0.0,200704,0.0,0.0,0.0,0.0,0
3,chain_4svc,87,77.67012299996168,68.99474000010741,8.675382999854264,2007040,3,27.071107000097072,0.21041200000126992,0.07900399998561625,48.17658100000699,602112,11.9684659999848,0.26331399999435234,0.045803000034538854,33.593969999969886,802816,12.379989000010028,0.15580799993131222,0.033801999961724505,19.323675000009644,401408,17.575178000015512,0.10530599990943301,0.02610199999253382,0.0,200704,0.0,0.0,0.0,0.0,0
3,chain_4svc,88,81.69484600000487,71.6443880000952,10.050457999909668,2007040,3,26.989802000002783,0.2587150000863403,0.09630499994273123,52.1298010000919,602112,11.991768000029879,0.2826149999464178,0.05310300002747681,36.868452000021534,802816,14.371900000014648,0.1645090000010896,0.039501999935964704,20.50214100006542,401408,18.290918000047895,0.102405000006911,0.025401999891982996,0.0,200704,0.0,0.0,0.0,0.0,0
3,chain_4svc,89,80.12335900002654,71.57668399997874,8.546675000047799,2007040,3,26.5485779999608,0.20141100003456813,0.1152060000322308,51.215049999996154,602112,12.003968000044551,0.26751499990496086,0.05760299995927198,36.660540000070796,802816,13.833770000019285,0.1547089999576201,0.03810199996223673,20.88346300001831,401408,19.190367999954105,0.10680600007617613,0.022701000034430763,0.0,200704,0.0,0.0,0.0,0.0,0
3,chain_4svc,90,77.19759600001908,68.43930799993814,8.758288000080938,2007040,3,26.212657999963085,0.20751199997448566,0.1095060000579906,48.63580699998238,602112,11.903762999963874,0.26091400002314913,0.04820200001631747,34.22530499994991,802816,13.023124000028474,0.15070899996771914,0.033801999961724505,19.111362999979065,401408,17.299762999982704,0.11170600009791087,0.062002999925425684,0.0,200704,0.0,0.0,0.0,0.0,0
3,chain_4svc,91,77.16269500008366,68.3589039998651,8.803791000218553,2007040,3,26.09785300001022,0.20011100002648163,0.09610500001144828,48.66660799996225,602112,11.756753999975444,0.29911700005413877,0.07060400002956158,34.39761399999952,802816,12.778510999964965,0.15820900000562688,0.033401999985471775,19.79350199997043,401408,17.72578599991448,0.11000599999988481,0.02530200004002836,0.0,200704,0.0,0.0,0.0,0.0,0
3,chain_4svc,92,77.95333799992932,69.21995100003642,8.7333869998929,2007040,3,25.961343999938435,0.2015119999896342,0.11090700002114318,49.561157999960415,602112,11.976467000067714,0.27791499996965285,0.05360299996937101,35.026448999929016,802816,13.347242000008919,0.16280900001675036,0.03350199995111325,19.69789600002514,401408,17.93489800002135,0.11440599996603851,0.02570200001628109,0.0,200704,0.0,0.0,0.0,0.0,0
3,chain_4svc,93,78.5704719999103,69.59267199999886,8.97779999991144,2007040,3,26.088151999942966,0.20851100009622314,0.11180600006355235,49.879775000022164,602112,12.200479000057385,0.29781699993236543,0.06270300002597651,35.05415099994025,802816,13.751565000006849,0.1508089999333606,0.033801999961724505,19.401080000079673,401408,17.552475999991657,0.10830600001554558,0.02480199998444732,0.0,200704,0.0,0.0,0.0,0.0,0
3,chain_4svc,94,77.09268999997221,68.56101500011391,8.531674999858296,2007040,3,26.2913630000412,0.20441100002699386,0.11470699996607436,48.357992000092054,602112,11.923463000016454,0.2792160000808508,0.040801999944051204,33.91058800002611,802816,12.534998000091946,0.1593089999687436,0.03350099996168865,19.434882000041398,401408,17.81119099996431,0.10990600003424333,0.024501999973836064,0.0,200704,0.0,0.0,0.0,0.0,0
3,chain_4svc,95,78.4059630000229,69.69527799992647,8.710685000096419,2007040,3,25.8155369999713,0.21121199995377538,0.10460600003625586,50.07578699996884,602112,11.847059000047011,0.2617149999650792,0.041301999999632244,35.714987999995174,802816,14.312295999957314,0.1568090000318989,0.041403000068385154,19.47748399993543,401408,17.72038599995085,0.10740599998371181,0.024901000074351032,0.0,200704,0.0,0.0,0.0,0.0,0
3,chain_4svc,96,79.3173150000257,69.99429600011808,9.323018999907617,2007040,3,26.317264999988765,0.20401100005074113,0.11300599999231054,50.61511700000665,602112,11.887062000027981,0.25761400002011214,0.0473019999844837,36.260618000028444,802816,13.55035400001725,0.18110999997134059,0.031702000001132546,19.973410999909902,401408,18.239615000084086,0.10640599998623657,0.026800999989973207,0.0,200704,0.0,0.0,0.0,0.0,0
3,chain_4svc,97,81.02660999998079,72.01690799990956,9.00970200007123,2007040,3,27.720242999976108,0.20131099995523982,0.1121060000741636,50.99393800003327,602112,11.927163999985169,0.26321500001813547,0.046702000076948025,36.02210499991543,802816,13.94307599991862,0.15010900006018346,0.03240099999857193,20.20432400001937,401408,18.426425000029667,0.10710599997310055,0.02480099999502272,0.0,200704,0.0,0.0,0.0,0.0,0
3,chain_4svc,98,77.01598699998158,68.15839099999721,8.857595999984369,2007040,3,26.133454000046186,0.19071099995926488,0.11360699988927081,48.54020100003709,602112,11.836258000016642,0.26651500002117245,0.049102999923889,33.76727900001697,802816,12.571198999921762,0.1524090000657452,0.03660200002286729,19.21547000006285,401408,17.61748000001262,0.1038060000837504,0.02470199990511901,0.0,200704,0.0,0.0,0.0,0.0,0
3,chain_4svc,99,77.68582300002436,68.71382400004222,8.971998999982134,2007040,3,26.056949999997414,0.2053109999451408,0.09430500006146758,49.20903899994755,602112,12.029970000071444,0.27021500000046217,0.045701999965785944,34.53342199998133,802816,12.446791999991547,0.15900899995813234,0.036002000001644774,20.145821000028263,401408,18.18011199998182,0.11060600002110732,0.02610100000310922,0.0,200704,0.0,0.0,0.0,0.0,0
3,chain_4svc,100,77.3608060000015,68.5737160000599,8.7870899999416,2007040,3,26.158055999985663,0.2002109999921231,0.07970399997248023,48.72281200005091,602112,11.933264000049348,0.2730149999479181,0.043203000018365856,34.18540200004827,802816,12.455192999937026,0.1490089999833799,0.03130100003545522,19.81400300007863,401408,18.027203000087866,0.1073059999043835,0.02610199999253382,0.0,200704,0.0,0.0,0.0,0.0,0
3,chain_4svc,101,79.10820300003252,70.31331499990756,8.794888000124956,2007040,3,26.42107099995883,0.2036110000744884,0.12180600003830477,50.36190299995269,602112,11.970667000014146,0.25551399994583335,0.046202000021366985,35.78569199999038,802816,12.706707000006645,0.1524090000657452,0.03560199991170521,21.07637300002807,401408,19.21486999992794,0.11880600004587905,0.02790100006677676,0.0,200704,0.0,0.0,0.0,0.0,0
3,chain_4svc,102,75.81141899993327,67.13923600000271,8.672182999930556,2007040,3,25.610124999957407,0.20531200004825223,0.10170500002004701,47.75995799991506,602112,11.827459000073759,0.2656139999999141,0.04540199995517469,33.48356399999375,802816,12.625901999967937,0.16020900000057736,0.03570199999103352,18.9054520000127,401408,17.07575000000361,0.10570599999937258,0.025002000029417104,0.0,200704,0.0,0.0,0.0,0.0,0
3,chain_4svc,103,78.66537799998241,69.93759100009811,8.727786999884302,2007040,3,27.486229000032836,0.1957109999466411,0.11730699998224736,48.68090899992694,602112,11.830658000008043,0.26131499998882646,0.049302999968858785,34.28020700005163,802816,12.36978800000088,0.1562090000106764,0.031702000001132546,20.00461299996914,401408,18.25091600005635,0.10590599993065553,0.02570100002685649,0.0,200704,0.0,0.0,0.0,0.0,0
3,chain_4svc,104,77.65462199995454,68.40930800001388,9.245313999940663,2007040,3,26.28046299992093,0.1927100000784776,0.11550600004284206,48.96812500010128,602112,12.010968000026878,0.25871499997265346,0.0403029999915816,34.43441600006736,802816,12.662905000070168,0.156707999963146,0.032101999977385276,19.67949499999122,401408,17.454971999995905,0.10680600007617613,0.026600999945003423,0.0,200704,0.0,0.0,0.0,0.0,0
3,chain_4svc,105,78.52096999999958,69.77108200010207,8.74988799989751,2007040,3,26.34876600006919,0.20821199996134965,0.11220699991554284,49.74876899996161,602112,11.912062999954287,0.2540140000064639,0.046601999997619714,35.23096100002476,802816,13.755065000054856,0.15830899997126835,0.039501999935964704,19.566688999930193,401408,17.755188000023736,0.11140599997361278,0.02750200007994863,0.0,200704,0.0,0.0,0.0,0.0,0
3,chain_4svc,106,77.58721699997295,68.0440850001105,9.543131999862453,2007040,3,26.337065000006987,0.21141199999874516,0.09090499997910229,48.91452200001822,602112,11.970866000069691,0.27151599999797327,0.04580199993142742,34.144300999969346,802816,12.445992000039041,0.15630899997631786,0.0442030000158411,19.75629999992634,401408,17.29016199999478,0.12070699995092582,0.02440100001876999,0.0,200704,0.0,0.0,0.0,0.0,0
3,chain_4svc,107,79.25901099997645,69.63607399995908,9.622937000017373,2007040,3,26.800991000072827,0.27771599991410767,0.1037060000044221,49.97088100003566,602112,11.92426299996896,0.27031499996610364,0.0499029999900813,35.38656900002479,802816,12.998322999919765,0.15660900010061596,0.03500200000416953,20.46453900004508,401408,17.91249699999753,0.10760600002868159,0.026301999923816766,0.0,200704,0.0,0.0,0.0,0.0,0
3,chain_4svc,108,78.54637100001582,69.5653709999533,8.981000000062522,2007040,3,26.983201000007284,0.20471200002702972,0.1125059999367295,49.164436000069145,602112,12.116274000049998,0.26751499990496086,0.054602999966846255,34.52922199994646,802816,12.436991999948077,0.16980999998850166,0.032101999977385276,20.02671500008546,401408,18.028903999947943,0.10680500008675153,0.026301000048079004,0.0,200704,0.0,0.0,0.0,0.0,0
3,chain_4svc,109,78.28495700005078,69.75308199992014,8.53187500013064,2007040,3,26.408070000002226,0.2080110000406421,0.08990499998162704,49.40264900005786,602112,11.915862999899218,0.2669149999974252,0.0411020000683493,34.93214499997066,802816,14.214591000040855,0.15070899996771914,0.03530200001478079,18.939353999940067,401408,17.214557999977842,0.10860600002615683,0.02610100000310922,0.0,200704,0.0,0.0,0.0,0.0,0
3,chain_4svc,110,79.42891999994117,70.02649700007169,9.402422999869486,2007040,3,26.4239710000993,0.20751099998506106,0.07820399991942395,50.566113999934714,602112,14.033781000080126,0.3405190000194125,0.04290199990464316,33.77707900006044,802816,12.558897999952023,0.15390900000511465,0.03190200004610233,18.899651000083395,401408,17.009846999940237,0.10900600000240956,0.02440100001876999,0.0,200704,0.0,0.0,0.0,0.0,0
3,chain_4svc,111,76.3250480000579,67.86147699983758,8.463571000220327,2007040,3,25.7509340000297,0.21151099997496203,0.10080499998821324,48.05797400001666,602112,11.968265999939831,0.25051400007214397,0.04570300006889738,33.70767599994906,802816,12.42109099996469,0.15350900002886192,0.0390019999940705,19.381978999945204,401408,17.721185999903355,0.1056060000337311,0.025502000084998144,0.0,200704,0.0,0.0,0.0,0.0,0
3,chain_4svc,112,78.43666500002655,69.12924699997802,9.307418000048528,2007040,3,26.178256999969562,0.19671100005780318,0.07890500000939937,49.775269999940974,602112,11.74795399992945,0.25961400001506263,0.04170200008957181,35.1941579999675,802816,12.5742000000173,0.1497079999808193,0.03370199999608303,20.701052000049458,401408,18.62883600006171,0.11720700001660589,0.02970200000618206,0.0,200704,0.0,0.0,0.0,0.0,0
3,chain_4svc,113,78.282057000024,69.10814699995171,9.173910000072283,2007040,3,26.099753000039527,0.2001109999127948,0.10720600005242886,49.808772000005774,602112,11.872360999973353,0.2688150000267342,0.051902999985031784,35.1550559998941,802816,12.88661699993554,0.16680900000665133,0.035202000049139315,20.144421000054535,401408,18.249416000003293,0.10530600002311985,0.024901000074351032,0.0,200704,0.0,0.0,0.0,0.0,0
3,chain_4svc,114,78.33975999994891,68.82883200000833,9.510927999940577,2007040,3,26.5993810000964,0.20061099996837584,0.11670599997160025,49.415449999969496,602112,11.966965999931745,0.25881500005198177,0.05210300003000157,34.51291999999739,802816,12.351588000001357,0.15700799997375725,0.03370199999608303,19.73279799994998,401408,17.91089699997883,0.10470600000189734,0.025001000039992505,0.0,200704,0.0,0.0,0.0,0.0,0
3,chain_4svc,115,76.54725999998391,67.65436499983934,8.892895000144563,2007040,3,25.837137999928927,0.20141100003456813,0.0845050000179981,48.4205950000387,602112,11.946664999982204,0.27111500003229594,0.0512029999981678,33.86238400003094,802816,12.425391999954627,0.15500899996823136,0.02970100001675746,19.11586299991086,401408,17.445169999973587,0.10210600009941118,0.02480199998444732,0.0,200704,0.0,0.0,0.0,0.0,0
3,chain_4svc,116,78.59007399997608,68.99313899987192,9.596935000104168,2007040,3,26.149454999995214,0.1952110000047469,0.08660499997859006,50.01148299993474,602112,11.689250000017637,0.2508139999690684,0.04020199992282869,35.71848699994007,802816,14.10418499995103,0.16670900004100986,0.03310199997486052,18.7164420000272,401408,17.050248999908035,0.10490600004686712,0.024101000008158735,0.0,200704,0.0,0.0,0.0,0.0,0
3,chain_4svc,117,76.73307100003512,67.36644800002978,9.366623000005347,2007040,3,25.921342000060577,0.20111099991027004,0.0902049999922383,48.519499999997606,602112,11.796656000001349,0.25001400001656293,0.0416029999996681,33.950290000007044,802816,12.416191000056642,0.15390800001569005,0.03320199994050199,19.196668999938993,401408,17.23225899991121,0.10340599999381084,0.02530100005060376,0.0,200704,0.0,0.0,0.0,0.0,0
3,chain_4svc,118,79.34841600001619,69.8739880000403,9.474427999975887,2007040,3,27.068105999887848,0.20531200004825223,0.09350500010896212,49.56665800000337,602112,11.859460000096078,0.26761499998428917,0.0486029999819948,34.82993799991618,802816,12.384189000044898,0.1458079999565598,0.034601999914229964,20.463639000013245,401408,18.562233000011474,0.10170499990636017,0.02490200006377563,0.0,200704,0.0,0.0,0.0,0.0,0
3,chain_4svc,119,77.2997020000048,68.66682299994409,8.632879000060711,2007040,3,26.01324800002658,0.20641100002194435,0.1011059999882491,48.85841899999832,602112,11.961366000036833,0.2508129999796438,0.04700299996329704,34.16080099998453,802816,12.483994999911374,0.1523079999969923,0.0315020000698496,19.925708999949165,401408,18.208213999969303,0.10230500004126952,0.025101000005633978,0.0,200704,0.0,0.0,0.0,0.0,0
3,chain_4svc,120,75.60390699995878,67.40445200000522,8.19945499995356,2007040,3,25.916943000083847,0.19090999990112323,0.1042049999568917,47.35853499994391,602112,11.792255999921508,0.2625150000312715,0.049403000048187096,33.22204799997053,802816,12.222380000025623,0.16070899994247156,0.03310199997486052,19.16876699999648,401408,17.472872999974243,0.11620600002970605,0.025101000005633978,0.0,200704,0.0,0.0,0.0,0.0,0
3,chain_4svc,121,77.63282100006563,67.36244800015356,10.27037299991207,2007040,3,26.05075000008128,0.20251099999768485,0.08520400001543749,48.92652299997735,602112,11.810457000024144,0.2501139999822044,0.050203000000692555,34.11729899994498,802816,12.487794999969992,0.14950800004953635,0.0385020000521763,19.48558399999456,401408,17.013446000078147,0.12200699995901232,0.02520199996070005,0.0,200704,0.0,0.0,0.0,0.0,0
3,chain_4svc,122,76.54606000005515,68.08959000011328,8.456469999941874,2007040,3,25.726331999976537,0.18631000000368658,0.07770399997752975,48.44419599999128,602112,11.841559000004054,0.2584149999620422,0.05730299994866073,34.055395999985194,802816,12.352988000088772,0.1552079999100897,0.03260199991927948,19.934509999984584,401408,18.168711000043913,0.10750599994935328,0.02520199996070005,0.0,200704,0.0,0.0,0.0,0.0,0
3,chain_4svc,123,76.219841000011,67.61626200011506,8.603578999895944,2007040,3,25.781234999953995,0.20061099996837584,0.07840400007808057,48.05897400001413,602112,11.915663000081622,0.2576139999064253,0.0434019999602242,33.670074000042405,802816,12.3387860001003,0.1606089999768301,0.03180199996677402,19.416780000028666,401408,17.58057799997914,0.10880699994686438,0.024501000098098302,0.0,200704,0.0,0.0,0.0,0.0,0
3,chain_4svc,124,76.62396399996396,67.74757000016507,8.876393999798893,2007040,3,26.112452999996094,0.1958110000259694,0.1240069999539628,48.25258500000018,602112,11.912463000044227,0.2793159999328054,0.050202000011267955,33.79377999999633,802816,12.355688000070586,0.21021099996687553,0.034701999993558275,19.526387000041723,401408,17.366966000054163,0.10920699992311711,0.024200999973800208,0.0,200704,0.0,0.0,0.0,0.0,0
3,chain_4svc,125,77.87583399999676,68.26509999996233,9.610734000034427,2007040,3,26.35356700000102,0.1984110000421424,0.11320599992359348,49.20273800007635,602112,11.68374999997468,0.28651600007378875,0.04820300000574207,34.80563699997674,802816,12.448592999930952,0.1490079999939553,0.039602000015293015,20.325330999980906,401408,17.779190000055678,0.09970500002509652,0.028100999998059706,0.0,200704,0.0,0.0,0.0,0.0,0
3,chain_4svc,126,77.7029239999365,68.91133500005253,8.79158899988397,2007040,3,26.180656999940766,0.19611100003658066,0.10010599999077385,49.01102799999535,602112,12.187378000021454,0.26251499991758465,0.04170299996530957,34.27330699992126,802816,12.84231500005717,0.156707999963146,0.03480199995919975,19.52308600004926,401408,17.700985000033143,0.10530600002311985,0.025700999913169653,0.0,200704,0.0,0.0,0.0,0.0,0
3,chain_4svc,127,79.89644600002066,69.84248499998102,10.053961000039635,2007040,3,26.277661999984048,0.20001199993657792,0.11240600008477486,51.18454799992378,602112,11.871960000007675,0.2574150000782538,0.04940299993450026,36.49483100002726,802816,12.720106999950076,0.15040900007079472,0.03250200006732484,21.571400000084395,401408,18.972756000039226,0.12960699996256153,0.02740200000062032,0.0,200704,0.0,0.0,0.0,0.0,0
3,chain_4svc,128,77.58721799996238,68.49621200001366,9.09100599994872,2007040,3,25.795435999953042,0.1997110000502289,0.10960600002363208,49.3628469999976,602112,11.97256600005403,0.2602139999225983,0.05570299992996297,34.8496400000613,802816,12.381789000073695,0.15350799992575048,0.03360199991675472,20.4707390000749,401408,18.34642099993289,0.10520500006805378,0.02660200004811486,0.0,200704,0.0,0.0,0.0,0.0,0
3,chain_4svc,129,79.04139899994789,68.94003700017493,10.101361999772962,2007040,3,25.7701340000267,0.20361099996080156,0.08500500007357914,50.8542300000272,602112,12.00566800002889,0.2686149999817644,0.052902999982507026,35.82799400010117,802816,12.991523000096095,0.1541089999363976,0.034701999993558275,20.738854000001083,401408,18.17271200002324,0.11660600000595878,0.025001000039992505,0.0,200704,0.0,0.0,0.0,0.0,0
3,chain_4svc,130,77.88803400001143,69.07554300005359,8.812490999957845,2007040,3,26.637781999966137,0.19401099996230187,0.11300599999231054,48.857218999955876,602112,11.97156700004598,0.25051399995845713,0.04950200002440397,34.38581400007479,802816,12.733408000030977,0.1497089999702439,0.03360200003044156,19.53318800008219,401408,17.732786000010492,0.10070600001199637,0.025501999971311307,0.0,200704,0.0,0.0,0.0,0.0,0
3,chain_4svc,131,76.4496549999194,67.49365599989687,8.95599900002253,2007040,3,26.05475000007118,0.1913109999804874,0.1050060000125086,48.03047300003982,602112,11.90656299991133,0.2591140000731684,0.04970300005879835,33.56896899992989,802816,12.490694999996776,0.14670899997781817,0.03700199999912002,18.94085400010681,401408,17.041647999917586,0.1056060000337311,0.024701000029381248,0.0,200704,0.0,0.0,0.0,0.0,0
3,chain_4svc,132,76.18374000003314,67.54095700000562,8.64278300002752,2007040,3,26.175655999963965,0.20321199997397343,0.0762050000275849,47.62335000009443,602112,11.735652999959711,0.2957159999823489,0.04820300000574207,33.26445100003639,802816,12.33468600003107,0.16010899992124905,0.03500200000416953,19.02725799993732,401408,17.294962000050873,0.11900699996658659,0.026302000037503603,0.0,200704,0.0,0.0,0.0,0.0,0
3,chain_4svc,133,78.01124200000231,69.40596300012203,8.605278999880284,2007040,3,25.917042000060064,0.19251099990924558,0.09310500001902255,49.790771000061795,602112,11.98116700004448,0.2827159999014839,0.04830299997138354,35.21926000007625,802816,14.265494000028411,0.15020800003640034,0.03270199999860779,19.06606099998953,401408,17.242259999989074,0.10340599999381084,0.026401000013720477,0.0,200704,0.0,0.0,0.0,0.0,0
3,chain_4svc,134,79.49282399999902,71.03835300017636,8.45447099982266,2007040,3,26.179257000080725,0.19821099999717262,0.08010399994873296,50.89283200004502,602112,11.912363000078585,0.26131499998882646,0.04110199995466246,36.43662700005734,802816,12.44569200002843,0.15120900002330018,0.03370199999608303,22.213235999970493,401408,20.501040999988618,0.11050599994177901,0.025001000039992505,0.0,200704,0.0,0.0,0.0,0.0,0
3,chain_4svc,135,76.77827300005902,68.07978900008038,8.698483999978635,2007040,3,26.25766100004512,0.19981100001587038,0.08950500000537431,48.14137899995785,602112,11.870761000068342,0.2624139999625186,0.046601999997619714,33.743877999995675,802816,12.593100999993112,0.1588080000374248,0.03350199995111325,19.212270000025455,401408,17.35826599997381,0.10400600001503335,0.025902000061250874,0.0,200704,0.0,0.0,0.0,0.0,0
3,chain_4svc,136,83.78566299995782,74.61235200014471,9.173310999813111,2007040,3,27.280918999963433,0.1963109999678636,0.11180600006355235,54.02440699992894,602112,12.079772000106459,0.26531499997872743,0.055802999895604444,39.198580999936894,802816,17.2963620000246,0.16930999993292062,0.03580199995667499,19.913107999968815,401408,17.955299000050218,0.1126060000160578,0.02790199994251452,0.0,200704,0.0,0.0,0.0,0.0,0
3,chain_4svc,137,77.98644000001786,68.51191400005519,9.47452599996268,2007040,3,25.77683499998784,0.20031100007145142,0.08510499992553378,49.804671999936545,602112,11.927163999985169,0.2623149999863017,0.04950200002440397,35.02744900004018,802816,13.037026000006335,0.14670799998839357,0.032602000032966316,20.18402299995614,401408,17.77088900007584,0.10630599990690826,0.026301999923816766,0.0,200704,0.0,0.0,0.0,0.0,0
3,chain_4svc,138,76.35555000001659,67.6104619999478,8.74508800006879,2007040,3,25.611924999907387,0.19511100003910542,0.10320600006252789,48.31528900001558,602112,11.834658999987369,0.26451500002622197,0.05030199997690943,33.82868200003486,802816,12.977222000017719,0.15120900002330018,0.03790199991726695,18.959354999992684,401408,17.186656000035327,0.10780599995996454,0.026301999923816766,0.0,200704,0.0,0.0,0.0,0.0,0
3,chain_4svc,139,79.5499270000164,70.38491699995575,9.165010000060647,2007040,3,27.52183099994454,0.20421199997144868,0.10570599999937258,49.59256000006462,602112,11.831658000005518,0.25621400004638417,0.049403000048187096,35.21645999990142,802816,13.68236199994044,0.15590800001064054,0.03190200004610233,19.578590000037366,401408,17.34906600006525,0.10020499996699073,0.02430099993944168,0.0,200704,0.0,0.0,0.0,0.0,0
3,chain_4svc,140,76.95638300003793,67.55465799994909,9.401725000088845,2007040,3,25.78153399997518,0.1950109999597771,0.08150500002557237,48.775014999932864,602112,12.010368000005656,0.26831499997115316,0.05310300002747681,34.355411999968055,802816,12.863616000004185,0.15670900006625743,0.03410199997233576,19.369977999986077,401408,16.899139999964063,0.09700500004328205,0.02530200004002836,0.0,200704,0.0,0.0,0.0,0.0,0
3,chain_4svc,141,75.9237250000524,67.38955000002989,8.534175000022515,2007040,3,25.909042000080262,0.18941099995117838,0.07600399999319052,47.67505299992081,602112,11.765354999965894,0.2507140000034269,0.04690200000823097,33.43146099996375,802816,12.32858599996689,0.14950900003896095,0.03510200008349784,19.19936800004507,401408,17.38656700001684,0.10860599991247,0.02390100007687579,0.0,200704,0.0,0.0,0.0,0.0,0
3,chain_4svc,142,76.03973200002656,67.60346099997605,8.43627100005051,2007040,3,25.91424199999892,0.18400999999812484,0.08150500002557237,47.770559000014146,602112,11.892761000012797,0.2558149999458692,0.04740300005323661,33.37595699997564,802816,12.897017999989657,0.14430800001719035,0.033001000019794446,18.640737000055196,401408,16.899439999974675,0.10480600008122565,0.02440100001876999,0.0,200704,0.0,0.0,0.0,0.0,0
3,chain_4svc,143,76.54895999996825,67.92077899990545,8.628181000062796,2007040,3,26.091952000001584,0.19371100006537745,0.10260499993819394,48.14007900006345,602112,11.882360999948105,0.24731400003474846,0.04720200001884223,33.63187200000084,802816,12.679104999961055,0.14830800000709132,0.03230200002235506,19.02175800000805,401408,17.267360999994708,0.09920599995894008,0.026401000013720477,0.0,200704,0.0,0.0,0.0,0.0,0
3,chain_4svc,144,76.27664500000719,67.94678199992177,8.329863000085425,2007040,3,26.502274999984365,0.18581099993753014,0.07660400001441303,47.37233699995613,602112,11.921762999918428,0.2533140000195999,0.04970300005879835,33.00763700008247,802816,12.388590000000477,0.15300799998385628,0.036902000033478544,18.770144999962213,401408,17.134154000018498,0.09920499996951548,0.02480099999502272,0.0,200704,0.0,0.0,0.0,0.0,0
3,chain_4svc,145,76.22864200004642,67.85637599989514,8.372266000151285,2007040,3,25.77133399995546,0.1888110000436427,0.07990400001745002,48.08287600008043,602112,11.982466999938879,0.2529140000433472,0.05320299999311828,33.67877400000907,802816,12.66280499999084,0.15830799998184375,0.03240199998799653,19.141364999995858,401408,17.439770000009958,0.1362079999580601,0.026502000082473387,0.0,200704,0.0,0.0,0.0,0.0,0
3,chain_4svc,146,76.64916599992466,67.77757199995449,8.871593999970173,2007040,3,25.62192599998525,0.1914110000598157,0.08080399993559695,48.63600600003792,602112,11.766354999963369,0.2573140000095009,0.04460200000266923,34.2160039999726,802816,12.275982999994994,0.15610900004503492,0.03520199993545248,20.024514000056115,401408,18.113308000010875,0.10330599991448253,0.024702000018805848,0.0,200704,0.0,0.0,0.0,0.0,0
3,chain_4svc,147,76.77467299993168,68.48441099998581,8.29026199994587,2007040,3,25.84043800004565,0.20101200004774,0.07780399994317122,48.57890400000997,602112,11.803356999962489,0.26261499999691296,0.04700200008755928,34.31631000000834,802816,12.923118999992766,0.15480800004752382,0.03270199999860779,19.535886999960894,401408,17.917496999984905,0.1024059999963356,0.023601000066264533,0.0,200704,0.0,0.0,0.0,0.0,0
3,chain_4svc,148,78.56817200001842,69.48476700006267,9.083404999955746,2007040,3,25.841038000066874,0.2041110000163826,0.07810499994320708,50.20259399998395,602112,13.378743999965081,0.2660149999655914,0.05230300007497135,34.16270100001384,802816,12.899518000040189,0.18961000000672357,0.036002000001644774,19.16816599998583,401408,17.36546699999053,0.10090500006754155,0.024900999960664194,0.0,200704,0.0,0.0,0.0,0.0,0
3,chain_4svc,149,76.52695900003437,67.92147999999543,8.60547900003894,2007040,3,26.079951000042456,0.19931099996028934,0.0863049999679788,48.121577999950205,602112,11.835859000029814,0.2580139999963649,0.03860200001781777,33.78268000005846,802816,12.338987000021007,0.16160899997430533,0.03050099996926292,19.545886999935647,401408,17.66668299990215,0.09960600004887965,0.025401000016245234,0.0,200704,0.0,0.0,0.0,0.0,0
3,chain_4svc,150,77.27240100007293,68.02758599985737,9.244815000215567,2007040,3,26.279161999923417,0.19241100005729095,0.10420600006000313,48.60710499997367,602112,11.947064999958457,0.25951400004942116,0.0390019999940705,33.694275000016205,802816,12.394190000009075,0.14160799992168904,0.03540199998042226,19.39777999996295,401408,17.407168999966416,0.11060600002110732,0.026102000106220657,0.0,200704,0.0,0.0,0.0,0.0,0
3,chain_4svc,151,78.69447899997795,69.30425699999887,9.390221999979076,2007040,3,26.47757299996556,0.1934110000547662,0.10410599998067482,49.77747099997032,602112,11.873861000026409,0.26901499995801714,0.044902000013280485,35.362567999982275,802816,12.552699000025314,0.15420799991261447,0.03760200002034253,20.643848999952752,401408,18.400123999981588,0.11480599994229124,0.025401000016245234,0.0,200704,0.0,0.0,0.0,0.0,0
3,chain_4svc,152,76.82687500005159,67.91667999993933,8.910195000112253,2007040,3,26.11665400002039,0.19231099997796264,0.10760600002868159,48.39099299999816,602112,11.763654999981554,0.26141399996504333,0.04770300006384787,34.06439499997305,802816,12.383488999944348,0.14830899999651592,0.039101999959711975,19.744999000067764,401408,17.652881999993042,0.09960600004887965,0.027302000034978846,0.0,200704,0.0,0.0,0.0,0.0,0
3,chain_4svc,153,76.7114700000775,67.86597499990421,8.845495000173287,2007040,3,25.811935999968227,0.1906109999936234,0.10030600003574364,48.43549599991093,602112,11.799155999938193,0.26101500009190204,0.040103000060298655,34.127900000044065,802816,12.58959999995568,0.15330899998389214,0.034302000017305545,19.620892000034473,401408,17.66528300004211,0.09740600000895938,0.022600999955102452,0.0,200704,0.0,0.0,0.0,0.0,0
3,chain_4svc,154,75.9338260000959,67.05083199994988,8.882994000146027,2007040,3,25.748232999944776,0.1926109999885739,0.07800400010182784,47.748656999942796,602112,11.916363000068486,0.2827160000151707,0.04850299990266649,33.27335199992376,802816,12.399790000017674,0.14830899999651592,0.03760199990665569,18.863150000015594,401408,16.986445999918942,0.11440600007972535,0.025601000061215018,0.0,200704,0.0,0.0,0.0,0.0,0
3,chain_4svc,155,76.90937999996095,68.10118999987935,8.808190000081595,2007040,3,25.81803700002183,0.1963109999678636,0.08140499994624406,48.63030699993942,602112,11.918662999960361,0.24871400000847643,0.04100199998902099,34.23030499993729,802816,12.6909059999889,0.14820900003087445,0.04090199990969268,19.661993999989136,401408,17.67358399990826,0.10900600000240956,0.025401000016245234,0.0,200704,0.0,0.0,0.0,0.0,0
3,chain_4svc,156,79.02509799998825,70.09720099983952,8.927897000148732,2007040,3,27.237415999934456,0.20531100005882763,0.0814040000705063,49.32684599998538,602112,11.848858999996992,0.26581500003430847,0.0460029999658218,34.63032700005897,802816,13.969277999990481,0.15170800008945662,0.036002000001644774,18.724841999983255,401408,17.041647999917586,0.10600600000998384,0.02700200002436759,0.0,200704,0.0,0.0,0.0,0.0,0
3,chain_4svc,157,76.03533100007098,66.97162600005413,9.063705000016853,2007040,3,25.883840000005875,0.19401099996230187,0.07960400000683876,47.74745700001404,602112,11.885361000054218,0.2636149999943882,0.04880300002696458,33.38625800006412,802816,12.504595999985213,0.14940799997020804,0.033801999961724505,18.6614390000841,401408,16.697829000008824,0.10720600005242886,0.025000999926305667,0.0,200704,0.0,0.0,0.0,0.0,0
3,chain_4svc,158,76.18664000005992,66.86752100006288,9.319118999997045,2007040,3,25.651427000070726,0.19071099995926488,0.09470499992403347,48.16038100000242,602112,11.806157000023632,0.26071399997817934,0.05170300005374884,33.869685000013305,802816,12.364287999957924,0.14310799997474533,0.03360200003044156,19.807703000083166,401408,17.0456490000106,0.11110600007668836,0.026200999968750693,0.0,200704,0.0,0.0,0.0,0.0,0
3,chain_4svc,159,76.82497499990859,68.19269599998279,8.632278999925802,2007040,3,26.0996529999602,0.19230999998853804,0.08610400004727126,48.475296999981765,602112,11.965365999913047,0.2661150000449197,0.04230199999710749,34.12869999999657,802816,12.238782000054016,0.14750799994089903,0.033001000019794446,19.617891000052623,401408,17.888895000055527,0.11060600002110732,0.028001999908155994,0.0,200704,0.0,0.0,0.0,0.0,0
3,chain_4svc,160,77.21479700001055,68.24459800009208,8.970198999918466,2007040,3,25.847138000017367,0.1963109999678636,0.1029059999382298,49.073030999920775,602112,11.87636100007694,0.2551149999590052,0.04690199989454413,34.63232699994023,802816,12.427691999960189,0.15250900003138668,0.05650299999615527,20.020513999952527,401408,18.093407000037587,0.10210599998572434,0.02430100005312852,0.0,200704,0.0,0.0,0.0,0.0,0
3,chain_4svc,161,76.35734900009084,67.46765399998367,8.889695000107167,2007040,3,25.81793700005619,0.18770999997741455,0.11230699999487115,48.227183999983936,602112,11.907661999998709,0.26631499997620267,0.04590300000018033,33.82638300001872,802816,12.354886999901282,0.15100900009201723,0.03490200003852806,19.63359199999104,401408,17.387168000027486,0.1310069999362895,0.026002000026892347,0.0,200704,0.0,0.0,0.0,0.0,0
3,chain_4svc,162,81.02730999996766,72.02210799994191,9.005202000025747,2007040,3,26.13375399994311,0.19681100002344465,0.0853050000841904,52.52002299994274,602112,13.667359999999462,0.2924169999687365,0.041903000010279357,36.07370700001411,802816,13.76396599994223,0.15150800004448683,0.03930200000468176,20.301030000041465,401408,18.457028000057107,0.11030600001049606,0.026401000013720477,0.0,200704,0.0,0.0,0.0,0.0,0
3,chain_4svc,163,77.23719800003437,68.61381900000652,8.623379000027853,2007040,3,26.811092000002645,0.2009109999789871,0.07860400000936352,47.94096799992076,602112,11.815258000069662,0.2976170000010825,0.04850200002692873,33.551966999993965,802816,12.394490000019687,0.15450800003691256,0.04700299996329704,19.277673000033246,401408,17.59297899991452,0.10620600005495362,0.02440100001876999,0.0,200704,0.0,0.0,0.0,0.0,0
3,chain_4svc,164,78.13644899999872,68.33470300023237,9.801745999766354,2007040,3,26.171657000077175,0.2040109999370543,0.0845050000179981,49.51945599998453,602112,11.848459000020739,0.24751400007971824,0.044001999981446716,34.65052799992918,802816,12.520797000092898,0.15640899994195934,0.034701999993558275,20.007612999961566,401408,17.793790000041554,0.1056060000337311,0.026200999968750693,0.0,200704,0.0,0.0,0.0,0.0,0
3,chain_4svc,165,77.49601299997266,68.12119099993197,9.374822000040695,2007040,3,26.60708100006559,0.20251099999768485,0.08850500000789907,48.4178949999432,602112,11.747453999987556,0.2808149999964371,0.04070200009209657,33.87248499996076,802816,12.509995999948842,0.1498080000601476,0.03580200007036183,19.49868500003049,401408,17.25665999992998,0.10280599997258832,0.02660200004811486,0.0,200704,0.0,0.0,0.0,0.0,0
3,chain_4svc,166,77.26150000007692,68.01938499995686,9.242115000120066,2007040,3,26.509475000011662,0.204312000050777,0.09570499992150872,48.28868799995689,602112,11.840958999982831,0.25431400001707516,0.041803000044637884,33.84428299989395,802816,12.478094000016426,0.1562090000106764,0.032101999977385276,19.480085000054714,401408,17.190856999945936,0.10550600006808963,0.025901000071826275,0.0,200704,0.0,0.0,0.0,0.0,0
3,chain_4svc,167,77.4483100000225,68.13499199995476,9.313318000067738,2007040,3,25.774333999947885,0.2054120000138937,0.1121060000741636,49.26214199997503,602112,11.985366999965663,0.25511400008326746,0.04380199993647693,34.46431800000482,802816,12.651903999994829,0.15590800001064054,0.035602000025392044,19.549087999962467,401408,17.723387000046387,0.10770599999432307,0.026401000013720477,0.0,200704,0.0,0.0,0.0,0.0,0
3,chain_4svc,168,75.78101799992965,67.00442800013207,8.77658999979758,2007040,3,26.037349000034737,0.21901200000229437,0.10470600000189734,47.31923300005292,602112,11.807957000087299,0.2540140000064639,0.04680299991832726,32.97453499999392,802816,12.312784999949145,0.14690800003336335,0.033502000064800086,18.534432000024026,401408,16.846337000060885,0.10440599999128608,0.02610199999253382,0.0,200704,0.0,0.0,0.0,0.0,0
3,chain_4svc,169,78.56947300001593,69.04214199994385,9.527331000072081,2007040,3,26.311463999945772,0.20951200008312298,0.1121060000741636,49.91557800008195,602112,11.889560999975402,0.2647149999575049,0.045403000058286125,35.377068999991934,802816,12.774510999975064,0.16400899994550855,0.03420200005166407,20.325731000070846,401408,18.066606000047614,0.10890599992308125,0.02650099997936195,0.0,200704,0.0,0.0,0.0,0.0,0
3,chain_4svc,170,77.74792700001854,68.10998999992535,9.637937000093189,2007040,3,26.010746999986623,0.23061299998516915,0.0767039999800545,49.42374999995991,602112,11.997167999993508,0.2642140000261861,0.04290200001833,34.78543600010653,802816,12.922118999995291,0.16020900000057736,0.03410199997233576,19.60539100002734,401408,17.179955999949925,0.10790600003929285,0.025401000016245234,0.0,200704,0.0,0.0,0.0,0.0,0
3,chain_4svc,171,77.24929899995914,67.05513200006408,10.19416699989506,2007040,3,25.60942500008423,0.20911199999318342,0.10180599997511308,48.136378999970475,602112,12.003967999930865,0.26401400009490317,0.0512029999981678,33.56206800003747,802816,12.389390000066669,0.1554079999550595,0.03410199997233576,18.80374700010634,401408,17.052348999982314,0.10980599995491502,0.025401000016245234,0.0,200704,0.0,0.0,0.0,0.0,0
3,chain_4svc,172,76.28144600005271,67.08913300008135,9.192312999971364,2007040,3,25.94304399997327,0.20001100006084016,0.08000399998309149,48.05627399991863,602112,11.873359999981403,0.256714999977703,0.04120300002341537,33.68937499999447,802816,12.436692000051153,0.15680899991821207,0.034701999993558275,18.674938999993174,401408,16.83603700007552,0.10860599991247,0.023700999918219168,0.0,200704,0.0,0.0,0.0,0.0,0
3,chain_4svc,173,77.36890599994695,68.61031799996908,8.758587999977863,2007040,3,25.711031000014373,0.19811100003153115,0.09430499994778074,49.26704199999676,602112,11.898561999942103,0.2547139999933279,0.04040300007090991,34.83533899998292,802816,12.630703000013455,0.15530900009252946,0.037301999896044435,20.086318000039682,401408,18.370021999999153,0.10630600002059509,0.027602000045590103,0.0,200704,0.0,0.0,0.0,0.0,0
3,chain_4svc,174,78.29305699999622,68.84523199994419,9.447825000052035,2007040,3,26.21485899999243,0.19201099996735138,0.10710499998367595,49.733068000023195,602112,11.870159999944008,0.261715000078766,0.04430299998148257,35.016248999909294,802816,12.727809000011803,0.16030899996621883,0.03360200003044156,19.748198999991473,401408,18.03240399999595,0.10520599994379154,0.025001000039992505,0.0,200704,0.0,0.0,0.0,0.0,0
3,chain_4svc,175,79.43422099992858,69.68987900006596,9.744341999862627,2007040,3,25.543322000089574,0.19901099994967808,0.1003049999326322,51.50426600005176,602112,11.841958999980307,0.25831400000697613,0.04950300001382857,36.92145399998026,802816,13.668161000055079,0.15690899999754038,0.034200999948552635,21.053170999948634,401408,18.636436999940997,0.10520600005747838,0.024602000053164375,0.0,200704,0.0,0.0,0.0,0.0,0
3,chain_4svc,176,79.01119699999981,69.91659199991318,9.09460500008663,2007040,3,25.978745999964303,0.19751100001030863,0.08770500005539361,50.81262800001696,602112,11.852859999976317,0.26501499996811617,0.04210200006582454,36.408626000024924,802816,14.71021899999414,0.15450799992322573,0.03930200000468176,19.530186999986654,401408,17.37476699997842,0.10580599996501405,0.024901000074351032,0.0,200704,0.0,0.0,0.0,0.0,0
3,chain_4svc,177,79.19610700002977,69.89258999988124,9.303517000148531,2007040,3,26.014047999979084,0.22251200005030114,0.1099059999205565,50.63901799996984,602112,11.877360999960729,0.2622150000206602,0.04330199999458273,36.27661899997747,802816,12.776210999959403,0.16540900003292336,0.0346020000279168,21.5048969999998,401408,19.224969999982022,0.12160599999333499,0.02620200007186213,0.0,200704,0.0,0.0,0.0,0.0,0
3,chain_4svc,178,78.63947600003485,69.73948200015911,8.899993999875733,2007040,3,26.022148000038214,0.21721199993862683,0.10800600000493432,50.18279300008999,602112,11.975367000104598,0.25941399997009285,0.04420199991272966,35.55737900001077,802816,14.27089399999204,0.15840900005059666,0.036502000057225814,19.302174000017658,401408,17.471073000024262,0.10990600003424333,0.028001000032418233,0.0,200704,0.0,0.0,0.0,0.0,0
3,chain_4svc,179,78.21265300003688,68.99923900004978,9.213413999987097,2007040,3,26.060649999976704,0.18611100006182824,0.10650599995187804,49.77067000004354,602112,11.88176100004057,0.26401499997064093,0.0455030000239276,35.24776099993687,802816,12.822413999970195,0.15650900002128765,0.034302000017305545,20.450937999953567,401408,18.234414000062316,0.11780699992414156,0.027101999990009062,0.0,200704,0.0,0.0,0.0,0.0,0
3,chain_4svc,180,76.7771730000959,68.1507919998694,8.626381000226502,2007040,3,26.6692839999223,0.21051200008059823,0.11370700008228596,47.77115800004594,602112,11.853159999986929,0.25701399999888963,0.04300199998397147,33.38765799992416,802816,12.390889000016614,0.15720900000815163,0.036002000001644774,19.105164000052355,401408,17.237458999943556,0.09870600001704588,0.025601000061215018,0.0,200704,0.0,0.0,0.0,0.0,0
3,chain_4svc,181,77.6511210000308,68.7538269999095,8.897294000121292,2007040,3,25.66992900005971,0.20471099992391828,0.08330399998612847,49.67376399997647,602112,11.76255499990475,0.27321500010657473,0.04910300003757584,35.25216200000614,802816,13.141030999918257,0.1544090000606957,0.03270199999860779,19.98261200003526,401408,18.180312000026788,0.10450599995692755,0.027302000034978846,0.0,200704,0.0,0.0,0.0,0.0,0
3,chain_4svc,182,76.75127200002407,67.82807500007948,8.923196999944594,2007040,3,25.86784000004627,0.20371100004012987,0.10820599993621727,48.47589799999241,602112,11.995167000009133,0.2758159999984855,0.0504029999319755,33.92418800001451,802816,12.631802999976571,0.15210800006570935,0.03230200002235506,19.06586100005825,401408,17.333265000047504,0.10410599998067482,0.026001000037467747,0.0,200704,0.0,0.0,0.0,0.0,0
3,chain_4svc,183,77.37510599997677,68.5844189999898,8.790686999986974,2007040,3,25.97804599997744,0.20621099997697456,0.11000599999988481,49.1884379999874,602112,11.861560999932408,0.24921300007463287,0.04570200007947278,34.77843500002109,802816,12.215380000043297,0.148207999927763,0.03280199996424926,20.228325999937624,401408,18.52943200003665,0.10300500002813351,0.025700999913169653,0.0,200704,0.0,0.0,0.0,0.0,0
3,chain_4svc,184,76.97240199991029,67.7792890002138,9.193112999696496,2007040,3,25.771835000000465,0.19711099992036907,0.08580400003666,48.712528000010025,602112,12.017768000077922,0.2699149999898509,0.05130299996380927,34.104515999956675,802816,12.514402000078917,0.1554079999550595,0.03440199998294702,19.240383000010297,401408,17.47528400005649,0.1265069998908075,0.02700100003494299,0.0,200704,0.0,0.0,0.0,0.0,0
3,chain_4svc,185,79.60458100001233,70.64267599992036,8.961905000091974,2007040,3,26.984018999996806,0.20811199999570817,0.11660600000595878,50.2475289999893,602112,11.94237200002135,0.2751160000116215,0.04610200005572551,35.616903999994065,802816,13.764874999992571,0.1490079999939553,0.03280199996424926,19.90732100000514,401408,17.95140999990963,0.1038060000837504,0.027602000045590103,0.0,200704,0.0,0.0,0.0,0.0,0
3,chain_4svc,186,80.23291599999993,71.45722400002796,8.775691999971968,2007040,3,26.104069999973945,0.19811100003153115,0.11060600002110732,51.811217000022225,602112,15.171153999972375,0.31621699997685937,0.04130299998905684,34.08551899997292,802816,12.40729900007409,0.1427079999984926,0.03980199994657596,19.552401000055397,401408,17.774701000007553,0.1178070000378284,0.03290100005415297,0.0,200704,0.0,0.0,0.0,0.0,0
3,chain_4svc,187,78.40621299999384,69.53651300000274,8.869699999991099,2007040,3,27.043021999929806,0.19251100002293242,0.1082060000499041,49.04466099992533,602112,12.110081000059836,0.2608149999332454,0.041402999954698316,34.42513699997107,802816,12.906725999982882,0.1490089999833799,0.039203000028464885,19.367089999946074,401408,17.476684000030218,0.11540699995293835,0.02560099994752818,0.0,200704,0.0,0.0,0.0,0.0,0
3,chain_4svc,188,88.095758999998,79.11805300011565,8.977705999882346,2007040,3,37.46690899993155,0.22091200003160338,0.10310599998319958,48.14791100000093,602112,12.051878000079341,0.26251499991758465,0.048002999960772286,33.38737899991884,802816,12.250490000042191,0.1464079999777823,0.0333020000198303,18.972068000039144,401408,17.34877600006257,0.10670599999684782,0.024601999939477537,0.0,200704,0.0,0.0,0.0,0.0,0
3,chain_4svc,189,76.62931300001219,68.26094300004115,8.368369999971037,2007040,3,25.715148000017507,0.20951099998001155,0.08070399996995548,48.62033599999904,602112,11.908871000059662,0.2692150000029869,0.046101999942038674,34.22942700001386,802816,12.674912999955268,0.14810899995154614,0.03220200005671359,19.692908999900283,401408,17.962011000008715,0.09950599996955134,0.0258020000956094,0.0,200704,0.0,0.0,0.0,0.0,0
3,chain_4svc,190,77.36825500001032,68.43785099999877,8.93040400001155,2007040,3,26.232975999960217,0.19561099998099962,0.10740600009739865,48.52143099992645,602112,11.850867000021026,0.26271500007624127,0.04740199995012517,34.164623000037864,802816,12.811220999992656,0.1453080000146656,0.03320199994050199,19.38699100003305,401408,17.542787000024873,0.10870599999179831,0.02780199997687305,0.0,200704,0.0,0.0,0.0,0.0,0
3,chain_4svc,191,78.52921999995033,69.07158699993943,9.457633000010901,2007040,3,26.2716789999331,0.21261200004119019,0.11510600006658933,49.72739900006218,602112,11.841266000033102,0.30541799992533925,0.046702999952685786,35.32268800006477,802816,13.701270999945336,0.15410900005008443,0.03280199996424926,19.410992999951304,401408,17.257371000027888,0.10290600005191664,0.026702000013756333,0.0,200704,0.0,0.0,0.0,0.0,0
3,chain_4svc,192,78.84733800005961,70.03204299996924,8.815295000090373,2007040,3,26.091668999924877,0.2054120000138937,0.11830600010398484,50.464640999962285,602112,11.956573000020398,0.27351500000349915,0.04590300000018033,35.95332400004736,802816,12.59360899996409,0.15640899994195934,0.03240200010168337,21.444906999931845,401408,19.39019200005987,0.1094059999786623,0.02570100002685649,0.0,200704,0.0,0.0,0.0,0.0,0
3,chain_4svc,193,77.94388700006039,69.38570600004823,8.558181000012155,2007040,3,26.195174999998017,0.19931099996028934,0.11620600002970605,49.39638099995136,602112,11.941471999989517,0.2785160000939868,0.0465019999182914,34.88626299997577,802816,13.012833000061619,0.15500899996823136,0.03270100000918319,19.96902400003364,401408,18.23622599999908,0.10790600003929285,0.025501999971311307,0.0,200704,0.0,0.0,0.0,0.0,0
3,chain_4svc,194,77.77717800001938,68.77747200007889,8.999705999940488,2007040,3,26.267479000011917,0.20901200002754194,0.07700399999066576,49.0770619999239,602112,11.929871999996067,0.3134170000294034,0.05090299998755654,34.41793699994378,802816,12.444200000004457,0.15460899999197864,0.03620199993292772,19.915420999950584,401408,18.135921000066446,0.10870599999179831,0.025000999926305667,0.0,200704,0.0,0.0,0.0,0.0,0
3,chain_4svc,195,81.10946499994043,71.35031600012098,9.759148999819445,2007040,3,27.626755000028425,0.20771200001945544,0.11190599991550698,51.030771999990066,602112,12.31729300002371,0.25681499994334445,0.05160299997442053,35.2769859999853,802816,13.201943000012761,0.14900900009706675,0.031101999979910033,20.04942899998241,401408,18.204325000056087,0.10720599993874202,0.026301999923816766,0.0,200704,0.0,0.0,0.0,0.0,0
3,chain_4svc,196,78.14009799994892,68.52415700006986,9.615940999879058,2007040,3,25.880456999971102,0.19751100001030863,0.09060499996849103,49.76790099999562,602112,11.764861999949972,0.2537150000989641,0.04300199998397147,35.44509500000004,802816,13.14454000009846,0.14700799999900482,0.03610199996728625,19.731211000021176,401408,17.73429800005033,0.11280600006102759,0.025301999926341523,0.0,200704,0.0,0.0,0.0,0.0,0
3,chain_4svc,197,78.44421499999044,69.45801099993787,8.986204000052567,2007040,3,26.04086600001665,0.21091200005685096,0.10790599992560601,49.93081100008112,602112,11.809264999897096,0.24881400008780474,0.04900200008250977,35.59290399994097,802816,12.481902999979866,0.1555080000343878,0.04780300002948934,20.99938200001361,401408,19.12597700004426,0.10530600002311985,0.025400999902558397,0.0,200704,0.0,0.0,0.0,0.0,0
3,chain_4svc,198,78.83073699997567,69.88153399981911,8.949203000156558,2007040,3,25.87395699993067,0.22421200003464037,0.11100599999736005,50.52924400001757,602112,11.84666599999673,0.28751699994700175,0.04820300000574207,36.074731000098836,802816,14.282903999969676,0.14570799999091832,0.03730200000973127,19.61990400002378,401408,17.878006999922036,0.10740599998371181,0.025101000005633978,0.0,200704,0.0,0.0,0.0,0.0,0
3,chain_4svc,199,82.30653199996141,73.37662999998429,8.929901999977119,2007040,3,26.722103999986757,0.1986110000871122,0.11540699995293835,53.29630000005636,602112,11.81696500009366,0.25371499998527725,0.042701999973360216,38.8950899999827,802816,13.929783999969914,0.1464079999777823,0.0364019999778975,22.56896999995206,401408,20.907776999933958,0.09530600004836742,0.02440100001876999,0.0,200704,0.0,0.0,0.0,0.0,0
3,chain_4svc,200,78.1916009999577,68.99648399985381,9.195117000103892,2007040,3,26.297079999949347,0.20251199998710945,0.09570500003519555,49.520587999950294,602112,11.809064999965813,0.2613150001025133,0.050602999976945284,34.95666699996036,802816,12.448200999983783,0.15080800005762285,0.03840199997284799,20.179335999955583,401408,18.442137999954866,0.11140700007672422,0.02520099997127545,0.0,200704,0.0,0.0,0.0,0.0,0
4,chain_4svc,1,79.13004800002454,69.60654900012742,9.523498999897129,2007040,3,25.61574300000302,0.20321100009823567,0.09870499991393444,51.122279999958664,602112,11.909325000033277,0.264313000002403,0.04250199992839043,36.340404000043236,802816,13.38160099999186,0.1594080000586473,0.03370199999608303,20.669983999937358,401408,18.699880000099256,0.10600600000998384,0.027400999897508882,0.0,200704,0.0,0.0,0.0,0.0,0
4,chain_4svc,2,80.52032099999451,71.2123339998243,9.307987000170215,2007040,3,26.3355810000121,0.23181199992450274,0.08470400007354328,51.76281299998209,602112,11.907023999924604,0.2757150000434194,0.040502000047126785,36.964137000040864,802816,14.88998099989658,0.15760799999497976,0.03530200001478079,20.13405499997134,401408,18.079747999991014,0.10860599991247,0.025501000095573545,0.0,200704,0.0,0.0,0.0,0.0,0
4,chain_4svc,3,78.02469000000656,69.31923300010112,8.705456999905437,2007040,3,25.878956000042308,0.2316119999932198,0.08290499999930034,49.811511000029896,602112,11.808019000000058,0.2642140000261861,0.03990200002590427,35.42585599996073,802816,12.970980000091004,0.15750899990507605,0.03450099995916389,20.370767000031265,401408,18.66127799996775,0.10880500008170202,0.024302000042553118,0.0,200704,0.0,0.0,0.0,0.0,0
4,chain_4svc,4,77.81667899996592,68.03296700002193,9.78371199994399,2007040,3,25.650444000007155,0.1924099999541795,0.08280500003365887,49.59659999997257,602112,11.895923999986735,0.2607130001024416,0.041701999975884974,34.8129249999829,802816,12.351048000027731,0.1565079999181762,0.032500999964213406,20.268662000034965,401408,18.135551000000305,0.10890599992308125,0.02610100000310922,0.0,200704,0.0,0.0,0.0,0.0,0
4,chain_4svc,5,78.7830289999647,69.40723900004286,9.375789999921835,2007040,3,25.82625399998051,0.20401100005074113,0.10760499992557016,50.54964900000414,602112,11.794019000035405,0.257712999996329,0.04120200003399077,35.87408099997447,802816,14.203844000007848,0.15250800004196208,0.03480199995919975,19.285710999952244,401408,17.583122000019102,0.10870599999179831,0.027900999953089922,0.0,200704,0.0,0.0,0.0,0.0,0
4,chain_4svc,6,78.87643399999433,69.25233000015396,9.624103999840372,2007040,3,26.00336300008621,0.20961099994565302,0.08520399990175065,50.47024500004227,602112,11.86772200003361,0.26511399994433305,0.05650299999615527,36.00078700003451,802816,12.416650999966805,0.1542080000263013,0.031201999945551506,20.963599000083377,401408,18.964594000067336,0.10850499995740392,0.025402000005669834,0.0,200704,0.0,0.0,0.0,0.0,0
4,chain_4svc,7,86.09951300002194,68.44368800000211,17.65582500001983,2007040,3,26.137870000070507,0.19731099996533885,0.1292059999968842,57.5931189999892,602112,12.013029999934588,0.26521400002366136,0.0499029999900813,34.583211999915875,802816,12.776470000062545,0.15350799992575048,0.037801999951625476,19.60082700009025,401408,17.516317999934472,0.10280600008627516,0.025401000016245234,0.0,200704,0.0,0.0,0.0,0.0,0
4,chain_4svc,8,78.37570800006688,68.68669999983013,9.689008000236754,2007040,3,26.81770599997435,0.23301199996694777,0.11060600002110732,48.97746699998606,602112,11.939925999968182,0.27681500000653614,0.03950200004965154,34.42910500007201,802816,12.434050999900137,0.14510800008338265,0.031702000001132546,19.649730000082855,401408,17.495016999987456,0.10710499998367595,0.026402000003145076,0.0,200704,0.0,0.0,0.0,0.0,0
4,chain_4svc,9,77.05653900006837,68.02996599992639,9.02657300014198,2007040,3,26.261876999910783,0.20271100004265463,0.08430400009729055,48.42883800006348,602112,11.906124000006457,0.25311299998520553,0.04410199994708819,33.93567900002381,802816,12.445252000020446,0.13980699998228374,0.040503000036551384,19.520423000017217,401408,17.416712999988704,0.10870500000237371,0.025901000071826275,0.0,200704,0.0,0.0,0.0,0.0,0
4,chain_4svc,10,78.50601499990262,69.18442700009564,9.32158799980698,2007040,3,26.06946700007029,0.19881000002897053,0.11160599990489573,50.10472699996171,602112,11.940726000034374,0.2618140000549829,0.05350300000372954,35.66856899999493,802816,12.60286100000485,0.1502079999227135,0.03130200002487982,20.258661999946526,401408,18.571372999986124,0.1082060000499041,0.030702000003657304,0.0,200704,0.0,0.0,0.0,0.0,0
4,chain_4svc,11,78.34860699995261,68.5525950000283,9.796011999924303,2007040,3,25.994263000029605,0.21341100000427105,0.11670599997160025,49.81451100002232,602112,12.179139000068062,0.2576129999170007,0.048401999947600416,35.05713799995647,802816,12.657263999926727,0.15070799997829454,0.03510100009407324,19.944445000078304,401408,17.72192900000391,0.10740599998371181,0.025101000005633978,0.0,200704,0.0,0.0,0.0,0.0,0
4,chain_4svc,12,77.99308800008475,68.49378900005831,9.49929900002644,2007040,3,26.35338100003537,0.19821000000774802,0.11040599997613754,49.29138399995736,602112,11.853121000058309,0.26191400002062437,0.04300199998397147,34.84892699998454,802816,12.532157000009647,0.1510079999889058,0.03320199994050199,19.8508400000037,401408,17.75512999995499,0.1165070000297419,0.024101000008158735,0.0,200704,0.0,0.0,0.0,0.0,0
4,chain_4svc,13,78.70432599997912,69.3757359998699,9.328590000109216,2007040,3,26.063165999971716,0.2085109999825363,0.10970499999984895,50.15842900002099,602112,11.923724999974183,0.2641139999468578,0.04650300002140284,35.225945999968644,802816,14.121339999974225,0.1536089999945034,0.0364019999778975,18.98139499996887,401408,17.26750499994978,0.10840600009487389,0.024900999960664194,0.0,200704,0.0,0.0,0.0,0.0,0
4,chain_4svc,14,77.41905800003224,68.287878999854,9.131179000178236,2007040,3,26.131770000006327,0.193709999962266,0.07840399996439373,48.95306600008098,602112,12.339146999920558,0.2834140000231855,0.04470300007142214,33.958880000000136,802816,12.468852999973024,0.15080800005762285,0.035202000049139315,19.523624000044038,401408,17.348108999954093,0.10840599998118705,0.026001000037467747,0.0,200704,0.0,0.0,0.0,0.0,0
4,chain_4svc,15,78.53311600001689,69.85336199988978,8.679754000127105,2007040,3,25.999563000027592,0.20571100003508036,0.07640399996944325,50.273835999973926,602112,11.88972299996749,0.26061400001253787,0.04340300006333564,35.88028100000429,802816,13.24179399989589,0.15800800008491933,0.03530200001478079,20.468171999937113,401408,18.722281999998813,0.12020600001960702,0.024200999973800208,0.0,200704,0.0,0.0,0.0,0.0,0
4,chain_4svc,16,77.76887700003954,68.44938800009004,9.319488999949499,2007040,3,26.27877800000533,0.18770999997741455,0.08680400003413524,49.04287099998328,602112,11.862321000080556,0.2560140000014144,0.047602999984519556,34.249895000016295,802816,12.450353000076575,0.1495079999358495,0.034600999924805365,19.590127000014945,401408,17.857935999927577,0.10850600006051536,0.02620100008243753,0.0,200704,0.0,0.0,0.0,0.0,0
4,chain_4svc,17,78.55451800003266,69.43303899993225,9.121479000100408,2007040,3,25.85085500004425,0.19990999999208725,0.07810399995378248,50.32963799999379,602112,11.96382699993137,0.2796140000782543,0.046203000010791584,35.37125399998331,802816,13.890628000012839,0.1510079999889058,0.03440199998294702,19.570825999949193,401408,17.727728999943793,0.10350499997002771,0.025002000029417104,0.0,200704,0.0,0.0,0.0,0.0,0
4,chain_4svc,18,78.4175100000084,69.52224600001955,8.895263999988856,2007040,3,26.855908000015916,0.21041100001184532,0.11640600007467583,49.00446900001043,602112,11.867822999988675,0.2834140000231855,0.041701999975884974,34.4205049999573,802816,12.939878999986831,0.14930700001514197,0.03620200004661456,19.59472700002607,401408,17.858636000028127,0.10990600003424333,0.024900999960664194,0.0,200704,0.0,0.0,0.0,0.0,0
4,chain_4svc,19,78.19009800005006,69.19842599995718,8.991672000092876,2007040,3,26.147069999979067,0.20571100003508036,0.11190600002919382,49.45879199999581,602112,11.953825999967194,0.2706149999767149,0.047603000098206394,34.93383199997879,802816,13.04388400001244,0.15510800005813508,0.03410199997233576,19.794938000018192,401408,18.05364599999848,0.11320600003728032,0.026402000003145076,0.0,200704,0.0,0.0,0.0,0.0,0
4,chain_4svc,20,76.1914939999997,67.46913599999971,8.722357999999986,2007040,3,26.258075999976427,0.20231099995271506,0.07820400003311079,47.47108799995203,602112,11.784617999978764,0.2541129999826808,0.06640300000526622,32.9626279999502,802816,12.33894599999985,0.1555080000343878,0.030201999948076264,18.755884000029255,401408,17.087496000044666,0.1003049999326322,0.024500999984411465,0.0,200704,0.0,0.0,0.0,0.0,0
4,chain_4svc,21,76.9037310000158,68.24207599993315,8.661655000082646,2007040,3,25.74174899996251,0.19140999995670427,0.08090500000434986,48.90656299994589,602112,11.744615999987218,0.26711400005297037,0.04900299995824753,34.54231000000618,802816,12.388648999944962,0.1529080000182148,0.03400200000669429,20.09415399993486,401408,18.36706200003846,0.10540599998876132,0.025801999981922563,0.0,200704,0.0,0.0,0.0,0.0,0
4,chain_4svc,22,75.58766200008904,66.93330899997818,8.65435300011086,2007040,3,25.56533999995736,0.2009099999895625,0.09990600005949091,47.573993000014525,602112,11.79131799995048,0.26971400006914337,0.04060200001276826,33.13393600001291,802816,12.77157000004081,0.15130700001009245,0.03090199993494025,18.47466800006714,401408,16.80508100002953,0.10360600003878062,0.025800999992497964,0.0,200704,0.0,0.0,0.0,0.0,0
4,chain_4svc,23,76.69511999995393,67.55734000000757,9.13777999994636,2007040,3,25.87285599997813,0.18861000000924832,0.08020400002806127,47.936212999957206,602112,11.810819000061201,0.26891400000295107,0.050102999921364244,33.6254620000318,802816,12.352347000046393,0.15160799989644147,0.033002000009219046,19.333513999981733,401408,17.52131799992185,0.09820499997204024,0.026502000082473387,0.0,200704,0.0,0.0,0.0,0.0,0
4,chain_4svc,24,77.23114800000985,68.45618699992428,8.774961000085568,2007040,3,26.460986999950364,0.20781099999567232,0.08330400009981531,48.274530999947274,602112,11.876121999989664,0.2598139999463456,0.05190300009871862,33.86397500003113,802816,12.454951999984587,0.15100800010259263,0.03480199995919975,19.34241399999337,401408,17.66412599999967,0.11160600001858256,0.026001000037467747,0.0,200704,0.0,0.0,0.0,0.0,0
4,chain_4svc,25,77.00823699997272,68.35398300006545,8.654253999907269,2007040,3,26.016764000019066,0.19480999992538273,0.0819040000124005,48.59094699997968,602112,11.948326000037923,0.25171400000090216,0.048801999923853145,33.923577999985355,802816,12.293244000034065,0.15480899992326158,0.031602000035491074,19.760236000024634,401408,18.0956489999744,0.10100500003318302,0.027701000021806976,0.0,200704,0.0,0.0,0.0,0.0,0
4,chain_4svc,26,75.18604100005177,66.60949299987351,8.576548000178263,2007040,3,25.62824400001773,0.20060999997895124,0.0785039999300352,47.18947300000309,602112,11.915824999960023,0.26701399997364206,0.05080200003249047,32.78491899993696,802816,12.27654399997391,0.14670799998839357,0.032001000022319204,18.436265999980606,401408,16.788879999921846,0.10440500000186148,0.025500999981886707,0.0,200704,0.0,0.0,0.0,0.0,0
4,chain_4svc,27,77.21124700003656,68.06496899991998,9.146278000116581,2007040,3,26.288477999969473,0.20121000000017375,0.10480600008122565,48.3336339999596,602112,11.900023999942277,0.26391400001557486,0.040502000047126785,33.89307700001609,802816,12.46155399996951,0.15540800006874633,0.03520099994602788,19.320112000059453,401408,17.414913000038723,0.102405000006911,0.02610100000310922,0.0,200704,0.0,0.0,0.0,0.0,0
4,chain_4svc,28,75.99328399999195,67.22332400011055,8.769959999881394,2007040,3,26.10296800003198,0.2079109999613138,0.10050499997760198,47.447186999988844,602112,11.853621000000203,0.26831399998172856,0.03860200001781777,33.026830999915546,802816,12.296045000084632,0.14860699991459114,0.034701999993558275,18.60907499997211,401408,16.970689999993738,0.102405000006911,0.02560099994752818,0.0,200704,0.0,0.0,0.0,0.0,0
4,chain_4svc,29,76.75172300002941,67.52353799993216,9.228185000097255,2007040,3,25.844953999921927,0.20061100008206267,0.07580400006190757,48.541044000103284,602112,11.814519000040491,0.2580130000069403,0.0442030000158411,34.07718699997986,802816,12.36424800003988,0.15530799998941802,0.0333020000198303,19.24090900001829,401408,17.499816999929863,0.10350600007313915,0.02790200005620136,0.0,200704,0.0,0.0,0.0,0.0,0
4,chain_4svc,30,76.47870900007092,67.83305600004041,8.645653000030507,2007040,3,26.137070000004314,0.19091000001481007,0.097204999974565,47.91951199990763,602112,11.658810999961133,0.30121600002530613,0.04380300003958837,33.58866100006708,802816,12.297344999979032,0.15110799995454727,0.032501000077900244,19.426717999976972,401408,17.739830000095935,0.102405000006911,0.026701999900069495,0.0,200704,0.0,0.0,0.0,0.0,0
4,chain_4svc,31,76.42450599996664,67.44263600000977,8.98186999995687,2007040,3,25.75654999998278,0.2009109999789871,0.07660400001441303,48.12642299998515,602112,11.93762599996262,0.25821400004133466,0.048402000061287254,33.82457299994712,802816,12.403950000020814,0.15090800002326432,0.03960199990160618,19.390715999975328,401408,17.344510000043556,0.12570599994887743,0.025401000016245234,0.0,200704,0.0,0.0,0.0,0.0,0
4,chain_4svc,32,78.74352800001816,70.24338200005786,8.500145999960296,2007040,3,25.759550000088893,0.1994099999365062,0.08250499990936078,50.72765900001741,602112,11.829719999923327,0.25581400007013144,0.04250200004207727,36.34900600002311,802816,14.654967999945256,0.15220800003135082,0.03180200008046086,19.65673000006518,401408,17.999144000100387,0.10490499994375568,0.026800999989973207,0.0,200704,0.0,0.0,0.0,0.0,0
4,chain_4svc,33,78.07939200006331,69.709952999915,8.369439000148304,2007040,3,26.848706999999195,0.2214119999734976,0.07680400005938282,49.01116899998215,602112,11.708313999974962,0.26531399998930283,0.0398020000602628,34.777622999968116,802816,12.375248000012107,0.15650900002128765,0.03570199999103352,20.49977499996203,401408,18.77768399992874,0.10340599999381084,0.024901000074351032,0.0,200704,0.0,0.0,0.0,0.0,0
4,chain_4svc,34,76.12949099996058,67.32973000009679,8.799760999863793,2007040,3,25.86405600004582,0.2035100000057355,0.11090600003171858,47.81010600004265,602112,11.97902800004158,0.28311500000199885,0.05090199999813194,33.393451000051755,802816,12.192539000011493,0.1752099999521306,0.03000100002736872,18.953993000081937,401408,17.294106999997894,0.10230499992758268,0.02870100001928222,0.0,200704,0.0,0.0,0.0,0.0,0
4,chain_4svc,35,80.69383000008656,71.51674900001126,9.177081000075304,2007040,3,27.51134200002525,0.2028110000082961,0.08410399993863393,50.78876200002469,602112,11.896724000052927,0.26011399995695683,0.0421019999521377,36.40190800001619,802816,14.267047999965143,0.154107999946973,0.03580200007036183,19.602628000029654,401408,17.841634999967937,0.10490500005744252,0.02610199999253382,0.0,200704,0.0,0.0,0.0,0.0,0
4,chain_4svc,36,78.20249899998544,68.14467200013041,10.057826999855024,2007040,3,25.86995600006503,0.23671199994623748,0.11220600003980508,49.76650899993729,602112,11.863322000067456,0.2533129999164885,0.0442020000264165,34.900329000038255,802816,12.388650000048074,0.15710799993939872,0.034200999948552635,20.16245599998001,401408,18.022743999949853,0.11660699999538338,0.024602000053164375,0.0,200704,0.0,0.0,0.0,0.0,0
4,chain_4svc,37,76.8516279999858,68.0728680001721,8.778759999813701,2007040,3,25.91265800003839,0.19870999994964222,0.1113060000079713,48.52834400003303,602112,11.931426000046486,0.254612999924575,0.050602999976945284,34.22489400008999,802816,12.334246000023086,0.15430799999194278,0.03520199993545248,19.687130999955116,401408,17.89453800006413,0.10580499997558945,0.025401000016245234,0.0,200704,0.0,0.0,0.0,0.0,0
4,chain_4svc,38,77.10114099995735,68.27887800000099,8.822262999956365,2007040,3,25.92875899995306,0.1997110000502289,0.0775040000462468,48.91576399995756,602112,11.769217000050958,0.25761400002011214,0.040302000002157,34.514308999973764,802816,12.358347000031245,0.14260799991916429,0.03610199996728625,20.16045599998506,401408,18.222554999965723,0.10910600008173788,0.026300999934392166,0.0,200704,0.0,0.0,0.0,0.0,0
4,chain_4svc,39,77.75737500003288,68.26347900005203,9.49389599998085,2007040,3,25.998263000019506,0.20000999995772872,0.08030399999370275,49.31848500007163,602112,11.861322000072505,0.2552129999457975,0.04240199996274896,34.70831900006033,802816,12.535556999978326,0.1490079999939553,0.04070199997840973,19.642128999976194,401408,17.868336999981693,0.10830500002612098,0.02650099997936195,0.0,200704,0.0,0.0,0.0,0.0,0
4,chain_4svc,40,78.1050939999659,68.8735099998894,9.23158400007651,2007040,3,26.10726899990823,0.2061110000113331,0.11280500007160299,49.44319200001246,602112,11.883923000027607,0.27161399998476554,0.03990200002590427,34.98983400004363,802816,12.51955599991561,0.14970800009450613,0.0333020000198303,20.555677000061223,401408,18.362762000037947,0.10510599997815007,0.026201999958175293,0.0,200704,0.0,0.0,0.0,0.0,0
4,chain_4svc,41,87.76260000001912,77.05893999991531,10.70366000010381,2007040,3,26.036664999992354,0.19900999996025348,0.07860400000936352,59.20450400003574,602112,12.326045999998314,0.25611399996705586,0.046101999942038674,43.508180999992874,802816,13.50320799997462,0.1716090000627446,0.04370199997083546,27.63834899997164,401408,25.193020999950022,0.18911000006482936,0.03170100001170795,0.0,200704,0.0,0.0,0.0,0.0,0
4,chain_4svc,42,96.45855600001596,85.88350300010461,10.57505299991135,2007040,3,31.777865999970345,0.23701200007053558,0.14290699994035094,61.70453400000042,602112,15.344404000074974,0.3153169999450256,0.07160399991334998,43.316071000049305,802816,16.836882999996305,0.17300900003647257,0.04410199994708819,24.032458999954542,401408,21.924350000062987,0.12030599998524849,0.03410099998291116,0.0,200704,0.0,0.0,0.0,0.0,0
4,chain_4svc,43,82.30461399989508,73.03772800014485,9.26688599975023,2007040,3,27.116421000073387,0.24581299999226758,0.11000599999988481,52.10373099998833,602112,11.904524000101446,0.29131499991308374,0.07770499996695435,37.678775000017595,802816,13.806024000018624,0.1536080000050788,0.03190099994299089,22.082057000034183,401408,20.210758999951395,0.1414079999904061,0.025901000071826275,0.0,200704,0.0,0.0,0.0,0.0,0
4,chain_4svc,44,80.36420700000235,71.13031100004719,9.233895999955166,2007040,3,28.840412000022297,0.2251119999527873,0.08720400001038797,49.20267199997852,602112,11.983728000018345,0.2661140000554951,0.04130299998905684,34.43109500005903,802816,13.06730199996764,0.14890800002831384,0.0315020000698496,18.90506299992012,401408,17.238869000038903,0.10280499998316373,0.023300999941966438,0.0,200704,0.0,0.0,0.0,0.0,0
4,chain_4svc,45,76.96562500007076,68.4174449999091,8.548180000161665,2007040,3,26.15286999991895,0.24531400003979797,0.08070400008364231,48.40132000003905,602112,11.774962000004052,0.26541500005805574,0.04430199999205797,34.01681100001497,802816,12.291490000052363,0.14830899999651592,0.033002000009219046,19.90771800001312,401408,18.19812299993373,0.10470600000189734,0.023701000031906005,0.0,200704,0.0,0.0,0.0,0.0,0
4,chain_4svc,46,77.61076100007358,68.70195999999851,8.908801000075073,2007040,3,26.897811000026195,0.20711199999823293,0.10230599991700728,48.3828189999258,602112,11.806963000026371,0.26201499997569044,0.04170299996530957,34.12661799995931,802816,12.462599999935264,0.14750900004401046,0.033801999961724505,19.254081999974915,401408,17.534586000010677,0.10720600005242886,0.03660200002286729,0.0,200704,0.0,0.0,0.0,0.0,0
4,chain_4svc,47,76.13227800004552,67.28548100011267,8.846796999932849,2007040,3,26.141468999981043,0.2028119999977207,0.10930600001302082,47.573072999966826,602112,11.798063000014736,0.27291499998227664,0.04920300000321731,33.04285699994125,802816,12.426598000047306,0.14990800002578908,0.03390199992736598,18.623246000061044,401408,16.919351000069582,0.09660499995334249,0.02470199990511901,0.0,200704,0.0,0.0,0.0,0.0,0
4,chain_4svc,48,78.28919899998255,68.67445800014593,9.614740999836613,2007040,3,25.96975900007692,0.19481100002849416,0.08120399991184968,50.11021600000731,602112,11.888967999993838,0.26151400004437164,0.0434029999496488,35.39248899994618,802816,13.279646000000866,0.1594090000480719,0.035501999946063734,19.223580000016227,401408,17.53608500007431,0.10720599993874202,0.025401999891982996,0.0,200704,0.0,0.0,0.0,0.0,0
4,chain_4svc,49,77.72546800003965,69.01827800004412,8.707189999995535,2007040,3,26.223372999993444,0.19431099997291312,0.07810499994320708,49.16606300002968,602112,11.814264000008734,0.2693149999686284,0.054303000069921836,34.87545999996655,802816,12.516004000076464,0.1588090000268494,0.03440199998294702,20.212736000075893,401408,18.464636999965478,0.11030699999992066,0.02520100008496229,0.0,200704,0.0,0.0,0.0,0.0,0
4,chain_4svc,50,77.69516500002283,68.28893700003391,9.406227999988914,2007040,3,26.15557000001445,0.19671100005780318,0.08510399993610918,48.940150000021276,602112,11.918168999955014,0.25311500007774157,0.07290400003512332,34.19942200002879,802816,12.550405000069986,0.1562090000106764,0.03350199995111325,19.41229099998054,401408,17.66479299999446,0.10990600003424333,0.024901000074351032,0.0,200704,0.0,0.0,0.0,0.0,0
4,chain_4svc,51,78.88793300003272,69.80912399978934,9.078809000243382,2007040,3,26.434985999912897,0.2069110000775254,0.0923050000665171,50.12701599991942,602112,12.029075999976158,0.2637150000737165,0.064003000034063,35.43839099995694,802816,12.774117999924783,0.15190800002073956,0.0315020000698496,20.52445300000727,401408,18.570943999975498,0.11120600004232983,0.025500999981886707,0.0,200704,0.0,0.0,0.0,0.0,0
4,chain_4svc,52,78.89003299999331,69.45300299992141,9.4370300000719,2007040,3,26.161870000009912,0.2048110000032466,0.11220699991554284,50.30992700005754,602112,11.770160999958534,0.2660149999655914,0.051103000032526325,35.70530699994379,802816,12.487201999988429,0.14940899995963264,0.036502000057225814,21.117987000025096,401408,19.033769999964534,0.10980600006860186,0.025900999958139437,0.0,200704,0.0,0.0,0.0,0.0,0
4,chain_4svc,53,77.71466600001986,68.55065100012325,9.164014999896608,2007040,3,25.922956000044906,0.1958110000259694,0.08160499999121384,49.34197300008236,602112,12.089679000041542,0.25131400002464943,0.0530029999481485,34.700249000024996,802816,12.937727000007726,0.15740900005312142,0.03320199994050199,19.270982999955777,401408,17.60028900002908,0.11060599990742048,0.026002000026892347,0.0,200704,0.0,0.0,0.0,0.0,0
4,chain_4svc,54,77.56335900000977,68.66055699981644,8.902802000193333,2007040,3,26.193670999987262,0.1978120000103445,0.10930700000244542,49.02535500002614,602112,11.932669999964673,0.2610149999782152,0.06240400000478985,34.40033300000778,802816,12.467300999901454,0.16080900002179987,0.03510200008349784,19.936520999976892,401408,18.066914999963046,0.10410600009436166,0.03150199995616276,0.0,200704,0.0,0.0,0.0,0.0,0
4,chain_4svc,55,92.57700200009822,83.06276700000126,9.51423500009696,2007040,3,34.14621800004625,0.23131299997203314,0.13290799995502312,55.76303300006202,602112,13.962985000034678,0.30481699991469213,0.0460019999763972,38.760678000016924,802816,15.122249999990345,0.16650899999604007,0.03410199997233576,21.739020999916647,401408,19.83131399992999,0.11600699997416086,0.025902000061250874,0.0,200704,0.0,0.0,0.0,0.0,0
4,chain_4svc,56,77.9754809999531,68.77176400007556,9.203716999877543,2007040,3,26.855308999984118,0.21301200001744292,0.09440600001653365,48.5574289999704,602112,11.90996900004393,0.2480139999079256,0.04910300003757584,33.82580100003452,802816,12.777217999996537,0.15150900003391143,0.04680199992890266,18.971866000015325,401408,17.22926800005098,0.10070500002257177,0.03970299997035909,0.0,200704,0.0,0.0,0.0,0.0,0
4,chain_4svc,57,79.7795830000041,70.7095739999204,9.0700090000837,2007040,3,26.440986000011435,0.22841300005893572,0.10950599994430377,50.90045999997983,602112,11.93887099998392,0.26201399998626584,0.04840300005071185,36.17063199999393,802816,13.767473999905633,0.15770800007430807,0.036902000033478544,20.389045000001715,401408,18.562243000019407,0.10790599992560601,0.027601000056165503,0.0,200704,0.0,0.0,0.0,0.0,0
4,chain_4svc,58,77.63856300005045,68.59995499996785,9.038608000082604,2007040,3,26.316678000057436,0.20371200002955447,0.11070699997617339,48.89064799999687,602112,11.942470999997568,0.25871499997265346,0.041301999999632244,34.06361400004698,802816,12.858822999987751,0.15080800005762285,0.03490200003852806,19.25488199992742,401408,17.481982999925094,0.10870599999179831,0.023701000031906005,0.0,200704,0.0,0.0,0.0,0.0,0
4,chain_4svc,59,77.61096100000486,68.70766199983791,8.903299000166953,2007040,3,25.601139000059447,0.20031099995776458,0.07770399997752975,49.622188999933314,602112,12.13238199989064,0.2695150000135982,0.04340200007391104,34.866960000044855,802816,13.046132999988913,0.15040899995710788,0.03640200009158434,19.972023000036643,401408,17.92800799989891,0.11890600001152052,0.025601000061215018,0.0,200704,0.0,0.0,0.0,0.0,0
4,chain_4svc,60,78.60491700000694,69.05048099997657,9.554436000030364,2007040,3,26.2420750000274,0.19991099998151185,0.08310399994115869,50.05811299997731,602112,11.969672999953218,0.27021500000046217,0.049403000048187096,35.56009900000845,802816,13.628466000000117,0.1568090000318989,0.036902000033478544,19.990123999946263,401408,17.210266999995838,0.11120700003175443,0.02440100001876999,0.0,200704,0.0,0.0,0.0,0.0,0
4,chain_4svc,61,79.13154599998506,69.93432900003427,9.197216999950797,2007040,3,26.086366000072303,0.191109999946093,0.0858050000260846,50.5774419999625,602112,11.80026299994097,0.25821500003075926,0.044102000060775026,36.41274599999633,802816,12.574706000009428,0.15710900004251016,0.03320199994050199,21.890330000019276,401408,19.472994000011568,0.10830700000497018,0.02520099997127545,0.0,200704,0.0,0.0,0.0,0.0,0
4,chain_4svc,62,78.23419600003945,68.45914599989555,9.775050000143892,2007040,3,26.32217899997613,0.2046109999582768,0.10850600006051536,49.496281000074305,602112,11.926969999990433,0.2691149999236586,0.04120200003399077,34.88806100006059,802816,12.508303000004162,0.14780899994093488,0.034301000027880946,20.113029999947685,401408,17.701693999924828,0.10290600005191664,0.02440200000819459,0.0,200704,0.0,0.0,0.0,0.0,0
4,chain_4svc,63,80.35312599997724,70.37366200006545,9.979463999911786,2007040,3,26.46228699995845,0.2074120000088442,0.1069060000418176,51.35339499997826,602112,11.866367000038736,0.26441499994689366,0.04560299998956907,36.883081000041784,802816,14.146895000067161,0.1510079999889058,0.03400200000669429,20.398054999986925,401408,17.898113000001104,0.10240600011002243,0.03320199994050199,0.0,200704,0.0,0.0,0.0,0.0,0
4,chain_4svc,64,80.00276500001746,70.59592799987513,9.406837000142332,2007040,3,26.472609999927954,0.2106120000462397,0.08980500001598557,51.10441499994067,602112,12.037286999998287,0.2740160000485048,0.050101999931939645,36.40717700000096,802816,12.95733899996776,0.15770900006373267,0.045802000045114255,21.538428999974712,401408,19.12869199998113,0.1069060000418176,0.026300999934392166,0.0,200704,0.0,0.0,0.0,0.0,0
4,chain_4svc,65,79.06321100006153,69.80978199999299,9.253429000068536,2007040,3,26.347302999965905,0.1971110000340559,0.10800600000493432,50.24046699998053,602112,12.037085999963892,0.26091500001257373,0.06230400003914838,35.57462999992822,802816,13.705482000091251,0.15570899995509535,0.03590199992231646,19.981639999969047,401408,17.719910999971944,0.10580599996501405,0.025602000050639617,0.0,200704,0.0,0.0,0.0,0.0,0
4,chain_4svc,66,78.6219850000407,68.73422199987544,9.88776300016525,2007040,3,26.187294000010297,0.19991099998151185,0.1094059999786623,49.875544999963495,602112,12.068488999943838,0.2648150000368332,0.05700300005173631,34.758282999973744,802816,12.730026999975053,0.15170800008945662,0.035501999946063734,19.813330000033602,401408,17.748411999946256,0.11530699998729688,0.025602000050639617,0.0,200704,0.0,0.0,0.0,0.0,0
4,chain_4svc,67,95.266434999985,85.77139199996964,9.495043000015357,2007040,3,37.51943999998275,0.24211400000240246,0.14050800007225916,55.103943999938565,602112,14.705939000009494,0.29851700003291626,0.050203000000692555,37.670750000074804,802816,14.88044899997476,0.17571000000771164,0.03490200003852806,20.79228599995986,401408,18.665564000002632,0.11510699994232709,0.02620200007186213,0.0,200704,0.0,0.0,0.0,0.0,0
4,chain_4svc,68,85.2641640000229,76.64227299994764,8.621891000075266,2007040,3,30.719452999960595,0.20271200003207923,0.12700700006007537,52.15147500007333,602112,13.751684999988356,0.29851700003291626,0.0678039999684188,35.749440000017785,802816,13.078845999984878,0.16900899993288476,0.0341020000860226,20.792185999994217,401408,19.092289000013807,0.10590599993065553,0.02520199996070005,0.0,200704,0.0,0.0,0.0,0.0,0
4,chain_4svc,69,77.91204500006188,68.98893599998246,8.923109000079421,2007040,3,26.22699599999123,0.20361099996080156,0.08250500002304761,49.310912999999346,602112,11.873476999994637,0.2551149999590052,0.05170300005374884,34.868990000063604,802816,12.51641400006065,0.1575090000187629,0.03540199998042226,20.446565999918676,401408,18.37204899993594,0.10890600003676809,0.025001000039992505,0.0,200704,0.0,0.0,0.0,0.0,0
4,chain_4svc,70,79.21561900002416,69.61517199999889,9.60044700002527,2007040,3,26.70222400001876,0.20161099996585108,0.07970399997248023,50.2069639999263,602112,11.900278999974034,0.2547150000964393,0.049301999979434186,35.49552499998754,802816,13.010441999995237,0.1524090000657452,0.03280199996424926,20.467867999968803,401408,18.002227000010862,0.10610599997562531,0.024701000029381248,0.0,200704,0.0,0.0,0.0,0.0,0
4,chain_4svc,71,77.16690199993081,68.50690800001757,8.65999399991324,2007040,3,25.702466000097957,0.19091100000423467,0.11030699999992066,49.141903999952774,602112,11.82087400002274,0.25751500004389527,0.04540299994459929,34.871789000021636,802816,12.373605999982829,0.15250900003138668,0.03710199996476149,20.382163000022047,401408,18.60996199991405,0.10930600001302082,0.02440100001876999,0.0,200704,0.0,0.0,0.0,0.0,0
4,chain_4svc,72,77.23490600005789,68.33899800005838,8.895907999999508,2007040,3,26.06208700001389,0.19871099993906682,0.11180700005297695,48.732779999909326,602112,11.78137199997309,0.26941499993426987,0.04910300003757584,33.95263699997031,802816,12.747927000077652,0.15640899994195934,0.031101999979910033,19.367904999967323,401408,17.74761199999375,0.10630600002059509,0.023801999986972078,0.0,200704,0.0,0.0,0.0,0.0,0
4,chain_4svc,73,75.94083200001478,67.34264199997142,8.59819000004336,2007040,3,25.623261999953684,0.1983109999628141,0.08000399998309149,47.9346339999438,602112,11.860876000014287,0.2677160000530421,0.044002999970871315,33.50431100000151,802816,12.288601000022936,0.16050900001118862,0.03280199996424926,19.312501999934284,401408,17.569902999980513,0.1082060000499041,0.024701000029381248,0.0,200704,0.0,0.0,0.0,0.0,0
4,chain_4svc,74,76.55326700000842,67.64645999987806,8.906807000130357,2007040,3,26.157992999969792,0.20291100008762442,0.10620599994126678,47.942336000005525,602112,11.907678999932614,0.26981600001363404,0.03950200004965154,33.37120399999094,802816,12.23359799996615,0.1536089999945034,0.030002000016793318,19.055587000025298,401408,17.347190000009505,0.10220599995136581,0.025501000095573545,0.0,200704,0.0,0.0,0.0,0.0,0
4,chain_4svc,75,78.41737399996873,69.17984500012153,9.2375289998472,2007040,3,26.26369799997974,0.1963119999572882,0.10530600002311985,49.704735000091205,602112,11.951581000062106,0.25961500000448723,0.0504029999319755,35.13400399992861,802816,12.853733000042666,0.1484079999727328,0.033401999985471775,19.797028999960276,401408,18.11083300003702,0.10090600005696615,0.022600999955102452,0.0,200704,0.0,0.0,0.0,0.0,0
4,chain_4svc,76,76.46456300005866,67.36034300001847,9.104220000040186,2007040,3,25.86187500003234,0.20451199998205993,0.10350599995945231,48.04744099999425,602112,11.80327400004444,0.2496140000403102,0.04810199993698916,33.57021599993004,802816,12.246798999967723,0.15080800005762285,0.03270199999860779,19.16049299995848,401408,17.44839499997397,0.12260699998023483,0.025002000029417104,0.0,200704,0.0,0.0,0.0,0.0,0
4,chain_4svc,77,76.5061650000689,67.51695100001598,8.989214000052925,2007040,3,25.624161999985517,0.2131119999830844,0.08490499999425083,48.49546699995244,602112,11.856576000013774,0.25051500006156857,0.04460299999209383,33.9082339999095,802816,12.438408999969397,0.1518090000445227,0.03940199997032323,19.325701999946432,401408,17.59780400004729,0.10350599995945231,0.025000999926305667,0.0,200704,0.0,0.0,0.0,0.0,0
4,chain_4svc,78,77.60382699996171,68.56251099986821,9.041316000093502,2007040,3,26.079787999947257,0.20631200004572747,0.11230600000544655,49.01969699994879,602112,12.4312089999421,0.2610149999782152,0.040903000012804114,33.91063399999439,802816,12.534214999959659,0.15080900004704745,0.039602000015293015,19.195695000007618,401408,17.517299000019193,0.10100600002260762,0.026002000026892347,0.0,200704,0.0,0.0,0.0,0.0,0
4,chain_4svc,79,79.55203899996377,70.17220399995949,9.379835000004277,2007040,3,26.064886999961345,0.1945110000178829,0.11740700006157567,51.02631099998689,602112,12.277601000050709,0.29121699992629146,0.06420299996534595,35.82134299995232,802816,13.380263999920317,0.15770900006373267,0.03510200008349784,20.224153999947703,401408,18.449452000027122,0.1056060000337311,0.028101999987484305,0.0,200704,0.0,0.0,0.0,0.0,0
4,chain_4svc,80,77.48822099995323,68.39200299987169,9.096218000081535,2007040,3,26.2887999999748,0.23541399991700018,0.08380400004170951,48.62057299999378,602112,11.88657799991688,0.26061500000196247,0.05050300001130381,34.04314300007627,802816,12.7992309999172,0.15560899998945388,0.04060200001276826,19.178293999971174,401408,17.417394000062814,0.10880599995743978,0.02650099997936195,0.0,200704,0.0,0.0,0.0,0.0,0
4,chain_4svc,81,77.00629300006767,67.77096700000129,9.23532600006638,2007040,3,25.832174000015584,0.1958110000259694,0.09930499993515696,48.74538100000336,602112,12.096090999989428,0.26531499997872743,0.04480200004763901,34.04304299999694,802816,12.505113000088386,0.19351099990672083,0.031201999945551506,19.080889000065326,401408,17.337588999907894,0.10130600003321888,0.02440100001876999,0.0,200704,0.0,0.0,0.0,0.0,0
4,chain_4svc,82,76.93409000000884,67.75726499995471,9.176825000054123,2007040,3,26.01238399995509,0.20081200000277022,0.11020600004485459,48.477165000008426,602112,11.76507100001345,0.2578149999408197,0.05040300004566234,33.79812799994397,802816,12.400107000075877,0.15350899991517508,0.03940299995974783,19.405206999977054,401408,17.579702999910296,0.10990600003424333,0.029401999995570804,0.0,200704,0.0,0.0,0.0,0.0,0
4,chain_4svc,83,78.33026900004825,69.1964499999358,9.133819000112453,2007040,3,25.89767799997844,0.20941200000379467,0.08360399999673973,49.93364899996777,602112,11.908879999964483,0.2540140000064639,0.04770200007442327,35.25041099999271,802816,14.292916000044897,0.15460800000255404,0.03140199999052129,18.837475000054837,401408,17.096975999947972,0.09870500002762128,0.024500999984411465,0.0,200704,0.0,0.0,0.0,0.0,0
4,chain_4svc,84,75.85302800009686,66.7511099999274,9.101918000169462,2007040,3,25.733268999942993,0.19901099994967808,0.10800600000493432,47.67012000002069,602112,11.787272999981724,0.2520140000115134,0.041402000078960555,33.169592000035664,802816,12.374905999990915,0.15150900003391143,0.034302000017305545,18.703566999988652,401408,16.855662000011762,0.1081059999705758,0.025401000016245234,0.0,200704,0.0,0.0,0.0,0.0,0
4,chain_4svc,85,76.27475200001754,67.66866199996002,8.60609000005752,2007040,3,25.837973999955466,0.19721199998912198,0.11270600009538612,48.103143999924214,602112,11.876577999942128,0.26091500001257373,0.04080200005773804,33.59581699999126,802816,12.453011000047809,0.15250900003138668,0.036002000001644774,19.1530929999999,401408,17.50109900001462,0.10300600001755811,0.024600999950052937,0.0,200704,0.0,0.0,0.0,0.0,0
4,chain_4svc,86,77.49932199999421,68.57681300016338,8.922508999830825,2007040,3,26.34450300001845,0.20271200003207923,0.08180399993307219,48.72987999999623,602112,11.854876000029435,0.2841159999888987,0.08130499998060259,34.14114800000334,802816,12.80183100004706,0.15560800000002928,0.03620199993292772,19.318702000077792,401408,17.57560300006844,0.10590599993065553,0.024101000008158735,0.0,200704,0.0,0.0,0.0,0.0,0
4,chain_4svc,87,77.0517960000916,67.87637299999005,9.175423000101546,2007040,3,26.088188000017,0.21011199999065866,0.11060700001053192,48.36755900009848,602112,11.92028000002665,0.2533150000090245,0.04230199999710749,33.80352900001071,802816,12.455610999950295,0.15130799999951705,0.03620200004661456,19.275699999980134,401408,17.41229399999611,0.11020599993116775,0.024500999984411465,0.0,200704,0.0,0.0,0.0,0.0,0
4,chain_4svc,88,77.04779599998801,68.15668799993091,8.891108000057102,2007040,3,26.167293000071368,0.2067110000325556,0.08260499998868909,48.41096199993444,602112,11.76787199995033,0.25191400004587194,0.040502000047126785,34.00644000009834,802816,12.38550599998689,0.1505090000364362,0.035101999969811004,19.570416000078694,401408,17.83601699992232,0.1050060000125086,0.024802000098134158,0.0,200704,0.0,0.0,0.0,0.0,0
4,chain_4svc,89,78.98900700001832,70.20520499997929,8.783802000039032,2007040,3,26.86503300003551,0.2022109999870736,0.080604000004314,49.85384500002965,602112,11.828175000005103,0.25651500004642,0.049702999945111515,35.467322999920725,802816,13.393063999956212,0.1511090000576587,0.0359020000360033,19.860532999928182,401408,18.118932999982462,0.10160600004383014,0.02480199998444732,0.0,200704,0.0,0.0,0.0,0.0,0
4,chain_4svc,90,77.42661699990094,68.67551700020158,8.751099999699363,2007040,3,25.777371000003768,0.19711099992036907,0.07980400005180854,49.37971699996524,602112,11.825074000057612,0.2540149999958885,0.041802999930951046,34.86638900005801,802816,12.482312000088314,0.15370899996014487,0.03500200000416953,20.32225900006779,401408,18.590760000051887,0.09870599990335904,0.024702000018805848,0.0,200704,0.0,0.0,0.0,0.0,0
4,chain_4svc,91,78.37467199999537,69.50096499986103,8.873707000134345,2007040,3,26.39760599993224,0.19611100003658066,0.11010700006863772,49.49272299995755,602112,11.989083999992545,0.2719149999848014,0.044903000002705085,34.92669299998852,802816,13.184851999994862,0.15770899995004584,0.0372030000335144,19.687922999992225,401408,17.92942299994138,0.10350600007313915,0.026402000003145076,0.0,200704,0.0,0.0,0.0,0.0,0
4,chain_4svc,92,78.31636799994612,68.5676110000486,9.748756999897523,2007040,3,26.233496000031664,0.20201200004521525,0.11610699993980234,49.61093100007474,602112,12.042487000030633,0.2912170000399783,0.04660299998704431,34.43746499999634,802816,12.511313999993945,0.16750999998293992,0.0320020000117438,19.599717999994937,401408,17.78031399999236,0.10670700009995926,0.026200999968750693,0.0,200704,0.0,0.0,0.0,0.0,0
4,chain_4svc,93,77.48201999993398,68.64331800011314,8.838701999820842,2007040,3,26.19299500008765,0.1968109999097578,0.11430600000039703,48.831086000063806,602112,12.19089599999279,0.28191600006266526,0.050602999976945284,33.98463899998205,802816,12.84063299999616,0.1518090000445227,0.03500200000416953,19.14719299998069,401408,17.41879400003654,0.10460599992256903,0.025801999981922563,0.0,200704,0.0,0.0,0.0,0.0,0
4,chain_4svc,94,78.40087299996412,69.16094600001088,9.23992699995324,2007040,3,26.60101800006487,0.21251199996186187,0.12000699996406183,49.26581000006536,602112,12.046088000033706,0.2597149999701287,0.044801999933952175,34.58587400007218,802816,13.06244499994591,0.15070900008140597,0.041403000068385154,19.197394999991957,401408,17.451394999966396,0.10460600003625586,0.02570200001628109,0.0,200704,0.0,0.0,0.0,0.0,0
4,chain_4svc,95,82.36419899992597,69.86048499993558,12.503713999990396,2007040,3,25.83017300003121,0.1952110000047469,0.08290499999930034,52.459292999969875,602112,11.982783999997082,0.25811499995143095,0.04100199998902099,36.0763590000488,802816,13.996997999925043,0.17261000004964444,0.033401999985471775,19.77782800008754,401408,18.050529999982245,0.10870599999179831,0.028901000064252003,0.0,200704,0.0,0.0,0.0,0.0,0
4,chain_4svc,96,82.04848100001527,70.85674400013886,11.191736999876412,2007040,3,27.130348000014237,0.7499429999597851,0.1183069999797226,51.47853699997995,602112,12.047388000041792,0.4477249999581545,0.04780300002948934,36.19106400003602,802816,13.34656200003792,0.15200799998638104,0.032602000032966316,20.566174000009596,401408,18.33244600004491,0.09760600005392917,0.023100999896996655,0.0,200704,0.0,0.0,0.0,0.0,0
4,chain_4svc,97,78.78149500004383,68.67131799970139,10.110177000342446,2007040,3,25.971280999897317,0.19411100004163018,0.09020600009534974,50.27106800002912,602112,11.840875999951095,0.2720150000641297,0.043202000028941256,35.579930000039894,802816,12.423708999904193,0.14430800001719035,0.040502000047126785,20.956895999916014,401408,18.435451999948782,0.10900600000240956,0.02690099995561468,0.0,200704,0.0,0.0,0.0,0.0,0
4,chain_4svc,98,76.52656600009777,67.54815400006464,8.978412000033131,2007040,3,25.823573000025135,0.19851100000778388,0.08040499994876882,48.18544900001598,602112,11.867077000033532,0.2545149999377827,0.04230199999710749,33.62941899990801,802816,12.40920800000822,0.17370999989907432,0.03290200004357757,19.1865950000647,401408,17.448295999997754,0.10430600002564461,0.025001000039992505,0.0,200704,0.0,0.0,0.0,0.0,0
4,chain_4svc,99,78.12605699996311,68.85222900007193,9.273827999891182,2007040,3,26.19659499998761,0.20111100002395688,0.11180600006355235,49.449320999997326,602112,11.943180999992364,0.24741400000038993,0.0429030000077546,34.71158100001048,802816,12.395408000088537,0.15250799992827524,0.03430099991419411,20.045343999981924,401408,18.317045000003418,0.1126070000054824,0.025800999992497964,0.0,200704,0.0,0.0,0.0,0.0,0
4,chain_4svc,100,81.5752540000858,72.13821499988171,9.437039000204095,2007040,3,26.37200499998471,0.20191200007957377,0.08130399999117799,52.59870099996533,602112,12.090888999978233,0.2620150000893773,0.057703999914338056,37.65704900001765,802816,12.975040000014815,0.14970900008393073,0.03570199999103352,22.485181999968518,401408,20.700280999903953,0.10880600007112662,0.0245020000875229,0.0,200704,0.0,0.0,0.0,0.0,0
4,chain_4svc,101,77.34821300005024,68.43090499990012,8.917308000150115,2007040,3,26.42220699999598,0.1981109999178443,0.11250700003984093,48.425862999920355,602112,11.84357599993291,0.25751500004389527,0.04460200000266923,34.03994199993576,802816,12.748428000008971,0.14870799998334405,0.03490200003852806,19.396306999965418,401408,17.416693999962263,0.10170600000947161,0.02440100001876999,0.0,200704,0.0,0.0,0.0,0.0,0
4,chain_4svc,102,80.88161500006663,71.60858600013853,9.273028999928101,2007040,3,27.469168000038735,0.1874099999668033,0.08400399997299246,51.04731299991272,602112,11.931881000009525,0.27221499999541265,0.0429030000077546,36.444279000079405,802816,12.797730000102092,0.1604089999318603,0.03730299999915587,21.692138000048544,401408,19.409806999988177,0.10540600010244816,0.024501999973836064,0.0,200704,0.0,0.0,0.0,0.0,0
4,chain_4svc,103,80.13937199996235,71.043452999902,9.095919000060348,2007040,3,26.282298999944942,0.19961200007401203,0.10610599997562531,51.35913000003711,602112,11.929780999935247,0.26601500007927825,0.05520299998806877,36.728795999920294,802816,12.587117999942166,0.15460800000255404,0.035101999969811004,22.207367000078193,401408,20.244255000079647,0.10630599990690826,0.030201999948076264,0.0,200704,0.0,0.0,0.0,0.0,0
4,chain_4svc,104,79.48723499998778,70.25830699990365,9.228928000084125,2007040,3,26.367503999949804,0.2125130000649733,0.12250700001459336,50.479080000059184,602112,12.036085999966417,0.2682159999949363,0.05270300005122408,35.63643299992236,802816,13.072245999978804,0.15060900000207766,0.0354020000941091,20.65337900000941,401408,18.782471000008627,0.11040599997613754,0.024702000018805848,0.0,200704,0.0,0.0,0.0,0.0,0
4,chain_4svc,105,83.4021580000126,74.27463799990619,9.127520000106415,2007040,3,28.54692900007194,0.2675150000186477,0.11330600000292179,52.41309000007277,602112,14.63253499991879,0.2814160000070842,0.05530300006739708,34.96269400000074,802816,13.233355000011215,0.1562090000106764,0.03500200000416953,19.684123000047293,401408,17.861818999904244,0.12130700008583517,0.0359020000360033,0.0,200704,0.0,0.0,0.0,0.0,0
4,chain_4svc,106,80.36658499997884,71.64418799982286,8.72239700015598,2007040,3,29.41407799994522,0.20051199999215896,0.08860499997354054,48.46546499993565,602112,11.898678999955337,0.2618150000444075,0.04590200001075573,34.0435420000631,802816,12.550415999953657,0.15220800003135082,0.03290200004357757,19.564016000003903,401408,17.781014999968647,0.11150600005294109,0.027601000056165503,0.0,200704,0.0,0.0,0.0,0.0,0
4,chain_4svc,107,78.00604999999905,68.70881999998346,9.297230000015588,2007040,3,26.62681899994368,0.21901299999171897,0.11880700003530364,48.72167999997146,602112,11.927979999995841,0.26391599999442406,0.04900299995824753,34.21275200003038,802816,12.735427000052368,0.15700899996318185,0.03500200000416953,19.536215000016455,401408,17.41859399999157,0.11300700009542197,0.025401000016245234,0.0,200704,0.0,0.0,0.0,0.0,0
4,chain_4svc,108,80.47879100001865,71.02305199998682,9.455739000031826,2007040,3,25.94587999999476,0.2030110000532659,0.11120700003175443,52.069470999981604,602112,12.077388999955474,0.2656149999893387,0.07110399997145578,37.31352900001639,802816,13.104947999977412,0.1596090000930417,0.036501999943538976,22.14506400002847,401408,19.894835000059174,0.10530599990943301,0.02700200002436759,0.0,200704,0.0,0.0,0.0,0.0,0
4,chain_4svc,109,78.86449900001935,69.67977500016787,9.184723999851485,2007040,3,26.480111000068973,0.20411199989212037,0.11000599999988481,49.980352000034145,602112,11.898079000047801,0.2615149999201094,0.0416020000102435,35.40231900001345,802816,13.638178000064727,0.15530899997884262,0.04630299997643306,19.369305000054737,401408,17.663406999986364,0.1069070000312422,0.02530200004002836,0.0,200704,0.0,0.0,0.0,0.0,0
4,chain_4svc,110,76.48616400001629,67.43844699985857,9.047717000157718,2007040,3,26.21359499994469,0.20681199998762168,0.08990599997105164,47.84392999999909,602112,11.79397299995344,0.2642150000156107,0.04430199999205797,33.508812000036414,802816,12.358704999996917,0.14620799993281253,0.03100200001426856,18.8354749999462,401408,17.072173999963525,0.11250700003984093,0.028201000077388017,0.0,200704,0.0,0.0,0.0,0.0,0
4,chain_4svc,111,76.92318900001283,67.69676199985497,9.226427000157855,2007040,3,25.84467399992718,0.20241200002146797,0.08700500006852963,48.73357999997552,602112,11.816073999966648,0.25571500009391457,0.041801999941526446,33.997940000062954,802816,12.42370900001788,0.150807999943936,0.0333020000198303,19.49771299996428,401408,17.612304999943262,0.1094059999786623,0.02700100003494299,0.0,200704,0.0,0.0,0.0,0.0,0
4,chain_4svc,112,77.7172339999197,68.92543300000398,8.791800999915722,2007040,3,26.168093000023873,0.19221099989863433,0.08150500002557237,49.204307000081826,602112,11.869176999994124,0.2642150000156107,0.047001999973872444,34.722081000040816,802816,13.257457000008799,0.15270799997324502,0.031501000080425,19.256299000062427,401408,17.63070599997718,0.10380599997006357,0.025001000039992505,0.0,200704,0.0,0.0,0.0,0.0,0
4,chain_4svc,113,78.3099680000987,69.38425900023049,8.92570899986822,2007040,3,25.87587700008953,0.1968109999097578,0.1170059999822115,50.1378599999498,602112,11.835675000043011,0.26141499995446793,0.04250200004207727,35.76164100002188,802816,13.145650000069509,0.18831099998806167,0.034701999993558275,20.210052999914296,401408,18.527057000028435,0.10830600001554558,0.024400999905083154,0.0,200704,0.0,0.0,0.0,0.0,0
4,chain_4svc,114,78.69378999998844,69.37675900019258,9.317030999795861,2007040,3,26.490411000054337,0.212412999985645,0.1157069999635496,49.598530000025676,602112,11.971083000048566,0.25501400000393915,0.058203999969919096,35.05250000000615,802816,12.572618000035618,0.1625090000061391,0.04900199996882293,20.25975600008678,401408,18.342647000054058,0.10950599994430377,0.025300999936916924,0.0,200704,0.0,0.0,0.0,0.0,0
4,chain_4svc,115,76.56876800001555,67.73896499987586,8.829803000139691,2007040,3,26.037384999995083,0.2049120000719995,0.1037060000044221,48.13164600000164,602112,11.831674999939423,0.2775159999828247,0.04530300009264465,33.642519000068205,802816,12.614620000022114,0.14160799992168904,0.03550200005975057,18.99048400002812,401408,17.25528499991924,0.10400600001503335,0.02440100001876999,0.0,200704,0.0,0.0,0.0,0.0,0
4,chain_4svc,116,84.4982200000004,70.6313290000935,13.8668909999069,2007040,3,26.63341900006344,0.1879109998981221,0.09880599998268735,50.65508999996382,602112,11.844875999940996,0.24671400001352595,0.04120200003399077,36.13786199991864,802816,12.542015000008178,0.15870900006120792,0.03240199998799653,21.414921999962644,401408,19.611019000080887,0.10610599997562531,0.026700999910644896,0.0,200704,0.0,0.0,0.0,0.0,0
4,chain_4svc,117,80.64940099995965,69.67907600005674,10.970324999902914,2007040,3,27.13394900001731,0.2176120000285664,0.118305999990298,50.199164000105156,602112,12.094189999970695,0.2616140000100131,0.04910300003757584,35.410820999913994,802816,12.884535000011965,0.1965110000128334,0.038803000052212155,19.940738000059355,401408,17.56640200005677,0.11610699993980234,0.02650199996878655,0.0,200704,0.0,0.0,0.0,0.0,0
4,chain_4svc,118,78.05905399993662,68.72132000000875,9.337733999927877,2007040,3,26.206995000052302,0.19161099999109865,0.12050700001964287,49.29961300001651,602112,11.88157699994008,0.2714160000323318,0.044002999970871315,35.12630399995942,802816,13.571674999980132,0.15190800002073956,0.038201999927878205,19.390707000070506,401408,17.06107300003623,0.10490600004686712,0.024601999939477537,0.0,200704,0.0,0.0,0.0,0.0,0
4,chain_4svc,119,77.18600400005471,67.9179750000003,9.268029000054412,2007040,3,26.006482999946456,0.18971099996178964,0.11020700003427919,48.69547800001328,602112,11.867477000009785,0.26631499997620267,0.04370199997083546,34.23405299997739,802816,12.777628999970148,0.15190900001016416,0.03540199998042226,19.589817999985826,401408,17.266386000073908,0.10150499997507723,0.02650099997936195,0.0,200704,0.0,0.0,0.0,0.0,0
4,chain_4svc,120,77.26270800003476,67.60205699993094,9.660651000103826,2007040,3,26.237696999942273,0.1934110000547662,0.11110700006611296,48.539969999978894,602112,11.807473999965623,0.26211500005501875,0.049803000024439825,34.219651999933376,802816,12.401907000025858,0.1809109999157954,0.035202000049139315,19.514414000013858,401408,17.154978999997184,0.10320600006252789,0.022600999955102452,0.0,200704,0.0,0.0,0.0,0.0,0
4,chain_4svc,121,76.41065899997557,67.79036700004326,8.620291999932306,2007040,3,26.313101000027928,0.19671099994411634,0.08350500002052286,47.61661599991385,602112,11.845975999904113,0.2969170000142185,0.04690200000823097,33.12969000000976,802816,12.741827000013473,0.15200899997580564,0.03270199999860779,18.533957999920858,401408,16.88946300009775,0.10980699994433962,0.023201999965749565,0.0,200704,0.0,0.0,0.0,0.0,0
4,chain_4svc,122,76.23034899995673,67.24823699983062,8.982112000126108,2007040,3,25.970181999923625,0.19981100001587038,0.07840500006750517,47.80532699999185,602112,11.832374999926287,0.259815000049457,0.048002000085034524,33.426007000002755,802816,12.339704000055463,0.15630899997631786,0.03520199993545248,19.088388999989547,401408,17.10597599992525,0.0985049999826515,0.025502000084998144,0.0,200704,0.0,0.0,0.0,0.0,0
4,chain_4svc,123,77.5115229999983,69.14564499993503,8.365878000063276,2007040,3,25.941880000004858,0.2007119999234419,0.08230399998865323,49.16910500003269,602112,11.873477999984061,0.26801500007422874,0.04380199993647693,34.77258399993843,802816,13.193252999940341,0.15520800002377655,0.031602000035491074,19.81303000002299,401408,18.13703400000577,0.09490599995842786,0.02700200002436759,0.0,200704,0.0,0.0,0.0,0.0,0
4,chain_4svc,124,76.57176800000798,67.89507600012712,8.676691999880859,2007040,3,26.35370400003012,0.2077119999057686,0.07990400001745002,47.75552399996741,602112,11.750371000061932,0.24701399991045037,0.04190200002085476,33.46000900000945,802816,12.642421999998987,0.15770900006373267,0.0320020000117438,18.870376999984728,401408,17.14857900003608,0.10220499996194121,0.024200999973800208,0.0,200704,0.0,0.0,0.0,0.0,0
4,chain_4svc,125,79.31232500004626,69.28385300011541,10.028471999930844,2007040,3,26.37050500004534,0.2103119999219416,0.08930499996040453,50.32807099996717,602112,11.990084000103707,0.28601599990452087,0.04680299991832726,35.7163370000535,802816,13.078046000032373,0.1490089999833799,0.035202000049139315,20.44766599999548,401408,17.845217999933993,0.10170600000947161,0.024202000076911645,0.0,200704,0.0,0.0,0.0,0.0,0
4,chain_4svc,126,77.02169399999548,68.26849400010815,8.753199999887329,2007040,3,25.959381000006942,0.1996119999603252,0.09600500004580681,48.56967099999565,602112,11.875176999978976,0.2542150000408583,0.05140300004313758,34.17034999995394,802816,12.904836000075193,0.15480899992326158,0.03530200001478079,19.289001000061035,401408,17.529100000047038,0.10080599997763784,0.02600099992378091,0.0,200704,0.0,0.0,0.0,0.0,0
4,chain_4svc,127,78.33406900010687,69.03883899997254,9.295230000134325,2007040,3,25.885776999984955,0.21981299994422443,0.0967050000326708,49.90774700002021,602112,11.802772999999434,0.2540149999958885,0.041402000078960555,35.33361600000262,802816,13.089947000025859,0.1632089999930031,0.03350199995111325,20.343759999946087,401408,18.260341999962293,0.10900600000240956,0.02530200004002836,0.0,200704,0.0,0.0,0.0,0.0,0
4,chain_4svc,128,81.0721249999915,71.89900199989552,9.173123000095984,2007040,3,26.749025999947662,0.19431100008659996,0.11820700001408113,51.7420520000087,602112,13.179551999996875,0.28081600009954855,0.06240400000478985,35.812342999975044,802816,13.888491999978214,0.16100900006676966,0.03480199995919975,19.806130000006306,401408,18.081931999972767,0.10030600003574364,0.026300999934392166,0.0,200704,0.0,0.0,0.0,0.0,0
4,chain_4svc,129,80.86311399995338,72.0276089998606,8.83550500009278,2007040,3,29.1389619999336,0.192911000112872,0.11730699998224736,49.27441100005581,602112,12.018285999943146,0.2661150000449197,0.04830299997138354,34.620474999996986,802816,12.543514999947547,0.15690899999754038,0.03580300005978643,20.082246000015402,401408,18.326846000036312,0.09790499996142898,0.025000999926305667,0.0,200704,0.0,0.0,0.0,0.0,0
4,chain_4svc,130,78.1778599999825,68.13338700010263,10.044472999879872,2007040,3,27.126548000069306,0.20421099998202408,0.0811039999462082,48.664976000054594,602112,11.848675999999614,0.25631400001202564,0.05050300001130381,33.97353800005476,802816,12.357905000044411,0.1918109999223816,0.0385030000416009,19.404107000013937,401408,16.8002579999893,0.09440499991342222,0.025101999995058577,0.0,200704,0.0,0.0,0.0,0.0,0
4,chain_4svc,131,78.09645499992257,69.45766400019693,8.638790999725643,2007040,3,26.639420000037717,0.20191099997646234,0.08640500004730711,49.03029800004788,602112,11.896179000018492,0.2791160000015225,0.051103000032526325,34.66687799993906,802816,12.383907000071304,0.1490079999939553,0.03320199994050199,20.44696699999804,401408,18.538158000069416,0.10580599996501405,0.02690099995561468,0.0,200704,0.0,0.0,0.0,0.0,0
4,chain_4svc,132,80.22737700002835,70.30481099991448,9.922566000113875,2007040,3,26.031184999965262,0.2023120000558265,0.0959049999664785,51.66864800003168,602112,12.309201999983088,0.2739159999691765,0.045302999978957814,36.50528299999678,802816,13.13374999995176,0.1544080000712711,0.035602000025392044,20.922693999978037,401408,18.83067400001437,0.10660599991751951,0.02660100005869026,0.0,200704,0.0,0.0,0.0,0.0,0
4,chain_4svc,133,77.90874400006942,69.29815299997699,8.610591000092427,2007040,3,26.652021000018067,0.21131199991941685,0.09570500003519555,48.798983999972734,602112,11.95858199992017,0.267915999984325,0.05350300000372954,34.405862999960846,802816,12.492911999970602,0.16111000002183573,0.0364019999778975,19.976239000015994,401408,18.194638000068153,0.10010500000134925,0.026302000037503603,0.0,200704,0.0,0.0,0.0,0.0,0
4,chain_4svc,134,78.75849300000937,68.78282400020908,9.975668999800291,2007040,3,26.27169800007323,0.20561199994517665,0.11290699990240682,50.00565299997106,602112,11.823375000062697,0.2532139999402716,0.0416020000102435,35.29211399995802,802816,12.485812000022634,0.14730800000961608,0.03480199995919975,20.333660000005693,401408,18.201939000050515,0.09730499994020647,0.026800999989973207,0.0,200704,0.0,0.0,0.0,0.0,0
4,chain_4svc,135,77.93874700007564,69.24225099999148,8.696496000084153,2007040,3,27.820886999961658,0.23271300005944795,0.10210599998572434,47.596415000043635,602112,11.882077999985086,0.26091500001257373,0.05180300001939031,33.20519399994737,802816,12.415309000061825,0.14610799996717105,0.03490199992484122,18.89917800008334,401408,17.123976999982915,0.10080599997763784,0.02430100005312852,0.0,200704,0.0,0.0,0.0,0.0,0
4,chain_4svc,136,76.49966500002847,67.84846999994443,8.651195000084044,2007040,3,25.767669999936516,0.2009109999789871,0.11190700001861842,48.28665499996987,602112,11.98418399997081,0.26531499997872743,0.05490299997745751,33.81112900001426,802816,12.421507999988535,0.15510900004755968,0.035101999969811004,19.465009999976246,401408,17.675108000048567,0.10120599995389057,0.025101999995058577,0.0,200704,0.0,0.0,0.0,0.0,0
4,chain_4svc,137,76.12014300002556,67.50705100012055,8.61309199990501,2007040,3,25.779270000043653,0.20031199994718918,0.08530499997050356,47.870330999899124,602112,11.871077000023433,0.26391500000499946,0.0473029999739083,33.415205999972386,802816,12.468312000009973,0.17630999991524732,0.03700199999912002,19.030885999995917,401408,17.388392000043495,0.09490499996900326,0.025002000029417104,0.0,200704,0.0,0.0,0.0,0.0,0
4,chain_4svc,138,80.43288900000789,71.65098800010128,8.781900999906611,2007040,3,25.976381999953446,0.20091100009267393,0.08780500002103508,51.96416500007217,602112,11.827075000041987,0.257215000033284,0.04260200000771874,37.615845999994235,802816,16.046216000063396,0.1565089999076008,0.03680199995415023,19.62921999995615,401408,17.80131500004245,0.1055059999544028,0.02740200000062032,0.0,200704,0.0,0.0,0.0,0.0,0
4,chain_4svc,139,78.06785399998262,69.0499390000241,9.01791499995852,2007040,3,25.816572000053384,0.19941200002904225,0.08440499993866979,49.803440999994564,602112,12.075088999949912,0.29021700004250306,0.04910200004815124,35.22710899994763,802816,13.627878000079363,0.16150900000866386,0.033401999985471775,19.265999000026568,401408,17.530399999941437,0.10870599999179831,0.02480199998444732,0.0,200704,0.0,0.0,0.0,0.0,0
4,chain_4svc,140,77.83754099989437,68.73062200008917,9.106918999805202,2007040,3,25.95508100000643,0.2035109999951601,0.0845050000179981,49.50092399997175,602112,13.12704899999062,0.29711699994550145,0.04070300008152117,33.54461399999309,802816,12.37460600009399,0.15530899997884262,0.03440199998294702,19.03738600003635,401408,17.27388599999813,0.09900500003823254,0.025500999981886707,0.0,200704,0.0,0.0,0.0,0.0,0
4,chain_4svc,141,77.62302800006182,68.27929599990057,9.343732000161253,2007040,3,25.961880999943787,0.20031200006087602,0.11100599999736005,49.33111499997267,602112,11.831075000031888,0.26631499997620267,0.0512029999981678,34.56477199995334,802816,12.645121999980802,0.14940799997020804,0.034302000017305545,19.811929999946187,401408,17.841217999944092,0.13080700000500656,0.026201999958175293,0.0,200704,0.0,0.0,0.0,0.0,0
4,chain_4svc,142,77.96224800006257,67.6715620001005,10.29068599996208,2007040,3,26.021785000011732,0.19741100004466716,0.07990399990376318,49.26831099999163,602112,11.900479000019004,0.25891500001762324,0.045301999989533215,34.37786199992843,802816,12.537316000020837,0.1593089999687436,0.035101999969811004,19.625020000034965,401408,17.21198200004892,0.10150599996450183,0.023200999976324965,0.0,200704,0.0,0.0,0.0,0.0,0
4,chain_4svc,143,79.24182099998234,69.74747900005696,9.494341999925382,2007040,3,26.04738599995926,0.20891199994821363,0.10850600006051536,50.63118800001121,602112,11.854276000008213,0.26061500000196247,0.04500299996834656,36.17386400003397,802816,14.232012000093164,0.1526079998939167,0.03480199995919975,19.541214000014406,401408,17.61380499999632,0.11310699994737661,0.024200999973800208,0.0,200704,0.0,0.0,0.0,0.0,0
4,chain_4svc,144,76.66687400001138,67.21783600005438,9.449037999957,2007040,3,25.975882000011552,0.20161099996585108,0.08490499999425083,48.385060999976304,602112,11.82357499999398,0.2516140000352607,0.04950200002440397,33.8460309999391,802816,12.303001999953267,0.14490900002783746,0.03900200010775734,19.374306000031538,401408,17.115377000095577,0.10300499991444667,0.025000999926305667,0.0,200704,0.0,0.0,0.0,0.0,0
4,chain_4svc,145,76.92068900007598,67.74976499980312,9.170924000272862,2007040,3,25.807972999928097,0.19661099997847487,0.10390600004939188,48.63857500004087,602112,11.955181999951492,0.2773160000515418,0.04070199997840973,33.86423200004174,802816,12.480011999969065,0.15220900002077542,0.03130100003545522,19.27399900000637,401408,17.506597999954465,0.10270600000694685,0.02480199998444732,0.0,200704,0.0,0.0,0.0,0.0,0
4,chain_4svc,146,77.92634499992346,68.88693200005491,9.039412999868546,2007040,3,26.331602000027488,0.20301099993957905,0.08270499995433056,49.105700999916735,602112,12.008085999923424,0.2598140000600324,0.04280200005268853,34.55717199994979,802816,12.856634000058875,0.1464079999777823,0.03220199994302675,19.510713000045143,401408,17.690610000045126,0.097204999974565,0.024900999960664194,0.0,200704,0.0,0.0,0.0,0.0,0
4,chain_4svc,147,78.12365699999191,67.5937559999511,10.529901000040809,2007040,3,25.74656900003447,0.20051199999215896,0.08440400006293203,49.796141000001626,602112,11.838274999945497,0.27151599999797327,0.09890600006201566,34.947993000059796,802816,12.702125000032538,0.1490079999939553,0.03630200001225603,19.62071900004503,401408,17.306786999938595,0.09820600007515168,0.02520099997127545,0.0,200704,0.0,0.0,0.0,0.0,0
4,chain_4svc,148,76.67867500003922,67.75436600003104,8.92430900000818,2007040,3,25.882676000037463,0.19921199998407246,0.09180600000036065,48.35325900000953,602112,11.94128199995248,0.26661500010050077,0.04410199994708819,33.8747330000615,802816,12.509214000033353,0.14990800002578908,0.03440199998294702,19.157992999907947,401408,17.421194000007745,0.09810599999582337,0.02560099994752818,0.0,200704,0.0,0.0,0.0,0.0,0
4,chain_4svc,149,76.26005099996291,67.83506800013583,8.42498299982708,2007040,3,26.037985000016306,0.1841109999531909,0.08480500002860936,47.927034999929674,602112,12.00338399996781,0.27031599995552824,0.05410300002495205,33.45070800003214,802816,12.455210000098305,0.15570899995509535,0.03260199991927948,19.067087999928845,401408,17.338489000053414,0.0985059999720761,0.025000999926305667,0.0,200704,0.0,0.0,0.0,0.0,0
4,chain_4svc,150,78.6944899999753,70.02359499995237,8.670895000022938,2007040,3,26.092188999996324,0.1906109999936234,0.10360599992509378,50.150660999975116,602112,12.003084999946623,0.2625150000312715,0.04960299997947004,35.546227999930124,802816,14.275413999939701,0.15610900004503492,0.03470200010724511,19.36780500000168,401408,17.652907000069717,0.10570599999937258,0.024900999960664194,0.0,200704,0.0,0.0,0.0,0.0,0
4,chain_4svc,151,76.52066599996488,67.94337500002712,8.577290999937759,2007040,3,25.77317000009316,0.18551099992691888,0.07810499994320708,48.352557999919554,602112,11.902578999979596,0.25751500004389527,0.049802000035015226,33.91773500004547,802816,12.31920199995784,0.15660899998692912,0.037402999964797345,19.68292300000485,401408,17.94842399999652,0.10020599995641533,0.02440100001876999,0.0,200704,0.0,0.0,0.0,0.0,0
4,chain_4svc,152,76.84318400004031,67.82026900009441,9.022914999945897,2007040,3,25.912778000019898,0.1996109999709006,0.07840499995381833,48.4823660000302,602112,11.989884000058737,0.2699149999898509,0.04580299992085202,33.99323899998308,802816,12.345903999971597,0.1529090000076394,0.034201999937977234,19.274100000075123,401408,17.57170300004418,0.10020499996699073,0.02440100001876999,0.0,200704,0.0,0.0,0.0,0.0,0
4,chain_4svc,153,77.6864319999504,68.72172099986074,8.964711000089665,2007040,3,26.32410199998958,0.1926109999885739,0.1139070000135689,48.88198900005136,602112,11.915179999959946,0.2727160000404183,0.05810300001485302,34.40536300001895,802816,12.408807999918281,0.15130899998894165,0.030401000003621448,19.82343099996342,401408,18.07363099999293,0.10260599992761854,0.024802000098134158,0.0,200704,0.0,0.0,0.0,0.0,0
4,chain_4svc,154,78.01145000007637,68.40900299994246,9.602447000133907,2007040,3,26.358404000006885,0.20491099996888806,0.10990600003424333,49.34281500004545,602112,11.900379000053363,0.2674149999393194,0.04240299995217356,34.529570000017884,802816,12.545515999931922,0.15150800004448683,0.0346020000279168,19.56291700003021,401408,17.60470399995029,0.10270600000694685,0.02430099993944168,0.0,200704,0.0,0.0,0.0,0.0,0
4,chain_4svc,155,77.88934400002745,68.115186,9.774158000027455,2007040,3,26.026283999954103,0.22551300003215147,0.11370699996859912,49.305113000059464,602112,11.919880000050398,0.24521399996046966,0.05130299996380927,34.57007299994075,802816,12.57471799999621,0.15450900002633716,0.04010199995718722,19.713724999974147,401408,17.594303999999283,0.10270600000694685,0.024601000063739775,0.0,200704,0.0,0.0,0.0,0.0,0
4,chain_4svc,156,75.95523400004822,67.05102500006888,8.904208999979346,2007040,3,25.687766000032752,0.20691199995326315,0.11030600001049606,47.82322899995961,602112,11.898677999965912,0.25751500004389527,0.04480300003706361,33.32280099994023,802816,12.312702000031095,0.14920899991466285,0.030002000016793318,18.85977599999933,401408,17.151879000039116,0.09830499993768171,0.02480099999502272,0.0,200704,0.0,0.0,0.0,0.0,0
4,chain_4svc,157,76.26355100001092,67.53125199998067,8.732299000030253,2007040,3,26.131290999956036,0.20101200004774,0.11120600004232983,47.68192100004853,602112,11.920379999992292,0.25871499997265346,0.04820300000574207,33.128990000022895,802816,12.310501999991175,0.15220899990708858,0.03290200004357757,18.833173999951214,401408,17.169079000041165,0.09920599995894008,0.024201999963224807,0.0,200704,0.0,0.0,0.0,0.0,0
4,chain_4svc,158,79.34182700000747,70.48882100002629,8.853005999981178,2007040,3,26.070786999980555,0.18401099998754944,0.11420600003475556,50.85260099997413,602112,12.619718999985707,0.2591149999489062,0.06150400008664292,35.65293399992697,802816,12.59521899999072,0.14940799997020804,0.03420200005166407,20.843689000002996,401408,19.20309600006931,0.10870599999179831,0.02440100001876999,0.0,200704,0.0,0.0,0.0,0.0,0
4,chain_4svc,159,77.57282600005055,68.95423299988579,8.618593000164765,2007040,3,25.821472999950856,0.18931100009922375,0.10960600002363208,49.37051699994299,602112,11.928579999903377,0.2642150000156107,0.04260299999714334,34.868289000087316,802816,13.46676799994384,0.1549090000025899,0.03240199998799653,19.504712999946605,401408,17.737412000087716,0.10090599994327931,0.02470099991569441,0.0,200704,0.0,0.0,0.0,0.0,0
4,chain_4svc,160,75.72382000000744,67.27183799989689,8.451982000110547,2007040,3,25.860875000034866,0.21551300005739904,0.12000699996406183,47.5524129999485,602112,11.834174999989955,0.2558139999564446,0.04590300000018033,33.18339299994477,802816,12.320902999931604,0.15560899998945388,0.03340200009915861,18.95958199997949,401408,17.255884999940463,0.09550499999022577,0.024901000074351032,0.0,200704,0.0,0.0,0.0,0.0,0
4,chain_4svc,161,76.69107499998518,67.16453300009562,9.52654199988956,2007040,3,25.675265000018044,0.21521199994367635,0.08230499997807783,48.6465760000101,602112,11.898578999989695,0.26391500000499946,0.04110199995466246,34.14614799999072,802816,12.313103000110459,0.15190799990705273,0.03500199989048269,19.005183999979636,401408,17.27758599997742,0.10260500005188078,0.026201999958175293,0.0,200704,0.0,0.0,0.0,0.0,0
4,chain_4svc,162,77.34841299998152,68.60221399995226,8.746199000029264,2007040,3,26.20249500000682,0.19281100003354368,0.08400499996241706,48.76158199999736,602112,11.869077000028483,0.2609149998988869,0.05090299998755654,34.28165599996191,802816,13.232254999934412,0.1529090000076394,0.033801999961724505,19.12829100001545,401408,17.29838699998254,0.10460600003625586,0.025300999936916924,0.0,200704,0.0,0.0,0.0,0.0,0
4,chain_4svc,163,76.63767299993651,67.75986499997089,8.877807999965626,2007040,3,25.847773999998935,0.1874109999562279,0.08120500001496112,48.343257999931666,602112,12.077288999989833,0.27501600004598004,0.04880300002696458,33.61551800003326,802816,12.413307999963763,0.1464079999777823,0.0328020000779361,19.13909200004582,401408,17.421494000018356,0.09820599996146484,0.026200999968750693,0.0,200704,0.0,0.0,0.0,0.0,0
4,chain_4svc,164,76.99249199993119,67.87277199998698,9.11971999994421,2007040,3,26.175193000085528,0.23281299991140258,0.10650599995187804,48.32255700000587,602112,11.85867699996379,0.2734150000378577,0.041402000078960555,33.58141599994724,802816,12.534614999935911,0.15500899996823136,0.03340200009915861,18.988183000033132,401408,17.30428700000175,0.11440700006914994,0.02560199993695278,0.0,200704,0.0,0.0,0.0,0.0,0
4,chain_4svc,165,77.15818400004082,68.34788300000127,8.810301000039544,2007040,3,26.03128500004459,0.20161199995527568,0.10970599998927355,48.7388630000396,602112,11.8499760000077,0.2642149999019239,0.05090300010124338,34.299139999916406,802816,12.9146369999944,0.15120800003387558,0.03550200005975057,19.35358699995504,401408,17.551984999954584,0.09220499998718878,0.025202000074386888,0.0,200704,0.0,0.0,0.0,0.0,0
4,chain_4svc,166,76.40878600000178,67.57818999994925,8.830596000052537,2007040,3,25.999857999977394,0.1939109999966604,0.07990500000687462,48.11329799997566,602112,11.905967999950917,0.2624140000762054,0.05130299996380927,33.59248399999615,802816,12.42259700006798,0.15530799998941802,0.031601999921804236,19.21067800003584,401408,17.249766999952953,0.11140700007672422,0.02440100001876999,0.0,200704,0.0,0.0,0.0,0.0,0
4,chain_4svc,167,77.19522999991568,68.53774399996837,8.657485999947312,2007040,3,25.995957999953134,0.1986110000871122,0.11170599998422404,48.74323399997138,602112,11.964571000021351,0.2744149999216461,0.06560400004218536,34.22611999997116,802816,13.339148000000023,0.1575090000187629,0.034302000017305545,18.942462000040905,401408,17.238066999993862,0.11150599993925425,0.024101000008158735,0.0,200704,0.0,0.0,0.0,0.0,0
4,chain_4svc,168,82.83154599996578,73.67493199990349,9.15661400006229,2007040,3,26.48988599992208,0.19761100008963695,0.09340500002963381,54.01332899998579,602112,12.339691999954994,0.27021599998988677,0.06030300005477329,38.94638400004169,802816,16.79834200001551,0.1784099999895261,0.04310300005272438,19.964920000006714,401408,18.04701200001091,0.10160500005440554,0.025402000005669834,0.0,200704,0.0,0.0,0.0,0.0,0
4,chain_4svc,169,77.13482600001953,68.29052999989926,8.844296000120266,2007040,3,26.809403000015664,0.24211400000240246,0.10730600001807034,47.740677999968284,602112,11.873665999928562,0.25631500000145024,0.05060200010120752,33.36787099999583,802816,12.431598000034683,0.15570799996567075,0.037401999975372746,18.83075600005668,401408,17.175862999920355,0.10960600002363208,0.02390200006630039,0.0,200704,0.0,0.0,0.0,0.0,0
4,chain_4svc,170,78.33439299997735,69.37719300003664,8.957199999940713,2007040,3,26.262473000087994,0.1965110000128334,0.10270599989326001,49.54707900003541,602112,12.097878999952627,0.2507140000034269,0.04700299996329704,34.816853000052106,802816,13.78497400003198,0.1614090000430224,0.035501999946063734,18.908761000034247,401408,17.23186699996404,0.12060599999585975,0.026001000037467747,0.0,200704,0.0,0.0,0.0,0.0,0
4,chain_4svc,171,80.2824029999556,71.39960299991799,8.882800000037605,2007040,3,26.205768999943757,0.20271200003207923,0.1094069999680869,51.703500000030544,602112,11.837163999985023,0.26441499994689366,0.04440200007138628,37.14018400000896,802816,13.943182000048182,0.2806159999408919,0.040902000023379514,21.108884000000216,401408,19.413487999941026,0.10470600000189734,0.02660200004811486,0.0,200704,0.0,0.0,0.0,0.0,0
4,chain_4svc,172,76.65950000000521,67.47558400002163,9.183915999983583,2007040,3,26.060762000042814,0.2020109999421038,0.09090499997910229,48.22850499999731,602112,11.892666999983703,0.25001400001656293,0.045402000068861526,33.726291999983005,802816,12.489999999957035,0.15530899997884262,0.06140400000731461,18.704349000017828,401408,17.032155000038074,0.10480599996753881,0.025700999913169653,0.0,200704,0.0,0.0,0.0,0.0,0
4,chain_4svc,173,75.91165700000602,67.28717299995424,8.62448400005178,2007040,3,26.096464000033848,0.2014109999208813,0.07690400002502429,47.38315700001294,602112,11.9038670000009,0.258615000007012,0.03950300003907614,32.97695000003387,802816,12.295388999973511,0.15690899999754038,0.045302999978957814,18.782654000006005,401408,16.991452999945977,0.10870599999179831,0.023701000031906005,0.0,200704,0.0,0.0,0.0,0.0,0
4,chain_4svc,174,75.761148999959,66.67054000001826,9.090608999940741,2007040,3,25.664839999990363,0.1991110000290064,0.10170500002004701,47.693074999983764,602112,11.819062999961716,0.2572140000438594,0.04900299995824753,33.398673000078816,802816,12.338092000049983,0.1476079999065405,0.03440199998294702,18.991464999999152,401408,16.848545000016202,0.10850599994682852,0.02520099997127545,0.0,200704,0.0,0.0,0.0,0.0,0
4,chain_4svc,175,77.45644399994944,68.66185100011535,8.794592999834094,2007040,3,25.609236000036617,0.20191099997646234,0.07960499999626336,49.539978999973755,602112,11.882565999940198,0.2523150000115493,0.05100300006688485,35.13196999995216,802816,12.438798000061979,0.14740799997525755,0.03240199998799653,20.496449999996003,401408,18.731251000076554,0.10640599998623657,0.025800999992497964,0.0,200704,0.0,0.0,0.0,0.0,0
4,chain_4svc,176,76.89401300001464,68.00761500005592,8.886397999958717,2007040,3,26.23917200003234,0.20231099995271506,0.08180499992249679,48.04239499992491,602112,11.810263000029408,0.25351399995088286,0.04970300005879835,33.74079200000324,802816,12.477300000000469,0.15170799997576978,0.03800199999659526,19.228677999990396,401408,17.480879999993704,0.10320600006252789,0.02570200001628109,0.0,200704,0.0,0.0,0.0,0.0,0
4,chain_4svc,177,77.50004700005775,68.46113999995396,9.03890700010379,2007040,3,26.237371999968673,0.20131100006892666,0.10620600005495362,48.988246999897456,602112,11.94356999997126,0.25751400005447067,0.04900299995824753,34.40442900000562,802816,12.549104000072475,0.14980799994646077,0.03590199992231646,19.743607999998858,401408,17.73109399994155,0.11060700001053192,0.025801999981922563,0.0,200704,0.0,0.0,0.0,0.0,0
4,chain_4svc,178,80.680325000003,71.60071399994195,9.07961100006105,2007040,3,26.107864000096015,0.21961199990983005,0.08030499998312735,52.307834000089315,602112,13.825574999941637,0.32531800002288946,0.04120300002341537,35.54099399991628,802816,13.845075999938672,0.18541100007496425,0.03250200006732484,19.594399000084195,401408,17.82219899996562,0.10520599994379154,0.024602000053164375,0.0,200704,0.0,0.0,0.0,0.0,0
4,chain_4svc,179,76.54979300002651,67.94731200000115,8.602481000025364,2007040,3,26.118464999967728,0.2028110000082961,0.12080700003025413,48.21080399995026,602112,11.902068000040344,0.24761399993167288,0.041701999975884974,33.805795999910515,802816,12.476200000037352,0.14720799993028777,0.036002000001644774,19.155275000002803,401408,17.450578999955724,0.10650600006556488,0.025601000061215018,0.0,200704,0.0,0.0,0.0,0.0,0
4,chain_4svc,180,77.6064529999303,68.70135400015442,8.905098999775873,2007040,3,26.155867000056787,0.1945110000178829,0.07890500000939937,49.0484510000897,602112,12.021875000073123,0.2519139999321851,0.044001999981446716,34.314125000037166,802816,13.239343000009285,0.16860900007031887,0.03400199989300745,19.044468000060988,401408,17.28426900001523,0.10570599999937258,0.02690199994503928,0.0,200704,0.0,0.0,0.0,0.0,0
4,chain_4svc,181,76.92251399998895,67.77200099986658,9.150513000122373,2007040,3,25.981156999932864,0.20181100001082086,0.08250500002304761,48.46961900000224,602112,11.730058000011923,0.258615000007012,0.04850200002692873,34.044308999909845,802816,12.906423999993422,0.1523079999969923,0.03270199999860779,18.875259000083133,401408,17.15436199992837,0.10470600000189734,0.024201000087487046,0.0,200704,0.0,0.0,0.0,0.0,0
4,chain_4svc,182,75.73364799998217,66.8341479999981,8.899499999984073,2007040,3,25.931553999953394,0.1971110000340559,0.08730499996545404,47.61126999994758,602112,11.767759999997907,0.276416000019708,0.046101999942038674,32.99945100002333,802816,12.301790000037727,0.14410799997222057,0.03940199997032323,18.379530999936833,401408,16.833044000009068,0.10650600006556488,0.02440200000819459,0.0,200704,0.0,0.0,0.0,0.0,0
4,chain_4svc,183,77.91997100002845,68.26782899997852,9.652142000049935,2007040,3,26.391379999950004,0.22301299998161994,0.11280600006102759,49.176557999999204,602112,11.861065000061899,0.2634149999494184,0.05030299996633403,34.474434000003384,802816,12.657709999984945,0.15740900005312142,0.03360099992733012,19.40488800005369,401408,17.35767399998167,0.10700600000745908,0.02520100008496229,0.0,200704,0.0,0.0,0.0,0.0,0
4,chain_4svc,184,80.12979499994799,70.2283380001063,9.901456999841685,2007040,3,26.142766000020856,0.19731099996533885,0.11300599999231054,51.63309600004595,602112,12.04907600003935,0.28051499998582585,0.05400299994562374,36.54174899997997,802816,13.567061000003378,0.15850900001623813,0.0364019999778975,20.827069000006304,401408,18.469435000042722,0.10740599998371181,0.02520199996070005,0.0,200704,0.0,0.0,0.0,0.0,0
4,chain_4svc,185,80.0147879999713,70.45185200001924,9.56293599995206,2007040,3,26.137366000057227,0.20431199993709015,0.1107059999867488,51.33507899995493,602112,11.93666899996515,0.3178179999849817,0.05370300004869932,36.70115900001747,802816,14.310903000023245,0.15740799995000998,0.033401999985471775,20.264437000037105,401408,18.06691399997362,0.11530599999787228,0.02870100001928222,0.0,200704,0.0,0.0,0.0,0.0,0
4,chain_4svc,186,79.11463699997512,69.42799499984176,9.68664200013336,2007040,3,26.324876999979097,0.19601099995725235,0.08650500001294859,50.42652800000269,602112,11.887166999940746,0.2610139999887906,0.05440300003556331,35.99381899994114,802816,12.55490399989867,0.5557310000767757,0.03450200006227533,20.92447400002584,401408,18.661047000023245,0.10830599990185874,0.031702000001132546,0.0,200704,0.0,0.0,0.0,0.0,0
4,chain_4svc,187,77.47344599999906,68.16432300001907,9.30912299997999,2007040,3,26.53068799997982,0.19691099998908612,0.07960400000683876,48.658530000011524,602112,11.974372000054245,0.25421399993774685,0.049301999979434186,33.82429800001319,802816,12.535403000015322,0.1542090000157259,0.03670199998850876,19.163875000003827,401408,17.12385999996968,0.10840599998118705,0.024501999973836064,0.0,200704,0.0,0.0,0.0,0.0,0
4,chain_4svc,188,76.13847100003568,67.31267599991497,8.825795000120706,2007040,3,25.89715299995987,0.19360999999662454,0.11020600004485459,47.97329100006209,602112,11.914767999996911,0.25381500006460556,0.04380199993647693,33.44847599998957,802816,12.489300999959596,0.15500799997880677,0.03580200007036183,18.728050000049734,401408,17.011453999998594,0.11640599996098899,0.025801999981922563,0.0,200704,0.0,0.0,0.0,0.0,0
4,chain_4svc,189,77.08782400004566,68.22152600000209,8.866298000043571,2007040,3,26.509486999998444,0.20471100003760512,0.08520500000486209,48.352411999985634,602112,11.797961000070245,0.2887169999894468,0.04950300001382857,33.62138599993614,802816,12.830020000023978,0.15270799997324502,0.03270199999860779,18.771852999975636,401408,17.08405799990942,0.1006050000569303,0.02350200009004766,0.0,200704,0.0,0.0,0.0,0.0,0
4,chain_4svc,190,77.0773230000259,68.45263899992915,8.62468400009675,2007040,3,25.76804499994978,0.19141099994612887,0.1012060000675774,48.974946999919666,602112,12.06957700003386,0.27141499992922036,0.04700299996329704,34.40933000001678,802816,13.134736999973029,0.14390800004093762,0.04040200008148531,19.16837500004931,401408,17.48027999997248,0.10300600001755811,0.025900999958139437,0.0,200704,0.0,0.0,0.0,0.0,0
4,chain_4svc,191,77.3500379999632,68.8132590000805,8.5367789998827,2007040,3,26.185368000028575,0.2002119999815477,0.11000599999988481,48.739733000047636,602112,12.117579000005207,0.2732159999823125,0.0499029999900813,33.96610499999042,802816,12.61250800007474,0.13020699998378404,0.03400200000669429,19.59499899999173,401408,17.897803999971984,0.1077060001080099,0.027000999921256152,0.0,200704,0.0,0.0,0.0,0.0,0
4,chain_4svc,192,77.8143640000053,69.01837199984584,8.795992000159458,2007040,3,26.420381999969322,0.2048110000032466,0.1126060000160578,49.096753999947396,602112,11.992472999963866,0.2871159999813244,0.04210200006582454,34.64934400005859,802816,13.136637000002338,0.1739089999546195,0.03500200000416953,19.29158199993708,401408,17.468879999910314,0.11220600003980508,0.025401000016245234,0.0,200704,0.0,0.0,0.0,0.0,0
4,chain_4svc,193,80.97404199997982,70.7810699999527,10.192972000027112,2007040,3,26.387679999970715,0.19871100005275366,0.11280599994734075,52.140024000095764,602112,11.969471999918824,0.25831400000697613,0.044102000060775026,37.261889999967934,802816,14.154594000046927,0.1708089999965523,0.040402999957223074,20.91187300004549,401408,18.26932400001624,0.10630600002059509,0.025301999926341523,0.0,200704,0.0,0.0,0.0,0.0,0
4,chain_4svc,194,79.35205100000076,70.05472900004861,9.297321999952146,2007040,3,26.381080000078327,0.2412129999811441,0.1003059999220568,50.25601900001675,602112,12.146181000048273,0.27541500003280817,0.049702999945111515,35.46759000005295,802816,13.762771999950019,0.15250900003138668,0.034302000017305545,19.442291000018486,401408,17.76469599997199,0.10850600006051536,0.02650199996878655,0.0,200704,0.0,0.0,0.0,0.0,0
4,chain_4svc,195,82.73303999999371,73.63142899987452,9.101611000119192,2007040,3,26.27407399995718,0.21531200002300466,0.09260500007712835,53.98302700007207,602112,13.17073799998525,0.2551149999590052,0.06850399995528278,38.19094200002837,802816,12.810317999992549,0.15270899996266962,0.03530200001478079,23.086294999984602,401408,21.376298999939536,0.10410600009436166,0.025001000039992505,0.0,200704,0.0,0.0,0.0,0.0,0
4,chain_4svc,196,79.61046499997337,69.95252299998356,9.657941999989816,2007040,3,26.486184999953366,0.20311200000833196,0.10960600002363208,50.70284399994307,602112,11.937869000007595,0.2693149999686284,0.04390300000522984,35.78020700001616,802816,12.70451300001696,0.15970899994499632,0.035101999969811004,20.826668000040627,401408,18.823956000005637,0.10880599995743978,0.02610100000310922,0.0,200704,0.0,0.0,0.0,0.0,0
4,chain_4svc,197,79.85977900000307,70.50155400008862,9.358224999914455,2007040,3,26.333977000035702,0.19161099999109865,0.11230600000544655,51.17097099991952,602112,11.874465999994754,0.27061500009040174,0.05050300001130381,36.23383299998295,802816,12.683210999966832,0.15820900000562688,0.036502000057225814,21.335597000074813,401408,19.60990000009133,0.10220599995136581,0.02650099997936195,0.0,200704,0.0,0.0,0.0,0.0,0
4,chain_4svc,198,79.96708600001057,70.3073439998434,9.65974200016717,2007040,3,27.239828000006128,0.20781199998509692,0.10580499997558945,50.25011899999754,602112,11.79736199992476,0.25581400007013144,0.05610300001990254,35.45828899996195,802816,12.75771599989639,0.16050900001118862,0.033002000009219046,20.546652999996695,401408,18.512438000016118,0.10200600002008287,0.025501999971311307,0.0,200704,0.0,0.0,0.0,0.0,0
4,chain_4svc,199,80.17039599997133,71.33000099997844,8.840394999992895,2007040,3,29.618360999961624,0.341119000040635,0.07640500007255469,48.06599599999117,602112,11.871566000081657,0.2564149999670917,0.040001999991545745,33.56308200000058,802816,12.492600999962633,0.15350900002886192,0.03450099995916389,19.043767999960437,401408,17.347472999972524,0.10660600003120635,0.024201999963224807,0.0,200704,0.0,0.0,0.0,0.0,0
4,chain_4svc,200,77.80116399999315,69.0771729999824,8.723991000010756,2007040,3,25.787946000036754,0.2020119999315284,0.08510500003922061,49.660684999935256,602112,11.754958999972587,0.26651500002117245,0.04440300006081088,35.29397899990272,802816,14.145192999990286,0.15690899999754038,0.03480199995919975,19.12007199996424,401408,17.389074999982768,0.09440600001653365,0.024101000008158735,0.0,200704,0.0,0.0,0.0,0.0,0
5,chain_4svc,1,75.73075200002677,67.08706599999914,8.643686000027628,2007040,3,25.647939999998925,0.19841099992845557,0.07810400006746931,47.546870000019226,602112,11.789762000034898,0.2642150000156107,0.04880200003753998,33.17036199996437,802816,12.401295999893591,0.1568090000318989,0.0333020000198303,18.914561999963553,401408,17.248068000071726,0.10630599990690826,0.023301999931391038,0.0,200704,0.0,0.0,0.0,0.0,0
5,chain_4svc,2,76.71490799998537,67.98741899990546,8.727489000079913,2007040,3,26.053263000108018,0.2064109999082575,0.10100599990892078,48.19030600003771,602112,11.977972999943631,0.2662140000211366,0.04930300008254562,33.575584999994135,802816,12.918725999952585,0.15450800003691256,0.031500999966738163,18.741851999948267,401408,17.037456999901224,0.10840600009487389,0.023701000031906005,0.0,200704,0.0,0.0,0.0,0.0,0
5,chain_4svc,3,75.40613399999074,66.92255799998748,8.483576000003268,2007040,3,26.087664999977278,0.20711199999823293,0.10810600008426263,46.90103400002954,602112,11.739758999965488,0.25521500003833353,0.03890200002842903,32.642132999967544,802816,12.314891000073658,0.17980999996325409,0.0320020000117438,18.439636000039172,401408,16.78024299997105,0.10300500002813351,0.031201000069813745,0.0,200704,0.0,0.0,0.0,0.0,0
5,chain_4svc,4,76.56849900001816,68.08692299989616,8.481576000122004,2007040,3,25.316020999980537,0.19471099994916585,0.1056060000337311,48.86664399998608,602112,11.868966999941222,0.2657140000792424,0.03950200004965154,34.44503399998666,802816,12.764116999960606,0.1568090000318989,0.03680199995415023,19.847014999982093,401408,18.137818000013795,0.10670599999684782,0.024701000029381248,0.0,200704,0.0,0.0,0.0,0.0,0
5,chain_4svc,5,76.21738000000278,67.70510199987712,8.512278000125661,2007040,3,25.915954999959467,0.20121099998959835,0.10620600005495362,47.95579300002828,602112,11.814963000006173,0.26321500001813547,0.038302000007206516,33.64839000005304,802816,12.89732499992624,0.15370799997072027,0.0437020000845223,18.792555999993965,401408,17.076858999985234,0.10770599999432307,0.02520099997127545,0.0,200704,0.0,0.0,0.0,0.0,0
5,chain_4svc,6,76.60220200000367,67.93451400005779,8.667687999945883,2007040,3,26.08666500009349,0.1952110000047469,0.11190599991550698,48.14450300000317,602112,11.882266999919011,0.30551800000466756,0.048402000061287254,33.52448300006472,802816,12.757316000033825,0.1492080000389251,0.03100200001426856,18.932062999965638,401408,17.208266000011463,0.10430600002564461,0.02380099999754748,0.0,200704,0.0,0.0,0.0,0.0,0
5,chain_4svc,7,77.04782600001181,68.21923100005733,8.828594999954475,2007040,3,26.097864999997,0.25181400008023047,0.08790499998667656,48.61562999997204,602112,11.84166500001993,0.26271499996255443,0.04980299991075299,34.030011000027116,802816,12.940826999965793,0.15820900000562688,0.03500100001474493,19.126374000052238,401408,17.33887400007461,0.10920599993369251,0.024101000008158735,0.0,200704,0.0,0.0,0.0,0.0,0
5,chain_4svc,8,77.16853300007642,68.61795199984044,8.55058100023598,2007040,3,25.77994699993269,0.20551199997953518,0.1064060000999234,48.945548000006056,602112,12.072577999902023,0.2642150000156107,0.04930300008254562,34.315626999955384,802816,12.347793000003549,0.1567089999525706,0.0320020000117438,20.12412999999924,401408,18.41763400000218,0.10390600004939188,0.02430099993944168,0.0,200704,0.0,0.0,0.0,0.0,0
5,chain_4svc,9,75.7406530000253,67.39558400010992,8.345068999915384,2007040,3,25.65484000001561,0.19201099996735138,0.08240500005740614,47.81688499997472,602112,11.83976499999062,0.2644150000605805,0.03940199997032323,33.4178759999304,802816,12.72821500003829,0.17420999995465536,0.03210099998796068,18.784255000014127,401408,17.1727640000654,0.10910599996805104,0.02570200001628109,0.0,200704,0.0,0.0,0.0,0.0,0
5,chain_4svc,10,76.3686880000023,67.6865010000256,8.682186999976693,2007040,3,26.36698100002377,0.2002109999921231,0.07370399998762878,47.44686399999409,602112,11.797763000004124,0.26061400001253787,0.04820200001631747,33.26226799993037,802816,12.326791999953457,0.15670900006625743,0.033401999985471775,19.06226999994942,401408,17.19496500004425,0.11270599998169928,0.02260199994452705,0.0,200704,0.0,0.0,0.0,0.0,0
5,chain_4svc,11,76.58790100003898,67.46488999999656,9.123011000042425,2007040,3,25.863153000045713,0.20381100000577135,0.1081059999705758,48.339413999997305,602112,11.994773999958852,0.26001499998073996,0.051602000098682765,33.70249199997488,802816,12.391295999918839,0.1575090000187629,0.03400200000669429,19.34748700000455,401408,17.215667000073154,0.10650599995187804,0.024101000008158735,0.0,200704,0.0,0.0,0.0,0.0,0
5,chain_4svc,12,78.19068999992851,68.56485000002976,9.625839999898744,2007040,3,26.419883000016853,0.1965110000128334,0.08160499999121384,49.24476499991215,602112,11.973373000046195,0.25741399997514236,0.04410199994708819,34.40243200009263,802816,12.536503999967863,0.15710900004251016,0.03540199998042226,20.007523999993282,401408,17.635089999998854,0.10710599997310055,0.026201999958175293,0.0,200704,0.0,0.0,0.0,0.0,0
5,chain_4svc,13,79.04843799997252,68.97757399997317,10.070863999999347,2007040,3,26.538189999996575,0.19901099994967808,0.11020600004485459,49.99540700009675,602112,11.985073000005286,0.2826159999358424,0.04960299997947004,35.07956999999351,802816,12.925025999948048,0.1523079999969923,0.033502000064800086,19.634902999996484,401408,17.529285000023265,0.10380599997006357,0.02610100000310922,0.0,200704,0.0,0.0,0.0,0.0,0
5,chain_4svc,14,79.57066800008761,69.918626000117,9.652041999970606,2007040,3,27.70805600005133,0.2061110000113331,0.07780499993259582,49.44657700002608,602112,11.93226999998842,0.2876159999232186,0.043303000097694166,34.91966100000354,802816,12.988429000074575,0.15300899997328088,0.03580199995667499,19.72060799994324,401408,17.289871000002677,0.10080599997763784,0.024001000042517262,0.0,200704,0.0,0.0,0.0,0.0,0
5,chain_4svc,15,75.73365300004298,67.26517699996748,8.468476000075498,2007040,3,26.15826900000684,0.2020109999421038,0.11120600004232983,47.16884799995569,602112,11.838364000027468,0.25621499992212193,0.043102999939037545,32.793942000012066,802816,12.430397999992238,0.15410800006065983,0.03580199995667499,18.558143000063865,401408,16.838145999940934,0.11200599999483529,0.024201000087487046,0.0,200704,0.0,0.0,0.0,0.0,0
5,chain_4svc,16,79.42045999993752,70.44625699995777,8.974202999979752,2007040,3,26.08476500006418,0.20891199994821363,0.10830600001554558,50.93285999998898,602112,12.222186999906626,0.2611140000681189,0.047102000053200754,35.880014999975174,802816,14.832032999947842,0.16720999997232866,0.03350100007537549,19.089372000053118,401408,17.30727200003912,0.10870599999179831,0.023601000066264533,0.0,200704,0.0,0.0,0.0,0.0,0
5,chain_4svc,17,78.95843400001468,69.46000099992489,9.49843300008979,2007040,3,26.092365999943468,0.20581100000072183,0.08490400000482623,50.602240999978676,602112,12.055176999979267,0.26391500000499946,0.042701999973360216,35.60809999999037,802816,13.592562999974689,0.15190900001016416,0.03290200004357757,20.06462700001066,401408,17.719895000027464,0.10580599996501405,0.02520099997127545,0.0,200704,0.0,0.0,0.0,0.0,0
5,chain_4svc,18,77.41624699997374,68.72465900005409,8.691587999919648,2007040,3,26.131566999993083,0.20951199996943615,0.08120500001496112,48.83984299999611,602112,11.917469000081837,0.25881499993829493,0.04490199989959365,34.327028000006976,802816,12.318191999952433,0.1562080000212518,0.030002000016793318,20.16853300006005,401408,18.357431000026736,0.11950600003274303,0.023500999986936222,0.0,200704,0.0,0.0,0.0,0.0,0
5,chain_4svc,19,80.22800499998084,71.60562199987908,8.622383000101763,2007040,3,26.038062999987233,0.23491299998568138,0.07810400006746931,51.6947019999634,602112,11.857465999923988,0.25131400002464943,0.056403000030513795,37.293994000037856,802816,14.490713999975924,0.15870900006120792,0.03540199998042226,20.898474000091483,401408,19.219378999991932,0.10640599998623657,0.02390199995261355,0.0,200704,0.0,0.0,0.0,0.0,0
5,chain_4svc,20,75.73325300006672,67.20577500004765,8.527478000019073,2007040,3,25.796549000006053,0.21121099996435078,0.1081059999705758,47.453064000023915,602112,11.816363999969326,0.26201399998626584,0.041402000078960555,33.17416300001241,802816,12.395196000056785,0.1510079999889058,0.03310199997486052,18.854457999964325,401408,17.197666000015488,0.10260599992761854,0.02290099996571371,0.0,200704,0.0,0.0,0.0,0.0,0
5,chain_4svc,21,88.15985100000034,78.43530399998144,9.724547000018902,2007040,3,27.457742000024155,0.19851100000778388,0.0990049999245457,58.29857300000185,602112,15.7914860000119,0.3237189999936163,0.0561039998956403,39.146598000002086,802816,18.14941899999667,0.20211200001085672,0.03970199998093449,18.835658000057265,401408,17.03665699994872,0.10900600000240956,0.024500999984411465,0.0,200704,0.0,0.0,0.0,0.0,0
5,chain_4svc,22,78.7820240000201,68.99487299995144,9.787151000068661,2007040,3,26.12156599991522,0.20101200004774,0.10180599997511308,50.1903179999772,602112,12.060977000032835,0.273816000003535,0.06420299996534595,35.06156799994642,802816,12.348793000001024,0.1578089999156873,0.03570199999103352,20.43064700001196,401408,18.46353700000236,0.10880599995743978,0.026001000037467747,0.0,200704,0.0,0.0,0.0,0.0,0
5,chain_4svc,23,76.50289600007909,67.71550299993123,8.787393000147858,2007040,3,26.109066000003622,0.19891100009772344,0.10540599998876132,47.97239399999853,602112,11.882767999964017,0.26411400006054464,0.03930200000468176,33.76969599992208,802816,12.640410000017255,0.14800799999648007,0.0364019999778975,19.015967999962413,401408,17.083258999946338,0.10940600009234913,0.02520199996070005,0.0,200704,0.0,0.0,0.0,0.0,0
5,chain_4svc,24,78.59211300001334,68.87426800005869,9.71784499995465,2007040,3,26.40088199996171,0.21141199999874516,0.10480600008122565,49.40597400002389,602112,11.877567000055933,0.3083169999626989,0.04960299997947004,34.66604599998391,802816,13.557362000028661,0.14910799995959678,0.035101999969811004,19.029669000019567,401408,17.038457000012386,0.10710599997310055,0.02430099993944168,0.0,200704,0.0,0.0,0.0,0.0,0
5,chain_4svc,25,78.18449000001237,69.57850599997073,8.605984000041644,2007040,3,25.951457000019218,0.20051100000273436,0.12650700000449433,49.931003999972745,602112,11.966271999995115,0.2625150000312715,0.043101999949612946,35.26838100003715,802816,13.777172999994036,0.15340900006322045,0.03410199997233576,19.603900999982216,401408,17.88360399996236,0.10910600008173788,0.02440200000819459,0.0,200704,0.0,0.0,0.0,0.0,0
5,chain_4svc,26,79.07644099998379,70.4073540000536,8.669086999930187,2007040,3,26.142567999954736,0.20631100005630287,0.10340599999381084,50.44803199996295,602112,11.90106800004287,0.25161399992157385,0.05000299995572277,36.01932300000499,802816,13.829877000034685,0.1560089999657066,0.03320099995107739,20.273238000072524,401408,18.53384100002131,0.1069060000418176,0.025501999971311307,0.0,200704,0.0,0.0,0.0,0.0,0
5,chain_4svc,27,77.22463699997206,68.02312000002075,9.20151699995131,2007040,3,25.970958000016253,0.20571199991081812,0.1024059999963356,48.91954699996859,602112,11.836565000066912,0.25481399995896936,0.048902000003181456,34.23152300001675,802816,12.73171499997261,0.15650900002128765,0.03500200000416953,19.224379999968733,401408,17.48388199996498,0.10850600006051536,0.02340100002129475,0.0,200704,0.0,0.0,0.0,0.0,0
5,chain_4svc,28,78.41620300007435,68.66465699999935,9.751546000074995,2007040,3,25.90735500007213,0.2131119999830844,0.0798039999381217,49.74679400004334,602112,11.949170999969283,0.28881599996566365,0.03990200002590427,34.76245199999539,802816,12.673611999957757,0.15710900004251016,0.03810199996223673,19.8893169999792,401408,18.134519000000182,0.10890600003676809,0.025300999936916924,0.0,200704,0.0,0.0,0.0,0.0,0
5,chain_4svc,29,78.49850800005242,69.33299299998907,9.165515000063351,2007040,3,25.82455000003847,0.20651199997701042,0.0871050000341711,50.22031999999399,602112,12.138380999999754,0.2629150000075242,0.04480300003706361,35.241679000023396,802816,12.98823000001903,0.1523079999969923,0.03410099998291116,20.08342800002083,401408,18.38183199993182,0.1056060000337311,0.025001000039992505,0.0,200704,0.0,0.0,0.0,0.0,0
5,chain_4svc,30,77.76166600001488,68.21163100028116,9.550034999733725,2007040,3,26.326578000066547,0.20371200002955447,0.09730599992963107,49.03265300004023,602112,11.9930740000882,0.26391400001557486,0.043101999949612946,34.33012799996504,802816,12.516503000028933,0.1591089999237738,0.0359020000360033,19.603900999982216,401408,17.37547600009748,0.11740599995846424,0.026801999979397806,0.0,200704,0.0,0.0,0.0,0.0,0
5,chain_4svc,31,79.63917200004289,69.89032599994971,9.748846000093181,2007040,3,27.451541999994333,0.20181100001082086,0.10600600000998384,49.75789500008432,602112,11.874166999973568,0.2617149999650792,0.04080200005773804,35.00836600005641,802816,12.492102000010163,0.15410800006065983,0.03430199990361871,20.2377370000022,401408,18.072514999971645,0.11710599994785298,0.02480099999502272,0.0,200704,0.0,0.0,0.0,0.0,0
5,chain_4svc,32,75.88766100002431,67.12046799987093,8.767193000153384,2007040,3,25.847650999935468,0.20991200005937571,0.09130500006904185,47.591271999976925,602112,11.893467999925633,0.2666149999868139,0.04210200006582454,33.073057000024164,802816,12.38709500000823,0.1513090001026285,0.030401999993046047,18.67754900001728,401408,16.992254000001594,0.11060600002110732,0.02350199997636082,0.0,200704,0.0,0.0,0.0,0.0,0
5,chain_4svc,33,75.98526599997513,67.4964900000532,8.488775999921927,2007040,3,25.817850000066755,0.19911099991531955,0.11030600001049606,47.7676819999715,602112,11.83066399994459,0.2755160001015611,0.044001999981446716,33.40087599997332,802816,13.130036999996264,0.15380799993636174,0.03480199995919975,18.424134000042613,401408,16.71793900004559,0.10720600005242886,0.025101999995058577,0.0,200704,0.0,0.0,0.0,0.0,0
5,chain_4svc,34,76.53009699993163,67.78510600008758,8.744990999844049,2007040,3,25.87605300004725,0.19190999989859847,0.09610600000087288,48.276310999995076,602112,11.775261000025239,0.2714150000429072,0.043101999949612946,34.029411000005894,802816,12.426497999967978,0.15520900001320115,0.034802000072886585,19.505894999952034,401408,17.707294000047114,0.11400699997921038,0.029501999961212277,0.0,200704,0.0,0.0,0.0,0.0,0
5,chain_4svc,35,80.71903300003669,72.02394399996592,8.695089000070766,2007040,3,28.558404000023074,0.19901099994967808,0.11360600001353305,49.75339400004941,602112,12.943426999981966,0.2564139999776671,0.04910300003757584,34.19071999996959,802816,13.072933999978886,0.1659090000885044,0.04290200001833,19.206078000024718,401408,17.449178999981996,0.10400600001503335,0.02530200004002836,0.0,200704,0.0,0.0,0.0,0.0,0
5,chain_4svc,36,79.00063600004614,69.95232700000997,9.04830900003617,2007040,3,25.766146000023582,0.20181200000024546,0.11140699996303738,50.72044799999276,602112,11.856965999982094,0.2483140000322237,0.05760299995927198,36.111128000015924,802816,13.139838000029158,0.1534089999495336,0.03350199995111325,20.91087399992375,401408,19.18937699997514,0.10780600007365138,0.02480199998444732,0.0,200704,0.0,0.0,0.0,0.0,0
5,chain_4svc,37,80.2701079999224,70.69337000007181,9.576737999850593,2007040,3,25.72744499991586,0.19771100005527842,0.12400700006764964,52.03642200001468,602112,12.067878000038945,0.2637139999706051,0.055002999943098985,37.15868699998737,802816,12.467300000025716,0.18550999993749429,0.03370199999608303,22.179144999995515,401408,20.430747000091287,0.13460699994993774,0.02920199995060102,0.0,200704,0.0,0.0,0.0,0.0,0
5,chain_4svc,38,76.47849499994663,67.96791799990842,8.51057700003821,2007040,3,26.01946200002203,0.20111100002395688,0.1011049999988245,48.183605999952306,602112,11.809863999928893,0.2701150000348207,0.04390200001580524,33.90890399998625,802816,12.410996999960844,0.15150800004448683,0.031202000059238344,19.461791999901834,401408,17.727594999996654,0.11650699991605507,0.024602000053164375,0.0,200704,0.0,0.0,0.0,0.0,0
5,chain_4svc,39,77.62755900000684,68.53715099987312,9.09040800013372,2007040,3,25.704044000008253,0.1976109999759501,0.08580400003666,49.65708899999299,602112,11.74705999994785,0.26271400008681667,0.048103000040100596,35.36288499992679,802816,12.360994999994546,0.15740800006369682,0.03440099999352242,20.690361999982088,401408,18.72505199992247,0.10780600007365138,0.024001000042517262,0.0,200704,0.0,0.0,0.0,0.0,0
5,chain_4svc,40,77.86197200005063,68.43244300000606,9.429529000044568,2007040,3,26.089264999995976,0.19921099999464786,0.07870499996442959,49.48667899998327,602112,11.782660999983818,0.2595149999251589,0.047103000042625354,35.18687600001158,802816,12.36219500003699,0.15000799999143055,0.0372020000440898,20.247836999942592,401408,18.198321999989275,0.10780599995996454,0.022801000000072236,0.0,200704,0.0,0.0,0.0,0.0,0
5,chain_4svc,41,77.1580329999324,67.81930900012867,9.338723999803733,2007040,3,25.960558000065248,0.20861199993760238,0.07770399997752975,48.937548000026254,602112,11.756959999956962,0.2577139999857536,0.048902999992606055,34.61294400005954,802816,12.834821000069496,0.15200899997580564,0.03500200000416953,19.323585000051935,401408,17.266970000036963,0.10790599992560601,0.023600999952577695,0.0,200704,0.0,0.0,0.0,0.0,0
5,chain_4svc,42,75.21842400001333,67.04926399993383,8.1691600000795,2007040,3,25.51863299993329,0.21141199999874516,0.07810400006746931,47.43396399999256,602112,11.743058999968525,0.26211500005501875,0.04740299993954977,33.45507799997449,802816,12.34609300001921,0.1495079999358495,0.03440199998294702,19.096372999911182,401408,17.441479000012805,0.10430600002564461,0.02390199995261355,0.0,200704,0.0,0.0,0.0,0.0,0
5,chain_4svc,43,76.49659499998052,67.83640900016508,8.66018599981544,2007040,3,25.773347000040303,0.2219129999048164,0.10140599999886035,48.333513999978095,602112,12.125081000021964,0.339219000011326,0.04580299992085202,33.62758799994481,802816,13.21444200004862,0.1503089999914664,0.03060200003801583,18.367930999943383,401408,16.72353900005419,0.10360599992509378,0.022401000023819506,0.0,200704,0.0,0.0,0.0,0.0,0
5,chain_4svc,44,78.09038499999588,69.81532100007826,8.27506399991762,2007040,3,25.973558000032426,0.19041100006234046,0.09840600000643462,49.91970300000048,602112,11.957772000073419,0.2745150000009744,0.04900299995824753,35.548396000081084,802816,13.45395600003485,0.1555090000238124,0.03260099992985488,20.382044000029964,401408,18.43003499993756,0.1037060000044221,0.024101000008158735,0.0,200704,0.0,0.0,0.0,0.0,0
5,chain_4svc,45,75.88236099991263,67.27357800014033,8.608782999772302,2007040,3,25.728644999958306,0.19881100001839513,0.10840599998118705,47.87738800007446,602112,11.830064000037055,0.2551139999695806,0.03880199994910072,33.568185000035555,802816,12.38849600008507,0.1521079999520225,0.03320199994050199,19.37028800000462,401408,17.326373000059903,0.10770599999432307,0.025300999936916924,0.0,200704,0.0,0.0,0.0,0.0,0
5,chain_4svc,46,78.46930599998814,69.31659100007437,9.15271499991377,2007040,3,26.254873999960182,0.19621100000222214,0.1178070000378284,49.893902000007984,602112,11.89176800005498,0.2495139999609819,0.05390299997998227,35.38928800003305,802816,12.51260200001525,0.1537090000738317,0.03830199989351968,20.82046900000023,401408,18.657347000043956,0.10740599998371181,0.025901999947564036,0.0,200704,0.0,0.0,0.0,0.0,0
5,chain_4svc,47,78.34809999997105,68.87656899993999,9.471531000031064,2007040,3,25.728044999937083,0.19441100005224143,0.07580400006190757,50.23992200005978,602112,11.77876200006267,0.25941499995951744,0.049301999979434186,35.38618699997187,802816,12.335793000033846,0.14590799992220127,0.03360200003044156,20.86757199992917,401408,19.033968999906392,0.10160600004383014,0.024601000063739775,0.0,200704,0.0,0.0,0.0,0.0,0
5,chain_4svc,48,78.99563599994508,68.97787399998379,10.017761999961294,2007040,3,25.73254599997199,0.20641100002194435,0.11990600000899576,50.51083599994399,602112,12.182383999970625,0.25771400009944045,0.05050300001130381,35.490292999952544,802816,12.863722000020061,0.15640899994195934,0.03190200004610233,20.523751999917295,401408,18.19922200002111,0.10990600003424333,0.02390099996318895,0.0,200704,0.0,0.0,0.0,0.0,0
5,chain_4svc,49,77.34464400004981,68.1083239999225,9.236320000127307,2007040,3,25.956856999982847,0.1932110000097964,0.1337080000212154,48.978049999959694,602112,11.827263999975912,0.2533150000090245,0.04510199994456343,34.203020999939326,802816,12.509901999919748,0.16190900009860343,0.0328020000779361,19.477094000080797,401408,17.814301000043997,0.1081059999705758,0.02560099994752818,0.0,200704,0.0,0.0,0.0,0.0,0
5,chain_4svc,50,77.69186300004094,68.72015899989492,8.971704000146019,2007040,3,25.877252999976008,0.2054110000244691,0.10070600001199637,49.347771000043394,602112,11.91746899996815,0.2759150000883892,0.044402999947124044,35.081070000046566,802816,12.294891000010466,0.1580089999606571,0.034302000017305545,20.877272000006997,401408,18.630545999940296,0.10450600007061439,0.02440100001876999,0.0,200704,0.0,0.0,0.0,0.0,0
5,chain_4svc,51,79.02273799993509,70.16404199987392,8.858696000061173,2007040,3,25.82475000008344,0.19861199996284995,0.08140399995681946,50.84825500000534,602112,11.938170999997055,0.2647139999680803,0.04960300009315688,36.436345999959485,802816,12.401596999893627,0.16560900007789314,0.03470200010724511,22.154944000021715,401408,19.999523999899793,0.10160500005440554,0.02440100001876999,0.0,200704,0.0,0.0,0.0,0.0,0
5,chain_4svc,52,78.802726000049,69.34669500014934,9.456030999899667,2007040,3,26.867009000056896,0.20131099995523982,0.11100599999736005,49.59358500002509,602112,11.958770999967783,0.26851500001612294,0.04640300005576137,35.1074709999466,802816,12.771018000080403,0.15640799995253474,0.03490199992484122,20.13623099992401,401408,17.749897000044257,0.1050060000125086,0.02570200001628109,0.0,200704,0.0,0.0,0.0,0.0,0
5,chain_4svc,53,75.98116699989532,67.23237400012749,8.74879299976783,2007040,3,25.914055000043845,0.19571100006032793,0.08840499992857076,47.751282000035644,602112,11.720158000002812,0.2617139999756546,0.046203000010791584,33.46187900001496,802816,12.709413000038694,0.14230800002223987,0.03260199991927948,18.63594600001761,401408,16.888748000042142,0.10450599995692755,0.02380099999754748,0.0,200704,0.0,0.0,0.0,0.0,0
5,chain_4svc,54,76.88331800000014,67.8032069999972,9.080111000002944,2007040,3,25.716143999943597,0.20311100001890736,0.07970500007559167,48.715635999997176,602112,11.984472999984064,0.265715000068667,0.04940299993450026,34.276924999971925,802816,12.360794000073838,0.150807999943936,0.03350199995111325,19.78561099997478,401408,17.741795999995702,0.10230600003069412,0.02430199992886628,0.0,200704,0.0,0.0,0.0,0.0,0
5,chain_4svc,55,76.59160100001827,68.35143799992238,8.24016300009589,2007040,3,25.991759999897113,0.19881100001839513,0.07460400001946255,48.41521900004864,602112,11.805663000018285,0.2532139999402716,0.04950300001382857,34.2072209999742,802816,12.375594999980422,0.15130899998894165,0.03270100000918319,19.873815999972066,401408,18.178420000026563,0.10710599997310055,0.023602000055689132,0.0,200704,0.0,0.0,0.0,0.0,0
5,chain_4svc,56,77.72306499998649,68.45284400003493,9.270220999951562,2007040,3,25.902954000002865,0.19401099996230187,0.10070600001199637,49.22786399993129,602112,11.982973000044694,0.2643139999918276,0.04780300002948934,34.699649000003774,802816,12.54870499997196,0.16130900007738092,0.031600999932379636,20.149731000060456,401408,18.01821200001541,0.10400600001503335,0.024900999960664194,0.0,200704,0.0,0.0,0.0,0.0,0
5,chain_4svc,57,76.86991700006729,68.13252599999942,8.737391000067873,2007040,3,25.745346000007885,0.2054110000244691,0.08750499989673699,48.85544400008257,602112,11.887267000020074,0.27171600004294305,0.054202999990593526,34.439934000033645,802816,12.342092999915621,0.15730900008747994,0.0367020001021956,20.176433000074212,401408,18.157820000055835,0.11170599998422404,0.025001000039992505,0.0,200704,0.0,0.0,0.0,0.0,0
5,chain_4svc,58,75.7533539999713,66.52873699988504,9.224617000086255,2007040,3,25.75184599993463,0.18591100001685845,0.07780400005685806,47.74778199998764,602112,11.756560999970134,0.25191400004587194,0.04370199997083546,33.422077000068384,802816,12.50580299995363,0.15190800002073956,0.03360100004101696,18.660647000046993,401408,16.514527000026646,0.10360599992509378,0.02340100002129475,0.0,200704,0.0,0.0,0.0,0.0,0
5,chain_4svc,59,76.13717499998529,66.9565609999836,9.180614000001697,2007040,3,25.882554000077107,0.2002109999921231,0.12340699993274029,47.96109300002627,602112,11.725358999910895,0.25831400000697613,0.05180300001939031,33.59828700001799,802816,12.410097000042697,0.15270899996266962,0.03360099992733012,19.26338200007649,401408,16.938550999952895,0.10640599998623657,0.025001000039992505,0.0,200704,0.0,0.0,0.0,0.0,0
5,chain_4svc,60,79.16864599997098,70.27254599995558,8.896100000015394,2007040,3,26.123966999989534,0.19611099992289382,0.1077060001080099,50.704748000043764,602112,11.845965000020442,0.25941399997009285,0.04820300000574207,36.235035000004245,802816,13.31614699995498,0.1568090000318989,0.03730299999915587,20.73116399992614,401408,18.986466999990625,0.10510599997815007,0.026901000069301517,0.0,200704,0.0,0.0,0.0,0.0,0
5,chain_4svc,61,81.01944999998523,71.5122170001905,9.507232999794724,2007040,3,26.817907000008745,0.20501100004821637,0.12150600002769352,51.748805999977776,602112,11.966772000050696,0.2654149999443689,0.04120200003399077,36.961274999953275,802816,12.831121000090207,0.15790899999501562,0.03620199993292772,22.067039000035038,401408,19.896417000040856,0.10870699998122291,0.025001000039992505,0.0,200704,0.0,0.0,0.0,0.0,0
5,chain_4svc,62,77.80726999999388,68.62785199996324,9.179418000030637,2007040,3,26.124267000000145,0.22431299998970644,0.10570599999937258,49.387573999979395,602112,11.873566000076607,0.2629150000075242,0.04020300002594013,34.89155900001606,802816,13.849376999928609,0.16170900005363364,0.03320200005418883,19.189677000099437,401408,16.78064199995788,0.10860600002615683,0.022902000068825146,0.0,200704,0.0,0.0,0.0,0.0,0
5,chain_4svc,63,77.05152699998052,67.9673179998872,9.084209000093324,2007040,3,26.145468999970944,0.19511099992541858,0.07930400010991434,48.603128999957335,602112,11.795462999998563,0.2578140000650819,0.05750299999363051,34.25042399999256,802816,12.217485999940436,0.17561000004207017,0.035202000049139315,19.920017999993433,401408,17.808899999977257,0.10550600006808963,0.026801999979397806,0.0,200704,0.0,0.0,0.0,0.0,0
5,chain_4svc,64,78.35759999989023,68.75476200002595,9.602837999864278,2007040,3,26.371481000069252,0.1994109999259308,0.07840399996439373,49.57748399999673,602112,11.800462999985939,0.25621400004638417,0.05070299994258676,34.54994000003353,802816,12.681412000006276,0.1599089999899661,0.033801999961724505,19.94902000001275,401408,17.90140599996448,0.09910500000387401,0.02560099994752818,0.0,200704,0.0,0.0,0.0,0.0,0
5,chain_4svc,65,76.07647199995426,67.28887999986455,8.787592000089717,2007040,3,25.807750000012675,0.1927110000679022,0.08470399995985645,48.033998000050815,602112,11.854365999965921,0.26841500005048147,0.05360299996937101,33.67109100008747,802816,12.52600399993753,0.1529080000182148,0.03310099998543592,19.190876999914508,401408,17.100759999948423,0.10200600002008287,0.02430100005312852,0.0,200704,0.0,0.0,0.0,0.0,0
5,chain_4svc,66,76.49709600002552,68.04402199986725,8.453074000158267,2007040,3,26.045462999945812,0.19571100006032793,0.078003999988141,48.17910600002051,602112,11.776760999964608,0.26511499993375764,0.044102000060775026,33.87170200005585,802816,12.49510200000259,0.14550800005963538,0.03090199993494025,19.519996999974865,401408,17.726695999954245,0.10840599998118705,0.02430100005312852,0.0,200704,0.0,0.0,0.0,0.0,0
5,chain_4svc,67,78.33459899995887,69.3128920000845,9.021706999874368,2007040,3,25.99626000005628,0.18911099994056713,0.07640399996944325,50.065411999980824,602112,11.843465000083597,0.2749149999772271,0.04010299994661182,35.273680000045715,802816,13.190140999995492,0.15350799992575048,0.0390019999940705,20.12362999994366,401408,18.283025999949132,0.10630600002059509,0.0302020000617631,0.0,200704,0.0,0.0,0.0,0.0,0
5,chain_4svc,68,80.8992429999762,71.25320100010413,9.646041999872068,2007040,3,28.793117000077473,0.22881199993207701,0.0863049999679788,49.49917999999798,602112,11.860165999905803,0.2716160000773016,0.049402000058762496,35.060168999962116,802816,13.57876200006558,0.15720900000815163,0.03220199994302675,19.62260199991306,401408,17.02115600005527,0.10690599992813077,0.024001000042517262,0.0,200704,0.0,0.0,0.0,0.0,0
5,chain_4svc,69,77.57145599998694,69.03787700014163,8.533578999845304,2007040,3,26.12356700001328,0.20501200003764097,0.07690399991133745,49.24666600004457,602112,12.251188000050206,0.2558149999458692,0.044502000037027756,34.60124299999734,802816,12.575806000086232,0.15560899998945388,0.03560199991170521,20.17783300004794,401408,18.087315999991915,0.10140500000943575,0.02530200004002836,0.0,200704,0.0,0.0,0.0,0.0,0
5,chain_4svc,70,78.73742100002801,69.9940310000784,8.743389999949613,2007040,3,26.697599000044647,0.1882110000224202,0.08100499996999133,49.820996999983436,602112,11.859466000032626,0.2694160000373813,0.06040299990672793,35.64460199993391,802816,13.20984199992381,0.1645090000010896,0.03400200000669429,20.48525099996823,401408,18.22712400007731,0.10570599999937258,0.024200999973800208,0.0,200704,0.0,0.0,0.0,0.0,0
5,chain_4svc,71,77.56545600000209,68.24693300018225,9.318522999819834,2007040,3,26.58919300006346,0.19351100002040766,0.08880500001851033,48.65233200007424,602112,11.966572000005726,0.26271499996255443,0.055902999974932754,33.840800999996645,802816,12.390196000069409,0.15570899995509535,0.03370199999608303,19.612101999996412,401408,17.300972000043657,0.10510599997815007,0.02610100000310922,0.0,200704,0.0,0.0,0.0,0.0,0
5,chain_4svc,72,78.61861499998213,69.57990700004757,9.038707999934559,2007040,3,26.319978000060473,0.20191099997646234,0.09930599992458156,49.84519900006035,602112,11.943771000005654,0.26391500000499946,0.05300300006183534,35.361586000021816,802816,12.454999000055977,0.15150900003391143,0.03220199994302675,21.068683000066812,401408,18.861158999925465,0.1037060000044221,0.026702000013756333,0.0,200704,0.0,0.0,0.0,0.0,0
5,chain_4svc,73,76.1677770000233,66.81325199997445,9.354525000048852,2007040,3,25.79294800000298,0.20101200004774,0.10020599995641533,48.16790500001389,602112,11.872667000034198,0.2846159999307929,0.05080300002191507,33.63568899999336,802816,12.469600000031278,0.16170900005363364,0.034601999914229964,18.53934100006427,401408,16.678036999906,0.10200500003065827,0.02350100010062306,0.0,200704,0.0,0.0,0.0,0.0,0
5,chain_4svc,74,81.53557900004671,72.49116999992111,9.044409000125597,2007040,3,25.68424200001118,0.2010110000583154,0.10060599993266806,53.383297999971546,602112,12.001973999986149,0.25821400004133466,0.04850299990266649,38.701072999970165,802816,12.640909999959149,0.15660799999750452,0.03500200000416953,23.987246999922718,401408,22.164043999964633,0.12290699999084609,0.02830200003245409,0.0,200704,0.0,0.0,0.0,0.0,0
5,chain_4svc,75,78.00888099995973,68.46044499980053,9.5484360001592,2007040,3,26.35018000000855,0.19731099996533885,0.1287070000444146,48.91224699997565,602112,11.869765999904303,0.2744160000247575,0.050303000080020865,34.47583599995596,802816,12.521803999902659,0.1516080000101283,0.04730200009817054,19.783611000093515,401408,17.71869499998502,0.1056060000337311,0.02390199995261355,0.0,200704,0.0,0.0,0.0,0.0,0
5,chain_4svc,76,78.25309499992272,68.61875200002032,9.634342999902401,2007040,3,25.79894799998783,0.20451199998205993,0.10760600002868159,49.69549099996584,602112,12.021775000107482,0.26831499997115316,0.060302999941086455,35.18427500000598,802816,12.773016999972242,0.15540900005817093,0.03270199999860779,20.120629999951234,401408,18.025011999952767,0.10390600004939188,0.025202000074386888,0.0,200704,0.0,0.0,0.0,0.0,0
5,chain_4svc,77,76.84041499999239,68.06292299995675,8.777492000035636,2007040,3,26.387782000028892,0.1913109999804874,0.11290599991298222,48.15080399998806,602112,11.812264000013784,0.2623139999968771,0.051902999985031784,33.86140099996737,802816,12.305590999972082,0.1523079999969923,0.033902000041052816,19.337985999982266,401408,17.557285999941996,0.1037060000044221,0.026901000069301517,0.0,200704,0.0,0.0,0.0,0.0,0
5,chain_4svc,78,76.1360760000116,67.41238700010399,8.723688999907608,2007040,3,25.717644999986078,0.20491099996888806,0.08020400002806127,48.08380000008583,602112,11.870267000062995,0.25961500000448723,0.06740300000274146,33.65418999999292,802816,12.756116999980804,0.1606089999768301,0.032602000032966316,18.88876100008474,401408,17.068358000074113,0.10430599991195777,0.02300199992077978,0.0,200704,0.0,0.0,0.0,0.0,0
5,chain_4svc,79,76.38588900010745,67.716803000053,8.669086000054449,2007040,3,25.795749000053547,0.20521199996892392,0.07780399994317122,48.256010000045535,602112,12.166984000032244,0.27031499996610364,0.05400300005931058,33.58788599996387,802816,12.622007999993912,0.15380900003947318,0.03440199998294702,18.774953999923127,401408,17.132061999973303,0.10070600001199637,0.02390099996318895,0.0,200704,0.0,0.0,0.0,0.0,0
5,chain_4svc,80,76.94632200002616,68.24893299983614,8.697389000190014,2007040,3,26.420683999958783,0.20901200002754194,0.07990400001745002,48.0129960000113,602112,11.83036399993398,0.259815000049457,0.0486029999819948,33.74079499997151,802816,12.436398999966514,0.1544090000606957,0.03530100002535619,19.352787000002536,401408,17.561485999976867,0.10700600000745908,0.02440200000819459,0.0,200704,0.0,0.0,0.0,0.0,0
5,chain_4svc,81,77.40354700001717,68.90286899999865,8.500678000018524,2007040,3,26.315076999935627,0.21081200009120948,0.07720500002506014,48.85534400000324,602112,11.86926700006552,0.25921399992512306,0.04120199992030393,34.3688299999485,802816,12.66171099996427,0.1727100000152859,0.03360200003044156,19.677004999948622,401408,18.056814000033228,0.10620599994126678,0.024101000008158735,0.0,200704,0.0,0.0,0.0,0.0,0
5,chain_4svc,82,78.85102800003096,69.35819500017715,9.492832999853817,2007040,3,26.060063000045375,0.21361200003866543,0.08220500001243636,50.24972199998956,602112,11.948571000061747,0.24861400004283496,0.039901999912217434,35.60719999995854,802816,13.708870000073148,0.17690999993646983,0.032101999977385276,19.609900999967067,401408,17.640690999996878,0.10860600002615683,0.02440200000819459,0.0,200704,0.0,0.0,0.0,0.0,0
5,chain_4svc,83,79.11294300004101,69.7665179999376,9.346425000103409,2007040,3,26.229372999978295,0.20191199996588693,0.09350499999527528,50.60834200003228,602112,11.979772000017874,0.26601500007927825,0.04370299996026006,35.73830699997416,802816,13.966784999979609,0.15350800003943732,0.03540199998042226,19.692306000024473,401408,17.590587999961826,0.10360600003878062,0.023500999986936222,0.0,200704,0.0,0.0,0.0,0.0,0
5,chain_4svc,84,78.72202099997594,69.51200299988614,9.210018000089804,2007040,3,26.60889399999178,0.21491200004675193,0.08340499994119455,49.67868999995062,602112,11.95617099995161,0.265715000068667,0.040903000012804114,35.28758100003415,802816,13.144838000016534,0.14700799999900482,0.03540199998042226,19.969321999951717,401408,17.802099999926213,0.10830600001554558,0.028100999998059706,0.0,200704,0.0,0.0,0.0,0.0,0
5,chain_4svc,85,77.31754199994612,67.39488399989568,9.922658000050433,2007040,3,25.842750999913733,0.2087120000169307,0.08260499998868909,48.47202199994172,602112,11.943970999936937,0.2541140000857922,0.04190200002085476,33.87700199994015,802816,12.408596000000216,0.18321099992135714,0.03220200005671359,19.276981999951204,401408,17.199566000044797,0.10590599993065553,0.025001000039992505,0.0,200704,0.0,0.0,0.0,0.0,0
5,chain_4svc,86,79.1041420000056,69.96313000001919,9.141011999986404,2007040,3,26.188971000010497,0.1952110000047469,0.07690400002502429,50.55303900007857,602112,11.796362000040972,0.26401499997064093,0.03930299999410636,36.18343199991614,802816,12.435299000003397,0.1531080000631846,0.03750199994101422,21.609613999999056,401408,19.542497999964326,0.10440599999128608,0.033401999985471775,0.0,200704,0.0,0.0,0.0,0.0,0
5,chain_4svc,87,77.76566699999421,68.85036799997124,8.91529900002297,2007040,3,27.01991799995085,0.21651200006544968,0.11360600001353305,48.29581199999211,602112,12.122980999947686,0.3007170000728365,0.05100300006688485,33.65969000003588,802816,12.552305000099295,0.1536080000050788,0.03430199990361871,18.96386499993241,401408,17.15516399997341,0.10570599999937258,0.02390099996318895,0.0,200704,0.0,0.0,0.0,0.0,0
5,chain_4svc,88,77.87647300006029,68.5539510000126,9.322522000047684,2007040,3,26.69569900001534,0.19861099997342535,0.1107059999867488,48.7697380000327,602112,11.872466999989228,0.25571499998022773,0.04880200003753998,34.32382799996958,802816,12.52650399999311,0.1528079999388865,0.033401999985471775,19.222378999984358,401408,17.459281000014926,0.1068059999624893,0.02530100005060376,0.0,200704,0.0,0.0,0.0,0.0,0
5,chain_4svc,89,79.34525600001052,69.50730300002306,9.837952999987465,2007040,3,26.010659999997188,0.20201200004521525,0.08270499995433056,50.97136299991689,602112,11.988872999950217,0.2617149999650792,0.05360300008305785,36.37684199998148,802816,13.724171000035312,0.153407999960109,0.032901999929890735,19.979021999915858,401408,17.78359900004034,0.10780599995996454,0.02440100001876999,0.0,200704,0.0,0.0,0.0,0.0,0
5,chain_4svc,90,82.3478240000668,71.91243899978872,10.435385000278075,2007040,3,28.765414999952554,0.19551100001535815,0.0827050000680174,51.1535720000893,602112,11.867766999898777,0.26061400001253787,0.05480300001181604,36.40054400000281,802816,13.681067999982588,0.15500899996823136,0.033801999961724505,19.972521999989112,401408,17.5981889999548,0.1068059999624893,0.02480099999502272,0.0,200704,0.0,0.0,0.0,0.0,0
5,chain_4svc,91,78.25319500000205,69.39639699999134,8.856798000010713,2007040,3,27.186527000026217,0.20101099994462857,0.07960400000683876,48.72903699993003,602112,12.036975999990318,0.25041399999281566,0.04560299998956907,34.16881900000135,802816,12.681011999916336,0.18471099997441343,0.03550200005975057,19.243681000034485,401408,17.491882000058467,0.1037060000044221,0.024901999950088793,0.0,200704,0.0,0.0,0.0,0.0,0
5,chain_4svc,92,78.32329799998661,69.53080400001,8.792493999976614,2007040,3,26.622794999980215,0.20971200001440593,0.11400599998978578,49.236164999911125,602112,11.976271999969867,0.274515999990399,0.05220299999564304,34.68394799995167,802816,13.136637999991763,0.15400800009501836,0.03180199996677402,19.464493999976185,401408,17.79509900006815,0.10590599993065553,0.024900999960664194,0.0,200704,0.0,0.0,0.0,0.0,0
5,chain_4svc,93,78.09708599995702,69.23088799987909,8.86619800007793,2007040,3,25.72734499995022,0.20111100002395688,0.11220600003980508,50.0744119999581,602112,11.949470999979894,0.2637150000737165,0.053403000038088067,35.63230100007786,802816,12.978128999975524,0.1554089999444841,0.03400100001726969,20.69886200001747,401408,18.57594299997345,0.10580599996501405,0.02380099999754748,0.0,200704,0.0,0.0,0.0,0.0,0
5,chain_4svc,94,77.83077099998081,68.62305399999968,9.20771699998113,2007040,3,26.101666000045043,0.20101099994462857,0.07870399997500499,49.28396700006488,602112,11.910668999917107,0.2541140000857922,0.043602000005193986,34.70134899998811,802816,12.74501600005351,0.15940899993438506,0.037801999951625476,19.917018000001008,401408,17.865702999984023,0.10620600005495362,0.024701000029381248,0.0,200704,0.0,0.0,0.0,0.0,0
5,chain_4svc,95,78.54711100003442,69.26549000002069,9.281621000013729,2007040,3,26.194370999974126,0.20761199994012713,0.07920400003058603,49.611585999969066,602112,11.957671000004666,0.26191499989636213,0.05410300002495205,35.07296899999801,802816,13.045333000036408,0.15460899999197864,0.03710199996476149,19.949819999965257,401408,18.06811500000549,0.11190599991550698,0.02480099999502272,0.0,200704,0.0,0.0,0.0,0.0,0
5,chain_4svc,96,78.7381220000043,69.91362600001594,8.824495999988358,2007040,3,26.47058700006255,0.20521099997949932,0.1362069999686355,49.81529799999862,602112,11.94487099996877,0.28251599997020094,0.06410399998912908,35.200476999989405,802816,14.060688999961712,0.15780900002937415,0.03440199998294702,19.084672000076353,401408,17.437479000022904,0.1038060000837504,0.02690199994503928,0.0,200704,0.0,0.0,0.0,0.0,0
5,chain_4svc,97,78.08448500009035,69.34289500009072,8.741589999999633,2007040,3,26.242774000024838,0.20511100001385785,0.07910499994068232,49.50408000001971,602112,12.104880000038065,0.25621399993269733,0.056803000006766524,34.829156000000694,802816,13.757873000031395,0.1477079999858688,0.03450199994858849,18.880760999991253,401408,17.237367999996422,0.10700600000745908,0.025101000005633978,0.0,200704,0.0,0.0,0.0,0.0,0
5,chain_4svc,98,77.4034460000621,68.19022900003802,9.213217000024088,2007040,3,26.245974000062233,0.19861099997342535,0.09040499992352125,48.94824900009098,602112,11.916969000026256,0.2770150000515059,0.049302999968858785,34.5535410000366,802816,12.400495999941086,0.14970900008393073,0.03530200001478079,19.753410000021177,401408,17.62679000000844,0.1125059999367295,0.025902000061250874,0.0,200704,0.0,0.0,0.0,0.0,0
5,chain_4svc,99,78.4418050000113,69.30759299984857,9.134212000162734,2007040,3,25.873153000020466,0.20321099998454883,0.0824049999437193,50.256321999995635,602112,11.951270999929875,0.252414000101453,0.044502000037027756,35.7328069999312,802816,12.908124999967185,0.16320900010668993,0.039101999959711975,20.646660000011252,401408,18.57504399993104,0.10900600000240956,0.02430100005312852,0.0,200704,0.0,0.0,0.0,0.0,0
5,chain_4svc,100,89.96385199998258,80.96684700012702,8.997004999855562,2007040,3,32.13590500001828,0.20121099998959835,0.1445079999484733,55.42191199992885,602112,13.792975000001206,0.27361500008282746,0.04630199998700846,38.740074999964236,802816,15.499070000032589,0.1562090000106764,0.03450199994858849,21.324897999988934,401408,19.53889700007494,0.115705999974125,0.024201999963224807,0.0,200704,0.0,0.0,0.0,0.0,0
5,chain_4svc,101,79.3055539999159,70.48485899997559,8.820694999940315,2007040,3,26.73200200001702,0.19410999993851874,0.15170799997576978,50.11171399996783,602112,12.139481999952295,0.26801500007422874,0.04430299998148257,35.47149200005606,802816,13.534159999949225,0.14820900003087445,0.03800199999659526,20.119328999953723,401408,18.079215000057047,0.11090600003171858,0.025000999926305667,0.0,200704,0.0,0.0,0.0,0.0,0
5,chain_4svc,102,79.57796900006997,70.61726500000987,8.960704000060105,2007040,3,28.228284999954667,0.20581100000072183,0.09050599999227416,48.922546999961014,602112,12.02297500003624,0.2835159999676762,0.054303000069921836,34.276724999926955,802816,12.979128999973,0.15610900004503492,0.034701999993558275,19.19437799995194,401408,17.38687600004596,0.10580599996501405,0.025101000005633978,0.0,200704,0.0,0.0,0.0,0.0,0
5,chain_4svc,103,78.74892200004524,69.19368499995926,9.555237000085981,2007040,3,26.617493999992803,0.19361099998604914,0.07970499996190483,49.79539600003591,602112,11.995073999969463,0.26531399998930283,0.07010399997398054,35.19097699995655,802816,12.714014000039242,0.1757099998940248,0.052003000064360094,20.03642599993327,401408,17.86710299995775,0.11590700000851939,0.022701000034430763,0.0,200704,0.0,0.0,0.0,0.0,0
5,chain_4svc,104,79.48226400003477,70.42945600005623,9.05280799997854,2007040,3,26.25647399997888,0.19491099999413564,0.11710700005096442,50.94296000004306,602112,12.029776000076708,0.3009170000041195,0.048902999992606055,36.20903299997735,802816,14.385307999987162,0.1567089999525706,0.03220200005671359,19.627501999934793,401408,17.757898000013483,0.12430699996457406,0.023700999918219168,0.0,200704,0.0,0.0,0.0,0.0,0
5,chain_4svc,105,78.03938200004268,69.0829790000862,8.956402999956481,2007040,3,25.716244000022925,0.20191099997646234,0.08780500002103508,49.91080199999942,602112,11.91176899999391,0.26441499994689366,0.04210300005524914,35.32228300002771,802816,12.599107000028198,0.1549090000025899,0.03130200002487982,20.57645499996852,401408,18.855859000041164,0.10930600001302082,0.025101999995058577,0.0,200704,0.0,0.0,0.0,0.0,0
5,chain_4svc,106,78.45930600001338,69.4102989999692,9.049007000044185,2007040,3,26.512589000049047,0.20581199999014643,0.0798039999381217,49.46597799994379,602112,11.87276699999984,0.27401499994539336,0.044102000060775026,34.999764999952276,802816,12.640209999972285,0.16070899994247156,0.036002000001644774,20.39404499998909,401408,18.384732999948028,0.11850600003526779,0.02660100005869026,0.0,200704,0.0,0.0,0.0,0.0,0
5,chain_4svc,107,77.11573100004898,68.50924700017913,8.606483999869852,2007040,3,26.244074000032924,0.20901100003811734,0.1183069999797226,48.49762300000293,602112,11.977772000022924,0.2692150000029869,0.05270299993753724,33.89760300001399,802816,12.808719000076962,0.1630089999480333,0.03410199997233576,19.206079000014142,401408,17.47868200004632,0.10470600000189734,0.024900999960664194,0.0,200704,0.0,0.0,0.0,0.0,0
5,chain_4svc,108,78.52000999992015,70.029231000035,8.490778999885151,2007040,3,26.18646999997054,0.20011200001590623,0.11010600007921312,50.03921000002265,602112,11.844865000057325,0.2711149999186091,0.05200299995067326,35.5836989999716,802816,13.082934000067326,0.15520900001320115,0.03090199993494025,20.623258000000533,401408,18.914961999939806,0.1011059999882491,0.025502000084998144,0.0,200704,0.0,0.0,0.0,0.0,0
5,chain_4svc,109,76.7269089999445,68.13462699994943,8.592281999995066,2007040,3,26.329078999992817,0.2074110000194196,0.11150600005294109,48.04049799997756,602112,11.836764999998195,0.27301500006160495,0.05360299996937101,33.52418299994042,802816,12.498501999971268,0.14640800009146915,0.03440199998294702,19.20217800000046,401408,17.470280999987153,0.10020600007010216,0.025800999992497964,0.0,200704,0.0,0.0,0.0,0.0,0
5,chain_4svc,110,79.21754799997416,70.27724599993235,8.940302000041811,2007040,3,26.89611000005243,0.22091300002102798,0.11550699991857982,49.846599000034075,602112,12.030774999971072,0.2839159999439289,0.052403000040612824,35.220878000018274,802816,12.906424999982846,0.1578079999262627,0.03760200002034253,20.34394199995404,401408,18.443935999925998,0.1113060000079713,0.025101000005633978,0.0,200704,0.0,0.0,0.0,0.0,0
5,chain_4svc,111,80.10589900004561,70.95998500017231,9.1459139998733,2007040,3,26.085165000040433,0.2098119999800474,0.08720499999981257,51.45048899998983,602112,12.135381999996753,0.2795149999883506,0.05400300005931058,36.64565799999764,802816,14.002886000071157,0.1619089999849166,0.040001999991545745,20.602856999971664,401408,18.736552000063966,0.10450599995692755,0.029301999916242494,0.0,200704,0.0,0.0,0.0,0.0,0
5,chain_4svc,112,77.77766800006702,69.012776000136,8.764891999931024,2007040,3,26.6687970000703,0.19801099995220284,0.08310499993058329,48.627529999976105,602112,12.036176000037813,0.27531499995347986,0.042302999986532086,33.90950400000747,802816,12.476000999981807,0.15550799992070097,0.034802000072886585,19.538996999926894,401408,17.831802000046082,0.11110599996300152,0.02440100001876999,0.0,200704,0.0,0.0,0.0,0.0,0
5,chain_4svc,113,77.77746800002205,69.21398700001191,8.563481000010142,2007040,3,26.97881500000676,0.19171100007042696,0.1144069999554631,48.413119000088045,602112,11.926969999990433,0.263815000039358,0.03930200000468176,33.94380600002478,802816,12.559604999978546,0.15070799997829454,0.05100300006688485,19.47479300008581,401408,17.74859700003617,0.10400600001503335,0.031101999979910033,0.0,200704,0.0,0.0,0.0,0.0,0
5,chain_4svc,114,78.08938599998783,69.18158600012703,8.9077999998608,2007040,3,26.111167000067326,0.21451199995681236,0.12490699998579657,49.479979000011554,602112,11.97637300003862,0.29531699999552075,0.047501999915766646,34.817955999983496,802816,12.52150300001631,0.15410900005008443,0.09500599992406933,20.356343999992532,401408,18.57254300000477,0.1037060000044221,0.024900999960664194,0.0,200704,0.0,0.0,0.0,0.0,0
5,chain_4svc,115,77.74326600008408,69.0611780000836,8.682088000000476,2007040,3,26.010360999976,0.20651099998758582,0.08440500005235663,49.31026999997812,602112,11.912669000025744,0.293716999976823,0.04690200000823097,34.806955000021844,802816,13.601762999996936,0.15640899994195934,0.03130200002487982,19.231979999972282,401408,17.53638500008492,0.10220599995136581,0.023700999918219168,0.0,200704,0.0,0.0,0.0,0.0,0
5,chain_4svc,116,78.19029100005537,69.54710599973168,8.643185000323683,2007040,3,26.884609999910936,0.21271200000683166,0.11460600001100829,48.80654099997628,602112,11.881566999932147,0.280416000009609,0.05140300004313758,34.326027000020076,802816,12.66641199993046,0.15580900003442366,0.03470200010724511,19.775910000021213,401408,18.11451699995814,0.10440599999128608,0.02440100001876999,0.0,200704,0.0,0.0,0.0,0.0,0
5,chain_4svc,117,77.33494299998256,68.6391529999355,8.695790000047054,2007040,3,25.921254999957455,0.21461200003614067,0.11100699998678465,49.037454000085745,602112,11.920669000005546,0.26141499995446793,0.04910300003757584,34.546339999906195,802816,13.447455000004993,0.1534089999495336,0.03570199999103352,19.26678200004517,401408,17.34977399996751,0.09870600001704588,0.026902000058726117,0.0,200704,0.0,0.0,0.0,0.0,0
5,chain_4svc,118,76.95852199992714,68.06682299998101,8.89169899994613,2007040,3,26.058764000026713,0.23561299997254537,0.13600700003735255,48.51342400002068,602112,11.936769999920216,0.2590149999832647,0.049403000048187096,34.03771199998573,802816,12.4662000000626,0.1476079999065405,0.034302000017305545,19.353886000089915,401408,17.605088999971485,0.10750599994935328,0.024901000074351032,0.0,200704,0.0,0.0,0.0,0.0,0
5,chain_4svc,119,92.75370800003202,75.00591099972098,17.74779700031104,2007040,3,29.92237999990266,0.204312000050777,0.09890600006201566,60.1333770000565,602112,14.061389999938001,0.34782000000177504,0.06610299999465497,34.7587520000161,802816,12.810018999971362,0.16220899999552785,0.034302000017305545,19.93211900003189,401408,18.21212199990896,0.11350700003731617,0.02480199998444732,0.0,200704,0.0,0.0,0.0,0.0,0
5,chain_4svc,120,92.92521800000486,69.6083099999214,23.31690800008346,2007040,3,26.345379999952456,0.21431200002552941,0.11120600004232983,49.52208099996369,602112,12.036375999969096,0.2734150000378577,0.0416029999996681,34.93666199995005,802816,12.517903000002661,0.15790899999501562,0.03490200003852806,20.476948999998967,401408,18.70865099999719,0.10630600002059509,0.02570100002685649,0.0,200704,0.0,0.0,0.0,0.0,0
5,chain_4svc,121,78.01738099999511,69.07577899994521,8.941602000049897,2007040,3,26.249573999962195,0.19871100005275366,0.11680700004035316,49.294768000095246,602112,12.0908789999703,0.2703150000797905,0.05470299993248773,34.56404099995325,802816,13.087734999999157,0.15670900006625743,0.033801999961724505,19.594801000039297,401408,17.647591000013563,0.10550600006808963,0.025401000016245234,0.0,200704,0.0,0.0,0.0,0.0,0
5,chain_4svc,122,77.14513199994144,67.80230799995479,9.34282399998665,2007040,3,25.99895999992441,0.2061120000007577,0.08870500005286885,48.64833199997065,602112,11.801362999904086,0.2923160000136704,0.0512029999981678,34.17121899997255,802816,12.481601000104092,0.15220799991766398,0.03400199989300745,19.50919499995507,401408,17.520384000022204,0.10570599999937258,0.02470099991569441,0.0,200704,0.0,0.0,0.0,0.0,0
5,chain_4svc,123,79.69747599997845,69.89422599997397,9.803250000004482,2007040,3,26.167769999915436,0.20521099997949932,0.10900600000240956,51.09736999997949,602112,11.88236699999834,0.26441499994689366,0.049803000024439825,36.33284000000003,802816,13.618365000070298,0.17301000002589717,0.038201999927878205,20.420947000047818,401408,18.225723999989896,0.10170600000947161,0.026001000037467747,0.0,200704,0.0,0.0,0.0,0.0,0
5,chain_4svc,124,79.31145299994569,69.82432099994185,9.48713200000384,2007040,3,26.43238400003156,0.20681199998762168,0.11480699993171584,50.4013310001028,602112,11.93247000003339,0.2609149998988869,0.05370300004869932,35.64830200002689,802816,12.635709999926803,0.1614090000430224,0.0341020000860226,20.53415299997141,401408,18.823756999950092,0.10170600000947161,0.026800999989973207,0.0,200704,0.0,0.0,0.0,0.0,0
5,chain_4svc,125,79.19604699998217,69.52010599991354,9.675941000068633,2007040,3,26.943714000026375,0.21221199995125062,0.10980599995491502,49.71149200002856,602112,11.956071999975393,0.2680149999605419,0.05060200010120752,34.74445199992715,802816,12.74431599995296,0.15080800005762285,0.031202000059238344,19.610601999943356,401408,17.87600399995881,0.10720600005242886,0.02870200000870682,0.0,200704,0.0,0.0,0.0,0.0,0
5,chain_4svc,126,87.78012999994189,78.73642300000938,9.04370699993251,2007040,3,28.045474999998987,0.19461099998352438,0.15230900010010373,57.32041900000695,602112,13.135938000004899,0.26121499990949815,0.0499020000006567,41.62363699992966,802816,18.672249000019292,0.1554089999444841,0.041701999975884974,20.6906619999927,401408,18.882760999986203,0.11030600001049606,0.024601000063739775,0.0,200704,0.0,0.0,0.0,0.0,0
5,chain_4svc,127,79.28665199995066,70.33224900010282,8.954402999847844,2007040,3,27.007617000094797,0.2282129999002791,0.08380399992802268,49.774595000030786,602112,11.940569999978834,0.27811600000404724,0.04630299997643306,35.243679000018346,802816,13.171839000051477,0.1593089999687436,0.03260199991927948,20.12673099989115,401408,18.212222999977712,0.0972059999639896,0.02520099997127545,0.0,200704,0.0,0.0,0.0,0.0,0
5,chain_4svc,128,78.306796999982,69.37239700005193,8.934399999930065,2007040,3,25.862053000082597,0.18820999991930876,0.0785039999300352,50.083212000004096,602112,11.946071000011216,0.26191400002062437,0.04970300005879835,35.625701000071786,802816,13.709670000025653,0.1477079999858688,0.03230200002235506,19.829713000035554,401408,17.854602999932467,0.10630600002059509,0.02430100005312852,0.0,200704,0.0,0.0,0.0,0.0,0
5,chain_4svc,129,78.29519699998855,69.17578300010518,9.119413999883363,2007040,3,25.89045399997758,0.204312000050777,0.09930499993515696,49.9027030000434,602112,12.003474000039205,0.2577149999751782,0.057703000038600294,35.31138299990744,802816,12.482100000056562,0.17480999997587787,0.03440199998294702,20.5378529999507,401408,18.799755000031837,0.10530600002311985,0.02440200000819459,0.0,200704,0.0,0.0,0.0,0.0,0
5,chain_4svc,130,78.36990100008734,69.62251100003414,8.747390000053201,2007040,3,26.043963000006443,0.20401100005074113,0.07880399994064646,49.851998999997704,602112,11.856866000016453,0.2643149999812522,0.04830199998195894,35.24437900000521,802816,13.871078999954989,0.15400799998133152,0.033801999961724505,19.561499000019467,401408,17.850603000056253,0.10670599999684782,0.025401000016245234,0.0,200704,0.0,0.0,0.0,0.0,0
5,chain_4svc,131,79.00333700001738,69.42579799999749,9.577539000019897,2007040,3,26.216871999963587,0.20461200006138824,0.08410500004174537,50.27702399991085,602112,11.912369000015133,0.25741399997514236,0.040902000023379514,35.69750499991642,802816,12.863322000043809,0.14670899997781817,0.03530200001478079,20.55565500006651,401408,18.433234999974957,0.1081059999705758,0.02650099997936195,0.0,200704,0.0,0.0,0.0,0.0,0
5,chain_4svc,132,78.20119099994827,68.85946800002785,9.341722999920421,2007040,3,26.196371000082763,0.2066119999426519,0.10850599994682852,49.498079000045436,602112,11.81036299999505,0.2590149999832647,0.04460200000266923,34.87745899997208,802816,12.759416999983841,0.14570799999091832,0.029800999982398935,19.794512000089526,401408,18.09331699996619,0.10800600000493432,0.025401000016245234,0.0,200704,0.0,0.0,0.0,0.0,0
5,chain_4svc,133,77.2263369999564,68.32723700006227,8.899099999894133,2007040,3,26.065963000064585,0.2048119999926712,0.10510599997815007,48.630931000047894,602112,11.900468000021647,0.26711499992870813,0.044103000050199626,34.10591499994098,802816,12.760917000036898,0.15260800000760355,0.03450199994858849,19.385688999932427,401408,17.59988899993914,0.10810600008426263,0.024901000074351032,0.0,200704,0.0,0.0,0.0,0.0,0
5,chain_4svc,134,81.1432570000079,72.14985100017657,8.993405999831339,2007040,3,29.58306100003938,0.20381100000577135,0.09420599997156387,49.24536600003648,602112,11.978072000033535,0.263815000039358,0.05200299995067326,34.47633600001154,802816,13.219742000046608,0.1594090000480719,0.031601999921804236,19.089572000098087,401408,17.368976000057046,0.10710599997310055,0.025800999992497964,0.0,200704,0.0,0.0,0.0,0.0,0
5,chain_4svc,135,81.03335099997366,69.85142300015923,11.181927999814434,2007040,3,25.949657000069237,0.1918109999223816,0.10040600000138511,51.68660300000738,602112,11.873367000021062,0.2584139999726176,0.057702999924913456,35.912017000100604,802816,12.443699000073138,0.1586089999818796,0.031200999956126907,21.269793999977082,401408,19.58469999999579,0.10610600008931215,0.024601999939477537,0.0,200704,0.0,0.0,0.0,0.0,0
5,chain_4svc,136,76.37808900005894,67.78790699991077,8.590182000148161,2007040,3,25.811449999991964,0.19671100005780318,0.07940399996186898,48.276310999995076,602112,11.823464000030981,0.2655149999100104,0.049803000024439825,33.793098000046484,802816,12.88322299990341,0.15170900007888122,0.032102000091072114,19.08037200007584,401408,17.26976999998442,0.1081059999705758,0.025001000039992505,0.0,200704,0.0,0.0,0.0,0.0,0
5,chain_4svc,137,78.99233599994204,68.25193400004537,10.740401999896676,2007040,3,26.34827999997924,0.2023110000664019,0.10070600001199637,50.1387159999922,602112,11.911169000086375,0.25051399995845713,0.05000199996629817,35.35108600010517,802816,12.573307000025125,0.1728089999915028,0.032500999964213406,19.24408099989705,401408,17.419177999954627,0.10580599996501405,0.02220100009253656,0.0,200704,0.0,0.0,0.0,0.0,0
5,chain_4svc,138,77.60905900011039,68.45074400007434,9.158315000036055,2007040,3,26.21417200009546,0.2061120000007577,0.07380399995327025,48.95484899998337,602112,12.036375999969096,0.2679149999949004,0.050203000000692555,33.97550800002591,802816,12.87402299999485,0.1524090000657452,0.03630200001225603,18.939164000016717,401408,17.326173000014933,0.10750599994935328,0.024202000076911645,0.0,200704,0.0,0.0,0.0,0.0,0
5,chain_4svc,139,76.18937899997036,67.7280030000702,8.461375999900156,2007040,3,26.262975000008737,0.19170999996731553,0.08620500000233733,47.61617499991644,602112,11.800161999985903,0.266415000055531,0.03930200000468176,33.33937200000037,802816,12.426798000092276,0.1534089999495336,0.03180099997734942,18.893860999924073,401408,17.238067999983286,0.10790600003929285,0.02440200000819459,0.0,200704,0.0,0.0,0.0,0.0,0
5,chain_4svc,140,76.81411299995489,67.49599100010073,9.318121999854156,2007040,3,26.163369000073544,0.20931199992446636,0.1055059999544028,48.18140600002607,602112,11.806463000084477,0.2510140000140382,0.04870199995821167,33.55878499996834,802816,12.370594999993045,0.14830800000709132,0.03360200003044156,18.972565000012764,401408,17.155563999949663,0.10630600002059509,0.02530100005060376,0.0,200704,0.0,0.0,0.0,0.0,0
5,chain_4svc,141,78.16068899990114,68.78326199989715,9.37742700000399,2007040,3,26.51598899990404,0.20731100005377812,0.11020700003427919,49.07885600005102,602112,11.99147299996639,0.2643149999812522,0.05520299998806877,34.27602399995067,802816,12.444598999991285,0.1505080000470116,0.03450200006227533,19.4297909999932,401408,17.831201000035435,0.1056060000337311,0.025301999926341523,0.0,200704,0.0,0.0,0.0,0.0,0
5,chain_4svc,142,77.40194699999847,68.22563100001844,9.176315999980034,2007040,3,26.05496299997867,0.1999120000846233,0.1125059999367295,48.89474499998414,602112,11.831464000010783,0.2585150000413705,0.059502999988580996,34.07781300006718,802816,13.33994900005564,0.14860900000712718,0.03350199995111325,18.586143999982596,401408,16.999254999973346,0.10440599999128608,0.02830100004302949,0.0,200704,0.0,0.0,0.0,0.0,0
5,chain_4svc,143,77.395145999958,68.312436000042,9.082709999916005,2007040,3,25.970759000074395,0.20651099998758582,0.07900399998561625,48.98465100006888,602112,11.924268999905507,0.25821500003075926,0.04150200004460203,34.00330900001336,802816,12.356894000049579,0.15220900002077542,0.03400200000669429,19.7620100000222,401408,18.060514000012517,0.13040800001817843,0.025900999958139437,0.0,200704,0.0,0.0,0.0,0.0,0
5,chain_4svc,144,78.05158299993309,68.55804800022725,9.493534999705844,2007040,3,26.203570999996373,0.20901200002754194,0.1125069999261541,49.41357500001686,602112,11.974072000043634,0.2630149999731657,0.046502999907716,34.32632800002011,802816,12.55200400009926,0.14800899998590467,0.03560199991170521,19.58460000003015,401408,17.82840100008798,0.10720599993874202,0.046101999942038674,0.0,200704,0.0,0.0,0.0,0.0,0
5,chain_4svc,145,77.55605499994545,68.20803000005071,9.348024999894733,2007040,3,26.26777500006483,0.20961199993507762,0.08300399997551722,48.72953699998561,602112,11.90606900001967,0.2595139999357343,0.040302000002157,34.09501499993439,802816,12.509401999977854,0.15130899998894165,0.030201999948076264,19.56549899989568,401408,17.524783999988358,0.11060600002110732,0.02520099997127545,0.0,200704,0.0,0.0,0.0,0.0,0
5,chain_4svc,146,78.27009599998291,68.95577099999173,9.314324999991186,2007040,3,26.49318700002823,0.20601199992142938,0.11310700006106345,49.35687199997574,602112,11.947870999961197,0.26391400001557486,0.049803000024439825,34.91776100008792,802816,12.552004999974997,0.16130900007738092,0.039602000015293015,20.370444000036514,401408,17.962708000027305,0.11410700005853869,0.02610199999253382,0.0,200704,0.0,0.0,0.0,0.0,0
5,chain_4svc,147,77.55555500000355,68.37654000003113,9.179014999972424,2007040,3,25.915254999972603,0.20471100003760512,0.10760600002868159,49.161860000026536,602112,12.076878000016222,0.26011499994638143,0.06310399999165384,34.46103500004938,802816,12.531304000049204,0.1606089999768301,0.03700199999912002,19.609500999990814,401408,17.853102999993098,0.1099059999205565,0.024901000074351032,0.0,200704,0.0,0.0,0.0,0.0,0
5,chain_4svc,148,77.23753400000533,67.89982099996905,9.337713000036274,2007040,3,26.086735000035333,0.20341200001894322,0.10870599999179831,48.56405500004257,602112,11.867849000054775,0.27281499990294833,0.05080300002191507,33.992357999977685,802816,12.442079999914313,0.16880900000160182,0.03100200001426856,19.305055000018,401408,17.50315699996463,0.11120600004232983,0.027701000021806976,0.0,200704,0.0,0.0,0.0,0.0,0
5,chain_4svc,149,77.64394400010133,68.93296900011592,8.71097499998541,2007040,3,26.21743300005619,0.20821099997192505,0.11490600002161955,48.95757600002071,602112,12.059260000000904,0.2527130000089528,0.052402000051188224,34.372178000012354,802816,12.587688000053276,0.15720900000815163,0.035101999969811004,19.7983819999763,401408,18.068588000005548,0.11150600005294109,0.025000999926305667,0.0,200704,0.0,0.0,0.0,0.0,0
5,chain_4svc,150,83.39605899993785,74.20465600000625,9.191402999931597,2007040,3,26.376541999979963,0.19881100001839513,0.10460499993314443,54.513880000058634,602112,12.11456199996519,0.27221499999541265,0.0512029999981678,39.81047599995691,802816,18.516512000019247,0.19951100000525912,0.042701999973360216,19.027639999990242,401408,17.197040000041852,0.10320499995941645,0.025402000005669834,0.0,200704,0.0,0.0,0.0,0.0,0
5,chain_4svc,151,76.98800800005756,68.56674699997711,8.421261000080449,2007040,3,26.093026000012287,0.1984110000421424,0.11100699998678465,48.56415500000821,602112,11.926551999977164,0.26801500007422874,0.04660299998704431,34.145767000040905,802816,12.723794999942584,0.1529080000182148,0.035202000049139315,19.5477680000522,401408,17.823374000045078,0.1068059999624893,0.025101999995058577,0.0,200704,0.0,0.0,0.0,0.0,0
5,chain_4svc,152,76.94810599991797,68.08942200007095,8.858683999847017,2007040,3,25.86251400009587,0.1989109999840366,0.10640599998623657,48.66546000005201,602112,12.015055999995639,0.26181499993072066,0.048902999992606055,34.045860999981414,802816,12.469782000039231,0.15550799992070097,0.03620200004661456,19.4658640000398,401408,17.742069999940213,0.10850600006051536,0.023101000010683492,0.0,200704,0.0,0.0,0.0,0.0,0
5,chain_4svc,153,76.74489500004711,67.87280900005044,8.87208599999667,2007040,3,25.938818000099673,0.2066119999426519,0.10190499995132996,48.41434600007233,602112,11.824246000060157,0.27921499997773935,0.043602999994618585,34.06356200002847,802816,12.42147899995416,0.15070799997829454,0.03360200003044156,19.746978999933162,401408,17.688265999936448,0.10750600006304012,0.02610199999253382,0.0,200704,0.0,0.0,0.0,0.0,0
5,chain_4svc,154,77.48283500006892,67.92811200011784,9.554722999951082,2007040,3,26.235133999989557,0.19541100004971668,0.07730400000127702,48.83397000003242,602112,12.006056000018361,0.2554139999801919,0.040001999991545745,34.212870000033035,802816,12.4516800000265,0.15260800000760355,0.032602000032966316,19.14434600007553,401408,17.235242000083417,0.10800600000493432,0.02560099994752818,0.0,200704,0.0,0.0,0.0,0.0,0
5,chain_4svc,155,77.92835899999773,69.13737999991554,8.790979000082189,2007040,3,26.248935000012352,0.19921099999464786,0.07640399996944325,49.40610099993137,602112,12.281572000006236,0.2598139999463456,0.044102000060775026,34.69489600001907,802816,12.442079999914313,0.15330799999446754,0.03730200000973127,19.838183999922876,401408,18.164792999982637,0.09900500003823254,0.025101999995058577,0.0,200704,0.0,0.0,0.0,0.0,0
5,chain_4svc,156,78.44178699997428,69.60410399994998,8.837683000024299,2007040,3,27.71411399999124,0.23751300000185438,0.07730499999070162,48.34584299999278,602112,11.908450999953857,0.2618150000444075,0.03910200007339881,33.962757000040256,802816,12.477581999974063,0.15430899998136738,0.0328020000779361,19.522667000046567,401408,17.503957000030823,0.11140599997361278,0.02470099991569441,0.0,200704,0.0,0.0,0.0,0.0,0
5,chain_4svc,157,81.40385000001515,72.68037299991192,8.72347700010323,2007040,3,26.156929999956446,0.1952110000047469,0.07640399996944325,53.071401000011065,602112,12.293971999952191,0.2686149999817644,0.04950200002440397,38.36809799997809,802816,15.434443999993164,0.17761000003702065,0.036501999943538976,20.82613900006436,401408,18.795027000010123,0.10900600000240956,0.02920199995060102,0.0,200704,0.0,0.0,0.0,0.0,0
5,chain_4svc,158,88.75335099992299,79.39184000008481,9.361510999838174,2007040,3,36.607801000059226,0.2366129999700206,0.0779039999088127,49.73961899997903,602112,12.045359000012468,0.26711399993928353,0.10880600007112662,35.06031699998857,802816,13.313627999991695,0.15600900007939345,0.03360100004101696,19.561069000019415,401408,17.425052000021424,0.10650599995187804,0.026300999934392166,0.0,200704,0.0,0.0,0.0,0.0,0
5,chain_4svc,159,77.41003099999944,68.4052399999473,9.004791000052137,2007040,3,25.915716999975302,0.19951100000525912,0.08130400010486483,49.18178800005535,602112,11.913951999986239,0.2573140000095009,0.04020200003651553,34.77639999994153,802816,12.413477999984934,0.14610799996717105,0.036502000057225814,20.410916000059842,401408,18.162093000000823,0.10630600002059509,0.026200999968750693,0.0,200704,0.0,0.0,0.0,0.0,0
5,chain_4svc,160,78.58079499999349,68.9217680001093,9.65902699988419,2007040,3,26.340640000057647,0.19230999998853804,0.08860499997354054,49.864726000009796,602112,12.077259999955459,0.2675150000186477,0.04510300004767487,35.0876170000447,802816,13.519839000082357,0.1585089999025513,0.03540199998042226,19.61187200004133,401408,16.984029000013834,0.10360500004935602,0.024600999950052937,0.0,200704,0.0,0.0,0.0,0.0,0
5,chain_4svc,161,78.31538100003854,68.75695799999448,9.558423000044058,2007040,3,26.186831000018174,0.19071100007295172,0.0806049999937386,49.74421899999015,602112,11.992655999961244,0.2599140000256739,0.05320299999311828,35.12532000002011,802816,13.055114000053436,0.16360899996925582,0.03530099991166935,19.83388400003605,401408,17.52235699996163,0.10520599994379154,0.028202000066812616,0.0,200704,0.0,0.0,0.0,0.0,0
5,chain_4svc,162,78.18087300006482,69.41949400004432,8.761379000020497,2007040,3,26.586152999925616,0.18981000005169335,0.07930500009933894,49.323296000011396,602112,12.00395600005777,0.2641149999362824,0.04250199992839043,34.68019599995387,802816,13.04891300003419,0.16750899999351532,0.032501999953638006,19.531867999944552,401408,17.780472000026748,0.10990600003424333,0.024901999950088793,0.0,200704,0.0,0.0,0.0,0.0,0
5,chain_4svc,163,80.35209199999827,70.85587300002771,9.496218999970552,2007040,3,26.376442000014322,0.19901099994967808,0.08740400005535776,51.5590179999208,602112,14.396386999919741,0.3277179999940927,0.051503000008779054,34.42588200005048,802816,12.44578000000729,0.15010799995707202,0.03230200002235506,19.951690000084454,401408,17.63726400008636,0.10530499992000841,0.02650199996878655,0.0,200704,0.0,0.0,0.0,0.0,0
5,chain_4svc,164,81.60766100002093,72.22224699989965,9.385414000121273,2007040,3,27.036577999979272,0.2381130000230769,0.1157069999635496,52.15465100002348,602112,12.410177999981897,0.2786160000596283,0.040902000023379514,37.18053299996882,802816,12.99870999991981,0.15780900002937415,0.036102000080973085,21.700285999941116,401408,19.776781000018673,0.12290699999084609,0.027900999953089922,0.0,200704,0.0,0.0,0.0,0.0,0
5,chain_4svc,165,78.33508199996686,68.61524999987978,9.71983200008708,2007040,3,27.156684000033238,0.20911100000375882,0.1121070000635882,48.64545899999939,602112,11.8787499999371,0.2528140000777057,0.0442020000264165,34.18046800004504,802816,12.503583000011531,0.1555090000238124,0.03440199998294702,19.152246999965428,401408,17.07623299989791,0.11290600002666906,0.0245020000875229,0.0,200704,0.0,0.0,0.0,0.0,0
5,chain_4svc,166,79.69205599999896,69.72221099999842,9.969845000000532,2007040,3,26.219833000027393,0.20471200002702972,0.10870599999179831,50.849579000100675,602112,11.961653999946975,0.2577139999857536,0.04470200008199754,35.895362000019304,802816,12.54938600004607,0.1453080000146656,0.03560199991170521,21.041249999939282,401408,18.991337999977986,0.11240599997108802,0.025501000095573545,0.0,200704,0.0,0.0,0.0,0.0,0
5,chain_4svc,167,79.78746200001297,69.90042200004609,9.887039999966873,2007040,3,27.796020000096178,0.2015110000002096,0.08960399998159119,49.459704000014426,602112,12.0435589999488,0.26771399996050604,0.05010200004562648,34.06866200009517,802816,12.56968699999561,0.15980900002432463,0.031601999921804236,19.641874000058124,401408,17.491156000005503,0.10790600003929285,0.025701999902594252,0.0,200704,0.0,0.0,0.0,0.0,0
5,chain_4svc,168,78.58809599997585,69.43939699999646,9.148698999979388,2007040,3,26.00012200002766,0.2028110000082961,0.08570399995733169,50.12504000001172,602112,11.998555999980454,0.2673139999842533,0.060403000020414765,35.40803500004586,802816,12.591187999987596,0.1549090000025899,0.03530200001478079,20.89504200000647,401408,18.849531000000752,0.11040600008982437,0.025101000005633978,0.0,200704,0.0,0.0,0.0,0.0,0
5,chain_4svc,169,77.57103999995252,68.39453800000683,9.176501999945685,2007040,3,25.82211100002496,0.20571099992139352,0.09970600001452112,49.439103000054274,602112,11.824846999957117,0.2674140000635816,0.06540300000779098,35.054616999900645,802816,12.430678999976408,0.1521079999520225,0.033102000088547356,20.321410000065043,401408,18.316901000048347,0.10790600003929285,0.025000999926305667,0.0,200704,0.0,0.0,0.0,0.0,0
5,chain_4svc,170,78.45178799993846,69.07357599993702,9.37821200000144,2007040,3,25.92281699992327,0.20661100006691413,0.0819040000124005,49.82632400003695,602112,11.76134299998921,0.2584139999726176,0.053302999958759756,35.35293199990974,802816,12.560687000018333,0.1477079999858688,0.03480099996977515,20.906942999999956,401408,18.828729000006206,0.11040599997613754,0.05280300001686555,0.0,200704,0.0,0.0,0.0,0.0,0
5,chain_4svc,171,78.90481300000829,69.44299700001011,9.46181599999818,2007040,3,26.188332000060655,0.20131099995523982,0.11050599994177901,50.35845299994435,602112,11.739341999941644,0.29281600006925146,0.04790200000570621,36.07007200002954,802816,14.105470999993486,0.16090899998744135,0.03450099995916389,19.82498300003499,401408,17.409852000014325,0.106905000052393,0.025500999981886707,0.0,200704,0.0,0.0,0.0,0.0,0
5,chain_4svc,172,77.38842999992812,68.58554800021466,8.802881999713463,2007040,3,25.940817999980936,0.20391099997141282,0.11010599996552628,48.991978000003655,602112,11.929852000093888,0.26381399993624655,0.0587039999118133,34.52808700001242,802816,12.513984000065648,0.14830800000709132,0.036002000001644774,19.88868699993418,401408,18.200894000074186,0.10870599999179831,0.02520199996070005,0.0,200704,0.0,0.0,0.0,0.0,0
5,chain_4svc,173,79.25083199995697,69.53780100002405,9.713030999932926,2007040,3,26.56105200003367,0.19800999996277824,0.11750699991353031,50.27554799994505,602112,11.838847000035457,0.25621400004638417,0.05580300000929128,35.64644799996586,802816,12.46648100004677,0.1593089999687436,0.037401999975372746,20.653829000025326,401408,18.67142099990815,0.10970599998927355,0.025601000061215018,0.0,200704,0.0,0.0,0.0,0.0,0
5,chain_4svc,174,76.89280200008852,68.03951899996719,8.853283000121337,2007040,3,26.108327999963876,0.20181100001082086,0.08430399998360372,48.41304600006424,602112,11.921650999966005,0.26911500003734545,0.047602999984519556,33.898853000096096,802816,12.512484000012591,0.1562090000106764,0.03290100005415297,19.25765200007845,401408,17.497056000024713,0.1050060000125086,0.023701000031906005,0.0,200704,0.0,0.0,0.0,0.0,0
5,chain_4svc,175,84.52632000000904,74.32526300010522,10.201056999903813,2007040,3,25.981920000049286,0.19421100000727165,0.10670599999684782,56.19427200008431,602112,12.323673999958373,0.3097170000501137,0.04950200002440397,40.62542100007249,802816,12.900205000050846,0.15580799993131222,0.032101999977385276,25.303982999957952,401408,23.11946400004672,0.14440699999340723,0.03090199993494025,0.0,200704,0.0,0.0,0.0,0.0,0
5,chain_4svc,176,78.71060299999044,69.43019400011963,9.280408999870815,2007040,3,26.934471999993548,0.20711100000880833,0.11200699998425989,49.27599400002691,602112,11.84884700001021,0.263815000039358,0.05400299994562374,34.75700000001325,802816,12.823801000081403,0.15330799999446754,0.03280199996424926,20.010993999903803,401408,17.823074000034467,0.10580599996501405,0.02520099997127545,0.0,200704,0.0,0.0,0.0,0.0,0
5,chain_4svc,177,77.48533500000576,68.58854999995856,8.896785000047203,2007040,3,26.139728999964973,0.20581100000072183,0.0837049999518058,49.09088400006567,602112,12.09086100004697,0.2669149999974252,0.04920200001379271,34.464582999930826,802816,13.056013999971583,0.14520800004902412,0.034301000027880946,19.34515699997519,401408,17.301945999975032,0.10770500000489847,0.02520199996070005,0.0,200704,0.0,0.0,0.0,0.0,0
5,chain_4svc,178,77.82915400002821,68.87096500008738,8.95818899994083,2007040,3,25.997821000032673,0.23701299994627334,0.10080599997763784,49.31959600003211,602112,11.814545999982329,0.2541139999721054,0.060503000099743076,34.702296999967075,802816,12.899404999984654,0.1601090000349359,0.04920300000321731,19.884586999978637,401408,18.159193000087726,0.10210499999629974,0.02560099994752818,0.0,200704,0.0,0.0,0.0,0.0,0
5,chain_4svc,179,76.91570400004366,68.43004100005601,8.485662999987653,2007040,3,26.053423999996994,0.2001109999127948,0.10310600009688642,48.53765300003943,602112,11.916151000036734,0.2687150000610927,0.049702999945111515,34.0649620000022,802816,12.31957400000283,0.16010799993182445,0.03410199997233576,19.770179999909487,401408,18.14089200001945,0.10330499992505793,0.025500999981886707,0.0,200704,0.0,0.0,0.0,0.0,0
5,chain_4svc,180,76.28566899995803,67.08016499999303,9.205503999965003,2007040,3,25.945018000015807,0.20001099994715332,0.09760499995081773,47.93172000006507,602112,11.887749000038639,0.26001499998073996,0.05110299991883949,33.46472900000208,802816,12.41847799997231,0.15920900000310212,0.04790299999513081,18.83473000009417,401408,16.828919999966274,0.11000599999988481,0.025801999981922563,0.0,200704,0.0,0.0,0.0,0.0,0
5,chain_4svc,181,78.07876800006852,69.01367299997219,9.065095000096335,2007040,3,25.83101200002602,0.20321099998454883,0.09010500002659683,49.952931000007084,602112,11.811245999979292,0.271615000087877,0.04870299994763627,35.672349000037684,802816,12.386276999905022,0.15950800002428878,0.031202000059238344,21.237560000031408,401408,18.985138000061852,0.10400600001503335,0.02560099994752818,0.0,200704,0.0,0.0,0.0,0.0,0
5,chain_4svc,182,75.73093999997127,67.1237699999665,8.607170000004771,2007040,3,26.02432300000146,0.2239120000240291,0.10180499998568848,47.38039000005756,602112,11.727240999903188,0.2548140000726562,0.047103000042625354,32.93759999996837,802816,12.30077299999266,0.1479080000308386,0.030701000014232704,18.76542500008327,401408,17.07143300006919,0.1068059999624893,0.025000999926305667,0.0,200704,0.0,0.0,0.0,0.0,0
5,chain_4svc,183,79.30563500008248,69.90502199994353,9.400613000138947,2007040,3,26.186132000020734,0.2059109999663633,0.07680400005938282,50.73437299995476,602112,12.355874999911975,0.2611140000681189,0.04400300008455815,35.404835999997886,802816,13.325129000008928,0.15480799993383698,0.03280099997482466,20.184403000030215,401408,18.03788600000189,0.10670599999684782,0.025001999915730266,0.0,200704,0.0,0.0,0.0,0.0,0
5,chain_4svc,184,76.70929300002172,67.34128200002942,9.368010999992293,2007040,3,25.709204999998292,0.227313000095819,0.09660499995334249,48.398744999985865,602112,11.954754000043977,0.2723149999610541,0.04980199992132839,33.43452800004343,802816,12.318174000029103,0.15380800005004858,0.03360199991675472,19.004337999945164,401408,17.35914899995805,0.10380599997006357,0.02440100001876999,0.0,200704,0.0,0.0,0.0,0.0,0
5,chain_4svc,185,78.28447899998991,69.12987900000189,9.154599999988022,2007040,3,26.241034000008767,0.20531200004825223,0.09810500000639877,49.72001700002693,602112,11.915651999970578,0.2700149999554924,0.0390019999940705,34.96241100003772,802816,12.431378999963272,0.15890899999249086,0.031202000059238344,20.455217999938213,401408,18.541814000059276,0.10690599992813077,0.02470099991569441,0.0,200704,0.0,0.0,0.0,0.0,0
5,chain_4svc,186,75.67843600008928,67.33838000002379,8.340056000065488,2007040,3,25.69060400003309,0.19491099999413564,0.09350499999527528,47.768011000016486,602112,11.770342999966488,0.25561400002516166,0.043203000018365856,33.493231000079504,802816,12.457180999945194,0.15400799998133152,0.03410199997233576,19.085643000039454,401408,17.420252000079017,0.10830599990185874,0.024900999960664194,0.0,200704,0.0,0.0,0.0,0.0,0
5,chain_4svc,187,77.44433400000617,69.15077899998323,8.293555000022934,2007040,3,26.142229000015504,0.20191099997646234,0.10960500003420748,49.00047799992535,602112,11.838446999945518,0.27931500005706766,0.06680400008463039,34.63349300000118,802816,12.298471999997673,0.1568090000318989,0.031702000001132546,20.5208219999804,401408,18.871631000024536,0.1204070000540014,0.02480199998444732,0.0,200704,0.0,0.0,0.0,0.0,0
5,chain_4svc,188,76.96980700006861,68.16162600000553,8.808181000063087,2007040,3,26.239635000024464,0.19250999991982098,0.1006050000569303,48.33324200001243,602112,12.045058000012432,0.2699149999898509,0.060004000033586635,33.412326000075154,802816,12.47298199996294,0.16100799996365822,0.031702000001132546,19.189148999998906,401408,17.40395100000569,0.10380599997006357,0.02390100007687579,0.0,200704,0.0,0.0,0.0,0.0,0
5,chain_4svc,189,77.44273299999804,68.56594699991092,8.876786000087122,2007040,3,25.8384119999846,0.20311100001890736,0.10460600003625586,49.334595999994235,602112,11.77444299992203,0.27361500008282746,0.04960299997947004,34.47418500002186,802816,13.484237000056964,0.1510079999889058,0.03480199995919975,19.18994899995141,401408,17.468854999947325,0.10760600002868159,0.025101000005633978,0.0,200704,0.0,0.0,0.0,0.0,0
5,chain_4svc,190,82.39500400009092,72.9133859998683,9.481618000222625,2007040,3,25.81381099992086,0.19411100004163018,0.11800600009337359,54.20266300006915,602112,12.072759999909977,0.27681500000653614,0.05220299999564304,39.1358389999823,802816,16.72341400001187,0.16810900001473783,0.04610300004515011,20.1498010000023,401408,18.303401000025588,0.11110599996300152,0.027701000021806976,0.0,200704,0.0,0.0,0.0,0.0,0
5,chain_4svc,191,82.65181700005542,73.77983300000324,8.87198400005218,2007040,3,26.836467000066477,0.19841099992845557,0.11780599993471697,53.42711999992389,602112,12.135962999991534,0.3006169999935082,0.041802000055213284,38.55760800001917,802816,14.94541699992169,0.16000900006929442,0.033901000051628216,21.511476000000584,401408,19.861986000023535,0.11610599995037774,0.02780099998744845,0.0,200704,0.0,0.0,0.0,0.0,0
5,chain_4svc,192,78.72930400003497,69.7936160000836,8.93568799995137,2007040,3,26.67995800004519,0.20011100002648163,0.09450499999275053,49.63051300001098,602112,11.949153000045953,0.2553140000145504,0.04960299997947004,35.16262200002984,802816,12.938807999944402,0.15820800001620228,0.034301000027880946,19.94818999992276,401408,18.225697000048058,0.11280600006102759,0.024900999960664194,0.0,200704,0.0,0.0,0.0,0.0,0
5,chain_4svc,193,77.54323899996507,68.91146700002082,8.631771999944249,2007040,3,26.31003800001963,0.20251099999768485,0.11400599998978578,48.869672000023456,602112,12.596389000009367,0.25881400006255717,0.049803000024439825,33.76934599998549,802816,13.010611000026984,0.15610799994192348,0.03530200001478079,18.889731999934156,401408,16.99442899996484,0.1095060000579906,0.02440200000819459,0.0,200704,0.0,0.0,0.0,0.0,0
5,chain_4svc,194,82.22829400006049,70.99708199996257,11.231212000097912,2007040,3,26.085326000043096,0.1937109999516906,0.10670599999684782,53.718236999998226,602112,11.90125099992656,0.2604139999675681,0.04400200009513355,39.30294799999956,802816,12.71769499999209,0.15510900004755968,0.03570199999103352,23.66859400001431,401408,20.292810000000827,0.10750600006304012,0.030401000003621448,0.0,200704,0.0,0.0,0.0,0.0,0
5,chain_4svc,195,76.06835800004319,67.54969300004632,8.518664999996872,2007040,3,26.22413400001733,0.21101100003306783,0.083204000020487,47.42809199990461,602112,12.056058999974084,0.25611399996705586,0.044102000060775026,32.790792000014335,802816,12.332474000004368,0.1633090000723314,0.03410199997233576,18.54101300000366,401408,16.937026000050537,0.10800600000493432,0.024600999950052937,0.0,200704,0.0,0.0,0.0,0.0,0
5,chain_4svc,196,76.47107999991931,67.74090299995805,8.730176999961259,2007040,3,26.17413099994792,0.20831200004067796,0.08570400007101853,47.77681100006248,602112,11.89084999998613,0.25261400003273593,0.05080200003249047,33.555833999912466,802816,12.68259300002228,0.14450800006216014,0.03390199992736598,18.693121999945106,401408,16.993329000001722,0.10820599993621727,0.026001000037467747,0.0,200704,0.0,0.0,0.0,0.0,0
5,chain_4svc,197,79.11912500003382,69.9855259999822,9.133599000051618,2007040,3,26.089125999988028,0.21051100009117363,0.08390499999677559,50.59946599999421,602112,11.890350000044236,0.2643139999918276,0.0442030000158411,36.15607599999748,802816,14.963318000013714,0.15590900000006513,0.03380200007541134,18.81822900008956,401408,17.042731999936223,0.10670599999684782,0.02520100008496229,0.0,200704,0.0,0.0,0.0,0.0,0
5,chain_4svc,198,77.50703600004272,68.16102499999488,9.346011000047838,2007040,3,26.247235000028013,0.21011100000123406,0.10790599992560601,48.82476800003133,602112,11.974853999959123,0.26761499998428917,0.040401999967798474,34.32677599994349,802816,12.407177999989472,0.1505080000470116,0.03410199997233576,19.786882000062178,401408,17.53175800001827,0.10720599993874202,0.025500999981886707,0.0,200704,0.0,0.0,0.0,0.0,0
5,chain_4svc,199,78.60909699991225,69.71800999997413,8.891086999938125,2007040,3,25.95631899998807,0.19941100003961765,0.10720499994931743,50.40105500006575,602112,11.961154000005081,0.2571139999645311,0.041301999999632244,35.99276800002826,802816,13.42463299999963,0.1544090000606957,0.03320199994050199,20.12349999995422,401408,18.375903999981347,0.11360600001353305,0.0258020000956094,0.0,200704,0.0,0.0,0.0,0.0,0
5,chain_4svc,200,78.14767200000006,69.40169399990737,8.745978000092691,2007040,3,26.184631999967678,0.19400999997287727,0.11270599998169928,49.59201100007249,602112,11.817446000009113,0.2528139999640189,0.04500199997892196,35.23752599994623,802816,12.45648099995833,0.15330799999446754,0.030902000048627087,20.689030999960778,401408,18.943134999972244,0.10910599996805104,0.026402000003145076,0.0,200704,0.0,0.0,0.0,0.0,0
