round,condition,iteration,end_to_end_ms,total_compute_ms,non_compute_overhead_ms,total_activation_bytes,num_hops,hop_1_compute_ms,hop_1_deserialize_ms,hop_1_serialize_ms,hop_1_forward_ms,hop_1_activation_bytes,hop_2_compute_ms,hop_2_deserialize_ms,hop_2_serialize_ms,hop_2_forward_ms,hop_2_activation_bytes,hop_3_compute_ms,hop_3_deserialize_ms,hop_3_serialize_ms,hop_3_forward_ms,hop_3_activation_bytes,hop_4_compute_ms,hop_4_deserialize_ms,hop_4_serialize_ms,hop_4_forward_ms,hop_4_activation_bytes,hop_5_compute_ms,hop_5_deserialize_ms,hop_5_serialize_ms,hop_5_forward_ms,hop_5_activation_bytes
1,chain_2svc,1,73.26592100002927,68.90708200006657,4.3588389999627,1003520,1,37.504358000035154,0.27031499996610364,0.052003000007516675,33.405634000018836,602112,31.402724000031412,0.15140799996515852,0.02600099998062433,0.0,401408,0.0,0.0,0.0,0.0,0,0.0,0.0,0.0,0.0,0,0.0,0.0,0.0,0.0,0
1,chain_2svc,2,73.24902099998098,68.51446000001715,4.734560999963833,1003520,1,37.35675000001493,0.21791199998233424,0.0512029999981678,33.29782800000203,602112,31.157710000002226,0.15090800002326432,0.025801999981922563,0.0,401408,0.0,0.0,0.0,0.0,0,0.0,0.0,0.0,0.0,0,0.0,0.0,0.0,0.0,0
1,chain_2svc,3,75.61885000001212,70.68498000001,4.933870000002116,1003520,1,39.960693000011815,0.2137120000043069,0.04560299998956907,33.19142199995895,602112,30.724286999998185,0.15500799997880677,0.025901000014982856,0.0,401408,0.0,0.0,0.0,0.0,0,0.0,0.0,0.0,0.0,0,0.0,0.0,0.0,0.0,0
1,chain_2svc,4,73.69224500001792,69.00678800002424,4.685456999993676,1003520,1,37.179141000024174,0.19030999999358755,0.0486029999819948,34.12287200001174,602112,31.82764700000007,0.15460800000255404,0.025902000004407455,0.0,401408,0.0,0.0,0.0,0.0,0,0.0,0.0,0.0,0.0,0,0.0,0.0,0.0,0.0,0
1,chain_2svc,5,73.91175699996211,69.4109090000552,4.5008479999069095,1003520,1,38.194696000005024,0.23271300000260453,0.04950299995698515,33.29512700003079,602112,31.216213000050175,0.14820799998460643,0.02560099994752818,0.0,401408,0.0,0.0,0.0,0.0,0,0.0,0.0,0.0,0.0,0,0.0,0.0,0.0,0.0,0
1,chain_2svc,6,75.00321600002735,70.20585300000448,4.7973630000228695,1003520,1,37.71997000001193,0.19571100000348451,0.0530029999481485,35.00222100001338,602112,32.485882999992555,0.15690899999754038,0.024701000029381248,0.0,401408,0.0,0.0,0.0,0.0,0,0.0,0.0,0.0,0.0,0,0.0,0.0,0.0,0.0,0
1,chain_2svc,7,71.96394899995084,67.4463009999613,4.517647999989549,1003520,1,37.16764000000694,0.19781099996407647,0.04370200002767888,32.47058199997355,602112,30.278660999954354,0.14160800003537588,0.02480200004129074,0.0,401408,0.0,0.0,0.0,0.0,0,0.0,0.0,0.0,0.0,0,0.0,0.0,0.0,0.0,0
1,chain_2svc,8,71.53942699994786,66.8863710000096,4.65305599993826,1003520,1,37.03323199999886,0.18861099999867292,0.0486029999819948,31.988455000032445,602112,29.853139000010742,0.16620899998542882,0.025700999970013072,0.0,401408,0.0,0.0,0.0,0.0,0,0.0,0.0,0.0,0.0,0,0.0,0.0,0.0,0.0,0
1,chain_2svc,9,71.3317150000421,67.03127899993433,4.300436000107766,1003520,1,37.29404699998895,0.19331099997543788,0.06760299999086783,31.805345999998735,602112,29.73723199994538,0.14950800004953635,0.025401000016245234,0.0,401408,0.0,0.0,0.0,0.0,0,0.0,0.0,0.0,0.0,0,0.0,0.0,0.0,0.0,0
1,chain_2svc,10,71.274811999956,66.96207499999218,4.312736999963818,1003520,1,36.98502899999312,0.1946110000403678,0.0525030000062543,31.870249999997213,602112,29.977045999999063,0.1497079999808193,0.02520100002811887,0.0,401408,0.0,0.0,0.0,0.0,0,0.0,0.0,0.0,0.0,0,0.0,0.0,0.0,0.0,0
1,chain_2svc,11,72.62768599997571,68.03253399993991,4.595152000035796,1003520,1,37.62076499998557,0.20251099999768485,0.051102999975682906,32.361175999994884,602112,30.411768999954347,0.14560800002527685,0.024601000006896356,0.0,401408,0.0,0.0,0.0,0.0,0,0.0,0.0,0.0,0.0,0,0.0,0.0,0.0,0.0,0
1,chain_2svc,12,72.03765299999532,67.44360099997948,4.594052000015836,1003520,1,37.58466300001828,0.20551099999011058,0.05170299999690542,32.0403590000069,602112,29.8589379999612,0.1677090000384851,0.024602000053164375,0.0,401408,0.0,0.0,0.0,0.0,0,0.0,0.0,0.0,0.0,0,0.0,0.0,0.0,0.0,0
1,chain_2svc,13,71.5253259999713,66.9016709999255,4.623655000045801,1003520,1,37.2467439999582,0.1895100000410821,0.050203000000692555,31.66003799998407,602112,29.6549269999673,0.15510899999071626,0.025401000016245234,0.0,401408,0.0,0.0,0.0,0.0,0,0.0,0.0,0.0,0.0,0,0.0,0.0,0.0,0.0,0
1,chain_2svc,14,72.70469000002322,67.92382800000496,4.78086200001826,1003520,1,37.41245399999116,0.21221100001866944,0.049702000012530334,32.436280000013085,602112,30.511374000013802,0.15070900002456256,0.0256010000043716,0.0,401408,0.0,0.0,0.0,0.0,0,0.0,0.0,0.0,0.0,0,0.0,0.0,0.0,0.0,0
1,chain_2svc,15,73.3284249999997,68.21384399995623,5.114581000043472,1003520,1,37.384751999979926,0.20711100000880833,0.08660500003543348,33.29712700002574,602112,30.8290919999763,0.15630799998689326,0.026702000013756333,0.0,401408,0.0,0.0,0.0,0.0,0,0.0,0.0,0.0,0.0,0,0.0,0.0,0.0,0.0,0
1,chain_2svc,16,71.46272199997838,67.08918199996106,4.373540000017329,1003520,1,37.26434499998277,0.19851100000778388,0.04520200002389174,31.886749999955555,602112,29.824836999978288,0.15130799999951705,0.025401000016245234,0.0,401408,0.0,0.0,0.0,0.0,0,0.0,0.0,0.0,0.0,0,0.0,0.0,0.0,0.0,0
1,chain_2svc,17,71.93374799999219,67.1187840000016,4.814963999990596,1003520,1,37.60996400001204,0.21191199999748278,0.05040299998881892,31.739542000025267,602112,29.508819999989555,0.14890800002831384,0.02610100000310922,0.0,401408,0.0,0.0,0.0,0.0,0,0.0,0.0,0.0,0.0,0,0.0,0.0,0.0,0.0,0
1,chain_2svc,18,73.81175099999382,69.36220700004014,4.449543999953676,1003520,1,38.95993800000497,0.19991099998151185,0.048003000017615705,32.422479999979714,602112,30.402269000035176,0.1561079999987669,0.025500999981886707,0.0,401408,0.0,0.0,0.0,0.0,0,0.0,0.0,0.0,0.0,0,0.0,0.0,0.0,0.0,0
1,chain_2svc,19,71.76373900000499,67.27749300000596,4.486245999999028,1003520,1,37.47225699999035,0.20551099999011058,0.051901999995607184,31.81174599995984,602112,29.80523600001561,0.15430899998136738,0.026200999968750693,0.0,401408,0.0,0.0,0.0,0.0,0,0.0,0.0,0.0,0.0,0,0.0,0.0,0.0,0.0,0
1,chain_2svc,20,72.7000900000121,68.21004400006814,4.490045999943959,1003520,1,37.66706700002942,0.1893099999961123,0.05260299997189577,32.55888699999332,602112,30.542977000038718,0.15590799995379712,0.026300999991235585,0.0,401408,0.0,0.0,0.0,0.0,0,0.0,0.0,0.0,0.0,0,0.0,0.0,0.0,0.0,0
1,chain_2svc,21,72.9476029999887,68.73377100004063,4.21383199994807,1003520,1,36.816920000035225,0.19171099995674012,0.04790299999513081,33.89695999999276,602112,31.91685100000541,0.1523089999864169,0.02740200000062032,0.0,401408,0.0,0.0,0.0,0.0,0,0.0,0.0,0.0,0.0,0,0.0,0.0,0.0,0.0,0
1,chain_2svc,22,74.16677100002289,69.70002500003147,4.466745999991417,1003520,1,37.6474660000099,0.19471100000600927,0.059103000012328266,34.081071000002794,602112,32.052559000021574,0.15530899997884262,0.02610100000310922,0.0,401408,0.0,0.0,0.0,0.0,0,0.0,0.0,0.0,0.0,0,0.0,0.0,0.0,0.0,0
1,chain_2svc,23,73.3598260000008,69.01548799999091,4.344338000009884,1003520,1,38.00038499997527,0.20191099997646234,0.05620300004238743,32.94630800002096,602112,31.015103000015642,0.15320799997198264,0.025500999981886707,0.0,401408,0.0,0.0,0.0,0.0,0,0.0,0.0,0.0,0.0,0,0.0,0.0,0.0,0.0,0
1,chain_2svc,24,73.40902900000401,69.1242940000052,4.284734999998818,1003520,1,37.810175000004165,0.19681099996660123,0.052403000040612824,33.292227000004004,602112,31.31411900000103,0.15010800001391544,0.026200999968750693,0.0,401408,0.0,0.0,0.0,0.0,0,0.0,0.0,0.0,0.0,0,0.0,0.0,0.0,0.0,0
1,chain_2svc,25,71.93324699994719,67.49220399990463,4.441043000042555,1003520,1,37.525558999959685,0.19631100002470703,0.04460299999209383,31.988955000031183,602112,29.966644999944947,0.15650800003186305,0.02570100002685649,0.0,401408,0.0,0.0,0.0,0.0,0,0.0,0.0,0.0,0.0,0,0.0,0.0,0.0,0.0,0
1,chain_2svc,26,75.72455600001149,70.89749100003928,4.827064999972208,1003520,1,38.04168800002117,0.20581199999014643,0.05230200002870333,35.26163600002974,602112,32.85580300001811,0.1547079999681955,0.025502000028154725,0.0,401408,0.0,0.0,0.0,0.0,0,0.0,0.0,0.0,0.0,0,0.0,0.0,0.0,0.0,0
1,chain_2svc,27,78.35339999996904,73.13621399998738,5.217185999981666,1003520,1,38.0308869999908,0.1965110000128334,0.056002999997417646,37.751272000036806,602112,35.10532699999658,0.16330900001548798,0.02650099997936195,0.0,401408,0.0,0.0,0.0,0.0,0,0.0,0.0,0.0,0.0,0,0.0,0.0,0.0,0.0,0
1,chain_2svc,28,78.63011599999936,73.56543700001339,5.064678999985972,1003520,1,38.36770499998465,0.19101100002671956,0.05390300003682569,38.070189999984905,602112,35.197732000028736,0.15450799998006914,0.026902000001882698,0.0,401408,0.0,0.0,0.0,0.0,0,0.0,0.0,0.0,0.0,0,0.0,0.0,0.0,0.0,0
1,chain_2svc,29,74.42268500000182,69.83493400002772,4.587750999974105,1003520,1,38.89143500003911,0.1990110000065215,0.05490299997745751,33.128617999977905,602112,30.943498999988606,0.15240800001947719,0.026401000013720477,0.0,401408,0.0,0.0,0.0,0.0,0,0.0,0.0,0.0,0.0,0,0.0,0.0,0.0,0.0,0
1,chain_2svc,30,75.43304000000717,70.36576099994818,5.0672790000589885,1003520,1,38.768226999991384,0.19811100003153115,0.05320299999311828,33.9601640000069,602112,31.597533999956795,0.15350900002886192,0.028901999996833183,0.0,401408,0.0,0.0,0.0,0.0,0,0.0,0.0,0.0,0.0,0,0.0,0.0,0.0,0.0,0
1,chain_2svc,31,76.05347399999118,71.40381900001103,4.649654999980157,1003520,1,39.294256000005134,0.20011100002648163,0.04700300002014046,34.31828399999404,602112,32.10956300000589,0.15630799998689326,0.026201000025594112,0.0,401408,0.0,0.0,0.0,0.0,0,0.0,0.0,0.0,0.0,0,0.0,0.0,0.0,0.0,0
1,chain_2svc,32,73.35332599996036,69.10139199999321,4.25193399996715,1003520,1,38.38460600002236,0.21151199996438663,0.05350300000372954,32.68119400001979,602112,30.716785999970853,0.15210800000886593,0.028800999984923692,0.0,401408,0.0,0.0,0.0,0.0,0,0.0,0.0,0.0,0.0,0,0.0,0.0,0.0,0.0,0
1,chain_2svc,33,73.77544899998156,69.00948800000606,4.765960999975505,1003520,1,37.85557800000561,0.2066110000100707,0.05320299999311828,33.45433599997705,602112,31.15391000000045,0.15690799995127236,0.025401000016245234,0.0,401408,0.0,0.0,0.0,0.0,0,0.0,0.0,0.0,0.0,0,0.0,0.0,0.0,0.0,0
1,chain_2svc,34,73.21801800003414,68.23744499996565,4.980573000068489,1003520,1,37.89738000000398,0.21141100000932056,0.05390299997998227,32.82060200001524,602112,30.34006499996167,0.14500800000405434,0.025402000005669834,0.0,401408,0.0,0.0,0.0,0.0,0,0.0,0.0,0.0,0.0,0,0.0,0.0,0.0,0.0,0
1,chain_2svc,35,73.89125600002444,69.6790249999708,4.2122310000536345,1003520,1,37.19524199999569,0.1913099999910628,0.04940200000191908,34.35078499995825,602112,32.48378299997512,0.14970800003766271,0.026002000026892347,0.0,401408,0.0,0.0,0.0,0.0,0,0.0,0.0,0.0,0.0,0,0.0,0.0,0.0,0.0,0
1,chain_2svc,36,72.49127799997268,68.28234699997893,4.208930999993754,1003520,1,37.478356999997686,0.20781200004194034,0.043501999982709094,32.755698000016764,602112,30.80398999998124,0.15190900001016416,0.02570200001628109,0.0,401408,0.0,0.0,0.0,0.0,0,0.0,0.0,0.0,0.0,0,0.0,0.0,0.0,0.0,0
1,chain_2svc,37,71.65133299997706,67.3095930000045,4.34173999997256,1003520,1,37.230942999997296,0.1952110000047469,0.049803000024439825,32.147163999979966,602112,30.0786500000072,0.15060900000207766,0.0256019999937962,0.0,401408,0.0,0.0,0.0,0.0,0,0.0,0.0,0.0,0.0,0,0.0,0.0,0.0,0.0,0
1,chain_2svc,38,71.710736,67.67801399996642,4.032722000033573,1003520,1,37.20524199997044,0.19231000004538146,0.05170299999690542,32.366677000027266,602112,30.472771999995985,0.14990799996894566,0.026402000003145076,0.0,401408,0.0,0.0,0.0,0.0,0,0.0,0.0,0.0,0.0,0,0.0,0.0,0.0,0.0,0
1,chain_2svc,39,73.99696099997755,69.72722700004397,4.269733999933578,1003520,1,37.86627800002407,0.1861099999587168,0.04900300001509095,33.82945699996753,602112,31.8609490000199,0.15330799999446754,0.024601000006896356,0.0,401408,0.0,0.0,0.0,0.0,0,0.0,0.0,0.0,0.0,0,0.0,0.0,0.0,0.0,0
1,chain_2svc,40,73.46713199996202,68.43495599997595,5.032175999986066,1003520,1,37.38935199999105,0.19461099998352438,0.044902000013280485,33.911660999990545,602112,31.045603999984905,0.1536080000050788,0.026502000025629968,0.0,401408,0.0,0.0,0.0,0.0,0,0.0,0.0,0.0,0.0,0,0.0,0.0,0.0,0.0,0
1,chain_2svc,41,71.89844600003426,67.43269999998347,4.465746000050785,1003520,1,37.438953999981095,0.20391200001768084,0.04950300001382857,32.19046600003139,602112,29.993746000002375,0.14990899995837026,0.024601000006896356,0.0,401408,0.0,0.0,0.0,0.0,0,0.0,0.0,0.0,0.0,0,0.0,0.0,0.0,0.0,0
1,chain_2svc,42,73.07511000004752,68.26984700001049,4.80526300003703,1003520,1,37.62056400000802,0.2002109999921231,0.05030299996633403,32.95480899998893,602112,30.64928300000247,0.1497079999808193,0.025901000014982856,0.0,401408,0.0,0.0,0.0,0.0,0,0.0,0.0,0.0,0.0,0,0.0,0.0,0.0,0.0,0
1,chain_2svc,43,73.19601700004341,68.40125400003672,4.7947630000066965,1003520,1,37.96048300000621,0.2009110000358305,0.051902999985031784,32.600789000014174,602112,30.44077100003051,0.15180799999825467,0.025300999993760342,0.0,401408,0.0,0.0,0.0,0.0,0,0.0,0.0,0.0,0.0,0,0.0,0.0,0.0,0.0,0
1,chain_2svc,44,75.46364099999892,70.98639600002343,4.477244999975483,1003520,1,41.70148900004733,0.21651199995176285,0.05320299999311828,31.38852299997552,602112,29.2849069999761,0.15570900001193877,0.024901000017507613,0.0,401408,0.0,0.0,0.0,0.0,0,0.0,0.0,0.0,0.0,0,0.0,0.0,0.0,0.0,0
1,chain_2svc,45,75.53104499999108,71.27911100002393,4.25193399996715,1003520,1,40.64273000000185,0.18841100001054656,0.04780299997264592,32.58748799999012,602112,30.636381000022084,0.15250899997454326,0.026402000003145076,0.0,401408,0.0,0.0,0.0,0.0,0,0.0,0.0,0.0,0.0,0,0.0,0.0,0.0,0.0,0
1,chain_2svc,46,71.29051200001868,67.017379000049,4.273132999969675,1003520,1,37.107137000020884,0.1964109999903485,0.0499020000006567,31.93075299998327,602112,29.91024200002812,0.1548079999906804,0.02380099999754748,0.0,401408,0.0,0.0,0.0,0.0,0,0.0,0.0,0.0,0.0,0,0.0,0.0,0.0,0.0,0
1,chain_2svc,47,72.74789199999532,67.83552199999576,4.912369999999555,1003520,1,37.411953000002995,0.20441100002699386,0.0512029999981678,32.615890000045056,602112,30.423568999992767,0.15530899997884262,0.025502000028154725,0.0,401408,0.0,0.0,0.0,0.0,0,0.0,0.0,0.0,0.0,0,0.0,0.0,0.0,0.0,0
1,chain_2svc,48,71.89154600001757,67.71041500007868,4.181130999938887,1003520,1,37.37865100004001,0.19461099998352438,0.0499029999900813,32.30237299999317,602112,30.331764000038675,0.15180899998767927,0.0256019999937962,0.0,401408,0.0,0.0,0.0,0.0,0,0.0,0.0,0.0,0.0,0,0.0,0.0,0.0,0.0,0
1,chain_2svc,49,71.47562299996935,66.84216799993692,4.633455000032427,1003520,1,37.26834499997267,0.2028110000082961,0.049803000024439825,32.00465700001587,602112,29.57382299996425,0.15530900003568604,0.024701000029381248,0.0,401408,0.0,0.0,0.0,0.0,0,0.0,0.0,0.0,0.0,0,0.0,0.0,0.0,0.0,0
1,chain_2svc,50,72.17626100003827,68.04823499999202,4.128026000046248,1003520,1,37.16603999998824,0.19601100001409577,0.05220299999564304,32.76109800003724,602112,30.882195000003776,0.15040799996768328,0.024902000006932212,0.0,401408,0.0,0.0,0.0,0.0,0,0.0,0.0,0.0,0.0,0,0.0,0.0,0.0,0.0,0
1,chain_2svc,51,71.50662499998361,67.40639899993539,4.100226000048224,1003520,1,37.221642999952564,0.2074110000194196,0.054203000047436944,32.12566299998798,602112,30.184755999982826,0.14710800002148972,0.02570200001628109,0.0,401408,0.0,0.0,0.0,0.0,0,0.0,0.0,0.0,0.0,0,0.0,0.0,0.0,0.0,0
1,chain_2svc,52,72.75359300001583,68.55706299995745,4.196530000058374,1003520,1,38.306601999977374,0.18511000001808497,0.04830300002822696,32.165865000024496,602112,30.250460999980078,0.1497079999808193,0.025901000014982856,0.0,401408,0.0,0.0,0.0,0.0,0,0.0,0.0,0.0,0.0,0,0.0,0.0,0.0,0.0,0
1,chain_2svc,53,72.40337300004285,67.93972899998835,4.463644000054501,1003520,1,37.26954600000454,0.19861099997342535,0.049702000012530334,32.70739499998854,602112,30.67018299998381,0.15500899996823136,0.02520100002811887,0.0,401408,0.0,0.0,0.0,0.0,0,0.0,0.0,0.0,0.0,0,0.0,0.0,0.0,0.0,0
1,chain_2svc,54,73.48793299996714,69.27720099997714,4.210731999990003,1003520,1,37.68396800001028,0.19431099997291312,0.05180300001939031,33.63184599999158,602112,31.593232999966858,0.15720900000815163,0.02570200001628109,0.0,401408,0.0,0.0,0.0,0.0,0,0.0,0.0,0.0,0.0,0,0.0,0.0,0.0,0.0,0
1,chain_2svc,55,78.12728800001878,73.53503500002034,4.592252999998436,1003520,1,37.21844199998259,0.1829099999781647,0.04460300004893725,38.52731400002085,602112,36.316593000037756,0.1573089999737931,0.022801000000072236,0.0,401408,0.0,0.0,0.0,0.0,0,0.0,0.0,0.0,0.0,0,0.0,0.0,0.0,0.0,0
1,chain_2svc,56,78.29249700000673,73.70554499999571,4.586952000011024,1003520,1,39.07494399999223,0.18411100001003433,0.04920300000321731,36.76211800001283,602112,34.63060100000348,0.15380799999320516,0.025300999993760342,0.0,401408,0.0,0.0,0.0,0.0,0,0.0,0.0,0.0,0.0,0,0.0,0.0,0.0,0.0,0
1,chain_2svc,57,72.62788600002068,68.1496400000583,4.4782459999623825,1003520,1,37.91218100002425,0.23371300000007977,0.05130299996380927,32.208566999997856,602112,30.23745900003405,0.1523089999864169,0.024500999984411465,0.0,401408,0.0,0.0,0.0,0.0,0,0.0,0.0,0.0,0.0,0,0.0,0.0,0.0,0.0,0
1,chain_2svc,58,73.01350800003092,68.70417000004636,4.309337999984564,1003520,1,37.66906700002437,0.19031099998301215,0.052003000007516675,33.02661299994725,602112,31.03510300002199,0.18790999996554092,0.025001999972573685,0.0,401408,0.0,0.0,0.0,0.0,0,0.0,0.0,0.0,0.0,0,0.0,0.0,0.0,0.0,0
1,chain_2svc,59,73.79265000002988,69.32810499995412,4.464545000075759,1003520,1,39.39186200000222,0.20631099999945945,0.048103000040100596,32.007756000041354,602112,29.9362429999519,0.15250800004196208,0.024202000020068226,0.0,401408,0.0,0.0,0.0,0.0,0,0.0,0.0,0.0,0.0,0,0.0,0.0,0.0,0.0,0
1,chain_2svc,60,73.8348520000045,69.21889799997416,4.615954000030342,1003520,1,37.39565199998651,0.19061100005046683,0.05100300001004143,34.045868999953655,602112,31.82324599998765,0.15380899998262976,0.027301999978135427,0.0,401408,0.0,0.0,0.0,0.0,0,0.0,0.0,0.0,0.0,0,0.0,0.0,0.0,0.0,0
1,chain_2svc,61,71.30471300001773,66.92227299998876,4.382440000028964,1003520,1,37.24484399998573,0.20111100002395688,0.0442020000264165,31.724241999995684,602112,29.67742900000303,0.1492080000389251,0.025000999983149086,0.0,401408,0.0,0.0,0.0,0.0,0,0.0,0.0,0.0,0.0,0,0.0,0.0,0.0,0.0,0
1,chain_2svc,62,71.21740899998485,66.49364899999455,4.723759999990307,1003520,1,37.4882570000068,0.2066119999994953,0.04430299998148257,31.34682000001021,602112,29.00539199998775,0.14840800002957621,0.029802000028666953,0.0,401408,0.0,0.0,0.0,0.0,0,0.0,0.0,0.0,0.0,0,0.0,0.0,0.0,0.0,0
1,chain_2svc,63,73.88785599999892,69.59041900000784,4.297436999991078,1003520,1,39.57747200001904,0.2002109999921231,0.05080299996507165,31.953153000017664,602112,30.0129469999888,0.1536089999945034,0.025000999983149086,0.0,401408,0.0,0.0,0.0,0.0,0,0.0,0.0,0.0,0.0,0,0.0,0.0,0.0,0.0,0
1,chain_2svc,64,72.4411759999839,67.90682600001219,4.53434999997171,1003520,1,37.444155000002866,0.20441099997015044,0.052903000039350445,32.62859099999105,602112,30.462671000009323,0.15640899999880276,0.02480199998444732,0.0,401408,0.0,0.0,0.0,0.0,0,0.0,0.0,0.0,0.0,0,0.0,0.0,0.0,0.0,0
1,chain_2svc,65,72.06595499997093,67.71641599999612,4.349538999974811,1003520,1,38.159694000000854,0.197710999998435,0.06890399998837893,31.456627000011395,602112,29.55672199999526,0.15630899997631786,0.02340100002129475,0.0,401408,0.0,0.0,0.0,0.0,0,0.0,0.0,0.0,0.0,0,0.0,0.0,0.0,0.0,0
1,chain_2svc,66,73.97045900000876,68.99388599998701,4.9765730000217445,1003520,1,37.902680000001965,0.1894100000185972,0.04560299998956907,33.901260999982696,602112,31.09120599998505,0.17371000001276116,0.02620200001501871,0.0,401408,0.0,0.0,0.0,0.0,0,0.0,0.0,0.0,0.0,0,0.0,0.0,0.0,0.0,0
1,chain_2svc,67,73.6033389999875,68.94158299996889,4.661756000018613,1003520,1,37.718869999991966,0.19701000002214641,0.04970300000195493,33.584743999995226,602112,31.22271299997692,0.1523089999864169,0.0256019999937962,0.0,401408,0.0,0.0,0.0,0.0,0,0.0,0.0,0.0,0.0,0,0.0,0.0,0.0,0.0,0
1,chain_2svc,68,71.76443899999185,67.50140399992688,4.263035000064974,1003520,1,37.43915399996922,0.20341200001894322,0.05320299999311828,31.995456000004197,602112,30.062249999957658,0.15940800000180388,0.02400200003194186,0.0,401408,0.0,0.0,0.0,0.0,0,0.0,0.0,0.0,0.0,0,0.0,0.0,0.0,0.0,0
1,chain_2svc,69,72.45687599998973,67.6078100000268,4.8490659999629315,1003520,1,37.61806400001433,0.20251199998710945,0.05310299997063339,32.57998800000905,602112,29.989746000012474,0.19010999994861777,0.026300999991235585,0.0,401408,0.0,0.0,0.0,0.0,0,0.0,0.0,0.0,0.0,0,0.0,0.0,0.0,0.0,0
1,chain_2svc,70,73.17461600001707,68.71937199997546,4.455244000041603,1003520,1,39.27515599997378,0.2348130000200399,0.04940200000191908,31.277917000011257,602112,29.44421600000169,0.15130799999951705,0.024200999973800208,0.0,401408,0.0,0.0,0.0,0.0,0,0.0,0.0,0.0,0.0,0,0.0,0.0,0.0,0.0,0
1,chain_2svc,71,72.55228200000374,67.91822799999636,4.6340540000073815,1003520,1,37.54746099997419,0.19360999999662454,0.05180300001939031,32.6333909999903,602112,30.37076700002217,0.15140799996515852,0.024702000018805848,0.0,401408,0.0,0.0,0.0,0.0,0,0.0,0.0,0.0,0.0,0,0.0,0.0,0.0,0.0,0
1,chain_2svc,72,71.92944799999168,67.22229000001789,4.707157999973788,1003520,1,37.19824199998811,0.18841000002112196,0.0512020000087432,32.32667499997888,602112,30.02404800002978,0.1503080000020418,0.0256010000043716,0.0,401408,0.0,0.0,0.0,0.0,0,0.0,0.0,0.0,0.0,0,0.0,0.0,0.0,0.0,0
1,chain_2svc,73,72.36427200001572,68.04953400001068,4.314738000005036,1003520,1,36.832420999985516,0.1996109999709006,0.04700300002014046,33.218322999971406,602112,31.217113000025165,0.16510899996546868,0.025001999972573685,0.0,401408,0.0,0.0,0.0,0.0,0,0.0,0.0,0.0,0.0,0,0.0,0.0,0.0,0.0,0
1,chain_2svc,74,73.76454899997498,69.29320199998301,4.471346999991965,1003520,1,37.04683299997669,0.23201300001574054,0.04600300002266522,34.43368999995755,602112,32.246369000006325,0.15500900002507478,0.026902000001882698,0.0,401408,0.0,0.0,0.0,0.0,0,0.0,0.0,0.0,0.0,0,0.0,0.0,0.0,0.0,0
1,chain_2svc,75,71.79353999998739,67.4359999999865,4.357540000000881,1003520,1,37.544359999969856,0.19241100000044753,0.04960300003631346,31.896949999975277,602112,29.89164000001665,0.1485089999846423,0.025900999958139437,0.0,401408,0.0,0.0,0.0,0.0,0,0.0,0.0,0.0,0.0,0,0.0,0.0,0.0,0.0,0
1,chain_2svc,76,75.44064000001072,70.57797400000254,4.862666000008176,1003520,1,37.89627999998402,0.1920110000241948,0.0525030000062543,35.33633900002542,602112,32.681694000018524,0.14670799998839357,0.028501000031155854,0.0,401408,0.0,0.0,0.0,0.0,0,0.0,0.0,0.0,0.0,0,0.0,0.0,0.0,0.0,0
1,chain_2svc,77,70.83138699999836,66.6782590000139,4.153127999984463,1003520,1,36.91682599998103,0.19181099997922502,0.049803000024439825,31.710239999995338,602112,29.761433000032866,0.16800899999225294,0.025301999983184942,0.0,401408,0.0,0.0,0.0,0.0,0,0.0,0.0,0.0,0.0,0,0.0,0.0,0.0,0.0,0
1,chain_2svc,78,72.49267899999268,68.23714400002245,4.255534999970223,1003520,1,37.43745399998488,0.18251000000191198,0.04960299997947004,32.672592999972494,602112,30.79969000003757,0.14780799995151028,0.025101999995058577,0.0,401408,0.0,0.0,0.0,0.0,0,0.0,0.0,0.0,0.0,0,0.0,0.0,0.0,0.0,0
1,chain_2svc,79,72.2584660000507,67.93262800005095,4.325837999999749,1003520,1,37.1699400000125,0.1843100000087361,0.05000300001256619,32.70629500002542,602112,30.76268800003845,0.15710899998566674,0.026301999980660185,0.0,401408,0.0,0.0,0.0,0.0,0,0.0,0.0,0.0,0.0,0,0.0,0.0,0.0,0.0,0
1,chain_2svc,80,73.80255099997157,69.52731600000561,4.27523499996596,1003520,1,37.80007500000693,0.18991000001733482,0.049802999967596406,33.76125299996602,602112,31.727240999998685,0.14930800000456657,0.02440100001876999,0.0,401408,0.0,0.0,0.0,0.0,0,0.0,0.0,0.0,0.0,0,0.0,0.0,0.0,0.0,0
1,chain_2svc,81,73.50873500001853,68.75477399995589,4.753961000062645,1003520,1,37.75827199996229,0.19951100000525912,0.04530300003580123,33.274925999990046,602112,30.996501999993598,0.13970700001664227,0.02700100003494299,0.0,401408,0.0,0.0,0.0,0.0,0,0.0,0.0,0.0,0.0,0,0.0,0.0,0.0,0.0,0
1,chain_2svc,82,74.68129899996256,70.23825499993563,4.44304400002693,1003520,1,38.257999999984804,0.20361099996080156,0.04850200002692873,33.93866200002549,602112,31.98025499995083,0.15330900004073555,0.026001000037467747,0.0,401408,0.0,0.0,0.0,0.0,0,0.0,0.0,0.0,0.0,0,0.0,0.0,0.0,0.0,0
1,chain_2svc,83,73.1234130000189,68.5744639999939,4.548949000025004,1003520,1,37.899879999997665,0.20231100000955848,0.05480300001181604,32.73649599998407,602112,30.67458399999623,0.14550800000279196,0.026300999991235585,0.0,401408,0.0,0.0,0.0,0.0,0,0.0,0.0,0.0,0.0,0,0.0,0.0,0.0,0.0,0
1,chain_2svc,84,74.28557700001193,69.65582300000506,4.629754000006869,1003520,1,38.93643700001803,0.19441099999539802,0.05350300000372954,32.907405999992534,602112,30.719385999987026,0.15630799998689326,0.02530200004002836,0.0,401408,0.0,0.0,0.0,0.0,0,0.0,0.0,0.0,0.0,0,0.0,0.0,0.0,0.0,0
1,chain_2svc,85,72.26446599997871,67.3957990000531,4.868666999925608,1003520,1,37.90918100003182,0.2073109999969347,0.04450199998018434,31.696839999995063,602112,29.48661800002128,0.138208000009854,0.024500999984411465,0.0,401408,0.0,0.0,0.0,0.0,0,0.0,0.0,0.0,0.0,0,0.0,0.0,0.0,0.0,0
1,chain_2svc,86,73.29142200001115,68.55936299996301,4.732059000048139,1003520,1,36.984229999973195,0.1965100000234088,0.053702999991855904,33.98346500000571,602112,31.57513299998982,0.1574080000068534,0.025801999981922563,0.0,401408,0.0,0.0,0.0,0.0,0,0.0,0.0,0.0,0.0,0,0.0,0.0,0.0,0.0,0
1,chain_2svc,87,75.26743099998612,70.86428799993882,4.403143000047294,1003520,1,37.805873999957385,0.1927110000110588,0.042703000019628234,35.09172599996191,602112,33.05841399998144,0.15570900001193877,0.026401000013720477,0.0,401408,0.0,0.0,0.0,0.0,0,0.0,0.0,0.0,0.0,0,0.0,0.0,0.0,0.0,0
1,chain_2svc,88,73.32252399999106,68.74047300004804,4.5820509999430215,1003520,1,37.75117200001432,0.1958110000259694,0.05340299998124465,33.2421240000258,602112,30.98930100003372,0.1549090000025899,0.026300999991235585,0.0,401408,0.0,0.0,0.0,0.0,0,0.0,0.0,0.0,0.0,0,0.0,0.0,0.0,0.0,0
1,chain_2svc,89,73.03080799999861,68.5824639999737,4.4483440000249175,1003520,1,37.832576999960565,0.19531000003780719,0.05140300004313758,32.802600000024995,602112,30.749887000013132,0.15340900000637703,0.02610199999253382,0.0,401408,0.0,0.0,0.0,0.0,0,0.0,0.0,0.0,0.0,0,0.0,0.0,0.0,0.0,0
1,chain_2svc,90,72.4803779999661,68.10543800008872,4.37493999987737,1003520,1,37.80407500005367,0.19670999995469174,0.05050299995446039,32.45128100002148,602112,30.301363000035053,0.14730799995277266,0.0256019999937962,0.0,401408,0.0,0.0,0.0,0.0,0,0.0,0.0,0.0,0.0,0,0.0,0.0,0.0,0.0,0
1,chain_2svc,91,75.3025319999665,70.6969799999797,4.605551999986801,1003520,1,40.12850300000537,0.21741199998359662,0.0447019999683107,32.73379699999168,602112,30.568476999974337,0.15390900000511465,0.025802000038765982,0.0,401408,0.0,0.0,0.0,0.0,0,0.0,0.0,0.0,0.0,0,0.0,0.0,0.0,0.0,0
1,chain_2svc,92,75.34693500002732,70.44916599994622,4.897769000081098,1003520,1,38.003785999990214,0.1990110000065215,0.0525030000062543,34.8476120000214,602112,32.445379999956,0.1485079999952177,0.027702000011231576,0.0,401408,0.0,0.0,0.0,0.0,0,0.0,0.0,0.0,0.0,0,0.0,0.0,0.0,0.0,0
1,chain_2svc,93,72.82609600002843,68.33315000000084,4.492946000027587,1003520,1,38.4564109999701,0.20501100004821637,0.05050300001130381,31.86464899999919,602112,29.87673900003074,0.15120900002330018,0.026902000001882698,0.0,401408,0.0,0.0,0.0,0.0,0,0.0,0.0,0.0,0.0,0,0.0,0.0,0.0,0.0,0
1,chain_2svc,94,72.6960900000222,67.81802200003995,4.87806799998225,1003520,1,37.29094700003088,0.20441099997015044,0.0607029999741826,32.96861000001172,602112,30.527075000009063,0.14930800000456657,0.02380099999754748,0.0,401408,0.0,0.0,0.0,0.0,0,0.0,0.0,0.0,0.0,0,0.0,0.0,0.0,0.0,0
1,chain_2svc,95,72.82799700004716,68.31714900005181,4.510847999995349,1003520,1,37.42345400002023,0.20001099994715332,0.04880300002696458,32.935108000003765,602112,30.893695000031585,0.14760799996338392,0.025001999972573685,0.0,401408,0.0,0.0,0.0,0.0,0,0.0,0.0,0.0,0.0,0,0.0,0.0,0.0,0.0,0
1,chain_2svc,96,71.29771299997856,66.68225999999322,4.615452999985337,1003520,1,37.43755499999679,0.24491300001727723,0.0499029999900813,31.411524000020563,602112,29.24470499999643,0.1529079999613714,0.025002000029417104,0.0,401408,0.0,0.0,0.0,0.0,0,0.0,0.0,0.0,0.0,0,0.0,0.0,0.0,0.0,0
1,chain_2svc,97,73.83645300001263,69.33400499997333,4.502448000039294,1003520,1,38.76332699996965,0.199611000027744,0.0512029999981678,32.509783999955744,602112,30.57067800000368,0.15500799997880677,0.025901000014982856,0.0,401408,0.0,0.0,0.0,0.0,0,0.0,0.0,0.0,0.0,0,0.0,0.0,0.0,0.0,0
1,chain_2svc,98,72.467276999987,67.4468020000063,5.020474999980706,1003520,1,37.56356200000255,0.20231099995271506,0.0442020000264165,32.34727599999587,602112,29.883240000003752,0.15120799997703216,0.02520099997127545,0.0,401408,0.0,0.0,0.0,0.0,0,0.0,0.0,0.0,0.0,0,0.0,0.0,0.0,0.0,0
1,chain_2svc,99,74.41958399999749,69.74122799999805,4.6783559999994395,1003520,1,39.551671000026545,0.20121099998959835,0.05310299997063339,32.3795770000288,602112,30.1895569999715,0.15130899998894165,0.0256010000043716,0.0,401408,0.0,0.0,0.0,0.0,0,0.0,0.0,0.0,0.0,0,0.0,0.0,0.0,0.0,0
1,chain_2svc,100,72.31516900003498,67.44430300000204,4.870866000032947,1003520,1,37.97698500000024,0.199609999981476,0.05210299997315815,31.67843799997172,602112,29.467318000001796,0.15630800004373668,0.028400999951827544,0.0,401408,0.0,0.0,0.0,0.0,0,0.0,0.0,0.0,0.0,0,0.0,0.0,0.0,0.0,0
1,chain_2svc,101,71.9396329999995,67.5121749999903,4.42745800000921,1003520,1,37.644082999975126,0.19441099999539802,0.05090299998755654,31.871813000009297,602112,29.868092000015167,0.15320999995083184,0.026801999979397806,0.0,401408,0.0,0.0,0.0,0.0,0,0.0,0.0,0.0,0.0,0,0.0,0.0,0.0,0.0,0
1,chain_2svc,102,72.46034899998222,67.86707300000216,4.593275999980051,1003520,1,37.56875400000581,0.20501300002706557,0.052503999995678896,32.32134000000997,602112,30.298318999996354,0.1536089999945034,0.025901000014982856,0.0,401408,0.0,0.0,0.0,0.0,0,0.0,0.0,0.0,0.0,0,0.0,0.0,0.0,0.0,0
1,chain_2svc,103,74.41956700000674,69.91619600000831,4.503370999998424,1003520,1,38.529412000002594,0.196512000002258,0.05220299999564304,33.43510599995625,602112,31.38678400000572,0.1567099999988386,0.025401000016245234,0.0,401408,0.0,0.0,0.0,0.0,0,0.0,0.0,0.0,0.0,0,0.0,0.0,0.0,0.0,0
1,chain_2svc,104,72.2085339999694,67.55445499993584,4.654079000033562,1003520,1,37.66246099996806,0.1919110000017099,0.04770300000700445,32.31253900003139,602112,29.89199399996778,0.1561089999881915,0.025502000028154725,0.0,401408,0.0,0.0,0.0,0.0,0,0.0,0.0,0.0,0.0,0,0.0,0.0,0.0,0.0,0
1,chain_2svc,105,74.04704499998616,69.58297500005983,4.464069999926323,1003520,1,37.962278000009064,0.20381199999519595,0.05300399999441652,33.6498190000043,602112,31.620697000050768,0.15521000000262575,0.02610199999253382,0.0,401408,0.0,0.0,0.0,0.0,0,0.0,0.0,0.0,0.0,0,0.0,0.0,0.0,0.0,0
1,chain_2svc,106,75.78724900002953,71.41428699992503,4.372962000104508,1003520,1,39.49937099997669,0.19161099999109865,0.05540400002246315,33.88753399997313,602112,31.914915999948335,0.14620800004649936,0.025902000004407455,0.0,401408,0.0,0.0,0.0,0.0,0,0.0,0.0,0.0,0.0,0,0.0,0.0,0.0,0.0,0
1,chain_2svc,107,74.36426399999618,69.75088600000845,4.613377999987733,1003520,1,38.326900000015485,0.19941199997219883,0.05310400001690141,33.45060800000965,602112,31.423985999992965,0.1517100000114624,0.026001000037467747,0.0,401408,0.0,0.0,0.0,0.0,0,0.0,0.0,0.0,0.0,0,0.0,0.0,0.0,0.0,0
1,chain_2svc,108,73.33870200000092,68.78952900001423,4.549172999986695,1003520,1,38.78172800000357,0.20341200001894322,0.05040299998881892,32.14823000001843,602112,30.00780100001066,0.1587099999937891,0.024500999984411465,0.0,401408,0.0,0.0,0.0,0.0,0,0.0,0.0,0.0,0.0,0,0.0,0.0,0.0,0.0,0
1,chain_2svc,109,73.07528600000524,68.5542140000166,4.521071999988635,1003520,1,38.15788999997949,0.24011400000745198,0.05030300002317745,32.39204400000517,602112,30.39632400003711,0.15830999996069295,0.025801999981922563,0.0,401408,0.0,0.0,0.0,0.0,0,0.0,0.0,0.0,0.0,0,0.0,0.0,0.0,0.0,0
1,chain_2svc,110,74.82369100000597,70.17011199997114,4.653579000034824,1003520,1,38.987539999993714,0.21021300000256815,0.04950300001382857,33.43980699997928,602112,31.182571999977426,0.15661000003319714,0.025800999992497964,0.0,401408,0.0,0.0,0.0,0.0,0,0.0,0.0,0.0,0.0,0,0.0,0.0,0.0,0.0,0
1,chain_2svc,111,76.77810799998497,71.98122100004412,4.7968869999408525,1003520,1,39.05454400000963,0.19941200002904225,0.05360299996937101,34.9951009999927,602112,32.92667700003449,0.15430899998136738,0.026401000013720477,0.0,401408,0.0,0.0,0.0,0.0,0,0.0,0.0,0.0,0.0,0,0.0,0.0,0.0,0.0,0
1,chain_2svc,112,77.88267500001211,73.33860200003528,4.544072999976834,1003520,1,39.913896000030036,0.2034119999620998,0.053303000015603175,35.43732700001101,602112,33.424706000005244,0.15630999996574246,0.0269010000124581,0.0,401408,0.0,0.0,0.0,0.0,0,0.0,0.0,0.0,0.0,0,0.0,0.0,0.0,0.0,0
1,chain_2svc,113,74.05004499997858,69.68108199998824,4.3689629999903445,1003520,1,38.33680099995718,0.201712000034604,0.056404000019938394,33.33149999997431,602112,31.34428100003106,0.15240900000890178,0.024501999973836064,0.0,401408,0.0,0.0,0.0,0.0,0,0.0,0.0,0.0,0.0,0,0.0,0.0,0.0,0.0,0
1,chain_2svc,114,75.06350599999223,70.59513799993056,4.468368000061673,1003520,1,37.5800559999675,0.2105120000237548,0.05050300001130381,34.958098000004156,602112,33.01508199996306,0.14960900000460242,0.02880200003119171,0.0,401408,0.0,0.0,0.0,0.0,0,0.0,0.0,0.0,0.0,0,0.0,0.0,0.0,0.0,0
1,chain_2svc,115,73.79022899999654,68.69062200001963,5.099606999976913,1003520,1,37.32604000003903,0.20311199995148854,0.053302999958759756,34.11014700003534,602112,31.3645819999806,0.1531100000420338,0.02520200001754347,0.0,401408,0.0,0.0,0.0,0.0,0,0.0,0.0,0.0,0.0,0,0.0,0.0,0.0,0.0,0
1,chain_2svc,116,72.85067300000492,68.08408699998836,4.766586000016559,1003520,1,38.463508999996066,0.20581199999014643,0.05160299997442053,31.923016000007465,602112,29.620577999992292,0.15190900001016416,0.0243009999962851,0.0,401408,0.0,0.0,0.0,0.0,0,0.0,0.0,0.0,0.0,0,0.0,0.0,0.0,0.0,0
1,chain_2svc,117,72.23603599999251,67.99878099997159,4.237255000020923,1003520,1,37.925276000009944,0.18521099997315105,0.048003000017615705,32.0881260000192,602112,30.073504999961642,0.1504090000139513,0.02390200000945697,0.0,401408,0.0,0.0,0.0,0.0,0,0.0,0.0,0.0,0.0,0,0.0,0.0,0.0,0.0,0
1,chain_2svc,118,72.10212799998317,67.46614999997291,4.635978000010255,1003520,1,37.61385799998607,0.20371199997271106,0.0519030000418752,32.013622000022224,602112,29.852291999986846,0.1491090000058648,0.026002000026892347,0.0,401408,0.0,0.0,0.0,0.0,0,0.0,0.0,0.0,0.0,0,0.0,0.0,0.0,0.0,0
1,chain_2svc,119,72.16163099997175,67.76076699998157,4.400863999990179,1003520,1,37.054323999996086,0.20511200000328245,0.049302999968858785,32.67836200001284,602112,30.706442999985484,0.14870899997276865,0.023802000043815497,0.0,401408,0.0,0.0,0.0,0.0,0,0.0,0.0,0.0,0.0,0,0.0,0.0,0.0,0.0,0
1,chain_2svc,120,72.13032900000371,67.98697900001116,4.143349999992552,1003520,1,37.667960000021594,0.21071300000130577,0.04640299999891795,32.131328999980724,602112,30.319018999989567,0.15701000000944987,0.02610199999253382,0.0,401408,0.0,0.0,0.0,0.0,0,0.0,0.0,0.0,0.0,0,0.0,0.0,0.0,0.0,0
1,chain_2svc,121,73.40890599999739,68.61241899997594,4.796487000021443,1003520,1,37.65706100000443,0.19761200002221813,0.04830199998195894,33.472909000010986,602112,30.95535799997151,0.1542100000051505,0.026201000025594112,0.0,401408,0.0,0.0,0.0,0.0,0,0.0,0.0,0.0,0.0,0,0.0,0.0,0.0,0.0,0
1,chain_2svc,122,78.63071999997828,74.16675100000703,4.463968999971257,1003520,1,41.18777200000068,0.20371200002955447,0.06740399999216606,34.97749900003555,602112,32.97897900000635,0.16070999998873958,0.026502000025629968,0.0,401408,0.0,0.0,0.0,0.0,0,0.0,0.0,0.0,0.0,0,0.0,0.0,0.0,0.0,0
1,chain_2svc,123,76.55579499999021,71.67270099995449,4.883094000035726,1003520,1,41.69150199999194,0.21291300004122604,0.04850299995950991,32.441546999962156,602112,29.981198999962544,0.14930900005083458,0.02610199999253382,0.0,401408,0.0,0.0,0.0,0.0,0,0.0,0.0,0.0,0.0,0,0.0,0.0,0.0,0.0,0
1,chain_2svc,124,73.01788199998782,68.64221900002576,4.37566299996206,1003520,1,38.04818300000079,0.22121400002106384,0.051502999951935635,32.551553000018885,602112,30.59403600002497,0.1464089999672069,0.02520200001754347,0.0,401408,0.0,0.0,0.0,0.0,0,0.0,0.0,0.0,0.0,0,0.0,0.0,0.0,0.0,0
1,chain_2svc,125,71.54549399996313,67.22953600001347,4.31595799994966,1003520,1,37.44904799998494,0.18991100000675942,0.05000300001256619,31.680402000006325,602112,29.780488000028527,0.14730899999904068,0.02480099999502272,0.0,401408,0.0,0.0,0.0,0.0,0,0.0,0.0,0.0,0.0,0,0.0,0.0,0.0,0.0,0
1,chain_2svc,126,72.63796000000866,68.2824980000305,4.355461999978161,1003520,1,38.138688999993064,0.24081399999431596,0.04380299998274495,32.0456229999877,602112,30.143809000037436,0.1465089999896918,0.025402000005669834,0.0,401408,0.0,0.0,0.0,0.0,0,0.0,0.0,0.0,0.0,0,0.0,0.0,0.0,0.0,0
1,chain_2svc,127,73.51731300002484,69.07024600002387,4.44706700000097,1003520,1,37.85857200000464,0.20181200000024546,0.05280400000629015,33.1908920000501,602112,31.21167400001923,0.14870799998334405,0.025401000016245234,0.0,401408,0.0,0.0,0.0,0.0,0,0.0,0.0,0.0,0.0,0,0.0,0.0,0.0,0.0,0
1,chain_2svc,128,74.43626700001005,70.13071000000082,4.30555700000923,1003520,1,38.445808000005854,0.20131200000150784,0.06050299998605624,33.5259130000054,602112,31.684901999994963,0.15160900005639633,0.027300999988710828,0.0,401408,0.0,0.0,0.0,0.0,0,0.0,0.0,0.0,0.0,0,0.0,0.0,0.0,0.0,0
1,chain_2svc,129,73.58131600000206,69.12064800002327,4.460667999978796,1003520,1,37.861172000020815,0.20421299996087328,0.044903000002705085,33.26339599999528,602112,31.25947600000245,0.15500999995765596,0.02390100002003237,0.0,401408,0.0,0.0,0.0,0.0,0,0.0,0.0,0.0,0.0,0,0.0,0.0,0.0,0.0,0
1,chain_2svc,130,74.74668699995846,70.00940299997183,4.73728399998663,1003520,1,38.04328399996848,0.20101199999089658,0.05170299999690542,34.217253999997865,602112,31.966119000003346,0.15110900000081529,0.026902000001882698,0.0,401408,0.0,0.0,0.0,0.0,0,0.0,0.0,0.0,0.0,0,0.0,0.0,0.0,0.0,0
1,chain_2svc,131,75.99826200004145,71.50199200003726,4.496270000004188,1003520,1,39.01174200001378,0.20301199998584707,0.04960199999004544,34.52327200000127,602112,32.49025000002348,0.15640999998822736,0.025300999993760342,0.0,401408,0.0,0.0,0.0,0.0,0,0.0,0.0,0.0,0.0,0,0.0,0.0,0.0,0.0,0
1,chain_2svc,132,73.29989900000555,68.84223100001918,4.45766799998637,1003520,1,38.49651000001586,0.19411199997421136,0.05220399998506764,32.40344499999992,602112,30.345721000003323,0.15270900001951304,0.02780199997687305,0.0,401408,0.0,0.0,0.0,0.0,0,0.0,0.0,0.0,0.0,0,0.0,0.0,0.0,0.0,0
1,chain_2svc,133,76.48259100000132,71.98062099996605,4.501970000035271,1003520,1,41.24127599999383,0.23151400000642752,0.0525030000062543,32.70026300003792,602112,30.739344999972218,0.1561089999881915,0.0256019999937962,0.0,401408,0.0,0.0,0.0,0.0,0,0.0,0.0,0.0,0.0,0,0.0,0.0,0.0,0.0,0
1,chain_2svc,134,72.54155399999718,68.27119799999082,4.270356000006359,1003520,1,37.81616999998505,0.20001199999342134,0.05310300002747681,32.3602420000384,602112,30.45502800000577,0.15590900000006513,0.025400999959401815,0.0,401408,0.0,0.0,0.0,0.0,0,0.0,0.0,0.0,0.0,0,0.0,0.0,0.0,0.0,0
1,chain_2svc,135,73.51251299996875,69.10094699998126,4.411565999987488,1003520,1,38.14978899998778,0.19441199998482261,0.05130300002065269,32.975479000015184,602112,30.951157999993484,0.15110900000081529,0.02610199999253382,0.0,401408,0.0,0.0,0.0,0.0,0,0.0,0.0,0.0,0.0,0,0.0,0.0,0.0,0.0,0
1,chain_2svc,136,74.66218100000788,70.12420799998154,4.537973000026341,1003520,1,38.24159499998814,0.19231200002423066,0.05540399996561973,34.00724099998342,602112,31.8826129999934,0.14950899998211753,0.02620200001501871,0.0,401408,0.0,0.0,0.0,0.0,0,0.0,0.0,0.0,0.0,0,0.0,0.0,0.0,0.0,0
1,chain_2svc,137,73.98043999995707,69.6183790000191,4.362060999937967,1003520,1,39.03584300002194,0.18951199996308787,0.04950300001382857,32.54925400000275,602112,30.582535999997162,0.15570900001193877,0.02610100000310922,0.0,401408,0.0,0.0,0.0,0.0,0,0.0,0.0,0.0,0.0,0,0.0,0.0,0.0,0.0,0
1,chain_2svc,138,73.99224099998492,69.5055720000255,4.48666899995942,1003520,1,39.14134900003319,0.21271299999625626,0.05140299998629416,32.344840999996904,602112,30.364222999992307,0.14690899996594453,0.02530100005060376,0.0,401408,0.0,0.0,0.0,0.0,0,0.0,0.0,0.0,0.0,0,0.0,0.0,0.0,0.0,0
1,chain_2svc,139,72.38734499998145,68.01828199996862,4.369063000012829,1003520,1,38.19999199998847,0.19361200003231716,0.048902999992606055,31.76770699997178,602112,29.818289999980152,0.15430899998136738,0.02440100001876999,0.0,401408,0.0,0.0,0.0,0.0,0,0.0,0.0,0.0,0.0,0,0.0,0.0,0.0,0.0,0
1,chain_2svc,140,73.07958600000575,68.80783000002566,4.271755999980087,1003520,1,38.3228000000031,0.2072119999638744,0.04900300001509095,32.354641999972955,602112,30.48503000002256,0.15901000000440035,0.026300999991235585,0.0,401408,0.0,0.0,0.0,0.0,0,0.0,0.0,0.0,0.0,0,0.0,0.0,0.0,0.0,0
1,chain_2svc,141,72.7431660000093,68.34670199998527,4.396464000024025,1003520,1,38.23679499998889,0.20911199999318342,0.04240300000901698,32.11322800001426,602112,30.109906999996383,0.14940899995963264,0.02440200000819459,0.0,401408,0.0,0.0,0.0,0.0,0,0.0,0.0,0.0,0.0,0,0.0,0.0,0.0,0.0,0
1,chain_2svc,142,72.66936199999918,68.27579800000194,4.393563999997241,1003520,1,38.072585000008985,0.212412999985645,0.050702999999430176,32.18893199999684,602112,30.203212999992957,0.1593100000150116,0.0269010000124581,0.0,401408,0.0,0.0,0.0,0.0,0,0.0,0.0,0.0,0.0,0,0.0,0.0,0.0,0.0,0
1,chain_2svc,143,72.08792699998412,67.58455700003196,4.503369999952156,1003520,1,37.46624900003326,0.20301199998584707,0.053702999991855904,32.02482199998258,602112,30.118307999998706,0.14090899998109307,0.024601000006896356,0.0,401408,0.0,0.0,0.0,0.0,0,0.0,0.0,0.0,0.0,0,0.0,0.0,0.0,0.0,0
1,chain_2svc,144,71.33198200000379,66.60539699998935,4.726585000014438,1003520,1,37.038322999990214,0.19121100001484592,0.05140399997571876,32.01412100003154,602112,29.56707399999914,0.1465089999896918,0.02480199998444732,0.0,401408,0.0,0.0,0.0,0.0,0,0.0,0.0,0.0,0.0,0,0.0,0.0,0.0,0.0,0
1,chain_2svc,145,73.58031600000459,69.05464400000483,4.5256719999997586,1003520,1,37.23303399999622,0.1989119999734612,0.049803000024439825,34.11704699999518,602112,31.821610000008604,0.15260899999702815,0.023801999986972078,0.0,401408,0.0,0.0,0.0,0.0,0,0.0,0.0,0.0,0.0,0,0.0,0.0,0.0,0.0,0
1,chain_2svc,146,71.5156919999913,67.25443699997413,4.261255000017172,1003520,1,37.43934699997453,0.23931500004437112,0.05300300000499192,31.74170500000173,602112,29.8150899999996,0.1600100000018756,0.025500999981886707,0.0,401408,0.0,0.0,0.0,0.0,0,0.0,0.0,0.0,0.0,0,0.0,0.0,0.0,0.0,0
1,chain_2svc,147,74.20055399995817,69.82059000000618,4.379963999951997,1003520,1,37.33974100003934,0.19121200000427052,0.04810299998325718,34.44256699998505,602112,32.48084899996684,0.1504090000139513,0.025402000005669834,0.0,401408,0.0,0.0,0.0,0.0,0,0.0,0.0,0.0,0.0,0,0.0,0.0,0.0,0.0,0
1,chain_2svc,148,74.70408400001816,70.3925259999778,4.31155800004035,1003520,1,38.13228899997512,0.20371200002955447,0.04780300002948934,34.17945200004624,602112,32.26023700000269,0.1517090000220378,0.025300999993760342,0.0,401408,0.0,0.0,0.0,0.0,0,0.0,0.0,0.0,0.0,0,0.0,0.0,0.0,0.0,0
1,chain_2svc,149,72.43884799999023,68.03528299997197,4.403565000018261,1003520,1,37.729264000006424,0.20721300001014242,0.046203000010791584,32.333440000002156,602112,30.306018999965545,0.15310999998519037,0.025001000039992505,0.0,401408,0.0,0.0,0.0,0.0,0,0.0,0.0,0.0,0.0,0,0.0,0.0,0.0,0.0,0
1,chain_2svc,150,72.01052199997093,67.02322200004573,4.987299999925199,1003520,1,37.63035800000125,0.20911300003945144,0.0473029999739083,31.982620000007955,602112,29.392864000044483,0.15010900000334004,0.02520199996070005,0.0,401408,0.0,0.0,0.0,0.0,0,0.0,0.0,0.0,0.0,0,0.0,0.0,0.0,0.0,0
1,chain_2svc,151,74.70498399999315,70.2625170000033,4.442466999989847,1003520,1,39.40276499997708,0.19541199998229786,0.04860300003883822,32.778967000012926,602112,30.85975200002622,0.1491090000058648,0.025001999972573685,0.0,401408,0.0,0.0,0.0,0.0,0,0.0,0.0,0.0,0.0,0,0.0,0.0,0.0,0.0,0
1,chain_2svc,152,74.11384900001394,69.72618499997907,4.387664000034874,1003520,1,37.277036999967095,0.2009120000252551,0.047102999985781935,34.61747699998341,602112,32.449148000011974,0.15640899999880276,0.02520099997127545,0.0,401408,0.0,0.0,0.0,0.0,0,0.0,0.0,0.0,0.0,0,0.0,0.0,0.0,0.0,0
1,chain_2svc,153,71.24227699995345,66.71430500000497,4.527971999948477,1003520,1,37.33164099998021,0.2003120000040326,0.04720300000826683,31.554493999976785,602112,29.38266400002476,0.15090900001268892,0.02610199999253382,0.0,401408,0.0,0.0,0.0,0.0,0,0.0,0.0,0.0,0.0,0,0.0,0.0,0.0,0.0,0
1,chain_2svc,154,72.55295499999193,68.28459799999109,4.268357000000833,1003520,1,37.290737999967405,0.19811200002095575,0.048903000049449474,32.86657300003526,602112,30.993860000023687,0.15140899995458312,0.024702000018805848,0.0,401408,0.0,0.0,0.0,0.0,0,0.0,0.0,0.0,0.0,0,0.0,0.0,0.0,0.0,0
1,chain_2svc,155,73.06858599997668,68.17559200004553,4.89299399993115,1003520,1,37.893475000032595,0.20691199995326315,0.050203000000692555,32.8694730000052,602112,30.28211700001293,0.14860900000712718,0.02700199996752417,0.0,401408,0.0,0.0,0.0,0.0,0,0.0,0.0,0.0,0.0,0,0.0,0.0,0.0,0.0,0
1,chain_2svc,156,72.58845699999483,67.98178100001451,4.606675999980325,1003520,1,37.751065999998445,0.22771400000465292,0.04970300000195493,32.297538000022996,602112,30.230715000016062,0.14610899995659565,0.025901000014982856,0.0,401408,0.0,0.0,0.0,0.0,0,0.0,0.0,0.0,0.0,0,0.0,0.0,0.0,0.0,0
1,chain_2svc,157,72.31913999999051,67.83987099998967,4.479269000000841,1003520,1,37.789767999981905,0.2233129999922312,0.04960300003631346,32.04792299999326,602112,30.050103000007766,0.15220900002077542,0.02660199999127144,0.0,401408,0.0,0.0,0.0,0.0,0,0.0,0.0,0.0,0.0,0,0.0,0.0,0.0,0.0,0
1,chain_2svc,158,72.36404299999322,67.97527999998465,4.3887630000085665,1003520,1,37.722863999988476,0.199112000018431,0.04900300001509095,32.26593699997693,602112,30.252415999996174,0.15710899998566674,0.02610100000310922,0.0,401408,0.0,0.0,0.0,0.0,0,0.0,0.0,0.0,0.0,0,0.0,0.0,0.0,0.0,0
1,chain_2svc,159,73.09888700001466,68.25369599999931,4.8451910000153475,1003520,1,37.50785099998666,0.19421199999669625,0.041903000010279357,33.136389000048894,602112,30.74584500001265,0.14860900000712718,0.02650199996878655,0.0,401408,0.0,0.0,0.0,0.0,0,0.0,0.0,0.0,0.0,0,0.0,0.0,0.0,0.0,0
1,chain_2svc,160,73.90403599998763,69.21345399996426,4.690582000023369,1003520,1,38.0616850000024,0.21161199998687152,0.04970300000195493,33.052283000017724,602112,31.15176899996186,0.15581000002384826,0.026902000001882698,0.0,401408,0.0,0.0,0.0,0.0,0,0.0,0.0,0.0,0.0,0,0.0,0.0,0.0,0.0,0
1,chain_2svc,161,75.179812999977,70.67414199997302,4.505671000003986,1003520,1,38.93103699999756,0.1978120000103445,0.048003000017615705,33.79842900000085,602112,31.743104999975458,0.15531000002511064,0.02870200000870682,0.0,401408,0.0,0.0,0.0,0.0,0,0.0,0.0,0.0,0.0,0,0.0,0.0,0.0,0.0,0
1,chain_2svc,162,75.38622499998837,70.92545700004393,4.460767999944437,1003520,1,39.00244100003647,0.2162129999874196,0.044001999981446716,33.8837340000282,602112,31.923016000007465,0.1413089999573458,0.025401000016245234,0.0,401408,0.0,0.0,0.0,0.0,0,0.0,0.0,0.0,0.0,0,0.0,0.0,0.0,0.0,0
1,chain_2svc,163,80.02030300002616,75.24391700002298,4.7763860000031855,1003520,1,40.38002400000096,0.20641200001136895,0.06960399997524291,37.25243600001704,602112,34.86389300002202,0.19811200002095575,0.025000999983149086,0.0,401408,0.0,0.0,0.0,0.0,0,0.0,0.0,0.0,0.0,0,0.0,0.0,0.0,0.0,0
1,chain_2svc,164,73.67842200000041,69.00904199994784,4.66938000005257,1003520,1,38.11528799997177,0.2003120000040326,0.07050400000707668,33.1495890000042,602112,30.89375399997607,0.1491090000058648,0.02520100002811887,0.0,401408,0.0,0.0,0.0,0.0,0,0.0,0.0,0.0,0.0,0,0.0,0.0,0.0,0.0,0
1,chain_2svc,165,76.01566199997478,71.68810299992856,4.327559000046222,1003520,1,39.47776999996222,0.20051200004900238,0.051603000031263946,34.24025599997549,602112,32.21033299996634,0.16541000002234796,0.025300999993760342,0.0,401408,0.0,0.0,0.0,0.0,0,0.0,0.0,0.0,0.0,0,0.0,0.0,0.0,0.0,0
1,chain_2svc,166,80.2695180000228,75.58893700002045,4.6805810000023484,1003520,1,45.271017000004576,0.2285130000245772,0.061203999962344824,32.66325999999253,602112,30.317920000015874,0.15460899999197864,0.025900999958139437,0.0,401408,0.0,0.0,0.0,0.0,0,0.0,0.0,0.0,0.0,0,0.0,0.0,0.0,0.0,0
1,chain_2svc,167,74.23795599999039,69.34186199998749,4.896094000002904,1003520,1,37.141728999984025,0.20201199998837183,0.05030300002317745,34.652579000010064,602112,32.20013300000346,0.1477089999752934,0.024500999984411465,0.0,401408,0.0,0.0,0.0,0.0,0,0.0,0.0,0.0,0.0,0,0.0,0.0,0.0,0.0,0
1,chain_2svc,168,73.8695339999822,69.10274800003435,4.766785999947842,1003520,1,38.48271000003933,0.2009119999684117,0.054102999968108634,33.059685000011996,602112,30.62003799999502,0.15260900005387157,0.0256010000043716,0.0,401408,0.0,0.0,0.0,0.0,0,0.0,0.0,0.0,0.0,0,0.0,0.0,0.0,0.0,0
1,chain_2svc,169,72.92847700000493,68.55831599995099,4.37016100005394,1003520,1,37.55135399995879,0.20701200003259146,0.05270299999438066,33.029282000029525,602112,31.0069619999922,0.18010999997386534,0.025501000038730126,0.0,401408,0.0,0.0,0.0,0.0,0,0.0,0.0,0.0,0.0,0,0.0,0.0,0.0,0.0,0
1,chain_2svc,170,74.05144500000915,69.77348800000982,4.277956999999333,1003520,1,37.97327900002756,0.19071099995926488,0.044502999969608936,33.76272700000982,602112,31.80020899998226,0.15010900000334004,0.025101000005633978,0.0,401408,0.0,0.0,0.0,0.0,0,0.0,0.0,0.0,0.0,0,0.0,0.0,0.0,0.0,0
1,chain_2svc,171,73.68982299999516,69.16485199997169,4.52497100002347,1003520,1,37.58965699995542,0.18851100003303145,0.05050300001130381,33.675420999998096,602112,31.575195000016265,0.15110999999023988,0.025500999981886707,0.0,401408,0.0,0.0,0.0,0.0,0,0.0,0.0,0.0,0.0,0,0.0,0.0,0.0,0.0,0
1,chain_2svc,172,73.00318099999004,68.53791499992212,4.465266000067913,1003520,1,37.728364999964015,0.199112000018431,0.06810400003587347,33.043783999971765,602112,30.809549999958108,0.15610900004503492,0.02570100002685649,0.0,401408,0.0,0.0,0.0,0.0,0,0.0,0.0,0.0,0.0,0,0.0,0.0,0.0,0.0,0
1,chain_2svc,173,71.82341099996847,67.6151589999563,4.20825200001218,1003520,1,37.3884449999764,0.19761100003279353,0.05210300003000157,32.112326999993,602112,30.226713999979893,0.14680900000030306,0.024000999985673843,0.0,401408,0.0,0.0,0.0,0.0,0,0.0,0.0,0.0,0.0,0,0.0,0.0,0.0,0.0,0
1,chain_2svc,174,72.40764600004468,68.11498899998014,4.292657000064537,1003520,1,38.09618700000783,0.18911099999741054,0.042703000019628234,31.979319000015494,602112,30.01880199997231,0.1485089999846423,0.02380099999754748,0.0,401408,0.0,0.0,0.0,0.0,0,0.0,0.0,0.0,0.0,0,0.0,0.0,0.0,0.0,0
1,chain_2svc,175,73.24509599999374,68.99074099999325,4.254355000000487,1003520,1,37.93677700002718,0.2118130000212659,0.04550299996708418,33.07458599999791,602112,31.053963999966072,0.1543100000276354,0.025801000049341383,0.0,401408,0.0,0.0,0.0,0.0,0,0.0,0.0,0.0,0.0,0,0.0,0.0,0.0,0.0,0
1,chain_2svc,176,78.40530599997919,73.66902200004688,4.736283999932311,1003520,1,38.24529500002427,0.2014119999671493,0.07220499998084051,37.48505000004343,602112,35.42372700002261,0.15050899997959277,0.0525030000062543,0.0,401408,0.0,0.0,0.0,0.0,0,0.0,0.0,0.0,0.0,0,0.0,0.0,0.0,0.0,0
1,chain_2svc,177,72.34264199996687,67.8792740000631,4.463367999903767,1003520,1,37.39534500004993,0.19941199997219883,0.04450199998018434,32.47424900001761,602112,30.483929000013177,0.151009999967755,0.025501999971311307,0.0,401408,0.0,0.0,0.0,0.0,0,0.0,0.0,0.0,0.0,0,0.0,0.0,0.0,0.0,0
1,chain_2svc,178,73.12398900000971,68.72442500002762,4.399563999982092,1003520,1,37.56355500001973,0.20191199996588693,0.056002999997417646,33.30519899998308,602112,31.16087000000789,0.1914119999923969,0.02570199995943767,0.0,401408,0.0,0.0,0.0,0.0,0,0.0,0.0,0.0,0.0,0,0.0,0.0,0.0,0.0,0
1,chain_2svc,179,74.54987500000243,70.22661500002414,4.323259999978291,1003520,1,38.31960000002255,0.19671199999038436,0.05140299998629416,33.9666390000275,602112,31.907015000001593,0.15070900002456256,0.02650199996878655,0.0,401408,0.0,0.0,0.0,0.0,0,0.0,0.0,0.0,0.0,0,0.0,0.0,0.0,0.0,0
1,chain_2svc,180,71.56789600003322,67.26433700004009,4.303558999993129,1003520,1,37.32854000003272,0.2053119999914088,0.050702999999430176,31.912715000032676,602112,29.93579700000737,0.1869110000143337,0.025300999993760342,0.0,401408,0.0,0.0,0.0,0.0,0,0.0,0.0,0.0,0.0,0,0.0,0.0,0.0,0.0,0
1,chain_2svc,181,72.82016999999996,68.65042000003996,4.169749999960004,1003520,1,37.476049000019884,0.19941199997219883,0.048402999993868434,33.05288399997153,602112,31.174371000020074,0.15140899995458312,0.02740200000062032,0.0,401408,0.0,0.0,0.0,0.0,0,0.0,0.0,0.0,0.0,0,0.0,0.0,0.0,0.0,0
1,chain_2svc,182,75.96155900000667,71.17217199999004,4.789387000016632,1003520,1,39.270456999986436,0.2068130000338897,0.04700300002014046,34.23925499998859,602112,31.901715000003605,0.15631000002258588,0.02480099999502272,0.0,401408,0.0,0.0,0.0,0.0,0,0.0,0.0,0.0,0.0,0,0.0,0.0,0.0,0.0,0
1,chain_2svc,183,76.63879900002257,71.59159699995143,5.047202000071138,1003520,1,40.3230199999598,0.20451200003890335,0.05310300002747681,33.83432999999059,602112,31.268576999991637,0.15140900001142654,0.02620200001501871,0.0,401408,0.0,0.0,0.0,0.0,0,0.0,0.0,0.0,0.0,0,0.0,0.0,0.0,0.0,0
1,chain_2svc,184,74.55717499999537,69.94839799995134,4.608777000044029,1003520,1,37.44514799996068,0.2074120000088442,0.0519030000418752,34.60847700000613,602112,32.50324999999066,0.15221000001020002,0.027702000011231576,0.0,401408,0.0,0.0,0.0,0.0,0,0.0,0.0,0.0,0.0,0,0.0,0.0,0.0,0.0,0
1,chain_2svc,185,71.67750299998943,67.45884800005797,4.218654999931459,1003520,1,37.46444800003701,0.1907120000055329,0.048902999992606055,31.941017000008287,602112,29.99440000002096,0.1498089999927288,0.02350199997636082,0.0,401408,0.0,0.0,0.0,0.0,0,0.0,0.0,0.0,0.0,0,0.0,0.0,0.0,0.0,0
1,chain_2svc,186,70.54063399999677,66.32558000001154,4.21505399998523,1003520,1,36.85151100000894,0.1881119999893599,0.04960299997947004,31.405985000048986,602112,29.4740690000026,0.14610900001343907,0.025500999981886707,0.0,401408,0.0,0.0,0.0,0.0,0,0.0,0.0,0.0,0.0,0,0.0,0.0,0.0,0.0,0
1,chain_2svc,187,70.3196210000101,65.9677609999676,4.351860000042507,1003520,1,36.82451099996342,0.18671100002620733,0.047502000029453484,31.288477999964925,602112,29.143250000004173,0.1509089999558455,0.04060200001276826,0.0,401408,0.0,0.0,0.0,0.0,0,0.0,0.0,0.0,0.0,0,0.0,0.0,0.0,0.0,0
1,chain_2svc,188,71.6840019999836,67.40134600005376,4.28265599992983,1003520,1,37.18333200004054,0.19911199996158757,0.047102999985781935,32.14222900004415,602112,30.218014000013227,0.1523089999864169,0.025500999981886707,0.0,401408,0.0,0.0,0.0,0.0,0,0.0,0.0,0.0,0.0,0,0.0,0.0,0.0,0.0,0
1,chain_2svc,189,71.80811000000631,67.25003599996171,4.5580740000445985,1003520,1,36.93211600000268,0.19611199996916184,0.04680299997517068,32.20823300000575,602112,30.31791999995903,0.15250900003138668,0.025901000014982856,0.0,401408,0.0,0.0,0.0,0.0,0,0.0,0.0,0.0,0.0,0,0.0,0.0,0.0,0.0,0
1,chain_2svc,190,74.08804699997518,69.35356200000342,4.734484999971755,1003520,1,37.86537199999884,0.20271300002150383,0.05450399999062938,33.84303100000352,602112,31.48819000000458,0.156210000000101,0.02470099997253783,0.0,401408,0.0,0.0,0.0,0.0,0,0.0,0.0,0.0,0.0,0,0.0,0.0,0.0,0.0,0
1,chain_2svc,191,71.55669499996975,67.263037000032,4.29365799993775,1003520,1,37.48835000004647,0.1951119999716866,0.04850299995950991,31.73220499996887,602112,29.774686999985533,0.1504090000139513,0.024702000018805848,0.0,401408,0.0,0.0,0.0,0.0,0,0.0,0.0,0.0,0.0,0,0.0,0.0,0.0,0.0,0
1,chain_2svc,192,77.64956100004383,72.90327499998739,4.746286000056443,1003520,1,38.701922999962335,0.19951199999468372,0.06320400001413873,36.532492999981514,602112,34.201352000025054,0.17781100001457162,0.027301999978135427,0.0,401408,0.0,0.0,0.0,0.0,0,0.0,0.0,0.0,0.0,0,0.0,0.0,0.0,0.0,0
1,chain_2svc,193,75.1598109999918,70.27361799998744,4.8861930000043685,1003520,1,38.33540099998345,0.2079129999970064,0.05310300002747681,34.36596300002748,602112,31.938217000003988,0.15600900002255003,0.025301999983184942,0.0,401408,0.0,0.0,0.0,0.0,0,0.0,0.0,0.0,0.0,0,0.0,0.0,0.0,0.0,0
1,chain_2svc,194,75.97545999999511,71.15836999997782,4.817090000017288,1003520,1,38.629118000017115,0.19671199999038436,0.047602999984519556,34.9553979999655,602112,32.52925199996071,0.1587099999937891,0.027802000033716467,0.0,401408,0.0,0.0,0.0,0.0,0,0.0,0.0,0.0,0.0,0,0.0,0.0,0.0,0.0,0
1,chain_2svc,195,74.08404700004212,69.71318500006873,4.3708619999733855,1003520,1,37.98928000003343,0.21271299999625626,0.050702999999430176,33.69832300001008,602112,31.723905000035302,0.154808999980105,0.028400999951827544,0.0,401408,0.0,0.0,0.0,0.0,0,0.0,0.0,0.0,0.0,0,0.0,0.0,0.0,0.0,0
1,chain_2svc,196,72.60195800000702,67.96947900005534,4.6324789999516724,1003520,1,37.500351000005594,0.21031200003562844,0.04920300000321731,32.759865999992144,602112,30.46912800004975,0.17871099998956197,0.02650199996878655,0.0,401408,0.0,0.0,0.0,0.0,0,0.0,0.0,0.0,0.0,0,0.0,0.0,0.0,0.0,0
1,chain_2svc,197,72.77166799997303,68.51121099998636,4.260456999986673,1003520,1,37.141728999984025,0.19761200002221813,0.051102999975682906,33.35380199996507,602112,31.369482000002336,0.15731000002006112,0.026701999956912914,0.0,401408,0.0,0.0,0.0,0.0,0,0.0,0.0,0.0,0.0,0,0.0,0.0,0.0,0.0,0
1,chain_2svc,198,75.14261000000033,70.54033399998616,4.602276000014172,1003520,1,38.17349100000911,0.20521200002576734,0.05170299999690542,34.609377000037966,602112,32.36684299997705,0.159309000025587,0.027202000012493954,0.0,401408,0.0,0.0,0.0,0.0,0,0.0,0.0,0.0,0.0,0,0.0,0.0,0.0,0.0,0
1,chain_2svc,199,72.00262200001362,67.50245099999574,4.500171000017872,1003520,1,37.6025570000138,0.19971199998281008,0.05140299998629416,32.20123199997715,602112,29.89989399998194,0.1536100000407714,0.025501999971311307,0.0,401408,0.0,0.0,0.0,0.0,0,0.0,0.0,0.0,0.0,0,0.0,0.0,0.0,0.0,0
1,chain_2svc,200,73.25879699999405,68.63001999994367,4.628777000050377,1003520,1,37.926376999962486,0.1996120000171686,0.05270299999438066,32.799868999973114,602112,30.703642999981184,0.15891000003875888,0.0333020000198303,0.0,401408,0.0,0.0,0.0,0.0,0,0.0,0.0,0.0,0.0,0,0.0,0.0,0.0,0.0,0
2,chain_2svc,1,74.00819600002251,69.80025600006456,4.207939999957944,1003520,1,39.41463400002476,0.216211999997995,0.04630299997643306,32.360734999997476,602112,30.385622000039803,0.15500899996823136,0.025101999995058577,0.0,401408,0.0,0.0,0.0,0.0,0,0.0,0.0,0.0,0.0,0,0.0,0.0,0.0,0.0,0
2,chain_2svc,2,74.74383700002818,70.38109099994472,4.362746000083462,1003520,1,38.58398799997076,0.20521099997949932,0.051502000019354455,33.84001900002431,602112,31.79710299997396,0.1523080000538357,0.025700999970013072,0.0,401408,0.0,0.0,0.0,0.0,0,0.0,0.0,0.0,0.0,0,0.0,0.0,0.0,0.0,0
2,chain_2svc,3,73.1842489999508,68.81290000001172,4.371348999939073,1003520,1,38.488781000012295,0.19571100000348451,0.053303000015603175,32.463739999968766,602112,30.324118999999428,0.154808999980105,0.025300999993760342,0.0,401408,0.0,0.0,0.0,0.0,0,0.0,0.0,0.0,0.0,0,0.0,0.0,0.0,0.0,0
2,chain_2svc,4,73.3889599999884,68.92370700001038,4.46525299997802,1003520,1,37.45862400000988,0.20641200001136895,0.0512020000087432,33.66350800001783,602112,31.465083000000504,0.15140899995458312,0.025802000038765982,0.0,401408,0.0,0.0,0.0,0.0,0,0.0,0.0,0.0,0.0,0,0.0,0.0,0.0,0.0,0
2,chain_2svc,5,75.06075500003817,70.27458400000341,4.786171000034756,1003520,1,38.45508000000564,0.21921299997984534,0.049302000036277605,34.12853399998994,602112,31.819503999997778,0.1588090000268494,0.026801999979397806,0.0,401408,0.0,0.0,0.0,0.0,0,0.0,0.0,0.0,0.0,0,0.0,0.0,0.0,0.0,0
2,chain_2svc,6,76.60974300000589,72.17959199999768,4.430151000008209,1003520,1,40.82831499999884,0.2086110000050212,0.04770300000700445,33.515499999964504,602112,31.351276999998845,0.1568090000318989,0.02780099998744845,0.0,401408,0.0,0.0,0.0,0.0,0,0.0,0.0,0.0,0.0,0,0.0,0.0,0.0,0.0,0
2,chain_2svc,7,73.338557999989,69.18682200006288,4.151735999926132,1003520,1,38.86250300001848,0.19241100000044753,0.04440300000396746,32.2994309999558,602112,30.324319000044397,0.14800899998590467,0.025500999981886707,0.0,401408,0.0,0.0,0.0,0.0,0,0.0,0.0,0.0,0.0,0,0.0,0.0,0.0,0.0,0
2,chain_2svc,8,74.60522999997465,69.99126700003444,4.613962999940213,1003520,1,37.05640000003996,0.19361099998604914,0.05130299996380927,34.98538399998097,602112,32.93486699999448,0.15300899997328088,0.025101000005633978,0.0,401408,0.0,0.0,0.0,0.0,0,0.0,0.0,0.0,0.0,0,0.0,0.0,0.0,0.0,0
2,chain_2svc,9,72.60691599998381,67.98595399999385,4.620961999989959,1003520,1,38.24336799999628,0.20141100003456813,0.0486029999819948,31.99391300000798,602112,29.742585999997573,0.15820900000562688,0.0243009999962851,0.0,401408,0.0,0.0,0.0,0.0,0,0.0,0.0,0.0,0.0,0,0.0,0.0,0.0,0.0,0
2,chain_2svc,10,72.00498200000993,67.44072300000425,4.564259000005677,1003520,1,37.242911000021195,0.19181099997922502,0.052802999960022134,32.32133300002715,602112,30.19781199998306,0.15080800000077943,0.025501999971311307,0.0,401408,0.0,0.0,0.0,0.0,0,0.0,0.0,0.0,0.0,0,0.0,0.0,0.0,0.0,0
2,chain_2svc,11,73.75408100000413,69.28632800003243,4.467752999971708,1003520,1,38.15906300002325,0.216911999984859,0.05300300000499192,33.30608800001755,602112,31.127265000009174,0.15150799998764342,0.026601000001846842,0.0,401408,0.0,0.0,0.0,0.0,0,0.0,0.0,0.0,0.0,0,0.0,0.0,0.0,0.0,0
2,chain_2svc,12,73.12794500001019,68.88730500003248,4.240639999977702,1003520,1,38.88070400000743,0.1932110000097964,0.04460200000266923,31.994713000017327,602112,30.006601000025057,0.14830899999651592,0.02560099994752818,0.0,401408,0.0,0.0,0.0,0.0,0,0.0,0.0,0.0,0.0,0,0.0,0.0,0.0,0.0,0
2,chain_2svc,13,72.50140999997257,67.98105400002896,4.520355999943604,1003520,1,37.53932799997983,0.19801100000904626,0.05040299998881892,32.60384899999735,602112,30.44172600004913,0.15270799997324502,0.025900999958139437,0.0,401408,0.0,0.0,0.0,0.0,0,0.0,0.0,0.0,0.0,0,0.0,0.0,0.0,0.0,0
2,chain_2svc,14,72.10138700003199,67.00359899997466,5.097788000057335,1003520,1,37.0373000000086,0.20991099995626428,0.04720300000826683,32.330532999992556,602112,29.966298999966057,0.15330900004073555,0.02570100002685649,0.0,401408,0.0,0.0,0.0,0.0,0,0.0,0.0,0.0,0.0,0,0.0,0.0,0.0,0.0,0
2,chain_2svc,15,72.28119699999525,67.9284500000108,4.352746999984447,1003520,1,37.481223999975555,0.20451199998205993,0.04990300004692472,32.46554000003243,602112,30.447226000035243,0.1523079999969923,0.025501999971311307,0.0,401408,0.0,0.0,0.0,0.0,0,0.0,0.0,0.0,0.0,0,0.0,0.0,0.0,0.0,0
2,chain_2svc,16,74.32991400003175,69.96656500001563,4.363349000016115,1003520,1,38.86220200001844,0.21581300001116688,0.052003000007516675,33.11157699999967,602112,31.104362999997193,0.15130899998894165,0.02480099999502272,0.0,401408,0.0,0.0,0.0,0.0,0,0.0,0.0,0.0,0.0,0,0.0,0.0,0.0,0.0,0
2,chain_2svc,17,76.49523600002794,72.14598899997782,4.349247000050127,1003520,1,38.49808199998961,0.1914110000029723,0.05210300003000157,35.58291699999927,602112,33.64790699998821,0.14470799999344308,0.026402000003145076,0.0,401408,0.0,0.0,0.0,0.0,0,0.0,0.0,0.0,0.0,0,0.0,0.0,0.0,0.0,0
2,chain_2svc,18,74.69173399999818,70.2603819999581,4.431352000040079,1003520,1,38.93840699998918,0.20131100001208324,0.05270300005122408,33.48449800000708,602112,31.321974999968916,0.14350899999726607,0.026002000026892347,0.0,401408,0.0,0.0,0.0,0.0,0,0.0,0.0,0.0,0.0,0,0.0,0.0,0.0,0.0,0
2,chain_2svc,19,72.16579099997489,67.74343900002577,4.4223519999491145,1003520,1,37.35551700003725,0.18261099995697805,0.04960299997947004,32.44793999999729,602112,30.38792199998852,0.14700899998842942,0.02660199999127144,0.0,401408,0.0,0.0,0.0,0.0,0,0.0,0.0,0.0,0.0,0,0.0,0.0,0.0,0.0,0
2,chain_2svc,20,76.89615900000035,71.89737499999183,4.998784000008527,1003520,1,39.45053600000392,0.19421100000727165,0.05230300001812793,35.20149600001332,602112,32.446838999987904,0.15010900000334004,0.025901000014982856,0.0,401408,0.0,0.0,0.0,0.0,0,0.0,0.0,0.0,0.0,0,0.0,0.0,0.0,0.0,0
2,chain_2svc,21,71.98848100000532,67.61253299993086,4.375948000074459,1003520,1,37.42042099997889,0.19631100002470703,0.048503000016353326,32.194124999989526,602112,30.192111999951976,0.15120800003387558,0.026401000013720477,0.0,401408,0.0,0.0,0.0,0.0,0,0.0,0.0,0.0,0.0,0,0.0,0.0,0.0,0.0,0
2,chain_2svc,22,72.33789999997953,67.81114400001798,4.526755999961551,1003520,1,37.65633500000831,0.19801100000904626,0.052402999983769405,32.45554000000084,602112,30.154809000009664,0.14320799999723022,0.02520200001754347,0.0,401408,0.0,0.0,0.0,0.0,0,0.0,0.0,0.0,0.0,0,0.0,0.0,0.0,0.0,0
2,chain_2svc,23,72.11568800005352,67.69413799997892,4.421550000074603,1003520,1,36.966596000013396,0.18721000003552035,0.04410199994708819,32.80355999999074,602112,30.727541999965524,0.15060900000207766,0.023801000054390897,0.0,401408,0.0,0.0,0.0,0.0,0,0.0,0.0,0.0,0.0,0,0.0,0.0,0.0,0.0,0
2,chain_2svc,24,72.82372800000303,68.59678799997937,4.22694000002366,1003520,1,37.636432999988756,0.19601100001409577,0.05090299998755654,33.01277100001698,602112,30.960354999990614,0.14840800002957621,0.028501999963737035,0.0,401408,0.0,0.0,0.0,0.0,0,0.0,0.0,0.0,0.0,0,0.0,0.0,0.0,0.0,0
2,chain_2svc,25,72.76702500001875,68.45648100005519,4.310543999963556,1003520,1,37.84454600003073,0.2144119999911709,0.05230299996128451,32.579847000022255,602112,30.61193500002446,0.15070799997829454,0.02520200001754347,0.0,401408,0.0,0.0,0.0,0.0,0,0.0,0.0,0.0,0.0,0,0.0,0.0,0.0,0.0,0
2,chain_2svc,26,72.63161699995635,68.36857500002225,4.263041999934103,1003520,1,37.72483800003101,0.24711399998977868,0.04500299996834656,32.6438509999889,602112,30.643736999991233,0.14290800004346238,0.02650099997936195,0.0,401408,0.0,0.0,0.0,0.0,0,0.0,0.0,0.0,0.0,0,0.0,0.0,0.0,0.0,0
2,chain_2svc,27,70.99882500000376,66.75408299997798,4.244742000025781,1003520,1,37.055500000008124,0.1971109999772125,0.04820300000574207,31.720297999981995,602112,29.698582999969858,0.14570900003718634,0.024601999996320956,0.0,401408,0.0,0.0,0.0,0.0,0,0.0,0.0,0.0,0.0,0,0.0,0.0,0.0,0.0,0
2,chain_2svc,28,72.71202199996196,67.82444399999576,4.887577999966197,1003520,1,37.25391200003969,0.2035119999845847,0.04940200000191908,32.59924699995054,602112,30.570531999956074,0.14540900002657509,0.02310200000010809,0.0,401408,0.0,0.0,0.0,0.0,0,0.0,0.0,0.0,0.0,0,0.0,0.0,0.0,0.0,0
2,chain_2svc,29,72.08808600000793,67.57923100002472,4.508854999983214,1003520,1,37.29151400000319,0.19731099996533885,0.05170299999690542,32.34453400000348,602112,30.28771700002153,0.16530899995359505,0.025402000005669834,0.0,401408,0.0,0.0,0.0,0.0,0,0.0,0.0,0.0,0.0,0,0.0,0.0,0.0,0.0,0
2,chain_2svc,30,72.5363120000111,68.16546400000334,4.370848000007754,1003520,1,37.51102600000422,0.18090999998321422,0.050203000000692555,32.877164000012726,602112,30.654437999999118,0.14960800001517782,0.0243019999857097,0.0,401408,0.0,0.0,0.0,0.0,0,0.0,0.0,0.0,0.0,0,0.0,0.0,0.0,0.0,0
2,chain_2svc,31,71.82247099996175,67.62653399999863,4.1959369999631235,1003520,1,37.31061500002397,0.18651099998123755,0.05230299996128451,32.268928999997115,602112,30.315918999974656,0.15590800001064054,0.024701000029381248,0.0,401408,0.0,0.0,0.0,0.0,0,0.0,0.0,0.0,0.0,0,0.0,0.0,0.0,0.0,0
2,chain_2svc,32,71.25813900000821,67.15440700003228,4.103731999975935,1003520,1,37.46292400001039,0.19811099997468773,0.048902999992606055,31.696296000006896,602112,29.69148300002189,0.13830799997549548,0.025902000004407455,0.0,401408,0.0,0.0,0.0,0.0,0,0.0,0.0,0.0,0.0,0,0.0,0.0,0.0,0.0,0
2,chain_2svc,33,71.69666400000096,67.3219160000258,4.37474799997517,1003520,1,37.564430000031734,0.1937109999516906,0.06960399997524291,31.900309000036486,602112,29.75748599999406,0.1517090000220378,0.0243019999857097,0.0,401408,0.0,0.0,0.0,0.0,0,0.0,0.0,0.0,0.0,0,0.0,0.0,0.0,0.0,0
2,chain_2svc,34,72.89373200001137,68.45007999993413,4.443652000077236,1003520,1,37.45732299995552,0.2029120000202056,0.05750300005047393,33.13637799999469,602112,30.99275699997861,0.13910799998484435,0.024701000029381248,0.0,401408,0.0,0.0,0.0,0.0,0,0.0,0.0,0.0,0.0,0,0.0,0.0,0.0,0.0,0
2,chain_2svc,35,74.3807160000074,69.52664099998174,4.854075000025659,1003520,1,39.04951300000903,0.2111119999881339,0.04610300004515011,32.85346299998082,602112,30.47712799997271,0.13620800001490352,0.024101000008158735,0.0,401408,0.0,0.0,0.0,0.0,0,0.0,0.0,0.0,0.0,0,0.0,0.0,0.0,0.0,0
2,chain_2svc,36,72.07388500000889,67.80424300001187,4.26964199999702,1003520,1,37.397020000014436,0.19951100000525912,0.07270399999015353,32.351933000029476,602112,30.40722299999743,0.14470799999344308,0.024202000020068226,0.0,401408,0.0,0.0,0.0,0.0,0,0.0,0.0,0.0,0.0,0,0.0,0.0,0.0,0.0,0
2,chain_2svc,37,72.22819399999025,67.86604699999543,4.36214699999482,1003520,1,37.338116999990234,0.20491200001515608,0.04370200002767888,32.61084899997968,602112,30.5279300000052,0.14470799999344308,0.025002000029417104,0.0,401408,0.0,0.0,0.0,0.0,0,0.0,0.0,0.0,0.0,0,0.0,0.0,0.0,0.0,0
2,chain_2svc,38,72.3988039999881,68.11366099998395,4.285143000004155,1003520,1,37.682035999978325,0.20651199997701042,0.052903000039350445,32.47804100004714,602112,30.431625000005624,0.14810900000838956,0.026300999991235585,0.0,401408,0.0,0.0,0.0,0.0,0,0.0,0.0,0.0,0.0,0,0.0,0.0,0.0,0.0,0
2,chain_2svc,39,71.9482789999688,67.66033599996035,4.287943000008454,1003520,1,37.18340799997577,0.19981100001587038,0.0525030000062543,32.52794399998038,602112,30.476927999984582,0.14320799999723022,0.025401000016245234,0.0,401408,0.0,0.0,0.0,0.0,0,0.0,0.0,0.0,0.0,0,0.0,0.0,0.0,0.0,0
2,chain_2svc,40,72.6683190000017,68.46738100000493,4.200937999996768,1003520,1,37.317814999994425,0.20361200000706958,0.050203000000692555,33.062773999972705,602112,31.14956600001051,0.13860699999668213,0.02440200000819459,0.0,401408,0.0,0.0,0.0,0.0,0,0.0,0.0,0.0,0.0,0,0.0,0.0,0.0,0.0,0
2,chain_2svc,41,73.37545899997622,69.08671599995841,4.288743000017803,1003520,1,37.82144399997378,0.19571100000348451,0.05010300003505108,33.303288000013254,602112,31.265271999984634,0.14560800002527685,0.027302000034978846,0.0,401408,0.0,0.0,0.0,0.0,0,0.0,0.0,0.0,0.0,0,0.0,0.0,0.0,0.0,0
2,chain_2svc,42,72.9444350000108,68.47058199997491,4.473853000035888,1003520,1,37.97215299999834,0.20041099998024947,0.050203000000692555,32.5919469999576,602112,30.498428999976568,0.1433080000197151,0.02430100005312852,0.0,401408,0.0,0.0,0.0,0.0,0,0.0,0.0,0.0,0.0,0,0.0,0.0,0.0,0.0,0
2,chain_2svc,43,72.29039800000692,67.92194999997037,4.368448000036551,1003520,1,37.142605999974876,0.19070999996984028,0.050702999999430176,32.715854000002764,602112,30.77934399999549,0.14610900001343907,0.025101999995058577,0.0,401408,0.0,0.0,0.0,0.0,0,0.0,0.0,0.0,0.0,0,0.0,0.0,0.0,0.0,0
2,chain_2svc,44,73.23905200001946,68.6099889999241,4.629063000095357,1003520,1,38.01935499996034,0.20181100001082086,0.04700300002014046,32.66885200002889,602112,30.590633999963757,0.1433080000197151,0.024500999984411465,0.0,401408,0.0,0.0,0.0,0.0,0,0.0,0.0,0.0,0.0,0,0.0,0.0,0.0,0.0,0
2,chain_2svc,45,72.87873100000297,68.51968500001249,4.359045999990485,1003520,1,37.877046999994946,0.1880099999880258,0.05270299999438066,32.71725500002276,602112,30.64263800001754,0.1676089999591568,0.025901000014982856,0.0,401408,0.0,0.0,0.0,0.0,0,0.0,0.0,0.0,0.0,0,0.0,0.0,0.0,0.0,0
2,chain_2svc,46,73.07524300000523,68.28457099999241,4.790672000012819,1003520,1,37.785342000006494,0.19861099997342535,0.05270299999438066,32.92546699998411,602112,30.499228999985917,0.19461099998352438,0.02520100002811887,0.0,401408,0.0,0.0,0.0,0.0,0,0.0,0.0,0.0,0.0,0,0.0,0.0,0.0,0.0,0
2,chain_2svc,47,72.35530100001597,67.99175399999058,4.363547000025392,1003520,1,37.50612599998249,0.18791100001180894,0.04770300000700445,32.51594300002125,602112,30.48562800000809,0.1554079999550595,0.02530200004002836,0.0,401408,0.0,0.0,0.0,0.0,0,0.0,0.0,0.0,0.0,0,0.0,0.0,0.0,0.0,0
2,chain_2svc,48,74.09419999999045,69.45713700002898,4.637062999961472,1003520,1,39.423234000025786,0.19661199996789946,0.04960299997947004,32.21422599995094,602112,30.033903000003193,0.15010800001391544,0.02650099997936195,0.0,401408,0.0,0.0,0.0,0.0,0,0.0,0.0,0.0,0.0,0,0.0,0.0,0.0,0.0,0
2,chain_2svc,49,73.96699299999909,69.61004499999035,4.356948000008742,1003520,1,39.33712899998909,0.19751199999973323,0.050203000000692555,32.346134000022175,602112,30.27291600000126,0.14940900001647606,0.024600999950052937,0.0,401408,0.0,0.0,0.0,0.0,0,0.0,0.0,0.0,0.0,0,0.0,0.0,0.0,0.0,0
2,chain_2svc,50,73.73767999996517,69.01691199999505,4.720767999970121,1003520,1,36.88569100000905,0.1964109999903485,0.05980299999919225,34.47195400002556,602112,32.131220999986,0.1427089999879172,0.031702000001132546,0.0,401408,0.0,0.0,0.0,0.0,0,0.0,0.0,0.0,0.0,0,0.0,0.0,0.0,0.0,0
2,chain_2svc,51,72.35940100002836,68.09565999998313,4.263741000045229,1003520,1,37.5024260000032,0.20231100000955848,0.04330299998400733,32.605948000025364,602112,30.59323399997993,0.1427079999984926,0.023601999998845713,0.0,401408,0.0,0.0,0.0,0.0,0,0.0,0.0,0.0,0.0,0,0.0,0.0,0.0,0.0,0
2,chain_2svc,52,71.26354000001811,67.06030199995894,4.203238000059173,1003520,1,37.391920000004575,0.18450999999686246,0.054203000047436944,31.66979600001696,602112,29.668381999954363,0.14810800001896496,0.023702000021330605,0.0,401408,0.0,0.0,0.0,0.0,0,0.0,0.0,0.0,0.0,0,0.0,0.0,0.0,0.0,0
2,chain_2svc,53,73.03874000001542,68.56568699998888,4.473053000026539,1003520,1,36.873689999993076,0.18471000004183225,0.04560299998956907,33.87882100003026,602112,31.69199699999581,0.13850800002046526,0.024200999973800208,0.0,401408,0.0,0.0,0.0,0.0,0,0.0,0.0,0.0,0.0,0,0.0,0.0,0.0,0.0,0
2,chain_2svc,54,73.21834999999055,68.84350299998232,4.374847000008231,1003520,1,37.89474799998516,0.18901099997492565,0.05170300005374884,32.941367000034916,602112,30.948754999997163,0.14000800001667812,0.0256010000043716,0.0,401408,0.0,0.0,0.0,0.0,0,0.0,0.0,0.0,0.0,0,0.0,0.0,0.0,0.0,0
2,chain_2svc,55,73.10104399999773,68.53118499998345,4.569859000014276,1003520,1,38.872303000005104,0.3270189999966533,0.053803000014340796,31.61339199999702,602112,29.658881999978348,0.15210800000886593,0.025300999993760342,0.0,401408,0.0,0.0,0.0,0.0,0,0.0,0.0,0.0,0.0,0,0.0,0.0,0.0,0.0,0
2,chain_2svc,56,72.94093499996279,68.5317839999584,4.409151000004385,1003520,1,37.61573200000612,0.197011000011571,0.0486029999819948,33.04107299999259,602112,30.916051999952288,0.15120900002330018,0.02400200003194186,0.0,401408,0.0,0.0,0.0,0.0,0,0.0,0.0,0.0,0.0,0,0.0,0.0,0.0,0.0,0
2,chain_2svc,57,70.96642300001577,66.69608100003188,4.270341999983884,1003520,1,37.11450399998739,0.19351099996356425,0.04860300003883822,31.560988999956407,602112,29.58157700004449,0.15330799999446754,0.02390199995261355,0.0,401408,0.0,0.0,0.0,0.0,0,0.0,0.0,0.0,0.0,0,0.0,0.0,0.0,0.0,0
2,chain_2svc,58,72.0148819999622,67.28821399997287,4.726667999989331,1003520,1,37.224209999976665,0.18321000004561938,0.05170299999690542,32.508643000028314,602112,30.064003999996203,0.15500899996823136,0.02530100005060376,0.0,401408,0.0,0.0,0.0,0.0,0,0.0,0.0,0.0,0.0,0,0.0,0.0,0.0,0.0,0
2,chain_2svc,59,73.18114899999273,68.08496000002151,5.096188999971218,1003520,1,37.23661100002573,0.18771099996683915,0.0499029999900813,33.54510099995878,602112,30.84834899999578,0.16270899999426547,0.026300999991235585,0.0,401408,0.0,0.0,0.0,0.0,0,0.0,0.0,0.0,0.0,0,0.0,0.0,0.0,0.0,0
2,chain_2svc,60,71.11023100003422,66.98449700002129,4.125734000012926,1003520,1,37.56192899999178,0.1926110000454173,0.047602999984519556,31.344377000039003,602112,29.422568000029514,0.154108999993241,0.02820099996370118,0.0,401408,0.0,0.0,0.0,0.0,0,0.0,0.0,0.0,0.0,0,0.0,0.0,0.0,0.0,0
2,chain_2svc,61,72.38090300000977,68.05305699998598,4.327846000023783,1003520,1,36.965894999980264,0.19401100001914529,0.05040299998881892,33.10417599999482,602112,31.08716200000572,0.1472079999871312,0.026502000025629968,0.0,401408,0.0,0.0,0.0,0.0,0,0.0,0.0,0.0,0.0,0,0.0,0.0,0.0,0.0,0
2,chain_2svc,62,72.39930400004368,68.22856700000557,4.170737000038116,1003520,1,37.77904100002161,0.21321200000556928,0.04830299997138354,32.46504100002312,602112,30.449525999983962,0.1428090000104021,0.02440100001876999,0.0,401408,0.0,0.0,0.0,0.0,0,0.0,0.0,0.0,0.0,0,0.0,0.0,0.0,0.0,0
2,chain_2svc,63,71.43504900000153,66.8797910000194,4.555257999982132,1003520,1,37.235011000007034,0.1946110000403678,0.052802999960022134,31.924909000053958,602112,29.64478000001236,0.14820899997403103,0.02600099998062433,0.0,401408,0.0,0.0,0.0,0.0,0,0.0,0.0,0.0,0.0,0,0.0,0.0,0.0,0.0,0
2,chain_2svc,64,72.1664910000186,67.59423199997627,4.572259000042322,1003520,1,37.9615519999561,0.1970120000009956,0.04830200003880236,31.820404000029612,602112,29.632680000020173,0.1401079999823196,0.025402000005669834,0.0,401408,0.0,0.0,0.0,0.0,0,0.0,0.0,0.0,0.0,0,0.0,0.0,0.0,0.0,0
2,chain_2svc,65,73.19144899997809,68.91860799998994,4.272840999988148,1003520,1,37.61743299997988,0.18891000001985958,0.05280300001686555,33.337790000018686,602112,31.301175000010062,0.17050899998594105,0.025700999970013072,0.0,401408,0.0,0.0,0.0,0.0,0,0.0,0.0,0.0,0.0,0,0.0,0.0,0.0,0.0,0
2,chain_2svc,66,71.97388000003002,67.61593300001323,4.357947000016793,1003520,1,37.90144900000314,0.19030999999358755,0.04940299999134368,31.793402000005244,602112,29.71448400001009,0.152208999963932,0.025301999983184942,0.0,401408,0.0,0.0,0.0,0.0,0,0.0,0.0,0.0,0.0,0,0.0,0.0,0.0,0.0,0
2,chain_2svc,67,70.71140799996556,66.3289600000212,4.382447999944361,1003520,1,36.99449700002333,0.1926109999885739,0.04940299999134368,31.31047499999795,602112,29.334462999997868,0.1407080000035421,0.02380099999754748,0.0,401408,0.0,0.0,0.0,0.0,0,0.0,0.0,0.0,0.0,0,0.0,0.0,0.0,0.0,0
2,chain_2svc,68,72.16219100001808,67.80654399995001,4.355647000068075,1003520,1,37.36991899995701,0.19351100002040766,0.057303000005504146,32.52754400000413,602112,30.436624999993,0.14250800001036623,0.026301999980660185,0.0,401408,0.0,0.0,0.0,0.0,0,0.0,0.0,0.0,0.0,0,0.0,0.0,0.0,0.0,0
2,chain_2svc,69,71.544155999959,67.2392119999472,4.304944000011801,1003520,1,37.41662099997711,0.1914110000029723,0.050602999976945284,31.87480700000833,602112,29.82259099997009,0.14960800001517782,0.025901000014982856,0.0,401408,0.0,0.0,0.0,0.0,0,0.0,0.0,0.0,0.0,0,0.0,0.0,0.0,0.0,0
2,chain_2svc,70,73.11034399998562,68.16726400001016,4.943079999975453,1003520,1,37.553929000011976,0.19021100001737068,0.05130199997438467,33.09387600000946,602112,30.613334999998187,0.1554090000013275,0.026001999970048928,0.0,401408,0.0,0.0,0.0,0.0,0,0.0,0.0,0.0,0.0,0,0.0,0.0,0.0,0.0,0
2,chain_2svc,71,81.3362110000071,76.26752300001272,5.068687999994381,1003520,1,38.84980200001564,0.1978120000103445,0.04960299997947004,40.21447900004205,602112,37.41772099999707,0.178510000012011,0.0256010000043716,0.0,401408,0.0,0.0,0.0,0.0,0,0.0,0.0,0.0,0.0,0,0.0,0.0,0.0,0.0,0
2,chain_2svc,72,72.63021699998262,68.04765700002235,4.582559999960267,1003520,1,38.71879500002251,0.19081099998174977,0.05700299999489289,31.40408000001571,602112,29.328861999999845,0.15650899996444423,0.026002000026892347,0.0,401408,0.0,0.0,0.0,0.0,0,0.0,0.0,0.0,0.0,0,0.0,0.0,0.0,0.0,0
2,chain_2svc,73,72.64231800002108,68.4636809999688,4.178637000052277,1003520,1,37.65933500000074,0.1893099999961123,0.052802999960022134,32.67915300000368,602112,30.804345999968064,0.15400900002759954,0.025101999995058577,0.0,401408,0.0,0.0,0.0,0.0,0,0.0,0.0,0.0,0.0,0,0.0,0.0,0.0,0.0,0
2,chain_2svc,74,73.61227299998063,69.08571600001778,4.52655699996285,1003520,1,37.79064200000448,0.19311100004415493,0.04740299999639319,33.41099400000758,602112,31.2950740000133,0.14600800000152958,0.025700999970013072,0.0,401408,0.0,0.0,0.0,0.0,0,0.0,0.0,0.0,0.0,0,0.0,0.0,0.0,0.0,0
2,chain_2svc,75,72.95543499998303,68.51918400002432,4.436250999958702,1003520,1,38.469281000004685,0.18570999998246407,0.05010299997820766,32.08861899997828,602112,30.04990300001964,0.15760899998440436,0.027701999954388157,0.0,401408,0.0,0.0,0.0,0.0,0,0.0,0.0,0.0,0.0,0,0.0,0.0,0.0,0.0,0
2,chain_2svc,76,72.63521799995942,68.18736499997158,4.447852999987845,1003520,1,37.75613999999905,0.2014119999671493,0.04960300003631346,32.6137479999602,602112,30.431224999972528,0.15120900002330018,0.0256010000043716,0.0,401408,0.0,0.0,0.0,0.0,0,0.0,0.0,0.0,0.0,0,0.0,0.0,0.0,0.0,0
2,chain_2svc,77,74.26730999998199,69.92476399994985,4.342546000032144,1003520,1,37.78554199999462,0.1894110000080218,0.049302999968858785,34.32164499997725,602112,32.139221999955225,0.14240800004472476,0.024201000030643627,0.0,401408,0.0,0.0,0.0,0.0,0,0.0,0.0,0.0,0.0,0,0.0,0.0,0.0,0.0,0
2,chain_2svc,78,72.45140700001684,68.13916200002268,4.312244999994164,1003520,1,37.806943000020965,0.1952110000047469,0.05100300001004143,32.481340999993336,602112,30.332219000001714,0.15280900004199793,0.02480099999502272,0.0,401408,0.0,0.0,0.0,0.0,0,0.0,0.0,0.0,0.0,0,0.0,0.0,0.0,0.0,0
2,chain_2svc,79,71.48565200003532,67.09780400001364,4.387848000021677,1003520,1,37.21071000001075,0.1950109999597771,0.05080199997564705,31.99601400001484,602112,29.88709400000289,0.1478080000083537,0.02480199998444732,0.0,401408,0.0,0.0,0.0,0.0,0,0.0,0.0,0.0,0.0,0,0.0,0.0,0.0,0.0,0
2,chain_2svc,80,72.85963099997161,68.58128700002908,4.2783439999425354,1003520,1,37.70593699999836,0.18641100001559607,0.048802999970121164,32.91266600001563,602112,30.87535000003072,0.15580899997758024,0.025101999995058577,0.0,401408,0.0,0.0,0.0,0.0,0,0.0,0.0,0.0,0.0,0,0.0,0.0,0.0,0.0,0
2,chain_2svc,81,73.31525600000077,68.99141100001316,4.323844999987614,1003520,1,37.7367390000245,0.200311000014608,0.04650299996455942,33.25328500000069,602112,31.25467199998866,0.1529079999613714,0.024901000017507613,0.0,401408,0.0,0.0,0.0,0.0,0,0.0,0.0,0.0,0.0,0,0.0,0.0,0.0,0.0,0
2,chain_2svc,82,80.01843600004577,75.12045800001488,4.897978000030889,1003520,1,38.37617499999624,0.19881200000781973,0.06580400003031173,39.306328000009216,602112,36.74428300001864,0.2220119999947201,0.025301999983184942,0.0,401408,0.0,0.0,0.0,0.0,0,0.0,0.0,0.0,0.0,0,0.0,0.0,0.0,0.0,0
2,chain_2svc,83,75.28576800001474,70.78021299997772,4.50555500003702,1003520,1,39.635246999978335,0.18911099999741054,0.056803000006766524,33.15068000000565,602112,31.144965999999386,0.14690799997651993,0.0256010000043716,0.0,401408,0.0,0.0,0.0,0.0,0,0.0,0.0,0.0,0.0,0,0.0,0.0,0.0,0.0,0
2,chain_2svc,84,72.29869799999733,67.86874799996667,4.429950000030658,1003520,1,37.83654499994782,0.1919110000017099,0.050702999999430176,32.0589169999721,602112,30.032203000018853,0.14240799998788134,0.02570100002685649,0.0,401408,0.0,0.0,0.0,0.0,0,0.0,0.0,0.0,0.0,0,0.0,0.0,0.0,0.0,0
2,chain_2svc,85,71.94817800001374,67.65803600001163,4.290142000002106,1003520,1,37.79254299996637,0.19151100002545718,0.05080200003249047,31.888306999974247,602112,29.865493000045262,0.14820799998460643,0.027101999990009062,0.0,401408,0.0,0.0,0.0,0.0,0,0.0,0.0,0.0,0.0,0,0.0,0.0,0.0,0.0,0
2,chain_2svc,86,71.71786499998234,67.38871900000731,4.329145999975026,1003520,1,37.413920000005874,0.1989119999734612,0.04520300001331634,31.97091200001978,602112,29.97479900000144,0.14790899996341977,0.02520100002811887,0.0,401408,0.0,0.0,0.0,0.0,0,0.0,0.0,0.0,0.0,0,0.0,0.0,0.0,0.0,0
2,chain_2svc,87,71.53875500000595,67.31051599996363,4.228239000042322,1003520,1,37.89824799997632,0.19681100002344465,0.04610299998830669,31.32117500001641,602112,29.412267999987307,0.1407080000035421,0.024500999984411465,0.0,401408,0.0,0.0,0.0,0.0,0,0.0,0.0,0.0,0.0,0,0.0,0.0,0.0,0.0,0
2,chain_2svc,88,74.49531200001047,70.20005600003287,4.2952559999775985,1003520,1,36.900992000028054,0.18711100000246006,0.041701999975884974,35.33508800001073,602112,33.29906400000482,0.1478089999977783,0.04460299999209383,0.0,401408,0.0,0.0,0.0,0.0,0,0.0,0.0,0.0,0.0,0,0.0,0.0,0.0,0.0,0
2,chain_2svc,89,72.57423400000107,68.23133800003234,4.342895999968732,1003520,1,37.96928100001651,0.18591200000628305,0.05130399995323387,32.24979300000541,602112,30.26205700001583,0.15091099999153812,0.025501999971311307,0.0,401408,0.0,0.0,0.0,0.0,0,0.0,0.0,0.0,0.0,0,0.0,0.0,0.0,0.0,0
2,chain_2svc,90,71.75437800003692,67.30327600001829,4.451102000018636,1003520,1,37.749066000003495,0.196014000039213,0.048802999970121164,31.729657000028055,602112,29.55421000001479,0.14980999998215339,0.025401000016245234,0.0,401408,0.0,0.0,0.0,0.0,0,0.0,0.0,0.0,0.0,0,0.0,0.0,0.0,0.0,0
2,chain_2svc,91,71.93648999998459,67.40558299998156,4.530907000003026,1003520,1,37.3445390000029,0.19231300001365526,0.054102999968108634,32.082881000008,602112,30.061043999978665,0.15141000000085114,0.028202000009969197,0.0,401408,0.0,0.0,0.0,0.0,0,0.0,0.0,0.0,0.0,0,0.0,0.0,0.0,0.0,0
2,chain_2svc,92,73.08876800004782,68.67666900006952,4.412098999978298,1003520,1,37.7859690000264,0.1951129999611112,0.05160299997442053,33.04634600004874,602112,30.890700000043125,0.1504100000033759,0.02350199997636082,0.0,401408,0.0,0.0,0.0,0.0,0,0.0,0.0,0.0,0.0,0,0.0,0.0,0.0,0.0,0
2,chain_2svc,93,73.19117499997674,68.91278500000908,4.278389999967658,1003520,1,37.33323799997379,0.19441300003109063,0.049404000037611695,33.58558299999004,602112,31.57954700003529,0.17831200000273384,0.02520099997127545,0.0,401408,0.0,0.0,0.0,0.0,0,0.0,0.0,0.0,0.0,0,0.0,0.0,0.0,0.0,0
2,chain_2svc,94,73.239779000005,68.98388999996996,4.25588900003504,1003520,1,38.4406139999669,0.19731300000103147,0.04250300003150187,32.55451299997958,602112,30.54327600000306,0.14961099998345162,0.025801999981922563,0.0,401408,0.0,0.0,0.0,0.0,0,0.0,0.0,0.0,0.0,0,0.0,0.0,0.0,0.0,0
2,chain_2svc,95,72.1936080000205,67.60409500003561,4.5895129999848905,1003520,1,37.45854600003895,0.20951499999455336,0.051603999963845126,32.44390599996905,602112,30.145548999996663,0.15391099998396385,0.02440200000819459,0.0,401408,0.0,0.0,0.0,0.0,0,0.0,0.0,0.0,0.0,0,0.0,0.0,0.0,0.0,0
2,chain_2svc,96,72.90455599996903,68.67336799996338,4.231188000005659,1003520,1,38.32900499998004,0.19931399998540655,0.04870300000447969,32.334498000011536,602112,30.344362999983332,0.15271000000893764,0.025602000050639617,0.0,401408,0.0,0.0,0.0,0.0,0,0.0,0.0,0.0,0.0,0,0.0,0.0,0.0,0.0,0
2,chain_2svc,97,73.18037499999264,68.34534599994413,4.835029000048507,1003520,1,37.84007299998393,0.1984130000209916,0.050203000000692555,32.49060900003542,602112,30.505272999960198,0.15371099999583748,0.02570200001628109,0.0,401408,0.0,0.0,0.0,0.0,0,0.0,0.0,0.0,0.0,0,0.0,0.0,0.0,0.0,0
2,chain_2svc,98,72.48452700002872,68.13903200003324,4.345494999995481,1003520,1,37.549952000006215,0.19671400002607697,0.0460029999658218,32.544111999982306,602112,30.589080000027025,0.15240999999832638,0.02470099997253783,0.0,401408,0.0,0.0,0.0,0.0,0,0.0,0.0,0.0,0.0,0,0.0,0.0,0.0,0.0,0
2,chain_2svc,99,74.90979300001754,70.10096599998406,4.808827000033489,1003520,1,38.623225999970145,0.24891600003229541,0.0519040000312998,33.80509900000561,602112,31.47774000001391,0.15590999998948973,0.026301999980660185,0.0,401408,0.0,0.0,0.0,0.0,0,0.0,0.0,0.0,0.0,0,0.0,0.0,0.0,0.0,0
2,chain_2svc,100,75.91676099997358,71.50906100002885,4.407699999944725,1003520,1,38.32470499997953,0.18831300002375428,0.05170299999690542,35.3008000000159,602112,33.18435600004932,0.17961199995397692,0.027701999954388157,0.0,401408,0.0,0.0,0.0,0.0,0,0.0,0.0,0.0,0.0,0,0.0,0.0,0.0,0.0,0
2,chain_2svc,101,74.90139199995838,70.35278199998629,4.548609999972086,1003520,1,39.59449100000256,0.20341399999779242,0.046703000009529205,32.80712999998059,602112,30.75829099998373,0.1497100000165119,0.02600099998062433,0.0,401408,0.0,0.0,0.0,0.0,0,0.0,0.0,0.0,0.0,0,0.0,0.0,0.0,0.0,0
2,chain_2svc,102,73.79521699999714,68.89078299997209,4.904434000025049,1003520,1,37.92217799997388,0.21101400000134163,0.05090299998755654,33.094449000032,602112,30.968604999998206,0.14670999996724277,0.025902000004407455,0.0,401408,0.0,0.0,0.0,0.0,0,0.0,0.0,0.0,0.0,0,0.0,0.0,0.0,0.0,0
2,chain_2svc,103,76.15327700000307,71.55656400004773,4.5967129999553435,1003520,1,37.78976900002817,0.190611999983048,0.049803999957021006,35.93614300001491,602112,33.766795000019556,0.15471099999331273,0.026902000001882698,0.0,401408,0.0,0.0,0.0,0.0,0,0.0,0.0,0.0,0.0,0,0.0,0.0,0.0,0.0,0
2,chain_2svc,104,74.55966800000624,70.01035900003671,4.549308999969526,1003520,1,38.33090599999878,0.20381399997404515,0.0512029999981678,33.75839500000666,602112,31.679453000037938,0.147709999964718,0.025101999995058577,0.0,401408,0.0,0.0,0.0,0.0,0,0.0,0.0,0.0,0.0,0,0.0,0.0,0.0,0.0,0
2,chain_2svc,105,71.47195800001782,66.98565400000689,4.486304000010932,1003520,1,37.164027000017086,0.19801299998789545,0.04690299999765557,31.817262999993545,602112,29.821626999989803,0.15631000002258588,0.025101999995058577,0.0,401408,0.0,0.0,0.0,0.0,0,0.0,0.0,0.0,0.0,0,0.0,0.0,0.0,0.0,0
2,chain_2svc,106,72.08540100003802,67.57179400005953,4.513606999978492,1003520,1,36.948412000015196,0.20701399995459724,0.053404000027512666,32.71562399999084,602112,30.62338200004433,0.15830999996069295,0.026301999980660185,0.0,401408,0.0,0.0,0.0,0.0,0,0.0,0.0,0.0,0.0,0,0.0,0.0,0.0,0.0,0
2,chain_2svc,107,73.38398899997856,68.7991770000167,4.5848119999618575,1003520,1,38.25990100000354,0.19171299999243274,0.045302999978957814,32.55901300002506,602112,30.53927600001316,0.15951000000313797,0.02570200001628109,0.0,401408,0.0,0.0,0.0,0.0,0,0.0,0.0,0.0,0.0,0,0.0,0.0,0.0,0.0,0
2,chain_2svc,108,73.38738900000408,68.61626500000284,4.771124000001237,1003520,1,38.662127999998575,0.21751500003119872,0.08670599999049955,32.224191000011615,602112,29.954137000004266,0.1549099999920145,0.025400999959401815,0.0,401408,0.0,0.0,0.0,0.0,0,0.0,0.0,0.0,0.0,0,0.0,0.0,0.0,0.0,0
2,chain_2svc,109,73.45819300002177,68.79187599997749,4.666317000044273,1003520,1,37.45714600000838,0.19981399998414417,0.050602999976945284,33.53717999999617,602112,31.334729999969113,0.14671000002408618,0.025002000029417104,0.0,401408,0.0,0.0,0.0,0.0,0,0.0,0.0,0.0,0.0,0,0.0,0.0,0.0,0.0,0
2,chain_2svc,110,73.79441699998779,69.24330699996517,4.551110000022618,1003520,1,37.99908299998833,0.18841299998939576,0.04860300003883822,33.314764000010655,602112,31.24422399997684,0.18131199999515957,0.026002000026892347,0.0,401408,0.0,0.0,0.0,0.0,0,0.0,0.0,0.0,0.0,0,0.0,0.0,0.0,0.0,0
2,chain_2svc,111,74.91269199999806,70.44998899999655,4.462703000001511,1003520,1,38.80343800000219,0.20391399999653004,0.04560299998956907,33.601684000018395,602112,31.64655099999436,0.15331000003016015,0.02570200001628109,0.0,401408,0.0,0.0,0.0,0.0,0,0.0,0.0,0.0,0.0,0,0.0,0.0,0.0,0.0,0
2,chain_2svc,112,73.30548300001283,68.71907199996485,4.586411000047974,1003520,1,37.73796600000878,0.20831400001952716,0.051902999985031784,33.084449000000404,602112,30.98110599995607,0.14611000000286367,0.03710200002160491,0.0,401408,0.0,0.0,0.0,0.0,0,0.0,0.0,0.0,0.0,0,0.0,0.0,0.0,0.0,0
2,chain_2svc,113,73.32078400003184,68.62226500004454,4.6985189999873,1003520,1,37.539752000043336,0.1978139999891937,0.043502999972133694,33.224259000007805,602112,31.0825130000012,0.15481100001579762,0.025401000016245234,0.0,401408,0.0,0.0,0.0,0.0,0,0.0,0.0,0.0,0.0,0,0.0,0.0,0.0,0.0,0
2,chain_2svc,114,73.54229999998552,68.97088900001336,4.571410999972159,1003520,1,38.15989399998898,0.22261500004105983,0.0486029999819948,32.80983000001925,602112,30.810995000024377,0.15001000002712317,0.0256019999937962,0.0,401408,0.0,0.0,0.0,0.0,0,0.0,0.0,0.0,0.0,0,0.0,0.0,0.0,0.0,0
2,chain_2svc,115,72.9145570000469,68.2027369999787,4.711820000068201,1003520,1,37.55365299997493,0.1934130000336154,0.04610299998830669,32.68602200000714,602112,30.649084000003768,0.153609999983928,0.02520100002811887,0.0,401408,0.0,0.0,0.0,0.0,0,0.0,0.0,0.0,0.0,0,0.0,0.0,0.0,0.0,0
2,chain_2svc,116,74.5196660000147,69.2494069999725,5.270259000042188,1003520,1,37.989181999989796,0.20471400000587892,0.051204000044435816,33.26516099997434,602112,31.26022499998271,0.15341099998522623,0.02650099997936195,0.0,401408,0.0,0.0,0.0,0.0,0,0.0,0.0,0.0,0.0,0,0.0,0.0,0.0,0.0,0
2,chain_2svc,117,73.22877800004335,68.26604099995848,4.962737000084871,1003520,1,38.650528000005124,0.21091400003570016,0.04640299999891795,31.9788739999467,602112,29.615512999953353,0.14760999999907654,0.023601999998845713,0.0,401408,0.0,0.0,0.0,0.0,0,0.0,0.0,0.0,0.0,0,0.0,0.0,0.0,0.0,0
2,chain_2svc,118,72.1381040000324,67.0301569999765,5.107947000055901,1003520,1,37.33163799995509,0.23401600003580825,0.04530300003580123,32.07007999998268,602112,29.698519000021406,0.15340999999580163,0.026702000013756333,0.0,401408,0.0,0.0,0.0,0.0,0,0.0,0.0,0.0,0.0,0,0.0,0.0,0.0,0.0,0
2,chain_2svc,119,73.49749600001587,68.17653399997425,5.320962000041618,1003520,1,37.516949999996996,0.1934130000336154,0.04720300000826683,33.318065000003116,602112,30.659583999977258,0.1517100000114624,0.025301999983184942,0.0,401408,0.0,0.0,0.0,0.0,0,0.0,0.0,0.0,0.0,0,0.0,0.0,0.0,0.0,0
2,chain_2svc,120,72.05359800002498,67.48188800003163,4.571709999993345,1003520,1,37.51635100002204,0.20261399998844354,0.048503000016353326,31.909068999993906,602112,29.96553700000959,0.15761100002009698,0.024702000018805848,0.0,401408,0.0,0.0,0.0,0.0,0,0.0,0.0,0.0,0.0,0,0.0,0.0,0.0,0.0,0
2,chain_2svc,121,72.54913200000601,67.67199899996967,4.877133000036338,1003520,1,36.653990999980124,0.19941400000789145,0.048504000005777925,33.417272000008325,602112,31.01800799998955,0.14571000002661094,0.02440200000819459,0.0,401408,0.0,0.0,0.0,0.0,0,0.0,0.0,0.0,0.0,0,0.0,0.0,0.0,0.0,0
2,chain_2svc,122,72.02939699999433,67.54389200006017,4.4855049999341645,1003520,1,37.34393900003852,0.2169150000099762,0.044002999970871315,32.22038999996357,602112,30.19995300002165,0.1490099999728045,0.025301999983184942,0.0,401408,0.0,0.0,0.0,0.0,0,0.0,0.0,0.0,0.0,0,0.0,0.0,0.0,0.0,0
2,chain_2svc,123,74.06313499996031,69.433819999972,4.62931499998831,1003520,1,37.78726899997764,0.20711400003392555,0.04100199998902099,33.60478499996589,602112,31.64655099999436,0.1484100000084254,0.02300200003446662,0.0,401408,0.0,0.0,0.0,0.0,0,0.0,0.0,0.0,0.0,0,0.0,0.0,0.0,0.0,0
2,chain_2svc,124,73.1708740000272,68.5332600000379,4.6376139999892985,1003520,1,38.02288500003215,0.19951299998410832,0.04700299996329704,32.41290400001162,602112,30.51037500000575,0.14941000000590066,0.024901000017507613,0.0,401408,0.0,0.0,0.0,0.0,0,0.0,0.0,0.0,0.0,0,0.0,0.0,0.0,0.0,0
2,chain_2svc,125,73.03376500004788,68.2798429999707,4.753922000077182,1003520,1,37.64985999998771,0.20371300001897907,0.04740299999639319,32.87893499998518,602112,30.629982999982985,0.14100900000357797,0.02480099999502272,0.0,401408,0.0,0.0,0.0,0.0,0,0.0,0.0,0.0,0.0,0,0.0,0.0,0.0,0.0,0
2,chain_2svc,126,76.6370100000131,72.07649899999069,4.560511000022416,1003520,1,39.51968600000555,0.19091299998308386,0.048904000038874074,34.6803580000028,602112,32.55681299998514,0.1786130000027697,0.02520200001754347,0.0,401408,0.0,0.0,0.0,0.0,0,0.0,0.0,0.0,0.0,0,0.0,0.0,0.0,0.0,0
2,chain_2svc,127,73.02956500001301,68.56336099997407,4.4662040000389425,1003520,1,37.23113099999864,0.20191300001215495,0.04550299996708418,33.54768100001593,602112,31.332229999975425,0.15481100001579762,0.02700200002436759,0.0,401408,0.0,0.0,0.0,0.0,0,0.0,0.0,0.0,0.0,0,0.0,0.0,0.0,0.0,0
2,chain_2svc,128,71.80208200003335,67.57739299996501,4.224689000068338,1003520,1,37.42764399999032,0.18931300002122953,0.04910300003757584,32.22308999994539,602112,30.14974899997469,0.1729120000391049,0.026402000003145076,0.0,401408,0.0,0.0,0.0,0.0,0,0.0,0.0,0.0,0.0,0,0.0,0.0,0.0,0.0,0
2,chain_2svc,129,73.44409299997778,69.0397929999449,4.40430000003289,1003520,1,37.817070999949465,0.19421300004296427,0.04950300001382857,33.36716799998385,602112,31.22272199999543,0.1557110000476314,0.026001999970048928,0.0,401408,0.0,0.0,0.0,0.0,0,0.0,0.0,0.0,0.0,0,0.0,0.0,0.0,0.0,0
2,chain_2svc,130,77.1334429999797,72.89545500003669,4.237987999943016,1003520,1,42.24597199998925,0.2252150000003894,0.04970300000195493,32.65551999999161,602112,30.64948300004744,0.15451100000518636,0.02610199999253382,0.0,401408,0.0,0.0,0.0,0.0,0,0.0,0.0,0.0,0.0,0,0.0,0.0,0.0,0.0,0
2,chain_2svc,131,74.30425100000093,69.77574300003653,4.528507999964404,1003520,1,37.69156200002044,0.2085139999508101,0.053804000003765395,34.16102200003479,602112,32.08418100001609,0.14821000002029905,0.026402000003145076,0.0,401408,0.0,0.0,0.0,0.0,0,0.0,0.0,0.0,0.0,0,0.0,0.0,0.0,0.0,0
2,chain_2svc,132,71.35104999997566,66.8125420000365,4.538507999939156,1003520,1,37.12752400002728,0.21701499997561768,0.04660299998704431,31.91086900000073,602112,29.685018000009222,0.15021100000467413,0.025800999992497964,0.0,401408,0.0,0.0,0.0,0.0,0,0.0,0.0,0.0,0.0,0,0.0,0.0,0.0,0.0,0
2,chain_2svc,133,73.97102900000618,69.47662400006038,4.4944049999458,1003520,1,37.28353500002868,0.20361399998591878,0.0486029999819948,34.39423799994756,602112,32.193089000031705,0.15471000000388813,0.028901999996833183,0.0,401408,0.0,0.0,0.0,0.0,0,0.0,0.0,0.0,0.0,0,0.0,0.0,0.0,0.0,0
2,chain_2svc,134,74.00383100002728,69.23780799996848,4.766023000058794,1003520,1,39.07755699998461,0.20811399997455737,0.04730300003075172,32.56361400002561,602112,30.160250999983873,0.1510100000245984,0.026401000013720477,0.0,401408,0.0,0.0,0.0,0.0,0,0.0,0.0,0.0,0.0,0,0.0,0.0,0.0,0.0,0
2,chain_2svc,135,78.46043400002145,73.43129200000931,5.029142000012143,1003520,1,41.66193200001089,0.19671400002607697,0.052503999995678896,34.21412599999485,602112,31.769359999998414,0.14931000004025918,0.027702000011231576,0.0,401408,0.0,0.0,0.0,0.0,0,0.0,0.0,0.0,0.0,0,0.0,0.0,0.0,0.0,0
2,chain_2svc,136,73.04016500000898,68.90198399997871,4.138181000030272,1003520,1,37.76656700000558,0.2068140000233143,0.04780399996207052,33.12855199999376,602112,31.13541699997313,0.14701000003469744,0.026402000003145076,0.0,401408,0.0,0.0,0.0,0.0,0,0.0,0.0,0.0,0.0,0,0.0,0.0,0.0,0.0,0
2,chain_2svc,137,74.32895199997347,69.94045499993717,4.3884970000362955,1003520,1,37.90387699996245,0.19131300001618,0.04960400002573806,34.177023999973244,602112,32.036577999974725,0.15341100004206965,0.025401000016245234,0.0,401408,0.0,0.0,0.0,0.0,0,0.0,0.0,0.0,0.0,0,0.0,0.0,0.0,0.0,0
2,chain_2svc,138,73.31158299996332,68.86798299996144,4.443600000001879,1003520,1,38.29490399999713,0.19511300001795462,0.06530399997473069,32.66632100002198,602112,30.57307899996431,0.15891100002818348,0.025800999992497964,0.0,401408,0.0,0.0,0.0,0.0,0,0.0,0.0,0.0,0.0,0,0.0,0.0,0.0,0.0,0
2,chain_2svc,139,73.49169499997288,69.01089199999433,4.48080299997855,1003520,1,37.61115700001483,0.1970129999904202,0.04340300000649222,33.43347300000232,602112,31.3997349999795,0.1441090000184886,0.026402000003145076,0.0,401408,0.0,0.0,0.0,0.0,0,0.0,0.0,0.0,0.0,0,0.0,0.0,0.0,0.0,0
2,chain_2svc,140,75.15680900002053,70.40978699996003,4.747022000060497,1003520,1,37.64305900000409,0.1971130000129051,0.04500299996834656,34.83646800003726,602112,32.76672799995595,0.14501000003974696,0.025800999992497964,0.0,401408,0.0,0.0,0.0,0.0,0,0.0,0.0,0.0,0.0,0,0.0,0.0,0.0,0.0,0
2,chain_2svc,141,74.54296699995666,70.06716299997606,4.475803999980599,1003520,1,37.95817999997553,0.210514000002604,0.05240400003003742,34.27142999998978,602112,32.108983000000535,0.15300999996270548,0.027302000034978846,0.0,401408,0.0,0.0,0.0,0.0,0,0.0,0.0,0.0,0.0,0,0.0,0.0,0.0,0.0,0
2,chain_2svc,142,73.20907600001192,68.98939000001292,4.219685999999001,1003520,1,37.6283580000063,0.2317159999734031,0.05230300001812793,33.316764000005605,602112,31.361032000006617,0.1497100000165119,0.028002000021842832,0.0,401408,0.0,0.0,0.0,0.0,0,0.0,0.0,0.0,0.0,0,0.0,0.0,0.0,0.0,0
2,chain_2svc,143,76.89932799996768,72.06219799996916,4.837129999998524,1003520,1,40.154928999982076,0.19341400002304,0.049804000013864425,34.090818000038325,602112,31.90726899998708,0.15110999999023988,0.026402000003145076,0.0,401408,0.0,0.0,0.0,0.0,0,0.0,0.0,0.0,0.0,0,0.0,0.0,0.0,0.0,0
2,chain_2svc,144,73.01406400000587,68.52055800004564,4.4935059999602345,1003520,1,37.62565800002449,0.20651399995585962,0.048902999992606055,33.10314999998809,602112,30.894900000021153,0.14680999998972766,0.026902000001882698,0.0,401408,0.0,0.0,0.0,0.0,0,0.0,0.0,0.0,0.0,0,0.0,0.0,0.0,0.0,0
2,chain_2svc,145,74.1611409999905,69.7336409999707,4.427500000019791,1003520,1,38.31460499998229,0.20381400003088856,0.050203000000692555,33.4955769999965,602112,31.41903599998841,0.1510100000245984,0.02440200000819459,0.0,401408,0.0,0.0,0.0,0.0,0,0.0,0.0,0.0,0.0,0,0.0,0.0,0.0,0.0,0
2,chain_2svc,146,72.93585799999391,68.47555500002045,4.4603029999734645,1003520,1,37.40524300002335,0.1952129999835961,0.048002999960772286,33.07804799999303,602112,31.070311999997102,0.15351000001828652,0.025501999971311307,0.0,401408,0.0,0.0,0.0,0.0,0,0.0,0.0,0.0,0.0,0,0.0,0.0,0.0,0.0,0
2,chain_2svc,147,73.11807000002091,68.9086849999967,4.209385000024213,1003520,1,37.977581999996346,0.18321300001389318,0.05000300001256619,32.927238999945985,602112,30.93110300000035,0.15371099999583748,0.0256010000043716,0.0,401408,0.0,0.0,0.0,0.0,0,0.0,0.0,0.0,0.0,0,0.0,0.0,0.0,0.0,0
2,chain_2svc,148,75.78445199999351,71.3916530000347,4.3927989999588135,1003520,1,38.80593799999588,0.1881119999893599,0.04620400000021618,34.63745499999504,602112,32.58571500003882,0.16051099999003782,0.02610199999253382,0.0,401408,0.0,0.0,0.0,0.0,0,0.0,0.0,0.0,0.0,0,0.0,0.0,0.0,0.0,0
2,chain_2svc,149,74.25344800003586,69.66143500000044,4.592013000035422,1003520,1,37.126522999983536,0.2022140000121908,0.05140399997571876,34.94177499999296,602112,32.5349120000169,0.16671100001985906,0.025901999947564036,0.0,401408,0.0,0.0,0.0,0.0,0,0.0,0.0,0.0,0.0,0,0.0,0.0,0.0,0.0,0
2,chain_2svc,150,73.380788999998,69.09109599996555,4.289693000032457,1003520,1,37.24593199996207,0.192013000003044,0.051503000008779054,33.863801999984844,602112,31.84516400000348,0.14500999998290354,0.02440200000819459,0.0,401408,0.0,0.0,0.0,0.0,0,0.0,0.0,0.0,0.0,0,0.0,0.0,0.0,0.0,0
2,chain_2svc,151,73.33518500001901,68.90328499997622,4.431900000042788,1003520,1,38.604724999970585,0.20211300000028132,0.04340300000649222,32.339099000012084,602112,30.298560000005637,0.18901300001061827,0.025001999972573685,0.0,401408,0.0,0.0,0.0,0.0,0,0.0,0.0,0.0,0.0,0,0.0,0.0,0.0,0.0,0
2,chain_2svc,152,74.13214000001744,69.12810000000036,5.004040000017085,1003520,1,37.46374700000388,0.19401299999799448,0.07880499998691448,34.265828999991754,602112,31.66435299999648,0.15430999997079198,0.025401000016245234,0.0,401408,0.0,0.0,0.0,0.0,0,0.0,0.0,0.0,0.0,0,0.0,0.0,0.0,0.0,0
2,chain_2svc,153,75.04870200000369,70.52549399998043,4.52320800002326,1003520,1,39.258367999991606,0.20601400001396541,0.040903000012804114,33.266960999981166,602112,31.26712599998882,0.15450999995891834,0.026402000003145076,0.0,401408,0.0,0.0,0.0,0.0,0,0.0,0.0,0.0,0.0,0,0.0,0.0,0.0,0.0,0
2,chain_2svc,154,73.6447060000387,69.45392199992284,4.190784000115855,1003520,1,37.65325999995639,0.19641300002604112,0.04950300001382857,33.80229800001189,602112,31.80066199996645,0.1459090000253127,0.025402000005669834,0.0,401408,0.0,0.0,0.0,0.0,0,0.0,0.0,0.0,0.0,0,0.0,0.0,0.0,0.0,0
2,chain_2svc,155,74.61847300004365,70.18807199995081,4.430401000092843,1003520,1,37.35533999997642,0.1991130000078556,0.05580399999871588,34.79446500000449,602112,32.832731999974385,0.15121000001272478,0.024101999997583334,0.0,401408,0.0,0.0,0.0,0.0,0,0.0,0.0,0.0,0.0,0,0.0,0.0,0.0,0.0,0
2,chain_2svc,156,72.35061799997311,67.96912100003283,4.381496999940282,1003520,1,37.30243600000449,0.19551299999420735,0.0473029999739083,32.667620999973224,602112,30.666685000028338,0.1542100000051505,0.025101999995058577,0.0,401408,0.0,0.0,0.0,0.0,0,0.0,0.0,0.0,0.0,0,0.0,0.0,0.0,0.0,0
2,chain_2svc,157,74.5168660000104,69.88165100000288,4.63521500000752,1003520,1,38.31710499997598,0.2081140000314008,0.04830300002822696,33.91340500002116,602112,31.564546000026894,0.1530110000089735,0.025901000014982856,0.0,401408,0.0,0.0,0.0,0.0,0,0.0,0.0,0.0,0.0,0,0.0,0.0,0.0,0.0,0
2,chain_2svc,158,73.24157900001182,68.21323700000903,5.0283420000027945,1003520,1,38.46861499999932,0.2030140000215397,0.04920399999264191,32.34089800002948,602112,29.744622000009713,0.15111099997966448,0.02480099999502272,0.0,401408,0.0,0.0,0.0,0.0,0,0.0,0.0,0.0,0.0,0,0.0,0.0,0.0,0.0,0
2,chain_2svc,159,72.77514800000517,68.0105229999981,4.764625000007072,1003520,1,37.752765999982785,0.2125149999869791,0.04470300001457872,32.540312000037375,602112,30.257757000015317,0.14980999998215339,0.025001999972573685,0.0,401408,0.0,0.0,0.0,0.0,0,0.0,0.0,0.0,0.0,0,0.0,0.0,0.0,0.0,0
2,chain_2svc,160,70.63670099995534,66.34531000003108,4.2913909999242605,1003520,1,37.063020000005054,0.20841399998516863,0.052003000007516675,31.283026999972208,602112,29.282290000026023,0.14991000000463828,0.02610199999253382,0.0,401408,0.0,0.0,0.0,0.0,0,0.0,0.0,0.0,0.0,0,0.0,0.0,0.0,0.0,0
2,chain_2svc,161,72.71914399996149,68.59716199994637,4.121982000015123,1003520,1,38.61182399998597,0.19451400004300012,0.05010399996763226,31.902768999998443,602112,29.985337999960393,0.15671100004510663,0.026302000037503603,0.0,401408,0.0,0.0,0.0,0.0,0,0.0,0.0,0.0,0.0,0,0.0,0.0,0.0,0.0,0
2,chain_2svc,162,72.55213199999844,68.18343600002663,4.368695999971806,1003520,1,37.9896830000348,0.20311299999775656,0.049802999967596406,32.27119399997491,602112,30.19375299999183,0.14901000002964793,0.04280199999584511,0.0,401408,0.0,0.0,0.0,0.0,0,0.0,0.0,0.0,0.0,0,0.0,0.0,0.0,0.0,0
2,chain_2svc,163,72.76504699996167,68.7296730000071,4.035373999954572,1003520,1,37.37204099996916,0.19221299999117036,0.048402999993868434,33.27236199999106,602112,31.35763200003794,0.14760999999907654,0.024900999960664194,0.0,401408,0.0,0.0,0.0,0.0,0,0.0,0.0,0.0,0.0,0,0.0,0.0,0.0,0.0,0
2,chain_2svc,164,76.50009999997565,72.07549900005006,4.4246009999255875,1003520,1,39.58249100003286,0.1990129999853707,0.048902999992606055,34.51644599999781,602112,32.4930080000172,0.1408100000048762,0.024501999973836064,0.0,401408,0.0,0.0,0.0,0.0,0,0.0,0.0,0.0,0.0,0,0.0,0.0,0.0,0.0,0
2,chain_2svc,165,72.25571199995784,67.59809600004019,4.6576159999176525,1003520,1,37.380641000027026,0.19561400000611684,0.0447029999577353,32.566314000007424,602112,30.21745500001316,0.1746119999666007,0.02570100002685649,0.0,401408,0.0,0.0,0.0,0.0,0,0.0,0.0,0.0,0.0,0,0.0,0.0,0.0,0.0,0
2,chain_2svc,166,71.57106500000054,67.07376000002796,4.4973049999725845,1003520,1,37.105223000025944,0.20261299999901894,0.04100199998902099,32.01707700003453,602112,29.968537000002016,0.14691000001221255,0.025001999972573685,0.0,401408,0.0,0.0,0.0,0.0,0,0.0,0.0,0.0,0.0,0,0.0,0.0,0.0,0.0,0
2,chain_2svc,167,71.3435499999946,66.87844700002188,4.465102999972714,1003520,1,37.341339000022344,0.19481300000734336,0.04920300000321731,31.58404799995651,602112,29.537107999999535,0.14741000001095017,0.025801999981922563,0.0,401408,0.0,0.0,0.0,0.0,0,0.0,0.0,0.0,0.0,0,0.0,0.0,0.0,0.0,0
2,chain_2svc,168,72.25491200000533,68.13923400005706,4.115677999948275,1003520,1,38.439014000005045,0.1978129999997691,0.05390299997998227,31.70465499999864,602112,29.700220000052013,0.15150999996649261,0.025900999958139437,0.0,401408,0.0,0.0,0.0,0.0,0,0.0,0.0,0.0,0.0,0,0.0,0.0,0.0,0.0,0
2,chain_2svc,169,72.73244399999612,68.12223099996118,4.610213000034946,1003520,1,37.52265099996066,0.1997140000185027,0.046703000009529205,32.81913099999656,602112,30.599580000000515,0.15190999999958876,0.025301999983184942,0.0,401408,0.0,0.0,0.0,0.0,0,0.0,0.0,0.0,0.0,0,0.0,0.0,0.0,0.0,0
2,chain_2svc,170,71.95849200002158,67.16696600000205,4.79152600001953,1003520,1,37.53965200002085,0.1978139999891937,0.04380299998274495,31.783160999964366,602112,29.627313999981197,0.14781100003347092,0.025101000005633978,0.0,401408,0.0,0.0,0.0,0.0,0,0.0,0.0,0.0,0.0,0,0.0,0.0,0.0,0.0,0
2,chain_2svc,171,72.50732900001822,68.03932600001872,4.468002999999499,1003520,1,37.17032700001255,0.19401299999799448,0.048402999993868434,33.12675200004378,602112,30.86899900000617,0.15321000000767526,0.04430299998148257,0.0,401408,0.0,0.0,0.0,0.0,0,0.0,0.0,0.0,0.0,0,0.0,0.0,0.0,0.0,0
2,chain_2svc,172,71.0652309999773,66.84374500002832,4.221485999948982,1003520,1,37.47924800001101,0.19361299996489834,0.049803000024439825,31.274326000016117,602112,29.36449700001731,0.1478099999872029,0.023601000009421114,0.0,401408,0.0,0.0,0.0,0.0,0,0.0,0.0,0.0,0.0,0,0.0,0.0,0.0,0.0,0
2,chain_2svc,173,74.21584499996925,69.78114500003585,4.4346999999334,1003520,1,37.47234799999433,0.1908130000174424,0.04440300000396746,34.501944999988154,602112,32.30879700004152,0.14630999999099004,0.0256019999937962,0.0,401408,0.0,0.0,0.0,0.0,0,0.0,0.0,0.0,0.0,0,0.0,0.0,0.0,0.0,0
2,chain_2svc,174,75.03560099996776,70.92332199994189,4.112279000025865,1003520,1,39.56068999997342,0.18801200002371843,0.0506030000337887,33.40677099998857,602112,31.36263199996847,0.14711000000033891,0.024201000030643627,0.0,401408,0.0,0.0,0.0,0.0,0,0.0,0.0,0.0,0.0,0,0.0,0.0,0.0,0.0,0
2,chain_2svc,175,73.54440000000295,69.27560899998753,4.268791000015426,1003520,1,37.593055000002096,0.1965139999811072,0.04690299999765557,33.701290999999856,602112,31.68255399998543,0.1748120000115705,0.024901000017507613,0.0,401408,0.0,0.0,0.0,0.0,0,0.0,0.0,0.0,0.0,0,0.0,0.0,0.0,0.0,0
2,chain_2svc,176,71.93759000000455,67.59759499999518,4.339995000009367,1003520,1,37.08822099997633,0.19741300002351636,0.05170399998633002,32.64511899999434,602112,30.509374000018852,0.13801000000057684,0.02470099997253783,0.0,401408,0.0,0.0,0.0,0.0,0,0.0,0.0,0.0,0.0,0,0.0,0.0,0.0,0.0,0
2,chain_2svc,177,74.22474599997031,69.36851599999727,4.8562299999730385,1003520,1,38.927546999957485,0.18651200002750556,0.04950300001382857,32.9864419999808,602112,30.440969000039786,0.14360999995233215,0.025001999972573685,0.0,401408,0.0,0.0,0.0,0.0,0,0.0,0.0,0.0,0.0,0,0.0,0.0,0.0,0.0,0
2,chain_2svc,178,71.86968600001364,67.48048700001164,4.389199000002009,1003520,1,37.81307100001641,0.19381300000986812,0.055002999999942404,31.69475500004637,602112,29.667415999995228,0.17291199998226148,0.02530200004002836,0.0,401408,0.0,0.0,0.0,0.0,0,0.0,0.0,0.0,0.0,0,0.0,0.0,0.0,0.0,0
2,chain_2svc,179,73.47979499996882,69.20200399997611,4.277790999992703,1003520,1,37.18892799997775,0.19571300003917713,0.04870399999390429,34.062115999972775,602112,32.013075999998364,0.13990900004046125,0.0243019999857097,0.0,401408,0.0,0.0,0.0,0.0,0,0.0,0.0,0.0,0.0,0,0.0,0.0,0.0,0.0,0
2,chain_2svc,180,73.78891700000167,69.41631799998049,4.372599000021182,1003520,1,37.97868100002688,0.23261600000523686,0.04660299998704431,33.463475000019116,602112,31.43763699995361,0.1460100000372222,0.02440200000819459,0.0,401408,0.0,0.0,0.0,0.0,0,0.0,0.0,0.0,0.0,0,0.0,0.0,0.0,0.0,0
2,chain_2svc,181,73.49349600002597,69.01499099996045,4.478505000065525,1003520,1,37.734564999993836,0.19971399996165928,0.04970300000195493,33.31876499998998,602112,31.28042599996661,0.15071000001398716,0.026402000003145076,0.0,401408,0.0,0.0,0.0,0.0,0,0.0,0.0,0.0,0.0,0,0.0,0.0,0.0,0.0,0
2,chain_2svc,182,76.14577600003258,71.90048800003979,4.245287999992797,1003520,1,38.80713800003832,0.21901499997056817,0.04850299995950991,35.064782999995714,602112,33.093350000001465,0.17741199997090007,0.027201000023069355,0.0,401408,0.0,0.0,0.0,0.0,0,0.0,0.0,0.0,0.0,0,0.0,0.0,0.0,0.0,0
2,chain_2svc,183,75.88135800000373,71.32064900002888,4.56070899997485,1003520,1,39.345675000049596,0.2015139999684834,0.05090299998755654,34.24152799999547,602112,31.974973999979284,0.31902099999570055,0.02620200001501871,0.0,401408,0.0,0.0,0.0,0.0,0,0.0,0.0,0.0,0.0,0,0.0,0.0,0.0,0.0,0
2,chain_2svc,184,73.95952799998895,69.16130200005455,4.798225999934402,1003520,1,37.53675200005091,0.20311399998718116,0.047102999985781935,33.922506000010344,602112,31.624550000003637,0.1504100000033759,0.026800999989973207,0.0,401408,0.0,0.0,0.0,0.0,0,0.0,0.0,0.0,0.0,0,0.0,0.0,0.0,0.0,0
2,chain_2svc,185,74.04843400001937,69.2794089999893,4.769025000030069,1003520,1,37.57465399996818,0.2061140000364503,0.05090299998755654,34.13001999996368,602112,31.704755000021123,0.17051099996479024,0.026301999980660185,0.0,401408,0.0,0.0,0.0,0.0,0,0.0,0.0,0.0,0.0,0,0.0,0.0,0.0,0.0,0
2,chain_2svc,186,72.63353799999095,68.48385700004656,4.149680999944394,1003520,1,37.33903900001678,0.19481300000734336,0.0421019999521377,33.07524799998873,602112,31.144818000029773,0.14800999997532926,0.027200999966225936,0.0,401408,0.0,0.0,0.0,0.0,0,0.0,0.0,0.0,0.0,0,0.0,0.0,0.0,0.0,0
2,chain_2svc,187,72.92545699999664,68.56596100004708,4.359495999949559,1003520,1,37.97928200003753,0.244416999976238,0.049302999968858785,32.63581900000645,602112,30.586679000009553,0.15001099995970435,0.025502000028154725,0.0,401408,0.0,0.0,0.0,0.0,0,0.0,0.0,0.0,0.0,0,0.0,0.0,0.0,0.0,0
2,chain_2svc,188,72.34871800000064,67.88401500000418,4.464702999996462,1003520,1,37.903176999975585,0.20901400000639114,0.05080300002191507,31.93237099998214,602112,29.980838000028598,0.15121000001272478,0.02520199996070005,0.0,401408,0.0,0.0,0.0,0.0,0,0.0,0.0,0.0,0.0,0,0.0,0.0,0.0,0.0,0
2,chain_2svc,189,72.04959799997823,67.44828500001177,4.601312999966467,1003520,1,37.81697099998382,0.19281300001239288,0.04640299999891795,31.883066999967014,602112,29.631314000027942,0.14320999997607942,0.024501999973836064,0.0,401408,0.0,0.0,0.0,0.0,0,0.0,0.0,0.0,0.0,0,0.0,0.0,0.0,0.0,0
2,chain_2svc,190,73.63850600000887,69.03089299993326,4.607613000075617,1003520,1,37.4973499999669,0.207913999986431,0.04750300001887808,33.70069100003548,602112,31.533542999966357,0.14641000001347493,0.02570200001628109,0.0,401408,0.0,0.0,0.0,0.0,0,0.0,0.0,0.0,0.0,0,0.0,0.0,0.0,0.0,0
2,chain_2svc,191,73.75111300001436,69.30771100002175,4.443401999992602,1003520,1,38.825139000039144,0.22231499997360515,0.04690299999765557,32.610016999967684,602112,30.48257199998261,0.1472100000228238,0.024601999996320956,0.0,401408,0.0,0.0,0.0,0.0,0,0.0,0.0,0.0,0.0,0,0.0,0.0,0.0,0.0,0
2,chain_2svc,192,73.27548099999603,68.90578500002675,4.369695999969281,1003520,1,37.767968000025576,0.21571399997810659,0.05080299996507165,33.124751999991986,602112,31.137817000001178,0.14611000000286367,0.024501000041254883,0.0,401408,0.0,0.0,0.0,0.0,0,0.0,0.0,0.0,0.0,0,0.0,0.0,0.0,0.0,0
2,chain_2svc,193,71.799881000004,67.58239399999866,4.217487000005349,1003520,1,37.954880000029334,0.20111399999223067,0.04550299996708418,31.625850000011724,602112,29.627513999969324,0.15261100003272077,0.025002000029417104,0.0,401408,0.0,0.0,0.0,0.0,0,0.0,0.0,0.0,0.0,0,0.0,0.0,0.0,0.0,0
2,chain_2svc,194,73.36058700002468,68.86318200002961,4.497404999995069,1003520,1,39.53028800003722,0.19241299997929673,0.046203000010791584,31.445937999990292,602112,29.332893999992393,0.14641000001347493,0.02480099999502272,0.0,401408,0.0,0.0,0.0,0.0,0,0.0,0.0,0.0,0.0,0,0.0,0.0,0.0,0.0,0
2,chain_2svc,195,73.3064830000103,68.8606810000465,4.445801999963805,1003520,1,37.85097300004736,0.19591299997046008,0.04920300000321731,33.0367459999934,602112,31.009707999999137,0.14630999999099004,0.0243019999857097,0.0,401408,0.0,0.0,0.0,0.0,0,0.0,0.0,0.0,0.0,0,0.0,0.0,0.0,0.0,0
2,chain_2svc,196,74.7249800000418,69.74364099994546,4.981339000096341,1003520,1,39.189763999956995,0.19871300003160286,0.0519040000312998,33.13835199998039,602112,30.55387699998846,0.17231099997161436,0.025802000038765982,0.0,401408,0.0,0.0,0.0,0.0,0,0.0,0.0,0.0,0.0,0,0.0,0.0,0.0,0.0,0
2,chain_2svc,197,71.91735599997173,67.01168099999677,4.905674999974963,1003520,1,37.30831100000387,0.19741299996667294,0.05040199999939432,31.94858199998407,602112,29.7033699999929,0.1472079999871312,0.025801999981922563,0.0,401408,0.0,0.0,0.0,0.0,0,0.0,0.0,0.0,0.0,0,0.0,0.0,0.0,0.0,0
2,chain_2svc,198,74.71989999999096,70.23337800001173,4.486521999979232,1003520,1,38.810221999995065,0.21411099999113503,0.05130200003122809,33.38805300001013,602112,31.42315600001666,0.1439069999946696,0.02610100000310922,0.0,401408,0.0,0.0,0.0,0.0,0,0.0,0.0,0.0,0.0,0,0.0,0.0,0.0,0.0,0
2,chain_2svc,199,72.325281000019,67.90936199996622,4.4159190000527815,1003520,1,37.98167999997304,0.19501000002719593,0.04740299999639319,32.10428900001716,602112,29.927681999993183,0.14300700001967925,0.025101000005633978,0.0,401408,0.0,0.0,0.0,0.0,0,0.0,0.0,0.0,0.0,0,0.0,0.0,0.0,0.0,0
2,chain_2svc,200,71.44633699999758,66.98671600003081,4.4596209999667735,1003520,1,37.53935800000363,0.20711100000880833,0.04660299998704431,31.51196100003517,602112,29.44735800002718,0.1484069999833082,0.025300999993760342,0.0,401408,0.0,0.0,0.0,0.0,0,0.0,0.0,0.0,0.0,0,0.0,0.0,0.0,0.0,0
3,chain_2svc,1,73.47446500000387,68.90410599999086,4.570359000013013,1003520,1,37.28671400000394,0.19851100000778388,0.048902999992606055,33.716210999955365,602112,31.61739199998692,0.15470900001446353,0.0256010000043716,0.0,401408,0.0,0.0,0.0,0.0,0,0.0,0.0,0.0,0.0,0,0.0,0.0,0.0,0.0,0
3,chain_2svc,2,72.5552129999869,68.32817300005445,4.227039999932458,1003520,1,37.821444000030624,0.19811099997468773,0.04700299996329704,32.49824200003104,602112,30.506729000023824,0.1504090000139513,0.0326019999761229,0.0,401408,0.0,0.0,0.0,0.0,0,0.0,0.0,0.0,0.0,0,0.0,0.0,0.0,0.0,0
3,chain_2svc,3,74.73733699998775,70.0385699999515,4.698767000036241,1003520,1,38.653190999980325,0.19791200003282938,0.049301999979434186,33.73511199998802,602112,31.38537899997118,0.15500800003565018,0.026402000003145076,0.0,401408,0.0,0.0,0.0,0.0,0,0.0,0.0,0.0,0.0,0,0.0,0.0,0.0,0.0,0
3,chain_2svc,4,71.95287900003677,67.80464299998812,4.148236000048655,1003520,1,38.31827199996951,0.18771100002368257,0.048402999993868434,31.446082000002207,602112,29.486371000018607,0.15330899998389214,0.024902000006932212,0.0,401408,0.0,0.0,0.0,0.0,0,0.0,0.0,0.0,0.0,0,0.0,0.0,0.0,0.0,0
3,chain_2svc,5,73.32615699999678,69.17062000002261,4.155536999974174,1003520,1,37.75663999999779,0.19251100002293242,0.04660299998704431,33.39779299994916,602112,31.41398000002482,0.1498089999927288,0.025002000029417104,0.0,401408,0.0,0.0,0.0,0.0,0,0.0,0.0,0.0,0.0,0,0.0,0.0,0.0,0.0,0
3,chain_2svc,6,74.14100299996562,69.76225500000055,4.378747999965071,1003520,1,39.125818000002255,0.19731099996533885,0.08150500002557237,32.620749000045635,602112,30.636436999998296,0.1511080000113907,0.025101000005633978,0.0,401408,0.0,0.0,0.0,0.0,0,0.0,0.0,0.0,0.0,0,0.0,0.0,0.0,0.0,0
3,chain_2svc,7,73.5558689999607,69.50024000002486,4.055628999935834,1003520,1,37.20140899997659,0.18481099999689832,0.04770200001757985,34.236639999960516,602112,32.29883100004827,0.15310899999576577,0.02520099997127545,0.0,401408,0.0,0.0,0.0,0.0,0,0.0,0.0,0.0,0.0,0,0.0,0.0,0.0,0.0,0
3,chain_2svc,8,71.49395200002573,67.00039800000468,4.493554000021049,1003520,1,36.98359600002732,0.19821199998659722,0.05090299998755654,32.09631999999374,602112,30.01680199997736,0.14990800002578908,0.02480099999502272,0.0,401408,0.0,0.0,0.0,0.0,0,0.0,0.0,0.0,0.0,0,0.0,0.0,0.0,0.0,0
3,chain_2svc,9,73.4556639999937,69.06711499999574,4.388548999997965,1003520,1,38.38567600001852,0.1926109999885739,0.048002999960772286,32.7269549999869,602112,30.681438999977217,0.15470900001446353,0.025502000028154725,0.0,401408,0.0,0.0,0.0,0.0,0,0.0,0.0,0.0,0.0,0,0.0,0.0,0.0,0.0,0
3,chain_2svc,10,74.58112699998765,70.2916849999724,4.289442000015242,1003520,1,38.282269999967866,0.19341099999792277,0.04970300000195493,34.07873200001177,602112,32.00941500000454,0.15430799999194278,0.026300999991235585,0.0,401408,0.0,0.0,0.0,0.0,0,0.0,0.0,0.0,0.0,0,0.0,0.0,0.0,0.0,0
3,chain_2svc,11,75.6792899999823,71.08592899999167,4.593360999990637,1003520,1,41.30314100001442,0.2105119999669114,0.05030300002317745,31.818004000001565,602112,29.782787999977245,0.15390900000511465,0.02620200001501871,0.0,401408,0.0,0.0,0.0,0.0,0,0.0,0.0,0.0,0.0,0,0.0,0.0,0.0,0.0,0
3,chain_2svc,12,72.81802700003936,68.390877000013,4.427150000026359,1003520,1,38.15196300001844,0.21331199997121075,0.05230299996128451,32.333533000041825,602112,30.238913999994566,0.1492090000283497,0.02570100002685649,0.0,401408,0.0,0.0,0.0,0.0,0,0.0,0.0,0.0,0.0,0,0.0,0.0,0.0,0.0,0
3,chain_2svc,13,74.28861099998585,69.94336500002873,4.345245999957115,1003520,1,37.97975300000189,0.20651199997701042,0.05030300002317745,33.915822999972534,602112,31.963612000026842,0.15020900002582493,0.025900999958139437,0.0,401408,0.0,0.0,0.0,0.0,0,0.0,0.0,0.0,0.0,0,0.0,0.0,0.0,0.0,0
3,chain_2svc,14,75.66278899997769,71.25633900000139,4.406449999976303,1003520,1,39.1820209999878,0.2053119999914088,0.05160299997442053,34.01802799999132,602112,32.07431800001359,0.1511080000113907,0.02620200001501871,0.0,401408,0.0,0.0,0.0,0.0,0,0.0,0.0,0.0,0.0,0,0.0,0.0,0.0,0.0,0
3,chain_2svc,15,72.00418100001116,66.90019200004826,5.103988999962894,1003520,1,37.0974030000184,0.19871099999591024,0.04870300000447969,32.45354000000589,602112,29.80278900002986,0.15370899996014487,0.024900999960664194,0.0,401408,0.0,0.0,0.0,0.0,0,0.0,0.0,0.0,0.0,0,0.0,0.0,0.0,0.0,0
3,chain_2svc,16,71.86507299996947,67.51202699996384,4.353046000005634,1003520,1,37.141304999977365,0.20211100002143212,0.04040300001406649,32.315632000006644,602112,30.370721999986472,0.15180799999825467,0.02480099999502272,0.0,401408,0.0,0.0,0.0,0.0,0,0.0,0.0,0.0,0.0,0,0.0,0.0,0.0,0.0,0
3,chain_2svc,17,72.56711299999097,67.99815499999795,4.568957999993017,1003520,1,37.74373999999625,0.20581100000072183,0.05270299999438066,32.354634000000715,602112,30.2544150000017,0.15060900000207766,0.03410199997233576,0.0,401408,0.0,0.0,0.0,0.0,0,0.0,0.0,0.0,0.0,0,0.0,0.0,0.0,0.0,0
3,chain_2svc,18,74.10509999999704,69.45633700001963,4.648762999977407,1003520,1,38.82029999999759,0.1978110000209199,0.048003000017615705,32.584847999999056,602112,30.636037000022043,0.1433080000197151,0.025900999958139437,0.0,401408,0.0,0.0,0.0,0.0,0,0.0,0.0,0.0,0.0,0,0.0,0.0,0.0,0.0,0
3,chain_2svc,19,79.02558000000681,73.40456099996118,5.621019000045635,1003520,1,42.113287000006494,0.25161399997841727,0.044502999969608936,34.19583799995962,602112,31.291273999954683,0.15380900003947318,0.02440100001876999,0.0,401408,0.0,0.0,0.0,0.0,0,0.0,0.0,0.0,0.0,0,0.0,0.0,0.0,0.0,0
3,chain_2svc,20,74.39611699999205,69.70225100002381,4.693865999968239,1003520,1,37.73193900002525,0.20681199998762168,0.048402999993868434,34.15043600000445,602112,31.970311999998557,0.1491080000164402,0.02480199998444732,0.0,401408,0.0,0.0,0.0,0.0,0,0.0,0.0,0.0,0.0,0,0.0,0.0,0.0,0.0,0
3,chain_2svc,21,76.06881199995996,71.84087199993883,4.227940000021135,1003520,1,38.00875399997494,0.20111200001338148,0.04950300001382857,35.88873399996828,602112,33.832117999963884,0.156709000009414,0.0269010000124581,0.0,401408,0.0,0.0,0.0,0.0,0,0.0,0.0,0.0,0.0,0,0.0,0.0,0.0,0.0,0
3,chain_2svc,22,73.38515999998663,69.33592999996563,4.049230000020998,1003520,1,38.51668300001165,0.20421199997144868,0.05440300003556331,32.7712570000358,602112,30.819246999953975,0.14750800005458586,0.026902000001882698,0.0,401408,0.0,0.0,0.0,0.0,0,0.0,0.0,0.0,0.0,0,0.0,0.0,0.0,0.0,0
3,chain_2svc,23,75.00335100002076,70.57400100001132,4.4293500000094355,1003520,1,39.346231000024545,0.19911099997216297,0.05380299995749738,33.23188400003119,602112,31.227769999986776,0.15330799999446754,0.02740200000062032,0.0,401408,0.0,0.0,0.0,0.0,0,0.0,0.0,0.0,0.0,0,0.0,0.0,0.0,0.0,0
3,chain_2svc,24,73.57317099996408,69.32192900001155,4.251241999952526,1003520,1,37.44592200001762,0.20371199997271106,0.04170300002215299,33.92902299998468,602112,31.876006999993933,0.14890799997147042,0.026302000037503603,0.0,401408,0.0,0.0,0.0,0.0,0,0.0,0.0,0.0,0.0,0,0.0,0.0,0.0,0.0,0
3,chain_2svc,25,72.43380599999227,68.29016999995474,4.143636000037532,1003520,1,38.40417599997181,0.201712000034604,0.04780300002948934,31.846604999998362,602112,29.88599399998293,0.1466080000227521,0.024302000042553118,0.0,401408,0.0,0.0,0.0,0.0,0,0.0,0.0,0.0,0.0,0,0.0,0.0,0.0,0.0,0
3,chain_2svc,26,72.82872900003667,68.45458000003646,4.374149000000216,1003520,1,37.74833900001795,0.19481099997165074,0.04790299999513081,32.774757000026966,602112,30.706241000018508,0.14550800000279196,0.025300999993760342,0.0,401408,0.0,0.0,0.0,0.0,0,0.0,0.0,0.0,0.0,0,0.0,0.0,0.0,0.0,0
3,chain_2svc,27,83.54143599996178,79.0029779999486,4.538458000013179,1003520,1,48.35434099999247,0.26901500001486056,0.04150199998775861,32.75495600001932,602112,30.648636999956125,0.15940899999122848,0.026302000037503603,0.0,401408,0.0,0.0,0.0,0.0,0,0.0,0.0,0.0,0.0,0,0.0,0.0,0.0,0.0,0
3,chain_2svc,28,74.4540210000082,69.99926800000367,4.45475300000453,1003520,1,37.74163899998939,0.2016120000121191,0.06000299998731862,34.31034499999441,602112,32.257629000014276,0.15850900001623813,0.026200999968750693,0.0,401408,0.0,0.0,0.0,0.0,0,0.0,0.0,0.0,0.0,0,0.0,0.0,0.0,0.0,0
3,chain_2svc,29,71.52305400001069,67.14760599993497,4.375448000075721,1003520,1,37.241610999956265,0.19771100005527842,0.04900300001509095,31.904608999980155,602112,29.905994999978702,0.14740900002152557,0.02440100001876999,0.0,401408,0.0,0.0,0.0,0.0,0,0.0,0.0,0.0,0.0,0,0.0,0.0,0.0,0.0,0
3,chain_2svc,30,72.78722600000265,68.48128299992595,4.305943000076695,1003520,1,37.48992599997791,0.20561100001259547,0.04870200001505509,33.04407299998502,602112,30.99135699994804,0.18281100000194783,0.02610100000310922,0.0,401408,0.0,0.0,0.0,0.0,0,0.0,0.0,0.0,0.0,0,0.0,0.0,0.0,0.0,0
3,chain_2svc,31,73.33265700003722,69.13611799996033,4.196539000076882,1003520,1,38.16356300001189,0.20711199999823293,0.04480299998022019,32.969669000010526,602112,30.972554999948443,0.1517090000220378,0.02520200001754347,0.0,401408,0.0,0.0,0.0,0.0,0,0.0,0.0,0.0,0.0,0,0.0,0.0,0.0,0.0,0
3,chain_2svc,32,73.0479410000271,68.40227800000775,4.64566300001934,1003520,1,37.71653799998376,0.1920110000241948,0.05230300001812793,33.201382000015656,602112,30.685740000023998,0.15010799995707202,0.02650099997936195,0.0,401408,0.0,0.0,0.0,0.0,0,0.0,0.0,0.0,0.0,0,0.0,0.0,0.0,0.0,0
3,chain_2svc,33,72.88673200002904,68.5683869999707,4.318345000058343,1003520,1,37.86364699999467,0.1996109999709006,0.05570299998680639,32.75085699999636,602112,30.704739999976027,0.1536089999945034,0.024101000008158735,0.0,401408,0.0,0.0,0.0,0.0,0,0.0,0.0,0.0,0.0,0,0.0,0.0,0.0,0.0,0
3,chain_2svc,34,72.37340299997186,67.80334299998003,4.570059999991827,1003520,1,37.188007999986894,0.20101200004774,0.04410200000393161,32.90476600000147,602112,30.615334999993138,0.1478089999977783,0.025500999981886707,0.0,401408,0.0,0.0,0.0,0.0,0,0.0,0.0,0.0,0.0,0,0.0,0.0,0.0,0.0,0
3,chain_2svc,35,75.0863559999857,70.71610899993175,4.370247000053951,1003520,1,38.852701999985584,0.20371200002955447,0.05230300001812793,33.905221999987134,602112,31.863406999946164,0.1542080000263013,0.025501000038730126,0.0,401408,0.0,0.0,0.0,0.0,0,0.0,0.0,0.0,0.0,0,0.0,0.0,0.0,0.0,0
3,chain_2svc,36,73.03573999996615,68.03865599999881,4.997083999967344,1003520,1,38.25016799999048,0.20771200001945544,0.04230199999710749,32.33283200000869,602112,29.78848800000833,0.15880899997000597,0.025402000005669834,0.0,401408,0.0,0.0,0.0,0.0,0,0.0,0.0,0.0,0.0,0,0.0,0.0,0.0,0.0,0
3,chain_2svc,37,72.75772399998459,68.47298100001353,4.2847429999710585,1003520,1,37.65993499996512,0.2016120000121191,0.050203000000692555,32.82576000003701,602112,30.813046000048416,0.152908999950796,0.02520199996070005,0.0,401408,0.0,0.0,0.0,0.0,0,0.0,0.0,0.0,0.0,0,0.0,0.0,0.0,0.0,0
3,chain_2svc,38,74.8076410000067,70.57670000006055,4.230940999946142,1003520,1,38.99061000004167,0.1971109999772125,0.04520299995647292,33.63250700004983,602112,31.586090000018885,0.15510899999071626,0.02520200001754347,0.0,401408,0.0,0.0,0.0,0.0,0,0.0,0.0,0.0,0.0,0,0.0,0.0,0.0,0.0,0
3,chain_2svc,39,71.48875199999338,67.30511500001057,4.183636999982809,1003520,1,37.410721000014746,0.1849099999731152,0.048503000016353326,31.87850699998762,602112,29.894393999995827,0.15440900000385227,0.025301999983184942,0.0,401408,0.0,0.0,0.0,0.0,0,0.0,0.0,0.0,0.0,0,0.0,0.0,0.0,0.0,0
3,chain_2svc,40,72.43260600000667,67.95865200001572,4.473953999990954,1003520,1,37.694737000038,0.20391199996083742,0.04790200000570621,32.51214300001948,602112,30.263914999977715,0.15280899998515451,0.02520200001754347,0.0,401408,0.0,0.0,0.0,0.0,0,0.0,0.0,0.0,0.0,0,0.0,0.0,0.0,0.0,0
3,chain_2svc,41,72.41890500000636,68.28576999998859,4.133135000017774,1003520,1,37.803741999994145,0.19051100002798194,0.05210299997315815,32.418636999977934,602112,30.482027999994443,0.15700900002002527,0.024202000020068226,0.0,401408,0.0,0.0,0.0,0.0,0,0.0,0.0,0.0,0.0,0,0.0,0.0,0.0,0.0,0
3,chain_2svc,42,72.43450600003598,68.10356099998671,4.330945000049269,1003520,1,37.30491499999289,0.20461100001512023,0.05140300004313758,32.823661000009,602112,30.798645999993823,0.14860900000712718,0.02600099998062433,0.0,401408,0.0,0.0,0.0,0.0,0,0.0,0.0,0.0,0.0,0,0.0,0.0,0.0,0.0,0
3,chain_2svc,43,72.4687080000308,68.15516299997171,4.313545000059094,1003520,1,37.52072699995779,0.20371100004012987,0.051603000031263946,32.66715199998771,602112,30.63443600001392,0.16911000000163767,0.02440200000819459,0.0,401408,0.0,0.0,0.0,0.0,0,0.0,0.0,0.0,0.0,0,0.0,0.0,0.0,0.0,0
3,chain_2svc,44,72.21889399994552,67.87624800000458,4.342645999940942,1003520,1,37.25451200000407,0.1945110000178829,0.048001999971347686,32.7403559999766,602112,30.62173600000051,0.1498080000033042,0.026401000013720477,0.0,401408,0.0,0.0,0.0,0.0,0,0.0,0.0,0.0,0.0,0,0.0,0.0,0.0,0.0,0
3,chain_2svc,45,73.99389400001155,69.65424800000619,4.339646000005359,1003520,1,38.6245889999941,0.1965110000128334,0.04730300003075172,33.01177199995209,602112,31.02965900001209,0.1477079999858688,0.025101000005633978,0.0,401408,0.0,0.0,0.0,0.0,0,0.0,0.0,0.0,0.0,0,0.0,0.0,0.0,0.0,0
3,chain_2svc,46,73.07464199999458,68.68289300001607,4.3917489999785175,1003520,1,37.38401900000099,0.20301099999642247,0.04970300000195493,33.41949499997554,602112,31.298874000015076,0.1517090000220378,0.024000999985673843,0.0,401408,0.0,0.0,0.0,0.0,0,0.0,0.0,0.0,0.0,0,0.0,0.0,0.0,0.0,0
3,chain_2svc,47,72.3010990000148,67.92484999999715,4.376249000017651,1003520,1,37.65083399997593,0.20621200002324258,0.047102999985781935,32.29343099997095,602112,30.27401600002122,0.17510999998648913,0.02650099997936195,0.0,401408,0.0,0.0,0.0,0.0,0,0.0,0.0,0.0,0.0,0,0.0,0.0,0.0,0.0,0
3,chain_2svc,48,73.30855499998279,69.07881500001167,4.229739999971116,1003520,1,37.437922000037815,0.1945109999610395,0.052402999983769405,33.68131000001995,602112,31.640892999973858,0.15660899998692912,0.024502000030679483,0.0,401408,0.0,0.0,0.0,0.0,0,0.0,0.0,0.0,0.0,0,0.0,0.0,0.0,0.0,0
3,chain_2svc,49,74.39571699995895,70.13557600004106,4.260140999917894,1003520,1,37.324415999989924,0.19841099998529899,0.04110200001150588,34.821474000011676,602112,32.81116000005113,0.15720899995130821,0.02520099997127545,0.0,401408,0.0,0.0,0.0,0.0,0,0.0,0.0,0.0,0.0,0,0.0,0.0,0.0,0.0,0
3,chain_2svc,50,72.73832300001004,68.07795999998234,4.660363000027701,1003520,1,37.80834399998412,0.2002109999921231,0.048902000003181456,32.65025100000685,602112,30.269615999998223,0.15440900000385227,0.02440100001876999,0.0,401408,0.0,0.0,0.0,0.0,0,0.0,0.0,0.0,0.0,0,0.0,0.0,0.0,0.0,0
3,chain_2svc,51,71.70456400001513,66.87039100000902,4.834173000006103,1003520,1,37.31941600000255,0.19731100002218227,0.05030199997690943,32.09571899998309,602112,29.550975000006474,0.14890799997147042,0.024202000020068226,0.0,401408,0.0,0.0,0.0,0.0,0,0.0,0.0,0.0,0.0,0,0.0,0.0,0.0,0.0,0
3,chain_2svc,52,73.11184400003867,68.60118900004863,4.510654999990038,1003520,1,37.56213000002617,0.19611099997973724,0.051002999953198014,33.33818999999494,602112,31.039059000022462,0.15500900002507478,0.025500999981886707,0.0,401408,0.0,0.0,0.0,0.0,0,0.0,0.0,0.0,0.0,0,0.0,0.0,0.0,0.0,0
3,chain_2svc,53,74.37031599999955,69.69455099994093,4.675765000058618,1003520,1,39.183521999973436,0.21401200001491816,0.0512020000087432,32.58254700000407,602112,30.511028999967493,0.15770900000688926,0.025101000005633978,0.0,401408,0.0,0.0,0.0,0.0,0,0.0,0.0,0.0,0.0,0,0.0,0.0,0.0,0.0,0
3,chain_2svc,54,71.4466499999844,67.26211200003718,4.184537999947224,1003520,1,37.58533000001307,0.22551299997530805,0.05010300003505108,31.67299599999751,602112,29.676782000024104,0.1523089999864169,0.027701999954388157,0.0,401408,0.0,0.0,0.0,0.0,0,0.0,0.0,0.0,0.0,0,0.0,0.0,0.0,0.0,0
3,chain_2svc,55,71.11393100001351,67.02789900003836,4.086031999975148,1003520,1,37.07340200003273,0.20061099996837584,0.04150199998775861,31.953212000018993,602112,29.95449700000563,0.15370900001698828,0.026801999979397806,0.0,401408,0.0,0.0,0.0,0.0,0,0.0,0.0,0.0,0.0,0,0.0,0.0,0.0,0.0,0
3,chain_2svc,56,73.20064900000034,69.06431400000201,4.136334999998326,1003520,1,37.80454299999292,0.20381100000577135,0.0499029999900813,33.21418299998413,602112,31.259771000009096,0.14990900001521368,0.026401999946301657,0.0,401408,0.0,0.0,0.0,0.0,0,0.0,0.0,0.0,0.0,0,0.0,0.0,0.0,0.0,0
3,chain_2svc,57,75.29846800002815,70.70760799996378,4.590860000064367,1003520,1,39.42723500000511,0.21871299998110771,0.04780200004006474,33.42989500004023,602112,31.280372999958672,0.18291000003500812,0.025802000038765982,0.0,401408,0.0,0.0,0.0,0.0,0,0.0,0.0,0.0,0.0,0,0.0,0.0,0.0,0.0,0
3,chain_2svc,58,82.86079700002347,73.78078199997162,9.080015000051844,1003520,1,38.158662999990156,0.20941200000379467,0.04650199997513482,37.7407390000144,602112,35.62211899998147,0.15340900000637703,0.02970200000618206,0.0,401408,0.0,0.0,0.0,0.0,0,0.0,0.0,0.0,0.0,0,0.0,0.0,0.0,0.0,0
3,chain_2svc,59,76.45463300002575,71.68616400002747,4.768468999998277,1003520,1,40.41059100001121,0.2213120000078561,0.04910299998073242,33.309188000032464,602112,31.275573000016266,0.15320900001825066,0.025400999959401815,0.0,401408,0.0,0.0,0.0,0.0,0,0.0,0.0,0.0,0.0,0,0.0,0.0,0.0,0.0,0
3,chain_2svc,60,72.36680199997636,68.09495900000684,4.271842999969522,1003520,1,37.583630000028734,0.19951199999468372,0.045403000001442706,32.4886419999757,602112,30.511328999978105,0.1516089999995529,0.02620200001501871,0.0,401408,0.0,0.0,0.0,0.0,0,0.0,0.0,0.0,0.0,0,0.0,0.0,0.0,0.0,0
3,chain_2svc,61,72.36420200001703,67.97655299993721,4.3876490000798185,1003520,1,37.326615999973,0.20011200001590623,0.04770200001757985,32.80565900001875,602112,30.64993699996421,0.15140900001142654,0.026002000026892347,0.0,401408,0.0,0.0,0.0,0.0,0,0.0,0.0,0.0,0.0,0,0.0,0.0,0.0,0.0,0
3,chain_2svc,62,73.50956700003053,69.30512799999633,4.204439000034199,1003520,1,39.29122700003518,0.23891299997558235,0.05090299998755654,32.073018000005504,602112,30.01390099996115,0.1562090000106764,0.025902000004407455,0.0,401408,0.0,0.0,0.0,0.0,0,0.0,0.0,0.0,0.0,0,0.0,0.0,0.0,0.0,0
3,chain_2svc,63,73.73097900000403,69.51413999996703,4.216839000036998,1003520,1,38.26666899999509,0.19491100005097906,0.04760199999509496,33.25428499999816,602112,31.247470999971938,0.15190900001016416,0.026801999979397806,0.0,401408,0.0,0.0,0.0,0.0,0,0.0,0.0,0.0,0.0,0,0.0,0.0,0.0,0.0,0
3,chain_2svc,64,73.23445099996206,68.76279800002294,4.471652999939124,1003520,1,38.44928000000891,0.22421300002406497,0.043101999949612946,32.48024100003022,602112,30.313518000014028,0.15170899996519438,0.0256010000043716,0.0,401408,0.0,0.0,0.0,0.0,0,0.0,0.0,0.0,0.0,0,0.0,0.0,0.0,0.0,0
3,chain_2svc,65,70.89821800002483,66.54757300003666,4.3506449999881625,1003520,1,37.478524999983165,0.19731100002218227,0.048402000004443835,31.1802669999679,602112,29.0690480000535,0.15660899998692912,0.02480099999502272,0.0,401408,0.0,0.0,0.0,0.0,0,0.0,0.0,0.0,0.0,0,0.0,0.0,0.0,0.0,0
3,chain_2svc,66,72.95853499999794,68.73369599998114,4.2248390000168,1003520,1,37.390919000017675,0.18831099998806167,0.039202999971621466,33.322688999987804,602112,31.342776999963462,0.14960800001517782,0.025802000038765982,0.0,401408,0.0,0.0,0.0,0.0,0,0.0,0.0,0.0,0.0,0,0.0,0.0,0.0,0.0,0
3,chain_2svc,67,72.77792499996849,68.55978600003709,4.218138999931398,1003520,1,37.46252300004471,0.1970109999547276,0.05210299997315815,33.19358199996714,602112,31.09726299999238,0.154108999993241,0.027300999988710828,0.0,401408,0.0,0.0,0.0,0.0,0,0.0,0.0,0.0,0.0,0,0.0,0.0,0.0,0.0,0
3,chain_2svc,68,73.38526000000911,69.33213100001012,4.0531289999989895,1003520,1,37.568130000011024,0.19621100000222214,0.07020399999646543,33.687009000004764,602112,31.764000999999098,0.15240900000890178,0.024000999985673843,0.0,401408,0.0,0.0,0.0,0.0,0,0.0,0.0,0.0,0.0,0,0.0,0.0,0.0,0.0,0
3,chain_2svc,69,70.81091399999195,66.73108299997921,4.079831000012746,1003520,1,37.513826999997946,0.1901100000054612,0.04940299999134368,31.109162999996443,602112,29.217255999981262,0.13770800001111638,0.024200999973800208,0.0,401408,0.0,0.0,0.0,0.0,0,0.0,0.0,0.0,0.0,0,0.0,0.0,0.0,0.0,0
3,chain_2svc,70,71.48385200002849,67.20250999995869,4.281342000069799,1003520,1,37.27061299997558,0.1906109999936234,0.04780200004006474,32.08881799997698,602112,29.93189699998311,0.14000800001667812,0.02570100002685649,0.0,401408,0.0,0.0,0.0,0.0,0,0.0,0.0,0.0,0.0,0,0.0,0.0,0.0,0.0,0
3,chain_2svc,71,74.37041500003261,69.51023999994277,4.860175000089839,1003520,1,38.46007999999301,0.19101100002671956,0.04750300001887808,33.655307999993056,602112,31.050159999949756,0.14960800001517782,0.02620200001501871,0.0,401408,0.0,0.0,0.0,0.0,0,0.0,0.0,0.0,0.0,0,0.0,0.0,0.0,0.0,0
3,chain_2svc,72,72.3770029999855,68.11836100001756,4.258641999967949,1003520,1,37.71863800000119,0.19041100000549704,0.04730300003075172,32.28153000003431,602112,30.399723000016365,0.1491090000058648,0.02700199996752417,0.0,401408,0.0,0.0,0.0,0.0,0,0.0,0.0,0.0,0.0,0,0.0,0.0,0.0,0.0,0
3,chain_2svc,73,73.78208199997971,69.47033800003055,4.311743999949158,1003520,1,38.033056000017496,0.20011099996963821,0.056803000006766524,33.44219599995313,602112,31.437282000013056,0.15330899998389214,0.025902000004407455,0.0,401408,0.0,0.0,0.0,0.0,0,0.0,0.0,0.0,0.0,0,0.0,0.0,0.0,0.0,0
3,chain_2svc,74,73.8464860000363,69.25502600000755,4.591460000028746,1003520,1,37.836045000005925,0.1906099999473554,0.04750300001887808,33.73591199999737,602112,31.418981000001622,0.15260899999702815,0.025700999970013072,0.0,401408,0.0,0.0,0.0,0.0,0,0.0,0.0,0.0,0.0,0,0.0,0.0,0.0,0.0,0
3,chain_2svc,75,72.62491699998463,67.91015000004563,4.714766999939002,1003520,1,37.40422100003116,0.2027109999858112,0.05080300002191507,32.71525399998154,602112,30.505929000014476,0.15140900001142654,0.02470099997253783,0.0,401408,0.0,0.0,0.0,0.0,0,0.0,0.0,0.0,0.0,0,0.0,0.0,0.0,0.0,0
3,chain_2svc,76,71.24293799995485,67.04130000002806,4.201637999926788,1003520,1,37.35511700000416,0.19921099999464786,0.04520300001331634,31.71369799997592,602112,29.686183000023902,0.1516089999995529,0.023200999976324965,0.0,401408,0.0,0.0,0.0,0.0,0,0.0,0.0,0.0,0.0,0,0.0,0.0,0.0,0.0,0
3,chain_2svc,77,72.47200900002326,68.08195899998282,4.390050000040446,1003520,1,36.86308899995083,0.20621200002324258,0.05050300001130381,33.38669300001129,602112,31.218870000031984,0.15660899998692912,0.024601000006896356,0.0,401408,0.0,0.0,0.0,0.0,0,0.0,0.0,0.0,0.0,0,0.0,0.0,0.0,0.0,0
3,chain_2svc,78,72.77512499996419,68.83020299994769,3.944922000016504,1003520,1,37.38751999998158,0.18481000000747372,0.05030300002317745,33.29098699998667,602112,31.44268299996611,0.15630800004373668,0.025300999993760342,0.0,401408,0.0,0.0,0.0,0.0,0,0.0,0.0,0.0,0.0,0,0.0,0.0,0.0,0.0,0
3,chain_2svc,79,72.74632299998984,68.39187700001048,4.354445999979362,1003520,1,37.26851300001499,0.20631099999945945,0.05140299998629416,33.16418000002841,602112,31.12336399999549,0.1562090000106764,0.03310199997486052,0.0,401408,0.0,0.0,0.0,0.0,0,0.0,0.0,0.0,0.0,0,0.0,0.0,0.0,0.0,0
3,chain_2svc,80,75.23026400002664,70.65160500002321,4.578659000003427,1003520,1,39.599044999988564,0.20111099996711346,0.04990300004692472,33.0873749999796,602112,31.052560000034646,0.16150900000866386,0.025101999995058577,0.0,401408,0.0,0.0,0.0,0.0,0,0.0,0.0,0.0,0.0,0,0.0,0.0,0.0,0.0,0
3,chain_2svc,81,71.5447549999908,67.38131899993505,4.1634360000557535,1003520,1,37.315914999965116,0.19411100004163018,0.05320299999311828,31.99721400000044,602112,30.06540399996993,0.15440900000385227,0.027202000012493954,0.0,401408,0.0,0.0,0.0,0.0,0,0.0,0.0,0.0,0.0,0,0.0,0.0,0.0,0.0,0
3,chain_2svc,82,72.72482199999786,68.73859599994603,3.986226000051829,1003520,1,37.349816999949326,0.18831100004490509,0.05050300001130381,33.30048799995211,602112,31.388778999996703,0.13280799998938164,0.0243019999857097,0.0,401408,0.0,0.0,0.0,0.0,0,0.0,0.0,0.0,0.0,0,0.0,0.0,0.0,0.0,0
3,chain_2svc,83,73.11904499999855,68.78980000004731,4.329244999951243,1003520,1,37.35131800004865,0.18980999999484993,0.045701999965785944,33.50019900000234,602112,31.438481999998658,0.14500800000405434,0.032001999954900384,0.0,401408,0.0,0.0,0.0,0.0,0,0.0,0.0,0.0,0.0,0,0.0,0.0,0.0,0.0,0
3,chain_2svc,84,72.68861999995124,68.44857900000534,4.240040999945904,1003520,1,37.317215000030046,0.1803099999619917,0.042302999986532086,33.12987799995426,602112,31.131363999975292,0.14390900003036222,0.026301999980660185,0.0,401408,0.0,0.0,0.0,0.0,0,0.0,0.0,0.0,0.0,0,0.0,0.0,0.0,0.0,0
3,chain_2svc,85,72.69412099998362,68.04265699992129,4.651464000062333,1003520,1,37.90354899996373,0.21101200002249243,0.049303000025702204,32.42163800001663,602112,30.13910799995756,0.14100800001415337,0.02530200004002836,0.0,401408,0.0,0.0,0.0,0.0,0,0.0,0.0,0.0,0.0,0,0.0,0.0,0.0,0.0,0
3,chain_2svc,86,72.75582400001213,68.58608699997149,4.169737000040641,1003520,1,37.6029309999808,0.19731200001160687,0.04740299999639319,32.98087000001715,602112,30.983155999990686,0.17560999998522675,0.024101000008158735,0.0,401408,0.0,0.0,0.0,0.0,0,0.0,0.0,0.0,0.0,0,0.0,0.0,0.0,0.0,0
3,chain_2svc,87,74.24840900000618,69.7327529999825,4.515656000023682,1003520,1,37.9523519999907,0.20361100001764498,0.04460200000266923,33.89682099998481,602112,31.780400999991798,0.16020900000057736,0.02650199996878655,0.0,401408,0.0,0.0,0.0,0.0,0,0.0,0.0,0.0,0.0,0,0.0,0.0,0.0,0.0,0
3,chain_2svc,88,74.54362499998979,70.20737999994253,4.336245000047256,1003520,1,38.79949999998189,0.20321099998454883,0.04830300002822696,33.481697999945936,602112,31.40787999996064,0.14390800004093762,0.02750200002310521,0.0,401408,0.0,0.0,0.0,0.0,0,0.0,0.0,0.0,0.0,0,0.0,0.0,0.0,0.0,0
3,chain_2svc,89,76.98302300002524,72.54007400001683,4.4429490000084115,1003520,1,41.61215100003801,0.2144119999911709,0.04780299997264592,32.86963100003959,602112,30.92792299997882,0.14770800004271223,0.025500999981886707,0.0,401408,0.0,0.0,0.0,0.0,0,0.0,0.0,0.0,0.0,0,0.0,0.0,0.0,0.0,0
3,chain_2svc,90,74.25653499996088,69.96459600003391,4.29193899992697,1003520,1,39.869620000047234,0.20901199997069853,0.0473029999739083,32.06738599999426,602112,30.094975999986673,0.1477079999858688,0.025800999992497964,0.0,401408,0.0,0.0,0.0,0.0,0,0.0,0.0,0.0,0.0,0,0.0,0.0,0.0,0.0,0
3,chain_2svc,91,71.07155799997145,66.68861399998605,4.3829439999854,1003520,1,37.47088699998358,0.19731100002218227,0.04640200000949335,31.232239000019035,602112,29.21772700000247,0.1466080000227521,0.023500999986936222,0.0,401408,0.0,0.0,0.0,0.0,0,0.0,0.0,0.0,0.0,0,0.0,0.0,0.0,0.0,0
3,chain_2svc,92,70.97185199995693,66.85122300001467,4.120628999942255,1003520,1,37.48978800001623,0.20541099996762568,0.04880300002696458,31.341746000009607,602112,29.361434999998437,0.14110799997979484,0.023702000021330605,0.0,401408,0.0,0.0,0.0,0.0,0,0.0,0.0,0.0,0.0,0,0.0,0.0,0.0,0.0,0
3,chain_2svc,93,73.82241099998055,69.65667999998004,4.1657310000005054,1003520,1,37.46918699999924,0.19221100001232116,0.06060299995169771,34.09659900000861,602112,32.187492999980805,0.14570799999091832,0.025300999993760342,0.0,401408,0.0,0.0,0.0,0.0,0,0.0,0.0,0.0,0.0,0,0.0,0.0,0.0,0.0,0
3,chain_2svc,94,72.32242700001734,68.16089599999486,4.161531000022478,1003520,1,38.18812700001217,0.20381100000577135,0.04610199999888209,31.96458000002167,602112,29.97276899998269,0.13540700001613004,0.025402000005669834,0.0,401408,0.0,0.0,0.0,0.0,0,0.0,0.0,0.0,0.0,0,0.0,0.0,0.0,0.0,0
3,chain_2svc,95,74.02762200001689,69.5647739999572,4.462848000059694,1003520,1,38.14072399995894,0.19921100005149128,0.048503000016353326,33.57937000004085,602112,31.42404999999826,0.14280799996413407,0.024901000017507613,0.0,401408,0.0,0.0,0.0,0.0,0,0.0,0.0,0.0,0.0,0,0.0,0.0,0.0,0.0,0
3,chain_2svc,96,72.37173099997563,67.86227900005315,4.509451999922476,1003520,1,37.038262000010036,0.20711199999823293,0.05140299998629416,32.987337000008665,602112,30.824017000043114,0.15190899995332074,0.02520099997127545,0.0,401408,0.0,0.0,0.0,0.0,0,0.0,0.0,0.0,0.0,0,0.0,0.0,0.0,0.0,0
3,chain_2svc,97,71.4760809999575,67.07233600002382,4.403744999933679,1003520,1,37.66249800003152,0.20301099999642247,0.04820200001631747,31.463352000002942,602112,29.409837999992305,0.14530799995782218,0.024501000041254883,0.0,401408,0.0,0.0,0.0,0.0,0,0.0,0.0,0.0,0.0,0,0.0,0.0,0.0,0.0,0
3,chain_2svc,98,73.73040599998149,68.92383799998925,4.8065679999922395,1003520,1,37.67959800001108,0.1971110000340559,0.0499029999900813,33.50976600000877,602112,31.244239999978163,0.1466090000121767,0.02390100002003237,0.0,401408,0.0,0.0,0.0,0.0,0,0.0,0.0,0.0,0.0,0,0.0,0.0,0.0,0.0,0
3,chain_2svc,99,77.21679999997377,72.26372399998127,4.953075999992507,1003520,1,38.057119000029616,0.21961199996667347,0.04780299997264592,36.78144799999927,602112,34.20660499995165,0.16881000004786983,0.02650100003620537,0.0,401408,0.0,0.0,0.0,0.0,0,0.0,0.0,0.0,0.0,0,0.0,0.0,0.0,0.0,0
3,chain_2svc,100,72.27352500001416,67.71457100001044,4.558954000003723,1003520,1,38.17632599998433,0.20171099998833597,0.05760400000554,31.67986400001155,602112,29.53824500002611,0.1516089999995529,0.02470099997253783,0.0,401408,0.0,0.0,0.0,0.0,0,0.0,0.0,0.0,0.0,0,0.0,0.0,0.0,0.0,0
3,chain_2svc,101,73.60849899998811,69.3813639999803,4.22713500000782,1003520,1,39.01967299998432,0.19571100000348451,0.04340300000649222,32.36530200001653,602112,30.36169099999597,0.1472079999871312,0.026201000025594112,0.0,401408,0.0,0.0,0.0,0.0,0,0.0,0.0,0.0,0.0,0,0.0,0.0,0.0,0.0,0
3,chain_2svc,102,72.84945700001799,68.5847190000004,4.264738000017587,1003520,1,37.75940299999547,0.2002109999921231,0.044002000038290134,32.79292700000269,602112,30.825316000004932,0.15340900000637703,0.024502000030679483,0.0,401408,0.0,0.0,0.0,0.0,0,0.0,0.0,0.0,0.0,0,0.0,0.0,0.0,0.0,0
3,chain_2svc,103,72.47443599999315,67.77597399997148,4.698462000021664,1003520,1,37.995716000011726,0.211011999965649,0.04850200002692873,32.00328200000513,602112,29.78025799995976,0.1530090000301243,0.02530200004002836,0.0,401408,0.0,0.0,0.0,0.0,0,0.0,0.0,0.0,0.0,0,0.0,0.0,0.0,0.0,0
3,chain_2svc,104,73.83741199998894,69.05334499998617,4.7840670000027785,1003520,1,37.89051000001109,0.19671100000095976,0.046303000033276476,33.49246599998423,602112,31.162834999975075,0.1491090000058648,0.025502000028154725,0.0,401408,0.0,0.0,0.0,0.0,0,0.0,0.0,0.0,0.0,0,0.0,0.0,0.0,0.0,0
3,chain_2svc,105,72.85675699995409,68.18749699999671,4.669259999957376,1003520,1,37.46178599999439,0.20231100000955848,0.04780300002948934,33.08604299996887,602112,30.72571100000232,0.14790799997399517,0.024901000017507613,0.0,401408,0.0,0.0,0.0,0.0,0,0.0,0.0,0.0,0.0,0,0.0,0.0,0.0,0.0,0
3,chain_2svc,106,74.14672899994912,69.55887399999483,4.587854999954288,1003520,1,37.61519500000077,0.2144119999911709,0.05010300003505108,33.99299300002667,602112,31.943678999994063,0.1498080000033042,0.02660199999127144,0.0,401408,0.0,0.0,0.0,0.0,0,0.0,0.0,0.0,0.0,0,0.0,0.0,0.0,0.0,0
3,chain_2svc,107,72.59474200003524,67.55416200002173,5.040580000013506,1003520,1,37.57269300001553,0.1978110000209199,0.052003000007516675,32.68081999999595,602112,29.9814690000062,0.154108999993241,0.025002000029417104,0.0,401408,0.0,0.0,0.0,0.0,0,0.0,0.0,0.0,0.0,0,0.0,0.0,0.0,0.0,0
3,chain_2svc,108,74.60965500001748,70.22921099996893,4.380444000048556,1003520,1,39.00027199995293,0.2017110000451794,0.0512029999981678,33.220249999999396,602112,31.228939000016,0.14940899995963264,0.024500999984411465,0.0,401408,0.0,0.0,0.0,0.0,0,0.0,0.0,0.0,0.0,0,0.0,0.0,0.0,0.0,0
3,chain_2svc,109,71.09125900001345,66.86002300006066,4.231235999952787,1003520,1,37.26667500001213,0.19611099997973724,0.04240199996274896,31.494853000026524,602112,29.593348000048536,0.15560899998945388,0.02480099999502272,0.0,401408,0.0,0.0,0.0,0.0,0,0.0,0.0,0.0,0.0,0,0.0,0.0,0.0,0.0,0
3,chain_2svc,110,72.00031000002127,67.77297500002533,4.227334999995946,1003520,1,37.557292000030884,0.19751099995346522,0.05470299998933115,32.16989200001308,602112,30.215682999994442,0.15050799999016817,0.02700100003494299,0.0,401408,0.0,0.0,0.0,0.0,0,0.0,0.0,0.0,0.0,0,0.0,0.0,0.0,0.0,0
3,chain_2svc,111,72.16611900003045,67.58486299997912,4.581256000051326,1003520,1,37.17756999998301,0.20911199999318342,0.04740299999639319,32.42670600002384,602112,30.407292999996116,0.1433080000197151,0.03530200001478079,0.0,401408,0.0,0.0,0.0,0.0,0,0.0,0.0,0.0,0.0,0,0.0,0.0,0.0,0.0,0
3,chain_2svc,112,71.26056800001379,66.62600999999313,4.634558000020661,1003520,1,37.43288399999756,0.19671100000095976,0.048402999993868434,31.530056000008244,602112,29.193125999995573,0.14810800001896496,0.024200999973800208,0.0,401408,0.0,0.0,0.0,0.0,0,0.0,0.0,0.0,0.0,0,0.0,0.0,0.0,0.0,0
3,chain_2svc,113,71.8409009999732,67.62676699997883,4.214133999994374,1003520,1,37.24557499998582,0.2009110000358305,0.04610199999888209,32.41240500000231,602112,30.381191999993007,0.14700799999900482,0.02350200003320424,0.0,401408,0.0,0.0,0.0,0.0,0,0.0,0.0,0.0,0.0,0,0.0,0.0,0.0,0.0,0
3,chain_2svc,114,72.10041600001205,67.75637300006565,4.344042999946396,1003520,1,37.32207900003459,0.19741099998782374,0.04110200001150588,32.646518000035485,602112,30.43429400003106,0.14300800000910385,0.06350399996790657,0.0,401408,0.0,0.0,0.0,0.0,0,0.0,0.0,0.0,0.0,0,0.0,0.0,0.0,0.0,0
3,chain_2svc,115,72.92516100000057,68.76983000000791,4.155330999992657,1003520,1,38.33203499999627,0.20641099996510093,0.040902000023379514,32.40540500001998,602112,30.437795000011647,0.14870799998334405,0.024101999997583334,0.0,401408,0.0,0.0,0.0,0.0,0,0.0,0.0,0.0,0.0,0,0.0,0.0,0.0,0.0,0
3,chain_2svc,116,75.23349000001645,70.67083600003343,4.562653999983013,1003520,1,38.76585900002283,0.208411999949476,0.0460019999763972,34.242207000033886,602112,31.904977000010604,0.16170899999679023,0.02600099998062433,0.0,401408,0.0,0.0,0.0,0.0,0,0.0,0.0,0.0,0.0,0,0.0,0.0,0.0,0.0,0
3,chain_2svc,117,73.0465679999952,68.55071700005055,4.4958509999446505,1003520,1,37.16326900001832,0.19421100000727165,0.05080300002191507,33.69477600000437,602112,31.387448000032236,0.153407999960109,0.026301999980660185,0.0,401408,0.0,0.0,0.0,0.0,0,0.0,0.0,0.0,0.0,0,0.0,0.0,0.0,0.0,0
3,chain_2svc,118,73.81280999999262,69.27145799994605,4.541352000046572,1003520,1,37.715599999955884,0.19741100004466716,0.050203000000692555,33.64687399999866,602112,31.555857999990167,0.14680800001087846,0.0256010000043716,0.0,401408,0.0,0.0,0.0,0.0,0,0.0,0.0,0.0,0.0,0,0.0,0.0,0.0,0.0,0
3,chain_2svc,119,72.11211599997114,67.83527700002878,4.276838999942356,1003520,1,37.7478020000126,0.22311199995783682,0.04150199998775861,32.12718899999345,602112,30.087475000016184,0.1491080000164402,0.02520199996070005,0.0,401408,0.0,0.0,0.0,0.0,0,0.0,0.0,0.0,0.0,0,0.0,0.0,0.0,0.0,0
3,chain_2svc,120,72.15021800004706,67.89258100002371,4.257637000023351,1003520,1,37.36898099998598,0.20381199999519595,0.050203000000692555,32.540412000003016,602112,30.52360000003773,0.15710899998566674,0.0230009999881986,0.0,401408,0.0,0.0,0.0,0.0,0,0.0,0.0,0.0,0.0,0,0.0,0.0,0.0,0.0,0
3,chain_2svc,121,72.66474600004358,68.2825019999882,4.38224400005538,1003520,1,37.157868999997845,0.19951100000525912,0.04740299999639319,33.337856999992255,602112,31.124632999990354,0.15080800000077943,0.024601999996320956,0.0,401408,0.0,0.0,0.0,0.0,0,0.0,0.0,0.0,0.0,0,0.0,0.0,0.0,0.0,0
3,chain_2svc,122,72.93956199998775,68.54571799999576,4.3938439999919865,1003520,1,38.01791800003684,0.19080999999232517,0.04910199999130782,32.80732700000044,602112,30.527799999958916,0.14990900001521368,0.024701000029381248,0.0,401408,0.0,0.0,0.0,0.0,0,0.0,0.0,0.0,0.0,0,0.0,0.0,0.0,0.0,0
3,chain_2svc,123,74.02392199998076,69.15235099995698,4.871571000023778,1003520,1,38.22602899998628,0.1926110000454173,0.051102999975682906,33.67007500003183,602112,30.926321999970696,0.1466090000121767,0.025300999993760342,0.0,401408,0.0,0.0,0.0,0.0,0,0.0,0.0,0.0,0.0,0,0.0,0.0,0.0,0.0,0
3,chain_2svc,124,72.40523299998358,68.26190199996063,4.143331000022954,1003520,1,37.400282999954015,0.2053110000019842,0.05300300000499192,32.70352100003038,602112,30.861619000006613,0.14530799995782218,0.02700100003494299,0.0,401408,0.0,0.0,0.0,0.0,0,0.0,0.0,0.0,0.0,0,0.0,0.0,0.0,0.0,0
3,chain_2svc,125,72.78875299999754,68.39370800003053,4.395044999967013,1003520,1,37.885409000011805,0.20501199998079755,0.05140299998629416,32.58651499999132,602112,30.508299000018724,0.14890800002831384,0.02380099999754748,0.0,401408,0.0,0.0,0.0,0.0,0,0.0,0.0,0.0,0.0,0,0.0,0.0,0.0,0.0,0
3,chain_2svc,126,80.96490900004483,76.37915300000486,4.585756000039964,1003520,1,39.47769800004153,0.20501199998079755,0.04830299997138354,39.15608099998735,602112,36.901454999963335,0.17170900002838607,0.05010300003505108,0.0,401408,0.0,0.0,0.0,0.0,0,0.0,0.0,0.0,0.0,0,0.0,0.0,0.0,0.0,0
3,chain_2svc,127,74.68065899996645,70.32331599998543,4.357342999981029,1003520,1,39.82501799998772,0.1906100000041988,0.05010300003505108,32.589513999994324,602112,30.498297999997703,0.15580899997758024,0.02530200004002836,0.0,401408,0.0,0.0,0.0,0.0,0,0.0,0.0,0.0,0.0,0,0.0,0.0,0.0,0.0,0
3,chain_2svc,128,74.2073320000145,69.78648699998757,4.4208450000269295,1003520,1,37.14136899998266,0.2028110000082961,0.04770200001757985,34.761736000007204,602112,32.64511800000491,0.15120800003387558,0.026402000003145076,0.0,401408,0.0,0.0,0.0,0.0,0,0.0,0.0,0.0,0.0,0,0.0,0.0,0.0,0.0,0
3,chain_2svc,129,73.91921599997886,68.77012999996168,5.149086000017178,1003520,1,38.63795099999834,0.2061120000007577,0.048402999993868434,32.7513230000136,602112,30.132178999963344,0.14620799998965595,0.027701000021806976,0.0,401408,0.0,0.0,0.0,0.0,0,0.0,0.0,0.0,0.0,0,0.0,0.0,0.0,0.0,0
3,chain_2svc,130,72.42943400001423,67.51836000000822,4.9110740000060105,1003520,1,37.99491600000238,0.2027109999858112,0.04750300001887808,32.002381999973295,602112,29.52344400000584,0.15530899997884262,0.02470099997253783,0.0,401408,0.0,0.0,0.0,0.0,0,0.0,0.0,0.0,0.0,0,0.0,0.0,0.0,0.0,0
3,chain_2svc,131,72.77605299998413,68.11909300000707,4.656959999977062,1003520,1,37.71069999999099,0.20121100004644177,0.043602000005193986,32.840627999974004,602112,30.408393000016076,0.15330899998389214,0.023200999976324965,0.0,401408,0.0,0.0,0.0,0.0,0,0.0,0.0,0.0,0.0,0,0.0,0.0,0.0,0.0,0
3,chain_2svc,132,73.05366800000002,68.91043799993213,4.143230000067888,1003520,1,37.16106999996782,0.2100120000250172,0.04940200000191908,33.680675999960386,602112,31.749367999964306,0.15150900003391143,0.0256010000043716,0.0,401408,0.0,0.0,0.0,0.0,0,0.0,0.0,0.0,0.0,0,0.0,0.0,0.0,0.0,0
3,chain_2svc,133,72.96056400002726,68.41671000000815,4.54385400001911,1003520,1,37.62479499999927,0.2015119999896342,0.040901999966536096,33.13854599997512,602112,30.791915000008885,0.14860800001770258,0.024200999973800208,0.0,401408,0.0,0.0,0.0,0.0,0,0.0,0.0,0.0,0.0,0,0.0,0.0,0.0,0.0,0
3,chain_2svc,134,72.80815500001836,67.9348820000314,4.873272999986966,1003520,1,37.68099799998481,0.20471200002702972,0.0499029999900813,32.789225999977134,602112,30.253884000046583,0.17391000000088752,0.02690199994503928,0.0,401408,0.0,0.0,0.0,0.0,0,0.0,0.0,0.0,0.0,0,0.0,0.0,0.0,0.0,0
3,chain_2svc,135,74.69045999999935,69.929094000031,4.761365999968348,1003520,1,38.25392999999622,0.2073109999969347,0.054603000023689674,34.16370200000074,602112,31.675164000034783,0.14920899997150627,0.02600099998062433,0.0,401408,0.0,0.0,0.0,0.0,0,0.0,0.0,0.0,0.0,0,0.0,0.0,0.0,0.0,0
3,chain_2svc,136,73.72430600003099,69.11224899999979,4.6120570000312,1003520,1,37.6484970000206,0.2079110000181572,0.0512029999981678,33.84008500000846,602112,31.463751999979195,0.15070900002456256,0.02380099999754748,0.0,401408,0.0,0.0,0.0,0.0,0,0.0,0.0,0.0,0.0,0,0.0,0.0,0.0,0.0,0
3,chain_2svc,137,72.39683199998126,67.98318699998163,4.413644999999633,1003520,1,38.34723599999279,0.21341199999369564,0.05230300001812793,31.629060999989633,602112,29.635950999988836,0.1497079999808193,0.024001000042517262,0.0,401408,0.0,0.0,0.0,0.0,0,0.0,0.0,0.0,0.0,0,0.0,0.0,0.0,0.0,0
3,chain_2svc,138,71.2644679999812,66.85782300002074,4.406644999960463,1003520,1,37.25017499999694,0.19731100002218227,0.046601999997619714,31.654263000007177,602112,29.6076480000238,0.15240900000890178,0.0256019999937962,0.0,401408,0.0,0.0,0.0,0.0,0,0.0,0.0,0.0,0.0,0,0.0,0.0,0.0,0.0,0
3,chain_2svc,139,72.52563899999132,68.43251099996905,4.093128000022261,1003520,1,37.56059199997708,0.20141100003456813,0.04560200000014447,32.66681999997445,602112,30.871918999991976,0.1529090000076394,0.0256010000043716,0.0,401408,0.0,0.0,0.0,0.0,0,0.0,0.0,0.0,0.0,0,0.0,0.0,0.0,0.0,0
3,chain_2svc,140,70.70733799997697,66.210486999978,4.496850999998969,1003520,1,37.1352679999859,0.18911099999741054,0.049803000024439825,31.25203999996984,602112,29.075218999992103,0.15350800003943732,0.022901999955138308,0.0,401408,0.0,0.0,0.0,0.0,0,0.0,0.0,0.0,0.0,0,0.0,0.0,0.0,0.0,0
3,chain_2svc,141,71.29157000002806,66.98022999995601,4.31134000007205,1003520,1,37.35257999994701,0.20211100002143212,0.04830300002822696,31.606260000046404,602112,29.627650000008998,0.14410799997222057,0.0256010000043716,0.0,401408,0.0,0.0,0.0,0.0,0,0.0,0.0,0.0,0.0,0,0.0,0.0,0.0,0.0,0
3,chain_2svc,142,71.54988500002446,67.3496510000291,4.200233999995362,1003520,1,37.65119700000241,0.23201300001574054,0.04810199999383258,31.612061000032554,602112,29.698454000026686,0.14880899999525354,0.0230009999881986,0.0,401408,0.0,0.0,0.0,0.0,0,0.0,0.0,0.0,0.0,0,0.0,0.0,0.0,0.0,0
3,chain_2svc,143,72.312826999962,68.17499699997143,4.137829999990572,1003520,1,37.66689799999767,0.19211000000041167,0.04700300002014046,32.435006000014255,602112,30.508098999973754,0.15500900002507478,0.026902000001882698,0.0,401408,0.0,0.0,0.0,0.0,0,0.0,0.0,0.0,0.0,0,0.0,0.0,0.0,0.0,0
3,chain_2svc,144,72.6805479999939,68.25580099990702,4.424747000086882,1003520,1,38.115821999952004,0.2151120000348783,0.040902000023379514,32.16959100001304,602112,30.13997899995502,0.17050900004278446,0.026601000001846842,0.0,401408,0.0,0.0,0.0,0.0,0,0.0,0.0,0.0,0.0,0,0.0,0.0,0.0,0.0,0
3,chain_2svc,145,73.73960699999316,68.9573399999972,4.782266999995954,1003520,1,37.623295000003054,0.19971199998281008,0.04600200003324062,33.714577000012014,602112,31.33404499999415,0.1611089999755677,0.02700200002436759,0.0,401408,0.0,0.0,0.0,0.0,0,0.0,0.0,0.0,0.0,0,0.0,0.0,0.0,0.0,0
3,chain_2svc,146,73.60449899999821,68.91373799999201,4.690761000006205,1003520,1,37.37428199997339,0.19951100000525912,0.04980199997817181,33.86768600000778,602112,31.539456000018617,0.16050900001118862,0.024501999973836064,0.0,401408,0.0,0.0,0.0,0.0,0,0.0,0.0,0.0,0.0,0,0.0,0.0,0.0,0.0,0
3,chain_2svc,147,74.82736700001169,70.39102000004505,4.436346999966645,1003520,1,39.379793000023255,0.19971099999338549,0.0460029999658218,33.065442000008716,602112,31.01122700002179,0.16050900001118862,0.028100999998059706,0.0,401408,0.0,0.0,0.0,0.0,0,0.0,0.0,0.0,0.0,0,0.0,0.0,0.0,0.0,0
3,chain_2svc,148,74.01682199997595,69.80618799997274,4.2106340000032105,1003520,1,39.51250099999015,0.2328119999788214,0.04230199999710749,32.28909799997837,602112,30.293686999982583,0.14880800000582894,0.02440100001876999,0.0,401408,0.0,0.0,0.0,0.0,0,0.0,0.0,0.0,0.0,0,0.0,0.0,0.0,0.0,0
3,chain_2svc,149,71.38377500001525,67.07003500002884,4.31373999998641,1003520,1,37.33377899999368,0.19991200002777987,0.04940200000191908,31.777269000031083,602112,29.736256000035155,0.15080800000077943,0.024100999951315316,0.0,401408,0.0,0.0,0.0,0.0,0,0.0,0.0,0.0,0.0,0,0.0,0.0,0.0,0.0,0
3,chain_2svc,150,73.09176999996225,68.84713400000919,4.244635999953061,1003520,1,38.42603999999028,0.19151100002545718,0.04750300001887808,32.447606999994605,602112,30.42109400001891,0.15380799999320516,0.02440200000819459,0.0,401408,0.0,0.0,0.0,0.0,0,0.0,0.0,0.0,0.0,0,0.0,0.0,0.0,0.0,0
3,chain_2svc,151,71.10195999996449,66.68671399995674,4.415246000007755,1003520,1,37.23567399993044,0.1939109999966604,0.04820200001631747,31.51205500000742,602112,29.451040000026296,0.15660899998692912,0.02430099993944168,0.0,401408,0.0,0.0,0.0,0.0,0,0.0,0.0,0.0,0.0,0,0.0,0.0,0.0,0.0,0
3,chain_2svc,152,71.57878600003187,67.08883699991475,4.489949000117122,1003520,1,37.30997799993929,0.20061099996837584,0.04460299999209383,31.852874000037446,602112,29.778858999975455,0.14700799999900482,0.025500999981886707,0.0,401408,0.0,0.0,0.0,0.0,0,0.0,0.0,0.0,0.0,0,0.0,0.0,0.0,0.0,0
3,chain_2svc,153,74.01632199992036,69.62717800001883,4.389143999901535,1003520,1,39.247686000067006,0.2028110000082961,0.04280199993900169,32.419505999996545,602112,30.379491999951824,0.1459080000358881,0.02430100005312852,0.0,401408,0.0,0.0,0.0,0.0,0,0.0,0.0,0.0,0.0,0,0.0,0.0,0.0,0.0,0
3,chain_2svc,154,71.70399300002828,67.27044600006593,4.433546999962346,1003520,1,37.59389399999691,0.19851100000778388,0.04630299997643306,31.79007099993214,602112,29.676552000069023,0.2030120000426905,0.024201999963224807,0.0,401408,0.0,0.0,0.0,0.0,0,0.0,0.0,0.0,0.0,0,0.0,0.0,0.0,0.0,0
3,chain_2svc,155,73.94401800002015,69.60207699989951,4.3419410001206415,1003520,1,39.58770499991715,0.1953110000840752,0.05130200008807151,32.023984000034034,602112,30.01437199998236,0.15650800003186305,0.02600099992378091,0.0,401408,0.0,0.0,0.0,0.0,0,0.0,0.0,0.0,0.0,0,0.0,0.0,0.0,0.0,0
3,chain_2svc,156,73.21737699999176,69.05724500006727,4.160131999924488,1003520,1,38.13482300006399,0.2028119999977207,0.045702999955210544,32.77682600003118,602112,30.92242200000328,0.14630900000156544,0.025900999958139437,0.0,401408,0.0,0.0,0.0,0.0,0,0.0,0.0,0.0,0.0,0,0.0,0.0,0.0,0.0,0
3,chain_2svc,157,71.89250400006131,67.80707600000824,4.085428000053071,1003520,1,37.83460699992247,0.1997110000502289,0.0512029999981678,31.853773999955592,602112,29.972469000085766,0.14810799996212154,0.022300999944491195,0.0,401408,0.0,0.0,0.0,0.0,0,0.0,0.0,0.0,0.0,0,0.0,0.0,0.0,0.0,0
3,chain_2svc,158,71.74949599993852,67.42935500005842,4.3201409998800955,1003520,1,37.586392999969576,0.1983109999628141,0.0486029999819948,31.77066900002501,602112,29.842962000088846,0.1476079999065405,0.023500999986936222,0.0,401408,0.0,0.0,0.0,0.0,0,0.0,0.0,0.0,0.0,0,0.0,0.0,0.0,0.0,0
3,chain_2svc,159,73.77740799995536,69.56837400002769,4.209033999927669,1003520,1,38.208727999972325,0.1978110000209199,0.054302999956235,33.36005699998168,602112,31.359646000055363,0.16840999990108685,0.025800999992497964,0.0,401408,0.0,0.0,0.0,0.0,0,0.0,0.0,0.0,0.0,0,0.0,0.0,0.0,0.0,0
3,chain_2svc,160,74.85086799999863,70.58943000004092,4.261437999957707,1003520,1,38.02361700002166,0.18661100000372244,0.050203000000692555,34.524523000072804,602112,32.56581300001926,0.1464089999672069,0.025901999947564036,0.0,401408,0.0,0.0,0.0,0.0,0,0.0,0.0,0.0,0.0,0,0.0,0.0,0.0,0.0,0
3,chain_2svc,161,72.75685100000828,68.30390400000397,4.452947000004315,1003520,1,37.29417700003523,0.19161099999109865,0.05030199997690943,33.06224100003874,602112,31.009726999968734,0.15510800005813508,0.024202000076911645,0.0,401408,0.0,0.0,0.0,0.0,0,0.0,0.0,0.0,0.0,0,0.0,0.0,0.0,0.0,0
3,chain_2svc,162,74.91917300001205,70.71233699991808,4.206836000093972,1003520,1,39.44209599990245,0.19761100008963695,0.05500300005678582,33.29205500006083,602112,31.27024100001563,0.1453080000146656,0.02480199998444732,0.0,401408,0.0,0.0,0.0,0.0,0,0.0,0.0,0.0,0.0,0,0.0,0.0,0.0,0.0,0
3,chain_2svc,163,73.45689099997799,69.15405099994132,4.302840000036667,1003520,1,38.390037999988635,0.19721099999969738,0.048503000016353326,32.81962800008387,602112,30.764012999952683,0.1549090000025899,0.025001000039992505,0.0,401408,0.0,0.0,0.0,0.0,0,0.0,0.0,0.0,0.0,0,0.0,0.0,0.0,0.0,0
3,chain_2svc,164,75.15918499996133,70.85384699996666,4.305337999994663,1003520,1,37.918311999987964,0.19351000003098306,0.053403000038088067,34.98064799998701,602112,32.9355349999787,0.15450800003691256,0.024500999984411465,0.0,401408,0.0,0.0,0.0,0.0,0,0.0,0.0,0.0,0.0,0,0.0,0.0,0.0,0.0,0
3,chain_2svc,165,72.33772899996893,67.83357799997702,4.504150999991907,1003520,1,37.98801599998569,0.19691099998908612,0.04900200008250977,32.017083000027924,602112,29.845561999991332,0.15760899998440436,0.026502000082473387,0.0,401408,0.0,0.0,0.0,0.0,0,0.0,0.0,0.0,0.0,0,0.0,0.0,0.0,0.0,0
3,chain_2svc,166,76.51696200002789,72.21482100010235,4.302140999925541,1003520,1,41.11869000007573,0.20541199990020687,0.04580199993142742,33.14254500003244,602112,31.096131000026617,0.15910900003746065,0.02650199996878655,0.0,401408,0.0,0.0,0.0,0.0,0,0.0,0.0,0.0,0.0,0,0.0,0.0,0.0,0.0,0
3,chain_2svc,167,73.94911799997317,69.7272840000096,4.221833999963565,1003520,1,37.39918300004774,0.21431200002552941,0.04560299998956907,34.28160900000421,602112,32.32810099996186,0.15350800003943732,0.031702000001132546,0.0,401408,0.0,0.0,0.0,0.0,0,0.0,0.0,0.0,0.0,0,0.0,0.0,0.0,0.0,0
3,chain_2svc,168,75.76641900004688,70.76154099991072,5.004878000136159,1003520,1,37.97831499991844,0.19631100008155045,0.04390300000522984,35.333767999986776,602112,32.78322599999228,0.14700799999900482,0.027301000045554247,0.0,401408,0.0,0.0,0.0,0.0,0,0.0,0.0,0.0,0.0,0,0.0,0.0,0.0,0.0,0
3,chain_2svc,169,73.7201050000067,69.34906200012847,4.371042999878227,1003520,1,37.76850300005208,0.2098119999800474,0.051702999940062,33.55296899997029,602112,31.58055900007639,0.1542090000157259,0.024500999984411465,0.0,401408,0.0,0.0,0.0,0.0,0,0.0,0.0,0.0,0.0,0,0.0,0.0,0.0,0.0,0
3,chain_2svc,170,71.25856899995142,66.91302599995197,4.345542999999452,1003520,1,37.40398299999015,0.2572140000438594,0.04960299997947004,31.67986400001155,602112,29.50904299996182,0.1472080000439746,0.024601999939477537,0.0,401408,0.0,0.0,0.0,0.0,0,0.0,0.0,0.0,0.0,0,0.0,0.0,0.0,0.0,0
3,chain_2svc,171,73.29958299999362,68.3380059999763,4.961577000017314,1003520,1,38.17312600006062,0.19140999995670427,0.04260299999714334,32.57551399997283,602112,30.164879999915684,0.15190900001016416,0.02570100002685649,0.0,401408,0.0,0.0,0.0,0.0,0,0.0,0.0,0.0,0.0,0,0.0,0.0,0.0,0.0,0
3,chain_2svc,172,71.6978929999641,67.24644500002341,4.451447999940683,1003520,1,37.46038600002066,0.19361099998604914,0.05200299995067326,31.880175000083,602112,29.78605900000275,0.14560799991159,0.02400200003194186,0.0,401408,0.0,0.0,0.0,0.0,0,0.0,0.0,0.0,0.0,0,0.0,0.0,0.0,0.0,0
3,chain_2svc,173,72.69654899994293,68.34940600003847,4.347142999904463,1003520,1,38.24432999999772,0.19901099994967808,0.050703000056273595,32.147190000046066,602112,30.105076000040754,0.14440799998283183,0.024101999997583334,0.0,401408,0.0,0.0,0.0,0.0,0,0.0,0.0,0.0,0.0,0,0.0,0.0,0.0,0.0,0
3,chain_2svc,174,73.32428399990931,69.15505100005248,4.169232999856831,1003520,1,37.76600300000155,0.20081100001334562,0.0486029999819948,33.39055999992979,602112,31.389048000050934,0.15040799996768328,0.025901999947564036,0.0,401408,0.0,0.0,0.0,0.0,0,0.0,0.0,0.0,0.0,0,0.0,0.0,0.0,0.0,0
3,chain_2svc,175,74.613955000018,70.32191700000112,4.292038000016873,1003520,1,39.21728399996027,0.20581100000072183,0.04310300005272438,33.150146000025416,602112,31.10463300004085,0.15330799999446754,0.026200999968750693,0.0,401408,0.0,0.0,0.0,0.0,0,0.0,0.0,0.0,0.0,0,0.0,0.0,0.0,0.0,0
3,chain_2svc,176,73.35868600000595,68.39681000008113,4.961875999924814,1003520,1,37.98421600004076,0.19471099994916585,0.04610200005572551,33.14654599989808,602112,30.41259400004037,0.15110899994397187,0.025000999926305667,0.0,401408,0.0,0.0,0.0,0.0,0,0.0,0.0,0.0,0.0,0,0.0,0.0,0.0,0.0,0
3,chain_2svc,177,72.57824199996321,67.53766099996028,5.0405810000029305,1003520,1,37.3639809999986,0.22411299994473666,0.04650200003197824,32.682420000014645,602112,30.173679999961678,0.15300900008696772,0.026801999979397806,0.0,401408,0.0,0.0,0.0,0.0,0,0.0,0.0,0.0,0.0,0,0.0,0.0,0.0,0.0,0
3,chain_2svc,178,73.97821999995813,69.00524399998176,4.97297599997637,1003520,1,37.554591999992226,0.20401100005074113,0.04200199998649623,33.99539300005472,602112,31.45065199998953,0.15120800003387558,0.02570100002685649,0.0,401408,0.0,0.0,0.0,0.0,0,0.0,0.0,0.0,0.0,0,0.0,0.0,0.0,0.0,0
3,chain_2svc,179,74.80496599998787,69.9978979999969,4.807067999990977,1003520,1,39.21418300001278,0.204312000050777,0.050102999921364244,33.24875200007682,602112,30.783714999984113,0.1529080000182148,0.02880100009861053,0.0,401408,0.0,0.0,0.0,0.0,0,0.0,0.0,0.0,0.0,0,0.0,0.0,0.0,0.0,0
3,chain_2svc,180,74.13882900004864,69.57187499995143,4.566954000097212,1003520,1,37.3028770000019,0.1934110000547662,0.04500299996834656,34.293509999997696,602112,32.26899799994953,0.1487080000970309,0.02480099999502272,0.0,401408,0.0,0.0,0.0,0.0,0,0.0,0.0,0.0,0.0,0,0.0,0.0,0.0,0.0,0
3,chain_2svc,181,74.42774499997995,69.94559600002503,4.482148999954916,1003520,1,38.21682900002088,0.21301200001744292,0.051001999963773414,33.71757800005071,602112,31.728767000004154,0.15600800008996885,0.02560199993695278,0.0,401408,0.0,0.0,0.0,0.0,0,0.0,0.0,0.0,0.0,0,0.0,0.0,0.0,0.0,0
3,chain_2svc,182,73.92241699994884,69.42216699997061,4.500249999978223,1003520,1,38.85036400004083,0.18971099996178964,0.045701999965785944,32.569213999977364,602112,30.571802999929787,0.1428080000778209,0.02700100003494299,0.0,401408,0.0,0.0,0.0,0.0,0,0.0,0.0,0.0,0.0,0,0.0,0.0,0.0,0.0,0
3,chain_2svc,183,74.61945499994727,70.09430300001895,4.525151999928312,1003520,1,39.05957500001023,0.20261100007701316,0.046502999907716,33.258951999982855,602112,31.034728000008727,0.1485080000520611,0.025402000005669834,0.0,401408,0.0,0.0,0.0,0.0,0,0.0,0.0,0.0,0.0,0,0.0,0.0,0.0,0.0,0
3,chain_2svc,184,72.40833299999849,68.12869499992757,4.279638000070918,1003520,1,38.319533999924715,0.21081200009120948,0.04920300000321731,31.789570000000822,602112,29.80916100000286,0.17270899991217448,0.026001000037467747,0.0,401408,0.0,0.0,0.0,0.0,0,0.0,0.0,0.0,0.0,0,0.0,0.0,0.0,0.0,0
3,chain_2svc,185,72.19672000007904,68.05278900003486,4.1439310000441765,1003520,1,38.043118000018694,0.1970109999547276,0.048902999992606055,31.974081000043952,602112,30.00967100001617,0.14810799996212154,0.027302000034978846,0.0,401408,0.0,0.0,0.0,0.0,0,0.0,0.0,0.0,0.0,0,0.0,0.0,0.0,0.0,0
3,chain_2svc,186,73.08997099994485,68.60361999997622,4.486350999968636,1003520,1,37.46338600001309,0.19621100000222214,0.045702999955210544,33.41716099998848,602112,31.14023399996313,0.1492090000283497,0.025800999992497964,0.0,401408,0.0,0.0,0.0,0.0,0,0.0,0.0,0.0,0.0,0,0.0,0.0,0.0,0.0,0
3,chain_2svc,187,73.35558500005845,68.85783500001708,4.497750000041378,1003520,1,37.75820299995303,0.20381199999519595,0.04250200004207727,33.300354999937554,602112,31.099632000064048,0.14610799996717105,0.025901999947564036,0.0,401408,0.0,0.0,0.0,0.0,0,0.0,0.0,0.0,0.0,0,0.0,0.0,0.0,0.0,0
3,chain_2svc,188,73.91581700005645,69.43016699995042,4.485650000106034,1003520,1,37.520989999961785,0.20001100006084016,0.04390200001580524,33.90888799992808,602112,31.90917699998863,0.1534089999495336,0.026501000093048788,0.0,401408,0.0,0.0,0.0,0.0,0,0.0,0.0,0.0,0.0,0,0.0,0.0,0.0,0.0,0
3,chain_2svc,189,75.27119200005927,70.72373900007278,4.54745299998649,1003520,1,39.269887000045856,0.20371100004012987,0.04950299990014173,33.67397600004551,602112,31.453852000026927,0.1479080000308386,0.02740200000062032,0.0,401408,0.0,0.0,0.0,0.0,0,0.0,0.0,0.0,0.0,0,0.0,0.0,0.0,0.0,0
3,chain_2svc,190,74.71966100001737,70.24551099993914,4.474150000078225,1003520,1,39.15017999997872,0.1991110000290064,0.048503000016353326,33.30255399998805,602112,31.095330999960424,0.1503089999914664,0.026702000013756333,0.0,401408,0.0,0.0,0.0,0.0,0,0.0,0.0,0.0,0.0,0,0.0,0.0,0.0,0.0,0
3,chain_2svc,191,71.36547400000381,67.27784700001394,4.0876269999898796,1003520,1,37.238273999946614,0.1991110000290064,0.048503000016353326,31.974481000020205,602112,30.03957300006732,0.1591089999237738,0.026800999989973207,0.0,401408,0.0,0.0,0.0,0.0,0,0.0,0.0,0.0,0.0,0,0.0,0.0,0.0,0.0,0
3,chain_2svc,192,72.57044100003895,68.36320699994758,4.2072340000913755,1003520,1,37.5130889999582,0.1901100000623046,0.049803000024439825,32.74722399999064,602112,30.85011799998938,0.14340799998535658,0.02700100003494299,0.0,401408,0.0,0.0,0.0,0.0,0,0.0,0.0,0.0,0.0,0,0.0,0.0,0.0,0.0,0
3,chain_2svc,193,73.61709999997856,69.37366299985115,4.243437000127415,1003520,1,39.36049199990066,0.18871100007800123,0.04350200003955251,32.006582000008166,602112,30.01317099995049,0.1453080000146656,0.023500999986936222,0.0,401408,0.0,0.0,0.0,0.0,0,0.0,0.0,0.0,0.0,0,0.0,0.0,0.0,0.0,0
3,chain_2svc,194,72.32392699995671,67.88378099997772,4.440145999978995,1003520,1,37.7552029999606,0.193709999962266,0.04260200000771874,32.19019200003004,602112,30.128578000017114,0.1375079999661466,0.02480099999502272,0.0,401408,0.0,0.0,0.0,0.0,0,0.0,0.0,0.0,0.0,0,0.0,0.0,0.0,0.0,0
3,chain_2svc,195,73.9864199999829,69.66278000004422,4.323639999938678,1003520,1,38.805660999969405,0.19931100007397617,0.048503000016353326,32.94543499998781,602112,30.857119000074817,0.13980699998228374,0.032501999953638006,0.0,401408,0.0,0.0,0.0,0.0,0,0.0,0.0,0.0,0.0,0,0.0,0.0,0.0,0.0,0
3,chain_2svc,196,71.23256700003822,66.74961800001711,4.482949000021108,1003520,1,36.992660999999316,0.2017110000451794,0.04740199995012517,32.01438299993242,602112,29.756957000017792,0.15340900006322045,0.024900999960664194,0.0,401408,0.0,0.0,0.0,0.0,0,0.0,0.0,0.0,0.0,0,0.0,0.0,0.0,0.0,0
3,chain_2svc,197,72.47063599993453,67.47555700007979,4.995078999854741,1003520,1,37.495988000046054,0.19281100003354368,0.04610299993146327,32.48990899999171,602112,29.979569000033734,0.14830799989340449,0.024602000053164375,0.0,401408,0.0,0.0,0.0,0.0,0,0.0,0.0,0.0,0.0,0,0.0,0.0,0.0,0.0,0
3,chain_2svc,198,72.06124699996508,67.59329600015462,4.467950999810455,1003520,1,37.83140700011245,0.19071099995926488,0.049702999945111515,32.03551699994023,602112,29.761889000042174,0.154107999946973,0.025401000016245234,0.0,401408,0.0,0.0,0.0,0.0,0,0.0,0.0,0.0,0.0,0,0.0,0.0,0.0,0.0,0
3,chain_2svc,199,71.22464099995796,67.11490699990463,4.109734000053322,1003520,1,37.287314999957744,0.18861099999867292,0.04830299997138354,31.774202999940826,602112,29.82759199994689,0.14370799999596784,0.025502000084998144,0.0,401408,0.0,0.0,0.0,0.0,0,0.0,0.0,0.0,0.0,0,0.0,0.0,0.0,0.0,0
3,chain_2svc,200,70.8987220000381,66.3661639999873,4.5325580000508126,1003520,1,37.02920000000631,0.19811200002095575,0.0499029999900813,31.599593000009918,602112,29.33696399998098,0.15730900008747994,0.024101999997583334,0.0,401408,0.0,0.0,0.0,0.0,0,0.0,0.0,0.0,0.0,0,0.0,0.0,0.0,0.0,0
4,chain_2svc,1,76.1165719999326,71.75934500003223,4.3572269999003765,1003520,1,39.18164499998511,0.23381200003314007,0.05140200005371298,34.48539900000469,602112,32.577700000047116,0.14730800000961608,0.02650099997936195,0.0,401408,0.0,0.0,0.0,0.0,0,0.0,0.0,0.0,0.0,0,0.0,0.0,0.0,0.0,0
4,chain_2svc,2,72.842100999992,68.52777600010995,4.3143249998820465,1003520,1,38.17439200008721,0.19951000001583452,0.04090199990969268,32.32778699998562,602112,30.353384000022743,0.14210699998784548,0.026200999968750693,0.0,401408,0.0,0.0,0.0,0.0,0,0.0,0.0,0.0,0.0,0,0.0,0.0,0.0,0.0,0
4,chain_2svc,3,74.58829199993033,70.12245800001438,4.465833999915958,1003520,1,38.62081500005843,0.22051199994166382,0.04480200004763901,33.55315099997824,602112,31.501642999955948,0.14810800007580838,0.029002000019318075,0.0,401408,0.0,0.0,0.0,0.0,0,0.0,0.0,0.0,0.0,0,0.0,0.0,0.0,0.0,0
4,chain_2svc,4,76.04556699993736,71.50653099995452,4.539035999982843,1003520,1,38.50020899994888,0.20631000006687827,0.04510200005825027,35.13003299997308,602112,33.00632200000564,0.16260899997178058,0.025901000071826275,0.0,401408,0.0,0.0,0.0,0.0,0,0.0,0.0,0.0,0.0,0,0.0,0.0,0.0,0.0,0
4,chain_2svc,5,71.35542299999997,66.94379299995035,4.411630000049627,1003520,1,37.463653999907365,0.1986110000871122,0.048902999992606055,31.565847000024405,602112,29.480139000042982,0.1521069999625979,0.025300999936916924,0.0,401408,0.0,0.0,0.0,0.0,0,0.0,0.0,0.0,0.0,0,0.0,0.0,0.0,0.0,0
4,chain_2svc,6,71.7869459999747,67.60182700008954,4.185118999885162,1003520,1,37.59446100002606,0.19851100000778388,0.049302999968858785,32.05187200001092,602112,30.007366000063485,0.15400799998133152,0.024200999973800208,0.0,401408,0.0,0.0,0.0,0.0,0,0.0,0.0,0.0,0.0,0,0.0,0.0,0.0,0.0,0
4,chain_2svc,7,73.89875600006235,69.32291700002224,4.575839000040105,1003520,1,37.57075999999415,0.1926099999991493,0.0499029999900813,33.984373000066626,602112,31.75215700002809,0.14810699997269694,0.024900999960664194,0.0,401408,0.0,0.0,0.0,0.0,0,0.0,0.0,0.0,0.0,0,0.0,0.0,0.0,0.0,0
4,chain_2svc,8,72.98760799994852,68.5145749999947,4.47303299995383,1003520,1,38.01138300002549,0.20290999998451298,0.05310300002747681,32.642302999988715,602112,30.503191999969204,0.14360699992721493,0.02620100008243753,0.0,401408,0.0,0.0,0.0,0.0,0,0.0,0.0,0.0,0.0,0,0.0,0.0,0.0,0.0,0
4,chain_2svc,9,71.31762100004835,67.0601980000356,4.25742300001275,1003520,1,37.169038999991244,0.20001100006084016,0.046203000010791584,31.89436399998158,602112,29.891159000044354,0.1547079999681955,0.02610199999253382,0.0,401408,0.0,0.0,0.0,0.0,0,0.0,0.0,0.0,0.0,0,0.0,0.0,0.0,0.0,0
4,chain_2svc,10,73.33412599996336,68.89989499995863,4.434231000004729,1003520,1,37.205141999947955,0.20520999999007472,0.047001999973872444,33.84266600005503,602112,31.694753000010678,0.15310799994949775,0.024702000018805848,0.0,401408,0.0,0.0,0.0,0.0,0,0.0,0.0,0.0,0.0,0,0.0,0.0,0.0,0.0,0
4,chain_2svc,11,70.57918199996038,66.20775400006096,4.371427999899424,1003520,1,37.22914200000105,0.20121099998959835,0.05210299991631473,31.13542400001279,602112,28.97861200005991,0.1503080000020418,0.025300999936916924,0.0,401408,0.0,0.0,0.0,0.0,0,0.0,0.0,0.0,0.0,0,0.0,0.0,0.0,0.0,0
4,chain_2svc,12,72.72829399994407,68.46227199991972,4.26602200002435,1003520,1,37.53715799996371,0.20030999996833998,0.05220299999564304,32.95601999991504,602112,30.92511399995601,0.18860900001982372,0.025001000039992505,0.0,401408,0.0,0.0,0.0,0.0,0,0.0,0.0,0.0,0.0,0,0.0,0.0,0.0,0.0,0
4,chain_2svc,13,71.48562999998376,67.21670700005689,4.268922999926872,1003520,1,37.262344000055236,0.19921099999464786,0.04510199994456343,32.01897100007045,602112,29.95436300000165,0.15510799994444824,0.02570200001628109,0.0,401408,0.0,0.0,0.0,0.0,0,0.0,0.0,0.0,0.0,0,0.0,0.0,0.0,0.0,0
4,chain_2svc,14,73.21812100008174,68.76218699994752,4.455934000134221,1003520,1,37.314046000005874,0.1994109999259308,0.05270300005122408,33.65865600005691,602112,31.448140999941643,0.15920800001367752,0.026301000048079004,0.0,401408,0.0,0.0,0.0,0.0,0,0.0,0.0,0.0,0.0,0,0.0,0.0,0.0,0.0,0
4,chain_2svc,15,72.40907799996421,68.1288550000545,4.280222999909711,1003520,1,37.30864700003167,0.2149109999436405,0.05130199997438467,32.86001499998292,602112,30.82020800002283,0.15250800004196208,0.025501999971311307,0.0,401408,0.0,0.0,0.0,0.0,0,0.0,0.0,0.0,0.0,0,0.0,0.0,0.0,0.0,0
4,chain_2svc,16,71.43922800003111,66.57047299995611,4.868755000074998,1003520,1,37.35914899993986,0.1984110000421424,0.046302000100695295,31.556847000047128,602112,29.211324000016248,0.15020800003640034,0.026300999934392166,0.0,401408,0.0,0.0,0.0,0.0,0,0.0,0.0,0.0,0.0,0,0.0,0.0,0.0,0.0,0
4,chain_2svc,17,72.40207799998188,68.01824799993028,4.383830000051603,1003520,1,37.287244999902214,0.1999110000951987,0.04120200003399077,32.744207999940045,602112,30.731003000028068,0.1510079999889058,0.025601000061215018,0.0,401408,0.0,0.0,0.0,0.0,0,0.0,0.0,0.0,0.0,0,0.0,0.0,0.0,0.0,0
4,chain_2svc,18,72.20976799999335,67.67983100007768,4.5299369999156625,1003520,1,38.0100830000174,0.19221000002289657,0.04720300000826683,31.641150999917045,602112,29.66974800006028,0.18510999996124156,0.024101000008158735,0.0,401408,0.0,0.0,0.0,0.0,0,0.0,0.0,0.0,0.0,0,0.0,0.0,0.0,0.0,0
4,chain_2svc,19,73.78934899998058,69.26721299987548,4.5221360001050925,1003520,1,37.413251999964814,0.1913099999910628,0.04510300004767487,33.94307099995331,602112,31.85396099991067,0.16290900009607867,0.024302000042553118,0.0,401408,0.0,0.0,0.0,0.0,0,0.0,0.0,0.0,0.0,0,0.0,0.0,0.0,0.0,0
4,chain_2svc,20,74.47378599999865,69.98595099992144,4.487835000077212,1003520,1,40.06478999997398,0.23761299996749585,0.04790299999513081,31.971367999972244,602112,29.92116099994746,0.15840800006117206,0.025001000039992505,0.0,401408,0.0,0.0,0.0,0.0,0,0.0,0.0,0.0,0.0,0,0.0,0.0,0.0,0.0,0
4,chain_2svc,21,76.84670999992704,72.31317300011142,4.533536999815624,1003520,1,38.453406000030554,0.19491000000471104,0.03950200004965154,35.95077599993601,602112,33.859767000080865,0.15140799996515852,0.026800999989973207,0.0,401408,0.0,0.0,0.0,0.0,0,0.0,0.0,0.0,0.0,0,0.0,0.0,0.0,0.0,0
4,chain_2svc,22,74.85500500001763,70.56348100002197,4.291523999995661,1003520,1,37.94807999997829,0.1965100000234088,0.04690200000823097,34.631706999903145,602112,32.615401000043676,0.1515079999308,0.02520199996070005,0.0,401408,0.0,0.0,0.0,0.0,0,0.0,0.0,0.0,0.0,0,0.0,0.0,0.0,0.0,0
4,chain_2svc,23,74.27607499994338,69.80574099998194,4.47033399996144,1003520,1,38.130588999933934,0.20261100007701316,0.04970300005879835,33.776762000002236,602112,31.675152000048,0.15790899999501562,0.023302000045077875,0.0,401408,0.0,0.0,0.0,0.0,0,0.0,0.0,0.0,0.0,0,0.0,0.0,0.0,0.0,0
4,chain_2svc,24,73.25262199992721,68.86109399999896,4.3915279999282575,1003520,1,37.92507899993325,0.2252120000321156,0.042202000031466014,33.06442500002049,602112,30.93601500006571,0.15090699992015288,0.024600999950052937,0.0,401408,0.0,0.0,0.0,0.0,0,0.0,0.0,0.0,0.0,0,0.0,0.0,0.0,0.0,0
4,chain_2svc,25,73.79685000000791,69.33551899999202,4.461331000015889,1003520,1,37.67016599999806,0.1952100000153223,0.047102000053200754,33.77806299999975,602112,31.665352999993956,0.14910699997017218,0.02610100000310922,0.0,401408,0.0,0.0,0.0,0.0,0,0.0,0.0,0.0,0.0,0,0.0,0.0,0.0,0.0,0
4,chain_2svc,26,75.6548470000098,70.60828400005903,5.0465629999507655,1003520,1,39.6014660000219,0.2014099999314567,0.04510300004767487,33.3898420000196,602112,31.00681800003713,0.15320800002882606,0.02650099997936195,0.0,401408,0.0,0.0,0.0,0.0,0,0.0,0.0,0.0,0.0,0,0.0,0.0,0.0,0.0,0
4,chain_2svc,27,73.23412099992765,68.7541870000814,4.479933999846253,1003520,1,38.045885000087765,0.21261099993807875,0.04950199991071713,32.75860999997349,602112,30.708301999993637,0.15470900007130695,0.023701000031906005,0.0,401408,0.0,0.0,0.0,0.0,0,0.0,0.0,0.0,0.0,0,0.0,0.0,0.0,0.0,0
4,chain_2svc,28,72.4183779999521,68.165055999998,4.253321999954096,1003520,1,37.2215419999975,0.20371099992644304,0.05010200004562648,32.95611999999437,602112,30.943514000000505,0.15640800006622158,0.025301999926341523,0.0,401408,0.0,0.0,0.0,0.0,0,0.0,0.0,0.0,0.0,0,0.0,0.0,0.0,0.0,0
4,chain_2svc,29,72.82299899998179,68.21815900002548,4.604839999956312,1003520,1,37.73996899997201,0.19800999996277824,0.04350300002897711,32.80851099998472,602112,30.478190000053473,0.15440799995758425,0.025000999926305667,0.0,401408,0.0,0.0,0.0,0.0,0,0.0,0.0,0.0,0.0,0,0.0,0.0,0.0,0.0,0
4,chain_2svc,30,74.70029800003886,69.97245200011548,4.727845999923375,1003520,1,38.51251000003231,0.20581100000072183,0.04960199999004544,33.955271999957404,602112,31.459942000083174,0.15690800000811578,0.024500999984411465,0.0,401408,0.0,0.0,0.0,0.0,0,0.0,0.0,0.0,0.0,0,0.0,0.0,0.0,0.0,0
4,chain_2svc,31,74.342879000028,70.07135499998185,4.271524000046156,1003520,1,38.637415000039255,0.20781099999567232,0.04050299992286455,33.424444000047515,602112,31.433939999942595,0.15330799999446754,0.02610199999253382,0.0,401408,0.0,0.0,0.0,0.0,0,0.0,0.0,0.0,0.0,0,0.0,0.0,0.0,0.0,0
4,chain_2svc,32,75.00831400000152,70.24016400009714,4.768149999904381,1003520,1,38.85642700004155,0.21211099999618455,0.05010300003505108,33.66255700007059,602112,31.38373700005559,0.15440799995758425,0.02600199991320551,0.0,401408,0.0,0.0,0.0,0.0,0,0.0,0.0,0.0,0.0,0,0.0,0.0,0.0,0.0,0
4,chain_2svc,33,73.03641099997549,68.41666999991958,4.61974100005591,1003520,1,37.96438099993793,0.19200999997792678,0.053303000072446594,32.885216000067885,602112,30.452288999981647,0.1544080000712711,0.026200999968750693,0.0,401408,0.0,0.0,0.0,0.0,0,0.0,0.0,0.0,0.0,0,0.0,0.0,0.0,0.0,0
4,chain_2svc,34,73.82815200003279,69.53122799995981,4.296924000072977,1003520,1,38.466106999976546,0.2137110000148823,0.0486019999925702,33.06402500004424,602112,31.065120999983264,0.15910900003746065,0.02470099991569441,0.0,401408,0.0,0.0,0.0,0.0,0,0.0,0.0,0.0,0.0,0,0.0,0.0,0.0,0.0,0
4,chain_2svc,35,73.82325200001105,69.41842199989878,4.40483000011227,1003520,1,38.510708999979215,0.2061110000113331,0.044903000002705085,32.933818000060455,602112,30.907712999919568,0.14990800002578908,0.02910099999553495,0.0,401408,0.0,0.0,0.0,0.0,0,0.0,0.0,0.0,0.0,0,0.0,0.0,0.0,0.0,0
4,chain_2svc,36,74.20387199999823,69.08220399986931,5.1216680001289205,1003520,1,37.45465399993009,0.20971100002498133,0.04910300003757584,34.18978399997741,602112,31.62754999993922,0.17750899996826774,0.025602000050639617,0.0,401408,0.0,0.0,0.0,0.0,0,0.0,0.0,0.0,0.0,0,0.0,0.0,0.0,0.0,0
4,chain_2svc,37,74.8392049999893,70.02435300000798,4.814851999981329,1003520,1,38.43190500003857,0.1950099999703525,0.04610300004515011,34.11987999993471,602112,31.59244799996941,0.14930800000456657,0.025401000016245234,0.0,401408,0.0,0.0,0.0,0.0,0,0.0,0.0,0.0,0.0,0,0.0,0.0,0.0,0.0,0
4,chain_2svc,38,72.98090799997681,68.77108799994858,4.20982000002823,1003520,1,38.73312099995019,0.21341100000427105,0.054302999956235,31.92996600000697,602112,30.03796699999839,0.14820800004144985,0.026401000013720477,0.0,401408,0.0,0.0,0.0,0.0,0,0.0,0.0,0.0,0.0,0,0.0,0.0,0.0,0.0,0
4,chain_2svc,39,72.22806899994794,67.9544460000443,4.273622999903637,1003520,1,37.771671000086826,0.19580999992285797,0.0525020000168297,32.23578099994029,602112,30.182774999957473,0.15330799999446754,0.02380099999754748,0.0,401408,0.0,0.0,0.0,0.0,0,0.0,0.0,0.0,0.0,0,0.0,0.0,0.0,0.0,0
4,chain_2svc,40,75.32303000004958,71.1229099999855,4.200120000064089,1003520,1,38.576012000021365,0.189209999916784,0.04610300004515011,34.519701000021996,602112,32.54689799996413,0.16050900001118862,0.026301000048079004,0.0,401408,0.0,0.0,0.0,0.0,0,0.0,0.0,0.0,0.0,0,0.0,0.0,0.0,0.0,0
4,chain_2svc,41,74.10306699989633,69.6216320000076,4.481434999888734,1003520,1,38.431505000062316,0.2285120000351526,0.04680299991832726,33.2771360000379,602112,31.190126999945278,0.15530899997884262,0.026801000103660044,0.0,401408,0.0,0.0,0.0,0.0,0,0.0,0.0,0.0,0.0,0,0.0,0.0,0.0,0.0,0
4,chain_2svc,42,75.96636400000989,71.71574200003761,4.250621999972282,1003520,1,39.14834299996528,0.20030999996833998,0.046702000076948025,34.563802999969084,602112,32.56739900007233,0.15200799998638104,0.02600099992378091,0.0,401408,0.0,0.0,0.0,0.0,0,0.0,0.0,0.0,0.0,0,0.0,0.0,0.0,0.0,0
4,chain_2svc,43,72.45887999999923,67.76143499996579,4.69744500003344,1003520,1,37.675965999937944,0.20761100006438937,0.04140199996527372,32.50129600007767,602112,30.085469000027842,0.14880799994898553,0.024602000053164375,0.0,401408,0.0,0.0,0.0,0.0,0,0.0,0.0,0.0,0.0,0,0.0,0.0,0.0,0.0,0
4,chain_2svc,44,83.16213899990998,78.44269300005635,4.719445999853633,1003520,1,38.62351500004024,0.20831099993756652,0.052402999926925986,42.100096000012854,602112,39.81917800001611,0.18030900002941053,0.03410099998291116,0.0,401408,0.0,0.0,0.0,0.0,0,0.0,0.0,0.0,0.0,0,0.0,0.0,0.0,0.0,0
4,chain_2svc,45,73.53723699998227,69.1027049999775,4.434532000004765,1003520,1,38.10228800000459,0.21561099993050448,0.05000300006940961,32.986620999963634,602112,31.000416999972913,0.1511080000682341,0.02610199999253382,0.0,401408,0.0,0.0,0.0,0.0,0,0.0,0.0,0.0,0.0,0,0.0,0.0,0.0,0.0,0
4,chain_2svc,46,71.51563200000055,67.3084119999885,4.207220000012057,1003520,1,37.48145600002317,0.23101199997199728,0.052301999971859914,31.641851000017596,602112,29.82695599996532,0.1477079999858688,0.025402000005669834,0.0,401408,0.0,0.0,0.0,0.0,0,0.0,0.0,0.0,0.0,0,0.0,0.0,0.0,0.0,0
4,chain_2svc,47,72.61278900000434,67.87634099987372,4.736448000130622,1003520,1,37.33084699990741,0.19881100001839513,0.046303000090119895,33.03752399995119,602112,30.54549399996631,0.153407999960109,0.025800999992497964,0.0,401408,0.0,0.0,0.0,0.0,0,0.0,0.0,0.0,0.0,0,0.0,0.0,0.0,0.0,0
4,chain_2svc,48,74.46978600000875,69.92014800005109,4.5496379999576675,1003520,1,38.07138600006965,0.20171099993149255,0.04660299998704431,34.0281750000031,602112,31.848761999981434,0.15380800005004858,0.02480099999502272,0.0,401408,0.0,0.0,0.0,0.0,0,0.0,0.0,0.0,0.0,0,0.0,0.0,0.0,0.0,0
4,chain_2svc,49,73.8566530000071,69.52582699989307,4.33082600011403,1003520,1,38.83542599999146,0.20211100002143212,0.042702000087047054,32.78191100002914,602112,30.690400999901613,0.1498080000601476,0.02610100000310922,0.0,401408,0.0,0.0,0.0,0.0,0,0.0,0.0,0.0,0.0,0,0.0,0.0,0.0,0.0,0
4,chain_2svc,50,72.96750699993027,68.59797999993589,4.3695269999943775,1003520,1,37.40185200001633,0.19541000006029208,0.052801999913754116,33.31943900002443,602112,31.196127999919554,0.15190800002073956,0.026801000103660044,0.0,401408,0.0,0.0,0.0,0.0,0,0.0,0.0,0.0,0.0,0,0.0,0.0,0.0,0.0,0
4,chain_2svc,51,73.11741500006974,68.81688999999369,4.30052500007605,1003520,1,38.410504000012224,0.20211100002143212,0.05080199991880363,32.470394000029046,602112,30.406385999981467,0.14910800007328362,0.02610100000310922,0.0,401408,0.0,0.0,0.0,0.0,0,0.0,0.0,0.0,0.0,0,0.0,0.0,0.0,0.0,0
4,chain_2svc,52,72.83350000000155,68.43227100000604,4.40122899999551,1003520,1,37.84057500001836,0.19621000001279754,0.048102000050676,32.655404000024646,602112,30.591695999987678,0.15640799995253474,0.025500999981886707,0.0,401408,0.0,0.0,0.0,0.0,0,0.0,0.0,0.0,0.0,0,0.0,0.0,0.0,0.0,0
4,chain_2svc,53,72.00705700006438,67.34681499995077,4.6602420001136124,1003520,1,37.418752999997196,0.19150999992234574,0.04950200002440397,32.30588600001738,602112,29.92806199995357,0.14940800008389488,0.026401000013720477,0.0,401408,0.0,0.0,0.0,0.0,0,0.0,0.0,0.0,0.0,0,0.0,0.0,0.0,0.0,0
4,chain_2svc,54,74.46278499992331,69.96855099987442,4.494234000048891,1003520,1,37.60836199990081,0.18791000002238434,0.05190300009871862,34.37899299990477,602112,32.360188999973616,0.15700799997375725,0.026701000024331734,0.0,401408,0.0,0.0,0.0,0.0,0,0.0,0.0,0.0,0.0,0,0.0,0.0,0.0,0.0,0
4,chain_2svc,55,73.65234299993517,69.34711899987178,4.30522400006339,1003520,1,37.38555099994301,0.2303119999851333,0.05010200004562648,33.875067000053605,602112,31.961567999928775,0.15610800005561032,0.02520099997127545,0.0,401408,0.0,0.0,0.0,0.0,0,0.0,0.0,0.0,0.0,0,0.0,0.0,0.0,0.0,0
4,chain_2svc,56,73.26812300004804,68.75668800000767,4.511435000040365,1003520,1,37.19124099995952,0.20290999998451298,0.049802000035015226,33.70505899999898,602112,31.565447000048152,0.14910799995959678,0.02560099994752818,0.0,401408,0.0,0.0,0.0,0.0,0,0.0,0.0,0.0,0.0,0,0.0,0.0,0.0,0.0,0
4,chain_2svc,57,72.3885769999697,68.16625699991619,4.222320000053514,1003520,1,37.46805499997663,0.20511100001385785,0.046601999997619714,32.550098000001526,602112,30.698201999939556,0.1498080000601476,0.02520100008496229,0.0,401408,0.0,0.0,0.0,0.0,0,0.0,0.0,0.0,0.0,0,0.0,0.0,0.0,0.0,0
4,chain_2svc,58,73.60414100003254,69.00719999998728,4.596941000045263,1003520,1,36.97612899998148,0.2330120000806346,0.04680299991832726,34.180582999965736,602112,32.031071000005795,0.1536080000050788,0.024900999960664194,0.0,401408,0.0,0.0,0.0,0.0,0,0.0,0.0,0.0,0.0,0,0.0,0.0,0.0,0.0,0
4,chain_2svc,59,73.47933400001239,69.05620399993495,4.423130000077435,1003520,1,37.78147200000603,0.20401000006131653,0.0416020000102435,33.3052379999117,602112,31.274731999928918,0.14760800002022734,0.02530100005060376,0.0,401408,0.0,0.0,0.0,0.0,0,0.0,0.0,0.0,0.0,0,0.0,0.0,0.0,0.0,0
4,chain_2svc,60,73.33422700003212,68.85579300012523,4.478433999906883,1003520,1,37.35184900006061,0.19780999991780845,0.05400299994562374,33.52474999996957,602112,31.50394400006462,0.15690800000811578,0.024600999950052937,0.0,401408,0.0,0.0,0.0,0.0,0,0.0,0.0,0.0,0.0,0,0.0,0.0,0.0,0.0,0
4,chain_2svc,61,72.12916399998903,67.71263300004193,4.416530999947099,1003520,1,37.393251000025884,0.19930999997086474,0.045702999955210544,32.35008799993011,602112,30.31938200001605,0.17400899992026098,0.025902000061250874,0.0,401408,0.0,0.0,0.0,0.0,0,0.0,0.0,0.0,0.0,0,0.0,0.0,0.0,0.0,0
4,chain_2svc,62,76.00566600001457,71.43002699990575,4.575639000108822,1003520,1,39.11374099993736,0.2023100000769773,0.04740200006381201,34.5141010000134,602112,32.316285999968386,0.14890800002831384,0.025800999992497964,0.0,401408,0.0,0.0,0.0,0.0,0,0.0,0.0,0.0,0.0,0,0.0,0.0,0.0,0.0,0
4,chain_2svc,63,75.34753199990973,70.92490000002272,4.422631999887017,1003520,1,38.974433000021236,0.20571100003508036,0.05070299994258676,33.916069000042626,602112,31.95046700000148,0.15430799999194278,0.026401000013720477,0.0,401408,0.0,0.0,0.0,0.0,0,0.0,0.0,0.0,0.0,0,0.0,0.0,0.0,0.0,0
4,chain_2svc,64,72.28397099993344,67.6551300000483,4.628840999885142,1003520,1,37.21384200002831,0.20100999995520397,0.04560200000014447,32.696006000037414,602112,30.441288000019995,0.17160899994905776,0.025500999981886707,0.0,401408,0.0,0.0,0.0,0.0,0,0.0,0.0,0.0,0.0,0,0.0,0.0,0.0,0.0,0
4,chain_2svc,65,75.04131500002131,70.6225850001374,4.418729999883908,1003520,1,39.13614200007487,0.1955099999122467,0.0447029999577353,33.45194500002435,602112,31.486443000062536,0.1477079999858688,0.026600999945003423,0.0,401408,0.0,0.0,0.0,0.0,0,0.0,0.0,0.0,0.0,0,0.0,0.0,0.0,0.0,0
4,chain_2svc,66,73.74834799998098,69.19551100008903,4.552836999891952,1003520,1,37.81247300003088,0.20881099999314756,0.044401999957699445,33.39694299995699,602112,31.38303800005815,0.15370799997072027,0.02700100003494299,0.0,401408,0.0,0.0,0.0,0.0,0,0.0,0.0,0.0,0.0,0,0.0,0.0,0.0,0.0,0
4,chain_2svc,67,78.43869299995276,73.55343799997627,4.885254999976496,1003520,1,40.50801400001092,0.20951099998001155,0.04950200002440397,35.54115400004321,602112,33.04542399996535,0.1798089999738295,0.02520100008496229,0.0,401408,0.0,0.0,0.0,0.0,0,0.0,0.0,0.0,0.0,0,0.0,0.0,0.0,0.0,0
4,chain_2svc,68,71.7053420000866,66.81278700000348,4.892555000083121,1003520,1,37.57966099999521,0.20751099998506106,0.0486019999925702,31.731454999999187,602112,29.23312600000827,0.15560800000002928,0.02430099993944168,0.0,401408,0.0,0.0,0.0,0.0,0,0.0,0.0,0.0,0.0,0,0.0,0.0,0.0,0.0,0
4,chain_2svc,69,75.52623999993102,70.66868599997633,4.857553999954689,1003520,1,37.9409790000409,0.20581100000072183,0.05360299996937101,35.20173700007945,602112,32.727706999935435,0.18110999997134059,0.026501000093048788,0.0,401408,0.0,0.0,0.0,0.0,0,0.0,0.0,0.0,0.0,0,0.0,0.0,0.0,0.0,0
4,chain_2svc,70,81.3379740000073,76.73642900010691,4.601544999900398,1003520,1,46.15750800007845,0.210310999932517,0.05030299996633403,32.683132999977715,602112,30.57892100002846,0.1472080000439746,0.028100999998059706,0.0,401408,0.0,0.0,0.0,0.0,0,0.0,0.0,0.0,0.0,0,0.0,0.0,0.0,0.0,0
4,chain_2svc,71,88.50009299999329,83.34390400000302,5.156188999990263,1003520,1,48.922661000005974,0.25171400000090216,0.1042059999463163,36.76017500004036,602112,34.42124299999705,0.19291099999918515,0.026300999934392166,0.0,401408,0.0,0.0,0.0,0.0,0,0.0,0.0,0.0,0.0,0,0.0,0.0,0.0,0.0,0
4,chain_2svc,72,73.96437399995648,69.14220199996635,4.8221719999901325,1003520,1,39.37672199992903,0.24561400005040923,0.04720300000826683,32.00870599994232,602112,29.765480000037314,0.14550799994594854,0.023500999986936222,0.0,401408,0.0,0.0,0.0,0.0,0,0.0,0.0,0.0,0.0,0,0.0,0.0,0.0,0.0,0
4,chain_2svc,73,73.76246199999059,69.08009700009643,4.682364999894162,1003520,1,38.28215999999429,0.20631200004572747,0.05030199997690943,33.04276400001527,602112,30.797937000102138,0.19331099997543788,0.025402000005669834,0.0,401408,0.0,0.0,0.0,0.0,0,0.0,0.0,0.0,0.0,0,0.0,0.0,0.0,0.0,0
4,chain_2svc,74,74.17908599995826,69.79833800005508,4.380747999903178,1003520,1,39.490728000032504,0.20001100006084016,0.055402999919351714,32.20961800002442,602112,30.307610000022578,0.1516080000101283,0.02700200002436759,0.0,401408,0.0,0.0,0.0,0.0,0,0.0,0.0,0.0,0.0,0,0.0,0.0,0.0,0.0,0
4,chain_2svc,75,75.52276100000199,70.48277700005201,5.039983999949982,1003520,1,37.73132900005294,0.21381199996994837,0.05050300001130381,35.370796000051996,602112,32.75144799999907,0.2451139999948282,0.025601000061215018,0.0,401408,0.0,0.0,0.0,0.0,0,0.0,0.0,0.0,0.0,0,0.0,0.0,0.0,0.0,0
4,chain_2svc,76,73.67225699999835,69.20210399994176,4.470153000056598,1003520,1,37.222399999905065,0.1999110000951987,0.04400300008455815,34.12492499990094,602112,31.97970400003669,0.14620800004649936,0.026701999900069495,0.0,401408,0.0,0.0,0.0,0.0,0,0.0,0.0,0.0,0.0,0,0.0,0.0,0.0,0.0,0
4,chain_2svc,77,71.49093299995002,67.14778800005661,4.343144999893411,1003520,1,37.43651199999931,0.19751100001030863,0.05050300001130381,31.733390999988842,602112,29.711276000057296,0.14490900002783746,0.024900999960664194,0.0,401408,0.0,0.0,0.0,0.0,0,0.0,0.0,0.0,0.0,0,0.0,0.0,0.0,0.0,0
4,chain_2svc,78,71.6806440000255,67.09558699992613,4.5850570000993685,1003520,1,36.906283000007534,0.1924109999436041,0.04340200007391104,32.42292999993879,602112,30.189303999918593,0.15070799997829454,0.02530100005060376,0.0,401408,0.0,0.0,0.0,0.0,0,0.0,0.0,0.0,0.0,0,0.0,0.0,0.0,0.0,0
4,chain_2svc,79,71.29052200002661,66.64195999996991,4.6485620000567,1003520,1,37.24490100000821,0.19491099999413564,0.04720300000826683,31.318266999960542,602112,29.3970589999617,0.14620800004649936,0.02390099996318895,0.0,401408,0.0,0.0,0.0,0.0,0,0.0,0.0,0.0,0.0,0,0.0,0.0,0.0,0.0,0
4,chain_2svc,80,70.2161620000652,65.97592100001748,4.2402410000477175,1003520,1,37.055089999967095,0.20351200009827153,0.0429030000077546,30.904443999929754,602112,28.920831000050384,0.1458089999459844,0.02560199993695278,0.0,401408,0.0,0.0,0.0,0.0,0,0.0,0.0,0.0,0.0,0,0.0,0.0,0.0,0.0,0
4,chain_2svc,81,74.05157900006998,69.65273100001923,4.398848000050748,1003520,1,38.579977000040344,0.19521099989106006,0.05140200005371298,33.114368000042305,602112,31.072753999978886,0.14880799994898553,0.026001000037467747,0.0,401408,0.0,0.0,0.0,0.0,0,0.0,0.0,0.0,0.0,0,0.0,0.0,0.0,0.0,0
4,chain_2svc,82,72.89271299998745,68.65247299992916,4.240240000058293,1003520,1,37.57041999995181,0.21961200002351688,0.041301999999632244,33.06126500001483,602112,31.08205299997735,0.15280900004199793,0.024201999963224807,0.0,401408,0.0,0.0,0.0,0.0,0,0.0,0.0,0.0,0.0,0,0.0,0.0,0.0,0.0,0
4,chain_2svc,83,73.00041899998178,68.15574600011587,4.844672999865907,1003520,1,37.95824200005882,0.20191099997646234,0.04790200000570621,32.22401799996533,602112,30.19750400005705,0.1521089999414471,0.02470099991569441,0.0,401408,0.0,0.0,0.0,0.0,0,0.0,0.0,0.0,0.0,0,0.0,0.0,0.0,0.0,0
4,chain_2svc,84,72.80910800000129,68.36995899993781,4.43914900006348,1003520,1,37.85963699999684,0.21121199995377538,0.047001999973872444,32.52903599991441,602112,30.51032199994097,0.1612089999980526,0.02530100005060376,0.0,401408,0.0,0.0,0.0,0.0,0,0.0,0.0,0.0,0.0,0,0.0,0.0,0.0,0.0,0
4,chain_2svc,85,79.94671099993411,75.66916900009346,4.2775419998406505,1003520,1,37.3413070000197,0.19021099990368384,0.046202000021366985,40.37057800007915,602112,38.327862000073765,0.17030999993039586,0.026301999923816766,0.0,401408,0.0,0.0,0.0,0.0,0,0.0,0.0,0.0,0.0,0,0.0,0.0,0.0,0.0,0
4,chain_2svc,86,72.89171299998998,68.71937799996886,4.172335000021121,1003520,1,37.401510999984566,0.193709999962266,0.04460200000266923,33.206672999995135,602112,31.31786699998429,0.14800799999648007,0.024501999973836064,0.0,401408,0.0,0.0,0.0,0.0,0,0.0,0.0,0.0,0.0,0,0.0,0.0,0.0,0.0,0
4,chain_2svc,87,72.3139799999899,67.59721499997795,4.7167650000119465,1003520,1,38.32836300000508,0.2014109999208813,0.04740200006381201,31.636284999990494,602112,29.268851999972867,0.13840700000855577,0.024901000074351032,0.0,401408,0.0,0.0,0.0,0.0,0,0.0,0.0,0.0,0.0,0,0.0,0.0,0.0,0.0,0
4,chain_2svc,88,72.550293000063,68.16694600013307,4.383346999929927,1003520,1,37.983943000085674,0.19231099997796264,0.052402999926925986,32.23781899998812,602112,30.183003000047393,0.1451079999696958,0.02570200001628109,0.0,401408,0.0,0.0,0.0,0.0,0,0.0,0.0,0.0,0.0,0,0.0,0.0,0.0,0.0,0
4,chain_2svc,89,73.09006399998452,68.82870599997659,4.261358000007931,1003520,1,37.30191299996477,0.19421100000727165,0.05050400000072841,33.5341199998993,602112,31.52679300001182,0.15410900005008443,0.02480199998444732,0.0,401408,0.0,0.0,0.0,0.0,0,0.0,0.0,0.0,0.0,0,0.0,0.0,0.0,0.0,0
4,chain_2svc,90,73.68575799989685,68.86615299993082,4.819604999966032,1003520,1,37.744785999962005,0.19771200004470302,0.052902999982507026,33.17189699998835,602112,31.121366999968814,0.15931000007185503,0.024901999950088793,0.0,401408,0.0,0.0,0.0,0.0,0,0.0,0.0,0.0,0.0,0,0.0,0.0,0.0,0.0,0
4,chain_2svc,91,72.24166600008175,67.90999299994382,4.3316730001379256,1003520,1,37.544972999967285,0.20071300002655335,0.04840300005071185,32.297740999979396,602112,30.36501999997654,0.15820999999505148,0.024901000074351032,0.0,401408,0.0,0.0,0.0,0.0,0,0.0,0.0,0.0,0.0,0,0.0,0.0,0.0,0.0,0
4,chain_2svc,92,71.01998999996795,66.69641600001341,4.323573999954533,1003520,1,37.0346409999911,0.20051199999215896,0.0403029999915816,31.718404999992345,602112,29.661775000022317,0.14930999998341576,0.025401000016245234,0.0,401408,0.0,0.0,0.0,0.0,0,0.0,0.0,0.0,0.0,0,0.0,0.0,0.0,0.0,0
4,chain_2svc,93,75.28015899993079,71.1073940000233,4.172764999907486,1003520,1,39.72461099999691,0.18651200002750556,0.04120300002341537,33.343607999995584,602112,31.382783000026393,0.15240999994148297,0.02440200000819459,0.0,401408,0.0,0.0,0.0,0.0,0,0.0,0.0,0.0,0.0,0,0.0,0.0,0.0,0.0,0
4,chain_2svc,94,72.95501199996579,68.44752700010304,4.507484999862754,1003520,1,37.24185400005808,0.19351200000983226,0.041903000010279357,33.18789799993738,602112,31.205673000044953,0.142209000046023,0.025300999936916924,0.0,401408,0.0,0.0,0.0,0.0,0,0.0,0.0,0.0,0.0,0,0.0,0.0,0.0,0.0,0
4,chain_2svc,95,72.15026100004707,67.59207200002493,4.558189000022139,1003520,1,38.053805000004104,0.20571300001392956,0.049003000071934366,31.51199199999155,602112,29.538267000020824,0.1549099999920145,0.025101999995058577,0.0,401408,0.0,0.0,0.0,0.0,0,0.0,0.0,0.0,0.0,0,0.0,0.0,0.0,0.0,0
4,chain_2svc,96,73.39774000001853,68.89455600003203,4.503183999986504,1003520,1,37.13554800003749,0.2004120000265175,0.04280299992842629,33.71463099995253,602112,31.759007999994537,0.15270999995209422,0.02520100008496229,0.0,401408,0.0,0.0,0.0,0.0,0,0.0,0.0,0.0,0.0,0,0.0,0.0,0.0,0.0,0
4,chain_2svc,97,72.98291299991888,68.5555329998806,4.4273800000382835,1003520,1,37.6371789999439,0.22061399999984133,0.05000300006940961,32.81507400004102,602112,30.9183539999367,0.1487090000864555,0.025602000050639617,0.0,401408,0.0,0.0,0.0,0.0,0,0.0,0.0,0.0,0.0,0,0.0,0.0,0.0,0.0,0
4,chain_2svc,98,82.08268900000348,77.31588800004374,4.766800999959742,1003520,1,38.28201999999692,0.20011300000533083,0.05070299994258676,41.25670800010539,602112,39.03386800004682,0.16200999993998266,0.0512029999981678,0.0,401408,0.0,0.0,0.0,0.0,0,0.0,0.0,0.0,0.0,0,0.0,0.0,0.0,0.0,0
4,chain_2svc,99,73.56575099993279,69.26947899989955,4.296272000033241,1003520,1,37.68058199989355,0.19591300008414692,0.04640300005576137,33.553721000089354,602112,31.588897000006,0.15660999997635372,0.02440200000819459,0.0,401408,0.0,0.0,0.0,0.0,0,0.0,0.0,0.0,0.0,0,0.0,0.0,0.0,0.0,0
4,chain_2svc,100,73.42594199997166,68.89805499997692,4.527886999994735,1003520,1,38.17551299994193,0.20531300003767683,0.06950400006644486,32.905180000057044,602112,30.72254200003499,0.18081199993957853,0.025902000061250874,0.0,401408,0.0,0.0,0.0,0.0,0,0.0,0.0,0.0,0.0,0,0.0,0.0,0.0,0.0,0
4,chain_2svc,101,72.05955500000982,67.90759300008631,4.151961999923515,1003520,1,37.142548000019815,0.19561199997042422,0.043602999994618585,32.716068000013365,602112,30.765045000066493,0.1599099999793907,0.024701000029381248,0.0,401408,0.0,0.0,0.0,0.0,0,0.0,0.0,0.0,0.0,0,0.0,0.0,0.0,0.0,0
4,chain_2svc,102,74.17719000000034,69.41738799991981,4.759802000080526,1003520,1,38.55653699997674,0.20761299992955173,0.04970300005879835,33.342208000021856,602112,30.860850999943068,0.15130999997836625,0.024500999984411465,0.0,401408,0.0,0.0,0.0,0.0,0,0.0,0.0,0.0,0.0,0,0.0,0.0,0.0,0.0,0
4,chain_2svc,103,75.00544100003026,70.6718669998736,4.333574000156659,1003520,1,39.27718299996741,0.2088130000856836,0.04830299997138354,33.38251100001344,602112,31.394683999906192,0.15101000008144183,0.02530200004002836,0.0,401408,0.0,0.0,0.0,0.0,0,0.0,0.0,0.0,0.0,0,0.0,0.0,0.0,0.0,0
4,chain_2svc,104,74.38820300001225,70.16433599994798,4.223867000064274,1003520,1,38.73164899994208,0.2093130000275778,0.04200199998649623,33.34280799992939,602112,31.4326870000059,0.15260899999702815,0.02520199996070005,0.0,401408,0.0,0.0,0.0,0.0,0,0.0,0.0,0.0,0.0,0,0.0,0.0,0.0,0.0,0
4,chain_2svc,105,72.23486699990644,67.53236899999138,4.702497999915067,1003520,1,37.45996800000739,0.1978129999997691,0.049102999923889,32.24433900004442,602112,30.072400999983984,0.15341000005264505,0.024200999973800208,0.0,401408,0.0,0.0,0.0,0.0,0,0.0,0.0,0.0,0.0,0,0.0,0.0,0.0,0.0,0
4,chain_2svc,106,72.51978500005407,68.21351299993239,4.30627200012168,1003520,1,37.455967999903805,0.21311400007562042,0.04950300001382857,32.834475999948154,602112,30.757545000028585,0.17551099995216646,0.025500999981886707,0.0,401408,0.0,0.0,0.0,0.0,0,0.0,0.0,0.0,0.0,0,0.0,0.0,0.0,0.0,0
4,chain_2svc,107,73.76076299999568,69.46169100001498,4.299071999980697,1003520,1,38.32222300002286,0.1875120000249808,0.04320199991525442,33.246402000031594,602112,31.13946799999212,0.15560999997887848,0.024901999950088793,0.0,401408,0.0,0.0,0.0,0.0,0,0.0,0.0,0.0,0.0,0,0.0,0.0,0.0,0.0,0
4,chain_2svc,108,71.14989800004423,66.71361700000489,4.436281000039344,1003520,1,37.28695699999207,0.19691299996793532,0.04870300006132311,31.531192999977975,602112,29.426660000012816,0.1570100000662933,0.02470199990511901,0.0,401408,0.0,0.0,0.0,0.0,0,0.0,0.0,0.0,0.0,0,0.0,0.0,0.0,0.0,0
4,chain_2svc,109,73.09772099995371,68.98866099993484,4.1090600000188715,1003520,1,37.804989999926875,0.18731200009369786,0.05090299998755654,33.1658970000035,602112,31.183671000007962,0.15660999997635372,0.02570100002685649,0.0,401408,0.0,0.0,0.0,0.0,0,0.0,0.0,0.0,0.0,0,0.0,0.0,0.0,0.0,0
4,chain_2svc,110,71.34670999994341,67.0165359999828,4.330173999960607,1003520,1,37.27265600002738,0.19041200005176506,0.04740299993954977,31.708605000062562,602112,29.743879999955425,0.15521000000262575,0.030802000082985614,0.0,401408,0.0,0.0,0.0,0.0,0,0.0,0.0,0.0,0.0,0,0.0,0.0,0.0,0.0,0
4,chain_2svc,111,73.31413500003237,68.7478459999511,4.5662890000812695,1003520,1,37.20905199998015,0.19821299997602182,0.04780300002948934,33.54362100003527,602112,31.53879399997095,0.15140899995458312,0.02790200005620136,0.0,401408,0.0,0.0,0.0,0.0,0,0.0,0.0,0.0,0.0,0,0.0,0.0,0.0,0.0,0
4,chain_2svc,112,73.28053300000192,68.56243299989728,4.718100000104641,1003520,1,37.63247799997771,0.21101400000134163,0.04130300010274368,33.01328600002762,602112,30.929954999919573,0.16481000000112545,0.024702000018805848,0.0,401408,0.0,0.0,0.0,0.0,0,0.0,0.0,0.0,0.0,0,0.0,0.0,0.0,0.0,0
4,chain_2svc,113,72.66359300001568,68.18931000009343,4.474282999922252,1003520,1,38.36742500004675,0.2304150000327354,0.04640299994207453,31.817412000009426,602112,29.821885000046677,0.15741000004254602,0.023701999907643767,0.0,401408,0.0,0.0,0.0,0.0,0,0.0,0.0,0.0,0.0,0,0.0,0.0,0.0,0.0,0
4,chain_2svc,114,73.18422600008034,68.87515500000063,4.309071000079712,1003520,1,37.98990199993568,0.19111200003862905,0.049003000071934366,32.801473999938935,602112,30.88525300006495,0.1479090000202632,0.024500999984411465,0.0,401408,0.0,0.0,0.0,0.0,0,0.0,0.0,0.0,0.0,0,0.0,0.0,0.0,0.0,0
4,chain_2svc,115,71.59612600003129,67.16164499994193,4.434481000089363,1003520,1,37.120845999993435,0.1856119999956718,0.04740299993954977,32.019723999951566,602112,30.040798999948493,0.14700899998842942,0.025901000071826275,0.0,401408,0.0,0.0,0.0,0.0,0,0.0,0.0,0.0,0.0,0,0.0,0.0,0.0,0.0,0
4,chain_2svc,116,72.58058900004016,68.40662499996597,4.173964000074193,1003520,1,38.98536500003047,0.20121299996844755,0.0455030000239276,31.351182000094013,602112,29.4212599999355,0.14370899998539244,0.024501000098098302,0.0,401408,0.0,0.0,0.0,0.0,0,0.0,0.0,0.0,0.0,0,0.0,0.0,0.0,0.0,0
4,chain_2svc,117,73.12312199996995,68.70114399998783,4.4219779999821185,1003520,1,38.23721799994928,0.18851200002245605,0.04010199995718722,32.52655699998286,602112,30.463926000038555,0.1492090000283497,0.025402000005669834,0.0,401408,0.0,0.0,0.0,0.0,0,0.0,0.0,0.0,0.0,0,0.0,0.0,0.0,0.0,0
4,chain_2svc,118,71.7515359999652,67.445862999989,4.305672999976196,1003520,1,37.73148499999479,0.20131299993408902,0.043303000097694166,31.69020300003922,602112,29.714377999994213,0.14940900007331948,0.025402000005669834,0.0,401408,0.0,0.0,0.0,0.0,0,0.0,0.0,0.0,0.0,0,0.0,0.0,0.0,0.0,0
4,chain_2svc,119,73.53324799998973,68.97406099994896,4.559187000040765,1003520,1,37.71538499995586,0.20011200001590623,0.044102000060775026,33.4661159999996,602112,31.258675999993102,0.15301000007639232,0.026801999979397806,0.0,401408,0.0,0.0,0.0,0.0,0,0.0,0.0,0.0,0.0,0,0.0,0.0,0.0,0.0,0
4,chain_2svc,120,73.94717500005754,69.3607850000717,4.58638999998584,1003520,1,38.264719000039804,0.19721199998912198,0.048902999992606055,33.15679599995747,602112,31.096066000031897,0.15260999998645275,0.02530100005060376,0.0,401408,0.0,0.0,0.0,0.0,0,0.0,0.0,0.0,0.0,0,0.0,0.0,0.0,0.0,0
4,chain_2svc,121,73.94577500008381,69.42878799998198,4.516987000101835,1003520,1,39.27008199991633,0.20911400008571945,0.04600300007950864,32.2775399999955,602112,30.15870600006565,0.15221000001020002,0.02440200000819459,0.0,401408,0.0,0.0,0.0,0.0,0,0.0,0.0,0.0,0.0,0,0.0,0.0,0.0,0.0,0
4,chain_2svc,122,74.25159399997483,69.69320600001083,4.558387999963998,1003520,1,39.50719800002389,0.2144129999805955,0.04820300000574207,32.33584499992048,602112,30.18600799998694,0.15270999995209422,0.02610199999253382,0.0,401408,0.0,0.0,0.0,0.0,0,0.0,0.0,0.0,0.0,0,0.0,0.0,0.0,0.0,0
4,chain_2svc,123,71.56712400001197,67.04893899996023,4.518185000051744,1003520,1,37.22215300001608,0.19281299989870604,0.05000300006940961,32.05002599997897,602112,29.82678599994415,0.1490089999833799,0.025601000061215018,0.0,401408,0.0,0.0,0.0,0.0,0,0.0,0.0,0.0,0.0,0,0.0,0.0,0.0,0.0,0
4,chain_2svc,124,71.3339089999181,67.04213799991976,4.2917709999983344,1003520,1,37.228652999942824,0.2010130000371646,0.05010300003505108,31.764909000003172,602112,29.813484999976936,0.1505090000364362,0.025901999947564036,0.0,401408,0.0,0.0,0.0,0.0,0,0.0,0.0,0.0,0.0,0,0.0,0.0,0.0,0.0,0
4,chain_2svc,125,74.45530699999381,69.95362300006036,4.501683999933448,1003520,1,37.605078000069625,0.19151200001488178,0.04790299999513081,34.504181999977845,602112,32.348544999990736,0.15390900000511465,0.02570200001628109,0.0,401408,0.0,0.0,0.0,0.0,0,0.0,0.0,0.0,0.0,0,0.0,0.0,0.0,0.0,0
4,chain_2svc,126,78.58586800000467,73.96397599995908,4.621892000045591,1003520,1,42.40878099994916,0.25121600003785716,0.04520300001331634,33.720431999995526,602112,31.555195000009917,0.15660999997635372,0.02570100002685649,0.0,401408,0.0,0.0,0.0,0.0,0,0.0,0.0,0.0,0.0,0,0.0,0.0,0.0,0.0,0
4,chain_2svc,127,72.75399899992863,67.98079700001836,4.77320199991027,1003520,1,37.27905600010217,0.20501299991337874,0.05130399995323387,33.00308699999732,602112,30.701740999916183,0.15350900002886192,0.026002000026892347,0.0,401408,0.0,0.0,0.0,0.0,0,0.0,0.0,0.0,0.0,0,0.0,0.0,0.0,0.0,0
4,chain_2svc,128,72.30327000002035,67.36715899990031,4.936111000120036,1003520,1,37.4004639999157,0.19021200000679528,0.04950300001382857,32.732668999983616,602112,29.96669499998461,0.1547089999576201,0.02620100008243753,0.0,401408,0.0,0.0,0.0,0.0,0,0.0,0.0,0.0,0.0,0,0.0,0.0,0.0,0.0,0
4,chain_2svc,129,73.50814700009778,68.8416520000601,4.666495000037685,1003520,1,38.08060700009719,0.18681199992442998,0.05220399998506764,33.091991999981474,602112,30.761044999962905,0.15900999994755693,0.024602000053164375,0.0,401408,0.0,0.0,0.0,0.0,0,0.0,0.0,0.0,0.0,0,0.0,0.0,0.0,0.0,0
4,chain_2svc,130,72.1373600000561,67.53966999997374,4.597690000082366,1003520,1,37.595576999933655,0.20921300006193633,0.045403000058286125,31.966521000072134,602112,29.944093000040084,0.14780899994093488,0.024901999950088793,0.0,401408,0.0,0.0,0.0,0.0,0,0.0,0.0,0.0,0.0,0,0.0,0.0,0.0,0.0,0
4,chain_2svc,131,72.40677699996922,67.89639300006911,4.510383999900114,1003520,1,37.904097000023285,0.1989119999734612,0.04510199994456343,32.003523000071255,602112,29.992296000045826,0.1555090000238124,0.025001999915730266,0.0,401408,0.0,0.0,0.0,0.0,0,0.0,0.0,0.0,0.0,0,0.0,0.0,0.0,0.0,0
4,chain_2svc,132,72.28657000007388,67.09374100012155,5.192828999952326,1003520,1,36.938735000035194,0.20601300002454082,0.04580299992085202,32.85597700005383,602112,30.15500600008636,0.15580999991016142,0.02600099992378091,0.0,401408,0.0,0.0,0.0,0.0,0,0.0,0.0,0.0,0.0,0,0.0,0.0,0.0,0.0,0
4,chain_2svc,133,73.59915200004252,69.25257800003237,4.3465740000101505,1003520,1,37.73298500004785,0.1957129999254903,0.048002999960772286,33.5400200000322,602112,31.519592999984525,0.16601000004357047,0.027201999955650535,0.0,401408,0.0,0.0,0.0,0.0,0,0.0,0.0,0.0,0.0,0,0.0,0.0,0.0,0.0,0
4,chain_2svc,134,76.88556100004007,72.10025799997766,4.785303000062413,1003520,1,39.16487599997254,0.19931199994971394,0.05170300005374884,35.25072800005091,602112,32.93538200000512,0.1458089999459844,0.026002000026892347,0.0,401408,0.0,0.0,0.0,0.0,0,0.0,0.0,0.0,0.0,0,0.0,0.0,0.0,0.0,0
4,chain_2svc,135,72.1338600000081,67.7011789999824,4.4326810000256955,1003520,1,37.23225299995647,0.1991130000078556,0.04650300002140284,32.53035600005205,602112,30.46892600002593,0.14891000000716303,0.02440100001876999,0.0,401408,0.0,0.0,0.0,0.0,0,0.0,0.0,0.0,0.0,0,0.0,0.0,0.0,0.0,0
4,chain_2svc,136,74.35520000001361,69.84651599998415,4.5086840000294615,1003520,1,38.25591899999381,0.19941200002904225,0.0473029999739083,33.607724999910715,602112,31.59059699999034,0.15500999995765596,0.02300200003446662,0.0,401408,0.0,0.0,0.0,0.0,0,0.0,0.0,0.0,0.0,0,0.0,0.0,0.0,0.0,0
4,chain_2svc,137,74.12998600000265,69.81531399992491,4.314672000077735,1003520,1,39.23788099996273,0.19861199996284995,0.05000300006940961,32.55565799997839,602112,30.577432999962184,0.144809000062196,0.025500999981886707,0.0,401408,0.0,0.0,0.0,0.0,0,0.0,0.0,0.0,0.0,0,0.0,0.0,0.0,0.0,0
4,chain_2svc,138,76.8192560000216,72.29787000005672,4.5213859999648776,1003520,1,40.93798799999604,0.1989129999628858,0.041803000044637884,33.403911999926095,602112,31.35988200006068,0.14930899999399116,0.02600199991320551,0.0,401408,0.0,0.0,0.0,0.0,0,0.0,0.0,0.0,0.0,0,0.0,0.0,0.0,0.0,0
4,chain_2svc,139,78.58896800007642,73.95667499997671,4.632293000099708,1003520,1,38.836155000012695,0.20781299997452152,0.0499029999900813,37.372662000052514,602112,35.12051999996402,0.14960999999402702,0.025902000061250874,0.0,401408,0.0,0.0,0.0,0.0,0,0.0,0.0,0.0,0.0,0,0.0,0.0,0.0,0.0,0
4,chain_2svc,140,75.04234400005316,70.50255700005437,4.539786999998796,1003520,1,39.85952000005,0.1971120000234805,0.04430299998148257,32.770972000093934,602112,30.64303700000437,0.18761199999062228,0.026302000037503603,0.0,401408,0.0,0.0,0.0,0.0,0,0.0,0.0,0.0,0.0,0,0.0,0.0,0.0,0.0,0
4,chain_2svc,141,72.42627899995568,68.03670199997214,4.389576999983547,1003520,1,38.14901199996257,0.1971120000234805,0.049702999945111515,31.898816000079933,602112,29.88769000000957,0.17981099995267869,0.027302000034978846,0.0,401408,0.0,0.0,0.0,0.0,0,0.0,0.0,0.0,0.0,0,0.0,0.0,0.0,0.0,0
4,chain_2svc,142,73.55035000000498,68.7003419999428,4.850008000062189,1003520,1,37.500969999996414,0.19921299997349706,0.04780300002948934,33.73513199994704,602112,31.19937199994638,0.14420900004097348,0.02740200000062032,0.0,401408,0.0,0.0,0.0,0.0,0,0.0,0.0,0.0,0.0,0,0.0,0.0,0.0,0.0,0
4,chain_2svc,143,73.14242400002513,67.8589890000012,5.283435000023928,1003520,1,37.083643999949345,0.19121200000427052,0.06830400002399983,33.69552999993175,602112,30.775345000051857,0.15550999989955017,0.02650199996878655,0.0,401408,0.0,0.0,0.0,0.0,0,0.0,0.0,0.0,0.0,0,0.0,0.0,0.0,0.0,0
4,chain_2svc,144,72.8977080000277,68.23471400002745,4.662994000000253,1003520,1,38.29612099991664,0.2099130000488003,0.04200300008960767,32.295740999984446,602112,29.938593000110814,0.18891199999870878,0.025700999913169653,0.0,401408,0.0,0.0,0.0,0.0,0,0.0,0.0,0.0,0.0,0,0.0,0.0,0.0,0.0,0
4,chain_2svc,145,72.75930000002973,67.65437699993981,5.1049230000899115,1003520,1,37.83529199995428,0.1960120000603638,0.04770299995016103,32.54695800001173,602112,29.819084999985535,0.15541000004759553,0.026301999923816766,0.0,401408,0.0,0.0,0.0,0.0,0,0.0,0.0,0.0,0.0,0,0.0,0.0,0.0,0.0,0
4,chain_2svc,146,73.62195400003202,68.95415799999682,4.667796000035196,1003520,1,38.62644100001944,0.2114140000912812,0.052503999995678896,32.60986199995841,602112,30.327716999977383,0.14810899995154614,0.024101999997583334,0.0,401408,0.0,0.0,0.0,0.0,0,0.0,0.0,0.0,0.0,0,0.0,0.0,0.0,0.0,0
4,chain_2svc,147,74.4755080000914,70.1615350000111,4.313973000080296,1003520,1,38.30042100003084,0.225713999952859,0.053404000027512666,33.94844599995395,602112,31.86111399998026,0.19231199996738724,0.025902000061250874,0.0,401408,0.0,0.0,0.0,0.0,0,0.0,0.0,0.0,0.0,0,0.0,0.0,0.0,0.0,0
4,chain_2svc,148,74.25409400002536,70.06792900006076,4.186164999964603,1003520,1,37.37386200009496,0.19471299992801505,0.04460299999209383,34.70199399998819,602112,32.6940669999658,0.14910899994902138,0.025901000071826275,0.0,401408,0.0,0.0,0.0,0.0,0,0.0,0.0,0.0,0.0,0,0.0,0.0,0.0,0.0,0
4,chain_2svc,149,73.83426700005202,69.35398400003123,4.4802830000207905,1003520,1,37.48576899999989,0.20111300000280607,0.05390399996940687,34.032051999929536,602112,31.86821500003134,0.14880899993841012,0.026401000013720477,0.0,401408,0.0,0.0,0.0,0.0,0,0.0,0.0,0.0,0.0,0,0.0,0.0,0.0,0.0,0
4,chain_2svc,150,74.16588799992496,69.56019700010074,4.605690999824219,1003520,1,37.87929400004941,0.20011300000533083,0.04830299997138354,33.87064100002135,602112,31.68090300005133,0.1482089999171876,0.025901999947564036,0.0,401408,0.0,0.0,0.0,0.0,0,0.0,0.0,0.0,0.0,0,0.0,0.0,0.0,0.0,0
4,chain_2svc,151,73.33333500002936,68.66244100001495,4.670894000014414,1003520,1,37.83439200003613,0.19731199995476345,0.049302999968858785,33.11999300001389,602112,30.82804899997882,0.14470899998286768,0.026002000026892347,0.0,401408,0.0,0.0,0.0,0.0,0,0.0,0.0,0.0,0.0,0,0.0,0.0,0.0,0.0,0
4,chain_2svc,152,72.89160800007721,68.18680999992921,4.704798000148003,1003520,1,37.49597000000904,0.20821399994019885,0.046203000010791584,33.06719099998645,602112,30.690839999920172,0.1531090000526092,0.02660200004811486,0.0,401408,0.0,0.0,0.0,0.0,0,0.0,0.0,0.0,0.0,0,0.0,0.0,0.0,0.0,0
4,chain_2svc,153,72.84250500003964,68.11250600003405,4.729999000005591,1003520,1,37.853493000056915,0.19661199996789946,0.04330299998400733,32.51415499994437,602112,30.25901299997713,0.1542100000051505,0.02660100005869026,0.0,401408,0.0,0.0,0.0,0.0,0,0.0,0.0,0.0,0.0,0,0.0,0.0,0.0,0.0,0
4,chain_2svc,154,75.06714500004819,70.52475799991953,4.542387000128656,1003520,1,38.14441099996202,0.20161300005838712,0.04340300006333564,34.43057700008012,602112,32.38034699995751,0.16181000000869972,0.025101999995058577,0.0,401408,0.0,0.0,0.0,0.0,0,0.0,0.0,0.0,0.0,0,0.0,0.0,0.0,0.0,0
4,chain_2svc,155,75.086046000024,70.91538300005595,4.1706629999680445,1003520,1,40.41255499998897,0.2061129999901823,0.0499029999900813,32.45535100006691,602112,30.502828000066984,0.16311100000621082,0.025801999981922563,0.0,401408,0.0,0.0,0.0,0.0,0,0.0,0.0,0.0,0.0,0,0.0,0.0,0.0,0.0,0
4,chain_2svc,156,72.52588500000456,68.32582000015464,4.200064999849928,1003520,1,37.43566700006795,0.19341199993050395,0.05440300003556331,32.87307800007966,602112,30.890153000086684,0.1547099999470447,0.027500999976837193,0.0,401408,0.0,0.0,0.0,0.0,0,0.0,0.0,0.0,0.0,0,0.0,0.0,0.0,0.0,0
4,chain_2svc,157,72.13025999999445,67.89919200002714,4.231067999967308,1003520,1,36.99073799998587,0.190611999983048,0.04930300008254562,32.88207799994325,602112,30.908454000041274,0.151009999967755,0.02380099999754748,0.0,401408,0.0,0.0,0.0,0.0,0,0.0,0.0,0.0,0.0,0,0.0,0.0,0.0,0.0,0
4,chain_2svc,158,72.81437000006008,68.14019399996596,4.674176000094121,1003520,1,37.83986899998126,0.1963119999572882,0.04900200008250977,32.74676399996679,602112,30.300324999984696,0.14610799996717105,0.026702000013756333,0.0,401408,0.0,0.0,0.0,0.0,0,0.0,0.0,0.0,0.0,0,0.0,0.0,0.0,0.0,0
4,chain_2svc,159,71.35966299995289,67.1732250000332,4.18643799991969,1003520,1,37.330826000015804,0.20651099998758582,0.041301999999632244,31.72610700005407,602112,29.842399000017394,0.15460899999197864,0.02480099999502272,0.0,401408,0.0,0.0,0.0,0.0,0,0.0,0.0,0.0,0.0,0,0.0,0.0,0.0,0.0,0
4,chain_2svc,160,74.4033359999321,69.9875840000459,4.415751999886197,1003520,1,37.77415000001838,0.20271200003207923,0.051902999985031784,34.36265600009847,602112,32.21343400002752,0.14790899990657635,0.02530100005060376,0.0,401408,0.0,0.0,0.0,0.0,0,0.0,0.0,0.0,0.0,0,0.0,0.0,0.0,0.0,0
4,chain_2svc,161,74.59294700004193,70.2881019999495,4.304845000092428,1003520,1,38.615898999978526,0.1958110000259694,0.051702999940062,33.62461400001848,602112,31.672202999970978,0.14970900008393073,0.024901999950088793,0.0,401408,0.0,0.0,0.0,0.0,0,0.0,0.0,0.0,0.0,0,0.0,0.0,0.0,0.0,0
4,chain_2svc,162,71.21495499995945,66.85460699998202,4.360347999977421,1003520,1,37.16571699999349,0.19871099993906682,0.05080200003249047,31.667703000039182,602112,29.688889999988533,0.15020800003640034,0.0429030000077546,0.0,401408,0.0,0.0,0.0,0.0,0,0.0,0.0,0.0,0.0,0,0.0,0.0,0.0,0.0,0
4,chain_2svc,163,73.50368499999149,68.88632300001518,4.6173619999763105,1003520,1,39.422145000003184,0.18991000001733482,0.049403000048187096,31.71310599998378,602112,29.464178000011998,0.17620999994960584,0.02700100003494299,0.0,401408,0.0,0.0,0.0,0.0,0,0.0,0.0,0.0,0.0,0,0.0,0.0,0.0,0.0,0
4,chain_2svc,164,72.71293899998454,68.19348300007277,4.51945599991177,1003520,1,37.988763000043946,0.2009119999684117,0.05090299998755654,32.33914099996582,602112,30.20472000002883,0.15820900000562688,0.024500999984411465,0.0,401408,0.0,0.0,0.0,0.0,0,0.0,0.0,0.0,0.0,0,0.0,0.0,0.0,0.0,0
4,chain_2svc,165,73.29717300001448,68.9593250000371,4.3378479999773845,1003520,1,38.365384000030645,0.18851100003303145,0.05200299995067326,32.51445099999728,602112,30.593941000006453,0.15020900002582493,0.024901999950088793,0.0,401408,0.0,0.0,0.0,0.0,0,0.0,0.0,0.0,0.0,0,0.0,0.0,0.0,0.0,0
4,chain_2svc,166,71.55087399996773,67.24372799999401,4.307145999973727,1003520,1,37.55013800002871,0.2194119999785471,0.04220300002089061,31.673802999989675,602112,29.693589999965297,0.1492090000283497,0.02570200001628109,0.0,401408,0.0,0.0,0.0,0.0,0,0.0,0.0,0.0,0.0,0,0.0,0.0,0.0,0.0,0
4,chain_2svc,167,71.17135199996483,66.82420499998898,4.347146999975848,1003520,1,37.33592599996882,0.1888110000436427,0.046703000066372624,31.47909200004051,602112,29.488279000020157,0.15280900004199793,0.026401000013720477,0.0,401408,0.0,0.0,0.0,0.0,0,0.0,0.0,0.0,0.0,0,0.0,0.0,0.0,0.0,0
4,chain_2svc,168,75.2285830000119,70.63682199986943,4.591761000142469,1003520,1,38.41018699995402,0.20451099999263533,0.04260300011083018,34.31055299995478,602112,32.226634999915404,0.15410900005008443,0.02790200005620136,0.0,401408,0.0,0.0,0.0,0.0,0,0.0,0.0,0.0,0.0,0,0.0,0.0,0.0,0.0,0
4,chain_2svc,169,74.32433099995706,69.97598400005245,4.3483469999046065,1003520,1,38.60219800003506,0.21081199997752265,0.042803000042113126,33.30639599994356,602112,31.37378600001739,0.15610900004503492,0.026702000013756333,0.0,401408,0.0,0.0,0.0,0.0,0,0.0,0.0,0.0,0.0,0,0.0,0.0,0.0,0.0,0
4,chain_2svc,170,72.15600799997901,67.63875099989036,4.517257000088648,1003520,1,37.240420999978596,0.1994109999259308,0.047602000108781795,32.5554529999863,602112,30.398329999911766,0.14730899999904068,0.024802000098134158,0.0,401408,0.0,0.0,0.0,0.0,0,0.0,0.0,0.0,0.0,0,0.0,0.0,0.0,0.0,0
4,chain_2svc,171,71.60337699997399,67.44934000005287,4.154036999921118,1003520,1,37.40092900000036,0.19951199999468372,0.046203000010791584,32.01072300009855,602112,30.04841100005251,0.1484089999621574,0.024600999950052937,0.0,401408,0.0,0.0,0.0,0.0,0,0.0,0.0,0.0,0.0,0,0.0,0.0,0.0,0.0,0
4,chain_2svc,172,76.0312290000229,71.5394720000404,4.491756999982499,1003520,1,39.3890420000389,0.2035119999845847,0.05310299991378997,34.32925399999931,602112,32.150430000001506,0.15760899998440436,0.02660200004811486,0.0,401408,0.0,0.0,0.0,0.0,0,0.0,0.0,0.0,0.0,0,0.0,0.0,0.0,0.0,0
4,chain_2svc,173,71.66628100003436,66.93051099989589,4.735770000138473,1003520,1,37.63464299993302,0.19021100001737068,0.049403000048187096,31.64690200003406,602112,29.295867999962866,0.1650089999429838,0.023801000111234316,0.0,401408,0.0,0.0,0.0,0.0,0,0.0,0.0,0.0,0.0,0,0.0,0.0,0.0,0.0,0
4,chain_2svc,174,72.58343199998762,68.27788699990833,4.305545000079292,1003520,1,38.088167999944744,0.1895110000305067,0.04080200005773804,32.15383000008387,602112,30.18971899996359,0.15470800008188235,0.02610199999253382,0.0,401408,0.0,0.0,0.0,0.0,0,0.0,0.0,0.0,0.0,0,0.0,0.0,0.0,0.0,0
4,chain_2svc,175,73.31267400002162,68.90892300009455,4.40375099992707,1003520,1,37.7308480000238,0.20831200004067796,0.06760400003713585,33.19579000003614,602112,31.17807500007075,0.14750899993032363,0.026100999889422383,0.0,401408,0.0,0.0,0.0,0.0,0,0.0,0.0,0.0,0.0,0,0.0,0.0,0.0,0.0,0
4,chain_2svc,176,75.62540599997192,69.37694900000224,6.248456999969676,1003520,1,38.75190600001588,0.7390419999637743,0.04880300002696458,32.86037100008343,602112,30.625042999986363,0.15250899991769984,0.02490200006377563,0.0,401408,0.0,0.0,0.0,0.0,0,0.0,0.0,0.0,0.0,0,0.0,0.0,0.0,0.0,0
4,chain_2svc,177,72.80924599990612,68.27008799996293,4.5391579999432,1003520,1,38.52809399995749,0.20261100007701316,0.0455030000239276,31.74080700000559,602112,29.741994000005434,0.15220800003135082,0.025800999992497964,0.0,401408,0.0,0.0,0.0,0.0,0,0.0,0.0,0.0,0.0,0,0.0,0.0,0.0,0.0,0
4,chain_2svc,178,73.80130199999257,69.22384100005274,4.577460999939831,1003520,1,37.64484300006643,0.20231199994213966,0.04460299999209383,33.549510000057126,602112,31.578997999986314,0.14630800001214084,0.024602000053164375,0.0,401408,0.0,0.0,0.0,0.0,0,0.0,0.0,0.0,0.0,0,0.0,0.0,0.0,0.0,0
4,chain_2svc,179,75.40519300005144,70.45151200009059,4.953680999960852,1003520,1,37.68444600007115,0.2020109999421038,0.04960299997947004,35.128799999938565,602112,32.76706600001944,0.17061000005469396,0.026200999968750693,0.0,401408,0.0,0.0,0.0,0.0,0,0.0,0.0,0.0,0.0,0,0.0,0.0,0.0,0.0,0
4,chain_2svc,180,72.66243699996267,68.07307600001877,4.589360999943892,1003520,1,37.33952599998247,0.2041110000163826,0.04170300007899641,32.83016900002167,602112,30.733550000036303,0.14370799999596784,0.02480099999502272,0.0,401408,0.0,0.0,0.0,0.0,0,0.0,0.0,0.0,0.0,0,0.0,0.0,0.0,0.0,0
4,chain_2svc,181,71.85069100000874,67.46304099988265,4.3876500001260865,1003520,1,38.40658699994037,0.19121100001484592,0.0468020000425895,31.059169000059228,602112,29.056453999942278,0.15480900003694842,0.02440200000819459,0.0,401408,0.0,0.0,0.0,0.0,0,0.0,0.0,0.0,0.0,0,0.0,0.0,0.0,0.0,0
4,chain_2svc,182,75.90462099994966,71.18335400002707,4.721266999922591,1003520,1,39.59515500002908,0.2001109999127948,0.04720200001884223,33.94663199992465,602112,31.588198999997985,0.1549090000025899,0.025300999936916924,0.0,401408,0.0,0.0,0.0,0.0,0,0.0,0.0,0.0,0.0,0,0.0,0.0,0.0,0.0,0
4,chain_2svc,183,73.20276799998737,68.64910899992083,4.553659000066546,1003520,1,37.55323799998678,0.2080110000406421,0.045302999978957814,33.06448299997555,602112,31.09587099993405,0.15010800007075886,0.025401000016245234,0.0,401408,0.0,0.0,0.0,0.0,0,0.0,0.0,0.0,0.0,0,0.0,0.0,0.0,0.0,0
4,chain_2svc,184,72.11480599994502,67.59944899999937,4.515356999945652,1003520,1,37.829453999961515,0.20601100004569162,0.04840300005071185,31.861413999990873,602112,29.769995000037852,0.15530899997884262,0.02480099999502272,0.0,401408,0.0,0.0,0.0,0.0,0,0.0,0.0,0.0,0.0,0,0.0,0.0,0.0,0.0,0
4,chain_2svc,185,72.16400900006192,67.36923600010414,4.794772999957786,1003520,1,37.97876300006919,0.21321199994872586,0.040302000002157,31.734107000033873,602112,29.390473000034945,0.1560089999657066,0.024101000008158735,0.0,401408,0.0,0.0,0.0,0.0,0,0.0,0.0,0.0,0.0,0,0.0,0.0,0.0,0.0,0
4,chain_2svc,186,76.37284899999486,72.00199999999768,4.370848999997179,1003520,1,39.43644599996787,0.24131399993621017,0.04740200006381201,34.610769999972035,602112,32.565554000029806,0.15530899997884262,0.02480099999502272,0.0,401408,0.0,0.0,0.0,0.0,0,0.0,0.0,0.0,0.0,0,0.0,0.0,0.0,0.0,0
4,chain_2svc,187,73.33847500001411,68.96472599999015,4.373749000023963,1003520,1,38.029064999932416,0.22631300009834376,0.0468030000320141,32.927674000006846,602112,30.935661000057735,0.14720799993028777,0.024702000018805848,0.0,401408,0.0,0.0,0.0,0.0,0,0.0,0.0,0.0,0.0,0,0.0,0.0,0.0,0.0,0
4,chain_2svc,188,72.45502499995382,68.23518500004866,4.219839999905162,1003520,1,37.406529999998384,0.2002109999921231,0.05010300003505108,32.72276300003796,602112,30.828655000050276,0.15790899999501562,0.026801999979397806,0.0,401408,0.0,0.0,0.0,0.0,0,0.0,0.0,0.0,0.0,0,0.0,0.0,0.0,0.0,0
4,chain_2svc,189,73.76439899996967,69.28624599993327,4.4781530000364,1003520,1,39.64985799996157,0.24991400005092146,0.04870299994763627,31.75600800000211,602112,29.636387999971703,0.14890800002831384,0.024201000087487046,0.0,401408,0.0,0.0,0.0,0.0,0,0.0,0.0,0.0,0.0,0,0.0,0.0,0.0,0.0,0
4,chain_2svc,190,71.9542960000581,67.47844200003783,4.475854000020263,1003520,1,37.51533600006951,0.19541099993602984,0.04580199993142742,32.05942500005676,602112,29.96310599996832,0.1503080000020418,0.024601000063739775,0.0,401408,0.0,0.0,0.0,0.0,0,0.0,0.0,0.0,0.0,0,0.0,0.0,0.0,0.0,0
4,chain_2svc,191,73.04265900006612,68.67101000000275,4.371649000063371,1003520,1,38.00836400000662,0.20711199999823293,0.04820300000574207,32.688560999986294,602112,30.66264599999613,0.1477079999858688,0.02570100002685649,0.0,401408,0.0,0.0,0.0,0.0,0,0.0,0.0,0.0,0.0,0,0.0,0.0,0.0,0.0,0
4,chain_2svc,192,74.32893100008187,69.95628399999987,4.372647000081997,1003520,1,39.13922899994304,0.2046109999582768,0.04530200010322005,32.877272000064295,602112,30.817055000056826,0.17190999994909362,0.024101000008158735,0.0,401408,0.0,0.0,0.0,0.0,0,0.0,0.0,0.0,0.0,0,0.0,0.0,0.0,0.0,0
4,chain_2svc,193,72.12420600001224,67.80625999999756,4.317946000014672,1003520,1,37.72094700002526,0.1996119999603252,0.050203000000692555,32.02512400002888,602112,30.085312999972302,0.1446080000278016,0.02480199998444732,0.0,401408,0.0,0.0,0.0,0.0,0,0.0,0.0,0.0,0.0,0,0.0,0.0,0.0,0.0,0
4,chain_2svc,194,71.36776300001202,66.98761300015121,4.380149999860805,1003520,1,37.34742600011032,0.20191199996588693,0.041801999941526446,31.682703999990736,602112,29.640187000040896,0.1536089999945034,0.025901999947564036,0.0,401408,0.0,0.0,0.0,0.0,0,0.0,0.0,0.0,0.0,0,0.0,0.0,0.0,0.0,0
4,chain_2svc,195,72.16840900002808,67.85626299995329,4.31214600007479,1003520,1,37.311123999984375,0.20391199996083742,0.04830299997138354,32.43864699993537,602112,30.545138999968913,0.14820900003087445,0.02390099996318895,0.0,401408,0.0,0.0,0.0,0.0,0,0.0,0.0,0.0,0.0,0,0.0,0.0,0.0,0.0,0
4,chain_2svc,196,72.63783600001261,67.99227099998006,4.645565000032548,1003520,1,37.901958000020386,0.20311200000833196,0.048402999937025015,32.28073800005404,602112,30.09031299995968,0.15320900001825066,0.025601000061215018,0.0,401408,0.0,0.0,0.0,0.0,0,0.0,0.0,0.0,0.0,0,0.0,0.0,0.0,0.0,0
4,chain_2svc,197,71.34281999992709,66.6952650001349,4.647554999792192,1003520,1,37.154216000089946,0.19711099992036907,0.04540199995517469,31.82647400001315,602112,29.54104900004495,0.16030899996621883,0.024900999960664194,0.0,401408,0.0,0.0,0.0,0.0,0,0.0,0.0,0.0,0.0,0,0.0,0.0,0.0,0.0,0
4,chain_2svc,198,72.00831199997992,67.69999599998755,4.308315999992374,1003520,1,37.569885000038994,0.21041000002242072,0.04790200000570621,32.087209999986044,602112,30.130110999948556,0.1510079999889058,0.02650099997936195,0.0,401408,0.0,0.0,0.0,0.0,0,0.0,0.0,0.0,0.0,0,0.0,0.0,0.0,0.0,0
4,chain_2svc,199,71.75999999992655,66.67154500007655,5.088454999850001,1003520,1,37.38497599999846,0.1867089999905147,0.04820200001631747,32.23151700001381,602112,29.28656900007809,0.156007999976282,0.02480199998444732,0.0,401408,0.0,0.0,0.0,0.0,0,0.0,0.0,0.0,0.0,0,0.0,0.0,0.0,0.0,0
4,chain_2svc,200,73.4387830000287,69.09496699995543,4.343816000073275,1003520,1,37.0064569999613,0.20111000003453228,0.04240199996274896,34.09470999997666,602112,32.08850999999413,0.1495069999464249,0.025001000039992505,0.0,401408,0.0,0.0,0.0,0.0,0,0.0,0.0,0.0,0.0,0,0.0,0.0,0.0,0.0,0
5,chain_2svc,1,75.91673199999605,71.56149999991612,4.355232000079923,1003520,1,38.62895099996422,0.26191400002062437,0.05090299998755654,34.887652999941565,602112,32.932548999951905,0.15060800001265306,0.025901000071826275,0.0,401408,0.0,0.0,0.0,0.0,0,0.0,0.0,0.0,0.0,0,0.0,0.0,0.0,0.0,0
5,chain_2svc,2,73.52020399991943,69.35958400003983,4.1606199998796,1003520,1,37.3509839999997,0.19951000001583452,0.04950200002440397,33.970705000001544,602112,32.00860000004013,0.14600800000152958,0.024900999960664194,0.0,401408,0.0,0.0,0.0,0.0,0,0.0,0.0,0.0,0.0,0,0.0,0.0,0.0,0.0,0
5,chain_2svc,3,72.46284900008959,68.08611600001768,4.3767330000719085,1003520,1,37.41868700001305,0.19851100000778388,0.04510199994456343,32.75554000003922,602112,30.66742900000463,0.1562080000212518,0.025800999992497964,0.0,401408,0.0,0.0,0.0,0.0,0,0.0,0.0,0.0,0.0,0,0.0,0.0,0.0,0.0,0
5,chain_2svc,4,72.24563699992359,67.71429599996281,4.531340999960776,1003520,1,37.30018099997778,0.21321099995930126,0.04190200002085476,32.36341900003481,602112,30.41411499998503,0.1568090000318989,0.025900999958139437,0.0,401408,0.0,0.0,0.0,0.0,0,0.0,0.0,0.0,0.0,0,0.0,0.0,0.0,0.0,0
5,chain_2svc,5,72.46314799999709,68.42483299999458,4.0383150000025125,1003520,1,37.560594000069614,0.20261099996332632,0.04330299998400733,32.74183799999264,602112,30.864238999924964,0.15500799997880677,0.025401000016245234,0.0,401408,0.0,0.0,0.0,0.0,0,0.0,0.0,0.0,0.0,0,0.0,0.0,0.0,0.0,0
5,chain_2svc,6,72.26893800009293,67.8541029999451,4.414835000147832,1003520,1,37.976416999981666,0.20291099997393758,0.046601999997619714,32.0587029999615,602112,29.877685999963433,0.15320900001825066,0.025002000029417104,0.0,401408,0.0,0.0,0.0,0.0,0,0.0,0.0,0.0,0.0,0,0.0,0.0,0.0,0.0,0
5,chain_2svc,7,74.55145899996296,70.17172699988805,4.37973200007491,1003520,1,37.63629899992793,0.20521099997949932,0.04740200006381201,34.569135999959144,602112,32.53542799996012,0.16080800003237528,0.023500999986936222,0.0,401408,0.0,0.0,0.0,0.0,0,0.0,0.0,0.0,0.0,0,0.0,0.0,0.0,0.0,0
5,chain_2svc,8,75.08718700000827,71.02157199994963,4.065615000058642,1003520,1,37.39208599995436,0.20111000003453228,0.050602999976945284,35.50338499996997,602112,33.62948599999527,0.16570900004353462,0.024701000029381248,0.0,401408,0.0,0.0,0.0,0.0,0,0.0,0.0,0.0,0.0,0,0.0,0.0,0.0,0.0,0
5,chain_2svc,9,73.17008600000463,68.73075000009976,4.43933599990487,1003520,1,37.814008000054855,0.20631099994261604,0.05270299993753724,32.938148999960504,602112,30.916742000044906,0.15140799996515852,0.025500999981886707,0.0,401408,0.0,0.0,0.0,0.0,0,0.0,0.0,0.0,0.0,0,0.0,0.0,0.0,0.0,0
5,chain_2svc,10,71.21548200007055,66.9632559998945,4.2522260001760515,1003520,1,37.21927599997343,0.2010110000583154,0.0678039999684188,31.711183999959758,602112,29.743979999921066,0.15510800005813508,0.02440100001876999,0.0,401408,0.0,0.0,0.0,0.0,0,0.0,0.0,0.0,0.0,0,0.0,0.0,0.0,0.0,0
5,chain_2svc,11,72.54325199994582,68.05971499989028,4.483537000055549,1003520,1,37.25077899991902,0.20961100005933986,0.044102000060775026,33.07205599992358,602112,30.808935999971254,0.15300800009754312,0.024701000029381248,0.0,401408,0.0,0.0,0.0,0.0,0,0.0,0.0,0.0,0.0,0,0.0,0.0,0.0,0.0,0
5,chain_2svc,12,71.10147600008077,66.81084800004555,4.290628000035213,1003520,1,37.36268400007248,0.21771199999420787,0.04120199992030393,31.362865999994938,602112,29.448163999973076,0.14620800004649936,0.023101000010683492,0.0,401408,0.0,0.0,0.0,0.0,0,0.0,0.0,0.0,0.0,0,0.0,0.0,0.0,0.0,0
5,chain_2svc,13,78.80148500009909,74.19273999994402,4.608745000155068,1003520,1,38.39463899998918,0.2061110000113331,0.053303000072446594,37.937315000021954,602112,35.79810099995484,0.18150999994759331,0.026902000058726117,0.0,401408,0.0,0.0,0.0,0.0,0,0.0,0.0,0.0,0.0,0,0.0,0.0,0.0,0.0,0
5,chain_2svc,14,75.47140799999852,70.814759999962,4.656648000036512,1003520,1,39.33488899997428,0.20951099998001155,0.05210300003000157,33.57478299994909,602112,31.479870999987725,0.16420899999047833,0.02610199999253382,0.0,401408,0.0,0.0,0.0,0.0,0,0.0,0.0,0.0,0.0,0,0.0,0.0,0.0,0.0,0
5,chain_2svc,15,72.36264300001949,67.69819499993446,4.664448000085031,1003520,1,37.813607999964916,0.20961100005933986,0.05040300004566234,32.066002999954435,602112,29.884586999969542,0.15220800003135082,0.024101000008158735,0.0,401408,0.0,0.0,0.0,0.0,0,0.0,0.0,0.0,0.0,0,0.0,0.0,0.0,0.0,0
5,chain_2svc,16,74.07653399991432,69.74910299993553,4.327430999978787,1003520,1,38.25763099996493,0.20771100003003085,0.072803999955795,33.46597699999165,602112,31.4914719999706,0.15300800009754312,0.025001000039992505,0.0,401408,0.0,0.0,0.0,0.0,0,0.0,0.0,0.0,0.0,0,0.0,0.0,0.0,0.0,0
5,chain_2svc,17,73.56740700004138,69.27317899999252,4.294228000048861,1003520,1,38.17402700008188,0.19510999993599398,0.04750300001887808,33.069455999907404,602112,31.099151999910646,0.15660799999750452,0.024901000074351032,0.0,401408,0.0,0.0,0.0,0.0,0,0.0,0.0,0.0,0.0,0,0.0,0.0,0.0,0.0,0
5,chain_2svc,18,72.73706199998742,68.34382900001401,4.3932329999734065,1003520,1,37.586296000085895,0.2040109999370543,0.04100299997844559,32.78464100003475,602112,30.757532999928117,0.15770900006373267,0.026002000026892347,0.0,401408,0.0,0.0,0.0,0.0,0,0.0,0.0,0.0,0.0,0,0.0,0.0,0.0,0.0,0
5,chain_2svc,19,77.84083399997144,73.21478899996237,4.626045000009071,1003520,1,39.641905999928895,0.20771100003003085,0.05030199997690943,35.838703000081296,602112,33.57288300003347,0.19821099999717262,0.029500999971787678,0.0,401408,0.0,0.0,0.0,0.0,0,0.0,0.0,0.0,0.0,0,0.0,0.0,0.0,0.0,0
5,chain_2svc,20,75.00278399993476,70.55134699987775,4.4514370000570125,1003520,1,38.39243899994926,0.20721100008813664,0.04920300000321731,34.27352000005612,602112,32.15890799992849,0.1498080000601476,0.025102000108745415,0.0,401408,0.0,0.0,0.0,0.0,0,0.0,0.0,0.0,0.0,0,0.0,0.0,0.0,0.0,0
5,chain_2svc,21,75.37760299999263,70.35223699995186,5.025366000040776,1003520,1,38.293134000014106,0.21771199999420787,0.047102000053200754,34.76704599995628,602112,32.05910299993775,0.22831200010386965,0.03050099996926292,0.0,401408,0.0,0.0,0.0,0.0,0,0.0,0.0,0.0,0.0,0,0.0,0.0,0.0,0.0,0
5,chain_2svc,22,74.24474300000838,69.68700100003389,4.557741999974496,1003520,1,38.28813400002673,0.2027109999289678,0.07080299997141992,33.66818799997873,602112,31.398867000007158,0.15190799990705273,0.025202000074386888,0.0,401408,0.0,0.0,0.0,0.0,0,0.0,0.0,0.0,0.0,0,0.0,0.0,0.0,0.0,0
5,chain_2svc,23,73.72741500000757,69.00196399999459,4.725451000012981,1003520,1,37.8391089999468,0.2074110000194196,0.056803000006766524,33.452176000082545,602112,31.162855000047784,0.1549080000131653,0.024200999973800208,0.0,401408,0.0,0.0,0.0,0.0,0,0.0,0.0,0.0,0.0,0,0.0,0.0,0.0,0.0,0
5,chain_2svc,24,74.09813499998563,69.4794890000594,4.61864599992623,1003520,1,38.141825000025165,0.20321099998454883,0.049702999945111515,33.56998300000669,602112,31.337664000034238,0.15130799999951705,0.024601999939477537,0.0,401408,0.0,0.0,0.0,0.0,0,0.0,0.0,0.0,0.0,0,0.0,0.0,0.0,0.0,0
5,chain_2svc,25,72.87937000000966,68.18672099996093,4.692649000048732,1003520,1,37.60709699997733,0.20711100000880833,0.04830300008507038,32.53312799995456,602112,30.579623999983596,0.1549080000131653,0.025500999981886707,0.0,401408,0.0,0.0,0.0,0.0,0,0.0,0.0,0.0,0.0,0,0.0,0.0,0.0,0.0,0
5,chain_2svc,26,71.92171899998812,67.54368800000066,4.378030999987459,1003520,1,37.23327800003062,0.19800999996277824,0.05050200002187921,32.225111999991896,602112,30.310409999970034,0.15250800004196208,0.024600999950052937,0.0,401408,0.0,0.0,0.0,0.0,0,0.0,0.0,0.0,0.0,0,0.0,0.0,0.0,0.0,0
5,chain_2svc,27,71.42219299998942,67.12106500003756,4.301127999951859,1003520,1,37.44468900003994,0.20161099996585108,0.05230299996128451,31.607578000034664,602112,29.676375999997617,0.15220900002077542,0.024601000063739775,0.0,401408,0.0,0.0,0.0,0.0,0,0.0,0.0,0.0,0.0,0,0.0,0.0,0.0,0.0,0
5,chain_2svc,28,72.69956100003583,68.13641899998402,4.563142000051812,1003520,1,37.46738999996069,0.20371100004012987,0.04820200001631747,32.78434100002414,602112,30.66902900002333,0.14540699999088247,0.02440100001876999,0.0,401408,0.0,0.0,0.0,0.0,0,0.0,0.0,0.0,0.0,0,0.0,0.0,0.0,0.0,0
5,chain_2svc,29,73.53170499993666,69.12967100004153,4.4020339998951385,1003520,1,37.48089000009713,0.19340999995165475,0.05200299995067326,33.635786999980155,602112,31.648780999944393,0.15430799999194278,0.025601000061215018,0.0,401408,0.0,0.0,0.0,0.0,0,0.0,0.0,0.0,0.0,0,0.0,0.0,0.0,0.0,0
5,chain_2svc,30,72.99297600002319,68.5958420000361,4.397133999987091,1003520,1,37.23577700009173,0.19551100001535815,0.04630299997643306,33.384172999944894,602112,31.36006499994437,0.1467080001020804,0.024602000053164375,0.0,401408,0.0,0.0,0.0,0.0,0,0.0,0.0,0.0,0.0,0,0.0,0.0,0.0,0.0,0
5,chain_2svc,31,72.23283600001196,67.44348099994113,4.789355000070827,1003520,1,37.19827499992334,0.1989109999840366,0.04080300004716264,32.36591799998223,602112,30.245206000017788,0.15370799997072027,0.024901999950088793,0.0,401408,0.0,0.0,0.0,0.0,0,0.0,0.0,0.0,0.0,0,0.0,0.0,0.0,0.0,0
5,chain_2svc,32,73.47120099996118,68.9763639999228,4.4948370000383875,1003520,1,39.11487799996394,0.31001599995761353,0.0460019999763972,31.74908599999071,602112,29.86148599995886,0.15590800001064054,0.023301000055653276,0.0,401408,0.0,0.0,0.0,0.0,0,0.0,0.0,0.0,0.0,0,0.0,0.0,0.0,0.0,0
5,chain_2svc,33,73.16908600000716,68.47043699985988,4.69864900014727,1003520,1,37.52529299993057,0.21221100007551286,0.047103000042625354,33.125659000006635,602112,30.945143999929314,0.1550080000924936,0.02380099999754748,0.0,401408,0.0,0.0,0.0,0.0,0,0.0,0.0,0.0,0.0,0,0.0,0.0,0.0,0.0,0
5,chain_2svc,34,71.95852199993169,67.6924939999708,4.266027999960897,1003520,1,37.22287599998708,0.18651000004865637,0.06590399993910978,32.5332279999202,602112,30.46961799998371,0.15140800007884536,0.04150200004460203,0.0,401408,0.0,0.0,0.0,0.0,0,0.0,0.0,0.0,0.0,0,0.0,0.0,0.0,0.0,0
5,chain_2svc,35,73.02607900010116,68.67644700002984,4.349632000071324,1003520,1,37.07926900005987,0.22031199989669403,0.04720300000826683,33.57808300006582,602112,31.597177999969972,0.14760800002022734,0.026001000037467747,0.0,401408,0.0,0.0,0.0,0.0,0,0.0,0.0,0.0,0.0,0,0.0,0.0,0.0,0.0,0
5,chain_2svc,36,73.12428300008378,68.52103799985798,4.603245000225797,1003520,1,38.383637999913844,0.22061200002099213,0.04870300006132311,32.25551299999552,602112,30.137399999944137,0.15300799998385628,0.025002000029417104,0.0,401408,0.0,0.0,0.0,0.0,0,0.0,0.0,0.0,0.0,0,0.0,0.0,0.0,0.0,0
5,chain_2svc,37,73.69141300000592,69.2600790000597,4.431333999946219,1003520,1,37.10907100003169,0.19560999999157502,0.051103000032526325,34.20661600000585,602112,32.151008000028014,0.16030799997679424,0.025500999981886707,0.0,401408,0.0,0.0,0.0,0.0,0,0.0,0.0,0.0,0.0,0,0.0,0.0,0.0,0.0,0
5,chain_2svc,38,72.25433700000394,67.73329800000738,4.521038999996563,1003520,1,36.84325699998681,0.20121099998959835,0.04940199994507566,32.95665099994949,602112,30.890041000020574,0.16440799993233668,0.025001000039992505,0.0,401408,0.0,0.0,0.0,0.0,0,0.0,0.0,0.0,0.0,0,0.0,0.0,0.0,0.0,0
5,chain_2svc,39,72.09512899999027,67.74769900016508,4.347429999825181,1003520,1,38.080223000065416,0.19980999991275894,0.046202000021366985,31.624379999925623,602112,29.66747600009967,0.1549080000131653,0.024900999960664194,0.0,401408,0.0,0.0,0.0,0.0,0,0.0,0.0,0.0,0.0,0,0.0,0.0,0.0,0.0,0
5,chain_2svc,40,73.46820100008244,69.1391709999607,4.329030000121747,1003520,1,37.00126499995804,0.19560999999157502,0.04560299998956907,34.0929110000161,602112,32.13790600000266,0.15000799999143055,0.02390200006630039,0.0,401408,0.0,0.0,0.0,0.0,0,0.0,0.0,0.0,0.0,0,0.0,0.0,0.0,0.0,0
5,chain_2svc,41,72.51885100004074,67.95150899995406,4.567342000086683,1003520,1,38.30903400000807,0.21211099999618455,0.04640299994207453,31.761986999981673,602112,29.64247499994599,0.1537080000844071,0.02440100001876999,0.0,401408,0.0,0.0,0.0,0.0,0,0.0,0.0,0.0,0.0,0,0.0,0.0,0.0,0.0,0
5,chain_2svc,42,71.4792960000068,66.9845569999552,4.494739000051595,1003520,1,37.283880000018144,0.1921100000572551,0.04290199990464316,31.875292999984595,602112,29.70067699993706,0.15130799999951705,0.023301000055653276,0.0,401408,0.0,0.0,0.0,0.0,0,0.0,0.0,0.0,0.0,0,0.0,0.0,0.0,0.0,0
5,chain_2svc,43,71.70280699995146,67.33537600007367,4.367430999877797,1003520,1,37.1407720000434,0.19221000002289657,0.04410299993651279,32.21221000001151,602112,30.194604000030267,0.14990800002578908,0.025900999958139437,0.0,401408,0.0,0.0,0.0,0.0,0,0.0,0.0,0.0,0.0,0,0.0,0.0,0.0,0.0,0
5,chain_2svc,44,74.27934399993319,69.971215999999,4.308127999934186,1003520,1,37.96421700008068,0.19580999992285797,0.048902000003181456,34.002805999989505,602112,32.00699899991832,0.14800799999648007,0.023302000045077875,0.0,401408,0.0,0.0,0.0,0.0,0,0.0,0.0,0.0,0.0,0,0.0,0.0,0.0,0.0,0
5,chain_2svc,45,71.61770300001535,67.2729730000583,4.344729999957053,1003520,1,37.10967100005291,0.18521000004056987,0.04550199992081616,32.27441399997133,602112,30.163302000005388,0.1477079999858688,0.02610100000310922,0.0,401408,0.0,0.0,0.0,0.0,0,0.0,0.0,0.0,0.0,0,0.0,0.0,0.0,0.0,0
5,chain_2svc,46,72.55515299993931,67.89840600004027,4.656746999899042,1003520,1,37.165474000062204,0.19380999992790748,0.046202000021366985,32.80304200006867,602112,30.732931999978064,0.154107999946973,0.02530100005060376,0.0,401408,0.0,0.0,0.0,0.0,0,0.0,0.0,0.0,0.0,0,0.0,0.0,0.0,0.0,0
5,chain_2svc,47,77.18319899993276,72.62615600006939,4.55704299986337,1003520,1,40.66305900005318,0.2214119999734976,0.04430199999205797,34.12041199999294,602112,31.963097000016205,0.17931000002135988,0.024501999973836064,0.0,401408,0.0,0.0,0.0,0.0,0,0.0,0.0,0.0,0.0,0,0.0,0.0,0.0,0.0,0
5,chain_2svc,48,72.2874389999788,67.97160999997232,4.315829000006488,1003520,1,37.01546599995709,0.20641100002194435,0.05090199999813194,32.97165099991162,602112,30.95614400001523,0.15740799995000998,0.023701000031906005,0.0,401408,0.0,0.0,0.0,0.0,0,0.0,0.0,0.0,0.0,0,0.0,0.0,0.0,0.0,0
5,chain_2svc,49,71.88711700007389,67.85140399995271,4.035713000121177,1003520,1,37.91261399999257,0.1983099999733895,0.046202000021366985,31.784888000061073,602112,29.938789999960136,0.15450800003691256,0.024501999973836064,0.0,401408,0.0,0.0,0.0,0.0,0,0.0,0.0,0.0,0.0,0,0.0,0.0,0.0,0.0,0
5,chain_2svc,50,72.23843700000998,67.88250500005688,4.3559319999531,1003520,1,37.64119900006335,0.19530999998096377,0.040302000002157,32.09720500001367,602112,30.24130599999353,0.14600800000152958,0.025900999958139437,0.0,401408,0.0,0.0,0.0,0.0,0,0.0,0.0,0.0,0.0,0,0.0,0.0,0.0,0.0,0
5,chain_2svc,51,71.9615220000378,67.72859700004119,4.232924999996612,1003520,1,36.88485899999705,0.19840999993903097,0.048902999992606055,32.775939999964976,602112,30.84373800004414,0.1458079999565598,0.02430099993944168,0.0,401408,0.0,0.0,0.0,0.0,0,0.0,0.0,0.0,0.0,0,0.0,0.0,0.0,0.0,0
5,chain_2svc,52,70.27263200006928,66.09921100005067,4.173421000018607,1003520,1,36.69214900003226,0.19210999994356825,0.05310300002747681,31.32496299997456,602112,29.407062000018414,0.14370799999596784,0.026001000037467747,0.0,401408,0.0,0.0,0.0,0.0,0,0.0,0.0,0.0,0.0,0,0.0,0.0,0.0,0.0,0
5,chain_2svc,53,72.3783439999579,68.2050220000292,4.173321999928703,1003520,1,37.60339699999804,0.19721099999969738,0.043501999925865675,32.70213700000113,602112,30.601625000031163,0.153407999960109,0.024600999950052937,0.0,401408,0.0,0.0,0.0,0.0,0,0.0,0.0,0.0,0.0,0,0.0,0.0,0.0,0.0,0
5,chain_2svc,54,71.59010199995919,67.30447399991135,4.285628000047836,1003520,1,37.498391999974956,0.19421000001784705,0.0473019999844837,31.915394999941782,602112,29.806081999936396,0.15070800009198138,0.026402000003145076,0.0,401408,0.0,0.0,0.0,0.0,0,0.0,0.0,0.0,0.0,0,0.0,0.0,0.0,0.0,0
5,chain_2svc,55,71.5215980000039,67.23647000001165,4.285127999992255,1003520,1,37.93021400008456,0.20291099997393758,0.0486029999819948,31.350964999887765,602112,29.30625599992709,0.14780800006519712,0.02480099999502272,0.0,401408,0.0,0.0,0.0,0.0,0,0.0,0.0,0.0,0.0,0,0.0,0.0,0.0,0.0,0
5,chain_2svc,56,72.96877500004939,68.79565300005197,4.17312199999742,1003520,1,37.77810600001885,0.19501100007346395,0.05000299995572277,33.00855300005878,602112,31.01754700003312,0.15220800003135082,0.025002000029417104,0.0,401408,0.0,0.0,0.0,0.0,0,0.0,0.0,0.0,0.0,0,0.0,0.0,0.0,0.0,0
5,chain_2svc,57,74.2118409999648,69.96451600002729,4.247324999937518,1003520,1,37.58999700005461,0.19540999994660524,0.04430199999205797,34.31682199993702,602112,32.37451899997268,0.1524080000763206,0.02440200000819459,0.0,401408,0.0,0.0,0.0,0.0,0,0.0,0.0,0.0,0.0,0,0.0,0.0,0.0,0.0,0
5,chain_2svc,58,73.33969399996931,69.06846799995492,4.271226000014394,1003520,1,38.12902499998927,0.1971100000446313,0.04950300001382857,32.92244800002209,602112,30.93944299996565,0.14820800004144985,0.024600999950052937,0.0,401408,0.0,0.0,0.0,0.0,0,0.0,0.0,0.0,0.0,0,0.0,0.0,0.0,0.0,0
5,chain_2svc,59,74.10893599990231,69.78280599992104,4.326129999981276,1003520,1,38.90716599994448,0.19051000003855734,0.048002999960772286,32.93514899996808,602112,30.875639999976556,0.15660799999750452,0.02440100001876999,0.0,401408,0.0,0.0,0.0,0.0,0,0.0,0.0,0.0,0.0,0,0.0,0.0,0.0,0.0,0
5,chain_2svc,60,72.88717099993391,68.11871700006122,4.7684539998726905,1003520,1,37.46238899998389,0.19491000000471104,0.050303000080020865,32.970251000051576,602112,30.656328000077337,0.15590800001064054,0.025700999913169653,0.0,401408,0.0,0.0,0.0,0.0,0,0.0,0.0,0.0,0.0,0,0.0,0.0,0.0,0.0,0
5,chain_2svc,61,73.39889799993671,69.21047599985286,4.188422000083847,1003520,1,37.11367099992913,0.19051000003855734,0.04970300005879835,34.09060999990743,602112,32.096804999923734,0.15580800004499906,0.025501000095573545,0.0,401408,0.0,0.0,0.0,0.0,0,0.0,0.0,0.0,0.0,0,0.0,0.0,0.0,0.0,0
5,chain_2svc,62,72.53195200007667,68.25402499998745,4.277927000089221,1003520,1,37.666801000000305,0.19430999998348852,0.04140199996527372,32.599630999925466,602112,30.587223999987145,0.1594090000480719,0.026801999979397806,0.0,401408,0.0,0.0,0.0,0.0,0,0.0,0.0,0.0,0.0,0,0.0,0.0,0.0,0.0,0
5,chain_2svc,63,74.37625000000025,70.04631999996036,4.329930000039894,1003520,1,39.448494999987815,0.2054110000244691,0.04080200005773804,32.56142999998701,602112,30.597824999972545,0.15690800000811578,0.02440100001876999,0.0,401408,0.0,0.0,0.0,0.0,0,0.0,0.0,0.0,0.0,0,0.0,0.0,0.0,0.0,0
5,chain_2svc,64,73.01217799999904,68.7047490000623,4.3074289999367465,1003520,1,38.354537000031996,0.2257119999740098,0.0468020000425895,32.35541899994132,602112,30.350212000030297,0.15920800001367752,0.02470099991569441,0.0,401408,0.0,0.0,0.0,0.0,0,0.0,0.0,0.0,0.0,0,0.0,0.0,0.0,0.0,0
5,chain_2svc,65,75.26959799997712,70.4919439999685,4.777654000008624,1003520,1,37.668401000019,0.21071100002245657,0.046202000021366985,35.14906600003087,602112,32.823542999949495,0.17380899998897803,0.025502000084998144,0.0,401408,0.0,0.0,0.0,0.0,0,0.0,0.0,0.0,0.0,0,0.0,0.0,0.0,0.0,0
5,chain_2svc,66,74.72936900001059,70.3433359999508,4.386033000059797,1003520,1,38.12842499996805,0.19741100004466716,0.069203000066409,34.24671900006615,602112,32.21491099998275,0.17240900001525006,0.02520100008496229,0.0,401408,0.0,0.0,0.0,0.0,0,0.0,0.0,0.0,0.0,0,0.0,0.0,0.0,0.0,0
5,chain_2svc,67,74.77597199999764,70.50704499999938,4.268926999998257,1003520,1,38.4842439999602,0.1924099999541795,0.04880300002696458,34.105411000041386,602112,32.02280100003918,0.156707999963146,0.024200999973800208,0.0,401408,0.0,0.0,0.0,0.0,0,0.0,0.0,0.0,0.0,0,0.0,0.0,0.0,0.0,0
5,chain_2svc,68,71.85541600006218,67.71919600009824,4.1362199999639415,1003520,1,38.25963200006299,0.2054110000244691,0.040401999967798474,31.3691659999904,602112,29.459564000035243,0.15370899996014487,0.024200999973800208,0.0,401408,0.0,0.0,0.0,0.0,0,0.0,0.0,0.0,0.0,0,0.0,0.0,0.0,0.0,0
5,chain_2svc,69,73.24198900005285,68.75615300009486,4.485835999957999,1003520,1,38.022520000026816,0.2040099999476297,0.048102000050676,32.904647999998815,602112,30.73363300006804,0.1528079999388865,0.02520099997127545,0.0,401408,0.0,0.0,0.0,0.0,0,0.0,0.0,0.0,0.0,0,0.0,0.0,0.0,0.0,0
5,chain_2svc,70,71.5792019999526,67.19436799994583,4.3848340000067765,1003520,1,37.4586890000046,0.2002109999921231,0.045502000034503,31.8226900000127,602112,29.73567899994123,0.1477079999858688,0.024201000087487046,0.0,401408,0.0,0.0,0.0,0.0,0,0.0,0.0,0.0,0.0,0,0.0,0.0,0.0,0.0,0
5,chain_2svc,71,78.32305900001302,73.76231600005667,4.5607429999563465,1003520,1,41.89052399999582,0.20561099995575205,0.059503999978005595,33.96350399998482,602112,31.87179200006085,0.1702089999753298,0.026201999958175293,0.0,401408,0.0,0.0,0.0,0.0,0,0.0,0.0,0.0,0.0,0,0.0,0.0,0.0,0.0,0
5,chain_2svc,72,71.68160600008378,67.20586900007675,4.47573700000703,1003520,1,37.5107920000346,0.2059109999663633,0.04620199990768015,31.863492000070437,602112,29.695077000042147,0.14650799994342378,0.024701000029381248,0.0,401408,0.0,0.0,0.0,0.0,0,0.0,0.0,0.0,0.0,0,0.0,0.0,0.0,0.0,0
5,chain_2svc,73,73.49010300004011,69.09977000009349,4.390332999946622,1003520,1,37.96101600005386,0.20681099999819708,0.05220299999564304,33.18936300001951,602112,31.138754000039626,0.15220800003135082,0.024701000029381248,0.0,401408,0.0,0.0,0.0,0.0,0,0.0,0.0,0.0,0.0,0,0.0,0.0,0.0,0.0,0
5,chain_2svc,74,76.61046900000201,72.29303900010109,4.317429999900924,1003520,1,40.29924000008123,0.23061199999574455,0.04740299993954977,33.93980199996349,602112,31.993799000019862,0.15070799997829454,0.02430099993944168,0.0,401408,0.0,0.0,0.0,0.0,0,0.0,0.0,0.0,0.0,0,0.0,0.0,0.0,0.0,0
5,chain_2svc,75,72.27543800001968,67.7842000001192,4.491237999900477,1003520,1,37.35518400003457,0.19380999992790748,0.04330199999458273,32.63143300000593,602112,30.42901600008463,0.1554079999550595,0.025501999971311307,0.0,401408,0.0,0.0,0.0,0.0,0,0.0,0.0,0.0,0.0,0,0.0,0.0,0.0,0.0,0
5,chain_2svc,76,72.50005000003057,67.82340099994144,4.676649000089128,1003520,1,37.43838799994137,0.19951100000525912,0.051503000008779054,32.81274300002224,602112,30.38501300000007,0.15480900003694842,0.02250199997888558,0.0,401408,0.0,0.0,0.0,0.0,0,0.0,0.0,0.0,0.0,0,0.0,0.0,0.0,0.0,0
5,chain_2svc,77,73.02047799998945,68.64664500005802,4.373832999931437,1003520,1,37.55199400006859,0.20371099992644304,0.051902999985031784,33.021254000004774,602112,31.094650999989426,0.15100800010259263,0.024000999928830424,0.0,401408,0.0,0.0,0.0,0.0,0,0.0,0.0,0.0,0.0,0,0.0,0.0,0.0,0.0,0
5,chain_2svc,78,73.29279200007477,68.28732600001786,5.005466000056913,1003520,1,37.400786000034714,0.2022109999870736,0.04950200002440397,33.16146099996331,602112,30.886539999983142,0.14060800003790064,0.02440100001876999,0.0,401408,0.0,0.0,0.0,0.0,0,0.0,0.0,0.0,0.0,0,0.0,0.0,0.0,0.0,0
5,chain_2svc,79,72.61505599990414,68.07371499996862,4.541340999935528,1003520,1,38.1839269999773,0.1893099999961123,0.052003000064360094,31.980499000042073,602112,29.889787999991313,0.15740800006369682,0.02570100002685649,0.0,401408,0.0,0.0,0.0,0.0,0,0.0,0.0,0.0,0.0,0,0.0,0.0,0.0,0.0,0
5,chain_2svc,80,70.94636800002263,66.5279320000991,4.418435999923531,1003520,1,37.319881000030364,0.19221100001232116,0.0442030000158411,31.407267999952637,602112,29.208051000068735,0.150807999943936,0.024601999939477537,0.0,401408,0.0,0.0,0.0,0.0,0,0.0,0.0,0.0,0.0,0,0.0,0.0,0.0,0.0,0
5,chain_2svc,81,71.89511800004311,67.69019399996523,4.204924000077881,1003520,1,37.465788999952565,0.20891100007247587,0.050703000056273595,32.14450699999816,602112,30.224405000012666,0.15270799997324502,0.02480099999502272,0.0,401408,0.0,0.0,0.0,0.0,0,0.0,0.0,0.0,0.0,0,0.0,0.0,0.0,0.0,0
5,chain_2svc,82,73.03827900000215,68.60514299989973,4.433136000102422,1003520,1,38.8734639999484,0.20201100005579065,0.04720300000826683,31.84569100005774,602112,29.731678999951328,0.15780900002937415,0.025001000039992505,0.0,401408,0.0,0.0,0.0,0.0,0,0.0,0.0,0.0,0.0,0,0.0,0.0,0.0,0.0,0
5,chain_2svc,83,71.55650000004243,67.14106499998707,4.415435000055368,1003520,1,37.33848299998499,0.1978100000314953,0.04690299999765557,32.00460000005023,602112,29.802582000002076,0.1542090000157259,0.024501999973836064,0.0,401408,0.0,0.0,0.0,0.0,0,0.0,0.0,0.0,0.0,0,0.0,0.0,0.0,0.0,0
5,chain_2svc,84,71.6864070000156,67.2072700000399,4.479136999975708,1003520,1,37.28008000007321,0.19021000002794608,0.03940199997032323,32.13340700006029,602112,29.927189999966686,0.1568080000424743,0.02870100001928222,0.0,401408,0.0,0.0,0.0,0.0,0,0.0,0.0,0.0,0.0,0,0.0,0.0,0.0,0.0,0
5,chain_2svc,85,72.67896000007568,68.73404999998911,3.9449100000865656,1003520,1,37.06076799994662,0.19021000002794608,0.04630199998700846,33.46687700002349,602112,31.67328200004249,0.1536080000050788,0.024500999984411465,0.0,401408,0.0,0.0,0.0,0.0,0,0.0,0.0,0.0,0.0,0,0.0,0.0,0.0,0.0,0
5,chain_2svc,86,75.82042699993963,71.56870099993284,4.251726000006784,1003520,1,40.68016099995475,0.18961000000672357,0.04630199998700846,32.834844000035446,602112,30.888539999978093,0.17241000000467466,0.02520099997127545,0.0,401408,0.0,0.0,0.0,0.0,0,0.0,0.0,0.0,0.0,0,0.0,0.0,0.0,0.0,0
5,chain_2svc,87,72.97087599999941,68.64874499990492,4.322131000094487,1003520,1,37.67479999999068,0.1926109999885739,0.047102999928938516,32.8166430000465,602112,30.973944999914238,0.14950800004953635,0.026301000048079004,0.0,401408,0.0,0.0,0.0,0.0,0,0.0,0.0,0.0,0.0,0,0.0,0.0,0.0,0.0,0
5,chain_2svc,88,74.16843900000458,69.87691200004065,4.291526999963935,1003520,1,39.149780000002465,0.2023100000769773,0.04100199998902099,32.704636999937975,602112,30.727132000038182,0.15500799997880677,0.023601999942002294,0.0,401408,0.0,0.0,0.0,0.0,0,0.0,0.0,0.0,0.0,0,0.0,0.0,0.0,0.0,0
5,chain_2svc,89,70.75285700000222,66.59883800011812,4.1540189998841015,1003520,1,37.17307500005518,0.20440999992388242,0.04820200001631747,31.29916199998206,602112,29.425763000062943,0.15170799997576978,0.02390099996318895,0.0,401408,0.0,0.0,0.0,0.0,0,0.0,0.0,0.0,0.0,0,0.0,0.0,0.0,0.0,0
5,chain_2svc,90,71.41049199992722,67.13516499996786,4.275326999959361,1003520,1,37.35638399996333,0.2067110000325556,0.048902000003181456,31.723684999974466,602112,29.77878100000453,0.14500800000405434,0.023801999986972078,0.0,401408,0.0,0.0,0.0,0.0,0,0.0,0.0,0.0,0.0,0,0.0,0.0,0.0,0.0,0
5,chain_2svc,91,73.33419399992636,69.08746999999948,4.246723999926871,1003520,1,37.82380899997406,0.18650999993496953,0.04820200001631747,33.232963999921594,602112,31.263661000025422,0.15350799992575048,0.022600999955102452,0.0,401408,0.0,0.0,0.0,0.0,0,0.0,0.0,0.0,0.0,0,0.0,0.0,0.0,0.0,0
5,chain_2svc,92,72.05198500003007,67.75004899986925,4.301936000160822,1003520,1,38.3456039999146,0.21281099998304853,0.05060300009063212,31.385555999918324,602112,29.40444499995465,0.14740799997525755,0.02390100007687579,0.0,401408,0.0,0.0,0.0,0.0,0,0.0,0.0,0.0,0.0,0,0.0,0.0,0.0,0.0,0
5,chain_2svc,93,70.71705600003497,66.66242900007546,4.05462699995951,1003520,1,37.34088900000643,0.19401099996230187,0.05070299994258676,31.189844999971683,602112,29.321540000069035,0.14720799993028777,0.02310200000010809,0.0,401408,0.0,0.0,0.0,0.0,0,0.0,0.0,0.0,0.0,0,0.0,0.0,0.0,0.0,0
5,chain_2svc,94,71.28498700001273,67.05665200001931,4.228334999993422,1003520,1,37.34839000003376,0.18990999990364799,0.0468020000425895,31.598568000049454,602112,29.708261999985552,0.14650799994342378,0.02170100003695552,0.0,401408,0.0,0.0,0.0,0.0,0,0.0,0.0,0.0,0.0,0,0.0,0.0,0.0,0.0,0
5,chain_2svc,95,71.6679079999949,67.31726600003185,4.350641999963045,1003520,1,37.283086000002186,0.1918109999223816,0.04760199999509496,32.110696000017924,602112,30.034180000029664,0.14550799994594854,0.02520199996070005,0.0,401408,0.0,0.0,0.0,0.0,0,0.0,0.0,0.0,0.0,0,0.0,0.0,0.0,0.0,0
5,chain_2svc,96,73.2689980000032,68.52133300003516,4.747664999968038,1003520,1,37.8979199999776,0.19681100002344465,0.048002999960772286,33.116952999989735,602112,30.623413000057553,0.15420899990203907,0.024200999973800208,0.0,401408,0.0,0.0,0.0,0.0,0,0.0,0.0,0.0,0.0,0,0.0,0.0,0.0,0.0,0
5,chain_2svc,97,70.91096600004221,66.68032900006438,4.230636999977833,1003520,1,37.72691000006034,0.17950999995264283,0.051902999985031784,31.13454100002855,602112,28.953419000004033,0.15170899996519438,0.023402000010719348,0.0,401408,0.0,0.0,0.0,0.0,0,0.0,0.0,0.0,0.0,0,0.0,0.0,0.0,0.0,0
5,chain_2svc,98,76.05135400001473,71.3169900000139,4.734364000000824,1003520,1,38.041028000066035,0.20411099990269577,0.05080300002191507,35.412680000035834,602112,33.27596199994787,0.14840800008641963,0.025601000061215018,0.0,401408,0.0,0.0,0.0,0.0,0,0.0,0.0,0.0,0.0,0,0.0,0.0,0.0,0.0,0
5,chain_2svc,99,72.56975899997542,68.01940600007583,4.550352999899587,1003520,1,37.60010400003466,0.2100110000355926,0.05140299992945074,32.57782200000747,602112,30.41930200004117,0.1406079999242138,0.025601000061215018,0.0,401408,0.0,0.0,0.0,0.0,0,0.0,0.0,0.0,0.0,0,0.0,0.0,0.0,0.0,0
5,chain_2svc,100,76.6016849999005,72.11553399997683,4.486150999923666,1003520,1,41.75613600000361,0.1965110000128334,0.04300199998397147,32.30540700008078,602112,30.359397999973226,0.15340800007379585,0.025801999981922563,0.0,401408,0.0,0.0,0.0,0.0,0,0.0,0.0,0.0,0.0,0,0.0,0.0,0.0,0.0,0
5,chain_2svc,101,71.24178499998379,66.75543500000458,4.486349999979211,1003520,1,36.946866999983285,0.2213120000078561,0.046101999942038674,31.81198000004315,602112,29.808568000021296,0.14930800000456657,0.024200999973800208,0.0,401408,0.0,0.0,0.0,0.0,0,0.0,0.0,0.0,0.0,0,0.0,0.0,0.0,0.0,0
5,chain_2svc,102,73.46050899991496,69.27427500011163,4.186233999803335,1003520,1,37.5968030000422,0.2118119999749979,0.046601999997619714,33.55487700002868,602112,31.67747200006943,0.14590799992220127,0.024501999973836064,0.0,401408,0.0,0.0,0.0,0.0,0,0.0,0.0,0.0,0.0,0,0.0,0.0,0.0,0.0,0
5,chain_2svc,103,74.02774100000897,69.88110899999356,4.1466320000154155,1003520,1,39.05718500004696,0.1965110000128334,0.04190199990716792,32.725130999892826,602112,30.8239239999466,0.1523089999864169,0.027302000034978846,0.0,401408,0.0,0.0,0.0,0.0,0,0.0,0.0,0.0,0.0,0,0.0,0.0,0.0,0.0,0
5,chain_2svc,104,74.09854499996982,69.42418400012684,4.674360999842975,1003520,1,37.634705000073154,0.20031099995776458,0.047602999984519556,34.14470999996411,602112,31.78947900005369,0.17190899995966902,0.02430099993944168,0.0,401408,0.0,0.0,0.0,0.0,0,0.0,0.0,0.0,0.0,0,0.0,0.0,0.0,0.0,0
5,chain_2svc,105,73.3936059999678,69.09366500008218,4.299940999885621,1003520,1,37.26638500006629,0.22391199991034227,0.04690200000823097,33.798690000026,602112,31.82728000001589,0.14730800000961608,0.02440200000819459,0.0,401408,0.0,0.0,0.0,0.0,0,0.0,0.0,0.0,0.0,0,0.0,0.0,0.0,0.0,0
5,chain_2svc,106,71.52229999996962,67.28316300007009,4.239136999899529,1003520,1,37.187379999977566,0.2033109999501903,0.047602999984519556,32.09059499999967,602112,30.095783000092524,0.1554089999444841,0.024401999894507753,0.0,401408,0.0,0.0,0.0,0.0,0,0.0,0.0,0.0,0.0,0,0.0,0.0,0.0,0.0,0
5,chain_2svc,107,73.77162600005249,69.63499500011494,4.136630999937552,1003520,1,38.81437100005769,0.18881099992995587,0.04240199996274896,32.74713200005408,602112,30.82062400005725,0.15140899995458312,0.02520099997127545,0.0,401408,0.0,0.0,0.0,0.0,0,0.0,0.0,0.0,0.0,0,0.0,0.0,0.0,0.0,0
5,chain_2svc,108,70.59614899992539,66.3337110000839,4.262437999841495,1003520,1,37.21208199999637,0.20001099994715332,0.048902000003181456,31.102039999950648,602112,29.121629000087523,0.1502079999227135,0.024500999984411465,0.0,401408,0.0,0.0,0.0,0.0,0,0.0,0.0,0.0,0.0,0,0.0,0.0,0.0,0.0,0
5,chain_2svc,109,75.49962299992785,71.42669600011686,4.0729269998109885,1003520,1,40.070942000056675,0.18580999994810554,0.048001999971347686,33.30776299992522,602112,31.355754000060188,0.1554089999444841,0.024001000042517262,0.0,401408,0.0,0.0,0.0,0.0,0,0.0,0.0,0.0,0.0,0,0.0,0.0,0.0,0.0,0
5,chain_2svc,110,71.44179599993095,67.22315999991224,4.218636000018705,1003520,1,37.81281499993838,0.19741100004466716,0.04840300005071185,31.39065599998503,602112,29.41034499997386,0.14310799997474533,0.025401000016245234,0.0,401408,0.0,0.0,0.0,0.0,0,0.0,0.0,0.0,0.0,0,0.0,0.0,0.0,0.0,0
5,chain_2svc,111,71.36909199994079,67.25846299991645,4.110629000024346,1003520,1,37.35518999997112,0.19771100005527842,0.04190200002085476,31.851481999979114,602112,29.90327299994533,0.14160800003537588,0.022801000000072236,0.0,401408,0.0,0.0,0.0,0.0,0,0.0,0.0,0.0,0.0,0,0.0,0.0,0.0,0.0,0
5,chain_2svc,112,71.47149799993713,67.14575600005901,4.325741999878119,1003520,1,37.31008700003713,0.22871199996643554,0.0460029999658218,32.02059099999133,602112,29.83566900002188,0.13740700001108053,0.02470199990511901,0.0,401408,0.0,0.0,0.0,0.0,0,0.0,0.0,0.0,0.0,0,0.0,0.0,0.0,0.0,0
5,chain_2svc,113,73.64701999995305,69.51298900014535,4.134030999807692,1003520,1,37.950523000063185,0.20551099999011058,0.04690299999765557,33.476272000029894,602112,31.562466000082168,0.14730800000961608,0.02520099997127545,0.0,401408,0.0,0.0,0.0,0.0,0,0.0,0.0,0.0,0.0,0,0.0,0.0,0.0,0.0,0
5,chain_2svc,114,72.90077799996197,68.51183200001287,4.388945999949101,1003520,1,38.16683499996998,0.24671400001352595,0.04300199998397147,32.3193069999661,602112,30.344997000042895,0.14040799999293085,0.02300099993135518,0.0,401408,0.0,0.0,0.0,0.0,0,0.0,0.0,0.0,0.0,0,0.0,0.0,0.0,0.0,0
5,chain_2svc,115,71.6782100000728,67.46937400009756,4.208835999975236,1003520,1,37.167579000083606,0.20051100000273436,0.04950299990014173,32.30870699997013,602112,30.301795000013954,0.1438079999616093,0.0245020000875229,0.0,401408,0.0,0.0,0.0,0.0,0,0.0,0.0,0.0,0.0,0,0.0,0.0,0.0,0.0,0
5,chain_2svc,116,71.65340799997466,67.07925199998499,4.574155999989671,1003520,1,37.33478800006651,0.18581099993753014,0.0486029999819948,31.88248300000396,602112,29.74446399991848,0.14180800008034566,0.024101000008158735,0.0,401408,0.0,0.0,0.0,0.0,0,0.0,0.0,0.0,0.0,0,0.0,0.0,0.0,0.0,0
5,chain_2svc,117,70.58434800001123,66.12489899998764,4.4594490000235965,1003520,1,36.91136500003722,0.1908110000385932,0.049201999900105875,31.323453000027257,602112,29.213533999950414,0.13930800002981414,0.023701000031906005,0.0,401408,0.0,0.0,0.0,0.0,0,0.0,0.0,0.0,0.0,0,0.0,0.0,0.0,0.0,0
5,chain_2svc,118,71.40859399999044,66.96814600013568,4.440447999854769,1003520,1,37.02447100010886,0.18881099992995587,0.044802999923376774,32.04509199997574,602112,29.943675000026815,0.15460800000255404,0.025101999995058577,0.0,401408,0.0,0.0,0.0,0.0,0,0.0,0.0,0.0,0.0,0,0.0,0.0,0.0,0.0,0
5,chain_2svc,119,71.57780399995772,67.4162709999564,4.161533000001327,1003520,1,36.76575599990883,0.19761100008963695,0.043303000097694166,32.58442200001355,602112,30.650515000047562,0.14930800000456657,0.02390099996318895,0.0,401408,0.0,0.0,0.0,0.0,0,0.0,0.0,0.0,0.0,0,0.0,0.0,0.0,0.0,0
5,chain_2svc,120,72.39445000004707,67.79719300004672,4.597257000000354,1003520,1,37.23678300002575,0.18420999992940779,0.04690200000823097,32.89934000008543,602112,30.560410000020966,0.15270799997324502,0.023601000066264533,0.0,401408,0.0,0.0,0.0,0.0,0,0.0,0.0,0.0,0.0,0,0.0,0.0,0.0,0.0,0
5,chain_2svc,121,72.58376000004318,68.07930699994813,4.5044530000950544,1003520,1,37.116975999992974,0.19291099999918515,0.04910200004815124,33.00804699995297,602112,30.962330999955157,0.14960900000460242,0.024201999963224807,0.0,401408,0.0,0.0,0.0,0.0,0,0.0,0.0,0.0,0.0,0,0.0,0.0,0.0,0.0,0
5,chain_2svc,122,70.81836099996508,66.85223799991036,3.966123000054722,1003520,1,37.895318999972005,0.19461100009721122,0.051002999953198014,30.80842399992889,602112,28.956918999938352,0.1440080000065791,0.022801999989496835,0.0,401408,0.0,0.0,0.0,0.0,0,0.0,0.0,0.0,0.0,0,0.0,0.0,0.0,0.0,0
5,chain_2svc,123,70.89416600001641,66.72193200006404,4.172233999952368,1003520,1,37.2499830000379,0.19881200000781973,0.048503000016353326,31.44685900008426,602112,29.471949000026143,0.14930800000456657,0.024000999928830424,0.0,401408,0.0,0.0,0.0,0.0,0,0.0,0.0,0.0,0.0,0,0.0,0.0,0.0,0.0,0
5,chain_2svc,124,73.62021799997365,69.06816299999718,4.552054999976463,1003520,1,36.865661999968324,0.1978110000209199,0.047103000042625354,34.49592999993456,602112,32.20250100002886,0.14560799991159,0.023801999986972078,0.0,401408,0.0,0.0,0.0,0.0,0,0.0,0.0,0.0,0.0,0,0.0,0.0,0.0,0.0,0
5,chain_2svc,125,71.06337499999427,66.51311999996778,4.550255000026482,1003520,1,37.09797499993783,0.19771100005527842,0.048103000040100596,31.67767200000071,602112,29.415145000029952,0.15050899992274935,0.024600999950052937,0.0,401408,0.0,0.0,0.0,0.0,0,0.0,0.0,0.0,0.0,0,0.0,0.0,0.0,0.0,0
5,chain_2svc,126,73.09308799995051,68.26251799986949,4.830570000081025,1003520,1,37.61490399995182,0.20131100006892666,0.0473029999739083,32.62762600002134,602112,30.647613999917667,0.14760800002022734,0.025202000074386888,0.0,401408,0.0,0.0,0.0,0.0,0,0.0,0.0,0.0,0.0,0,0.0,0.0,0.0,0.0,0
5,chain_2svc,127,73.15399200001593,69.00605999999243,4.147932000023502,1003520,1,37.7225099999805,0.2200129999891942,0.046702000076948025,33.241258999964884,602112,31.283550000011928,0.14930899999399116,0.02300099993135518,0.0,401408,0.0,0.0,0.0,0.0,0,0.0,0.0,0.0,0.0,0,0.0,0.0,0.0,0.0,0
5,chain_2svc,128,72.27584300005674,67.87249599994993,4.403347000106805,1003520,1,37.615603999938685,0.18721100002494495,0.04850200002692873,32.380611000007775,602112,30.25689200001125,0.16990999995414313,0.02400200003194186,0.0,401408,0.0,0.0,0.0,0.0,0,0.0,0.0,0.0,0.0,0,0.0,0.0,0.0,0.0,0
5,chain_2svc,129,73.79792800009,69.44938500009812,4.348542999991878,1003520,1,37.51679900005911,0.18770999997741455,0.05260299997189577,33.88589600001524,602112,31.93258600003901,0.1492090000283497,0.025401000016245234,0.0,401408,0.0,0.0,0.0,0.0,0,0.0,0.0,0.0,0.0,0,0.0,0.0,0.0,0.0,0
5,chain_2svc,130,70.2498299999661,66.21630399990863,4.0335260000574635,1003520,1,36.84676099999251,0.19041099994865363,0.058203000094181334,31.144442000027084,602112,29.36954299991612,0.13610799999241863,0.025001000039992505,0.0,401408,0.0,0.0,0.0,0.0,0,0.0,0.0,0.0,0.0,0,0.0,0.0,0.0,0.0,0
5,chain_2svc,131,73.66652100006377,69.2696739999974,4.396847000066373,1003520,1,37.57580199999211,0.19961100008458743,0.06440399999974034,33.65858200004368,602112,31.693872000005285,0.1495089999252741,0.023702000021330605,0.0,401408,0.0,0.0,0.0,0.0,0,0.0,0.0,0.0,0.0,0,0.0,0.0,0.0,0.0,0
5,chain_2svc,132,72.23894100002326,67.75489000006019,4.484050999963074,1003520,1,37.42569300004561,0.1921110000466797,0.04830299997138354,32.23600299997997,602112,30.329197000014574,0.16160899997430533,0.023600999952577695,0.0,401408,0.0,0.0,0.0,0.0,0,0.0,0.0,0.0,0.0,0,0.0,0.0,0.0,0.0,0
5,chain_2svc,133,72.06693099999484,67.11585400000786,4.951076999986981,1003520,1,37.494197000000895,0.19531099997038837,0.044903000002705085,32.22260300003654,602112,29.621657000006962,0.14870799998334405,0.02480199998444732,0.0,401408,0.0,0.0,0.0,0.0,0,0.0,0.0,0.0,0.0,0,0.0,0.0,0.0,0.0,0
5,chain_2svc,134,73.1328910000002,68.49103100000775,4.641859999992448,1003520,1,37.397791999978836,0.20061199995780044,0.046601999997619714,33.18985700002486,602112,31.093239000028916,0.1516089999995529,0.02610199999253382,0.0,401408,0.0,0.0,0.0,0.0,0,0.0,0.0,0.0,0.0,0,0.0,0.0,0.0,0.0,0
5,chain_2svc,135,73.57951599999524,69.35307899993859,4.226437000056649,1003520,1,38.55345599993143,0.19701100006841443,0.049003000071934366,32.78113399994709,602112,30.79962300000716,0.1542080000263013,0.02440200000819459,0.0,401408,0.0,0.0,0.0,0.0,0,0.0,0.0,0.0,0.0,0,0.0,0.0,0.0,0.0,0
5,chain_2svc,136,74.36916000006022,70.05421799999567,4.314942000064548,1003520,1,37.74391100000685,0.20381199999519595,0.050703000056273595,34.28311799996209,602112,32.310306999988825,0.15900899995813234,0.024001000042517262,0.0,401408,0.0,0.0,0.0,0.0,0,0.0,0.0,0.0,0.0,0,0.0,0.0,0.0,0.0,0
5,chain_2svc,137,71.8127169999434,67.53307800011044,4.279638999832969,1003520,1,37.51949900004092,0.20631199993204064,0.049701999955686915,32.02589199997874,602112,30.013579000069512,0.15690899999754038,0.02340100002129475,0.0,401408,0.0,0.0,0.0,0.0,0,0.0,0.0,0.0,0.0,0,0.0,0.0,0.0,0.0,0
5,chain_2svc,138,71.82471799990253,67.56508000000849,4.259637999894039,1003520,1,37.70340900007341,0.19721099999969738,0.04140199996527372,31.849081000018487,602112,29.861670999935086,0.15670800007683283,0.024901000074351032,0.0,401408,0.0,0.0,0.0,0.0,0,0.0,0.0,0.0,0.0,0,0.0,0.0,0.0,0.0,0
5,chain_2svc,139,71.95172399997318,67.28486400015754,4.666859999815642,1003520,1,37.429794000104266,0.19470999995974125,0.04500299996834656,32.019690999959494,602112,29.855070000053274,0.15300799998385628,0.022600999955102452,0.0,401408,0.0,0.0,0.0,0.0,0,0.0,0.0,0.0,0.0,0,0.0,0.0,0.0,0.0,0
5,chain_2svc,140,75.43461900002058,70.80566000013278,4.6289589998878,1003520,1,40.241151000032005,0.21771199999420787,0.05710299990369094,32.56722199989781,602112,30.56450900010077,0.15050899992274935,0.024901999950088793,0.0,401408,0.0,0.0,0.0,0.0,0,0.0,0.0,0.0,0.0,0,0.0,0.0,0.0,0.0,0
5,chain_2svc,141,74.58537200000137,69.83840699990651,4.74696500009486,1003520,1,37.189179999927546,0.19641100004719192,0.048902999992606055,34.96685599998273,602112,32.649226999978964,0.16530900006728189,0.023701000031906005,0.0,401408,0.0,0.0,0.0,0.0,0,0.0,0.0,0.0,0.0,0,0.0,0.0,0.0,0.0,0
5,chain_2svc,142,72.29224399998202,67.86929599991254,4.422948000069482,1003520,1,38.35184499996558,0.20381200010888278,0.04830299997138354,31.527363000009245,602112,29.51745099994696,0.15060900000207766,0.026401000013720477,0.0,401408,0.0,0.0,0.0,0.0,0,0.0,0.0,0.0,0.0,0,0.0,0.0,0.0,0.0,0
5,chain_2svc,143,74.61927400004242,69.96001199991042,4.659262000132003,1003520,1,39.18459099998017,0.2035119999845847,0.0442030000158411,32.710629999996854,602112,30.775420999930247,0.15000899998085515,0.025002000029417104,0.0,401408,0.0,0.0,0.0,0.0,0,0.0,0.0,0.0,0.0,0,0.0,0.0,0.0,0.0,0
5,chain_2svc,144,73.6012169999185,68.94015600005332,4.661060999865185,1003520,1,37.832316000049104,0.2004110000370929,0.05050300001130381,33.11415300004228,602112,31.107840000004217,0.1536089999945034,0.024900999960664194,0.0,401408,0.0,0.0,0.0,0.0,0,0.0,0.0,0.0,0.0,0,0.0,0.0,0.0,0.0,0
5,chain_2svc,145,74.8344859999861,69.65219599999273,5.1822899999933725,1003520,1,38.026126999966436,0.19401099996230187,0.05630300006487232,34.150210000007064,602112,31.62606900002629,0.15570899995509535,0.024000999928830424,0.0,401408,0.0,0.0,0.0,0.0,0,0.0,0.0,0.0,0.0,0,0.0,0.0,0.0,0.0,0
5,chain_2svc,146,76.32076900006268,71.01227199996174,5.308497000100942,1003520,1,39.66771900002186,0.21131199991941685,0.0442020000264165,33.97029999996448,602112,31.34455299993988,0.15760899998440436,0.02660100005869026,0.0,401408,0.0,0.0,0.0,0.0,0,0.0,0.0,0.0,0.0,0,0.0,0.0,0.0,0.0,0
5,chain_2svc,147,75.84334199998466,70.605248999982,5.238093000002664,1003520,1,38.420948999942084,0.2030110000532659,0.049003000071934366,34.87685099992177,602112,32.18430000003991,0.15660899998692912,0.023702000021330605,0.0,401408,0.0,0.0,0.0,0.0,0,0.0,0.0,0.0,0.0,0,0.0,0.0,0.0,0.0,0
5,chain_2svc,148,76.13245799996093,70.9141660000796,5.21829199988133,1003520,1,39.483807999999954,0.20641200001136895,0.0473029999739083,34.04490499997337,602112,31.43035800007965,0.15480799993383698,0.023801999986972078,0.0,401408,0.0,0.0,0.0,0.0,0,0.0,0.0,0.0,0.0,0,0.0,0.0,0.0,0.0,0
5,chain_2svc,149,73.95713699997941,69.55419100006566,4.402945999913754,1003520,1,38.32594400000744,0.2048119999926712,0.05080299990822823,33.22015799994915,602112,31.228247000058218,0.16050899989750178,0.026800999989973207,0.0,401408,0.0,0.0,0.0,0.0,0,0.0,0.0,0.0,0.0,0,0.0,0.0,0.0,0.0,0
5,chain_2svc,150,75.27521100007561,70.52924599997823,4.745965000097385,1003520,1,38.58995899997808,0.20391099997141282,0.046703000066372624,33.992802000057054,602112,31.93928700000015,0.15350800003943732,0.027201999955650535,0.0,401408,0.0,0.0,0.0,0.0,0,0.0,0.0,0.0,0.0,0,0.0,0.0,0.0,0.0,0
5,chain_2svc,151,75.14430300000186,70.85156300001927,4.292739999982587,1003520,1,38.28154200004974,0.20371100004012987,0.05110299991883949,34.49512899999263,602112,32.57002099996953,0.15650900002128765,0.024702000018805848,0.0,401408,0.0,0.0,0.0,0.0,0,0.0,0.0,0.0,0.0,0,0.0,0.0,0.0,0.0,0
5,chain_2svc,152,74.02844100010952,68.88435300004403,5.144088000065494,1003520,1,37.40699200000108,0.19271099995421537,0.04510300004767487,33.77318900004411,602112,31.477361000042947,0.15130799999951705,0.02470099991569441,0.0,401408,0.0,0.0,0.0,0.0,0,0.0,0.0,0.0,0.0,0,0.0,0.0,0.0,0.0,0
5,chain_2svc,153,71.93472300002668,67.54827800000385,4.386445000022832,1003520,1,37.56590099999357,0.20131099995523982,0.04350300002897711,31.92248599998493,602112,29.982377000010274,0.15480899992326158,0.024200999973800208,0.0,401408,0.0,0.0,0.0,0.0,0,0.0,0.0,0.0,0.0,0,0.0,0.0,0.0,0.0,0
5,chain_2svc,154,75.83964200000537,71.0027729999183,4.836869000087063,1003520,1,37.9061209999918,0.1945100000284583,0.050602999976945284,35.42748200004553,602112,33.09665199992651,0.15820900000562688,0.023500999986936222,0.0,401408,0.0,0.0,0.0,0.0,0,0.0,0.0,0.0,0.0,0,0.0,0.0,0.0,0.0,0
5,chain_2svc,155,76.20346199996675,71.44209600005524,4.761365999911504,1003520,1,38.42404900001384,0.2119120000543262,0.041801999941526446,35.29247400001623,602112,33.018047000041406,0.18570999998246407,0.037401999975372746,0.0,401408,0.0,0.0,0.0,0.0,0,0.0,0.0,0.0,0.0,0,0.0,0.0,0.0,0.0,0
5,chain_2svc,156,79.63955399998213,74.55727000012757,5.082283999854553,1003520,1,41.92684500003452,0.26191500001004897,0.04740300005323661,34.70224099999086,602112,32.630425000093055,0.15190899989647733,0.02610100000310922,0.0,401408,0.0,0.0,0.0,0.0,0,0.0,0.0,0.0,0.0,0,0.0,0.0,0.0,0.0,0
5,chain_2svc,157,78.52139199997055,74.15624900011153,4.365142999859017,1003520,1,40.69777700010491,0.20211099990774528,0.041301999999632244,35.46518400003151,602112,33.45847200000662,0.15400799998133152,0.026501000093048788,0.0,401408,0.0,0.0,0.0,0.0,0,0.0,0.0,0.0,0.0,0,0.0,0.0,0.0,0.0,0
5,chain_2svc,158,74.33695899999293,69.84850699996059,4.488452000032339,1003520,1,37.954022999997505,0.2014119999103059,0.05050300001130381,34.05120499996883,602112,31.894483999963086,0.15520900001320115,0.024201000087487046,0.0,401408,0.0,0.0,0.0,0.0,0,0.0,0.0,0.0,0.0,0,0.0,0.0,0.0,0.0,0
5,chain_2svc,159,74.98929500002305,70.40493900001366,4.584356000009393,1003520,1,38.10203199998341,0.20271100004265463,0.04230199999710749,34.523731000035696,602112,32.302907000030245,0.15130899998894165,0.02480099999502272,0.0,401408,0.0,0.0,0.0,0.0,0,0.0,0.0,0.0,0.0,0,0.0,0.0,0.0,0.0,0
5,chain_2svc,160,75.91504599997734,71.479598999872,4.435447000105341,1003520,1,39.052484999956505,0.20261099996332632,0.04820200001631747,34.543531999929655,602112,32.42711399991549,0.17010900000968832,0.025202000074386888,0.0,401408,0.0,0.0,0.0,0.0,0,0.0,0.0,0.0,0.0,0,0.0,0.0,0.0,0.0,0
5,chain_2svc,161,77.0724109999037,72.7174680000644,4.354942999839295,1003520,1,39.784526000062215,0.2033109999501903,0.04640199995264993,34.98615699993479,602112,32.932942000002186,0.15540800006874633,0.02690199994503928,0.0,401408,0.0,0.0,0.0,0.0,0,0.0,0.0,0.0,0.0,0,0.0,0.0,0.0,0.0,0
5,chain_2svc,162,77.4578330000395,72.40294899997934,5.054884000060156,1003520,1,41.146200999946814,0.20061199995780044,0.0455030000239276,33.91579699996328,602112,31.25674800003253,0.16700999992735888,0.025500999981886707,0.0,401408,0.0,0.0,0.0,0.0,0,0.0,0.0,0.0,0.0,0,0.0,0.0,0.0,0.0,0
5,chain_2svc,163,74.82248500002697,69.90321000012045,4.91927499990652,1003520,1,37.950423000097544,0.20811099989259674,0.06750399995780754,34.53113200009739,602112,31.95278700002291,0.1534089999495336,0.024701000029381248,0.0,401408,0.0,0.0,0.0,0.0,0,0.0,0.0,0.0,0.0,0,0.0,0.0,0.0,0.0,0
5,chain_2svc,164,76.83249799993064,72.01382799996736,4.8186699999632765,1003520,1,39.430605000006835,0.19731099996533885,0.04950300001382857,35.205569000027026,602112,32.583222999960526,0.15220800003135082,0.026401000013720477,0.0,401408,0.0,0.0,0.0,0.0,0,0.0,0.0,0.0,0.0,0,0.0,0.0,0.0,0.0,0
5,chain_2svc,165,73.07888799994089,68.74944600008348,4.3294419998574085,1003520,1,37.43789400004971,0.20711199999823293,0.04640299994207453,33.31986400007736,602112,31.31155200003377,0.14340799998535658,0.024601000063739775,0.0,401408,0.0,0.0,0.0,0.0,0,0.0,0.0,0.0,0.0,0,0.0,0.0,0.0,0.0,0
5,chain_2svc,166,74.62177399997927,69.99111499999344,4.630658999985826,1003520,1,39.84222899998713,0.21661200003109116,0.051102000043101725,32.12969699995938,602112,30.148886000006314,0.15740899993943458,0.02400200003194186,0.0,401408,0.0,0.0,0.0,0.0,0,0.0,0.0,0.0,0.0,0,0.0,0.0,0.0,0.0,0
5,chain_2svc,167,74.73998000000392,70.15232400010518,4.587655999898743,1003520,1,39.023483000050874,0.19251100002293242,0.04290200001833,33.16885599997477,602112,31.128841000054308,0.14930800000456657,0.025402000005669834,0.0,401408,0.0,0.0,0.0,0.0,0,0.0,0.0,0.0,0.0,0,0.0,0.0,0.0,0.0,0
5,chain_2svc,168,74.6803770000497,69.55849099995248,5.12188600009722,1003520,1,38.37224599999445,0.24661399993419764,0.07480500005385693,33.492773000034504,602112,31.186244999958035,0.15980900002432463,0.02440100001876999,0.0,401408,0.0,0.0,0.0,0.0,0,0.0,0.0,0.0,0.0,0,0.0,0.0,0.0,0.0,0
5,chain_2svc,169,75.96314900001744,71.20948299996144,4.7536660000560005,1003520,1,39.04958400005398,0.2322130000038669,0.04700299996329704,34.44982699988941,602112,32.159898999907455,0.1568090000318989,0.02530100005060376,0.0,401408,0.0,0.0,0.0,0.0,0,0.0,0.0,0.0,0.0,0,0.0,0.0,0.0,0.0,0
5,chain_2svc,170,73.1546920000028,68.36632299996381,4.788369000038983,1003520,1,38.174034999997275,0.19941100003961765,0.0478029999158025,32.51601900001333,602112,30.19228799996654,0.1471089999540709,0.025502000084998144,0.0,401408,0.0,0.0,0.0,0.0,0,0.0,0.0,0.0,0.0,0,0.0,0.0,0.0,0.0,0
5,chain_2svc,171,73.02248500002406,68.1243109999059,4.898174000118161,1003520,1,37.708408999947096,0.2220129999841447,0.04880300002696458,32.83483699999579,602112,30.415901999958805,0.15510799994444824,0.02530100005060376,0.0,401408,0.0,0.0,0.0,0.0,0,0.0,0.0,0.0,0.0,0,0.0,0.0,0.0,0.0,0
5,chain_2svc,172,73.32150100000945,68.37712499998361,4.944376000025841,1003520,1,37.75871200002712,0.20631200004572747,0.0499020000006567,33.05544900001678,602112,30.61841299995649,0.1549090000025899,0.02480099999502272,0.0,401408,0.0,0.0,0.0,0.0,0,0.0,0.0,0.0,0.0,0,0.0,0.0,0.0,0.0,0
5,chain_2svc,173,74.50716799996826,69.8546080000142,4.6525599999540646,1003520,1,39.29309800003011,0.19460999999409978,0.08700499995484279,32.50611799990111,602112,30.561509999984082,0.15540800006874633,0.026200999968750693,0.0,401408,0.0,0.0,0.0,0.0,0,0.0,0.0,0.0,0.0,0,0.0,0.0,0.0,0.0,0
5,chain_2svc,174,74.41996199997902,69.4580849999511,4.9618770000279255,1003520,1,38.314242999945236,0.19871100005275366,0.04770199996073643,33.37536699996235,602112,31.14384200000586,0.15430900009505422,0.026300999934392166,0.0,401408,0.0,0.0,0.0,0.0,0,0.0,0.0,0.0,0.0,0,0.0,0.0,0.0,0.0,0
5,chain_2svc,175,79.27113400000962,74.45756499998879,4.813569000020834,1003520,1,40.24665100007496,0.21071199989819434,0.05140299992945074,36.30833099998654,602112,34.21091399991383,0.1857100000961509,0.024601000063739775,0.0,401408,0.0,0.0,0.0,0.0,0,0.0,0.0,0.0,0.0,0,0.0,0.0,0.0,0.0,0
5,chain_2svc,176,74.14984800004731,69.80450399998972,4.345344000057594,1003520,1,39.34730100002071,0.19741099993098032,0.05570300004364981,32.430013999942275,602112,30.457202999969013,0.15460899999197864,0.02400200003194186,0.0,401408,0.0,0.0,0.0,0.0,0,0.0,0.0,0.0,0.0,0,0.0,0.0,0.0,0.0,0
5,chain_2svc,177,73.41380599996228,68.85865100002775,4.55515499993453,1003520,1,37.97772400002941,0.18581100005121698,0.055502999998680025,32.906540999988465,602112,30.880926999998337,0.15920900000310212,0.02520099997127545,0.0,401408,0.0,0.0,0.0,0.0,0,0.0,0.0,0.0,0.0,0,0.0,0.0,0.0,0.0,0
5,chain_2svc,178,75.0545980000652,70.00211500007936,5.052482999985841,1003520,1,39.95743500001936,0.1882110000224202,0.042202000031466014,32.40711300009025,602112,30.044680000059998,0.1484089999621574,0.02610199999253382,0.0,401408,0.0,0.0,0.0,0.0,0,0.0,0.0,0.0,0.0,0,0.0,0.0,0.0,0.0,0
5,chain_2svc,179,73.99643999997352,69.41128200003277,4.585157999940748,1003520,1,38.853372999938074,0.19951100000525912,0.04790299999513081,32.557720999989215,602112,30.557909000094696,0.15760899998440436,0.024401999894507753,0.0,401408,0.0,0.0,0.0,0.0,0,0.0,0.0,0.0,0.0,0,0.0,0.0,0.0,0.0,0
5,chain_2svc,180,76.28066699999181,71.81601699994644,4.464650000045367,1003520,1,38.897875999964526,0.1927100000784776,0.05260299997189577,34.92845400000988,602112,32.918140999981915,0.14970800009450613,0.026702000013756333,0.0,401408,0.0,0.0,0.0,0.0,0,0.0,0.0,0.0,0.0,0,0.0,0.0,0.0,0.0,0
5,chain_2svc,181,73.9595370000643,69.14616700009901,4.813369999965289,1003520,1,37.47679600007814,0.3813209999634637,0.04120299990972853,33.577277999938815,602112,31.669371000020874,0.14880899993841012,0.02520099997127545,0.0,401408,0.0,0.0,0.0,0.0,0,0.0,0.0,0.0,0.0,0,0.0,0.0,0.0,0.0,0
5,chain_2svc,182,73.97083700004714,69.37788100003672,4.5929560000104175,1003520,1,38.825672000029954,0.2040119999264789,0.046702000076948025,32.71332999997867,602112,30.55220900000677,0.15310799994949775,0.027101999990009062,0.0,401408,0.0,0.0,0.0,0.0,0,0.0,0.0,0.0,0.0,0,0.0,0.0,0.0,0.0,0
5,chain_2svc,183,80.16298400002597,75.45542100001512,4.70756300001085,1003520,1,42.25196400000186,0.2093110000487286,0.05890299996735848,35.35727799999222,602112,33.20345700001326,0.15590900000006513,0.02480199998444732,0.0,401408,0.0,0.0,0.0,0.0,0,0.0,0.0,0.0,0.0,0,0.0,0.0,0.0,0.0,0
5,chain_2svc,184,75.6943339999907,71.4123949999248,4.281939000065904,1003520,1,40.451062999977694,0.19751100001030863,0.05070299994258676,32.911940999952094,602112,30.961331999947106,0.14540799998030707,0.023202000079436402,0.0,401408,0.0,0.0,0.0,0.0,0,0.0,0.0,0.0,0.0,0,0.0,0.0,0.0,0.0,0
5,chain_2svc,185,73.27539900006741,68.68254199991952,4.5928570001478874,1003520,1,37.28558599993903,0.19421000001784705,0.047602999984519556,33.597879000012654,602112,31.39695599998049,0.1567089999525706,0.024201000087487046,0.0,401408,0.0,0.0,0.0,0.0,0,0.0,0.0,0.0,0.0,0,0.0,0.0,0.0,0.0,0
5,chain_2svc,186,76.80209600005128,72.40874900003291,4.393347000018366,1003520,1,39.447306000056415,0.19771199993101618,0.04700299996329704,35.14226599997983,602112,32.9614429999765,0.1541089999363976,0.025502000084998144,0.0,401408,0.0,0.0,0.0,0.0,0,0.0,0.0,0.0,0.0,0,0.0,0.0,0.0,0.0,0
5,chain_2svc,187,73.50641200002883,69.15346899995711,4.352943000071718,1003520,1,38.19073700003628,0.21001099992190575,0.04390200001580524,33.01704700004393,602112,30.962731999920834,0.1596090000930417,0.024701000029381248,0.0,401408,0.0,0.0,0.0,0.0,0,0.0,0.0,0.0,0.0,0,0.0,0.0,0.0,0.0,0
5,chain_2svc,188,74.51716799994301,70.22732899997663,4.289838999966378,1003520,1,39.35880199992425,0.20001100006084016,0.048503000016353326,32.83023700009835,602112,30.86852700005238,0.15770899995004584,0.02560099994752818,0.0,401408,0.0,0.0,0.0,0.0,0,0.0,0.0,0.0,0.0,0,0.0,0.0,0.0,0.0,0
5,chain_2svc,189,72.36404699995092,67.80409299994972,4.559954000001198,1003520,1,37.55890100001125,0.20121099998959835,0.05580300000929128,32.516518999955224,602112,30.24519199993847,0.14650800005711062,0.024101000008158735,0.0,401408,0.0,0.0,0.0,0.0,0,0.0,0.0,0.0,0.0,0,0.0,0.0,0.0,0.0,0
5,chain_2svc,190,75.09320099995875,70.72565499993289,4.367546000025868,1003520,1,40.62637200001973,0.2186129999017794,0.04560299998956907,32.1637990000454,602112,30.099282999913157,0.16060900009051693,0.026502000082473387,0.0,401408,0.0,0.0,0.0,0.0,0,0.0,0.0,0.0,0.0,0,0.0,0.0,0.0,0.0,0
5,chain_2svc,191,73.67332100000112,69.49228700000276,4.181033999998363,1003520,1,37.9399219999641,0.19491099999413564,0.049302999968858785,33.50447399998302,602112,31.552365000038662,0.15610900004503492,0.024200999973800208,0.0,401408,0.0,0.0,0.0,0.0,0,0.0,0.0,0.0,0.0,0,0.0,0.0,0.0,0.0,0
5,chain_2svc,192,73.60831699998016,68.74954499994601,4.8587720000341506,1003520,1,37.42679300000873,0.21791199992549082,0.04210300005524914,33.80779099995834,602112,31.32275199993728,0.15600900007939345,0.02530100005060376,0.0,401408,0.0,0.0,0.0,0.0,0,0.0,0.0,0.0,0.0,0,0.0,0.0,0.0,0.0,0
5,chain_2svc,193,72.31324500003211,68.08470800001487,4.228537000017241,1003520,1,37.57360199995219,0.18961099999614817,0.04290200001833,32.46281600002021,602112,30.511106000062682,0.1446090000172262,0.022801999989496835,0.0,401408,0.0,0.0,0.0,0.0,0,0.0,0.0,0.0,0.0,0,0.0,0.0,0.0,0.0,0
5,chain_2svc,194,72.19903899999736,67.51167599998098,4.687363000016376,1003520,1,37.15247799993904,0.19931200006340077,0.04650200003197824,32.86013800004639,602112,30.359198000041943,0.1604089999318603,0.023801999986972078,0.0,401408,0.0,0.0,0.0,0.0,0,0.0,0.0,0.0,0.0,0,0.0,0.0,0.0,0.0,0
5,chain_2svc,195,76.54558199999428,72.21254000000954,4.333041999984744,1003520,1,39.252295999972375,0.1996109999709006,0.05350300000372954,35.08086199997251,602112,32.960244000037164,0.15380900003947318,0.02300099993135518,0.0,401408,0.0,0.0,0.0,0.0,0,0.0,0.0,0.0,0.0,0,0.0,0.0,0.0,0.0,0
5,chain_2svc,196,72.23854100004701,67.99010300005648,4.248437999990529,1003520,1,37.263784000060696,0.1913109999804874,0.05200299995067326,32.714629999986755,602112,30.726318999995783,0.15720900000815163,0.024000999928830424,0.0,401408,0.0,0.0,0.0,0.0,0,0.0,0.0,0.0,0.0,0,0.0,0.0,0.0,0.0,0
5,chain_2svc,197,72.03272899994317,67.53837799988105,4.4943510000621245,1003520,1,37.2360829999252,0.2022109999870736,0.048503000016353326,32.442214000070635,602112,30.302294999955848,0.18021000005319365,0.023701000031906005,0.0,401408,0.0,0.0,0.0,0.0,0,0.0,0.0,0.0,0.0,0,0.0,0.0,0.0,0.0,0
5,chain_2svc,198,71.1476799999673,66.93804499991529,4.209635000052003,1003520,1,37.41839299993899,0.20831100005125336,0.04770300006384787,31.524363999892557,602112,29.519651999976304,0.15060800001265306,0.024601000063739775,0.0,401408,0.0,0.0,0.0,0.0,0,0.0,0.0,0.0,0.0,0,0.0,0.0,0.0,0.0,0
5,chain_2svc,199,76.06285399992885,71.68100900003083,4.381844999898021,1003520,1,39.993437000021004,0.2232119999234783,0.05320299999311828,33.61087999996926,602112,31.687572000009823,0.15740899993943458,0.026302000037503603,0.0,401408,0.0,0.0,0.0,0.0,0,0.0,0.0,0.0,0.0,0,0.0,0.0,0.0,0.0,0
5,chain_2svc,200,72.58127499994771,68.31243499993889,4.268840000008822,1003520,1,37.395394999975906,0.1983109999628141,0.048001999971347686,32.87185099998169,602112,30.91703999996298,0.17180999998345214,0.022902000068825146,0.0,401408,0.0,0.0,0.0,0.0,0,0.0,0.0,0.0,0.0,0,0.0,0.0,0.0,0.0,0
