round,condition,iteration,end_to_end_ms,total_compute_ms,non_compute_overhead_ms,total_activation_bytes,num_hops,hop_1_compute_ms,hop_1_deserialize_ms,hop_1_serialize_ms,hop_1_forward_ms,hop_1_activation_bytes,hop_2_compute_ms,hop_2_deserialize_ms,hop_2_serialize_ms,hop_2_forward_ms,hop_2_activation_bytes,hop_3_compute_ms,hop_3_deserialize_ms,hop_3_serialize_ms,hop_3_forward_ms,hop_3_activation_bytes,hop_4_compute_ms,hop_4_deserialize_ms,hop_4_serialize_ms,hop_4_forward_ms,hop_4_activation_bytes,hop_5_compute_ms,hop_5_deserialize_ms,hop_5_serialize_ms,hop_5_forward_ms,hop_5_activation_bytes
1,monolithic_k8s_1svc,1,68.97936999996546,66.15572999999131,2.823639999974148,602112,1,66.15572999999131,0.17479799998909584,0.02689999996619008,0.0,602112,0.0,0.0,0.0,0.0,0,0.0,0.0,0.0,0.0,0,0.0,0.0,0.0,0.0,0,0.0,0.0,0.0,0.0,0
1,monolithic_k8s_1svc,2,68.21346399999584,65.15414000000419,3.0593239999916477,602112,1,65.15414000000419,0.16929800005982543,0.027499999987412593,0.0,602112,0.0,0.0,0.0,0.0,0,0.0,0.0,0.0,0.0,0,0.0,0.0,0.0,0.0,0,0.0,0.0,0.0,0.0,0
1,monolithic_k8s_1svc,3,69.05456999993476,65.84493299999394,3.2096369999408125,602112,1,65.84493299999394,0.18449800006692385,0.02779900000859925,0.0,602112,0.0,0.0,0.0,0.0,0,0.0,0.0,0.0,0.0,0,0.0,0.0,0.0,0.0,0,0.0,0.0,0.0,0.0,0
1,monolithic_k8s_1svc,4,68.8568690000011,66.0321320000321,2.824736999968991,602112,1,66.0321320000321,0.20009799993658817,0.02649900000051275,0.0,602112,0.0,0.0,0.0,0.0,0,0.0,0.0,0.0,0.0,0,0.0,0.0,0.0,0.0,0,0.0,0.0,0.0,0.0,0
1,monolithic_k8s_1svc,5,67.55265800006782,64.67784500000562,2.874813000062204,602112,1,64.67784500000562,0.19419800003106502,0.027599999953054066,0.0,602112,0.0,0.0,0.0,0.0,0,0.0,0.0,0.0,0.0,0,0.0,0.0,0.0,0.0,0,0.0,0.0,0.0,0.0,0
1,monolithic_k8s_1svc,6,69.12527100007537,66.34562800002186,2.779643000053511,602112,1,66.34562800002186,0.21259799996187212,0.028699999916170782,0.0,602112,0.0,0.0,0.0,0.0,0,0.0,0.0,0.0,0.0,0,0.0,0.0,0.0,0.0,0,0.0,0.0,0.0,0.0,0
1,monolithic_k8s_1svc,7,69.51827399996091,66.71612499997082,2.802148999990095,602112,1,66.71612499997082,0.1890979999643605,0.02819899998485198,0.0,602112,0.0,0.0,0.0,0.0,0,0.0,0.0,0.0,0.0,0,0.0,0.0,0.0,0.0,0,0.0,0.0,0.0,0.0,0
1,monolithic_k8s_1svc,8,69.99527799996486,67.28271899999072,2.712558999974135,602112,1,67.28271899999072,0.2018980000002557,0.027499999987412593,0.0,602112,0.0,0.0,0.0,0.0,0,0.0,0.0,0.0,0.0,0,0.0,0.0,0.0,0.0,0,0.0,0.0,0.0,0.0,0
1,monolithic_k8s_1svc,9,68.52626599993528,65.75903399993877,2.767231999996511,602112,1,65.75903399993877,0.20939800003816345,0.02829900006418029,0.0,602112,0.0,0.0,0.0,0.0,0,0.0,0.0,0.0,0.0,0,0.0,0.0,0.0,0.0,0,0.0,0.0,0.0,0.0,0
1,monolithic_k8s_1svc,10,71.15478800005803,67.90191199991114,3.252876000146898,602112,1,67.90191199991114,0.20039800006088626,0.02660000006926566,0.0,602112,0.0,0.0,0.0,0.0,0,0.0,0.0,0.0,0.0,0,0.0,0.0,0.0,0.0,0,0.0,0.0,0.0,0.0,0
1,monolithic_k8s_1svc,11,68.51746600000297,65.62753499997598,2.8899310000269907,602112,1,65.62753499997598,0.19239799996739748,0.026800000000548607,0.0,602112,0.0,0.0,0.0,0.0,0,0.0,0.0,0.0,0.0,0,0.0,0.0,0.0,0.0,0,0.0,0.0,0.0,0.0,0
1,monolithic_k8s_1svc,12,68.71196800000234,65.49153699995713,3.2204310000452097,602112,1,65.49153699995713,0.1789980000239666,0.026300000058654405,0.0,602112,0.0,0.0,0.0,0.0,0,0.0,0.0,0.0,0.0,0,0.0,0.0,0.0,0.0,0,0.0,0.0,0.0,0.0,0
1,monolithic_k8s_1svc,13,68.72666800006755,65.69473499996548,3.0319330001020717,602112,1,65.69473499996548,0.1968980000128795,0.026599000079841062,0.0,602112,0.0,0.0,0.0,0.0,0,0.0,0.0,0.0,0.0,0,0.0,0.0,0.0,0.0,0,0.0,0.0,0.0,0.0,0
1,monolithic_k8s_1svc,14,68.2136629999377,65.55743600006281,2.656226999874889,602112,1,65.55743600006281,0.19749799992041517,0.02899999992678204,0.0,602112,0.0,0.0,0.0,0.0,0,0.0,0.0,0.0,0.0,0,0.0,0.0,0.0,0.0,0,0.0,0.0,0.0,0.0,0
1,monolithic_k8s_1svc,15,70.44447999999193,67.7342139999837,2.7102660000082324,602112,1,67.7342139999837,0.18199800001639233,0.02859899996110471,0.0,602112,0.0,0.0,0.0,0.0,0,0.0,0.0,0.0,0.0,0,0.0,0.0,0.0,0.0,0,0.0,0.0,0.0,0.0,0
1,monolithic_k8s_1svc,16,70.30153800008065,67.28691800003617,3.014620000044488,602112,1,67.28691800003617,0.19989800000530522,0.02779999999802385,0.0,602112,0.0,0.0,0.0,0.0,0,0.0,0.0,0.0,0.0,0,0.0,0.0,0.0,0.0,0,0.0,0.0,0.0,0.0,0
1,monolithic_k8s_1svc,17,68.62523200004489,65.11064099993291,3.5145910001119773,602112,1,65.11064099993291,0.18709799996941,0.028400000019246363,0.0,602112,0.0,0.0,0.0,0.0,0,0.0,0.0,0.0,0.0,0,0.0,0.0,0.0,0.0,0,0.0,0.0,0.0,0.0,0
1,monolithic_k8s_1svc,18,70.06003700007568,66.65552500010108,3.404511999974602,602112,1,66.65552500010108,0.20199799996589718,0.026800000000548607,0.0,602112,0.0,0.0,0.0,0.0,0,0.0,0.0,0.0,0.0,0,0.0,0.0,0.0,0.0,0,0.0,0.0,0.0,0.0,0
1,monolithic_k8s_1svc,19,67.7317290000019,64.95394199998827,2.7777870000136318,602112,1,64.95394199998827,0.18369800000073155,0.02570000003743189,0.0,602112,0.0,0.0,0.0,0.0,0,0.0,0.0,0.0,0.0,0,0.0,0.0,0.0,0.0,0,0.0,0.0,0.0,0.0,0
1,monolithic_k8s_1svc,20,70.17773799998395,67.41121700008534,2.766520999898603,602112,1,67.41121700008534,0.18149899995023588,0.02779900000859925,0.0,602112,0.0,0.0,0.0,0.0,0,0.0,0.0,0.0,0.0,0,0.0,0.0,0.0,0.0,0,0.0,0.0,0.0,0.0,0
1,monolithic_k8s_1svc,21,68.38113099991006,65.37793799998326,3.003192999926796,602112,1,65.37793799998326,0.17269800002850388,0.026300000058654405,0.0,602112,0.0,0.0,0.0,0.0,0,0.0,0.0,0.0,0.0,0,0.0,0.0,0.0,0.0,0,0.0,0.0,0.0,0.0,0
1,monolithic_k8s_1svc,22,69.50833500002318,66.74242399992636,2.7659110000968212,602112,1,66.74242399992636,0.19459800000731775,0.02870000002985762,0.0,602112,0.0,0.0,0.0,0.0,0,0.0,0.0,0.0,0.0,0,0.0,0.0,0.0,0.0,0,0.0,0.0,0.0,0.0,0
1,monolithic_k8s_1svc,23,75.33065500001612,72.23746799991204,3.0931870001040807,602112,1,72.23746799991204,0.2103980000356387,0.029000000040468876,0.0,602112,0.0,0.0,0.0,0.0,0,0.0,0.0,0.0,0.0,0,0.0,0.0,0.0,0.0,0,0.0,0.0,0.0,0.0,0
1,monolithic_k8s_1svc,24,73.35124800010817,70.46838700000535,2.882861000102821,602112,1,70.46838700000535,0.20019800001591648,0.027598999963629467,0.0,602112,0.0,0.0,0.0,0.0,0,0.0,0.0,0.0,0.0,0,0.0,0.0,0.0,0.0,0,0.0,0.0,0.0,0.0,0
1,monolithic_k8s_1svc,25,72.30424400006541,69.46229599998333,2.841948000082084,602112,1,69.46229599998333,0.17459899993355066,0.02910000000611035,0.0,602112,0.0,0.0,0.0,0.0,0,0.0,0.0,0.0,0.0,0,0.0,0.0,0.0,0.0,0,0.0,0.0,0.0,0.0,0
1,monolithic_k8s_1svc,26,71.82374300009542,68.13821000002918,3.6855330000662434,602112,1,68.13821000002918,0.21029800006999722,0.02809899990552367,0.0,602112,0.0,0.0,0.0,0.0,0,0.0,0.0,0.0,0.0,0,0.0,0.0,0.0,0.0,0,0.0,0.0,0.0,0.0,0
1,monolithic_k8s_1svc,27,72.78614599999855,69.60909500003254,3.1770509999660135,602112,1,69.60909500003254,0.2038979999952062,0.027700000032382377,0.0,602112,0.0,0.0,0.0,0.0,0,0.0,0.0,0.0,0.0,0,0.0,0.0,0.0,0.0,0,0.0,0.0,0.0,0.0,0
1,monolithic_k8s_1svc,28,71.79274299994631,68.40470700001333,3.388035999932981,602112,1,68.40470700001333,0.18249799995828653,0.030999999921732524,0.0,602112,0.0,0.0,0.0,0.0,0,0.0,0.0,0.0,0.0,0,0.0,0.0,0.0,0.0,0,0.0,0.0,0.0,0.0,0
1,monolithic_k8s_1svc,29,70.92713899999126,67.91911200002687,3.008026999964386,602112,1,67.91911200002687,0.21289799997248338,0.028899999961140566,0.0,602112,0.0,0.0,0.0,0.0,0,0.0,0.0,0.0,0.0,0,0.0,0.0,0.0,0.0,0,0.0,0.0,0.0,0.0,0
1,monolithic_k8s_1svc,30,68.53333200001543,65.66983499999424,2.863497000021198,602112,1,65.66983499999424,0.19319799991990294,0.02790000007735216,0.0,602112,0.0,0.0,0.0,0.0,0,0.0,0.0,0.0,0.0,0,0.0,0.0,0.0,0.0,0,0.0,0.0,0.0,0.0,0
1,monolithic_k8s_1svc,31,68.67003199999999,65.95053199998802,2.7195000000119762,602112,1,65.95053199998802,0.18979799995122448,0.02610000001368462,0.0,602112,0.0,0.0,0.0,0.0,0,0.0,0.0,0.0,0.0,0,0.0,0.0,0.0,0.0,0,0.0,0.0,0.0,0.0,0
1,monolithic_k8s_1svc,32,70.57663900002353,67.89631300000565,2.6803260000178852,602112,1,67.89631300000565,0.19109800007299782,0.028498999995463237,0.0,602112,0.0,0.0,0.0,0.0,0,0.0,0.0,0.0,0.0,0,0.0,0.0,0.0,0.0,0,0.0,0.0,0.0,0.0,0
1,monolithic_k8s_1svc,33,70.6683379999049,67.7905139999666,2.8778239999383004,602112,1,67.7905139999666,0.19379799994112545,0.026799000011124008,0.0,602112,0.0,0.0,0.0,0.0,0,0.0,0.0,0.0,0.0,0,0.0,0.0,0.0,0.0,0,0.0,0.0,0.0,0.0,0
1,monolithic_k8s_1svc,34,67.90103000003,65.16923899994254,2.731791000087469,602112,1,65.16923899994254,0.21639800002049014,0.026000000048043148,0.0,602112,0.0,0.0,0.0,0.0,0,0.0,0.0,0.0,0.0,0,0.0,0.0,0.0,0.0,0,0.0,0.0,0.0,0.0,0
1,monolithic_k8s_1svc,35,69.77653599994937,66.8973230000347,2.879212999914671,602112,1,66.8973230000347,0.203398000053312,0.026698999931795697,0.0,602112,0.0,0.0,0.0,0.0,0,0.0,0.0,0.0,0.0,0,0.0,0.0,0.0,0.0,0,0.0,0.0,0.0,0.0,0
1,monolithic_k8s_1svc,36,67.3570279999467,64.56904600008784,2.7879819998588573,602112,1,64.56904600008784,0.18419799994262576,0.026599999955578824,0.0,602112,0.0,0.0,0.0,0.0,0,0.0,0.0,0.0,0.0,0,0.0,0.0,0.0,0.0,0,0.0,0.0,0.0,0.0,0
1,monolithic_k8s_1svc,37,69.1641340000615,66.4050270000871,2.7591069999743922,602112,1,66.4050270000871,0.1986979999628602,0.02779999999802385,0.0,602112,0.0,0.0,0.0,0.0,0,0.0,0.0,0.0,0.0,0,0.0,0.0,0.0,0.0,0,0.0,0.0,0.0,0.0,0
1,monolithic_k8s_1svc,38,71.35634100006882,68.5164059999579,2.839935000110927,602112,1,68.5164059999579,0.205998000069485,0.02870000002985762,0.0,602112,0.0,0.0,0.0,0.0,0,0.0,0.0,0.0,0.0,0,0.0,0.0,0.0,0.0,0,0.0,0.0,0.0,0.0,0
1,monolithic_k8s_1svc,39,71.38254099993446,68.3280079999804,3.0545329999540627,602112,1,68.3280079999804,0.2018980000002557,0.028099000019210507,0.0,602112,0.0,0.0,0.0,0.0,0,0.0,0.0,0.0,0.0,0,0.0,0.0,0.0,0.0,0,0.0,0.0,0.0,0.0,0
1,monolithic_k8s_1svc,40,70.00863600001139,67.02002099996207,2.9886150000493217,602112,1,67.02002099996207,0.21429799994621135,0.027200000090488174,0.0,602112,0.0,0.0,0.0,0.0,0,0.0,0.0,0.0,0.0,0,0.0,0.0,0.0,0.0,0,0.0,0.0,0.0,0.0,0
1,monolithic_k8s_1svc,41,68.51893199996084,65.9286320000092,2.5902999999516396,602112,1,65.9286320000092,0.1807989999633719,0.029300000051080133,0.0,602112,0.0,0.0,0.0,0.0,0,0.0,0.0,0.0,0.0,0,0.0,0.0,0.0,0.0,0,0.0,0.0,0.0,0.0,0
1,monolithic_k8s_1svc,42,70.50333799998043,67.59131599994816,2.912022000032266,602112,1,67.59131599994816,0.18249800007197337,0.026699000045482535,0.0,602112,0.0,0.0,0.0,0.0,0,0.0,0.0,0.0,0.0,0,0.0,0.0,0.0,0.0,0,0.0,0.0,0.0,0.0,0
1,monolithic_k8s_1svc,43,70.66843800009792,66.9862209999792,3.682217000118726,602112,1,66.9862209999792,0.20459799998207018,0.02790000007735216,0.0,602112,0.0,0.0,0.0,0.0,0,0.0,0.0,0.0,0.0,0,0.0,0.0,0.0,0.0,0,0.0,0.0,0.0,0.0,0
1,monolithic_k8s_1svc,44,69.0292330000375,66.30162900000869,2.727604000028805,602112,1,66.30162900000869,0.20199799996589718,0.02909900001668575,0.0,602112,0.0,0.0,0.0,0.0,0,0.0,0.0,0.0,0.0,0,0.0,0.0,0.0,0.0,0,0.0,0.0,0.0,0.0,0
1,monolithic_k8s_1svc,45,68.57343199999377,65.72283400009837,2.850597999895399,602112,1,65.72283400009837,0.20009799993658817,0.026299999944967567,0.0,602112,0.0,0.0,0.0,0.0,0,0.0,0.0,0.0,0.0,0,0.0,0.0,0.0,0.0,0,0.0,0.0,0.0,0.0,0
1,monolithic_k8s_1svc,46,68.19613000004665,64.99284100004843,3.2032889999982217,602112,1,64.99284100004843,0.17539799989663152,0.026700000034907134,0.0,602112,0.0,0.0,0.0,0.0,0,0.0,0.0,0.0,0.0,0,0.0,0.0,0.0,0.0,0,0.0,0.0,0.0,0.0,0
1,monolithic_k8s_1svc,47,69.9761360000366,66.95642199997565,3.019714000060958,602112,1,66.95642199997565,0.19679800004723802,0.027600000066740904,0.0,602112,0.0,0.0,0.0,0.0,0,0.0,0.0,0.0,0.0,0,0.0,0.0,0.0,0.0,0,0.0,0.0,0.0,0.0,0
1,monolithic_k8s_1svc,48,71.89464299995052,69.04210100003638,2.8525419999141377,602112,1,69.04210100003638,0.19759799999974348,0.026698999931795697,0.0,602112,0.0,0.0,0.0,0.0,0,0.0,0.0,0.0,0.0,0,0.0,0.0,0.0,0.0,0,0.0,0.0,0.0,0.0,0
1,monolithic_k8s_1svc,49,68.29073100004734,65.28823799999373,3.0024930000536187,602112,1,65.28823799999373,0.20549800001390395,0.024499999994986865,0.0,602112,0.0,0.0,0.0,0.0,0,0.0,0.0,0.0,0.0,0,0.0,0.0,0.0,0.0,0,0.0,0.0,0.0,0.0,0
1,monolithic_k8s_1svc,50,68.12923100005719,65.20733900003961,2.9218920000175785,602112,1,65.20733900003961,0.190397999972447,0.025899999968714837,0.0,602112,0.0,0.0,0.0,0.0,0,0.0,0.0,0.0,0.0,0,0.0,0.0,0.0,0.0,0,0.0,0.0,0.0,0.0,0
1,monolithic_k8s_1svc,51,69.27253499998187,66.14173100001608,3.130803999965792,602112,1,66.14173100001608,0.18609799997193477,0.02819899998485198,0.0,602112,0.0,0.0,0.0,0.0,0,0.0,0.0,0.0,0.0,0,0.0,0.0,0.0,0.0,0,0.0,0.0,0.0,0.0,0
1,monolithic_k8s_1svc,52,69.46933500000796,66.72062400002687,2.7487109999810855,602112,1,66.72062400002687,0.19979800003966375,0.02819999997427658,0.0,602112,0.0,0.0,0.0,0.0,0,0.0,0.0,0.0,0.0,0,0.0,0.0,0.0,0.0,0,0.0,0.0,0.0,0.0,0
1,monolithic_k8s_1svc,53,67.7141290000236,64.90064299998721,2.8134860000363915,602112,1,64.90064299998721,0.19589800001540425,0.02689999996619008,0.0,602112,0.0,0.0,0.0,0.0,0,0.0,0.0,0.0,0.0,0,0.0,0.0,0.0,0.0,0,0.0,0.0,0.0,0.0,0
1,monolithic_k8s_1svc,54,67.5674290000643,64.84884300004978,2.7185860000145112,602112,1,64.84884300004978,0.18169800000578107,0.02649999998993735,0.0,602112,0.0,0.0,0.0,0.0,0,0.0,0.0,0.0,0.0,0,0.0,0.0,0.0,0.0,0,0.0,0.0,0.0,0.0,0
1,monolithic_k8s_1svc,55,68.56633099994269,65.71963399994729,2.8466969999954017,602112,1,65.71963399994729,0.1960979999466872,0.027600000066740904,0.0,602112,0.0,0.0,0.0,0.0,0,0.0,0.0,0.0,0.0,0,0.0,0.0,0.0,0.0,0,0.0,0.0,0.0,0.0,0
1,monolithic_k8s_1svc,56,69.47253499993167,66.47512600000027,2.9974089999313946,602112,1,66.47512600000027,0.18979900005433592,0.027499999987412593,0.0,602112,0.0,0.0,0.0,0.0,0,0.0,0.0,0.0,0.0,0,0.0,0.0,0.0,0.0,0,0.0,0.0,0.0,0.0,0
1,monolithic_k8s_1svc,57,68.84083200009172,66.05503100001897,2.7858010000727518,602112,1,66.05503100001897,0.18569799999568204,0.025399999913133797,0.0,602112,0.0,0.0,0.0,0.0,0,0.0,0.0,0.0,0.0,0,0.0,0.0,0.0,0.0,0,0.0,0.0,0.0,0.0,0
1,monolithic_k8s_1svc,58,70.30593800004681,67.64701400004469,2.6589240000021164,602112,1,67.64701400004469,0.2064980000113792,0.026800000000548607,0.0,602112,0.0,0.0,0.0,0.0,0,0.0,0.0,0.0,0.0,0,0.0,0.0,0.0,0.0,0,0.0,0.0,0.0,0.0,0
1,monolithic_k8s_1svc,59,71.1031409999805,67.71111399996244,3.392027000018061,602112,1,67.71111399996244,0.18459800003256532,0.027499999987412593,0.0,602112,0.0,0.0,0.0,0.0,0,0.0,0.0,0.0,0.0,0,0.0,0.0,0.0,0.0,0,0.0,0.0,0.0,0.0,0
1,monolithic_k8s_1svc,60,67.16992700000901,64.48014700004023,2.6897799999687777,602112,1,64.48014700004023,0.18929800000933028,0.026299999944967567,0.0,602112,0.0,0.0,0.0,0.0,0,0.0,0.0,0.0,0.0,0,0.0,0.0,0.0,0.0,0,0.0,0.0,0.0,0.0,0
1,monolithic_k8s_1svc,61,69.11433400000533,66.38502800001334,2.7293059999919933,602112,1,66.38502800001334,0.1909979999936695,0.02779900000859925,0.0,602112,0.0,0.0,0.0,0.0,0,0.0,0.0,0.0,0.0,0,0.0,0.0,0.0,0.0,0,0.0,0.0,0.0,0.0,0
1,monolithic_k8s_1svc,62,69.07843300007244,66.46322699998564,2.6152060000868005,602112,1,66.46322699998564,0.1935980000098425,0.027700000032382377,0.0,602112,0.0,0.0,0.0,0.0,0,0.0,0.0,0.0,0.0,0,0.0,0.0,0.0,0.0,0,0.0,0.0,0.0,0.0,0
1,monolithic_k8s_1svc,63,70.01253600003565,67.26381800001491,2.7487180000207445,602112,1,67.26381800001491,0.1904980000517753,0.026999999931831553,0.0,602112,0.0,0.0,0.0,0.0,0,0.0,0.0,0.0,0.0,0,0.0,0.0,0.0,0.0,0,0.0,0.0,0.0,0.0,0
1,monolithic_k8s_1svc,64,67.58202899993648,64.79244399997697,2.7895849999595157,602112,1,64.79244399997697,0.19569799997043447,0.025799000013648765,0.0,602112,0.0,0.0,0.0,0.0,0,0.0,0.0,0.0,0.0,0,0.0,0.0,0.0,0.0,0,0.0,0.0,0.0,0.0,0
1,monolithic_k8s_1svc,65,70.10333700009141,67.4417169999515,2.6616200001399193,602112,1,67.4417169999515,0.19339800007855956,0.029299999937393295,0.0,602112,0.0,0.0,0.0,0.0,0,0.0,0.0,0.0,0.0,0,0.0,0.0,0.0,0.0,0,0.0,0.0,0.0,0.0,0
1,monolithic_k8s_1svc,66,68.67523200003234,66.03623099999822,2.6390010000341135,602112,1,66.03623099999822,0.20739800004321296,0.027998999939882196,0.0,602112,0.0,0.0,0.0,0.0,0,0.0,0.0,0.0,0.0,0,0.0,0.0,0.0,0.0,0,0.0,0.0,0.0,0.0,0
1,monolithic_k8s_1svc,67,70.09053699994183,67.21691900008864,2.873617999853195,602112,1,67.21691900008864,0.18739799998002127,0.02689999996619008,0.0,602112,0.0,0.0,0.0,0.0,0,0.0,0.0,0.0,0.0,0,0.0,0.0,0.0,0.0,0,0.0,0.0,0.0,0.0,0
1,monolithic_k8s_1svc,68,68.92653300008078,65.71313500000997,3.2133980000708107,602112,1,65.71313500000997,0.18769799999063252,0.027199999976801337,0.0,602112,0.0,0.0,0.0,0.0,0,0.0,0.0,0.0,0.0,0,0.0,0.0,0.0,0.0,0,0.0,0.0,0.0,0.0,0
1,monolithic_k8s_1svc,69,69.80183600001055,66.7468240000062,3.0550120000043535,602112,1,66.7468240000062,0.19679800004723802,0.026198999989901495,0.0,602112,0.0,0.0,0.0,0.0,0,0.0,0.0,0.0,0.0,0,0.0,0.0,0.0,0.0,0,0.0,0.0,0.0,0.0,0
1,monolithic_k8s_1svc,70,69.44163500008926,66.45152700002654,2.990108000062719,602112,1,66.45152700002654,0.20509799992396438,0.02689999996619008,0.0,602112,0.0,0.0,0.0,0.0,0,0.0,0.0,0.0,0.0,0,0.0,0.0,0.0,0.0,0,0.0,0.0,0.0,0.0,0
1,monolithic_k8s_1svc,71,69.25943499993537,66.29112800010262,2.9683069998327483,602112,1,66.29112800010262,0.21709800000735413,0.025899999968714837,0.0,602112,0.0,0.0,0.0,0.0,0,0.0,0.0,0.0,0.0,0,0.0,0.0,0.0,0.0,0,0.0,0.0,0.0,0.0,0
1,monolithic_k8s_1svc,72,68.26223100006246,65.4837370000223,2.778494000040155,602112,1,65.4837370000223,0.19209799995678623,0.027599999953054066,0.0,602112,0.0,0.0,0.0,0.0,0,0.0,0.0,0.0,0.0,0,0.0,0.0,0.0,0.0,0,0.0,0.0,0.0,0.0,0
1,monolithic_k8s_1svc,73,70.54713799993806,67.64271399993049,2.904424000007566,602112,1,67.64271399993049,0.18609899996135937,0.02740000002177112,0.0,602112,0.0,0.0,0.0,0.0,0,0.0,0.0,0.0,0.0,0,0.0,0.0,0.0,0.0,0,0.0,0.0,0.0,0.0,0
1,monolithic_k8s_1svc,74,68.73953199999505,65.9326319999991,2.8068999999959487,602112,1,65.9326319999991,0.2096980000487747,0.025800000003073364,0.0,602112,0.0,0.0,0.0,0.0,0,0.0,0.0,0.0,0.0,0,0.0,0.0,0.0,0.0,0,0.0,0.0,0.0,0.0,0
1,monolithic_k8s_1svc,75,67.88912899992283,65.25753899995834,2.63158999996449,602112,1,65.25753899995834,0.1916979999805335,0.025699000048007292,0.0,602112,0.0,0.0,0.0,0.0,0,0.0,0.0,0.0,0.0,0,0.0,0.0,0.0,0.0,0,0.0,0.0,0.0,0.0,0
1,monolithic_k8s_1svc,76,66.89982600005351,64.22464900003888,2.675177000014628,602112,1,64.22464900003888,0.1820979999820338,0.026700000034907134,0.0,602112,0.0,0.0,0.0,0.0,0,0.0,0.0,0.0,0.0,0,0.0,0.0,0.0,0.0,0,0.0,0.0,0.0,0.0,0
1,monolithic_k8s_1svc,77,67.16942699995343,64.40054799998052,2.7688789999729124,602112,1,64.40054799998052,0.18409800009067112,0.024800000005598122,0.0,602112,0.0,0.0,0.0,0.0,0,0.0,0.0,0.0,0.0,0,0.0,0.0,0.0,0.0,0,0.0,0.0,0.0,0.0,0
1,monolithic_k8s_1svc,78,66.45042399998147,63.7266549999822,2.7237689999992654,602112,1,63.7266549999822,0.19659800000226824,0.02510000001620938,0.0,602112,0.0,0.0,0.0,0.0,0,0.0,0.0,0.0,0.0,0,0.0,0.0,0.0,0.0,0,0.0,0.0,0.0,0.0,0
1,monolithic_k8s_1svc,79,71.99784399995224,69.13310000004458,2.8647439999076596,602112,1,69.13310000004458,0.19129800000428077,0.02729999994244281,0.0,602112,0.0,0.0,0.0,0.0,0,0.0,0.0,0.0,0.0,0,0.0,0.0,0.0,0.0,0,0.0,0.0,0.0,0.0,0
1,monolithic_k8s_1svc,80,70.7187390000854,67.3748170000863,3.343921999999111,602112,1,67.3748170000863,0.21489799996743386,0.027999999929306796,0.0,602112,0.0,0.0,0.0,0.0,0,0.0,0.0,0.0,0.0,0,0.0,0.0,0.0,0.0,0,0.0,0.0,0.0,0.0,0
1,monolithic_k8s_1svc,81,69.61993499999153,66.63352500004294,2.9864099999485916,602112,1,66.63352500004294,0.21299799993812485,0.027199999976801337,0.0,602112,0.0,0.0,0.0,0.0,0,0.0,0.0,0.0,0.0,0,0.0,0.0,0.0,0.0,0,0.0,0.0,0.0,0.0,0
1,monolithic_k8s_1svc,82,69.82103600000755,67.0048870000528,2.8161489999547484,602112,1,67.0048870000528,0.19379799994112545,0.02819899998485198,0.0,602112,0.0,0.0,0.0,0.0,0,0.0,0.0,0.0,0.0,0,0.0,0.0,0.0,0.0,0,0.0,0.0,0.0,0.0,0
1,monolithic_k8s_1svc,83,70.2923369999553,67.44635999996262,2.845976999992672,602112,1,67.44635999996262,0.20489799999268143,0.02779900000859925,0.0,602112,0.0,0.0,0.0,0.0,0,0.0,0.0,0.0,0.0,0,0.0,0.0,0.0,0.0,0,0.0,0.0,0.0,0.0,0
1,monolithic_k8s_1svc,84,67.54882800009909,64.71058099998572,2.8382470001133697,602112,1,64.71058099998572,0.21529800005737343,0.02570000003743189,0.0,602112,0.0,0.0,0.0,0.0,0,0.0,0.0,0.0,0.0,0,0.0,0.0,0.0,0.0,0,0.0,0.0,0.0,0.0,0
1,monolithic_k8s_1svc,85,67.64542899998105,64.5650819999446,3.080347000036454,602112,1,64.5650819999446,0.1834990000588732,0.026300000058654405,0.0,602112,0.0,0.0,0.0,0.0,0,0.0,0.0,0.0,0.0,0,0.0,0.0,0.0,0.0,0,0.0,0.0,0.0,0.0,0
1,monolithic_k8s_1svc,86,67.91872899998452,65.09827899992615,2.820450000058372,602112,1,65.09827899992615,0.189697999985583,0.027699000042957778,0.0,602112,0.0,0.0,0.0,0.0,0,0.0,0.0,0.0,0.0,0,0.0,0.0,0.0,0.0,0,0.0,0.0,0.0,0.0,0
1,monolithic_k8s_1svc,87,68.82483300000786,66.13027000003058,2.694562999977279,602112,1,66.13027000003058,0.18749899993508734,0.02639900003487128,0.0,602112,0.0,0.0,0.0,0.0,0,0.0,0.0,0.0,0.0,0,0.0,0.0,0.0,0.0,0,0.0,0.0,0.0,0.0,0
1,monolithic_k8s_1svc,88,67.53152900000714,64.83048000006875,2.7010489999383935,602112,1,64.83048000006875,0.1802990000214777,0.027100000011159864,0.0,602112,0.0,0.0,0.0,0.0,0,0.0,0.0,0.0,0.0,0,0.0,0.0,0.0,0.0,0,0.0,0.0,0.0,0.0,0
1,monolithic_k8s_1svc,89,70.12423700007275,67.26376100004927,2.860476000023482,602112,1,67.26376100004927,0.17959899992092687,0.026198999989901495,0.0,602112,0.0,0.0,0.0,0.0,0,0.0,0.0,0.0,0.0,0,0.0,0.0,0.0,0.0,0,0.0,0.0,0.0,0.0,0
1,monolithic_k8s_1svc,90,69.95803699999215,66.92516300006446,3.0328739999276877,602112,1,66.92516300006446,0.1896989999750076,0.02809999989494827,0.0,602112,0.0,0.0,0.0,0.0,0,0.0,0.0,0.0,0.0,0,0.0,0.0,0.0,0.0,0,0.0,0.0,0.0,0.0,0
1,monolithic_k8s_1svc,91,68.7913329999219,65.9398710000687,2.8514619998532,602112,1,65.9398710000687,0.18629900000632915,0.02559999995810358,0.0,602112,0.0,0.0,0.0,0.0,0,0.0,0.0,0.0,0.0,0,0.0,0.0,0.0,0.0,0,0.0,0.0,0.0,0.0,0
1,monolithic_k8s_1svc,92,71.86784299994997,68.86464799993064,3.003195000019332,602112,1,68.86464799993064,0.2242990000240752,0.026699000045482535,0.0,602112,0.0,0.0,0.0,0.0,0,0.0,0.0,0.0,0.0,0,0.0,0.0,0.0,0.0,0,0.0,0.0,0.0,0.0,0
1,monolithic_k8s_1svc,93,69.71923600008267,66.22097000001759,3.4982660000650867,602112,1,66.22097000001759,0.16759799996179936,0.027498999997987994,0.0,602112,0.0,0.0,0.0,0.0,0,0.0,0.0,0.0,0.0,0,0.0,0.0,0.0,0.0,0,0.0,0.0,0.0,0.0,0
1,monolithic_k8s_1svc,94,67.85662900006173,65.03377800004273,2.822851000019,602112,1,65.03377800004273,0.1852990000088539,0.02570000003743189,0.0,602112,0.0,0.0,0.0,0.0,0,0.0,0.0,0.0,0.0,0,0.0,0.0,0.0,0.0,0,0.0,0.0,0.0,0.0,0
1,monolithic_k8s_1svc,95,67.81662899993535,64.76848099998733,3.0481479999480143,602112,1,64.76848099998733,0.18799800000124378,0.02510000001620938,0.0,602112,0.0,0.0,0.0,0.0,0,0.0,0.0,0.0,0.0,0,0.0,0.0,0.0,0.0,0,0.0,0.0,0.0,0.0,0
1,monolithic_k8s_1svc,96,69.17893399997865,66.31596900001568,2.862964999962969,602112,1,66.31596900001568,0.1763980000077936,0.027199999976801337,0.0,602112,0.0,0.0,0.0,0.0,0,0.0,0.0,0.0,0.0,0,0.0,0.0,0.0,0.0,0,0.0,0.0,0.0,0.0,0
1,monolithic_k8s_1svc,97,72.68814599990492,69.83514000000923,2.853005999895686,602112,1,69.83514000000923,0.20849800000632968,0.027499999987412593,0.0,602112,0.0,0.0,0.0,0.0,0,0.0,0.0,0.0,0.0,0,0.0,0.0,0.0,0.0,0,0.0,0.0,0.0,0.0,0
1,monolithic_k8s_1svc,98,70.5555380000078,67.77465699997265,2.7808810000351514,602112,1,67.77465699997265,0.19299799998862,0.027700000032382377,0.0,602112,0.0,0.0,0.0,0.0,0,0.0,0.0,0.0,0.0,0,0.0,0.0,0.0,0.0,0,0.0,0.0,0.0,0.0,0
1,monolithic_k8s_1svc,99,69.03193300001931,66.31196800003636,2.719964999982949,602112,1,66.31196800003636,0.1807989999633719,0.02729999994244281,0.0,602112,0.0,0.0,0.0,0.0,0,0.0,0.0,0.0,0.0,0,0.0,0.0,0.0,0.0,0,0.0,0.0,0.0,0.0,0
1,monolithic_k8s_1svc,100,68.47843200000625,65.73987299998407,2.7385590000221782,602112,1,65.73987299998407,0.20219800001086696,0.027499999987412593,0.0,602112,0.0,0.0,0.0,0.0,0,0.0,0.0,0.0,0.0,0,0.0,0.0,0.0,0.0,0,0.0,0.0,0.0,0.0,0
1,monolithic_k8s_1svc,101,67.17342700005702,64.41738399996666,2.756043000090358,602112,1,64.41738399996666,0.19289800002297852,0.04269999999451102,0.0,602112,0.0,0.0,0.0,0.0,0,0.0,0.0,0.0,0.0,0,0.0,0.0,0.0,0.0,0,0.0,0.0,0.0,0.0,0
1,monolithic_k8s_1svc,102,68.33953099999235,65.4506760000686,2.888854999923751,602112,1,65.4506760000686,0.18619799993757624,0.02599999993435631,0.0,602112,0.0,0.0,0.0,0.0,0,0.0,0.0,0.0,0.0,0,0.0,0.0,0.0,0.0,0,0.0,0.0,0.0,0.0,0
1,monolithic_k8s_1svc,103,68.55193199999121,65.81147299993972,2.7404590000514872,602112,1,65.81147299993972,0.16589799997746013,0.02649999998993735,0.0,602112,0.0,0.0,0.0,0.0,0,0.0,0.0,0.0,0.0,0,0.0,0.0,0.0,0.0,0,0.0,0.0,0.0,0.0,0
1,monolithic_k8s_1svc,104,67.51072800000202,64.76898000005349,2.7417479999485295,602112,1,64.76898000005349,0.17479899997852044,0.027499999987412593,0.0,602112,0.0,0.0,0.0,0.0,0,0.0,0.0,0.0,0.0,0,0.0,0.0,0.0,0.0,0,0.0,0.0,0.0,0.0,0
1,monolithic_k8s_1svc,105,68.76273299997138,65.96487100000559,2.7978619999657894,602112,1,65.96487100000559,0.2229980000265641,0.02700000004551839,0.0,602112,0.0,0.0,0.0,0.0,0,0.0,0.0,0.0,0.0,0,0.0,0.0,0.0,0.0,0,0.0,0.0,0.0,0.0,0
1,monolithic_k8s_1svc,106,68.012729999964,65.33427700003358,2.678452999930414,602112,1,65.33427700003358,0.1890979999643605,0.02599899994493171,0.0,602112,0.0,0.0,0.0,0.0,0,0.0,0.0,0.0,0.0,0,0.0,0.0,0.0,0.0,0,0.0,0.0,0.0,0.0,0
1,monolithic_k8s_1svc,107,68.25573099990834,65.57787500003087,2.6778559998774654,602112,1,65.57787500003087,0.1940979999517367,0.028498999995463237,0.0,602112,0.0,0.0,0.0,0.0,0,0.0,0.0,0.0,0.0,0,0.0,0.0,0.0,0.0,0,0.0,0.0,0.0,0.0,0
1,monolithic_k8s_1svc,108,71.73644199997398,68.1259539999246,3.610488000049372,602112,1,68.1259539999246,0.5016960000148174,0.027600000066740904,0.0,602112,0.0,0.0,0.0,0.0,0,0.0,0.0,0.0,0.0,0,0.0,0.0,0.0,0.0,0,0.0,0.0,0.0,0.0,0
1,monolithic_k8s_1svc,109,71.9735430000128,68.74854900001992,3.2249939999928756,602112,1,68.74854900001992,0.20219900000029156,0.02949999998236308,0.0,602112,0.0,0.0,0.0,0.0,0,0.0,0.0,0.0,0.0,0,0.0,0.0,0.0,0.0,0,0.0,0.0,0.0,0.0,0
1,monolithic_k8s_1svc,110,71.42604099999517,68.54945099996712,2.8765900000280453,602112,1,68.54945099996712,0.20919799999319366,0.027199999976801337,0.0,602112,0.0,0.0,0.0,0.0,0,0.0,0.0,0.0,0.0,0,0.0,0.0,0.0,0.0,0,0.0,0.0,0.0,0.0,0
1,monolithic_k8s_1svc,111,74.06825000009576,71.11042999997608,2.957820000119682,602112,1,71.11042999997608,0.28149800004939607,0.026199999979326094,0.0,602112,0.0,0.0,0.0,0.0,0,0.0,0.0,0.0,0.0,0,0.0,0.0,0.0,0.0,0,0.0,0.0,0.0,0.0,0
1,monolithic_k8s_1svc,112,69.22593399997368,66.15957000008166,3.066363999892019,602112,1,66.15957000008166,0.18999799999619427,0.027499999987412593,0.0,602112,0.0,0.0,0.0,0.0,0,0.0,0.0,0.0,0.0,0,0.0,0.0,0.0,0.0,0,0.0,0.0,0.0,0.0,0
1,monolithic_k8s_1svc,113,71.51614199995038,68.40335099991535,3.112791000035031,602112,1,68.40335099991535,0.2031989999977668,0.026400000024295878,0.0,602112,0.0,0.0,0.0,0.0,0,0.0,0.0,0.0,0.0,0,0.0,0.0,0.0,0.0,0,0.0,0.0,0.0,0.0,0
1,monolithic_k8s_1svc,114,68.15903099993648,65.41467599993211,2.7443550000043615,602112,1,65.41467599993211,0.17229900004167575,0.025799000013648765,0.0,602112,0.0,0.0,0.0,0.0,0,0.0,0.0,0.0,0.0,0,0.0,0.0,0.0,0.0,0,0.0,0.0,0.0,0.0,0
1,monolithic_k8s_1svc,115,70.33713800001351,67.7377570000317,2.599380999981804,602112,1,67.7377570000317,0.17939899998964393,0.02570000003743189,0.0,602112,0.0,0.0,0.0,0.0,0,0.0,0.0,0.0,0.0,0,0.0,0.0,0.0,0.0,0,0.0,0.0,0.0,0.0,0
1,monolithic_k8s_1svc,116,69.06483299997035,66.25986799997463,2.8049649999957182,602112,1,66.25986799997463,0.19019900003058865,0.02559999995810358,0.0,602112,0.0,0.0,0.0,0.0,0,0.0,0.0,0.0,0.0,0,0.0,0.0,0.0,0.0,0,0.0,0.0,0.0,0.0,0
1,monolithic_k8s_1svc,117,68.4564320000618,65.7959730000357,2.660459000026094,602112,1,65.7959730000357,0.1776980000158801,0.027199999976801337,0.0,602112,0.0,0.0,0.0,0.0,0,0.0,0.0,0.0,0.0,0,0.0,0.0,0.0,0.0,0,0.0,0.0,0.0,0.0,0
1,monolithic_k8s_1svc,118,67.11312699997052,64.44488299996465,2.6682440000058705,602112,1,64.44488299996465,0.17739899999469344,0.02700000004551839,0.0,602112,0.0,0.0,0.0,0.0,0,0.0,0.0,0.0,0.0,0,0.0,0.0,0.0,0.0,0,0.0,0.0,0.0,0.0,0
1,monolithic_k8s_1svc,119,67.82012900009704,65.01977799996439,2.8003510001326504,602112,1,65.01977799996439,0.1906990000861697,0.026700000034907134,0.0,602112,0.0,0.0,0.0,0.0,0,0.0,0.0,0.0,0.0,0,0.0,0.0,0.0,0.0,0,0.0,0.0,0.0,0.0,0
1,monolithic_k8s_1svc,120,70.24303699995471,67.6995580000721,2.543478999882609,602112,1,67.6995580000721,0.16499799994562636,0.026700000034907134,0.0,602112,0.0,0.0,0.0,0.0,0,0.0,0.0,0.0,0.0,0,0.0,0.0,0.0,0.0,0,0.0,0.0,0.0,0.0,0
1,monolithic_k8s_1svc,121,70.92483999997512,67.73955699998169,3.185282999993433,602112,1,67.73955699998169,0.20069899994723528,0.028499999984887836,0.0,602112,0.0,0.0,0.0,0.0,0,0.0,0.0,0.0,0.0,0,0.0,0.0,0.0,0.0,0,0.0,0.0,0.0,0.0,0
1,monolithic_k8s_1svc,122,67.16462700001102,64.26208400000633,2.902543000004698,602112,1,64.26208400000633,0.18099900000834168,0.02599999993435631,0.0,602112,0.0,0.0,0.0,0.0,0,0.0,0.0,0.0,0.0,0,0.0,0.0,0.0,0.0,0,0.0,0.0,0.0,0.0,0
1,monolithic_k8s_1svc,123,67.33622700005526,64.68158199993468,2.6546450001205812,602112,1,64.68158199993468,0.1712980000547759,0.026000000048043148,0.0,602112,0.0,0.0,0.0,0.0,0,0.0,0.0,0.0,0.0,0,0.0,0.0,0.0,0.0,0,0.0,0.0,0.0,0.0,0
1,monolithic_k8s_1svc,124,68.71023200005766,66.01747000001978,2.692762000037874,602112,1,66.01747000001978,0.20839899991642596,0.028499999984887836,0.0,602112,0.0,0.0,0.0,0.0,0,0.0,0.0,0.0,0.0,0,0.0,0.0,0.0,0.0,0,0.0,0.0,0.0,0.0,0
1,monolithic_k8s_1svc,125,71.66484200001833,68.83134800000335,2.83349400001498,602112,1,68.83134800000335,0.1839990000007674,0.028100000008635106,0.0,602112,0.0,0.0,0.0,0.0,0,0.0,0.0,0.0,0.0,0,0.0,0.0,0.0,0.0,0,0.0,0.0,0.0,0.0,0
1,monolithic_k8s_1svc,126,71.17864000008467,68.15335399994638,3.025286000138294,602112,1,68.15335399994638,0.19169800009422033,0.02779999999802385,0.0,602112,0.0,0.0,0.0,0.0,0,0.0,0.0,0.0,0.0,0,0.0,0.0,0.0,0.0,0,0.0,0.0,0.0,0.0,0
1,monolithic_k8s_1svc,127,70.3792379999868,67.61025799994513,2.7689800000416653,602112,1,67.61025799994513,0.20749800000885443,0.027499999987412593,0.0,602112,0.0,0.0,0.0,0.0,0,0.0,0.0,0.0,0.0,0,0.0,0.0,0.0,0.0,0,0.0,0.0,0.0,0.0,0
1,monolithic_k8s_1svc,128,70.1267370000096,67.56175900000017,2.5649780000094324,602112,1,67.56175900000017,0.20379800002956472,0.028499999984887836,0.0,602112,0.0,0.0,0.0,0.0,0,0.0,0.0,0.0,0.0,0,0.0,0.0,0.0,0.0,0,0.0,0.0,0.0,0.0,0
1,monolithic_k8s_1svc,129,68.14583000004859,65.55117499999596,2.594655000052626,602112,1,65.55117499999596,0.18199800001639233,0.028399000029821764,0.0,602112,0.0,0.0,0.0,0.0,0,0.0,0.0,0.0,0.0,0,0.0,0.0,0.0,0.0,0,0.0,0.0,0.0,0.0,0
1,monolithic_k8s_1svc,130,69.5874080000749,66.70256500001415,2.884843000060755,602112,1,66.70256500001415,0.1987980000421885,0.026299999944967567,0.0,602112,0.0,0.0,0.0,0.0,0,0.0,0.0,0.0,0.0,0,0.0,0.0,0.0,0.0,0,0.0,0.0,0.0,0.0,0
1,monolithic_k8s_1svc,131,69.1909619999933,66.32916799992472,2.861794000068585,602112,1,66.32916799992472,0.18189900004017545,0.028000000042993634,0.0,602112,0.0,0.0,0.0,0.0,0,0.0,0.0,0.0,0.0,0,0.0,0.0,0.0,0.0,0,0.0,0.0,0.0,0.0,0
1,monolithic_k8s_1svc,132,73.01025900005698,69.89043999999467,3.119819000062307,602112,1,69.89043999999467,0.19529799999418174,0.026800000000548607,0.0,602112,0.0,0.0,0.0,0.0,0,0.0,0.0,0.0,0.0,0,0.0,0.0,0.0,0.0,0,0.0,0.0,0.0,0.0,0
1,monolithic_k8s_1svc,133,68.16726199997447,65.39387500004068,2.7733869999337912,602112,1,65.39387500004068,0.22399900001346396,0.026299999944967567,0.0,602112,0.0,0.0,0.0,0.0,0,0.0,0.0,0.0,0.0,0,0.0,0.0,0.0,0.0,0,0.0,0.0,0.0,0.0,0
1,monolithic_k8s_1svc,134,67.7720619999036,65.0704779999387,2.701583999964896,602112,1,65.0704779999387,0.18499899999824265,0.02610000001368462,0.0,602112,0.0,0.0,0.0,0.0,0,0.0,0.0,0.0,0.0,0,0.0,0.0,0.0,0.0,0,0.0,0.0,0.0,0.0,0
1,monolithic_k8s_1svc,135,67.08716299999651,64.39928399993278,2.687879000063731,602112,1,64.39928399993278,0.18719900003816292,0.027498999997987994,0.0,602112,0.0,0.0,0.0,0.0,0,0.0,0.0,0.0,0.0,0,0.0,0.0,0.0,0.0,0,0.0,0.0,0.0,0.0,0
1,monolithic_k8s_1svc,136,68.03996299993287,65.04507799991188,2.994885000020986,602112,1,65.04507799991188,0.20559900008265686,0.02660000006926566,0.0,602112,0.0,0.0,0.0,0.0,0,0.0,0.0,0.0,0.0,0,0.0,0.0,0.0,0.0,0,0.0,0.0,0.0,0.0,0
1,monolithic_k8s_1svc,137,68.05866299998797,65.28947699996479,2.7691860000231827,602112,1,65.28947699996479,0.1711979999754476,0.026300000058654405,0.0,602112,0.0,0.0,0.0,0.0,0,0.0,0.0,0.0,0.0,0,0.0,0.0,0.0,0.0,0,0.0,0.0,0.0,0.0,0
1,monolithic_k8s_1svc,138,69.03376200000366,66.11266999993859,2.921092000065073,602112,1,66.11266999993859,0.19859799999721872,0.027200000090488174,0.0,602112,0.0,0.0,0.0,0.0,0,0.0,0.0,0.0,0.0,0,0.0,0.0,0.0,0.0,0,0.0,0.0,0.0,0.0,0
1,monolithic_k8s_1svc,139,79.86015500000576,76.97608299997682,2.8840720000289366,602112,1,76.97608299997682,0.21629799994116183,0.027100000011159864,0.0,602112,0.0,0.0,0.0,0.0,0,0.0,0.0,0.0,0.0,0,0.0,0.0,0.0,0.0,0,0.0,0.0,0.0,0.0,0
1,monolithic_k8s_1svc,140,69.97606099992026,67.37585999997009,2.600200999950175,602112,1,67.37585999997009,0.17889899993406289,0.02920000008543866,0.0,602112,0.0,0.0,0.0,0.0,0,0.0,0.0,0.0,0.0,0,0.0,0.0,0.0,0.0,0,0.0,0.0,0.0,0.0,0
1,monolithic_k8s_1svc,141,69.53566099991804,66.67206500003431,2.863595999883728,602112,1,66.67206500003431,0.235697999983131,0.02769999991869554,0.0,602112,0.0,0.0,0.0,0.0,0,0.0,0.0,0.0,0.0,0,0.0,0.0,0.0,0.0,0,0.0,0.0,0.0,0.0,0
1,monolithic_k8s_1svc,142,69.13226200003919,66.46596699999918,2.6662950000400087,602112,1,66.46596699999918,0.212198999975044,0.027599999953054066,0.0,602112,0.0,0.0,0.0,0.0,0,0.0,0.0,0.0,0.0,0,0.0,0.0,0.0,0.0,0,0.0,0.0,0.0,0.0,0
1,monolithic_k8s_1svc,143,67.24036200000683,64.63928199991642,2.6010800000904055,602112,1,64.63928199991642,0.19009800007552258,0.026900000079876918,0.0,602112,0.0,0.0,0.0,0.0,0,0.0,0.0,0.0,0.0,0,0.0,0.0,0.0,0.0,0,0.0,0.0,0.0,0.0,0
1,monolithic_k8s_1svc,144,68.46046199996181,65.86307199995645,2.597390000005362,602112,1,65.86307199995645,0.1852980000194293,0.029300000051080133,0.0,602112,0.0,0.0,0.0,0.0,0,0.0,0.0,0.0,0.0,0,0.0,0.0,0.0,0.0,0,0.0,0.0,0.0,0.0,0
1,monolithic_k8s_1svc,145,67.2077620000664,64.47218299990709,2.735579000159305,602112,1,64.47218299990709,0.17299800003911514,0.026700000034907134,0.0,602112,0.0,0.0,0.0,0.0,0,0.0,0.0,0.0,0.0,0,0.0,0.0,0.0,0.0,0,0.0,0.0,0.0,0.0,0
1,monolithic_k8s_1svc,146,68.82466199999726,66.16727000005085,2.6573919999464124,602112,1,66.16727000005085,0.18639799998254603,0.02649999998993735,0.0,602112,0.0,0.0,0.0,0.0,0,0.0,0.0,0.0,0.0,0,0.0,0.0,0.0,0.0,0,0.0,0.0,0.0,0.0,0
1,monolithic_k8s_1svc,147,67.33026200004133,64.62988199996289,2.7003800000784395,602112,1,64.62988199996289,0.17939899998964393,0.026298999955542968,0.0,602112,0.0,0.0,0.0,0.0,0,0.0,0.0,0.0,0.0,0,0.0,0.0,0.0,0.0,0,0.0,0.0,0.0,0.0,0
1,monolithic_k8s_1svc,148,67.21816300000683,64.64308099998561,2.5750820000212116,602112,1,64.64308099998561,0.1885990000118909,0.02610000001368462,0.0,602112,0.0,0.0,0.0,0.0,0,0.0,0.0,0.0,0.0,0,0.0,0.0,0.0,0.0,0,0.0,0.0,0.0,0.0,0
1,monolithic_k8s_1svc,149,69.05346100006682,65.97037100004854,3.0830900000182737,602112,1,65.97037100004854,0.19569899995985907,0.025699999923745054,0.0,602112,0.0,0.0,0.0,0.0,0,0.0,0.0,0.0,0.0,0,0.0,0.0,0.0,0.0,0,0.0,0.0,0.0,0.0,0
1,monolithic_k8s_1svc,150,67.2989619999953,64.55858300000727,2.7403789999880246,602112,1,64.55858300000727,0.19329799999923125,0.04329900002630893,0.0,602112,0.0,0.0,0.0,0.0,0,0.0,0.0,0.0,0.0,0,0.0,0.0,0.0,0.0,0,0.0,0.0,0.0,0.0,0
1,monolithic_k8s_1svc,151,68.74176200005877,65.9262710000803,2.815490999978465,602112,1,65.9262710000803,0.18559899990577833,0.02510000001620938,0.0,602112,0.0,0.0,0.0,0.0,0,0.0,0.0,0.0,0.0,0,0.0,0.0,0.0,0.0,0,0.0,0.0,0.0,0.0,0
1,monolithic_k8s_1svc,152,68.78966199997194,65.99317100005919,2.7964909999127485,602112,1,65.99317100005919,0.18819799993252673,0.028100000008635106,0.0,602112,0.0,0.0,0.0,0.0,0,0.0,0.0,0.0,0.0,0,0.0,0.0,0.0,0.0,0,0.0,0.0,0.0,0.0,0
1,monolithic_k8s_1svc,153,70.7877610000196,68.05245500004276,2.7353059999768448,602112,1,68.05245500004276,0.2140980000149284,0.02779999999802385,0.0,602112,0.0,0.0,0.0,0.0,0,0.0,0.0,0.0,0.0,0,0.0,0.0,0.0,0.0,0,0.0,0.0,0.0,0.0,0
1,monolithic_k8s_1svc,154,68.75436199993601,66.02717100008704,2.727190999848972,602112,1,66.02717100008704,0.19469799997295922,0.02639999991060904,0.0,602112,0.0,0.0,0.0,0.0,0,0.0,0.0,0.0,0.0,0,0.0,0.0,0.0,0.0,0,0.0,0.0,0.0,0.0,0
1,monolithic_k8s_1svc,155,70.06556000010278,67.08616200000961,2.9793980000931697,602112,1,67.08616200000961,0.19459800000731775,0.027100000011159864,0.0,602112,0.0,0.0,0.0,0.0,0,0.0,0.0,0.0,0.0,0,0.0,0.0,0.0,0.0,0,0.0,0.0,0.0,0.0,0
1,monolithic_k8s_1svc,156,67.660563000004,65.05267900001854,2.607883999985461,602112,1,65.05267900001854,0.1706980000335534,0.02769999991869554,0.0,602112,0.0,0.0,0.0,0.0,0,0.0,0.0,0.0,0.0,0,0.0,0.0,0.0,0.0,0,0.0,0.0,0.0,0.0,0
1,monolithic_k8s_1svc,157,69.82616100003725,66.89806399992904,2.9280970001082096,602112,1,66.89806399992904,0.18619900004068768,0.02599900005861855,0.0,602112,0.0,0.0,0.0,0.0,0,0.0,0.0,0.0,0.0,0,0.0,0.0,0.0,0.0,0,0.0,0.0,0.0,0.0,0
1,monolithic_k8s_1svc,158,67.96986200004085,65.07627799999227,2.893584000048577,602112,1,65.07627799999227,0.17559900004471274,0.02689999996619008,0.0,602112,0.0,0.0,0.0,0.0,0,0.0,0.0,0.0,0.0,0,0.0,0.0,0.0,0.0,0,0.0,0.0,0.0,0.0,0
1,monolithic_k8s_1svc,159,68.51716100004523,65.83037200005037,2.68678899999486,602112,1,65.83037200005037,0.1999979999709467,0.025699999923745054,0.0,602112,0.0,0.0,0.0,0.0,0,0.0,0.0,0.0,0.0,0,0.0,0.0,0.0,0.0,0,0.0,0.0,0.0,0.0,0
1,monolithic_k8s_1svc,160,68.52646200002255,65.3508770000144,3.175585000008141,602112,1,65.3508770000144,0.18119799995020003,0.026799000011124008,0.0,602112,0.0,0.0,0.0,0.0,0,0.0,0.0,0.0,0.0,0,0.0,0.0,0.0,0.0,0,0.0,0.0,0.0,0.0,0
1,monolithic_k8s_1svc,161,68.88016199991398,66.24406899993573,2.6360929999782456,602112,1,66.24406899993573,0.1911990000280639,0.026598999966154224,0.0,602112,0.0,0.0,0.0,0.0,0,0.0,0.0,0.0,0.0,0,0.0,0.0,0.0,0.0,0,0.0,0.0,0.0,0.0,0
1,monolithic_k8s_1svc,162,69.66206200002034,66.75076499993793,2.9112970000824134,602112,1,66.75076499993793,0.17169800003102864,0.027300000056129647,0.0,602112,0.0,0.0,0.0,0.0,0,0.0,0.0,0.0,0.0,0,0.0,0.0,0.0,0.0,0,0.0,0.0,0.0,0.0,0
1,monolithic_k8s_1svc,163,67.14976199998546,64.20828499994968,2.941477000035775,602112,1,64.20828499994968,0.18379900006948446,0.026300000058654405,0.0,602112,0.0,0.0,0.0,0.0,0,0.0,0.0,0.0,0.0,0,0.0,0.0,0.0,0.0,0,0.0,0.0,0.0,0.0,0
1,monolithic_k8s_1svc,164,69.87826099998529,66.90096399995582,2.9772970000294663,602112,1,66.90096399995582,0.20229899996593304,0.026799000011124008,0.0,602112,0.0,0.0,0.0,0.0,0,0.0,0.0,0.0,0.0,0,0.0,0.0,0.0,0.0,0,0.0,0.0,0.0,0.0,0
1,monolithic_k8s_1svc,165,67.85926199995629,64.91077999999106,2.9484819999652245,602112,1,64.91077999999106,0.18439899997702014,0.02689899997676548,0.0,602112,0.0,0.0,0.0,0.0,0,0.0,0.0,0.0,0.0,0,0.0,0.0,0.0,0.0,0,0.0,0.0,0.0,0.0,0
1,monolithic_k8s_1svc,166,68.80706200001896,65.61557400004858,3.191487999970377,602112,1,65.61557400004858,0.19069899997248285,0.02639999991060904,0.0,602112,0.0,0.0,0.0,0.0,0,0.0,0.0,0.0,0.0,0,0.0,0.0,0.0,0.0,0,0.0,0.0,0.0,0.0,0
1,monolithic_k8s_1svc,167,70.92206000004353,67.93435500003397,2.987705000009555,602112,1,67.93435500003397,0.19399899997551984,0.028100000008635106,0.0,602112,0.0,0.0,0.0,0.0,0,0.0,0.0,0.0,0.0,0,0.0,0.0,0.0,0.0,0,0.0,0.0,0.0,0.0,0
1,monolithic_k8s_1svc,168,71.67045999995025,68.9277479999646,2.7427119999856586,602112,1,68.9277479999646,0.18279800008258462,0.026199999979326094,0.0,602112,0.0,0.0,0.0,0.0,0,0.0,0.0,0.0,0.0,0,0.0,0.0,0.0,0.0,0,0.0,0.0,0.0,0.0,0
1,monolithic_k8s_1svc,169,71.34645999997247,68.5702499999934,2.7762099999790735,602112,1,68.5702499999934,0.2057980000245152,0.026900000079876918,0.0,602112,0.0,0.0,0.0,0.0,0,0.0,0.0,0.0,0.0,0,0.0,0.0,0.0,0.0,0,0.0,0.0,0.0,0.0,0
1,monolithic_k8s_1svc,170,68.69146200006071,65.9621720000132,2.729290000047513,602112,1,65.9621720000132,0.18619800005126308,0.026299999944967567,0.0,602112,0.0,0.0,0.0,0.0,0,0.0,0.0,0.0,0.0,0,0.0,0.0,0.0,0.0,0,0.0,0.0,0.0,0.0,0
1,monolithic_k8s_1svc,171,68.17806200001542,65.1569770000151,3.021085000000312,602112,1,65.1569770000151,0.19479900004171213,0.025699999923745054,0.0,602112,0.0,0.0,0.0,0.0,0,0.0,0.0,0.0,0.0,0,0.0,0.0,0.0,0.0,0,0.0,0.0,0.0,0.0,0
1,monolithic_k8s_1svc,172,68.98426099996868,66.23426900000595,2.749991999962731,602112,1,66.23426900000595,0.18569799999568204,0.025400000026820635,0.0,602112,0.0,0.0,0.0,0.0,0,0.0,0.0,0.0,0.0,0,0.0,0.0,0.0,0.0,0,0.0,0.0,0.0,0.0,0
1,monolithic_k8s_1svc,173,67.1119630000021,64.35898400002316,2.75297899997895,602112,1,64.35898400002316,0.19079899993812433,0.02559899996867898,0.0,602112,0.0,0.0,0.0,0.0,0,0.0,0.0,0.0,0.0,0,0.0,0.0,0.0,0.0,0,0.0,0.0,0.0,0.0,0
1,monolithic_k8s_1svc,174,67.02446200006307,64.19838500005426,2.8260770000088087,602112,1,64.19838500005426,0.17729900002905197,0.024899999971239595,0.0,602112,0.0,0.0,0.0,0.0,0,0.0,0.0,0.0,0.0,0,0.0,0.0,0.0,0.0,0,0.0,0.0,0.0,0.0,0
1,monolithic_k8s_1svc,175,68.36376199998995,65.70397400003003,2.659787999959917,602112,1,65.70397400003003,0.19639799995729845,0.027099000021735264,0.0,602112,0.0,0.0,0.0,0.0,0,0.0,0.0,0.0,0.0,0,0.0,0.0,0.0,0.0,0,0.0,0.0,0.0,0.0,0
1,monolithic_k8s_1svc,176,68.27076199999738,65.60557399996014,2.665188000037233,602112,1,65.60557399996014,0.18109799998455856,0.02660000006926566,0.0,602112,0.0,0.0,0.0,0.0,0,0.0,0.0,0.0,0.0,0,0.0,0.0,0.0,0.0,0,0.0,0.0,0.0,0.0,0
1,monolithic_k8s_1svc,177,66.67396299997108,64.03978700006974,2.6341759999013448,602112,1,64.03978700006974,0.1960979999466872,0.026699999921220297,0.0,602112,0.0,0.0,0.0,0.0,0,0.0,0.0,0.0,0.0,0,0.0,0.0,0.0,0.0,0,0.0,0.0,0.0,0.0,0
1,monolithic_k8s_1svc,178,66.73126300006516,63.67088900003637,3.060374000028787,602112,1,63.67088900003637,0.16779899999619374,0.024499999994986865,0.0,602112,0.0,0.0,0.0,0.0,0,0.0,0.0,0.0,0.0,0,0.0,0.0,0.0,0.0,0,0.0,0.0,0.0,0.0,0
1,monolithic_k8s_1svc,179,69.30986199995459,66.65356500002417,2.6562969999304187,602112,1,66.65356500002417,0.1898990000199774,0.027700000032382377,0.0,602112,0.0,0.0,0.0,0.0,0,0.0,0.0,0.0,0.0,0,0.0,0.0,0.0,0.0,0,0.0,0.0,0.0,0.0,0
1,monolithic_k8s_1svc,180,68.20166200009226,65.48677499995392,2.714887000138333,602112,1,65.48677499995392,0.16949799999110837,0.02790000007735216,0.0,602112,0.0,0.0,0.0,0.0,0,0.0,0.0,0.0,0.0,0,0.0,0.0,0.0,0.0,0,0.0,0.0,0.0,0.0,0
1,monolithic_k8s_1svc,181,68.69656200001373,65.92687200009095,2.7696899999227753,602112,1,65.92687200009095,0.2049979999583229,0.027499999987412593,0.0,602112,0.0,0.0,0.0,0.0,0,0.0,0.0,0.0,0.0,0,0.0,0.0,0.0,0.0,0,0.0,0.0,0.0,0.0,0
1,monolithic_k8s_1svc,182,68.62166199994135,65.71197300002041,2.909688999920945,602112,1,65.71197300002041,0.19449900003110088,0.028000000042993634,0.0,602112,0.0,0.0,0.0,0.0,0,0.0,0.0,0.0,0.0,0,0.0,0.0,0.0,0.0,0,0.0,0.0,0.0,0.0,0
1,monolithic_k8s_1svc,183,69.84526200005803,66.41456800002743,3.4306940000305985,602112,1,66.41456800002743,0.21889799995733483,0.03420000007281487,0.0,602112,0.0,0.0,0.0,0.0,0,0.0,0.0,0.0,0.0,0,0.0,0.0,0.0,0.0,0,0.0,0.0,0.0,0.0,0
1,monolithic_k8s_1svc,184,69.88006199992469,67.26816100001543,2.611900999909267,602112,1,67.26816100001543,0.22359800004778663,0.027899999963665323,0.0,602112,0.0,0.0,0.0,0.0,0,0.0,0.0,0.0,0.0,0,0.0,0.0,0.0,0.0,0,0.0,0.0,0.0,0.0,0
1,monolithic_k8s_1svc,185,68.71186199998647,65.78587299998162,2.925989000004847,602112,1,65.78587299998162,0.20659799997702066,0.028499999984887836,0.0,602112,0.0,0.0,0.0,0.0,0,0.0,0.0,0.0,0.0,0,0.0,0.0,0.0,0.0,0,0.0,0.0,0.0,0.0,0
1,monolithic_k8s_1svc,186,69.05096200000571,66.01756999998543,3.033392000020285,602112,1,66.01756999998543,0.19469899996238382,0.026700000034907134,0.0,602112,0.0,0.0,0.0,0.0,0,0.0,0.0,0.0,0.0,0,0.0,0.0,0.0,0.0,0,0.0,0.0,0.0,0.0,0
1,monolithic_k8s_1svc,187,68.20996200008267,65.4208750000862,2.7890869999964707,602112,1,65.4208750000862,0.1890989999537851,0.02599999993435631,0.0,602112,0.0,0.0,0.0,0.0,0,0.0,0.0,0.0,0.0,0,0.0,0.0,0.0,0.0,0,0.0,0.0,0.0,0.0,0
1,monolithic_k8s_1svc,188,69.87836099995093,67.211461999932,2.6668990000189297,602112,1,67.211461999932,0.1885980000224663,0.02829900006418029,0.0,602112,0.0,0.0,0.0,0.0,0,0.0,0.0,0.0,0.0,0,0.0,0.0,0.0,0.0,0,0.0,0.0,0.0,0.0,0
1,monolithic_k8s_1svc,189,69.92396100008591,66.56296599999223,3.3609950000936806,602112,1,66.56296599999223,0.19719800002349075,0.026199999979326094,0.0,602112,0.0,0.0,0.0,0.0,0,0.0,0.0,0.0,0.0,0,0.0,0.0,0.0,0.0,0,0.0,0.0,0.0,0.0,0
1,monolithic_k8s_1svc,190,68.81986199994117,65.86967199996252,2.9501899999786474,602112,1,65.86967199996252,0.194898000017929,0.02650000010362419,0.0,602112,0.0,0.0,0.0,0.0,0,0.0,0.0,0.0,0.0,0,0.0,0.0,0.0,0.0,0,0.0,0.0,0.0,0.0,0
1,monolithic_k8s_1svc,191,69.18106099999477,66.2871689999065,2.8938920000882717,602112,1,66.2871689999065,0.20299800007705926,0.028099000019210507,0.0,602112,0.0,0.0,0.0,0.0,0,0.0,0.0,0.0,0.0,0,0.0,0.0,0.0,0.0,0,0.0,0.0,0.0,0.0,0
1,monolithic_k8s_1svc,192,69.85526100004336,66.15396899996995,3.7012920000734084,602112,1,66.15396899996995,0.1893990000780832,0.025800000003073364,0.0,602112,0.0,0.0,0.0,0.0,0,0.0,0.0,0.0,0.0,0,0.0,0.0,0.0,0.0,0,0.0,0.0,0.0,0.0,0
1,monolithic_k8s_1svc,193,71.05305999994016,68.29015200003141,2.762907999908748,602112,1,68.29015200003141,0.19259900000179186,0.028899999961140566,0.0,602112,0.0,0.0,0.0,0.0,0,0.0,0.0,0.0,0.0,0,0.0,0.0,0.0,0.0,0,0.0,0.0,0.0,0.0,0
1,monolithic_k8s_1svc,194,67.71176299992021,65.06887800003369,2.642884999886519,602112,1,65.06887800003369,0.1992979999840827,0.02819999997427658,0.0,602112,0.0,0.0,0.0,0.0,0,0.0,0.0,0.0,0.0,0,0.0,0.0,0.0,0.0,0,0.0,0.0,0.0,0.0,0
1,monolithic_k8s_1svc,195,69.83836200004134,67.10626200003844,2.7321000000029017,602112,1,67.10626200003844,0.18889900002250215,0.027199999976801337,0.0,602112,0.0,0.0,0.0,0.0,0,0.0,0.0,0.0,0.0,0,0.0,0.0,0.0,0.0,0,0.0,0.0,0.0,0.0,0
1,monolithic_k8s_1svc,196,72.79856000002383,69.72004199997173,3.0785180000520995,602112,1,69.72004199997173,0.19729799998913222,0.029699000037908263,0.0,602112,0.0,0.0,0.0,0.0,0,0.0,0.0,0.0,0.0,0,0.0,0.0,0.0,0.0,0,0.0,0.0,0.0,0.0,0
1,monolithic_k8s_1svc,197,74.27835800001503,71.5675269999565,2.7108310000585334,602112,1,71.5675269999565,0.19579800004976278,0.028200000087963417,0.0,602112,0.0,0.0,0.0,0.0,0,0.0,0.0,0.0,0.0,0,0.0,0.0,0.0,0.0,0,0.0,0.0,0.0,0.0,0
1,monolithic_k8s_1svc,198,70.70296099993811,67.61676199994326,3.086198999994849,602112,1,67.61676199994326,0.20509800003765122,0.028400000019246363,0.0,602112,0.0,0.0,0.0,0.0,0,0.0,0.0,0.0,0.0,0,0.0,0.0,0.0,0.0,0,0.0,0.0,0.0,0.0,0
1,monolithic_k8s_1svc,199,69.84916099997918,66.55937000004997,3.2897909999292096,602112,1,66.55937000004997,0.3278980000231968,0.027399999908084283,0.0,602112,0.0,0.0,0.0,0.0,0,0.0,0.0,0.0,0.0,0,0.0,0.0,0.0,0.0,0,0.0,0.0,0.0,0.0,0
1,monolithic_k8s_1svc,200,69.63406099998792,66.58297000001312,3.0510909999748037,602112,1,66.58297000001312,0.2046990000508231,0.026199999979326094,0.0,602112,0.0,0.0,0.0,0.0,0,0.0,0.0,0.0,0.0,0,0.0,0.0,0.0,0.0,0,0.0,0.0,0.0,0.0,0
2,monolithic_k8s_1svc,1,70.34134900004574,67.78106799993111,2.560281000114628,602112,1,67.78106799993111,0.21509900000182824,0.027499999987412593,0.0,602112,0.0,0.0,0.0,0.0,0,0.0,0.0,0.0,0.0,0,0.0,0.0,0.0,0.0,0,0.0,0.0,0.0,0.0,0
2,monolithic_k8s_1svc,2,70.44974899997669,67.75506799999675,2.694680999979937,602112,1,67.75506799999675,0.1976990000684964,0.02819999997427658,0.0,602112,0.0,0.0,0.0,0.0,0,0.0,0.0,0.0,0.0,0,0.0,0.0,0.0,0.0,0,0.0,0.0,0.0,0.0,0
2,monolithic_k8s_1svc,3,72.7698399999781,70.19794899997578,2.5718910000023243,602112,1,70.19794899997578,0.19129899999370537,0.02740000002177112,0.0,602112,0.0,0.0,0.0,0.0,0,0.0,0.0,0.0,0.0,0,0.0,0.0,0.0,0.0,0,0.0,0.0,0.0,0.0,0
2,monolithic_k8s_1svc,4,69.4638520000126,66.39247999999043,3.0713720000221656,602112,1,66.39247999999043,0.20239800005583675,0.029799000003549736,0.0,602112,0.0,0.0,0.0,0.0,0,0.0,0.0,0.0,0.0,0,0.0,0.0,0.0,0.0,0,0.0,0.0,0.0,0.0,0
2,monolithic_k8s_1svc,5,73.07233999995333,70.47094699998979,2.6013929999635366,602112,1,70.47094699998979,0.19519800002854026,0.02949999998236308,0.0,602112,0.0,0.0,0.0,0.0,0,0.0,0.0,0.0,0.0,0,0.0,0.0,0.0,0.0,0,0.0,0.0,0.0,0.0,0
2,monolithic_k8s_1svc,6,71.22714700005872,68.49046299998918,2.7366840000695447,602112,1,68.49046299998918,0.2039980000745345,0.027598999963629467,0.0,602112,0.0,0.0,0.0,0.0,0,0.0,0.0,0.0,0.0,0,0.0,0.0,0.0,0.0,0,0.0,0.0,0.0,0.0,0
2,monolithic_k8s_1svc,7,70.07385000008526,66.97297499999877,3.1008750000864893,602112,1,66.97297499999877,0.20399799996084766,0.028799999995499093,0.0,602112,0.0,0.0,0.0,0.0,0,0.0,0.0,0.0,0.0,0,0.0,0.0,0.0,0.0,0,0.0,0.0,0.0,0.0,0
2,monolithic_k8s_1svc,8,70.75114799999938,67.96596699996371,2.7851810000356636,602112,1,67.96596699996371,0.22439800000029209,0.028799999995499093,0.0,602112,0.0,0.0,0.0,0.0,0,0.0,0.0,0.0,0.0,0,0.0,0.0,0.0,0.0,0,0.0,0.0,0.0,0.0,0
2,monolithic_k8s_1svc,9,69.08525400001508,66.04048200006218,3.0447719999529,602112,1,66.04048200006218,0.19659800000226824,0.02689999996619008,0.0,602112,0.0,0.0,0.0,0.0,0,0.0,0.0,0.0,0.0,0,0.0,0.0,0.0,0.0,0,0.0,0.0,0.0,0.0,0
2,monolithic_k8s_1svc,10,71.98304400003508,69.25605599997198,2.726988000063102,602112,1,69.25605599997198,0.18109899997398315,0.02650000010362419,0.0,602112,0.0,0.0,0.0,0.0,0,0.0,0.0,0.0,0.0,0,0.0,0.0,0.0,0.0,0,0.0,0.0,0.0,0.0,0
2,monolithic_k8s_1svc,11,73.1235389999938,70.10364999996455,3.019889000029252,602112,1,70.10364999996455,0.20429899996088352,0.027699000042957778,0.0,602112,0.0,0.0,0.0,0.0,0,0.0,0.0,0.0,0.0,0,0.0,0.0,0.0,0.0,0,0.0,0.0,0.0,0.0,0
2,monolithic_k8s_1svc,12,70.57904800001324,68.09096599999975,2.488082000013492,602112,1,68.09096599999975,0.2025979999871197,0.028099000019210507,0.0,602112,0.0,0.0,0.0,0.0,0,0.0,0.0,0.0,0.0,0,0.0,0.0,0.0,0.0,0,0.0,0.0,0.0,0.0,0
2,monolithic_k8s_1svc,13,70.16414999998233,67.0885739999676,3.0755760000147347,602112,1,67.0885739999676,0.195598000004793,0.027700000032382377,0.0,602112,0.0,0.0,0.0,0.0,0,0.0,0.0,0.0,0.0,0,0.0,0.0,0.0,0.0,0,0.0,0.0,0.0,0.0,0
2,monolithic_k8s_1svc,14,70.37214900003619,67.41937099991446,2.952778000121725,602112,1,67.41937099991446,0.18299900000329217,0.028799999995499093,0.0,602112,0.0,0.0,0.0,0.0,0,0.0,0.0,0.0,0.0,0,0.0,0.0,0.0,0.0,0,0.0,0.0,0.0,0.0,0
2,monolithic_k8s_1svc,15,71.2839459999941,68.81355999996686,2.470386000027247,602112,1,68.81355999996686,0.2002990000846694,0.026599999955578824,0.0,602112,0.0,0.0,0.0,0.0,0,0.0,0.0,0.0,0.0,0,0.0,0.0,0.0,0.0,0,0.0,0.0,0.0,0.0,0
2,monolithic_k8s_1svc,16,70.31944900006692,67.52256999993733,2.796879000129593,602112,1,67.52256999993733,0.18519800005378784,0.028500000098574674,0.0,602112,0.0,0.0,0.0,0.0,0,0.0,0.0,0.0,0.0,0,0.0,0.0,0.0,0.0,0,0.0,0.0,0.0,0.0,0
2,monolithic_k8s_1svc,17,70.05635100006202,67.08637399992767,2.9699770001343495,602112,1,67.08637399992767,0.20959800008313323,0.027099000021735264,0.0,602112,0.0,0.0,0.0,0.0,0,0.0,0.0,0.0,0.0,0,0.0,0.0,0.0,0.0,0,0.0,0.0,0.0,0.0,0
2,monolithic_k8s_1svc,18,71.06854699998166,68.46746300004725,2.601083999934417,602112,1,68.46746300004725,0.19939900005283562,0.02859899996110471,0.0,602112,0.0,0.0,0.0,0.0,0,0.0,0.0,0.0,0.0,0,0.0,0.0,0.0,0.0,0,0.0,0.0,0.0,0.0,0
2,monolithic_k8s_1svc,19,72.85984100008136,70.26274800000465,2.597093000076711,602112,1,70.26274800000465,0.1852990000088539,0.02870000002985762,0.0,602112,0.0,0.0,0.0,0.0,0,0.0,0.0,0.0,0.0,0,0.0,0.0,0.0,0.0,0,0.0,0.0,0.0,0.0,0
2,monolithic_k8s_1svc,20,70.19884999999704,67.22267299994655,2.976177000050484,602112,1,67.22267299994655,0.21759800006293517,0.026400000024295878,0.0,602112,0.0,0.0,0.0,0.0,0,0.0,0.0,0.0,0.0,0,0.0,0.0,0.0,0.0,0,0.0,0.0,0.0,0.0,0
2,monolithic_k8s_1svc,21,69.33105300004172,66.10678200001985,3.224271000021872,602112,1,66.10678200001985,0.20819799999571842,0.02779900000859925,0.0,602112,0.0,0.0,0.0,0.0,0,0.0,0.0,0.0,0.0,0,0.0,0.0,0.0,0.0,0,0.0,0.0,0.0,0.0,0
2,monolithic_k8s_1svc,22,73.52243799994085,70.50134700000399,3.0210909999368596,602112,1,70.50134700000399,0.20489799999268143,0.028900000074827403,0.0,602112,0.0,0.0,0.0,0.0,0,0.0,0.0,0.0,0.0,0,0.0,0.0,0.0,0.0,0,0.0,0.0,0.0,0.0,0
2,monolithic_k8s_1svc,23,71.65184500001942,68.24816400001055,3.4036810000088735,602112,1,68.24816400001055,0.1971989998992285,0.027499999987412593,0.0,602112,0.0,0.0,0.0,0.0,0,0.0,0.0,0.0,0.0,0,0.0,0.0,0.0,0.0,0,0.0,0.0,0.0,0.0,0
2,monolithic_k8s_1svc,24,70.82104700009495,68.10846500002299,2.7125820000719614,602112,1,68.10846500002299,0.19939900005283562,0.027100000011159864,0.0,602112,0.0,0.0,0.0,0.0,0,0.0,0.0,0.0,0.0,0,0.0,0.0,0.0,0.0,0,0.0,0.0,0.0,0.0,0
2,monolithic_k8s_1svc,25,69.74385099999836,66.84477499993591,2.8990760000624505,602112,1,66.84477499993591,0.19039900007555843,0.02910000000611035,0.0,602112,0.0,0.0,0.0,0.0,0,0.0,0.0,0.0,0.0,0,0.0,0.0,0.0,0.0,0,0.0,0.0,0.0,0.0,0
2,monolithic_k8s_1svc,26,67.37715999997818,64.75669199994627,2.620468000031906,602112,1,64.75669199994627,0.21949799997855735,0.02740000002177112,0.0,602112,0.0,0.0,0.0,0.0,0,0.0,0.0,0.0,0.0,0,0.0,0.0,0.0,0.0,0,0.0,0.0,0.0,0.0,0
2,monolithic_k8s_1svc,27,69.23255300000619,66.51757800000269,2.7149750000035056,602112,1,66.51757800000269,0.1953989999492478,0.027898999974240724,0.0,602112,0.0,0.0,0.0,0.0,0,0.0,0.0,0.0,0.0,0,0.0,0.0,0.0,0.0,0,0.0,0.0,0.0,0.0,0
2,monolithic_k8s_1svc,28,74.61443499994402,71.34583999993538,3.268595000008645,602112,1,71.34583999993538,0.19009900006494718,0.030299000059130776,0.0,602112,0.0,0.0,0.0,0.0,0,0.0,0.0,0.0,0.0,0,0.0,0.0,0.0,0.0,0,0.0,0.0,0.0,0.0,0
2,monolithic_k8s_1svc,29,73.99243600002592,71.33174000000508,2.6606960000208346,602112,1,71.33174000000508,0.21459800007050944,0.027999999929306796,0.0,602112,0.0,0.0,0.0,0.0,0,0.0,0.0,0.0,0.0,0,0.0,0.0,0.0,0.0,0,0.0,0.0,0.0,0.0,0
2,monolithic_k8s_1svc,30,73.37783899993156,70.28514900002847,3.0926899999030866,602112,1,70.28514900002847,0.20639800004573772,0.028899999961140566,0.0,602112,0.0,0.0,0.0,0.0,0,0.0,0.0,0.0,0.0,0,0.0,0.0,0.0,0.0,0,0.0,0.0,0.0,0.0,0
2,monolithic_k8s_1svc,31,68.83495499994297,65.91998299995794,2.9149719999850277,602112,1,65.91998299995794,0.2103980000356387,0.02779999999802385,0.0,602112,0.0,0.0,0.0,0.0,0,0.0,0.0,0.0,0.0,0,0.0,0.0,0.0,0.0,0,0.0,0.0,0.0,0.0,0
2,monolithic_k8s_1svc,32,70.9384479999926,67.84116799997264,3.097280000019964,602112,1,67.84116799997264,0.21239800003058917,0.02870000002985762,0.0,602112,0.0,0.0,0.0,0.0,0,0.0,0.0,0.0,0.0,0,0.0,0.0,0.0,0.0,0,0.0,0.0,0.0,0.0,0
2,monolithic_k8s_1svc,33,69.82692799999768,67.19987200006017,2.627055999937511,602112,1,67.19987200006017,0.1883989999669211,0.02910000000611035,0.0,602112,0.0,0.0,0.0,0.0,0,0.0,0.0,0.0,0.0,0,0.0,0.0,0.0,0.0,0,0.0,0.0,0.0,0.0,0
2,monolithic_k8s_1svc,34,71.78834199999073,68.5388619999685,3.2494800000222313,602112,1,68.5388619999685,0.20689799998763192,0.026400000024295878,0.0,602112,0.0,0.0,0.0,0.0,0,0.0,0.0,0.0,0.0,0,0.0,0.0,0.0,0.0,0,0.0,0.0,0.0,0.0,0
2,monolithic_k8s_1svc,35,70.17254300001241,67.47967000001154,2.6928730000008727,602112,1,67.47967000001154,0.1820989999714584,0.027100000011159864,0.0,602112,0.0,0.0,0.0,0.0,0,0.0,0.0,0.0,0.0,0,0.0,0.0,0.0,0.0,0,0.0,0.0,0.0,0.0,0
2,monolithic_k8s_1svc,36,69.25044299998717,66.6905760000418,2.5598669999453705,602112,1,66.6905760000418,0.1776990000053047,0.02779999999802385,0.0,602112,0.0,0.0,0.0,0.0,0,0.0,0.0,0.0,0.0,0,0.0,0.0,0.0,0.0,0,0.0,0.0,0.0,0.0,0
2,monolithic_k8s_1svc,37,68.15344400001777,65.7120839999834,2.441360000034365,602112,1,65.7120839999834,0.17549899996538443,0.02559999995810358,0.0,602112,0.0,0.0,0.0,0.0,0,0.0,0.0,0.0,0.0,0,0.0,0.0,0.0,0.0,0,0.0,0.0,0.0,0.0,0
2,monolithic_k8s_1svc,38,67.45444499995301,64.8530909999181,2.6013540000349167,602112,1,64.8530909999181,0.19019900003058865,0.029299000061655534,0.0,602112,0.0,0.0,0.0,0.0,0,0.0,0.0,0.0,0.0,0,0.0,0.0,0.0,0.0,0,0.0,0.0,0.0,0.0,0
2,monolithic_k8s_1svc,39,69.757543000037,67.07237300008728,2.6851699999497214,602112,1,67.07237300008728,0.17209899999670597,0.029799999992974335,0.0,602112,0.0,0.0,0.0,0.0,0,0.0,0.0,0.0,0.0,0,0.0,0.0,0.0,0.0,0,0.0,0.0,0.0,0.0,0
2,monolithic_k8s_1svc,40,72.6052410000193,69.67285300004278,2.9323879999765268,602112,1,69.67285300004278,0.19249899992246355,0.028100000008635106,0.0,602112,0.0,0.0,0.0,0.0,0,0.0,0.0,0.0,0.0,0,0.0,0.0,0.0,0.0,0,0.0,0.0,0.0,0.0,0
2,monolithic_k8s_1svc,41,69.81554300000425,66.41547799995351,3.400065000050745,602112,1,66.41547799995351,0.20179900002403883,0.027600000066740904,0.0,602112,0.0,0.0,0.0,0.0,0,0.0,0.0,0.0,0.0,0,0.0,0.0,0.0,0.0,0,0.0,0.0,0.0,0.0,0
2,monolithic_k8s_1svc,42,71.8571410000095,68.86026000006495,2.996880999944551,602112,1,68.86026000006495,0.2049979999583229,0.03040000001419685,0.0,602112,0.0,0.0,0.0,0.0,0,0.0,0.0,0.0,0.0,0,0.0,0.0,0.0,0.0,0,0.0,0.0,0.0,0.0,0
2,monolithic_k8s_1svc,43,72.81333999992512,69.82935200005613,2.9839879998689867,602112,1,69.82935200005613,0.20469799994771165,0.027100000011159864,0.0,602112,0.0,0.0,0.0,0.0,0,0.0,0.0,0.0,0.0,0,0.0,0.0,0.0,0.0,0,0.0,0.0,0.0,0.0,0
2,monolithic_k8s_1svc,44,72.04134099993098,68.6522610000111,3.389079999919886,602112,1,68.6522610000111,0.18439899997702014,0.028000000042993634,0.0,602112,0.0,0.0,0.0,0.0,0,0.0,0.0,0.0,0.0,0,0.0,0.0,0.0,0.0,0,0.0,0.0,0.0,0.0,0
2,monolithic_k8s_1svc,45,68.54244399994514,65.66768400000456,2.8747599999405793,602112,1,65.66768400000456,0.19929900008719414,0.027499999987412593,0.0,602112,0.0,0.0,0.0,0.0,0,0.0,0.0,0.0,0.0,0,0.0,0.0,0.0,0.0,0,0.0,0.0,0.0,0.0,0
2,monolithic_k8s_1svc,46,71.18584100010139,68.3451630000036,2.840678000097796,602112,1,68.3451630000036,0.2008990001058919,0.028299999939918052,0.0,602112,0.0,0.0,0.0,0.0,0,0.0,0.0,0.0,0.0,0,0.0,0.0,0.0,0.0,0,0.0,0.0,0.0,0.0,0
2,monolithic_k8s_1svc,47,69.85904299995127,66.98717400001897,2.8718689999323033,602112,1,66.98717400001897,0.2031989999977668,0.027899999963665323,0.0,602112,0.0,0.0,0.0,0.0,0,0.0,0.0,0.0,0.0,0,0.0,0.0,0.0,0.0,0,0.0,0.0,0.0,0.0,0
2,monolithic_k8s_1svc,48,68.61114299999826,65.72918400001981,2.881958999978451,602112,1,65.72918400001981,0.1800989999765079,0.02610000001368462,0.0,602112,0.0,0.0,0.0,0.0,0,0.0,0.0,0.0,0.0,0,0.0,0.0,0.0,0.0,0,0.0,0.0,0.0,0.0,0
2,monolithic_k8s_1svc,49,70.71544199993696,67.70596800004114,3.0094739998958175,602112,1,67.70596800004114,0.1974990000235266,0.027599999953054066,0.0,602112,0.0,0.0,0.0,0.0,0,0.0,0.0,0.0,0.0,0,0.0,0.0,0.0,0.0,0,0.0,0.0,0.0,0.0,0
2,monolithic_k8s_1svc,50,67.80264500002886,64.93629099998088,2.866354000047977,602112,1,64.93629099998088,0.2057980000245152,0.027700000032382377,0.0,602112,0.0,0.0,0.0,0.0,0,0.0,0.0,0.0,0.0,0,0.0,0.0,0.0,0.0,0,0.0,0.0,0.0,0.0,0
2,monolithic_k8s_1svc,51,67.42424499998378,64.81729099994027,2.6069540000435154,602112,1,64.81729099994027,0.19499899997299508,0.027200000090488174,0.0,602112,0.0,0.0,0.0,0.0,0,0.0,0.0,0.0,0.0,0,0.0,0.0,0.0,0.0,0,0.0,0.0,0.0,0.0,0
2,monolithic_k8s_1svc,52,71.01434200001222,68.53816299997106,2.4761790000411565,602112,1,68.53816299997106,0.17219799997292284,0.02949899999293848,0.0,602112,0.0,0.0,0.0,0.0,0,0.0,0.0,0.0,0.0,0,0.0,0.0,0.0,0.0,0,0.0,0.0,0.0,0.0,0
2,monolithic_k8s_1svc,53,67.88484399999106,65.2637880000384,2.6210559999526595,602112,1,65.2637880000384,0.2051980000032927,0.026800000000548607,0.0,602112,0.0,0.0,0.0,0.0,0,0.0,0.0,0.0,0.0,0,0.0,0.0,0.0,0.0,0,0.0,0.0,0.0,0.0,0
2,monolithic_k8s_1svc,54,67.81784400004653,64.95709099999658,2.8607530000499537,602112,1,64.95709099999658,0.17149799998605886,0.02699900005609379,0.0,602112,0.0,0.0,0.0,0.0,0,0.0,0.0,0.0,0.0,0,0.0,0.0,0.0,0.0,0,0.0,0.0,0.0,0.0,0
2,monolithic_k8s_1svc,55,67.97984399997858,65.34598799999003,2.6338559999885547,602112,1,65.34598799999003,0.1714980000997457,0.026799000011124008,0.0,602112,0.0,0.0,0.0,0.0,0,0.0,0.0,0.0,0.0,0,0.0,0.0,0.0,0.0,0,0.0,0.0,0.0,0.0,0
2,monolithic_k8s_1svc,56,70.08094299999357,67.4197710000044,2.6611719999891648,602112,1,67.4197710000044,0.19139799996992224,0.026699999921220297,0.0,602112,0.0,0.0,0.0,0.0,0,0.0,0.0,0.0,0.0,0,0.0,0.0,0.0,0.0,0,0.0,0.0,0.0,0.0,0
2,monolithic_k8s_1svc,57,72.16874000005191,68.97275899996202,3.195981000089887,602112,1,68.97275899996202,0.2026990000558726,0.02649900000051275,0.0,602112,0.0,0.0,0.0,0.0,0,0.0,0.0,0.0,0.0,0,0.0,0.0,0.0,0.0,0,0.0,0.0,0.0,0.0,0
2,monolithic_k8s_1svc,58,69.50594300008106,66.5354779999916,2.9704650000894617,602112,1,66.5354779999916,0.19129899999370537,0.045198999941931106,0.0,602112,0.0,0.0,0.0,0.0,0,0.0,0.0,0.0,0.0,0,0.0,0.0,0.0,0.0,0,0.0,0.0,0.0,0.0,0
2,monolithic_k8s_1svc,59,67.7907450000248,65.2045880000287,2.586156999996092,602112,1,65.2045880000287,0.19029899999623012,0.027599999953054066,0.0,602112,0.0,0.0,0.0,0.0,0,0.0,0.0,0.0,0.0,0,0.0,0.0,0.0,0.0,0,0.0,0.0,0.0,0.0,0
2,monolithic_k8s_1svc,60,68.6509440000691,65.91118299991194,2.7397610001571593,602112,1,65.91118299991194,0.19459899999674235,0.024999000061143306,0.0,602112,0.0,0.0,0.0,0.0,0,0.0,0.0,0.0,0.0,0,0.0,0.0,0.0,0.0,0,0.0,0.0,0.0,0.0,0
2,monolithic_k8s_1svc,61,67.77184400004899,64.99899000004916,2.7728539999998247,602112,1,64.99899000004916,0.18259900002703944,0.02559999995810358,0.0,602112,0.0,0.0,0.0,0.0,0,0.0,0.0,0.0,0.0,0,0.0,0.0,0.0,0.0,0,0.0,0.0,0.0,0.0,0
2,monolithic_k8s_1svc,62,68.76094400001875,66.01188199999797,2.7490620000207855,602112,1,66.01188199999797,0.20129900008214463,0.027499999987412593,0.0,602112,0.0,0.0,0.0,0.0,0,0.0,0.0,0.0,0.0,0,0.0,0.0,0.0,0.0,0,0.0,0.0,0.0,0.0,0
2,monolithic_k8s_1svc,63,69.2406429999437,66.40177899998889,2.8388639999548104,602112,1,66.40177899998889,0.18719800004873832,0.02959999994800455,0.0,602112,0.0,0.0,0.0,0.0,0,0.0,0.0,0.0,0.0,0,0.0,0.0,0.0,0.0,0,0.0,0.0,0.0,0.0,0
2,monolithic_k8s_1svc,64,70.51454199995533,67.41487099998267,3.099670999972659,602112,1,67.41487099998267,0.2044990000058533,0.027898999974240724,0.0,602112,0.0,0.0,0.0,0.0,0,0.0,0.0,0.0,0.0,0,0.0,0.0,0.0,0.0,0,0.0,0.0,0.0,0.0,0
2,monolithic_k8s_1svc,65,68.58004400010032,65.66818499993587,2.9118590001644407,602112,1,65.66818499993587,0.19479800005228753,0.027700000032382377,0.0,602112,0.0,0.0,0.0,0.0,0,0.0,0.0,0.0,0.0,0,0.0,0.0,0.0,0.0,0,0.0,0.0,0.0,0.0,0
2,monolithic_k8s_1svc,66,70.14604199991936,67.35297199998058,2.79306999993878,602112,1,67.35297199998058,0.19049799993808847,0.02649900000051275,0.0,602112,0.0,0.0,0.0,0.0,0,0.0,0.0,0.0,0.0,0,0.0,0.0,0.0,0.0,0,0.0,0.0,0.0,0.0,0
2,monolithic_k8s_1svc,67,67.38764499993977,64.38539400005538,3.0022509998843816,602112,1,64.38539400005538,0.1698989999567857,0.026199999979326094,0.0,602112,0.0,0.0,0.0,0.0,0,0.0,0.0,0.0,0.0,0,0.0,0.0,0.0,0.0,0,0.0,0.0,0.0,0.0,0
2,monolithic_k8s_1svc,68,67.99734499998067,65.4182859999537,2.579059000026973,602112,1,65.4182859999537,0.19039900007555843,0.027100000011159864,0.0,602112,0.0,0.0,0.0,0.0,0,0.0,0.0,0.0,0.0,0,0.0,0.0,0.0,0.0,0,0.0,0.0,0.0,0.0,0
2,monolithic_k8s_1svc,69,70.21144199995888,67.53036999998585,2.681071999973028,602112,1,67.53036999998585,0.20149900001342758,0.027499999987412593,0.0,602112,0.0,0.0,0.0,0.0,0,0.0,0.0,0.0,0.0,0,0.0,0.0,0.0,0.0,0,0.0,0.0,0.0,0.0,0
2,monolithic_k8s_1svc,70,72.45254099996146,69.40275600004497,3.0497849999164828,602112,1,69.40275600004497,0.20119800001339172,0.05109899996114109,0.0,602112,0.0,0.0,0.0,0.0,0,0.0,0.0,0.0,0.0,0,0.0,0.0,0.0,0.0,0,0.0,0.0,0.0,0.0,0
2,monolithic_k8s_1svc,71,70.89204199996857,67.78766800005087,3.104373999917698,602112,1,67.78766800005087,0.20229799997650844,0.028699999916170782,0.0,602112,0.0,0.0,0.0,0.0,0,0.0,0.0,0.0,0.0,0,0.0,0.0,0.0,0.0,0,0.0,0.0,0.0,0.0,0
2,monolithic_k8s_1svc,72,71.36504199991123,68.03966600000422,3.32537599990701,602112,1,68.03966600000422,0.3067970000074638,0.02870000002985762,0.0,602112,0.0,0.0,0.0,0.0,0,0.0,0.0,0.0,0.0,0,0.0,0.0,0.0,0.0,0,0.0,0.0,0.0,0.0,0
2,monolithic_k8s_1svc,73,69.90414299991698,66.8212749999384,3.082867999978589,602112,1,66.8212749999384,0.2031989999977668,0.02920000008543866,0.0,602112,0.0,0.0,0.0,0.0,0,0.0,0.0,0.0,0.0,0,0.0,0.0,0.0,0.0,0,0.0,0.0,0.0,0.0,0
2,monolithic_k8s_1svc,74,68.5394440000664,65.84958299993104,2.689861000135352,602112,1,65.84958299993104,0.20299799996337242,0.02700000004551839,0.0,602112,0.0,0.0,0.0,0.0,0,0.0,0.0,0.0,0.0,0,0.0,0.0,0.0,0.0,0,0.0,0.0,0.0,0.0,0
2,monolithic_k8s_1svc,75,68.26944399995227,65.70788500005165,2.561558999900626,602112,1,65.70788500005165,0.19209799995678623,0.026999999931831553,0.0,602112,0.0,0.0,0.0,0.0,0,0.0,0.0,0.0,0.0,0,0.0,0.0,0.0,0.0,0,0.0,0.0,0.0,0.0,0
2,monolithic_k8s_1svc,76,69.07354400004806,66.52557799998249,2.5479660000655713,602112,1,66.52557799998249,0.18419899993205036,0.027499999987412593,0.0,602112,0.0,0.0,0.0,0.0,0,0.0,0.0,0.0,0.0,0,0.0,0.0,0.0,0.0,0,0.0,0.0,0.0,0.0,0
2,monolithic_k8s_1svc,77,68.59814399990682,65.99508199997217,2.6030619999346527,602112,1,65.99508199997217,0.19969799996033544,0.028400000019246363,0.0,602112,0.0,0.0,0.0,0.0,0,0.0,0.0,0.0,0.0,0,0.0,0.0,0.0,0.0,0,0.0,0.0,0.0,0.0,0
2,monolithic_k8s_1svc,78,70.29124300004241,67.42817100007414,2.8630719999682697,602112,1,67.42817100007414,0.19159800001489202,0.028699999916170782,0.0,602112,0.0,0.0,0.0,0.0,0,0.0,0.0,0.0,0.0,0,0.0,0.0,0.0,0.0,0,0.0,0.0,0.0,0.0,0
2,monolithic_k8s_1svc,79,70.61414199995397,67.68746900002043,2.926672999933544,602112,1,67.68746900002043,0.20139899993409927,0.025298999958067725,0.0,602112,0.0,0.0,0.0,0.0,0,0.0,0.0,0.0,0.0,0,0.0,0.0,0.0,0.0,0,0.0,0.0,0.0,0.0,0
2,monolithic_k8s_1svc,80,69.09994400007236,66.13508099997034,2.9648630001020138,602112,1,66.13508099997034,0.1828990000376507,0.03309900000658672,0.0,602112,0.0,0.0,0.0,0.0,0,0.0,0.0,0.0,0.0,0,0.0,0.0,0.0,0.0,0,0.0,0.0,0.0,0.0,0
2,monolithic_k8s_1svc,81,71.56064100001913,68.46076299996184,3.099878000057288,602112,1,68.46076299996184,0.38259699999798613,0.025799000013648765,0.0,602112,0.0,0.0,0.0,0.0,0,0.0,0.0,0.0,0.0,0,0.0,0.0,0.0,0.0,0,0.0,0.0,0.0,0.0,0
2,monolithic_k8s_1svc,82,71.85384100000647,68.93445900004735,2.919381999959114,602112,1,68.93445900004735,0.3240979999645788,0.027099999897473026,0.0,602112,0.0,0.0,0.0,0.0,0,0.0,0.0,0.0,0.0,0,0.0,0.0,0.0,0.0,0,0.0,0.0,0.0,0.0,0
2,monolithic_k8s_1svc,83,67.49344500008192,64.95699000004151,2.536455000040405,602112,1,64.95699000004151,0.1846979999982068,0.02639999991060904,0.0,602112,0.0,0.0,0.0,0.0,0,0.0,0.0,0.0,0.0,0,0.0,0.0,0.0,0.0,0,0.0,0.0,0.0,0.0,0
2,monolithic_k8s_1svc,84,69.53174299997045,67.00927400004275,2.522468999927696,602112,1,67.00927400004275,0.18719900003816292,0.026400000024295878,0.0,602112,0.0,0.0,0.0,0.0,0,0.0,0.0,0.0,0.0,0,0.0,0.0,0.0,0.0,0,0.0,0.0,0.0,0.0,0
2,monolithic_k8s_1svc,85,72.5916410000309,69.78405200004545,2.8075889999854553,602112,1,69.78405200004545,0.19689899988861725,0.028400000019246363,0.0,602112,0.0,0.0,0.0,0.0,0,0.0,0.0,0.0,0.0,0,0.0,0.0,0.0,0.0,0,0.0,0.0,0.0,0.0,0
2,monolithic_k8s_1svc,86,71.2498409999398,68.31106399999953,2.9387769999402735,602112,1,68.31106399999953,0.1891980000436888,0.02689999996619008,0.0,602112,0.0,0.0,0.0,0.0,0,0.0,0.0,0.0,0.0,0,0.0,0.0,0.0,0.0,0,0.0,0.0,0.0,0.0,0
2,monolithic_k8s_1svc,87,72.40264100005334,69.48695500000213,2.9156860000512097,602112,1,69.48695500000213,0.19979900002908835,0.027999000053569034,0.0,602112,0.0,0.0,0.0,0.0,0,0.0,0.0,0.0,0.0,0,0.0,0.0,0.0,0.0,0,0.0,0.0,0.0,0.0,0
2,monolithic_k8s_1svc,88,72.38364099998762,69.15065700002287,3.2329839999647447,602112,1,69.15065700002287,0.19829899997603206,0.025800000003073364,0.0,602112,0.0,0.0,0.0,0.0,0,0.0,0.0,0.0,0.0,0,0.0,0.0,0.0,0.0,0,0.0,0.0,0.0,0.0,0
2,monolithic_k8s_1svc,89,71.0041419999925,67.62546900006328,3.378672999929222,602112,1,67.62546900006328,0.18919899991942657,0.027199999976801337,0.0,602112,0.0,0.0,0.0,0.0,0,0.0,0.0,0.0,0.0,0,0.0,0.0,0.0,0.0,0,0.0,0.0,0.0,0.0,0
2,monolithic_k8s_1svc,90,69.44594300000517,66.48607800002537,2.9598649999798,602112,1,66.48607800002537,0.1987990000316131,0.03409999999348656,0.0,602112,0.0,0.0,0.0,0.0,0,0.0,0.0,0.0,0.0,0,0.0,0.0,0.0,0.0,0,0.0,0.0,0.0,0.0,0
2,monolithic_k8s_1svc,91,68.69894299995849,65.92498199995589,2.7739610000026005,602112,1,65.92498199995589,0.18069899999773043,0.02870000002985762,0.0,602112,0.0,0.0,0.0,0.0,0,0.0,0.0,0.0,0.0,0,0.0,0.0,0.0,0.0,0,0.0,0.0,0.0,0.0,0
2,monolithic_k8s_1svc,92,69.64274300003126,66.90757500007294,2.735167999958321,602112,1,66.90757500007294,0.1890989999537851,0.025398999923709198,0.0,602112,0.0,0.0,0.0,0.0,0,0.0,0.0,0.0,0.0,0,0.0,0.0,0.0,0.0,0,0.0,0.0,0.0,0.0,0
2,monolithic_k8s_1svc,93,70.5646420000221,67.76396800000839,2.8006740000137142,602112,1,67.76396800000839,0.18559900001946517,0.024999999936881068,0.0,602112,0.0,0.0,0.0,0.0,0,0.0,0.0,0.0,0.0,0,0.0,0.0,0.0,0.0,0,0.0,0.0,0.0,0.0,0
2,monolithic_k8s_1svc,94,69.66004299999895,66.75167599996712,2.9083670000318307,602112,1,66.75167599996712,0.17409800000223186,0.027100000011159864,0.0,602112,0.0,0.0,0.0,0.0,0,0.0,0.0,0.0,0.0,0,0.0,0.0,0.0,0.0,0,0.0,0.0,0.0,0.0,0
2,monolithic_k8s_1svc,95,68.50974300004964,65.72848500002237,2.7812580000272646,602112,1,65.72848500002237,0.19349800004420104,0.02859899996110471,0.0,602112,0.0,0.0,0.0,0.0,0,0.0,0.0,0.0,0.0,0,0.0,0.0,0.0,0.0,0,0.0,0.0,0.0,0.0,0
2,monolithic_k8s_1svc,96,68.76384400004554,65.96738299992921,2.7964610001163237,602112,1,65.96738299992921,0.19549800003915152,0.026198999989901495,0.0,602112,0.0,0.0,0.0,0.0,0,0.0,0.0,0.0,0.0,0,0.0,0.0,0.0,0.0,0,0.0,0.0,0.0,0.0,0
2,monolithic_k8s_1svc,97,68.82934299994758,65.98178199999438,2.8475609999532026,602112,1,65.98178199999438,0.1846989999876314,0.028500000098574674,0.0,602112,0.0,0.0,0.0,0.0,0,0.0,0.0,0.0,0.0,0,0.0,0.0,0.0,0.0,0,0.0,0.0,0.0,0.0,0
2,monolithic_k8s_1svc,98,67.94714499994825,65.29578699996819,2.651357999980064,602112,1,65.29578699996819,0.20629900006952084,0.028100000008635106,0.0,602112,0.0,0.0,0.0,0.0,0,0.0,0.0,0.0,0.0,0,0.0,0.0,0.0,0.0,0,0.0,0.0,0.0,0.0,0
2,monolithic_k8s_1svc,99,68.46534400006021,65.70648499996423,2.758859000095981,602112,1,65.70648499996423,0.20229799997650844,0.02639900003487128,0.0,602112,0.0,0.0,0.0,0.0,0,0.0,0.0,0.0,0.0,0,0.0,0.0,0.0,0.0,0,0.0,0.0,0.0,0.0,0
2,monolithic_k8s_1svc,100,68.4039440000106,65.76298400000269,2.640960000007908,602112,1,65.76298400000269,0.20969799993508786,0.02740000002177112,0.0,602112,0.0,0.0,0.0,0.0,0,0.0,0.0,0.0,0.0,0,0.0,0.0,0.0,0.0,0,0.0,0.0,0.0,0.0,0
2,monolithic_k8s_1svc,101,69.18854299999566,66.46737799997027,2.721165000025394,602112,1,66.46737799997027,0.20169899994471052,0.02649900000051275,0.0,602112,0.0,0.0,0.0,0.0,0,0.0,0.0,0.0,0.0,0,0.0,0.0,0.0,0.0,0,0.0,0.0,0.0,0.0,0
2,monolithic_k8s_1svc,102,74.82553900001676,72.17363300003399,2.651905999982773,602112,1,72.17363300003399,0.1974990000235266,0.026599999955578824,0.0,602112,0.0,0.0,0.0,0.0,0,0.0,0.0,0.0,0.0,0,0.0,0.0,0.0,0.0,0,0.0,0.0,0.0,0.0,0
2,monolithic_k8s_1svc,103,68.65274400001908,66.0728810000819,2.579862999937177,602112,1,66.0728810000819,0.19939799994972418,0.029299999937393295,0.0,602112,0.0,0.0,0.0,0.0,0,0.0,0.0,0.0,0.0,0,0.0,0.0,0.0,0.0,0,0.0,0.0,0.0,0.0,0
2,monolithic_k8s_1svc,104,68.30864400001246,65.65398400005051,2.6546599999619502,602112,1,65.65398400005051,0.19919900000786583,0.02729999994244281,0.0,602112,0.0,0.0,0.0,0.0,0,0.0,0.0,0.0,0.0,0,0.0,0.0,0.0,0.0,0,0.0,0.0,0.0,0.0,0
2,monolithic_k8s_1svc,105,68.64954400009537,65.71448399995461,2.9350600001407656,602112,1,65.71448399995461,0.20109800004775025,0.026400000024295878,0.0,602112,0.0,0.0,0.0,0.0,0,0.0,0.0,0.0,0.0,0,0.0,0.0,0.0,0.0,0,0.0,0.0,0.0,0.0,0
2,monolithic_k8s_1svc,106,68.70424400005959,65.68208400005915,3.02216000000044,602112,1,65.68208400005915,0.17659899992850114,0.025899999968714837,0.0,602112,0.0,0.0,0.0,0.0,0,0.0,0.0,0.0,0.0,0,0.0,0.0,0.0,0.0,0,0.0,0.0,0.0,0.0,0
2,monolithic_k8s_1svc,107,69.83544299998812,67.17257299999346,2.662869999994655,602112,1,67.17257299999346,0.18149799996081128,0.026900000079876918,0.0,602112,0.0,0.0,0.0,0.0,0,0.0,0.0,0.0,0.0,0,0.0,0.0,0.0,0.0,0,0.0,0.0,0.0,0.0,0
2,monolithic_k8s_1svc,108,69.64664300005552,66.96097399992595,2.6856690001295647,602112,1,66.96097399992595,0.1880980000805721,0.02660000006926566,0.0,602112,0.0,0.0,0.0,0.0,0,0.0,0.0,0.0,0.0,0,0.0,0.0,0.0,0.0,0,0.0,0.0,0.0,0.0,0
2,monolithic_k8s_1svc,109,68.59214400003566,65.95258200002263,2.6395620000130293,602112,1,65.95258200002263,0.2005989999815938,0.026998999942406954,0.0,602112,0.0,0.0,0.0,0.0,0,0.0,0.0,0.0,0.0,0,0.0,0.0,0.0,0.0,0,0.0,0.0,0.0,0.0,0
2,monolithic_k8s_1svc,110,67.39004500002466,64.66319300000123,2.7268520000234275,602112,1,64.66319300000123,0.189697999985583,0.027498999997987994,0.0,602112,0.0,0.0,0.0,0.0,0,0.0,0.0,0.0,0.0,0,0.0,0.0,0.0,0.0,0,0.0,0.0,0.0,0.0,0
2,monolithic_k8s_1svc,111,68.38004400003683,65.51488500008418,2.865158999952655,602112,1,65.51488500008418,0.1838989999214391,0.02610000001368462,0.0,602112,0.0,0.0,0.0,0.0,0,0.0,0.0,0.0,0.0,0,0.0,0.0,0.0,0.0,0,0.0,0.0,0.0,0.0,0
2,monolithic_k8s_1svc,112,68.54384400003255,65.78498399994714,2.7588600000854058,602112,1,65.78498399994714,0.1865980000275158,0.02689899997676548,0.0,602112,0.0,0.0,0.0,0.0,0,0.0,0.0,0.0,0.0,0,0.0,0.0,0.0,0.0,0,0.0,0.0,0.0,0.0,0
2,monolithic_k8s_1svc,113,69.30514299995139,66.4167779999616,2.88836499998979,602112,1,66.4167779999616,0.1769990000184407,0.02830000005360489,0.0,602112,0.0,0.0,0.0,0.0,0,0.0,0.0,0.0,0.0,0,0.0,0.0,0.0,0.0,0,0.0,0.0,0.0,0.0,0
2,monolithic_k8s_1svc,114,69.04074399994897,66.12828100003298,2.912462999915988,602112,1,66.12828100003298,0.19599799998104572,0.02910000000611035,0.0,602112,0.0,0.0,0.0,0.0,0,0.0,0.0,0.0,0.0,0,0.0,0.0,0.0,0.0,0,0.0,0.0,0.0,0.0,0
2,monolithic_k8s_1svc,115,68.95264399997814,66.164881000077,2.7877629999011333,602112,1,66.164881000077,0.20039799994719942,0.027099000021735264,0.0,602112,0.0,0.0,0.0,0.0,0,0.0,0.0,0.0,0.0,0,0.0,0.0,0.0,0.0,0,0.0,0.0,0.0,0.0,0
2,monolithic_k8s_1svc,116,68.22544399994968,65.30218699992929,2.923257000020385,602112,1,65.30218699992929,0.1917980000598618,0.02779999999802385,0.0,602112,0.0,0.0,0.0,0.0,0,0.0,0.0,0.0,0.0,0,0.0,0.0,0.0,0.0,0,0.0,0.0,0.0,0.0,0
2,monolithic_k8s_1svc,117,67.71604400000797,64.97238899999047,2.7436550000174975,602112,1,64.97238899999047,0.16589900008057157,0.027599999953054066,0.0,602112,0.0,0.0,0.0,0.0,0,0.0,0.0,0.0,0.0,0,0.0,0.0,0.0,0.0,0,0.0,0.0,0.0,0.0,0
2,monolithic_k8s_1svc,118,68.44584399993892,65.67008399997576,2.7757599999631566,602112,1,65.67008399997576,0.19389800002045376,0.02740000002177112,0.0,602112,0.0,0.0,0.0,0.0,0,0.0,0.0,0.0,0.0,0,0.0,0.0,0.0,0.0,0,0.0,0.0,0.0,0.0,0
2,monolithic_k8s_1svc,119,68.49974400006431,65.5519849999564,2.947759000107908,602112,1,65.5519849999564,0.22589900004277297,0.02689999996619008,0.0,602112,0.0,0.0,0.0,0.0,0,0.0,0.0,0.0,0.0,0,0.0,0.0,0.0,0.0,0,0.0,0.0,0.0,0.0,0
2,monolithic_k8s_1svc,120,70.71974200005116,67.83486699998775,2.8848750000634027,602112,1,67.83486699998775,0.1987990000316131,0.027700000032382377,0.0,602112,0.0,0.0,0.0,0.0,0,0.0,0.0,0.0,0.0,0,0.0,0.0,0.0,0.0,0,0.0,0.0,0.0,0.0,0
2,monolithic_k8s_1svc,121,69.17144399994868,66.22488000004978,2.946563999898899,602112,1,66.22488000004978,0.2025989999765443,0.027199999976801337,0.0,602112,0.0,0.0,0.0,0.0,0,0.0,0.0,0.0,0.0,0,0.0,0.0,0.0,0.0,0,0.0,0.0,0.0,0.0,0
2,monolithic_k8s_1svc,122,68.33094399996753,65.45318600001337,2.877757999954156,602112,1,65.45318600001337,0.19469799997295922,0.026300000058654405,0.0,602112,0.0,0.0,0.0,0.0,0,0.0,0.0,0.0,0.0,0,0.0,0.0,0.0,0.0,0,0.0,0.0,0.0,0.0,0
2,monolithic_k8s_1svc,123,67.8110450000986,65.16388800002915,2.6471570000694555,602112,1,65.16388800002915,0.1774989999603349,0.02769999991869554,0.0,602112,0.0,0.0,0.0,0.0,0,0.0,0.0,0.0,0.0,0,0.0,0.0,0.0,0.0,0,0.0,0.0,0.0,0.0,0
2,monolithic_k8s_1svc,124,69.93364300001303,67.05567300002713,2.8779699999859076,602112,1,67.05567300002713,0.19519800002854026,0.026599999955578824,0.0,602112,0.0,0.0,0.0,0.0,0,0.0,0.0,0.0,0.0,0,0.0,0.0,0.0,0.0,0,0.0,0.0,0.0,0.0,0
2,monolithic_k8s_1svc,125,69.09704300005615,66.3484789999984,2.7485640000577405,602112,1,66.3484789999984,0.21369800003867567,0.02870000002985762,0.0,602112,0.0,0.0,0.0,0.0,0,0.0,0.0,0.0,0.0,0,0.0,0.0,0.0,0.0,0,0.0,0.0,0.0,0.0,0
2,monolithic_k8s_1svc,126,73.01233999999113,70.0744499999928,2.9378899999983332,602112,1,70.0744499999928,0.2062979999664094,0.028899000085402804,0.0,602112,0.0,0.0,0.0,0.0,0,0.0,0.0,0.0,0.0,0,0.0,0.0,0.0,0.0,0,0.0,0.0,0.0,0.0,0
2,monolithic_k8s_1svc,127,72.91483999995307,70.0008499999285,2.913990000024569,602112,1,70.0008499999285,0.21269800004120043,0.02779999999802385,0.0,602112,0.0,0.0,0.0,0.0,0,0.0,0.0,0.0,0.0,0,0.0,0.0,0.0,0.0,0,0.0,0.0,0.0,0.0,0
2,monolithic_k8s_1svc,128,70.64574200001061,67.7874680000059,2.8582740000047124,602112,1,67.7874680000059,0.19709799994416244,0.028499999984887836,0.0,602112,0.0,0.0,0.0,0.0,0,0.0,0.0,0.0,0.0,0,0.0,0.0,0.0,0.0,0,0.0,0.0,0.0,0.0,0
2,monolithic_k8s_1svc,129,72.55294099991261,69.86025200001222,2.6926889999003834,602112,1,69.86025200001222,0.19959799999469396,0.027498999997987994,0.0,602112,0.0,0.0,0.0,0.0,0,0.0,0.0,0.0,0.0,0,0.0,0.0,0.0,0.0,0,0.0,0.0,0.0,0.0,0
2,monolithic_k8s_1svc,130,71.63314100000662,68.73996000001625,2.8931809999903635,602112,1,68.73996000001625,0.27389800004584686,0.027599999953054066,0.0,602112,0.0,0.0,0.0,0.0,0,0.0,0.0,0.0,0.0,0,0.0,0.0,0.0,0.0,0,0.0,0.0,0.0,0.0,0
2,monolithic_k8s_1svc,131,67.89294400005019,65.18818799997916,2.704756000071029,602112,1,65.18818799997916,0.18879800006743608,0.026299999944967567,0.0,602112,0.0,0.0,0.0,0.0,0,0.0,0.0,0.0,0.0,0,0.0,0.0,0.0,0.0,0,0.0,0.0,0.0,0.0,0
2,monolithic_k8s_1svc,132,67.45424500002173,64.58729199994195,2.866953000079775,602112,1,64.58729199994195,0.18109899997398315,0.02610000001368462,0.0,602112,0.0,0.0,0.0,0.0,0,0.0,0.0,0.0,0.0,0,0.0,0.0,0.0,0.0,0,0.0,0.0,0.0,0.0,0
2,monolithic_k8s_1svc,133,70.08364299997538,67.18007300003137,2.903569999944011,602112,1,67.18007300003137,0.19519800002854026,0.026599999955578824,0.0,602112,0.0,0.0,0.0,0.0,0,0.0,0.0,0.0,0.0,0,0.0,0.0,0.0,0.0,0,0.0,0.0,0.0,0.0,0
2,monolithic_k8s_1svc,134,67.79154399998788,64.99879000000419,2.792753999983688,602112,1,64.99879000000419,0.19209799995678623,0.027299000066705048,0.0,602112,0.0,0.0,0.0,0.0,0,0.0,0.0,0.0,0.0,0,0.0,0.0,0.0,0.0,0,0.0,0.0,0.0,0.0,0
2,monolithic_k8s_1svc,135,69.94894299998577,66.54467700002442,3.4042659999613534,602112,1,66.54467700002442,0.19969799996033544,0.02689999996619008,0.0,602112,0.0,0.0,0.0,0.0,0,0.0,0.0,0.0,0.0,0,0.0,0.0,0.0,0.0,0,0.0,0.0,0.0,0.0,0
2,monolithic_k8s_1svc,136,69.74574200000916,66.62157599998864,3.124166000020523,602112,1,66.62157599998864,0.20299899995279702,0.026200000093012932,0.0,602112,0.0,0.0,0.0,0.0,0,0.0,0.0,0.0,0.0,0,0.0,0.0,0.0,0.0,0,0.0,0.0,0.0,0.0,0
2,monolithic_k8s_1svc,137,69.5124430000078,66.69267699999182,2.8197660000159885,602112,1,66.69267699999182,0.19059800001741678,0.027198999987376737,0.0,602112,0.0,0.0,0.0,0.0,0,0.0,0.0,0.0,0.0,0,0.0,0.0,0.0,0.0,0,0.0,0.0,0.0,0.0,0
2,monolithic_k8s_1svc,138,67.88204499991934,65.20718800004488,2.6748569998744642,602112,1,65.20718800004488,0.1756980000209296,0.025899999968714837,0.0,602112,0.0,0.0,0.0,0.0,0,0.0,0.0,0.0,0.0,0,0.0,0.0,0.0,0.0,0,0.0,0.0,0.0,0.0,0
2,monolithic_k8s_1svc,139,68.29144400001042,65.49878600003467,2.792657999975745,602112,1,65.49878600003467,0.16919799998049712,0.025899999968714837,0.0,602112,0.0,0.0,0.0,0.0,0,0.0,0.0,0.0,0.0,0,0.0,0.0,0.0,0.0,0,0.0,0.0,0.0,0.0,0
2,monolithic_k8s_1svc,140,72.4097410000013,69.59325299999364,2.8164880000076664,602112,1,69.59325299999364,0.16769900003055227,0.02570000003743189,0.0,602112,0.0,0.0,0.0,0.0,0,0.0,0.0,0.0,0.0,0,0.0,0.0,0.0,0.0,0,0.0,0.0,0.0,0.0,0
2,monolithic_k8s_1svc,141,66.96244500005832,64.33909500003665,2.6233500000216736,602112,1,64.33909500003665,0.17189900006542302,0.02689999996619008,0.0,602112,0.0,0.0,0.0,0.0,0,0.0,0.0,0.0,0.0,0,0.0,0.0,0.0,0.0,0,0.0,0.0,0.0,0.0,0
2,monolithic_k8s_1svc,142,68.17984399992838,65.38168700001279,2.798156999915591,602112,1,65.38168700001279,0.18699800000376854,0.028000000042993634,0.0,602112,0.0,0.0,0.0,0.0,0,0.0,0.0,0.0,0.0,0,0.0,0.0,0.0,0.0,0,0.0,0.0,0.0,0.0,0
2,monolithic_k8s_1svc,143,75.92903700003717,73.17432599995755,2.7547110000796238,602112,1,73.17432599995755,0.2108979999775329,0.02779900000859925,0.0,602112,0.0,0.0,0.0,0.0,0,0.0,0.0,0.0,0.0,0,0.0,0.0,0.0,0.0,0,0.0,0.0,0.0,0.0,0
2,monolithic_k8s_1svc,144,69.71904299996368,66.99247300002753,2.726569999936146,602112,1,66.99247300002753,0.20109900003717485,0.027399999908084283,0.0,602112,0.0,0.0,0.0,0.0,0,0.0,0.0,0.0,0.0,0,0.0,0.0,0.0,0.0,0,0.0,0.0,0.0,0.0,0
2,monolithic_k8s_1svc,145,68.85494300001938,66.05968099995607,2.7952620000633033,602112,1,66.05968099995607,0.17889900004774972,0.02779999999802385,0.0,602112,0.0,0.0,0.0,0.0,0,0.0,0.0,0.0,0.0,0,0.0,0.0,0.0,0.0,0,0.0,0.0,0.0,0.0,0
2,monolithic_k8s_1svc,146,70.41864300003908,67.77496799998062,2.6436750000584652,602112,1,67.77496799998062,0.19399800009978208,0.028100000008635106,0.0,602112,0.0,0.0,0.0,0.0,0,0.0,0.0,0.0,0.0,0,0.0,0.0,0.0,0.0,0,0.0,0.0,0.0,0.0,0
2,monolithic_k8s_1svc,147,68.89974400007759,66.18407999997089,2.715664000106699,602112,1,66.18407999997089,0.2038979999952062,0.02649999998993735,0.0,602112,0.0,0.0,0.0,0.0,0,0.0,0.0,0.0,0.0,0,0.0,0.0,0.0,0.0,0,0.0,0.0,0.0,0.0,0
2,monolithic_k8s_1svc,148,70.94818400003078,67.965766000043,2.9824179999877742,602112,1,67.965766000043,0.18619800005126308,0.027999999929306796,0.0,602112,0.0,0.0,0.0,0.0,0,0.0,0.0,0.0,0.0,0,0.0,0.0,0.0,0.0,0,0.0,0.0,0.0,0.0,0
2,monolithic_k8s_1svc,149,71.90029900004902,66.65737700006957,5.242921999979444,602112,1,66.65737700006957,0.20199799996589718,0.025800000003073364,0.0,602112,0.0,0.0,0.0,0.0,0,0.0,0.0,0.0,0.0,0,0.0,0.0,0.0,0.0,0,0.0,0.0,0.0,0.0,0
2,monolithic_k8s_1svc,150,68.02049999998871,65.06058900004064,2.959910999948079,602112,1,65.06058900004064,0.1737979999916206,0.026299999944967567,0.0,602112,0.0,0.0,0.0,0.0,0,0.0,0.0,0.0,0.0,0,0.0,0.0,0.0,0.0,0,0.0,0.0,0.0,0.0,0
2,monolithic_k8s_1svc,151,72.47429900007774,69.65085299998464,2.8234460000930994,602112,1,69.65085299998464,0.2165979999517731,0.03500000002532033,0.0,602112,0.0,0.0,0.0,0.0,0,0.0,0.0,0.0,0.0,0,0.0,0.0,0.0,0.0,0,0.0,0.0,0.0,0.0,0
2,monolithic_k8s_1svc,152,72.05099899999823,68.9113590000261,3.1396399999721325,602112,1,68.9113590000261,0.1947979999386007,0.027199999976801337,0.0,602112,0.0,0.0,0.0,0.0,0,0.0,0.0,0.0,0.0,0,0.0,0.0,0.0,0.0,0,0.0,0.0,0.0,0.0,0
2,monolithic_k8s_1svc,153,67.84650000008696,64.92679099994803,2.919709000138937,602112,1,64.92679099994803,0.18109799998455856,0.026699000045482535,0.0,602112,0.0,0.0,0.0,0.0,0,0.0,0.0,0.0,0.0,0,0.0,0.0,0.0,0.0,0,0.0,0.0,0.0,0.0,0
2,monolithic_k8s_1svc,154,68.71409899997616,66.01138200005607,2.702716999920085,602112,1,66.01138200005607,0.1724979999835341,0.026800000000548607,0.0,602112,0.0,0.0,0.0,0.0,0,0.0,0.0,0.0,0.0,0,0.0,0.0,0.0,0.0,0,0.0,0.0,0.0,0.0,0
2,monolithic_k8s_1svc,155,69.54329999996389,66.65667699996902,2.88662299999487,602112,1,66.65667699996902,0.1878980000356023,0.028600000064216147,0.0,602112,0.0,0.0,0.0,0.0,0,0.0,0.0,0.0,0.0,0,0.0,0.0,0.0,0.0,0,0.0,0.0,0.0,0.0,0
2,monolithic_k8s_1svc,156,69.13709899993137,66.47907799992936,2.658021000002009,602112,1,66.47907799992936,0.18519800005378784,0.028200000087963417,0.0,602112,0.0,0.0,0.0,0.0,0,0.0,0.0,0.0,0.0,0,0.0,0.0,0.0,0.0,0,0.0,0.0,0.0,0.0,0
2,monolithic_k8s_1svc,157,75.16479899993556,72.28223300000991,2.882565999925646,602112,1,72.28223300000991,0.20249799990779138,0.02909900001668575,0.0,602112,0.0,0.0,0.0,0.0,0,0.0,0.0,0.0,0.0,0,0.0,0.0,0.0,0.0,0,0.0,0.0,0.0,0.0,0
2,monolithic_k8s_1svc,158,70.91850000006161,67.67256800003452,3.2459320000270964,602112,1,67.67256800003452,0.20959900007255783,0.027399999908084283,0.0,602112,0.0,0.0,0.0,0.0,0,0.0,0.0,0.0,0.0,0,0.0,0.0,0.0,0.0,0,0.0,0.0,0.0,0.0,0
2,monolithic_k8s_1svc,159,70.54399900005137,67.59716900000967,2.9468300000417003,602112,1,67.59716900000967,0.19939900005283562,0.028000000042993634,0.0,602112,0.0,0.0,0.0,0.0,0,0.0,0.0,0.0,0.0,0,0.0,0.0,0.0,0.0,0,0.0,0.0,0.0,0.0,0
2,monolithic_k8s_1svc,160,69.74339900000359,66.82187499995962,2.9215240000439735,602112,1,66.82187499995962,0.19999800008463353,0.029700000027332862,0.0,602112,0.0,0.0,0.0,0.0,0,0.0,0.0,0.0,0.0,0,0.0,0.0,0.0,0.0,0,0.0,0.0,0.0,0.0,0
2,monolithic_k8s_1svc,161,72.20569999992676,69.63805300006243,2.567646999864337,602112,1,69.63805300006243,0.21049800000128016,0.02649999998993735,0.0,602112,0.0,0.0,0.0,0.0,0,0.0,0.0,0.0,0.0,0,0.0,0.0,0.0,0.0,0,0.0,0.0,0.0,0.0,0
2,monolithic_k8s_1svc,162,69.17499899998347,66.53267699994103,2.6423220000424408,602112,1,66.53267699994103,0.1756990000103542,0.035600000046542846,0.0,602112,0.0,0.0,0.0,0.0,0,0.0,0.0,0.0,0.0,0,0.0,0.0,0.0,0.0,0,0.0,0.0,0.0,0.0,0
2,monolithic_k8s_1svc,163,67.7644990000772,64.97979000005216,2.784709000025032,602112,1,64.97979000005216,0.18509799997445953,0.02689999996619008,0.0,602112,0.0,0.0,0.0,0.0,0,0.0,0.0,0.0,0.0,0,0.0,0.0,0.0,0.0,0,0.0,0.0,0.0,0.0,0
2,monolithic_k8s_1svc,164,69.6123999999827,66.86897499992028,2.743425000062416,602112,1,66.86897499992028,0.2200990001028913,0.02779900000859925,0.0,602112,0.0,0.0,0.0,0.0,0,0.0,0.0,0.0,0.0,0,0.0,0.0,0.0,0.0,0,0.0,0.0,0.0,0.0,0
2,monolithic_k8s_1svc,165,70.38739899996926,67.32467200004066,3.0627269999286,602112,1,67.32467200004066,0.19449799992798944,0.029699000037908263,0.0,602112,0.0,0.0,0.0,0.0,0,0.0,0.0,0.0,0.0,0,0.0,0.0,0.0,0.0,0,0.0,0.0,0.0,0.0,0
2,monolithic_k8s_1svc,166,72.10379900004682,68.91745899997659,3.1863400000702313,602112,1,68.91745899997659,0.19469800008664606,0.027700000032382377,0.0,602112,0.0,0.0,0.0,0.0,0,0.0,0.0,0.0,0.0,0,0.0,0.0,0.0,0.0,0,0.0,0.0,0.0,0.0,0
2,monolithic_k8s_1svc,167,70.53849999999784,67.70216799998252,2.836332000015318,602112,1,67.70216799998252,0.19739900005788513,0.028799999995499093,0.0,602112,0.0,0.0,0.0,0.0,0,0.0,0.0,0.0,0.0,0,0.0,0.0,0.0,0.0,0,0.0,0.0,0.0,0.0,0
2,monolithic_k8s_1svc,168,70.13879900000575,67.46856999995998,2.670229000045765,602112,1,67.46856999995998,0.20239900004526135,0.027700000032382377,0.0,602112,0.0,0.0,0.0,0.0,0,0.0,0.0,0.0,0.0,0,0.0,0.0,0.0,0.0,0,0.0,0.0,0.0,0.0,0
2,monolithic_k8s_1svc,169,68.88839999999163,66.30217899999025,2.5862210000013874,602112,1,66.30217899999025,0.18709900007252145,0.02769999991869554,0.0,602112,0.0,0.0,0.0,0.0,0,0.0,0.0,0.0,0.0,0,0.0,0.0,0.0,0.0,0,0.0,0.0,0.0,0.0,0
2,monolithic_k8s_1svc,170,68.33399900006043,65.19328799993218,3.140711000128249,602112,1,65.19328799993218,0.19679900003666262,0.028599000074791547,0.0,602112,0.0,0.0,0.0,0.0,0,0.0,0.0,0.0,0.0,0,0.0,0.0,0.0,0.0,0,0.0,0.0,0.0,0.0,0
2,monolithic_k8s_1svc,171,70.28179899998577,67.41786999998567,2.8639290000000983,602112,1,67.41786999998567,0.1999989999603713,0.030799999990449578,0.0,602112,0.0,0.0,0.0,0.0,0,0.0,0.0,0.0,0.0,0,0.0,0.0,0.0,0.0,0,0.0,0.0,0.0,0.0,0
2,monolithic_k8s_1svc,172,72.454099999959,69.17345700003352,3.280642999925476,602112,1,69.17345700003352,0.19719900001291535,0.029298999947968696,0.0,602112,0.0,0.0,0.0,0.0,0,0.0,0.0,0.0,0.0,0,0.0,0.0,0.0,0.0,0,0.0,0.0,0.0,0.0,0
2,monolithic_k8s_1svc,173,72.19089900002018,69.16285700003755,3.0280419999826336,602112,1,69.16285700003755,0.2064980000113792,0.028899999961140566,0.0,602112,0.0,0.0,0.0,0.0,0,0.0,0.0,0.0,0.0,0,0.0,0.0,0.0,0.0,0,0.0,0.0,0.0,0.0,0
2,monolithic_k8s_1svc,174,72.91719900001681,69.00225800006865,3.9149409999481577,602112,1,69.00225800006865,0.20639799993205088,0.027100000011159864,0.0,602112,0.0,0.0,0.0,0.0,0,0.0,0.0,0.0,0.0,0,0.0,0.0,0.0,0.0,0,0.0,0.0,0.0,0.0,0
2,monolithic_k8s_1svc,175,69.29190000005292,66.31527900003675,2.9766210000161664,602112,1,66.31527900003675,0.2020980000452255,0.043899999923269206,0.0,602112,0.0,0.0,0.0,0.0,0,0.0,0.0,0.0,0.0,0,0.0,0.0,0.0,0.0,0,0.0,0.0,0.0,0.0,0
2,monolithic_k8s_1svc,176,69.70669899999393,66.9279749999987,2.7787239999952362,602112,1,66.9279749999987,0.17579799998657109,0.02779900000859925,0.0,602112,0.0,0.0,0.0,0.0,0,0.0,0.0,0.0,0.0,0,0.0,0.0,0.0,0.0,0,0.0,0.0,0.0,0.0,0
2,monolithic_k8s_1svc,177,68.67809899995336,66.02718199997071,2.6509169999826554,602112,1,66.02718199997071,0.17099800004416466,0.02610000001368462,0.0,602112,0.0,0.0,0.0,0.0,0,0.0,0.0,0.0,0.0,0,0.0,0.0,0.0,0.0,0,0.0,0.0,0.0,0.0,0
2,monolithic_k8s_1svc,178,67.1912999999904,64.67929199993705,2.5120080000533562,602112,1,64.67929199993705,0.18259900002703944,0.024499999994986865,0.0,602112,0.0,0.0,0.0,0.0,0,0.0,0.0,0.0,0.0,0,0.0,0.0,0.0,0.0,0,0.0,0.0,0.0,0.0,0
2,monolithic_k8s_1svc,179,68.19819899999402,65.29368799999702,2.904510999997001,602112,1,65.29368799999702,0.17719799996029906,0.02560000007179042,0.0,602112,0.0,0.0,0.0,0.0,0,0.0,0.0,0.0,0.0,0,0.0,0.0,0.0,0.0,0,0.0,0.0,0.0,0.0,0
2,monolithic_k8s_1svc,180,68.20189999996273,65.35278699993796,2.849113000024772,602112,1,65.35278699993796,0.17369800002597913,0.028000000042993634,0.0,602112,0.0,0.0,0.0,0.0,0,0.0,0.0,0.0,0.0,0,0.0,0.0,0.0,0.0,0,0.0,0.0,0.0,0.0,0
2,monolithic_k8s_1svc,181,68.64349900001798,65.528486000062,3.1150129999559795,602112,1,65.528486000062,0.2173980000179654,0.02649900000051275,0.0,602112,0.0,0.0,0.0,0.0,0,0.0,0.0,0.0,0.0,0,0.0,0.0,0.0,0.0,0,0.0,0.0,0.0,0.0,0
2,monolithic_k8s_1svc,182,69.35259900001256,66.67507700001352,2.677521999999044,602112,1,66.67507700001352,0.18569799999568204,0.028899999961140566,0.0,602112,0.0,0.0,0.0,0.0,0,0.0,0.0,0.0,0.0,0,0.0,0.0,0.0,0.0,0,0.0,0.0,0.0,0.0,0
2,monolithic_k8s_1svc,183,68.4976000000006,65.41958599996178,3.07801400003882,602112,1,65.41958599996178,0.20419900010892889,0.026599999955578824,0.0,602112,0.0,0.0,0.0,0.0,0,0.0,0.0,0.0,0.0,0,0.0,0.0,0.0,0.0,0,0.0,0.0,0.0,0.0,0
2,monolithic_k8s_1svc,184,68.79529899993031,66.00998200008235,2.7853169998479643,602112,1,66.00998200008235,0.19759799999974348,0.027999999929306796,0.0,602112,0.0,0.0,0.0,0.0,0,0.0,0.0,0.0,0.0,0,0.0,0.0,0.0,0.0,0,0.0,0.0,0.0,0.0,0
2,monolithic_k8s_1svc,185,69.4254989999763,66.57817699999669,2.847321999979613,602112,1,66.57817699999669,0.18439799998759554,0.026400000024295878,0.0,602112,0.0,0.0,0.0,0.0,0,0.0,0.0,0.0,0.0,0,0.0,0.0,0.0,0.0,0,0.0,0.0,0.0,0.0,0
2,monolithic_k8s_1svc,186,70.60730000000603,67.94296700002178,2.6643329999842535,602112,1,67.94296700002178,0.1999979999709467,0.029799999992974335,0.0,602112,0.0,0.0,0.0,0.0,0,0.0,0.0,0.0,0.0,0,0.0,0.0,0.0,0.0,0,0.0,0.0,0.0,0.0,0
2,monolithic_k8s_1svc,187,70.2447989999655,67.40187100001549,2.842927999950007,602112,1,67.40187100001549,0.20169800006897276,0.028299999939918052,0.0,602112,0.0,0.0,0.0,0.0,0,0.0,0.0,0.0,0.0,0,0.0,0.0,0.0,0.0,0,0.0,0.0,0.0,0.0,0
2,monolithic_k8s_1svc,188,71.82860000000346,68.55596100001549,3.2726389999879757,602112,1,68.55596100001549,0.20879900000636553,0.02689999996619008,0.0,602112,0.0,0.0,0.0,0.0,0,0.0,0.0,0.0,0.0,0,0.0,0.0,0.0,0.0,0,0.0,0.0,0.0,0.0,0
2,monolithic_k8s_1svc,189,71.79709900003672,68.59016099997461,3.2069380000621095,602112,1,68.59016099997461,0.1987990000316131,0.02740000002177112,0.0,602112,0.0,0.0,0.0,0.0,0,0.0,0.0,0.0,0.0,0,0.0,0.0,0.0,0.0,0,0.0,0.0,0.0,0.0,0
2,monolithic_k8s_1svc,190,69.73269900004198,66.9117740000047,2.8209250000372776,602112,1,66.9117740000047,0.20039899993662402,0.02740000002177112,0.0,602112,0.0,0.0,0.0,0.0,0,0.0,0.0,0.0,0.0,0,0.0,0.0,0.0,0.0,0,0.0,0.0,0.0,0.0,0
2,monolithic_k8s_1svc,191,67.3361000000341,64.57709300002534,2.7590070000087508,602112,1,64.57709300002534,0.20599899994522275,0.027600000066740904,0.0,602112,0.0,0.0,0.0,0.0,0,0.0,0.0,0.0,0.0,0,0.0,0.0,0.0,0.0,0,0.0,0.0,0.0,0.0,0
2,monolithic_k8s_1svc,192,69.66669899998124,66.80447500002629,2.8622239999549492,602112,1,66.80447500002629,0.1955989999942176,0.026699999921220297,0.0,602112,0.0,0.0,0.0,0.0,0,0.0,0.0,0.0,0.0,0,0.0,0.0,0.0,0.0,0,0.0,0.0,0.0,0.0,0
2,monolithic_k8s_1svc,193,72.82719900001666,69.92565100006232,2.901547999954346,602112,1,69.92565100006232,0.19589800001540425,0.025899999968714837,0.0,602112,0.0,0.0,0.0,0.0,0,0.0,0.0,0.0,0.0,0,0.0,0.0,0.0,0.0,0,0.0,0.0,0.0,0.0,0
2,monolithic_k8s_1svc,194,66.49849999996604,63.79529899993486,2.7032010000311857,602112,1,63.79529899993486,0.16609900001185451,0.02470000003995665,0.0,602112,0.0,0.0,0.0,0.0,0,0.0,0.0,0.0,0.0,0,0.0,0.0,0.0,0.0,0,0.0,0.0,0.0,0.0,0
2,monolithic_k8s_1svc,195,71.73459900002399,68.90285899999071,2.831740000033278,602112,1,68.90285899999071,0.18199900000581692,0.026300000058654405,0.0,602112,0.0,0.0,0.0,0.0,0,0.0,0.0,0.0,0.0,0,0.0,0.0,0.0,0.0,0,0.0,0.0,0.0,0.0,0
2,monolithic_k8s_1svc,196,69.97659900002873,66.92267400001128,3.0539250000174434,602112,1,66.92267400001128,0.17939899998964393,0.027600000066740904,0.0,602112,0.0,0.0,0.0,0.0,0,0.0,0.0,0.0,0.0,0,0.0,0.0,0.0,0.0,0,0.0,0.0,0.0,0.0,0
2,monolithic_k8s_1svc,197,72.69420000000082,69.88245200000165,2.81174799999917,602112,1,69.88245200000165,0.1927979999436502,0.02829900006418029,0.0,602112,0.0,0.0,0.0,0.0,0,0.0,0.0,0.0,0.0,0,0.0,0.0,0.0,0.0,0,0.0,0.0,0.0,0.0,0
2,monolithic_k8s_1svc,198,69.97559899991757,67.10107299988977,2.8745260000277995,602112,1,67.10107299988977,0.20419900010892889,0.027599000077316305,0.0,602112,0.0,0.0,0.0,0.0,0,0.0,0.0,0.0,0.0,0,0.0,0.0,0.0,0.0,0,0.0,0.0,0.0,0.0,0
2,monolithic_k8s_1svc,199,68.64070000005995,65.78428399996028,2.856416000099671,602112,1,65.78428399996028,0.18379799996637303,0.02920000008543866,0.0,602112,0.0,0.0,0.0,0.0,0,0.0,0.0,0.0,0.0,0,0.0,0.0,0.0,0.0,0,0.0,0.0,0.0,0.0,0
2,monolithic_k8s_1svc,200,70.30449900003077,67.52067000002171,2.7838290000090637,602112,1,67.52067000002171,0.21389799996995862,0.026699999921220297,0.0,602112,0.0,0.0,0.0,0.0,0,0.0,0.0,0.0,0.0,0,0.0,0.0,0.0,0.0,0,0.0,0.0,0.0,0.0,0
3,monolithic_k8s_1svc,1,72.92349700003342,69.76184000006924,3.1616569999641797,602112,1,69.76184000006924,0.21119799998814415,0.027599999953054066,0.0,602112,0.0,0.0,0.0,0.0,0,0.0,0.0,0.0,0.0,0,0.0,0.0,0.0,0.0,0,0.0,0.0,0.0,0.0,0
3,monolithic_k8s_1svc,2,69.17959699990206,66.1111690000098,3.068427999892265,602112,1,66.1111690000098,0.18409899996640888,0.028799999995499093,0.0,602112,0.0,0.0,0.0,0.0,0,0.0,0.0,0.0,0.0,0,0.0,0.0,0.0,0.0,0,0.0,0.0,0.0,0.0,0
3,monolithic_k8s_1svc,3,69.81859700010773,66.94280300007449,2.8757940000332383,602112,1,66.94280300007449,0.1979979999759962,0.02779999999802385,0.0,602112,0.0,0.0,0.0,0.0,0,0.0,0.0,0.0,0.0,0,0.0,0.0,0.0,0.0,0,0.0,0.0,0.0,0.0,0
3,monolithic_k8s_1svc,4,71.73639699999512,68.83048499992128,2.9059120000738403,602112,1,68.83048499992128,0.20759800008818274,0.027700000032382377,0.0,602112,0.0,0.0,0.0,0.0,0,0.0,0.0,0.0,0.0,0,0.0,0.0,0.0,0.0,0,0.0,0.0,0.0,0.0,0
3,monolithic_k8s_1svc,5,74.10959600008482,70.9447659999114,3.164830000173424,602112,1,70.9447659999114,0.2025979999871197,0.026300000058654405,0.0,602112,0.0,0.0,0.0,0.0,0,0.0,0.0,0.0,0.0,0,0.0,0.0,0.0,0.0,0,0.0,0.0,0.0,0.0,0
3,monolithic_k8s_1svc,6,73.46849700002167,70.51306999994722,2.955427000074451,602112,1,70.51306999994722,0.19219800003611454,0.02739900003234652,0.0,602112,0.0,0.0,0.0,0.0,0,0.0,0.0,0.0,0.0,0,0.0,0.0,0.0,0.0,0,0.0,0.0,0.0,0.0,0
3,monolithic_k8s_1svc,7,70.18699699995068,67.23139899997932,2.95559799997136,602112,1,67.23139899997932,0.19919800001844123,0.02819999997427658,0.0,602112,0.0,0.0,0.0,0.0,0,0.0,0.0,0.0,0.0,0,0.0,0.0,0.0,0.0,0,0.0,0.0,0.0,0.0,0
3,monolithic_k8s_1svc,8,70.85759699998562,68.25238999999783,2.605206999987786,602112,1,68.25238999999783,0.2020980000452255,0.029300000051080133,0.0,602112,0.0,0.0,0.0,0.0,0,0.0,0.0,0.0,0.0,0,0.0,0.0,0.0,0.0,0,0.0,0.0,0.0,0.0,0
3,monolithic_k8s_1svc,9,69.78559699996367,66.88390200008598,2.901694999877691,602112,1,66.88390200008598,0.19829799998660746,0.027499999987412593,0.0,602112,0.0,0.0,0.0,0.0,0,0.0,0.0,0.0,0.0,0,0.0,0.0,0.0,0.0,0,0.0,0.0,0.0,0.0,0
3,monolithic_k8s_1svc,10,68.39309700001195,65.48671500002001,2.906381999991936,602112,1,65.48671500002001,0.22039800001039112,0.027099000021735264,0.0,602112,0.0,0.0,0.0,0.0,0,0.0,0.0,0.0,0.0,0,0.0,0.0,0.0,0.0,0,0.0,0.0,0.0,0.0,0
3,monolithic_k8s_1svc,11,72.36599700001989,69.34537999995882,3.0206170000610655,602112,1,69.34537999995882,0.2051980000032927,0.027600000066740904,0.0,602112,0.0,0.0,0.0,0.0,0,0.0,0.0,0.0,0.0,0,0.0,0.0,0.0,0.0,0,0.0,0.0,0.0,0.0,0
3,monolithic_k8s_1svc,12,71.00799699992422,68.37848800000756,2.629508999916652,602112,1,68.37848800000756,0.1815980000401396,0.028000000042993634,0.0,602112,0.0,0.0,0.0,0.0,0,0.0,0.0,0.0,0.0,0,0.0,0.0,0.0,0.0,0,0.0,0.0,0.0,0.0,0
3,monolithic_k8s_1svc,13,71.00409700001364,67.82439400001294,3.1797030000007,602112,1,67.82439400001294,0.19129800000428077,0.026400000024295878,0.0,602112,0.0,0.0,0.0,0.0,0,0.0,0.0,0.0,0.0,0,0.0,0.0,0.0,0.0,0,0.0,0.0,0.0,0.0,0
3,monolithic_k8s_1svc,14,67.94099699993694,65.30021700007183,2.640779999865117,602112,1,65.30021700007183,0.1968980000128795,0.027998999939882196,0.0,602112,0.0,0.0,0.0,0.0,0,0.0,0.0,0.0,0.0,0,0.0,0.0,0.0,0.0,0,0.0,0.0,0.0,0.0,0
3,monolithic_k8s_1svc,15,70.00219700000798,67.31379899997592,2.688398000032066,602112,1,67.31379899997592,0.20219800001086696,0.02739900003234652,0.0,602112,0.0,0.0,0.0,0.0,0,0.0,0.0,0.0,0.0,0,0.0,0.0,0.0,0.0,0,0.0,0.0,0.0,0.0,0
3,monolithic_k8s_1svc,16,71.6266969999424,68.791884999996,2.834811999946396,602112,1,68.791884999996,0.20139799994467467,0.02700000004551839,0.0,602112,0.0,0.0,0.0,0.0,0,0.0,0.0,0.0,0.0,0,0.0,0.0,0.0,0.0,0,0.0,0.0,0.0,0.0,0
3,monolithic_k8s_1svc,17,72.23669699999391,69.51787800005604,2.7188189999378665,602112,1,69.51787800005604,0.20909799991386535,0.028000000042993634,0.0,602112,0.0,0.0,0.0,0.0,0,0.0,0.0,0.0,0.0,0,0.0,0.0,0.0,0.0,0,0.0,0.0,0.0,0.0,0
3,monolithic_k8s_1svc,18,69.34939699999632,66.41430699994544,2.9350900000508773,602112,1,66.41430699994544,0.18889800003307755,0.027699000042957778,0.0,602112,0.0,0.0,0.0,0.0,0,0.0,0.0,0.0,0.0,0,0.0,0.0,0.0,0.0,0,0.0,0.0,0.0,0.0,0
3,monolithic_k8s_1svc,19,72.2355969999171,69.35497999995732,2.880616999959784,602112,1,69.35497999995732,0.20239800005583675,0.027899999963665323,0.0,602112,0.0,0.0,0.0,0.0,0,0.0,0.0,0.0,0.0,0,0.0,0.0,0.0,0.0,0,0.0,0.0,0.0,0.0,0
3,monolithic_k8s_1svc,20,71.04049700001269,68.14329099995575,2.89720600005694,602112,1,68.14329099995575,0.21049800000128016,0.02700000004551839,0.0,602112,0.0,0.0,0.0,0.0,0,0.0,0.0,0.0,0.0,0,0.0,0.0,0.0,0.0,0,0.0,0.0,0.0,0.0,0
3,monolithic_k8s_1svc,21,70.36439700004848,67.69819499993446,2.6662020001140263,602112,1,67.69819499993446,0.18639800009623286,0.027300000056129647,0.0,602112,0.0,0.0,0.0,0.0,0,0.0,0.0,0.0,0.0,0,0.0,0.0,0.0,0.0,0,0.0,0.0,0.0,0.0,0
3,monolithic_k8s_1svc,22,69.628597000019,66.28910699998869,3.3394900000303096,602112,1,66.28910699998869,0.20109800004775025,0.026199999979326094,0.0,602112,0.0,0.0,0.0,0.0,0,0.0,0.0,0.0,0.0,0,0.0,0.0,0.0,0.0,0,0.0,0.0,0.0,0.0,0
3,monolithic_k8s_1svc,23,68.41059700002461,65.73771299997588,2.6728840000487253,602112,1,65.73771299997588,0.2121979999856194,0.026699000045482535,0.0,602112,0.0,0.0,0.0,0.0,0,0.0,0.0,0.0,0.0,0,0.0,0.0,0.0,0.0,0,0.0,0.0,0.0,0.0,0
3,monolithic_k8s_1svc,24,70.2846970000337,67.53359599997566,2.7511010000580427,602112,1,67.53359599997566,0.19469799997295922,0.02870000002985762,0.0,602112,0.0,0.0,0.0,0.0,0,0.0,0.0,0.0,0.0,0,0.0,0.0,0.0,0.0,0,0.0,0.0,0.0,0.0,0
3,monolithic_k8s_1svc,25,69.28339699993558,66.18600799993146,3.0973890000041138,602112,1,66.18600799993146,0.1950980000628988,0.02700000004551839,0.0,602112,0.0,0.0,0.0,0.0,0,0.0,0.0,0.0,0.0,0,0.0,0.0,0.0,0.0,0,0.0,0.0,0.0,0.0,0
3,monolithic_k8s_1svc,26,69.5981970000048,66.95100100000673,2.6471959999980754,602112,1,66.95100100000673,0.1981990000103906,0.026299999944967567,0.0,602112,0.0,0.0,0.0,0.0,0,0.0,0.0,0.0,0.0,0,0.0,0.0,0.0,0.0,0,0.0,0.0,0.0,0.0,0
3,monolithic_k8s_1svc,27,69.03469700000642,66.32310700001653,2.711589999989883,602112,1,66.32310700001653,0.17919799995524954,0.027700000032382377,0.0,602112,0.0,0.0,0.0,0.0,0,0.0,0.0,0.0,0.0,0,0.0,0.0,0.0,0.0,0,0.0,0.0,0.0,0.0,0
3,monolithic_k8s_1svc,28,69.9192969999558,66.98410199999216,2.9351949999636417,602112,1,66.98410199999216,0.2176979999148898,0.02999900004851952,0.0,602112,0.0,0.0,0.0,0.0,0,0.0,0.0,0.0,0.0,0,0.0,0.0,0.0,0.0,0,0.0,0.0,0.0,0.0,0
3,monolithic_k8s_1svc,29,69.36969700007012,66.58550500003457,2.784192000035546,602112,1,66.58550500003457,0.2100979999113406,0.03039900002477225,0.0,602112,0.0,0.0,0.0,0.0,0,0.0,0.0,0.0,0.0,0,0.0,0.0,0.0,0.0,0,0.0,0.0,0.0,0.0,0
3,monolithic_k8s_1svc,30,71.00779699999293,68.13948999990771,2.868307000085224,602112,1,68.13948999990771,0.20639900003516232,0.028400000019246363,0.0,602112,0.0,0.0,0.0,0.0,0,0.0,0.0,0.0,0.0,0,0.0,0.0,0.0,0.0,0,0.0,0.0,0.0,0.0,0
3,monolithic_k8s_1svc,31,68.17039700001715,65.57181300001957,2.5985839999975724,602112,1,65.57181300001957,0.20439900004021183,0.028499999984887836,0.0,602112,0.0,0.0,0.0,0.0,0,0.0,0.0,0.0,0.0,0,0.0,0.0,0.0,0.0,0,0.0,0.0,0.0,0.0,0
3,monolithic_k8s_1svc,32,68.32359700001689,65.66831300006015,2.655283999956737,602112,1,65.66831300006015,0.19519799991485343,0.02769899992927094,0.0,602112,0.0,0.0,0.0,0.0,0,0.0,0.0,0.0,0.0,0,0.0,0.0,0.0,0.0,0,0.0,0.0,0.0,0.0,0
3,monolithic_k8s_1svc,33,70.08259700000963,67.45339700000841,2.6292000000012195,602112,1,67.45339700000841,0.2030979999290139,0.02920000008543866,0.0,602112,0.0,0.0,0.0,0.0,0,0.0,0.0,0.0,0.0,0,0.0,0.0,0.0,0.0,0,0.0,0.0,0.0,0.0,0
3,monolithic_k8s_1svc,34,70.74939699998595,67.64789599992582,3.101501000060125,602112,1,67.64789599992582,0.21429800005989819,0.02819899998485198,0.0,602112,0.0,0.0,0.0,0.0,0,0.0,0.0,0.0,0.0,0,0.0,0.0,0.0,0.0,0,0.0,0.0,0.0,0.0,0
3,monolithic_k8s_1svc,35,69.65039700003217,66.80190200006564,2.848494999966533,602112,1,66.80190200006564,0.1948990000073536,0.02779999999802385,0.0,602112,0.0,0.0,0.0,0.0,0,0.0,0.0,0.0,0.0,0,0.0,0.0,0.0,0.0,0,0.0,0.0,0.0,0.0,0
3,monolithic_k8s_1svc,36,69.32809699992504,66.47100600002886,2.8570909998961724,602112,1,66.47100600002886,0.20399799996084766,0.026699999921220297,0.0,602112,0.0,0.0,0.0,0.0,0,0.0,0.0,0.0,0.0,0,0.0,0.0,0.0,0.0,0,0.0,0.0,0.0,0.0,0
3,monolithic_k8s_1svc,37,69.77439699994648,66.81010299996615,2.9642939999803275,602112,1,66.81010299996615,0.20349800001895346,0.02660000006926566,0.0,602112,0.0,0.0,0.0,0.0,0,0.0,0.0,0.0,0.0,0,0.0,0.0,0.0,0.0,0,0.0,0.0,0.0,0.0,0
3,monolithic_k8s_1svc,38,68.79829700005757,66.18800799992641,2.6102890001311607,602112,1,66.18800799992641,0.19659800000226824,0.027200000090488174,0.0,602112,0.0,0.0,0.0,0.0,0,0.0,0.0,0.0,0.0,0,0.0,0.0,0.0,0.0,0,0.0,0.0,0.0,0.0,0
3,monolithic_k8s_1svc,39,67.77649699995436,65.15621699998064,2.620279999973718,602112,1,65.15621699998064,0.18899899998814362,0.025000000050567905,0.0,602112,0.0,0.0,0.0,0.0,0,0.0,0.0,0.0,0.0,0,0.0,0.0,0.0,0.0,0,0.0,0.0,0.0,0.0,0
3,monolithic_k8s_1svc,40,68.55719700001828,65.98961000008785,2.567586999930427,602112,1,65.98961000008785,0.1679979999380521,0.025499999992462108,0.0,602112,0.0,0.0,0.0,0.0,0,0.0,0.0,0.0,0.0,0,0.0,0.0,0.0,0.0,0,0.0,0.0,0.0,0.0,0
3,monolithic_k8s_1svc,41,70.4358970000385,67.32879799994862,3.1070990000898746,602112,1,67.32879799994862,0.18199900000581692,0.028099000019210507,0.0,602112,0.0,0.0,0.0,0.0,0,0.0,0.0,0.0,0.0,0,0.0,0.0,0.0,0.0,0,0.0,0.0,0.0,0.0,0
3,monolithic_k8s_1svc,42,72.26529699994444,69.69107700001587,2.574219999928573,602112,1,69.69107700001587,0.19509799994921195,0.02660000006926566,0.0,602112,0.0,0.0,0.0,0.0,0,0.0,0.0,0.0,0.0,0,0.0,0.0,0.0,0.0,0,0.0,0.0,0.0,0.0,0
3,monolithic_k8s_1svc,43,68.61259700008304,65.37151499992433,3.2410820001587126,602112,1,65.37151499992433,0.19549800003915152,0.026000000048043148,0.0,602112,0.0,0.0,0.0,0.0,0,0.0,0.0,0.0,0.0,0,0.0,0.0,0.0,0.0,0,0.0,0.0,0.0,0.0,0
3,monolithic_k8s_1svc,44,69.60319699999218,66.914701000087,2.6884959999051716,602112,1,66.914701000087,0.1960989999361118,0.02729999994244281,0.0,602112,0.0,0.0,0.0,0.0,0,0.0,0.0,0.0,0.0,0,0.0,0.0,0.0,0.0,0,0.0,0.0,0.0,0.0,0
3,monolithic_k8s_1svc,45,68.33679700002904,65.33271500006776,3.0040819999612722,602112,1,65.33271500006776,0.1781989999471989,0.025899999968714837,0.0,602112,0.0,0.0,0.0,0.0,0,0.0,0.0,0.0,0.0,0,0.0,0.0,0.0,0.0,0,0.0,0.0,0.0,0.0,0
3,monolithic_k8s_1svc,46,70.99099699996714,68.36438800007727,2.626608999889868,602112,1,68.36438800007727,0.20119900000281632,0.02599999993435631,0.0,602112,0.0,0.0,0.0,0.0,0,0.0,0.0,0.0,0.0,0,0.0,0.0,0.0,0.0,0,0.0,0.0,0.0,0.0,0
3,monolithic_k8s_1svc,47,71.13969700003508,68.08239099996172,3.0573060000733676,602112,1,68.08239099996172,0.19679800004723802,0.027499999987412593,0.0,602112,0.0,0.0,0.0,0.0,0,0.0,0.0,0.0,0.0,0,0.0,0.0,0.0,0.0,0,0.0,0.0,0.0,0.0,0
3,monolithic_k8s_1svc,48,72.28659700001572,69.3050800000492,2.981516999966516,602112,1,69.3050800000492,0.1999989999603713,0.026199999979326094,0.0,602112,0.0,0.0,0.0,0.0,0,0.0,0.0,0.0,0.0,0,0.0,0.0,0.0,0.0,0,0.0,0.0,0.0,0.0,0
3,monolithic_k8s_1svc,49,70.92059699994024,67.97149199996966,2.9491049999705865,602112,1,67.97149199996966,0.20039800006088626,0.02649999998993735,0.0,602112,0.0,0.0,0.0,0.0,0,0.0,0.0,0.0,0.0,0,0.0,0.0,0.0,0.0,0,0.0,0.0,0.0,0.0,0
3,monolithic_k8s_1svc,50,68.9317869999968,65.84891099998913,3.0828760000076727,602112,1,65.84891099998913,0.19739800006846053,0.028000000042993634,0.0,602112,0.0,0.0,0.0,0.0,0,0.0,0.0,0.0,0.0,0,0.0,0.0,0.0,0.0,0,0.0,0.0,0.0,0.0,0
3,monolithic_k8s_1svc,51,68.99015099997996,66.17280799991931,2.817343000060646,602112,1,66.17280799991931,0.19289800002297852,0.026800000000548607,0.0,602112,0.0,0.0,0.0,0.0,0,0.0,0.0,0.0,0.0,0,0.0,0.0,0.0,0.0,0,0.0,0.0,0.0,0.0,0
3,monolithic_k8s_1svc,52,68.22005000003628,65.62271299992517,2.5973370001111107,602112,1,65.62271299992517,0.18569899998510664,0.027300000056129647,0.0,602112,0.0,0.0,0.0,0.0,0,0.0,0.0,0.0,0.0,0,0.0,0.0,0.0,0.0,0,0.0,0.0,0.0,0.0,0
3,monolithic_k8s_1svc,53,71.89394799991078,68.97898299996541,2.9149649999453686,602112,1,68.97898299996541,0.17599800003154087,0.026300000058654405,0.0,602112,0.0,0.0,0.0,0.0,0,0.0,0.0,0.0,0.0,0,0.0,0.0,0.0,0.0,0,0.0,0.0,0.0,0.0,0
3,monolithic_k8s_1svc,54,68.50765100000444,65.39511500000117,3.1125360000032742,602112,1,65.39511500000117,0.19279900004676165,0.026800000000548607,0.0,602112,0.0,0.0,0.0,0.0,0,0.0,0.0,0.0,0.0,0,0.0,0.0,0.0,0.0,0,0.0,0.0,0.0,0.0,0
3,monolithic_k8s_1svc,55,68.85264999993979,66.05730900002982,2.7953409999099676,602112,1,66.05730900002982,0.19329899998865585,0.02689999996619008,0.0,602112,0.0,0.0,0.0,0.0,0,0.0,0.0,0.0,0.0,0,0.0,0.0,0.0,0.0,0,0.0,0.0,0.0,0.0,0
3,monolithic_k8s_1svc,56,70.56884899998295,67.6019960000076,2.9668529999753446,602112,1,67.6019960000076,0.18899799999871902,0.027999999929306796,0.0,602112,0.0,0.0,0.0,0.0,0,0.0,0.0,0.0,0.0,0,0.0,0.0,0.0,0.0,0,0.0,0.0,0.0,0.0,0
3,monolithic_k8s_1svc,57,70.20614900000055,67.5640959999555,2.6420530000450526,602112,1,67.5640959999555,0.19129800000428077,0.026800000000548607,0.0,602112,0.0,0.0,0.0,0.0,0,0.0,0.0,0.0,0.0,0,0.0,0.0,0.0,0.0,0,0.0,0.0,0.0,0.0,0
3,monolithic_k8s_1svc,58,78.37964400005148,75.13472799996634,3.2449160000851407,602112,1,75.13472799996634,0.23939799996242073,0.026200000093012932,0.0,602112,0.0,0.0,0.0,0.0,0,0.0,0.0,0.0,0.0,0,0.0,0.0,0.0,0.0,0,0.0,0.0,0.0,0.0,0
3,monolithic_k8s_1svc,59,69.68314999994618,66.95490100003099,2.728248999915195,602112,1,66.95490100003099,0.2152979999436866,0.02559999995810358,0.0,602112,0.0,0.0,0.0,0.0,0,0.0,0.0,0.0,0.0,0,0.0,0.0,0.0,0.0,0,0.0,0.0,0.0,0.0,0
3,monolithic_k8s_1svc,60,68.57375100003082,65.43051500000274,3.1432360000280823,602112,1,65.43051500000274,0.19419799991737818,0.027100000011159864,0.0,602112,0.0,0.0,0.0,0.0,0,0.0,0.0,0.0,0.0,0,0.0,0.0,0.0,0.0,0,0.0,0.0,0.0,0.0,0
3,monolithic_k8s_1svc,61,69.0727500000321,66.28410700000131,2.7886430000307882,602112,1,66.28410700000131,0.1883989999669211,0.027100000011159864,0.0,602112,0.0,0.0,0.0,0.0,0,0.0,0.0,0.0,0.0,0,0.0,0.0,0.0,0.0,0,0.0,0.0,0.0,0.0,0
3,monolithic_k8s_1svc,62,68.96225000002687,66.12260800000058,2.839642000026288,602112,1,66.12260800000058,0.20139899993409927,0.027300000056129647,0.0,602112,0.0,0.0,0.0,0.0,0,0.0,0.0,0.0,0.0,0,0.0,0.0,0.0,0.0,0,0.0,0.0,0.0,0.0,0
3,monolithic_k8s_1svc,63,71.13164800000504,67.96479199999794,3.166856000007101,602112,1,67.96479199999794,0.19989899999472982,0.025899999968714837,0.0,602112,0.0,0.0,0.0,0.0,0,0.0,0.0,0.0,0.0,0,0.0,0.0,0.0,0.0,0,0.0,0.0,0.0,0.0,0
3,monolithic_k8s_1svc,64,69.73785000002408,66.88600199993289,2.851848000091195,602112,1,66.88600199993289,0.20329800008767052,0.027499999987412593,0.0,602112,0.0,0.0,0.0,0.0,0,0.0,0.0,0.0,0.0,0,0.0,0.0,0.0,0.0,0,0.0,0.0,0.0,0.0,0
3,monolithic_k8s_1svc,65,68.56034999998428,65.76111200001833,2.7992379999659533,602112,1,65.76111200001833,0.18089899992901337,0.02829900006418029,0.0,602112,0.0,0.0,0.0,0.0,0,0.0,0.0,0.0,0.0,0,0.0,0.0,0.0,0.0,0,0.0,0.0,0.0,0.0,0
3,monolithic_k8s_1svc,66,67.33145199996216,64.53932199997325,2.7921299999889015,602112,1,64.53932199997325,0.1961990000154401,0.026400000024295878,0.0,602112,0.0,0.0,0.0,0.0,0,0.0,0.0,0.0,0.0,0,0.0,0.0,0.0,0.0,0,0.0,0.0,0.0,0.0,0
3,monolithic_k8s_1svc,67,72.62524700001904,69.90397499998835,2.7212720000306945,602112,1,69.90397499998835,0.20359800009828177,0.02649999998993735,0.0,602112,0.0,0.0,0.0,0.0,0,0.0,0.0,0.0,0.0,0,0.0,0.0,0.0,0.0,0,0.0,0.0,0.0,0.0,0
3,monolithic_k8s_1svc,68,68.81814999997005,65.65551300002426,3.1626369999457893,602112,1,65.65551300002426,0.17779899997094617,0.02689899997676548,0.0,602112,0.0,0.0,0.0,0.0,0,0.0,0.0,0.0,0.0,0,0.0,0.0,0.0,0.0,0,0.0,0.0,0.0,0.0,0
3,monolithic_k8s_1svc,69,67.29645200005052,64.75752100004684,2.5389310000036858,602112,1,64.75752100004684,0.1968980000128795,0.026800000000548607,0.0,602112,0.0,0.0,0.0,0.0,0,0.0,0.0,0.0,0.0,0,0.0,0.0,0.0,0.0,0,0.0,0.0,0.0,0.0,0
3,monolithic_k8s_1svc,70,67.01695099991412,64.24142599996685,2.7755249999472653,602112,1,64.24142599996685,0.19209799995678623,0.028000000042993634,0.0,602112,0.0,0.0,0.0,0.0,0,0.0,0.0,0.0,0.0,0,0.0,0.0,0.0,0.0,0,0.0,0.0,0.0,0.0,0
3,monolithic_k8s_1svc,71,68.56705099994542,66.03881000000911,2.5282409999363153,602112,1,66.03881000000911,0.17299800003911514,0.025198999992426252,0.0,602112,0.0,0.0,0.0,0.0,0,0.0,0.0,0.0,0.0,0,0.0,0.0,0.0,0.0,0,0.0,0.0,0.0,0.0,0
3,monolithic_k8s_1svc,72,69.38194999997904,66.73780299990995,2.644147000069097,602112,1,66.73780299990995,0.20409800004017598,0.029300000051080133,0.0,602112,0.0,0.0,0.0,0.0,0,0.0,0.0,0.0,0.0,0,0.0,0.0,0.0,0.0,0,0.0,0.0,0.0,0.0,0
3,monolithic_k8s_1svc,73,69.24485000001823,66.52860500003044,2.7162449999877936,602112,1,66.52860500003044,0.22839799999019306,0.027899999963665323,0.0,602112,0.0,0.0,0.0,0.0,0,0.0,0.0,0.0,0.0,0,0.0,0.0,0.0,0.0,0,0.0,0.0,0.0,0.0,0
3,monolithic_k8s_1svc,74,70.91324900000018,68.15239000002293,2.760858999977245,602112,1,68.15239000002293,0.2020980000452255,0.027599999953054066,0.0,602112,0.0,0.0,0.0,0.0,0,0.0,0.0,0.0,0.0,0,0.0,0.0,0.0,0.0,0,0.0,0.0,0.0,0.0,0
3,monolithic_k8s_1svc,75,71.93544800009022,69.232779999993,2.702668000097219,602112,1,69.232779999993,0.21309900000687776,0.027700000032382377,0.0,602112,0.0,0.0,0.0,0.0,0,0.0,0.0,0.0,0.0,0,0.0,0.0,0.0,0.0,0,0.0,0.0,0.0,0.0,0
3,monolithic_k8s_1svc,76,71.06564899993373,68.15778999998656,2.907858999947166,602112,1,68.15778999998656,0.2108979999775329,0.029000000040468876,0.0,602112,0.0,0.0,0.0,0.0,0,0.0,0.0,0.0,0.0,0,0.0,0.0,0.0,0.0,0,0.0,0.0,0.0,0.0,0
3,monolithic_k8s_1svc,77,70.94574899997497,68.26448999993318,2.6812590000417913,602112,1,68.26448999993318,0.2101979999906689,0.027099000021735264,0.0,602112,0.0,0.0,0.0,0.0,0,0.0,0.0,0.0,0.0,0,0.0,0.0,0.0,0.0,0,0.0,0.0,0.0,0.0,0
3,monolithic_k8s_1svc,78,71.49914900003296,68.89678400000321,2.6023650000297494,602112,1,68.89678400000321,0.2051980000032927,0.026999999931831553,0.0,602112,0.0,0.0,0.0,0.0,0,0.0,0.0,0.0,0.0,0,0.0,0.0,0.0,0.0,0,0.0,0.0,0.0,0.0,0
3,monolithic_k8s_1svc,79,69.54094999991867,66.8727019999551,2.668247999963569,602112,1,66.8727019999551,0.21909800000230462,0.028000000042993634,0.0,602112,0.0,0.0,0.0,0.0,0,0.0,0.0,0.0,0.0,0,0.0,0.0,0.0,0.0,0,0.0,0.0,0.0,0.0,0
3,monolithic_k8s_1svc,80,73.26654799999233,70.31517099994744,2.951377000044886,602112,1,70.31517099994744,0.20169900005839736,0.028899999961140566,0.0,602112,0.0,0.0,0.0,0.0,0,0.0,0.0,0.0,0.0,0,0.0,0.0,0.0,0.0,0,0.0,0.0,0.0,0.0,0
3,monolithic_k8s_1svc,81,69.75115000000187,66.60580400000526,3.145345999996607,602112,1,66.60580400000526,0.20899900005133532,0.02599999993435631,0.0,602112,0.0,0.0,0.0,0.0,0,0.0,0.0,0.0,0.0,0,0.0,0.0,0.0,0.0,0,0.0,0.0,0.0,0.0,0
3,monolithic_k8s_1svc,82,68.20545100003983,65.4101149999633,2.7953360000765315,602112,1,65.4101149999633,0.20479800002703996,0.02790000007735216,0.0,602112,0.0,0.0,0.0,0.0,0,0.0,0.0,0.0,0.0,0,0.0,0.0,0.0,0.0,0,0.0,0.0,0.0,0.0,0
3,monolithic_k8s_1svc,83,70.42764899995291,67.58769600003234,2.8399529999205697,602112,1,67.58769600003234,0.185197999940101,0.04369999999198626,0.0,602112,0.0,0.0,0.0,0.0,0,0.0,0.0,0.0,0.0,0,0.0,0.0,0.0,0.0,0,0.0,0.0,0.0,0.0,0
3,monolithic_k8s_1svc,84,67.97425100000964,65.39451599996937,2.579735000040273,602112,1,65.39451599996937,0.208598000085658,0.02639900003487128,0.0,602112,0.0,0.0,0.0,0.0,0,0.0,0.0,0.0,0.0,0,0.0,0.0,0.0,0.0,0,0.0,0.0,0.0,0.0,0
3,monolithic_k8s_1svc,85,71.13874799995301,68.39298900001722,2.745758999935788,602112,1,68.39298900001722,0.19289800002297852,0.028400000019246363,0.0,602112,0.0,0.0,0.0,0.0,0,0.0,0.0,0.0,0.0,0,0.0,0.0,0.0,0.0,0,0.0,0.0,0.0,0.0,0
3,monolithic_k8s_1svc,86,70.67494900002202,67.74079400008759,2.934154999934435,602112,1,67.74079400008759,0.20459799998207018,0.027399999908084283,0.0,602112,0.0,0.0,0.0,0.0,0,0.0,0.0,0.0,0.0,0,0.0,0.0,0.0,0.0,0,0.0,0.0,0.0,0.0,0
3,monolithic_k8s_1svc,87,69.60685000001376,66.71010299999125,2.896747000022515,602112,1,66.71010299999125,0.19389800002045376,0.027899999963665323,0.0,602112,0.0,0.0,0.0,0.0,0,0.0,0.0,0.0,0.0,0,0.0,0.0,0.0,0.0,0,0.0,0.0,0.0,0.0,0
3,monolithic_k8s_1svc,88,72.12874799995461,68.95838399998411,3.1703639999705047,602112,1,68.95838399998411,0.19959799999469396,0.029399000027297006,0.0,602112,0.0,0.0,0.0,0.0,0,0.0,0.0,0.0,0.0,0,0.0,0.0,0.0,0.0,0,0.0,0.0,0.0,0.0,0
3,monolithic_k8s_1svc,89,73.19114699998863,70.2560720000065,2.9350749999821346,602112,1,70.2560720000065,0.20639800004573772,0.027099999897473026,0.0,602112,0.0,0.0,0.0,0.0,0,0.0,0.0,0.0,0.0,0,0.0,0.0,0.0,0.0,0,0.0,0.0,0.0,0.0,0
3,monolithic_k8s_1svc,90,68.12925000008363,65.27421600003436,2.8550340000492724,602112,1,65.27421600003436,0.19129800000428077,0.02649999998993735,0.0,602112,0.0,0.0,0.0,0.0,0,0.0,0.0,0.0,0.0,0,0.0,0.0,0.0,0.0,0,0.0,0.0,0.0,0.0,0
3,monolithic_k8s_1svc,91,69.76764999990337,66.91550200002894,2.8521479998744326,602112,1,66.91550200002894,0.1966979999679097,0.027498999997987994,0.0,602112,0.0,0.0,0.0,0.0,0,0.0,0.0,0.0,0.0,0,0.0,0.0,0.0,0.0,0,0.0,0.0,0.0,0.0,0
3,monolithic_k8s_1svc,92,71.41134799996962,68.49398700001075,2.9173609999588734,602112,1,68.49398700001075,0.19759799999974348,0.05599999997230043,0.0,602112,0.0,0.0,0.0,0.0,0,0.0,0.0,0.0,0.0,0,0.0,0.0,0.0,0.0,0,0.0,0.0,0.0,0.0,0
3,monolithic_k8s_1svc,93,70.70854899995993,67.81089300000076,2.89765599995917,602112,1,67.81089300000076,0.19319900002301438,0.02790000007735216,0.0,602112,0.0,0.0,0.0,0.0,0,0.0,0.0,0.0,0.0,0,0.0,0.0,0.0,0.0,0,0.0,0.0,0.0,0.0,0
3,monolithic_k8s_1svc,94,67.80275099993105,65.05741799992393,2.745333000007122,602112,1,65.05741799992393,0.19709800005784928,0.02830000005360489,0.0,602112,0.0,0.0,0.0,0.0,0,0.0,0.0,0.0,0.0,0,0.0,0.0,0.0,0.0,0,0.0,0.0,0.0,0.0,0
3,monolithic_k8s_1svc,95,67.69355100004759,65.07811799997398,2.615433000073608,602112,1,65.07811799997398,0.20479800002703996,0.027200000090488174,0.0,602112,0.0,0.0,0.0,0.0,0,0.0,0.0,0.0,0.0,0,0.0,0.0,0.0,0.0,0,0.0,0.0,0.0,0.0,0
3,monolithic_k8s_1svc,96,69.30895000004966,66.33360700004687,2.9753430000027947,602112,1,66.33360700004687,0.2108979999775329,0.026698999931795697,0.0,602112,0.0,0.0,0.0,0.0,0,0.0,0.0,0.0,0.0,0,0.0,0.0,0.0,0.0,0,0.0,0.0,0.0,0.0,0
3,monolithic_k8s_1svc,97,70.62374899999213,67.80229399998916,2.8214550000029703,602112,1,67.80229399998916,0.20409800004017598,0.02779900000859925,0.0,602112,0.0,0.0,0.0,0.0,0,0.0,0.0,0.0,0.0,0,0.0,0.0,0.0,0.0,0,0.0,0.0,0.0,0.0,0
3,monolithic_k8s_1svc,98,69.21075000002475,66.27440799991291,2.9363420001118357,602112,1,66.27440799991291,0.1976980000790718,0.02790000007735216,0.0,602112,0.0,0.0,0.0,0.0,0,0.0,0.0,0.0,0.0,0,0.0,0.0,0.0,0.0,0,0.0,0.0,0.0,0.0,0
3,monolithic_k8s_1svc,99,70.88834900002894,67.7778940000735,3.1104549999554365,602112,1,67.7778940000735,0.2287979999664458,0.026699999921220297,0.0,602112,0.0,0.0,0.0,0.0,0,0.0,0.0,0.0,0.0,0,0.0,0.0,0.0,0.0,0,0.0,0.0,0.0,0.0,0
3,monolithic_k8s_1svc,100,70.03864900002554,67.06210100003318,2.9765479999923627,602112,1,67.06210100003318,0.1978979998966679,0.025799000013648765,0.0,602112,0.0,0.0,0.0,0.0,0,0.0,0.0,0.0,0.0,0,0.0,0.0,0.0,0.0,0,0.0,0.0,0.0,0.0,0
3,monolithic_k8s_1svc,101,70.55124899989096,67.73639400000775,2.8148549998832095,602112,1,67.73639400000775,0.20689799998763192,0.028799999995499093,0.0,602112,0.0,0.0,0.0,0.0,0,0.0,0.0,0.0,0.0,0,0.0,0.0,0.0,0.0,0,0.0,0.0,0.0,0.0,0
3,monolithic_k8s_1svc,102,71.92904800001543,69.27368100002695,2.6553669999884733,602112,1,69.27368100002695,0.2228979999472358,0.026199999979326094,0.0,602112,0.0,0.0,0.0,0.0,0,0.0,0.0,0.0,0.0,0,0.0,0.0,0.0,0.0,0,0.0,0.0,0.0,0.0,0
3,monolithic_k8s_1svc,103,70.26284899995972,67.20179899991763,3.061050000042087,602112,1,67.20179899991763,0.2018980000002557,0.02700000004551839,0.0,602112,0.0,0.0,0.0,0.0,0,0.0,0.0,0.0,0.0,0,0.0,0.0,0.0,0.0,0,0.0,0.0,0.0,0.0,0
3,monolithic_k8s_1svc,104,70.30314899998302,67.40159699995729,2.901552000025731,602112,1,67.40159699995729,0.20489900009579287,0.02610000001368462,0.0,602112,0.0,0.0,0.0,0.0,0,0.0,0.0,0.0,0.0,0,0.0,0.0,0.0,0.0,0,0.0,0.0,0.0,0.0,0
3,monolithic_k8s_1svc,105,68.63685100006478,66.00210999999945,2.6347410000653326,602112,1,66.00210999999945,0.17049799998858362,0.026800000000548607,0.0,602112,0.0,0.0,0.0,0.0,0,0.0,0.0,0.0,0.0,0,0.0,0.0,0.0,0.0,0,0.0,0.0,0.0,0.0,0
3,monolithic_k8s_1svc,106,70.62344899998152,67.44169700004932,3.181751999932203,602112,1,67.44169700004932,0.1901979999274772,0.028400000019246363,0.0,602112,0.0,0.0,0.0,0.0,0,0.0,0.0,0.0,0.0,0,0.0,0.0,0.0,0.0,0,0.0,0.0,0.0,0.0,0
3,monolithic_k8s_1svc,107,69.95204899999408,67.0230000000629,2.929048999931183,602112,1,67.0230000000629,0.21149899998818,0.02729999994244281,0.0,602112,0.0,0.0,0.0,0.0,0,0.0,0.0,0.0,0.0,0,0.0,0.0,0.0,0.0,0,0.0,0.0,0.0,0.0,0
3,monolithic_k8s_1svc,108,69.35154999996485,66.48170600010417,2.8698439998606773,602112,1,66.48170600010417,0.19439799996234797,0.026699999921220297,0.0,602112,0.0,0.0,0.0,0.0,0,0.0,0.0,0.0,0.0,0,0.0,0.0,0.0,0.0,0,0.0,0.0,0.0,0.0,0
3,monolithic_k8s_1svc,109,70.64244900004724,67.90149300002213,2.7409560000251076,602112,1,67.90149300002213,0.20409800004017598,0.026698999931795697,0.0,602112,0.0,0.0,0.0,0.0,0,0.0,0.0,0.0,0.0,0,0.0,0.0,0.0,0.0,0,0.0,0.0,0.0,0.0,0
3,monolithic_k8s_1svc,110,73.5444470000175,70.49826900004064,3.0461779999768623,602112,1,70.49826900004064,0.20349900000837806,0.028100000008635106,0.0,602112,0.0,0.0,0.0,0.0,0,0.0,0.0,0.0,0.0,0,0.0,0.0,0.0,0.0,0,0.0,0.0,0.0,0.0,0
3,monolithic_k8s_1svc,111,70.13524900003176,67.53989599997112,2.5953530000606406,602112,1,67.53989599997112,0.20339799993962515,0.030200000082913903,0.0,602112,0.0,0.0,0.0,0.0,0,0.0,0.0,0.0,0.0,0,0.0,0.0,0.0,0.0,0,0.0,0.0,0.0,0.0,0
3,monolithic_k8s_1svc,112,75.23454599993329,72.57565100007923,2.6588949998540556,602112,1,72.57565100007923,0.21859799994672358,0.027599999953054066,0.0,602112,0.0,0.0,0.0,0.0,0,0.0,0.0,0.0,0.0,0,0.0,0.0,0.0,0.0,0,0.0,0.0,0.0,0.0,0
3,monolithic_k8s_1svc,113,69.74944900002811,67.08060000005389,2.668848999974216,602112,1,67.08060000005389,0.187797999956274,0.027100000011159864,0.0,602112,0.0,0.0,0.0,0.0,0,0.0,0.0,0.0,0.0,0,0.0,0.0,0.0,0.0,0,0.0,0.0,0.0,0.0,0
3,monolithic_k8s_1svc,114,71.54974899992794,68.4019889999945,3.1477599999334416,602112,1,68.4019889999945,0.20289799999773095,0.02559900008236582,0.0,602112,0.0,0.0,0.0,0.0,0,0.0,0.0,0.0,0.0,0,0.0,0.0,0.0,0.0,0,0.0,0.0,0.0,0.0,0
3,monolithic_k8s_1svc,115,67.63125200006925,65.06181800000377,2.5694340000654847,602112,1,65.06181800000377,0.1711989999648722,0.026800000000548607,0.0,602112,0.0,0.0,0.0,0.0,0,0.0,0.0,0.0,0.0,0,0.0,0.0,0.0,0.0,0,0.0,0.0,0.0,0.0,0
3,monolithic_k8s_1svc,116,70.58835000009367,67.93549999997595,2.6528500001177235,602112,1,67.93549999997595,0.1961980000260155,0.02689999996619008,0.0,602112,0.0,0.0,0.0,0.0,0,0.0,0.0,0.0,0.0,0,0.0,0.0,0.0,0.0,0,0.0,0.0,0.0,0.0,0
3,monolithic_k8s_1svc,117,68.43025099999522,65.79296200004592,2.6372889999493054,602112,1,65.79296200004592,0.18829900000127964,0.02649999998993735,0.0,602112,0.0,0.0,0.0,0.0,0,0.0,0.0,0.0,0.0,0,0.0,0.0,0.0,0.0,0,0.0,0.0,0.0,0.0,0
3,monolithic_k8s_1svc,118,69.16754999997465,66.2710579999839,2.896491999990758,602112,1,66.2710579999839,0.18849899993256258,0.028400000019246363,0.0,602112,0.0,0.0,0.0,0.0,0,0.0,0.0,0.0,0.0,0,0.0,0.0,0.0,0.0,0,0.0,0.0,0.0,0.0,0
3,monolithic_k8s_1svc,119,71.36744900003578,68.75653899999179,2.6109100000439867,602112,1,68.75653899999179,0.1950980000628988,0.025800000003073364,0.0,602112,0.0,0.0,0.0,0.0,0,0.0,0.0,0.0,0.0,0,0.0,0.0,0.0,0.0,0,0.0,0.0,0.0,0.0,0
3,monolithic_k8s_1svc,120,69.12985099995694,66.25965800003542,2.870192999921528,602112,1,66.25965800003542,0.20419899999524205,0.029000000040468876,0.0,602112,0.0,0.0,0.0,0.0,0,0.0,0.0,0.0,0.0,0,0.0,0.0,0.0,0.0,0,0.0,0.0,0.0,0.0,0
3,monolithic_k8s_1svc,121,68.55495100001008,65.86966200006827,2.685288999941804,602112,1,65.86966200006827,0.20539899992400024,0.026799000011124008,0.0,602112,0.0,0.0,0.0,0.0,0,0.0,0.0,0.0,0.0,0,0.0,0.0,0.0,0.0,0,0.0,0.0,0.0,0.0,0
3,monolithic_k8s_1svc,122,69.78074899996045,66.73535499999161,3.0453939999688373,602112,1,66.73535499999161,0.18819799993252673,0.02870000002985762,0.0,602112,0.0,0.0,0.0,0.0,0,0.0,0.0,0.0,0.0,0,0.0,0.0,0.0,0.0,0,0.0,0.0,0.0,0.0,0
3,monolithic_k8s_1svc,123,69.16984999998022,66.52865599994584,2.6411940000343748,602112,1,66.52865599994584,0.1924990000361504,0.02700000004551839,0.0,602112,0.0,0.0,0.0,0.0,0,0.0,0.0,0.0,0.0,0,0.0,0.0,0.0,0.0,0,0.0,0.0,0.0,0.0,0
3,monolithic_k8s_1svc,124,68.12975099990126,65.53686500001277,2.5928859998884946,602112,1,65.53686500001277,0.19689799989919265,0.026800000000548607,0.0,602112,0.0,0.0,0.0,0.0,0,0.0,0.0,0.0,0.0,0,0.0,0.0,0.0,0.0,0,0.0,0.0,0.0,0.0,0
3,monolithic_k8s_1svc,125,75.93204499994499,73.0766039999935,2.8554409999514974,602112,1,73.0766039999935,0.19099800010735635,0.027098999908048427,0.0,602112,0.0,0.0,0.0,0.0,0,0.0,0.0,0.0,0.0,0,0.0,0.0,0.0,0.0,0,0.0,0.0,0.0,0.0,0
3,monolithic_k8s_1svc,126,69.03465000004871,65.88216199997987,3.1524880000688427,602112,1,65.88216199997987,0.1781979999577743,0.027499999987412593,0.0,602112,0.0,0.0,0.0,0.0,0,0.0,0.0,0.0,0.0,0,0.0,0.0,0.0,0.0,0,0.0,0.0,0.0,0.0,0
3,monolithic_k8s_1svc,127,67.98495100008495,65.34676599994782,2.6381850001371276,602112,1,65.34676599994782,0.1917990000492864,0.027100000011159864,0.0,602112,0.0,0.0,0.0,0.0,0,0.0,0.0,0.0,0.0,0,0.0,0.0,0.0,0.0,0,0.0,0.0,0.0,0.0,0
3,monolithic_k8s_1svc,128,68.52335099995344,65.6912630000761,2.8320879998773307,602112,1,65.6912630000761,0.19259900000179186,0.027499999987412593,0.0,602112,0.0,0.0,0.0,0.0,0,0.0,0.0,0.0,0.0,0,0.0,0.0,0.0,0.0,0,0.0,0.0,0.0,0.0,0
3,monolithic_k8s_1svc,129,69.61404899993795,66.7846549999922,2.8293939999457507,602112,1,66.7846549999922,0.19939799994972418,0.02829900006418029,0.0,602112,0.0,0.0,0.0,0.0,0,0.0,0.0,0.0,0.0,0,0.0,0.0,0.0,0.0,0,0.0,0.0,0.0,0.0,0
3,monolithic_k8s_1svc,130,69.88845000000765,67.2356510000327,2.652798999974948,602112,1,67.2356510000327,0.19529799999418174,0.025899999968714837,0.0,602112,0.0,0.0,0.0,0.0,0,0.0,0.0,0.0,0.0,0,0.0,0.0,0.0,0.0,0,0.0,0.0,0.0,0.0,0
3,monolithic_k8s_1svc,131,71.2475479999739,68.30704200001492,2.9405059999589866,602112,1,68.30704200001492,0.19709799994416244,0.02740000002177112,0.0,602112,0.0,0.0,0.0,0.0,0,0.0,0.0,0.0,0.0,0,0.0,0.0,0.0,0.0,0,0.0,0.0,0.0,0.0,0
3,monolithic_k8s_1svc,132,68.4072510000533,65.77276300004087,2.634488000012425,602112,1,65.77276300004087,0.20069799995781068,0.026598999966154224,0.0,602112,0.0,0.0,0.0,0.0,0,0.0,0.0,0.0,0.0,0,0.0,0.0,0.0,0.0,0,0.0,0.0,0.0,0.0,0
3,monolithic_k8s_1svc,133,70.14014899993981,67.49174899994159,2.648399999998219,602112,1,67.49174899994159,0.20289799999773095,0.026300000058654405,0.0,602112,0.0,0.0,0.0,0.0,0,0.0,0.0,0.0,0.0,0,0.0,0.0,0.0,0.0,0,0.0,0.0,0.0,0.0,0
3,monolithic_k8s_1svc,134,68.76274999990528,66.05526000009831,2.707489999806967,602112,1,66.05526000009831,0.21569799991993932,0.026599999955578824,0.0,602112,0.0,0.0,0.0,0.0,0,0.0,0.0,0.0,0.0,0,0.0,0.0,0.0,0.0,0,0.0,0.0,0.0,0.0,0
3,monolithic_k8s_1svc,135,70.27255000002697,67.51004900002044,2.762501000006523,602112,1,67.51004900002044,0.19569799997043447,0.02819899998485198,0.0,602112,0.0,0.0,0.0,0.0,0,0.0,0.0,0.0,0.0,0,0.0,0.0,0.0,0.0,0,0.0,0.0,0.0,0.0,0
3,monolithic_k8s_1svc,136,70.43575000000146,67.45774900002743,2.9780009999740287,602112,1,67.45774900002743,0.19789800001035474,0.02870000002985762,0.0,602112,0.0,0.0,0.0,0.0,0,0.0,0.0,0.0,0.0,0,0.0,0.0,0.0,0.0,0,0.0,0.0,0.0,0.0,0
3,monolithic_k8s_1svc,137,67.78955200002201,65.15596799999912,2.6335840000228927,602112,1,65.15596799999912,0.20379799991587788,0.02660000006926566,0.0,602112,0.0,0.0,0.0,0.0,0,0.0,0.0,0.0,0.0,0,0.0,0.0,0.0,0.0,0,0.0,0.0,0.0,0.0,0
3,monolithic_k8s_1svc,138,70.44005000000197,67.6249480000024,2.8151019999995697,602112,1,67.6249480000024,0.16779899999619374,0.026099000024260022,0.0,602112,0.0,0.0,0.0,0.0,0,0.0,0.0,0.0,0.0,0,0.0,0.0,0.0,0.0,0,0.0,0.0,0.0,0.0,0
3,monolithic_k8s_1svc,139,70.52625000005719,67.67614700004287,2.8501030000143146,602112,1,67.67614700004287,0.19519799991485343,0.02689999996619008,0.0,602112,0.0,0.0,0.0,0.0,0,0.0,0.0,0.0,0.0,0,0.0,0.0,0.0,0.0,0,0.0,0.0,0.0,0.0,0
3,monolithic_k8s_1svc,140,69.1473509999696,66.05955999998514,3.0877909999844633,602112,1,66.05955999998514,0.18619900004068768,0.02779999999802385,0.0,602112,0.0,0.0,0.0,0.0,0,0.0,0.0,0.0,0.0,0,0.0,0.0,0.0,0.0,0,0.0,0.0,0.0,0.0,0
3,monolithic_k8s_1svc,141,67.3027519999323,64.63467200001105,2.668079999921247,602112,1,64.63467200001105,0.1914979999355637,0.027100000011159864,0.0,602112,0.0,0.0,0.0,0.0,0,0.0,0.0,0.0,0.0,0,0.0,0.0,0.0,0.0,0,0.0,0.0,0.0,0.0,0
3,monolithic_k8s_1svc,142,71.11194900005557,67.88534500003607,3.226604000019506,602112,1,67.88534500003607,0.2049979999583229,0.028499999984887836,0.0,602112,0.0,0.0,0.0,0.0,0,0.0,0.0,0.0,0.0,0,0.0,0.0,0.0,0.0,0,0.0,0.0,0.0,0.0,0
3,monolithic_k8s_1svc,143,75.63514599996779,72.76270600004864,2.872439999919152,602112,1,72.76270600004864,0.19529799999418174,0.02649999998993735,0.0,602112,0.0,0.0,0.0,0.0,0,0.0,0.0,0.0,0.0,0,0.0,0.0,0.0,0.0,0,0.0,0.0,0.0,0.0,0
3,monolithic_k8s_1svc,144,69.34594999995625,66.47475699992356,2.87119300003269,602112,1,66.47475699992356,0.19089900001745264,0.026700000034907134,0.0,602112,0.0,0.0,0.0,0.0,0,0.0,0.0,0.0,0.0,0,0.0,0.0,0.0,0.0,0,0.0,0.0,0.0,0.0,0
3,monolithic_k8s_1svc,145,68.08045100001436,65.4072659999656,2.673185000048761,602112,1,65.4072659999656,0.18509900007757096,0.02729899995301821,0.0,602112,0.0,0.0,0.0,0.0,0,0.0,0.0,0.0,0.0,0,0.0,0.0,0.0,0.0,0,0.0,0.0,0.0,0.0,0
3,monolithic_k8s_1svc,146,68.64235099999405,65.68576400002257,2.956586999971478,602112,1,65.68576400002257,0.19379799994112545,0.025298999958067725,0.0,602112,0.0,0.0,0.0,0.0,0,0.0,0.0,0.0,0.0,0,0.0,0.0,0.0,0.0,0,0.0,0.0,0.0,0.0,0
3,monolithic_k8s_1svc,147,69.24854999999752,66.1554600000045,3.093089999993026,602112,1,66.1554600000045,0.19569799997043447,0.027099000021735264,0.0,602112,0.0,0.0,0.0,0.0,0,0.0,0.0,0.0,0.0,0,0.0,0.0,0.0,0.0,0,0.0,0.0,0.0,0.0,0
3,monolithic_k8s_1svc,148,69.10464999998567,66.43415799999275,2.670491999992919,602112,1,66.43415799999275,0.21439800002553966,0.027499999987412593,0.0,602112,0.0,0.0,0.0,0.0,0,0.0,0.0,0.0,0.0,0,0.0,0.0,0.0,0.0,0,0.0,0.0,0.0,0.0,0
3,monolithic_k8s_1svc,149,68.94005000003744,66.34675800000878,2.5932920000286686,602112,1,66.34675800000878,0.18049899995276064,0.02689999996619008,0.0,602112,0.0,0.0,0.0,0.0,0,0.0,0.0,0.0,0.0,0,0.0,0.0,0.0,0.0,0,0.0,0.0,0.0,0.0,0
3,monolithic_k8s_1svc,150,68.80584999998973,65.95466099997793,2.8511890000118,602112,1,65.95466099997793,0.20039899993662402,0.029000000040468876,0.0,602112,0.0,0.0,0.0,0.0,0,0.0,0.0,0.0,0.0,0,0.0,0.0,0.0,0.0,0,0.0,0.0,0.0,0.0,0
3,monolithic_k8s_1svc,151,70.35604899999726,67.75744600008693,2.5986029999103266,602112,1,67.75744600008693,0.20069899994723528,0.028899999961140566,0.0,602112,0.0,0.0,0.0,0.0,0,0.0,0.0,0.0,0.0,0,0.0,0.0,0.0,0.0,0,0.0,0.0,0.0,0.0,0
3,monolithic_k8s_1svc,152,70.07525000005899,67.48274899996431,2.5925010000946713,602112,1,67.48274899996431,0.20239800005583675,0.02689999996619008,0.0,602112,0.0,0.0,0.0,0.0,0,0.0,0.0,0.0,0.0,0,0.0,0.0,0.0,0.0,0,0.0,0.0,0.0,0.0,0
3,monolithic_k8s_1svc,153,71.28464900006293,68.45604099999036,2.8286080000725633,602112,1,68.45604099999036,0.18649900005129894,0.02779900000859925,0.0,602112,0.0,0.0,0.0,0.0,0,0.0,0.0,0.0,0.0,0,0.0,0.0,0.0,0.0,0,0.0,0.0,0.0,0.0,0
3,monolithic_k8s_1svc,154,72.657348000007,69.47783200007507,3.1795159999319367,602112,1,69.47783200007507,0.23529800000687828,0.026099999899997783,0.0,602112,0.0,0.0,0.0,0.0,0,0.0,0.0,0.0,0.0,0,0.0,0.0,0.0,0.0,0,0.0,0.0,0.0,0.0,0
3,monolithic_k8s_1svc,155,72.7109480000081,69.85312899996643,2.8578190000416726,602112,1,69.85312899996643,0.2072990000669961,0.027499999987412593,0.0,602112,0.0,0.0,0.0,0.0,0,0.0,0.0,0.0,0.0,0,0.0,0.0,0.0,0.0,0,0.0,0.0,0.0,0.0,0
3,monolithic_k8s_1svc,156,69.340249999982,66.1149600000499,3.2252899999321016,602112,1,66.1149600000499,0.20689899997705652,0.02689899997676548,0.0,602112,0.0,0.0,0.0,0.0,0,0.0,0.0,0.0,0.0,0,0.0,0.0,0.0,0.0,0,0.0,0.0,0.0,0.0,0
3,monolithic_k8s_1svc,157,69.61795000006532,66.72045499999513,2.897495000070194,602112,1,66.72045499999513,0.20019900000534108,0.02689899997676548,0.0,602112,0.0,0.0,0.0,0.0,0,0.0,0.0,0.0,0.0,0,0.0,0.0,0.0,0.0,0,0.0,0.0,0.0,0.0,0
3,monolithic_k8s_1svc,158,69.0753510000377,66.36525800001891,2.7100930000187873,602112,1,66.36525800001891,0.19679799993355118,0.026700000034907134,0.0,602112,0.0,0.0,0.0,0.0,0,0.0,0.0,0.0,0.0,0,0.0,0.0,0.0,0.0,0,0.0,0.0,0.0,0.0,0
3,monolithic_k8s_1svc,159,71.44824900001367,68.36184199994477,3.0864070000689026,602112,1,68.36184199994477,0.1865990000169404,0.028799000006074493,0.0,602112,0.0,0.0,0.0,0.0,0,0.0,0.0,0.0,0.0,0,0.0,0.0,0.0,0.0,0,0.0,0.0,0.0,0.0,0
3,monolithic_k8s_1svc,160,70.05004899997402,67.44514900003651,2.6048999999375155,602112,1,67.44514900003651,0.1994990000184771,0.029299999937393295,0.0,602112,0.0,0.0,0.0,0.0,0,0.0,0.0,0.0,0.0,0,0.0,0.0,0.0,0.0,0,0.0,0.0,0.0,0.0,0
3,monolithic_k8s_1svc,161,70.03185000007761,66.94665300005909,3.0851970000185247,602112,1,66.94665300005909,0.20419800000581745,0.02740000002177112,0.0,602112,0.0,0.0,0.0,0.0,0,0.0,0.0,0.0,0.0,0,0.0,0.0,0.0,0.0,0,0.0,0.0,0.0,0.0,0
3,monolithic_k8s_1svc,162,67.74685199991382,65.1100680000809,2.6367839998329146,602112,1,65.1100680000809,0.1818989999264886,0.027999999929306796,0.0,602112,0.0,0.0,0.0,0.0,0,0.0,0.0,0.0,0.0,0,0.0,0.0,0.0,0.0,0,0.0,0.0,0.0,0.0,0
3,monolithic_k8s_1svc,163,70.70094899995638,68.05144500003735,2.649503999919034,602112,1,68.05144500003735,0.19109799995931098,0.02779900000859925,0.0,602112,0.0,0.0,0.0,0.0,0,0.0,0.0,0.0,0.0,0,0.0,0.0,0.0,0.0,0,0.0,0.0,0.0,0.0,0
3,monolithic_k8s_1svc,164,70.08395000002565,67.1635520000109,2.9203980000147567,602112,1,67.1635520000109,0.18369800000073155,0.02859999995052931,0.0,602112,0.0,0.0,0.0,0.0,0,0.0,0.0,0.0,0.0,0,0.0,0.0,0.0,0.0,0,0.0,0.0,0.0,0.0,0
3,monolithic_k8s_1svc,165,70.07755300003282,67.46064900005422,2.6169039999786037,602112,1,67.46064900005422,0.20019900000534108,0.026199999979326094,0.0,602112,0.0,0.0,0.0,0.0,0,0.0,0.0,0.0,0.0,0,0.0,0.0,0.0,0.0,0,0.0,0.0,0.0,0.0,0
3,monolithic_k8s_1svc,166,71.31175200004236,68.24454299999161,3.0672090000507524,602112,1,68.24454299999161,0.20639800004573772,0.027599999953054066,0.0,602112,0.0,0.0,0.0,0.0,0,0.0,0.0,0.0,0.0,0,0.0,0.0,0.0,0.0,0,0.0,0.0,0.0,0.0,0
3,monolithic_k8s_1svc,167,70.28395299994372,67.06355299991174,3.2204000000319866,602112,1,67.06355299991174,0.19679800004723802,0.028899000085402804,0.0,602112,0.0,0.0,0.0,0.0,0,0.0,0.0,0.0,0.0,0,0.0,0.0,0.0,0.0,0,0.0,0.0,0.0,0.0,0
3,monolithic_k8s_1svc,168,73.05385099994055,70.32412499995644,2.7297259999841117,602112,1,70.32412499995644,0.2025989999765443,0.03050000009352516,0.0,602112,0.0,0.0,0.0,0.0,0,0.0,0.0,0.0,0.0,0,0.0,0.0,0.0,0.0,0,0.0,0.0,0.0,0.0,0
3,monolithic_k8s_1svc,169,70.20035300001837,67.21575100004884,2.9846019999695272,602112,1,67.21575100004884,0.1927979999436502,0.026700000034907134,0.0,602112,0.0,0.0,0.0,0.0,0,0.0,0.0,0.0,0.0,0,0.0,0.0,0.0,0.0,0,0.0,0.0,0.0,0.0,0
3,monolithic_k8s_1svc,170,73.24774999995043,70.03762800002278,3.210121999927651,602112,1,70.03762800002278,0.202698000066448,0.026299999944967567,0.0,602112,0.0,0.0,0.0,0.0,0,0.0,0.0,0.0,0.0,0,0.0,0.0,0.0,0.0,0,0.0,0.0,0.0,0.0,0
3,monolithic_k8s_1svc,171,71.85665199995128,68.6416390000204,3.2150129999308774,602112,1,68.6416390000204,0.206998999942698,0.026400000024295878,0.0,602112,0.0,0.0,0.0,0.0,0,0.0,0.0,0.0,0.0,0,0.0,0.0,0.0,0.0,0,0.0,0.0,0.0,0.0,0
3,monolithic_k8s_1svc,172,71.15275199998905,68.34074100004273,2.812010999946324,602112,1,68.34074100004273,0.18619900004068768,0.027599999953054066,0.0,602112,0.0,0.0,0.0,0.0,0,0.0,0.0,0.0,0.0,0,0.0,0.0,0.0,0.0,0,0.0,0.0,0.0,0.0,0
3,monolithic_k8s_1svc,173,69.96915299998818,67.52024900004017,2.4489039999480156,602112,1,67.52024900004017,0.18379799996637303,0.026998999942406954,0.0,602112,0.0,0.0,0.0,0.0,0,0.0,0.0,0.0,0.0,0,0.0,0.0,0.0,0.0,0,0.0,0.0,0.0,0.0,0
3,monolithic_k8s_1svc,174,71.44025200000215,68.54513999996925,2.8951120000328956,602112,1,68.54513999996925,0.20549800001390395,0.027200000090488174,0.0,602112,0.0,0.0,0.0,0.0,0,0.0,0.0,0.0,0.0,0,0.0,0.0,0.0,0.0,0,0.0,0.0,0.0,0.0,0
3,monolithic_k8s_1svc,175,71.07995199999095,67.96764500006702,3.1123069999239306,602112,1,67.96764500006702,0.19879799992850167,0.027999999929306796,0.0,602112,0.0,0.0,0.0,0.0,0,0.0,0.0,0.0,0.0,0,0.0,0.0,0.0,0.0,0,0.0,0.0,0.0,0.0,0
3,monolithic_k8s_1svc,176,72.88595099998929,69.73833100005322,3.147619999936069,602112,1,69.73833100005322,0.21119799998814415,0.028898999971715966,0.0,602112,0.0,0.0,0.0,0.0,0,0.0,0.0,0.0,0.0,0,0.0,0.0,0.0,0.0,0,0.0,0.0,0.0,0.0,0
3,monolithic_k8s_1svc,177,72.19445200007613,68.10794399996212,4.086508000114009,602112,1,68.10794399996212,0.2005979999921692,0.027199999976801337,0.0,602112,0.0,0.0,0.0,0.0,0,0.0,0.0,0.0,0.0,0,0.0,0.0,0.0,0.0,0,0.0,0.0,0.0,0.0,0
3,monolithic_k8s_1svc,178,70.69645299998228,67.58714800002963,3.1093049999526556,602112,1,67.58714800002963,0.19059800001741678,0.03449999996973929,0.0,602112,0.0,0.0,0.0,0.0,0,0.0,0.0,0.0,0.0,0,0.0,0.0,0.0,0.0,0,0.0,0.0,0.0,0.0,0
3,monolithic_k8s_1svc,179,69.86415300002591,66.99465300005158,2.869499999974323,602112,1,66.99465300005158,0.18989799991686596,0.02649999998993735,0.0,602112,0.0,0.0,0.0,0.0,0,0.0,0.0,0.0,0.0,0,0.0,0.0,0.0,0.0,0,0.0,0.0,0.0,0.0,0
3,monolithic_k8s_1svc,180,69.73755299998174,66.94075300003988,2.796799999941868,602112,1,66.94075300003988,0.17719899994972366,0.045999999997548,0.0,602112,0.0,0.0,0.0,0.0,0,0.0,0.0,0.0,0.0,0,0.0,0.0,0.0,0.0,0,0.0,0.0,0.0,0.0,0
3,monolithic_k8s_1svc,181,71.12815200002842,67.96534500006146,3.1628069999669606,602112,1,67.96534500006146,0.17669800001840485,0.02599999993435631,0.0,602112,0.0,0.0,0.0,0.0,0,0.0,0.0,0.0,0.0,0,0.0,0.0,0.0,0.0,0,0.0,0.0,0.0,0.0,0
3,monolithic_k8s_1svc,182,68.38845400000082,65.679963999969,2.7084900000318157,602112,1,65.679963999969,0.19089800002802804,0.026299999944967567,0.0,602112,0.0,0.0,0.0,0.0,0,0.0,0.0,0.0,0.0,0,0.0,0.0,0.0,0.0,0,0.0,0.0,0.0,0.0,0
3,monolithic_k8s_1svc,183,68.87445399991066,66.33685799999967,2.537595999910991,602112,1,66.33685799999967,0.19599799998104572,0.026800000000548607,0.0,602112,0.0,0.0,0.0,0.0,0,0.0,0.0,0.0,0.0,0,0.0,0.0,0.0,0.0,0,0.0,0.0,0.0,0.0,0
3,monolithic_k8s_1svc,184,67.73435400009475,65.04186899996967,2.692485000125089,602112,1,65.04186899996967,0.18459800003256532,0.02649999998993735,0.0,602112,0.0,0.0,0.0,0.0,0,0.0,0.0,0.0,0.0,0,0.0,0.0,0.0,0.0,0,0.0,0.0,0.0,0.0,0
3,monolithic_k8s_1svc,185,67.71985499995026,64.84886999999162,2.8709849999586368,602112,1,64.84886999999162,0.2158979999649091,0.026800000000548607,0.0,602112,0.0,0.0,0.0,0.0,0,0.0,0.0,0.0,0.0,0,0.0,0.0,0.0,0.0,0,0.0,0.0,0.0,0.0,0
3,monolithic_k8s_1svc,186,68.46435400007067,65.21946699990622,3.2448870001644536,602112,1,65.21946699990622,0.21699800004171266,0.027700000032382377,0.0,602112,0.0,0.0,0.0,0.0,0,0.0,0.0,0.0,0.0,0,0.0,0.0,0.0,0.0,0,0.0,0.0,0.0,0.0,0
3,monolithic_k8s_1svc,187,69.92045399999824,67.04305199991722,2.8774020000810197,602112,1,67.04305199991722,0.19989899999472982,0.02779999999802385,0.0,602112,0.0,0.0,0.0,0.0,0,0.0,0.0,0.0,0.0,0,0.0,0.0,0.0,0.0,0,0.0,0.0,0.0,0.0,0
3,monolithic_k8s_1svc,188,68.51865400005863,65.65926400003264,2.8593900000259964,602112,1,65.65926400003264,0.19569799997043447,0.027699000042957778,0.0,602112,0.0,0.0,0.0,0.0,0,0.0,0.0,0.0,0.0,0,0.0,0.0,0.0,0.0,0,0.0,0.0,0.0,0.0,0
3,monolithic_k8s_1svc,189,72.73805199997696,69.61763100002827,3.120420999948692,602112,1,69.61763100002827,0.20729899995330925,0.027499999987412593,0.0,602112,0.0,0.0,0.0,0.0,0,0.0,0.0,0.0,0.0,0,0.0,0.0,0.0,0.0,0,0.0,0.0,0.0,0.0,0
3,monolithic_k8s_1svc,190,71.31135299994185,68.10974400002578,3.2016089999160613,602112,1,68.10974400002578,0.20689799998763192,0.027999000053569034,0.0,602112,0.0,0.0,0.0,0.0,0,0.0,0.0,0.0,0.0,0,0.0,0.0,0.0,0.0,0,0.0,0.0,0.0,0.0,0
3,monolithic_k8s_1svc,191,71.26275299992813,68.16004300003442,3.1027099998937047,602112,1,68.16004300003442,0.2324979999457355,0.03100000003541936,0.0,602112,0.0,0.0,0.0,0.0,0,0.0,0.0,0.0,0.0,0,0.0,0.0,0.0,0.0,0,0.0,0.0,0.0,0.0,0
3,monolithic_k8s_1svc,192,74.55285000003187,71.76371399998516,2.7891360000467103,602112,1,71.76371399998516,0.19079900005181116,0.030598999956055195,0.0,602112,0.0,0.0,0.0,0.0,0,0.0,0.0,0.0,0.0,0,0.0,0.0,0.0,0.0,0,0.0,0.0,0.0,0.0,0
3,monolithic_k8s_1svc,193,73.93525099996623,70.80622199998743,3.1290289999788,602112,1,70.80622199998743,0.20269799995276117,0.028599000074791547,0.0,602112,0.0,0.0,0.0,0.0,0,0.0,0.0,0.0,0.0,0,0.0,0.0,0.0,0.0,0,0.0,0.0,0.0,0.0,0
3,monolithic_k8s_1svc,194,72.92605099996763,69.9138289999155,3.012222000052134,602112,1,69.9138289999155,0.21499800004676217,0.029000000040468876,0.0,602112,0.0,0.0,0.0,0.0,0,0.0,0.0,0.0,0.0,0,0.0,0.0,0.0,0.0,0,0.0,0.0,0.0,0.0,0
3,monolithic_k8s_1svc,195,71.89815200001703,68.66973900002904,3.228412999987995,602112,1,68.66973900002904,0.209598999958871,0.027899999963665323,0.0,602112,0.0,0.0,0.0,0.0,0,0.0,0.0,0.0,0.0,0,0.0,0.0,0.0,0.0,0,0.0,0.0,0.0,0.0,0
3,monolithic_k8s_1svc,196,72.13545199999771,69.43763300000683,2.6978189999908864,602112,1,69.43763300000683,0.20879800001694093,0.028099000019210507,0.0,602112,0.0,0.0,0.0,0.0,0,0.0,0.0,0.0,0.0,0,0.0,0.0,0.0,0.0,0,0.0,0.0,0.0,0.0,0
3,monolithic_k8s_1svc,197,69.33055299998614,66.38325799997347,2.947295000012673,602112,1,66.38325799997347,0.20149800002400298,0.027199999976801337,0.0,602112,0.0,0.0,0.0,0.0,0,0.0,0.0,0.0,0.0,0,0.0,0.0,0.0,0.0,0,0.0,0.0,0.0,0.0,0
3,monolithic_k8s_1svc,198,72.49005100004524,69.37523299995974,3.1148180000855064,602112,1,69.37523299995974,0.19969900006344687,0.02870000002985762,0.0,602112,0.0,0.0,0.0,0.0,0,0.0,0.0,0.0,0.0,0,0.0,0.0,0.0,0.0,0,0.0,0.0,0.0,0.0,0
3,monolithic_k8s_1svc,199,72.09865200002241,69.19403500000953,2.904617000012877,602112,1,69.19403500000953,0.2158979999649091,0.025298999958067725,0.0,602112,0.0,0.0,0.0,0.0,0,0.0,0.0,0.0,0.0,0,0.0,0.0,0.0,0.0,0,0.0,0.0,0.0,0.0,0
3,monolithic_k8s_1svc,200,71.5462519999619,68.5241410000117,3.0221109999502005,602112,1,68.5241410000117,0.19769799996538495,0.028099000019210507,0.0,602112,0.0,0.0,0.0,0.0,0,0.0,0.0,0.0,0.0,0,0.0,0.0,0.0,0.0,0,0.0,0.0,0.0,0.0,0
4,monolithic_k8s_1svc,1,67.90815200008637,65.19227800004046,2.7158740000459147,602112,1,65.19227800004046,0.19729799998913222,0.04619899993940635,0.0,602112,0.0,0.0,0.0,0.0,0,0.0,0.0,0.0,0.0,0,0.0,0.0,0.0,0.0,0,0.0,0.0,0.0,0.0,0
4,monolithic_k8s_1svc,2,67.81355199996142,65.17107700005909,2.6424749999023334,602112,1,65.17107700005909,0.198498999907315,0.02689999996619008,0.0,602112,0.0,0.0,0.0,0.0,0,0.0,0.0,0.0,0.0,0,0.0,0.0,0.0,0.0,0,0.0,0.0,0.0,0.0,0
4,monolithic_k8s_1svc,3,67.81955199994627,65.1792779999596,2.6402739999866753,602112,1,65.1792779999596,0.18769799999063252,0.02699900005609379,0.0,602112,0.0,0.0,0.0,0.0,0,0.0,0.0,0.0,0.0,0,0.0,0.0,0.0,0.0,0,0.0,0.0,0.0,0.0,0
4,monolithic_k8s_1svc,4,72.13574900004005,69.28174500001205,2.8540040000279987,602112,1,69.28174500001205,0.197498000034102,0.025400000026820635,0.0,602112,0.0,0.0,0.0,0.0,0,0.0,0.0,0.0,0.0,0,0.0,0.0,0.0,0.0,0,0.0,0.0,0.0,0.0,0
4,monolithic_k8s_1svc,5,67.6094519999424,64.75598099996205,2.8534709999803454,602112,1,64.75598099996205,0.1968980000128795,0.02660000006926566,0.0,602112,0.0,0.0,0.0,0.0,0,0.0,0.0,0.0,0.0,0,0.0,0.0,0.0,0.0,0,0.0,0.0,0.0,0.0,0
4,monolithic_k8s_1svc,6,69.60285100001329,66.7544650000309,2.8483859999823835,602112,1,66.7544650000309,0.18489900003260118,0.03349899998283945,0.0,602112,0.0,0.0,0.0,0.0,0,0.0,0.0,0.0,0.0,0,0.0,0.0,0.0,0.0,0,0.0,0.0,0.0,0.0,0
4,monolithic_k8s_1svc,7,68.87885200001165,66.13767000010284,2.741181999908804,602112,1,66.13767000010284,0.19899799997347145,0.028799999995499093,0.0,602112,0.0,0.0,0.0,0.0,0,0.0,0.0,0.0,0.0,0,0.0,0.0,0.0,0.0,0,0.0,0.0,0.0,0.0,0
4,monolithic_k8s_1svc,8,71.56734900001993,68.47455100000843,3.0927980000114985,602112,1,68.47455100000843,0.2020990000346501,0.029699999913646025,0.0,602112,0.0,0.0,0.0,0.0,0,0.0,0.0,0.0,0.0,0,0.0,0.0,0.0,0.0,0,0.0,0.0,0.0,0.0,0
4,monolithic_k8s_1svc,9,70.86545000004207,68.16345400000046,2.7019960000416177,602112,1,68.16345400000046,0.1942979999967065,0.02869900004043302,0.0,602112,0.0,0.0,0.0,0.0,0,0.0,0.0,0.0,0.0,0,0.0,0.0,0.0,0.0,0,0.0,0.0,0.0,0.0,0
4,monolithic_k8s_1svc,10,74.6136469999783,71.76672499997494,2.84692200000336,602112,1,71.76672499997494,0.1968980000128795,0.02859999995052931,0.0,602112,0.0,0.0,0.0,0.0,0,0.0,0.0,0.0,0.0,0,0.0,0.0,0.0,0.0,0,0.0,0.0,0.0,0.0,0
4,monolithic_k8s_1svc,11,72.35264899998128,69.42994300004557,2.9227059999357152,602112,1,69.42994300004557,0.21759799994924833,0.028100000008635106,0.0,602112,0.0,0.0,0.0,0.0,0,0.0,0.0,0.0,0.0,0,0.0,0.0,0.0,0.0,0,0.0,0.0,0.0,0.0,0
4,monolithic_k8s_1svc,12,70.9113499999603,67.56335900001886,3.3479909999414303,602112,1,67.56335900001886,0.2013980000583615,0.02769899992927094,0.0,602112,0.0,0.0,0.0,0.0,0,0.0,0.0,0.0,0.0,0,0.0,0.0,0.0,0.0,0,0.0,0.0,0.0,0.0,0
4,monolithic_k8s_1svc,13,69.10015099992961,66.2914690000207,2.808681999908913,602112,1,66.2914690000207,0.18019900005583622,0.026799000011124008,0.0,602112,0.0,0.0,0.0,0.0,0,0.0,0.0,0.0,0.0,0,0.0,0.0,0.0,0.0,0,0.0,0.0,0.0,0.0,0
4,monolithic_k8s_1svc,14,68.7064520000149,65.97027099996922,2.73618100004569,602112,1,65.97027099996922,0.18429900001137867,0.028100000008635106,0.0,602112,0.0,0.0,0.0,0.0,0,0.0,0.0,0.0,0.0,0,0.0,0.0,0.0,0.0,0,0.0,0.0,0.0,0.0,0
4,monolithic_k8s_1svc,15,71.0956499999611,68.14175399995293,2.9538960000081715,602112,1,68.14175399995293,0.17859900003713847,0.026800000000548607,0.0,602112,0.0,0.0,0.0,0.0,0,0.0,0.0,0.0,0.0,0,0.0,0.0,0.0,0.0,0,0.0,0.0,0.0,0.0,0
4,monolithic_k8s_1svc,16,71.48484999993343,68.83654800003569,2.6483019998977397,602112,1,68.83654800003569,0.1904990000411999,0.027999999929306796,0.0,602112,0.0,0.0,0.0,0.0,0,0.0,0.0,0.0,0.0,0,0.0,0.0,0.0,0.0,0,0.0,0.0,0.0,0.0,0
4,monolithic_k8s_1svc,17,69.38105100005032,66.75906399993892,2.621987000111403,602112,1,66.75906399993892,0.20329900007709512,0.027199999976801337,0.0,602112,0.0,0.0,0.0,0.0,0,0.0,0.0,0.0,0.0,0,0.0,0.0,0.0,0.0,0,0.0,0.0,0.0,0.0,0
4,monolithic_k8s_1svc,18,68.41685200004122,65.75947200008159,2.6573799999596304,602112,1,65.75947200008159,0.20199899995532178,0.028399999905559525,0.0,602112,0.0,0.0,0.0,0.0,0,0.0,0.0,0.0,0.0,0,0.0,0.0,0.0,0.0,0,0.0,0.0,0.0,0.0,0
4,monolithic_k8s_1svc,19,69.28315100003601,66.5355470000577,2.7476039999783097,602112,1,66.5355470000577,0.19019900003058865,0.027100000011159864,0.0,602112,0.0,0.0,0.0,0.0,0,0.0,0.0,0.0,0.0,0,0.0,0.0,0.0,0.0,0,0.0,0.0,0.0,0.0,0
4,monolithic_k8s_1svc,20,70.39104999989831,67.153028000007,3.2380219998913162,602112,1,67.153028000007,0.1994980000290525,0.029000000040468876,0.0,602112,0.0,0.0,0.0,0.0,0,0.0,0.0,0.0,0.0,0,0.0,0.0,0.0,0.0,0,0.0,0.0,0.0,0.0,0
4,monolithic_k8s_1svc,21,69.44975099997919,66.67543200001091,2.7743189999682727,602112,1,66.67543200001091,0.20049900001595233,0.029199999971751822,0.0,602112,0.0,0.0,0.0,0.0,0,0.0,0.0,0.0,0.0,0,0.0,0.0,0.0,0.0,0,0.0,0.0,0.0,0.0,0
4,monolithic_k8s_1svc,22,68.1583519999549,65.42044399998304,2.737907999971867,602112,1,65.42044399998304,0.19659800000226824,0.027498999997987994,0.0,602112,0.0,0.0,0.0,0.0,0,0.0,0.0,0.0,0.0,0,0.0,0.0,0.0,0.0,0,0.0,0.0,0.0,0.0,0
4,monolithic_k8s_1svc,23,68.33285200002592,65.71684000005007,2.6160119999758535,602112,1,65.71684000005007,0.18519900004321244,0.026999999931831553,0.0,602112,0.0,0.0,0.0,0.0,0,0.0,0.0,0.0,0.0,0,0.0,0.0,0.0,0.0,0,0.0,0.0,0.0,0.0,0
4,monolithic_k8s_1svc,24,68.6781519999613,65.88333900003818,2.794812999923124,602112,1,65.88333900003818,0.18589899991638958,0.02779999999802385,0.0,602112,0.0,0.0,0.0,0.0,0,0.0,0.0,0.0,0.0,0,0.0,0.0,0.0,0.0,0,0.0,0.0,0.0,0.0,0
4,monolithic_k8s_1svc,25,67.78185199993914,65.08334600005128,2.698505999887857,602112,1,65.08334600005128,0.19909800005279976,0.02649999998993735,0.0,602112,0.0,0.0,0.0,0.0,0,0.0,0.0,0.0,0.0,0,0.0,0.0,0.0,0.0,0,0.0,0.0,0.0,0.0,0
4,monolithic_k8s_1svc,26,68.10365199999069,65.39074299996628,2.7129090000244105,602112,1,65.39074299996628,0.18459900002198992,0.02559999995810358,0.0,602112,0.0,0.0,0.0,0.0,0,0.0,0.0,0.0,0.0,0,0.0,0.0,0.0,0.0,0,0.0,0.0,0.0,0.0,0
4,monolithic_k8s_1svc,27,67.97025200000917,65.34184300005563,2.6284089999535354,602112,1,65.34184300005563,0.1870989999588346,0.026700000034907134,0.0,602112,0.0,0.0,0.0,0.0,0,0.0,0.0,0.0,0.0,0,0.0,0.0,0.0,0.0,0,0.0,0.0,0.0,0.0,0
4,monolithic_k8s_1svc,28,68.48385200009943,65.47114300008161,3.0127090000178214,602112,1,65.47114300008161,0.18019899994214938,0.027398999918659683,0.0,602112,0.0,0.0,0.0,0.0,0,0.0,0.0,0.0,0.0,0,0.0,0.0,0.0,0.0,0,0.0,0.0,0.0,0.0,0
4,monolithic_k8s_1svc,29,71.11024899995755,68.08242099998552,3.0278279999720326,602112,1,68.08242099998552,0.20419800000581745,0.02599900005861855,0.0,602112,0.0,0.0,0.0,0.0,0,0.0,0.0,0.0,0.0,0,0.0,0.0,0.0,0.0,0,0.0,0.0,0.0,0.0,0
4,monolithic_k8s_1svc,30,70.34815099996194,67.5468249999085,2.80132600005345,602112,1,67.5468249999085,0.1930990000573729,0.027100000011159864,0.0,602112,0.0,0.0,0.0,0.0,0,0.0,0.0,0.0,0.0,0,0.0,0.0,0.0,0.0,0,0.0,0.0,0.0,0.0,0
4,monolithic_k8s_1svc,31,67.59915199995703,65.01524699990568,2.5839050000513453,602112,1,65.01524699990568,0.19459800000731775,0.027700000032382377,0.0,602112,0.0,0.0,0.0,0.0,0,0.0,0.0,0.0,0.0,0,0.0,0.0,0.0,0.0,0,0.0,0.0,0.0,0.0,0
4,monolithic_k8s_1svc,32,70.9081499999229,68.20951899999272,2.698630999930174,602112,1,68.20951899999272,0.19329899998865585,0.028299999939918052,0.0,602112,0.0,0.0,0.0,0.0,0,0.0,0.0,0.0,0.0,0,0.0,0.0,0.0,0.0,0,0.0,0.0,0.0,0.0,0
4,monolithic_k8s_1svc,33,71.62074899997606,68.60451600005035,3.0162329999257054,602112,1,68.60451600005035,0.21239900002001377,0.02689899997676548,0.0,602112,0.0,0.0,0.0,0.0,0,0.0,0.0,0.0,0.0,0,0.0,0.0,0.0,0.0,0,0.0,0.0,0.0,0.0,0
4,monolithic_k8s_1svc,34,69.24515100001827,66.49213499997586,2.7530160000424075,602112,1,66.49213499997586,0.1904980000517753,0.027099000021735264,0.0,602112,0.0,0.0,0.0,0.0,0,0.0,0.0,0.0,0.0,0,0.0,0.0,0.0,0.0,0,0.0,0.0,0.0,0.0,0
4,monolithic_k8s_1svc,35,68.70795200006796,66.07543799998439,2.6325140000835745,602112,1,66.07543799998439,0.18519800005378784,0.027498999997987994,0.0,602112,0.0,0.0,0.0,0.0,0,0.0,0.0,0.0,0.0,0,0.0,0.0,0.0,0.0,0,0.0,0.0,0.0,0.0,0
4,monolithic_k8s_1svc,36,69.47255099998983,66.2465359999942,3.226014999995641,602112,1,66.2465359999942,0.19539900006293465,0.026699999921220297,0.0,602112,0.0,0.0,0.0,0.0,0,0.0,0.0,0.0,0.0,0,0.0,0.0,0.0,0.0,0,0.0,0.0,0.0,0.0,0
4,monolithic_k8s_1svc,37,69.57775099999708,66.96593000003759,2.611820999959491,602112,1,66.96593000003759,0.18289899992396386,0.027100000011159864,0.0,602112,0.0,0.0,0.0,0.0,0,0.0,0.0,0.0,0.0,0,0.0,0.0,0.0,0.0,0,0.0,0.0,0.0,0.0,0
4,monolithic_k8s_1svc,38,70.08795000001555,67.29262699991523,2.795323000100325,602112,1,67.29262699991523,0.21329800006242294,0.027100000011159864,0.0,602112,0.0,0.0,0.0,0.0,0,0.0,0.0,0.0,0.0,0,0.0,0.0,0.0,0.0,0,0.0,0.0,0.0,0.0,0
4,monolithic_k8s_1svc,39,69.33625099998153,66.59153300006437,2.7447179999171567,602112,1,66.59153300006437,0.19569799997043447,0.02610000001368462,0.0,602112,0.0,0.0,0.0,0.0,0,0.0,0.0,0.0,0.0,0,0.0,0.0,0.0,0.0,0,0.0,0.0,0.0,0.0,0
4,monolithic_k8s_1svc,40,68.04275199999665,65.33704399998896,2.7057080000076894,602112,1,65.33704399998896,0.23119800005133584,0.027100000011159864,0.0,602112,0.0,0.0,0.0,0.0,0,0.0,0.0,0.0,0.0,0,0.0,0.0,0.0,0.0,0,0.0,0.0,0.0,0.0,0
4,monolithic_k8s_1svc,41,69.10045100005391,65.82484000000477,3.275611000049139,602112,1,65.82484000000477,0.20169799995528592,0.027199999976801337,0.0,602112,0.0,0.0,0.0,0.0,0,0.0,0.0,0.0,0.0,0,0.0,0.0,0.0,0.0,0,0.0,0.0,0.0,0.0,0
4,monolithic_k8s_1svc,42,69.33515100001841,66.37693499999386,2.9582160000245494,602112,1,66.37693499999386,0.18619800005126308,0.027199999976801337,0.0,602112,0.0,0.0,0.0,0.0,0,0.0,0.0,0.0,0.0,0,0.0,0.0,0.0,0.0,0,0.0,0.0,0.0,0.0,0
4,monolithic_k8s_1svc,43,73.05414899997231,70.16410299991094,2.890046000061375,602112,1,70.16410299991094,0.2148980000811207,0.03189900007782853,0.0,602112,0.0,0.0,0.0,0.0,0,0.0,0.0,0.0,0.0,0,0.0,0.0,0.0,0.0,0,0.0,0.0,0.0,0.0,0
4,monolithic_k8s_1svc,44,73.99524699997073,71.0344949999353,2.960752000035427,602112,1,71.0344949999353,0.19789800001035474,0.027700000032382377,0.0,602112,0.0,0.0,0.0,0.0,0,0.0,0.0,0.0,0.0,0,0.0,0.0,0.0,0.0,0,0.0,0.0,0.0,0.0,0
4,monolithic_k8s_1svc,45,71.86435000005531,68.5926159999326,3.2717340001227058,602112,1,68.5926159999326,0.19799800008968305,0.027600000066740904,0.0,602112,0.0,0.0,0.0,0.0,0,0.0,0.0,0.0,0.0,0,0.0,0.0,0.0,0.0,0,0.0,0.0,0.0,0.0,0
4,monolithic_k8s_1svc,46,69.94555000005676,67.02242899996236,2.9231210000943975,602112,1,67.02242899996236,0.20179900002403883,0.027100000011159864,0.0,602112,0.0,0.0,0.0,0.0,0,0.0,0.0,0.0,0.0,0,0.0,0.0,0.0,0.0,0,0.0,0.0,0.0,0.0,0
4,monolithic_k8s_1svc,47,70.35835100009535,67.70832400002291,2.6500270000724413,602112,1,67.70832400002291,0.19449800004167628,0.026099999899997783,0.0,602112,0.0,0.0,0.0,0.0,0,0.0,0.0,0.0,0.0,0,0.0,0.0,0.0,0.0,0,0.0,0.0,0.0,0.0,0
4,monolithic_k8s_1svc,48,73.95044800000505,70.7230980000304,3.227349999974649,602112,1,70.7230980000304,0.1992989999735073,0.02769999991869554,0.0,602112,0.0,0.0,0.0,0.0,0,0.0,0.0,0.0,0.0,0,0.0,0.0,0.0,0.0,0,0.0,0.0,0.0,0.0,0
4,monolithic_k8s_1svc,49,68.79305200004637,66.03963799989288,2.753414000153498,602112,1,66.03963799989288,0.20229800009019527,0.026700000034907134,0.0,602112,0.0,0.0,0.0,0.0,0,0.0,0.0,0.0,0.0,0,0.0,0.0,0.0,0.0,0,0.0,0.0,0.0,0.0,0
4,monolithic_k8s_1svc,50,68.60415099993133,65.92293899996093,2.681211999970401,602112,1,65.92293899996093,0.1942979999967065,0.02610000001368462,0.0,602112,0.0,0.0,0.0,0.0,0,0.0,0.0,0.0,0.0,0,0.0,0.0,0.0,0.0,0,0.0,0.0,0.0,0.0,0
4,monolithic_k8s_1svc,51,68.9096520000021,66.35793599991757,2.551716000084525,602112,1,66.35793599991757,0.18649800006187434,0.02649900000051275,0.0,602112,0.0,0.0,0.0,0.0,0,0.0,0.0,0.0,0.0,0,0.0,0.0,0.0,0.0,0,0.0,0.0,0.0,0.0,0
4,monolithic_k8s_1svc,52,70.15914999999495,67.46942600000239,2.689723999992566,602112,1,67.46942600000239,0.19279900004676165,0.02779900000859925,0.0,602112,0.0,0.0,0.0,0.0,0,0.0,0.0,0.0,0.0,0,0.0,0.0,0.0,0.0,0,0.0,0.0,0.0,0.0,0
4,monolithic_k8s_1svc,53,69.33735100005833,66.7319320000388,2.6054190000195376,602112,1,66.7319320000388,0.1903989999618716,0.02519999998185085,0.0,602112,0.0,0.0,0.0,0.0,0,0.0,0.0,0.0,0.0,0,0.0,0.0,0.0,0.0,0,0.0,0.0,0.0,0.0,0
4,monolithic_k8s_1svc,54,68.12045200001648,65.451643000074,2.6688089999424847,602112,1,65.451643000074,0.16379900000629277,0.02499899994745647,0.0,602112,0.0,0.0,0.0,0.0,0,0.0,0.0,0.0,0.0,0,0.0,0.0,0.0,0.0,0,0.0,0.0,0.0,0.0,0
4,monolithic_k8s_1svc,55,68.15235200008374,65.1701450000246,2.982207000059134,602112,1,65.1701450000246,0.18319900004826195,0.027499999987412593,0.0,602112,0.0,0.0,0.0,0.0,0,0.0,0.0,0.0,0.0,0,0.0,0.0,0.0,0.0,0,0.0,0.0,0.0,0.0,0
4,monolithic_k8s_1svc,56,67.43245199993453,64.69094999999925,2.7415019999352808,602112,1,64.69094999999925,0.18169800000578107,0.026198999989901495,0.0,602112,0.0,0.0,0.0,0.0,0,0.0,0.0,0.0,0.0,0,0.0,0.0,0.0,0.0,0,0.0,0.0,0.0,0.0,0
4,monolithic_k8s_1svc,57,69.52005100004044,66.56583400001637,2.954217000024073,602112,1,66.56583400001637,0.18959800001994154,0.027700000032382377,0.0,602112,0.0,0.0,0.0,0.0,0,0.0,0.0,0.0,0.0,0,0.0,0.0,0.0,0.0,0,0.0,0.0,0.0,0.0,0
4,monolithic_k8s_1svc,58,68.58095200004755,65.95853800001805,2.6224140000294938,602112,1,65.95853800001805,0.1935989999992671,0.027200000090488174,0.0,602112,0.0,0.0,0.0,0.0,0,0.0,0.0,0.0,0.0,0,0.0,0.0,0.0,0.0,0,0.0,0.0,0.0,0.0,0
4,monolithic_k8s_1svc,59,68.53545199999189,65.9960380000939,2.539413999897988,602112,1,65.9960380000939,0.19029800000680552,0.02599999993435631,0.0,602112,0.0,0.0,0.0,0.0,0,0.0,0.0,0.0,0.0,0,0.0,0.0,0.0,0.0,0,0.0,0.0,0.0,0.0,0
4,monolithic_k8s_1svc,60,68.5197520000429,65.52774299996145,2.9920090000814525,602112,1,65.52774299996145,0.16839800002799166,0.02699900005609379,0.0,602112,0.0,0.0,0.0,0.0,0,0.0,0.0,0.0,0.0,0,0.0,0.0,0.0,0.0,0,0.0,0.0,0.0,0.0,0
4,monolithic_k8s_1svc,61,69.59945100004461,66.73893199990744,2.860519000137174,602112,1,66.73893199990744,0.2250980001008429,0.02789900008792756,0.0,602112,0.0,0.0,0.0,0.0,0,0.0,0.0,0.0,0.0,0,0.0,0.0,0.0,0.0,0,0.0,0.0,0.0,0.0,0
4,monolithic_k8s_1svc,62,70.26104999999916,67.51702500002921,2.7440249999699518,602112,1,67.51702500002921,0.16259899996384775,0.028000000042993634,0.0,602112,0.0,0.0,0.0,0.0,0,0.0,0.0,0.0,0.0,0,0.0,0.0,0.0,0.0,0,0.0,0.0,0.0,0.0,0
4,monolithic_k8s_1svc,63,70.45195000000604,67.04022899998563,3.411721000020407,602112,1,67.04022899998563,0.1935989999992671,0.027100000011159864,0.0,602112,0.0,0.0,0.0,0.0,0,0.0,0.0,0.0,0.0,0,0.0,0.0,0.0,0.0,0,0.0,0.0,0.0,0.0,0
4,monolithic_k8s_1svc,64,69.68315100004929,66.7719319999378,2.911219000111487,602112,1,66.7719319999378,0.19469799997295922,0.027700000032382377,0.0,602112,0.0,0.0,0.0,0.0,0,0.0,0.0,0.0,0.0,0,0.0,0.0,0.0,0.0,0,0.0,0.0,0.0,0.0,0
4,monolithic_k8s_1svc,65,68.72435200000382,65.66114099996412,3.0632110000397006,602112,1,65.66114099996412,0.19849800003157725,0.026900000079876918,0.0,602112,0.0,0.0,0.0,0.0,0,0.0,0.0,0.0,0.0,0,0.0,0.0,0.0,0.0,0,0.0,0.0,0.0,0.0,0
4,monolithic_k8s_1svc,66,68.22135200002322,65.59734200004641,2.6240099999768063,602112,1,65.59734200004641,0.19509799994921195,0.02729999994244281,0.0,602112,0.0,0.0,0.0,0.0,0,0.0,0.0,0.0,0.0,0,0.0,0.0,0.0,0.0,0,0.0,0.0,0.0,0.0,0
4,monolithic_k8s_1svc,67,71.39234800001759,68.48141699992993,2.9109310000876576,602112,1,68.48141699992993,0.20559799997954542,0.029000000040468876,0.0,602112,0.0,0.0,0.0,0.0,0,0.0,0.0,0.0,0.0,0,0.0,0.0,0.0,0.0,0,0.0,0.0,0.0,0.0,0
4,monolithic_k8s_1svc,68,69.09704599991073,66.10583700000916,2.9912089999015734,602112,1,66.10583700000916,0.1994980000290525,0.027499999987412593,0.0,602112,0.0,0.0,0.0,0.0,0,0.0,0.0,0.0,0.0,0,0.0,0.0,0.0,0.0,0,0.0,0.0,0.0,0.0,0
4,monolithic_k8s_1svc,69,69.45884599997498,66.69133200000488,2.767513999970106,602112,1,66.69133200000488,0.18389800004570134,0.02649999998993735,0.0,602112,0.0,0.0,0.0,0.0,0,0.0,0.0,0.0,0.0,0,0.0,0.0,0.0,0.0,0,0.0,0.0,0.0,0.0,0
4,monolithic_k8s_1svc,70,69.13464599995223,66.47403400006624,2.6606119998859867,602112,1,66.47403400006624,0.1916979999805335,0.026800000000548607,0.0,602112,0.0,0.0,0.0,0.0,0,0.0,0.0,0.0,0.0,0,0.0,0.0,0.0,0.0,0,0.0,0.0,0.0,0.0,0
4,monolithic_k8s_1svc,71,68.46974699999464,65.64034099994842,2.8294060000462196,602112,1,65.64034099994842,0.18549799995071226,0.027100000011159864,0.0,602112,0.0,0.0,0.0,0.0,0,0.0,0.0,0.0,0.0,0,0.0,0.0,0.0,0.0,0,0.0,0.0,0.0,0.0,0
4,monolithic_k8s_1svc,72,69.22164599995995,66.40143499998885,2.8202109999710956,602112,1,66.40143499998885,0.18769900009374396,0.02729899995301821,0.0,602112,0.0,0.0,0.0,0.0,0,0.0,0.0,0.0,0.0,0,0.0,0.0,0.0,0.0,0,0.0,0.0,0.0,0.0,0
4,monolithic_k8s_1svc,73,70.30114500003037,67.62112399997022,2.680021000060151,602112,1,67.62112399997022,0.18239899998206965,0.026599999955578824,0.0,602112,0.0,0.0,0.0,0.0,0,0.0,0.0,0.0,0.0,0,0.0,0.0,0.0,0.0,0,0.0,0.0,0.0,0.0,0
4,monolithic_k8s_1svc,74,69.87014600008479,66.74843200005398,3.1217140000308063,602112,1,66.74843200005398,0.19499799998357048,0.02649999998993735,0.0,602112,0.0,0.0,0.0,0.0,0,0.0,0.0,0.0,0.0,0,0.0,0.0,0.0,0.0,0,0.0,0.0,0.0,0.0,0
4,monolithic_k8s_1svc,75,68.40264699997078,65.80123999992793,2.6014070000428546,602112,1,65.80123999992793,0.17919800006893638,0.028400000019246363,0.0,602112,0.0,0.0,0.0,0.0,0,0.0,0.0,0.0,0.0,0,0.0,0.0,0.0,0.0,0,0.0,0.0,0.0,0.0,0
4,monolithic_k8s_1svc,76,70.10804600008669,67.07392900000286,3.0341170000838247,602112,1,67.07392900000286,0.198498999907315,0.026800000000548607,0.0,602112,0.0,0.0,0.0,0.0,0,0.0,0.0,0.0,0.0,0,0.0,0.0,0.0,0.0,0,0.0,0.0,0.0,0.0,0
4,monolithic_k8s_1svc,77,68.6560469999904,65.9004389999609,2.755608000029497,602112,1,65.9004389999609,0.2020980000452255,0.026800000000548607,0.0,602112,0.0,0.0,0.0,0.0,0,0.0,0.0,0.0,0.0,0,0.0,0.0,0.0,0.0,0,0.0,0.0,0.0,0.0,0
4,monolithic_k8s_1svc,78,68.44814700002644,65.52714300005391,2.921003999972527,602112,1,65.52714300005391,0.19679799993355118,0.026799000011124008,0.0,602112,0.0,0.0,0.0,0.0,0,0.0,0.0,0.0,0.0,0,0.0,0.0,0.0,0.0,0,0.0,0.0,0.0,0.0,0
4,monolithic_k8s_1svc,79,70.35824499996579,67.6664239999809,2.691820999984884,602112,1,67.6664239999809,0.1976980000790718,0.02819999997427658,0.0,602112,0.0,0.0,0.0,0.0,0,0.0,0.0,0.0,0.0,0,0.0,0.0,0.0,0.0,0,0.0,0.0,0.0,0.0,0
4,monolithic_k8s_1svc,80,69.10664600002292,66.18683700003203,2.9198089999908916,602112,1,66.18683700003203,0.19369799997548398,0.028099000019210507,0.0,602112,0.0,0.0,0.0,0.0,0,0.0,0.0,0.0,0.0,0,0.0,0.0,0.0,0.0,0,0.0,0.0,0.0,0.0,0
4,monolithic_k8s_1svc,81,72.17664400002377,69.02391200003422,3.1527319999895553,602112,1,69.02391200003422,0.1807989999633719,0.02769999991869554,0.0,602112,0.0,0.0,0.0,0.0,0,0.0,0.0,0.0,0.0,0,0.0,0.0,0.0,0.0,0,0.0,0.0,0.0,0.0,0
4,monolithic_k8s_1svc,82,70.7191449999982,67.68982399989909,3.0293210000991166,602112,1,67.68982399989909,0.2077980000194657,0.02750000010109943,0.0,602112,0.0,0.0,0.0,0.0,0,0.0,0.0,0.0,0.0,0,0.0,0.0,0.0,0.0,0,0.0,0.0,0.0,0.0,0
4,monolithic_k8s_1svc,83,71.67334399991887,68.13862000001336,3.534723999905509,602112,1,68.13862000001336,0.2106979999325631,0.02779999999802385,0.0,602112,0.0,0.0,0.0,0.0,0,0.0,0.0,0.0,0.0,0,0.0,0.0,0.0,0.0,0,0.0,0.0,0.0,0.0,0
4,monolithic_k8s_1svc,84,69.02874599995812,66.16503700001886,2.863708999939263,602112,1,66.16503700001886,0.1994980000290525,0.03609999998843705,0.0,602112,0.0,0.0,0.0,0.0,0,0.0,0.0,0.0,0.0,0,0.0,0.0,0.0,0.0,0,0.0,0.0,0.0,0.0,0
4,monolithic_k8s_1svc,85,69.162045999974,66.33743600002617,2.8246099999478247,602112,1,66.33743600002617,0.19939799994972418,0.027299000066705048,0.0,602112,0.0,0.0,0.0,0.0,0,0.0,0.0,0.0,0.0,0,0.0,0.0,0.0,0.0,0,0.0,0.0,0.0,0.0,0
4,monolithic_k8s_1svc,86,69.44464600007905,66.58753300007447,2.857113000004574,602112,1,66.58753300007447,0.1737989999810452,0.028399999905559525,0.0,602112,0.0,0.0,0.0,0.0,0,0.0,0.0,0.0,0.0,0,0.0,0.0,0.0,0.0,0,0.0,0.0,0.0,0.0,0
4,monolithic_k8s_1svc,87,69.75004600008106,67.0254300000579,2.724616000023161,602112,1,67.0254300000579,0.20419800000581745,0.02909999989242351,0.0,602112,0.0,0.0,0.0,0.0,0,0.0,0.0,0.0,0.0,0,0.0,0.0,0.0,0.0,0,0.0,0.0,0.0,0.0,0
4,monolithic_k8s_1svc,88,69.84084500004428,67.0257300000685,2.8151149999757763,602112,1,67.0257300000685,0.2103980000356387,0.02679899989743717,0.0,602112,0.0,0.0,0.0,0.0,0,0.0,0.0,0.0,0.0,0,0.0,0.0,0.0,0.0,0,0.0,0.0,0.0,0.0,0
4,monolithic_k8s_1svc,89,72.68974400005845,69.92440500005159,2.765339000006861,602112,1,69.92440500005159,0.20729799996388465,0.027598999963629467,0.0,602112,0.0,0.0,0.0,0.0,0,0.0,0.0,0.0,0.0,0,0.0,0.0,0.0,0.0,0,0.0,0.0,0.0,0.0,0
4,monolithic_k8s_1svc,90,72.88984299998447,69.96630499997991,2.923538000004555,602112,1,69.96630499997991,0.20309800004270073,0.027699000042957778,0.0,602112,0.0,0.0,0.0,0.0,0,0.0,0.0,0.0,0.0,0,0.0,0.0,0.0,0.0,0,0.0,0.0,0.0,0.0,0
4,monolithic_k8s_1svc,91,74.55784199999016,71.61948999998913,2.938352000001032,602112,1,71.61948999998913,0.19919900000786583,0.025899999968714837,0.0,602112,0.0,0.0,0.0,0.0,0,0.0,0.0,0.0,0.0,0,0.0,0.0,0.0,0.0,0,0.0,0.0,0.0,0.0,0
4,monolithic_k8s_1svc,92,72.18804400008594,69.11101200000758,3.0770320000783613,602112,1,69.11101200000758,0.19589800001540425,0.02660000006926566,0.0,602112,0.0,0.0,0.0,0.0,0,0.0,0.0,0.0,0.0,0,0.0,0.0,0.0,0.0,0,0.0,0.0,0.0,0.0,0
4,monolithic_k8s_1svc,93,71.00284400007695,68.06152000001475,2.9413240000621954,602112,1,68.06152000001475,0.18149900006392272,0.027899999963665323,0.0,602112,0.0,0.0,0.0,0.0,0,0.0,0.0,0.0,0.0,0,0.0,0.0,0.0,0.0,0,0.0,0.0,0.0,0.0,0
4,monolithic_k8s_1svc,94,70.9335450000026,68.30831900003886,2.6252259999637317,602112,1,68.30831900003886,0.1865980000275158,0.027398999918659683,0.0,602112,0.0,0.0,0.0,0.0,0,0.0,0.0,0.0,0.0,0,0.0,0.0,0.0,0.0,0,0.0,0.0,0.0,0.0,0
4,monolithic_k8s_1svc,95,69.93554600001062,67.16882799992163,2.7667180000889857,602112,1,67.16882799992163,0.20799900005386007,0.028400000019246363,0.0,602112,0.0,0.0,0.0,0.0,0,0.0,0.0,0.0,0.0,0,0.0,0.0,0.0,0.0,0,0.0,0.0,0.0,0.0,0
4,monolithic_k8s_1svc,96,72.18084399994495,68.1205209999689,4.0603229999760515,602112,1,68.1205209999689,0.1934979999305142,0.028099000019210507,0.0,602112,0.0,0.0,0.0,0.0,0,0.0,0.0,0.0,0.0,0,0.0,0.0,0.0,0.0,0,0.0,0.0,0.0,0.0,0
4,monolithic_k8s_1svc,97,70.54034499992667,67.43142599998464,3.108918999942034,602112,1,67.43142599998464,0.20279900002151408,0.027999999929306796,0.0,602112,0.0,0.0,0.0,0.0,0,0.0,0.0,0.0,0.0,0,0.0,0.0,0.0,0.0,0,0.0,0.0,0.0,0.0,0
4,monolithic_k8s_1svc,98,70.2288459999636,67.31062700009716,2.91821899986644,602112,1,67.31062700009716,0.18659799991382897,0.02729999994244281,0.0,602112,0.0,0.0,0.0,0.0,0,0.0,0.0,0.0,0.0,0,0.0,0.0,0.0,0.0,0,0.0,0.0,0.0,0.0,0
4,monolithic_k8s_1svc,99,69.11814600005073,66.49643400010063,2.6217119999500937,602112,1,66.49643400010063,0.19639899994672305,0.02859899996110471,0.0,602112,0.0,0.0,0.0,0.0,0,0.0,0.0,0.0,0.0,0,0.0,0.0,0.0,0.0,0,0.0,0.0,0.0,0.0,0
4,monolithic_k8s_1svc,100,68.57684599992808,65.84853999993356,2.728305999994518,602112,1,65.84853999993356,0.18779800006996084,0.03140000001167209,0.0,602112,0.0,0.0,0.0,0.0,0,0.0,0.0,0.0,0.0,0,0.0,0.0,0.0,0.0,0,0.0,0.0,0.0,0.0,0
4,monolithic_k8s_1svc,101,71.73114500005795,69.13011199992525,2.601033000132702,602112,1,69.13011199992525,0.1963980000709853,0.02699900005609379,0.0,602112,0.0,0.0,0.0,0.0,0,0.0,0.0,0.0,0.0,0,0.0,0.0,0.0,0.0,0,0.0,0.0,0.0,0.0,0
4,monolithic_k8s_1svc,102,96.07532600000468,92.99360800002887,3.081717999975808,602112,1,92.99360800002887,0.20299899995279702,0.03340000000662258,0.0,602112,0.0,0.0,0.0,0.0,0,0.0,0.0,0.0,0.0,0,0.0,0.0,0.0,0.0,0,0.0,0.0,0.0,0.0,0
4,monolithic_k8s_1svc,103,102.28341999993518,99.17035600005875,3.113063999876431,602112,1,99.17035600005875,0.24239799995484645,0.026599999955578824,0.0,602112,0.0,0.0,0.0,0.0,0,0.0,0.0,0.0,0.0,0,0.0,0.0,0.0,0.0,0,0.0,0.0,0.0,0.0,0
4,monolithic_k8s_1svc,104,69.82754599994223,67.23952800007282,2.5880179998694075,602112,1,67.23952800007282,0.20029799998155795,0.027598999963629467,0.0,602112,0.0,0.0,0.0,0.0,0,0.0,0.0,0.0,0.0,0,0.0,0.0,0.0,0.0,0,0.0,0.0,0.0,0.0,0
4,monolithic_k8s_1svc,105,70.27034499992624,67.46822600007363,2.8021189998526097,602112,1,67.46822600007363,0.19159900000431662,0.02649900000051275,0.0,602112,0.0,0.0,0.0,0.0,0,0.0,0.0,0.0,0.0,0,0.0,0.0,0.0,0.0,0,0.0,0.0,0.0,0.0,0
4,monolithic_k8s_1svc,106,68.39434700009406,65.81194000000323,2.582407000090825,602112,1,65.81194000000323,0.2030979999290139,0.02740000002177112,0.0,602112,0.0,0.0,0.0,0.0,0,0.0,0.0,0.0,0.0,0,0.0,0.0,0.0,0.0,0,0.0,0.0,0.0,0.0,0
4,monolithic_k8s_1svc,107,69.78694500003257,66.99402999993254,2.792915000100038,602112,1,66.99402999993254,0.19759799999974348,0.025000000050567905,0.0,602112,0.0,0.0,0.0,0.0,0,0.0,0.0,0.0,0.0,0,0.0,0.0,0.0,0.0,0,0.0,0.0,0.0,0.0,0
4,monolithic_k8s_1svc,108,71.17924500005302,68.37721800002328,2.8020270000297387,602112,1,68.37721800002328,0.19699899996794557,0.02649900000051275,0.0,602112,0.0,0.0,0.0,0.0,0,0.0,0.0,0.0,0.0,0,0.0,0.0,0.0,0.0,0,0.0,0.0,0.0,0.0,0
4,monolithic_k8s_1svc,109,71.71724399995583,68.42761799998698,3.289625999968848,602112,1,68.42761799998698,0.20799800006443547,0.027899999963665323,0.0,602112,0.0,0.0,0.0,0.0,0,0.0,0.0,0.0,0.0,0,0.0,0.0,0.0,0.0,0,0.0,0.0,0.0,0.0,0
4,monolithic_k8s_1svc,110,71.30694400007087,68.53501700004472,2.771927000026153,602112,1,68.53501700004472,0.23359799990885222,0.02910000000611035,0.0,602112,0.0,0.0,0.0,0.0,0,0.0,0.0,0.0,0.0,0,0.0,0.0,0.0,0.0,0,0.0,0.0,0.0,0.0,0
4,monolithic_k8s_1svc,111,69.99694600006023,67.3051270000542,2.691819000006035,602112,1,67.3051270000542,0.19109899994873558,0.027300000056129647,0.0,602112,0.0,0.0,0.0,0.0,0,0.0,0.0,0.0,0.0,0,0.0,0.0,0.0,0.0,0,0.0,0.0,0.0,0.0,0
4,monolithic_k8s_1svc,112,71.16094399998474,68.09022000004461,3.070723999940128,602112,1,68.09022000004461,0.20019900000534108,0.029199999971751822,0.0,602112,0.0,0.0,0.0,0.0,0,0.0,0.0,0.0,0.0,0,0.0,0.0,0.0,0.0,0,0.0,0.0,0.0,0.0,0
4,monolithic_k8s_1svc,113,72.10474399994382,69.48460900002829,2.6201349999155354,602112,1,69.48460900002829,0.17789799994716304,0.027700000032382377,0.0,602112,0.0,0.0,0.0,0.0,0,0.0,0.0,0.0,0.0,0,0.0,0.0,0.0,0.0,0,0.0,0.0,0.0,0.0,0
4,monolithic_k8s_1svc,114,74.04894299997977,71.4109919999828,2.637950999996974,602112,1,71.4109919999828,0.1922989999911806,0.02700000004551839,0.0,602112,0.0,0.0,0.0,0.0,0,0.0,0.0,0.0,0.0,0,0.0,0.0,0.0,0.0,0,0.0,0.0,0.0,0.0,0
4,monolithic_k8s_1svc,115,71.29954499998803,68.71171499994944,2.5878300000385934,602112,1,68.71171499994944,0.17449799997848459,0.02649999998993735,0.0,602112,0.0,0.0,0.0,0.0,0,0.0,0.0,0.0,0.0,0,0.0,0.0,0.0,0.0,0,0.0,0.0,0.0,0.0,0
4,monolithic_k8s_1svc,116,70.60324500002935,67.52562500003023,3.077619999999115,602112,1,67.52562500003023,0.19469799997295922,0.02660000006926566,0.0,602112,0.0,0.0,0.0,0.0,0,0.0,0.0,0.0,0.0,0,0.0,0.0,0.0,0.0,0,0.0,0.0,0.0,0.0,0
4,monolithic_k8s_1svc,117,77.35834000004616,74.25066899998001,3.107671000066148,602112,1,74.25066899998001,0.19939799994972418,0.029399000027297006,0.0,602112,0.0,0.0,0.0,0.0,0,0.0,0.0,0.0,0.0,0,0.0,0.0,0.0,0.0,0,0.0,0.0,0.0,0.0,0
4,monolithic_k8s_1svc,118,83.55063499993776,80.40701500010528,3.143619999832481,602112,1,80.40701500010528,0.34199699996406707,0.03039999990051001,0.0,602112,0.0,0.0,0.0,0.0,0,0.0,0.0,0.0,0.0,0,0.0,0.0,0.0,0.0,0,0.0,0.0,0.0,0.0,0
4,monolithic_k8s_1svc,119,74.99124099990695,71.79748900000504,3.193751999901906,602112,1,71.79748900000504,0.23809800006802107,0.02779999999802385,0.0,602112,0.0,0.0,0.0,0.0,0,0.0,0.0,0.0,0.0,0,0.0,0.0,0.0,0.0,0,0.0,0.0,0.0,0.0,0
4,monolithic_k8s_1svc,120,69.51984600004835,66.82083099997271,2.699015000075633,602112,1,66.82083099997271,0.20229899996593304,0.027800000111710688,0.0,602112,0.0,0.0,0.0,0.0,0,0.0,0.0,0.0,0.0,0,0.0,0.0,0.0,0.0,0,0.0,0.0,0.0,0.0,0
4,monolithic_k8s_1svc,121,68.51034699991487,65.62974199994187,2.880604999973002,602112,1,65.62974199994187,0.19349800004420104,0.027100000011159864,0.0,602112,0.0,0.0,0.0,0.0,0,0.0,0.0,0.0,0.0,0,0.0,0.0,0.0,0.0,0,0.0,0.0,0.0,0.0,0
4,monolithic_k8s_1svc,122,68.71054599992021,66.05673799992928,2.6538079999909314,602112,1,66.05673799992928,0.19929800009776955,0.028900000074827403,0.0,602112,0.0,0.0,0.0,0.0,0,0.0,0.0,0.0,0.0,0,0.0,0.0,0.0,0.0,0,0.0,0.0,0.0,0.0,0
4,monolithic_k8s_1svc,123,72.89864300003046,69.85930500002269,3.039338000007774,602112,1,69.85930500002269,0.1914979999355637,0.02649999998993735,0.0,602112,0.0,0.0,0.0,0.0,0,0.0,0.0,0.0,0.0,0,0.0,0.0,0.0,0.0,0,0.0,0.0,0.0,0.0,0
4,monolithic_k8s_1svc,124,68.65874699997221,65.7040410000036,2.95470599996861,602112,1,65.7040410000036,0.21029800006999722,0.02899899993735744,0.0,602112,0.0,0.0,0.0,0.0,0,0.0,0.0,0.0,0.0,0,0.0,0.0,0.0,0.0,0,0.0,0.0,0.0,0.0,0
4,monolithic_k8s_1svc,125,69.56964599999083,66.82383099996514,2.7458150000256865,602112,1,66.82383099996514,0.2057980000245152,0.027499999987412593,0.0,602112,0.0,0.0,0.0,0.0,0,0.0,0.0,0.0,0.0,0,0.0,0.0,0.0,0.0,0,0.0,0.0,0.0,0.0,0
4,monolithic_k8s_1svc,126,68.74084600008246,65.84724000003916,2.8936060000432917,602112,1,65.84724000003916,0.1999979999709467,0.026598999966154224,0.0,602112,0.0,0.0,0.0,0.0,0,0.0,0.0,0.0,0.0,0,0.0,0.0,0.0,0.0,0,0.0,0.0,0.0,0.0,0
4,monolithic_k8s_1svc,127,68.18164700007401,65.41034300005322,2.771304000020791,602112,1,65.41034300005322,0.1953979999598232,0.027100000011159864,0.0,602112,0.0,0.0,0.0,0.0,0,0.0,0.0,0.0,0.0,0,0.0,0.0,0.0,0.0,0,0.0,0.0,0.0,0.0,0
4,monolithic_k8s_1svc,128,70.9274450000521,68.02522099997077,2.9022240000813326,602112,1,68.02522099997077,0.19629899998108158,0.026799000011124008,0.0,602112,0.0,0.0,0.0,0.0,0,0.0,0.0,0.0,0.0,0,0.0,0.0,0.0,0.0,0,0.0,0.0,0.0,0.0,0
4,monolithic_k8s_1svc,129,69.42534600000272,66.83093200001622,2.5944139999865,602112,1,66.83093200001622,0.1750979999997071,0.02649900000051275,0.0,602112,0.0,0.0,0.0,0.0,0,0.0,0.0,0.0,0.0,0,0.0,0.0,0.0,0.0,0,0.0,0.0,0.0,0.0,0
4,monolithic_k8s_1svc,130,74.44774199996118,71.55119100002594,2.8965509999352435,602112,1,71.55119100002594,0.2160980000098789,0.026400000024295878,0.0,602112,0.0,0.0,0.0,0.0,0,0.0,0.0,0.0,0.0,0,0.0,0.0,0.0,0.0,0,0.0,0.0,0.0,0.0,0
4,monolithic_k8s_1svc,131,67.91094699997302,65.07224599999972,2.838700999973298,602112,1,65.07224599999972,0.18429799990826723,0.026700000034907134,0.0,602112,0.0,0.0,0.0,0.0,0,0.0,0.0,0.0,0.0,0,0.0,0.0,0.0,0.0,0,0.0,0.0,0.0,0.0,0
4,monolithic_k8s_1svc,132,70.6177449999359,68.00583799997639,2.6119069999595013,602112,1,68.00583799997639,0.18829800001185504,0.02829900006418029,0.0,602112,0.0,0.0,0.0,0.0,0,0.0,0.0,0.0,0.0,0,0.0,0.0,0.0,0.0,0,0.0,0.0,0.0,0.0,0
4,monolithic_k8s_1svc,133,71.68534400000226,68.80593899995802,2.879405000044244,602112,1,68.80593899995802,0.1966989999573343,0.03300000003036985,0.0,602112,0.0,0.0,0.0,0.0,0,0.0,0.0,0.0,0.0,0,0.0,0.0,0.0,0.0,0,0.0,0.0,0.0,0.0,0
4,monolithic_k8s_1svc,134,77.98623899998347,75.14868800001295,2.8375509999705173,602112,1,75.14868800001295,0.23269799999070528,0.027198999987376737,0.0,602112,0.0,0.0,0.0,0.0,0,0.0,0.0,0.0,0.0,0,0.0,0.0,0.0,0.0,0,0.0,0.0,0.0,0.0,0
4,monolithic_k8s_1svc,135,77.02424000001429,73.87179800002741,3.152441999986877,602112,1,73.87179800002741,0.20739800004321296,0.026299999944967567,0.0,602112,0.0,0.0,0.0,0.0,0,0.0,0.0,0.0,0.0,0,0.0,0.0,0.0,0.0,0,0.0,0.0,0.0,0.0,0
4,monolithic_k8s_1svc,136,70.7591450000109,67.83164699993449,2.9274980000764117,602112,1,67.83164699993449,0.20429900007457036,0.02700000004551839,0.0,602112,0.0,0.0,0.0,0.0,0,0.0,0.0,0.0,0.0,0,0.0,0.0,0.0,0.0,0,0.0,0.0,0.0,0.0,0
4,monolithic_k8s_1svc,137,68.76664599997184,65.73426499994639,3.0323810000254525,602112,1,65.73426499994639,0.20349800001895346,0.027499999987412593,0.0,602112,0.0,0.0,0.0,0.0,0,0.0,0.0,0.0,0.0,0,0.0,0.0,0.0,0.0,0,0.0,0.0,0.0,0.0,0
4,monolithic_k8s_1svc,138,72.68964399997913,69.04963800002406,3.640005999955065,602112,1,69.04963800002406,0.20339799993962515,0.02779900000859925,0.0,602112,0.0,0.0,0.0,0.0,0,0.0,0.0,0.0,0.0,0,0.0,0.0,0.0,0.0,0,0.0,0.0,0.0,0.0,0
4,monolithic_k8s_1svc,139,69.87644499997714,66.85175600000548,3.0246889999716586,602112,1,66.85175600000548,0.1942979999967065,0.027699000042957778,0.0,602112,0.0,0.0,0.0,0.0,0,0.0,0.0,0.0,0.0,0,0.0,0.0,0.0,0.0,0,0.0,0.0,0.0,0.0,0
4,monolithic_k8s_1svc,140,69.22164600007363,66.38505900002656,2.836587000047075,602112,1,66.38505900002656,0.18459900002198992,0.026099000024260022,0.0,602112,0.0,0.0,0.0,0.0,0,0.0,0.0,0.0,0.0,0,0.0,0.0,0.0,0.0,0,0.0,0.0,0.0,0.0,0
4,monolithic_k8s_1svc,141,68.4952469999871,65.52876599994306,2.966481000044041,602112,1,65.52876599994306,0.17729900002905197,0.025400000026820635,0.0,602112,0.0,0.0,0.0,0.0,0,0.0,0.0,0.0,0.0,0,0.0,0.0,0.0,0.0,0,0.0,0.0,0.0,0.0,0
4,monolithic_k8s_1svc,142,67.6311470000428,65.10707000006732,2.5240769999754775,602112,1,65.10707000006732,0.1730980000047566,0.02779999999802385,0.0,602112,0.0,0.0,0.0,0.0,0,0.0,0.0,0.0,0.0,0,0.0,0.0,0.0,0.0,0,0.0,0.0,0.0,0.0,0
4,monolithic_k8s_1svc,143,68.04894699996566,65.23846799996136,2.8104790000043067,602112,1,65.23846799996136,0.17629900003157672,0.02610000001368462,0.0,602112,0.0,0.0,0.0,0.0,0,0.0,0.0,0.0,0.0,0,0.0,0.0,0.0,0.0,0,0.0,0.0,0.0,0.0,0
4,monolithic_k8s_1svc,144,67.91524700008722,65.10096899990003,2.814278000187187,602112,1,65.10096899990003,0.19329899998865585,0.026400000024295878,0.0,602112,0.0,0.0,0.0,0.0,0,0.0,0.0,0.0,0.0,0,0.0,0.0,0.0,0.0,0,0.0,0.0,0.0,0.0,0
4,monolithic_k8s_1svc,145,73.5270429998991,70.9595220000665,2.5675209998325954,602112,1,70.9595220000665,0.19299799998862,0.029299999937393295,0.0,602112,0.0,0.0,0.0,0.0,0,0.0,0.0,0.0,0.0,0,0.0,0.0,0.0,0.0,0,0.0,0.0,0.0,0.0,0
4,monolithic_k8s_1svc,146,72.6119439999593,69.60223300006874,3.009710999890558,602112,1,69.60223300006874,0.19059800001741678,0.028799999995499093,0.0,602112,0.0,0.0,0.0,0.0,0,0.0,0.0,0.0,0.0,0,0.0,0.0,0.0,0.0,0,0.0,0.0,0.0,0.0,0
4,monolithic_k8s_1svc,147,70.4475459999685,67.46825000004719,2.9792959999213053,602112,1,67.46825000004719,0.2005989999815938,0.02689999996619008,0.0,602112,0.0,0.0,0.0,0.0,0,0.0,0.0,0.0,0.0,0,0.0,0.0,0.0,0.0,0,0.0,0.0,0.0,0.0,0
4,monolithic_k8s_1svc,148,70.39814500001285,67.09915400006139,3.2989909999514566,602112,1,67.09915400006139,0.22439800000029209,0.027898999974240724,0.0,602112,0.0,0.0,0.0,0.0,0,0.0,0.0,0.0,0.0,0,0.0,0.0,0.0,0.0,0,0.0,0.0,0.0,0.0,0
4,monolithic_k8s_1svc,149,69.49824599996646,66.24766100003399,3.250584999932471,602112,1,66.24766100003399,0.20609800003512646,0.028099000019210507,0.0,602112,0.0,0.0,0.0,0.0,0,0.0,0.0,0.0,0.0,0,0.0,0.0,0.0,0.0,0,0.0,0.0,0.0,0.0,0
4,monolithic_k8s_1svc,150,71.54904399999396,68.43294199995853,3.1161020000354256,602112,1,68.43294199995853,0.18959900000936614,0.027300000056129647,0.0,602112,0.0,0.0,0.0,0.0,0,0.0,0.0,0.0,0.0,0,0.0,0.0,0.0,0.0,0,0.0,0.0,0.0,0.0,0
4,monolithic_k8s_1svc,151,69.8856460001025,67.17345199990632,2.7121940001961775,602112,1,67.17345199990632,0.23529800000687828,0.028500000098574674,0.0,602112,0.0,0.0,0.0,0.0,0,0.0,0.0,0.0,0.0,0,0.0,0.0,0.0,0.0,0,0.0,0.0,0.0,0.0,0
4,monolithic_k8s_1svc,152,71.73354499991547,68.80813899999794,2.9254059999175297,602112,1,68.80813899999794,0.2101979999906689,0.02740000002177112,0.0,602112,0.0,0.0,0.0,0.0,0,0.0,0.0,0.0,0.0,0,0.0,0.0,0.0,0.0,0,0.0,0.0,0.0,0.0,0
4,monolithic_k8s_1svc,153,74.24384199998713,71.3958180000418,2.848023999945326,602112,1,71.3958180000418,0.2101979999906689,0.02740000002177112,0.0,602112,0.0,0.0,0.0,0.0,0,0.0,0.0,0.0,0.0,0,0.0,0.0,0.0,0.0,0,0.0,0.0,0.0,0.0,0
4,monolithic_k8s_1svc,154,70.7308449999573,67.35705099993083,3.3737940000264643,602112,1,67.35705099993083,0.1961980000260155,0.027300000056129647,0.0,602112,0.0,0.0,0.0,0.0,0,0.0,0.0,0.0,0.0,0,0.0,0.0,0.0,0.0,0,0.0,0.0,0.0,0.0,0
4,monolithic_k8s_1svc,155,69.81294499996693,66.9938540000885,2.8190909998784264,602112,1,66.9938540000885,0.1818989999264886,0.028298999950493453,0.0,602112,0.0,0.0,0.0,0.0,0,0.0,0.0,0.0,0.0,0,0.0,0.0,0.0,0.0,0,0.0,0.0,0.0,0.0,0
4,monolithic_k8s_1svc,156,68.17714700002853,65.31066800005192,2.866478999976607,602112,1,65.31066800005192,0.18739799998002127,0.026400000024295878,0.0,602112,0.0,0.0,0.0,0.0,0,0.0,0.0,0.0,0.0,0,0.0,0.0,0.0,0.0,0,0.0,0.0,0.0,0.0,0
4,monolithic_k8s_1svc,157,67.6815470000065,65.11996999995517,2.5615770000513294,602112,1,65.11996999995517,0.1852980000194293,0.026700000034907134,0.0,602112,0.0,0.0,0.0,0.0,0,0.0,0.0,0.0,0.0,0,0.0,0.0,0.0,0.0,0,0.0,0.0,0.0,0.0,0
4,monolithic_k8s_1svc,158,69.53494599997612,66.49755799992363,3.0373880000524878,602112,1,66.49755799992363,0.2211980000765834,0.02610000001368462,0.0,602112,0.0,0.0,0.0,0.0,0,0.0,0.0,0.0,0.0,0,0.0,0.0,0.0,0.0,0,0.0,0.0,0.0,0.0,0
4,monolithic_k8s_1svc,159,71.5408450000723,68.54344199996376,2.997403000108534,602112,1,68.54344199996376,0.20289799999773095,0.027598999963629467,0.0,602112,0.0,0.0,0.0,0.0,0,0.0,0.0,0.0,0.0,0,0.0,0.0,0.0,0.0,0,0.0,0.0,0.0,0.0,0
4,monolithic_k8s_1svc,160,72.87114400003247,70.22272799997609,2.648416000056386,602112,1,70.22272799997609,0.20619800000076793,0.02870000002985762,0.0,602112,0.0,0.0,0.0,0.0,0,0.0,0.0,0.0,0.0,0,0.0,0.0,0.0,0.0,0,0.0,0.0,0.0,0.0,0
4,monolithic_k8s_1svc,161,76.31733999994594,73.32970200002364,2.987637999922299,602112,1,73.32970200002364,0.20549900000332855,0.027899999963665323,0.0,602112,0.0,0.0,0.0,0.0,0,0.0,0.0,0.0,0.0,0,0.0,0.0,0.0,0.0,0,0.0,0.0,0.0,0.0,0
4,monolithic_k8s_1svc,162,70.17384599998877,67.27935200001411,2.8944939999746566,602112,1,67.27935200001411,0.21559799995429785,0.02779999999802385,0.0,602112,0.0,0.0,0.0,0.0,0,0.0,0.0,0.0,0.0,0,0.0,0.0,0.0,0.0,0,0.0,0.0,0.0,0.0,0
4,monolithic_k8s_1svc,163,72.14124299991909,69.13113600000997,3.0101069999091123,602112,1,69.13113600000997,0.2127989999962665,0.028100000008635106,0.0,602112,0.0,0.0,0.0,0.0,0,0.0,0.0,0.0,0.0,0,0.0,0.0,0.0,0.0,0,0.0,0.0,0.0,0.0,0
4,monolithic_k8s_1svc,164,72.97964399992907,69.98672999998234,2.9929139999467225,602112,1,69.98672999998234,0.206998999942698,0.027999000053569034,0.0,602112,0.0,0.0,0.0,0.0,0,0.0,0.0,0.0,0.0,0,0.0,0.0,0.0,0.0,0,0.0,0.0,0.0,0.0,0
4,monolithic_k8s_1svc,165,73.9431429999513,70.95652199996039,2.986620999990919,602112,1,70.95652199996039,0.20719899998766778,0.028498999995463237,0.0,602112,0.0,0.0,0.0,0.0,0,0.0,0.0,0.0,0.0,0,0.0,0.0,0.0,0.0,0,0.0,0.0,0.0,0.0,0
4,monolithic_k8s_1svc,166,70.11334499998156,67.23525199993219,2.8780930000493754,602112,1,67.23525199993219,0.195598000004793,0.02830000005360489,0.0,602112,0.0,0.0,0.0,0.0,0,0.0,0.0,0.0,0.0,0,0.0,0.0,0.0,0.0,0,0.0,0.0,0.0,0.0,0
4,monolithic_k8s_1svc,167,69.3135459999894,66.26016099994558,3.053385000043818,602112,1,66.26016099994558,0.19809800005532452,0.02699900005609379,0.0,602112,0.0,0.0,0.0,0.0,0,0.0,0.0,0.0,0.0,0,0.0,0.0,0.0,0.0,0,0.0,0.0,0.0,0.0,0
4,monolithic_k8s_1svc,168,69.91614599996865,67.05865399999311,2.8574919999755366,602112,1,67.05865399999311,0.2160980000098789,0.02699900005609379,0.0,602112,0.0,0.0,0.0,0.0,0,0.0,0.0,0.0,0.0,0,0.0,0.0,0.0,0.0,0,0.0,0.0,0.0,0.0,0
4,monolithic_k8s_1svc,169,68.3221470000035,65.36746799997672,2.954679000026772,602112,1,65.36746799997672,0.19899799997347145,0.024298999960592482,0.0,602112,0.0,0.0,0.0,0.0,0,0.0,0.0,0.0,0.0,0,0.0,0.0,0.0,0.0,0,0.0,0.0,0.0,0.0,0
4,monolithic_k8s_1svc,170,67.91924700007712,65.17586899997241,2.7433780001047126,602112,1,65.17586899997241,0.1672989999406127,0.02549900000303751,0.0,602112,0.0,0.0,0.0,0.0,0,0.0,0.0,0.0,0.0,0,0.0,0.0,0.0,0.0,0,0.0,0.0,0.0,0.0,0
4,monolithic_k8s_1svc,171,67.06684799996765,64.4436750000068,2.6231729999608433,602112,1,64.4436750000068,0.1833979999901203,0.026300000058654405,0.0,602112,0.0,0.0,0.0,0.0,0,0.0,0.0,0.0,0.0,0,0.0,0.0,0.0,0.0,0,0.0,0.0,0.0,0.0,0
4,monolithic_k8s_1svc,172,68.23034699993968,65.51516599995466,2.715180999985023,602112,1,65.51516599995466,0.205298000082621,0.024800000005598122,0.0,602112,0.0,0.0,0.0,0.0,0,0.0,0.0,0.0,0.0,0,0.0,0.0,0.0,0.0,0,0.0,0.0,0.0,0.0,0
4,monolithic_k8s_1svc,173,69.6789460000673,66.70865600005982,2.9702900000074806,602112,1,66.70865600005982,0.18629900000632915,0.02779999999802385,0.0,602112,0.0,0.0,0.0,0.0,0,0.0,0.0,0.0,0.0,0,0.0,0.0,0.0,0.0,0,0.0,0.0,0.0,0.0,0
4,monolithic_k8s_1svc,174,72.80104300002677,69.9009310000065,2.900112000020272,602112,1,69.9009310000065,0.2096980000487747,0.026699999921220297,0.0,602112,0.0,0.0,0.0,0.0,0,0.0,0.0,0.0,0.0,0,0.0,0.0,0.0,0.0,0,0.0,0.0,0.0,0.0,0
4,monolithic_k8s_1svc,175,69.66464599997835,66.76015599998664,2.9044899999917106,602112,1,66.76015599998664,0.19699799997852097,0.029000000040468876,0.0,602112,0.0,0.0,0.0,0.0,0,0.0,0.0,0.0,0.0,0,0.0,0.0,0.0,0.0,0,0.0,0.0,0.0,0.0,0
4,monolithic_k8s_1svc,176,69.28294600004392,66.53155800006516,2.7513879999787605,602112,1,66.53155800006516,0.19319799991990294,0.02859999995052931,0.0,602112,0.0,0.0,0.0,0.0,0,0.0,0.0,0.0,0.0,0,0.0,0.0,0.0,0.0,0,0.0,0.0,0.0,0.0,0
4,monolithic_k8s_1svc,177,70.53584499999488,67.3508510000147,3.184993999980179,602112,1,67.3508510000147,0.20499900006143434,0.02859999995052931,0.0,602112,0.0,0.0,0.0,0.0,0,0.0,0.0,0.0,0.0,0,0.0,0.0,0.0,0.0,0,0.0,0.0,0.0,0.0,0
4,monolithic_k8s_1svc,178,73.04054300004736,70.41832599998088,2.6222170000664846,602112,1,70.41832599998088,0.20769800005382422,0.027899999963665323,0.0,602112,0.0,0.0,0.0,0.0,0,0.0,0.0,0.0,0.0,0,0.0,0.0,0.0,0.0,0,0.0,0.0,0.0,0.0,0
4,monolithic_k8s_1svc,179,71.25134199998229,67.88654700005736,3.364794999924925,602112,1,67.88654700005736,0.20859899996139575,0.027898999974240724,0.0,602112,0.0,0.0,0.0,0.0,0,0.0,0.0,0.0,0.0,0,0.0,0.0,0.0,0.0,0,0.0,0.0,0.0,0.0,0
4,monolithic_k8s_1svc,180,72.33503500003735,69.76713100004872,2.56790399998863,602112,1,69.76713100004872,0.20929899994825973,0.02949999998236308,0.0,602112,0.0,0.0,0.0,0.0,0,0.0,0.0,0.0,0.0,0,0.0,0.0,0.0,0.0,0,0.0,0.0,0.0,0.0,0
4,monolithic_k8s_1svc,181,69.92693799998051,67.13915299997097,2.787785000009535,602112,1,67.13915299997097,0.21719900007610704,0.029998999934832682,0.0,602112,0.0,0.0,0.0,0.0,0,0.0,0.0,0.0,0.0,0,0.0,0.0,0.0,0.0,0,0.0,0.0,0.0,0.0,0
4,monolithic_k8s_1svc,182,71.46143600004962,68.45384200005356,3.007593999996061,602112,1,68.45384200005356,0.19859799999721872,0.028499999984887836,0.0,602112,0.0,0.0,0.0,0.0,0,0.0,0.0,0.0,0.0,0,0.0,0.0,0.0,0.0,0,0.0,0.0,0.0,0.0,0
4,monolithic_k8s_1svc,183,73.90093399999387,70.59302499999376,3.307909000000109,602112,1,70.59302499999376,0.19989899999472982,0.026599000079841062,0.0,602112,0.0,0.0,0.0,0.0,0,0.0,0.0,0.0,0.0,0,0.0,0.0,0.0,0.0,0,0.0,0.0,0.0,0.0,0
4,monolithic_k8s_1svc,184,72.77143500004968,70.05532899995615,2.716106000093532,602112,1,70.05532899995615,0.240898000015477,0.030100000003585592,0.0,602112,0.0,0.0,0.0,0.0,0,0.0,0.0,0.0,0.0,0,0.0,0.0,0.0,0.0,0,0.0,0.0,0.0,0.0,0
4,monolithic_k8s_1svc,185,70.30703800000992,67.3609509999551,2.946087000054831,602112,1,67.3609509999551,0.20739900003263756,0.028799999995499093,0.0,602112,0.0,0.0,0.0,0.0,0,0.0,0.0,0.0,0.0,0,0.0,0.0,0.0,0.0,0,0.0,0.0,0.0,0.0,0
4,monolithic_k8s_1svc,186,75.08353299999726,71.53991799998494,3.5436150000123234,602112,1,71.53991799998494,0.19829799998660746,0.026699000045482535,0.0,602112,0.0,0.0,0.0,0.0,0,0.0,0.0,0.0,0.0,0,0.0,0.0,0.0,0.0,0,0.0,0.0,0.0,0.0,0
4,monolithic_k8s_1svc,187,70.86033699999916,68.10714499999904,2.7531920000001264,602112,1,68.10714499999904,0.18979900005433592,0.02729999994244281,0.0,602112,0.0,0.0,0.0,0.0,0,0.0,0.0,0.0,0.0,0,0.0,0.0,0.0,0.0,0,0.0,0.0,0.0,0.0,0
4,monolithic_k8s_1svc,188,70.75503700002628,67.44934999994712,3.3056870000791605,602112,1,67.44934999994712,0.1992979999840827,0.02989999995861581,0.0,602112,0.0,0.0,0.0,0.0,0,0.0,0.0,0.0,0.0,0,0.0,0.0,0.0,0.0,0,0.0,0.0,0.0,0.0,0
4,monolithic_k8s_1svc,189,70.78883600001973,67.83214699999007,2.9566890000296553,602112,1,67.83214699999007,0.2082979999613599,0.027599999953054066,0.0,602112,0.0,0.0,0.0,0.0,0,0.0,0.0,0.0,0.0,0,0.0,0.0,0.0,0.0,0,0.0,0.0,0.0,0.0,0
4,monolithic_k8s_1svc,190,71.49833599999056,68.6148409999987,2.8834949999918535,602112,1,68.6148409999987,0.20529799996893416,0.026699999921220297,0.0,602112,0.0,0.0,0.0,0.0,0,0.0,0.0,0.0,0.0,0,0.0,0.0,0.0,0.0,0,0.0,0.0,0.0,0.0,0
4,monolithic_k8s_1svc,191,69.41123800004334,65.96596200006388,3.445275999979458,602112,1,65.96596200006388,0.21429899993563595,0.02639999991060904,0.0,602112,0.0,0.0,0.0,0.0,0,0.0,0.0,0.0,0.0,0,0.0,0.0,0.0,0.0,0,0.0,0.0,0.0,0.0,0
4,monolithic_k8s_1svc,192,73.03243499995915,70.41252599992731,2.6199090000318392,602112,1,70.41252599992731,0.19369900007859542,0.027499999987412593,0.0,602112,0.0,0.0,0.0,0.0,0,0.0,0.0,0.0,0.0,0,0.0,0.0,0.0,0.0,0,0.0,0.0,0.0,0.0,0
4,monolithic_k8s_1svc,193,69.61743799990927,66.69575600005828,2.921681999850989,602112,1,66.69575600005828,0.20019900000534108,0.026699999921220297,0.0,602112,0.0,0.0,0.0,0.0,0,0.0,0.0,0.0,0.0,0,0.0,0.0,0.0,0.0,0,0.0,0.0,0.0,0.0,0
4,monolithic_k8s_1svc,194,68.99413899998308,66.26835999998093,2.7257790000021487,602112,1,66.26835999998093,0.19209899994621082,0.026300000058654405,0.0,602112,0.0,0.0,0.0,0.0,0,0.0,0.0,0.0,0.0,0,0.0,0.0,0.0,0.0,0,0.0,0.0,0.0,0.0,0
4,monolithic_k8s_1svc,195,69.64623800001846,66.98115400001825,2.6650840000002063,602112,1,66.98115400001825,0.18929800000933028,0.026099999899997783,0.0,602112,0.0,0.0,0.0,0.0,0,0.0,0.0,0.0,0.0,0,0.0,0.0,0.0,0.0,0,0.0,0.0,0.0,0.0,0
4,monolithic_k8s_1svc,196,70.69263699997919,68.03254600004038,2.6600909999388023,602112,1,68.03254600004038,0.19759799999974348,0.028600000064216147,0.0,602112,0.0,0.0,0.0,0.0,0,0.0,0.0,0.0,0.0,0,0.0,0.0,0.0,0.0,0,0.0,0.0,0.0,0.0,0
4,monolithic_k8s_1svc,197,72.65763499992772,69.86643000004733,2.7912049998803923,602112,1,69.86643000004733,0.18829900000127964,0.02639999991060904,0.0,602112,0.0,0.0,0.0,0.0,0,0.0,0.0,0.0,0.0,0,0.0,0.0,0.0,0.0,0,0.0,0.0,0.0,0.0,0
4,monolithic_k8s_1svc,198,69.76273800000854,66.9185550000293,2.844182999979239,602112,1,66.9185550000293,0.18979799995122448,0.03500000002532033,0.0,602112,0.0,0.0,0.0,0.0,0,0.0,0.0,0.0,0.0,0,0.0,0.0,0.0,0.0,0,0.0,0.0,0.0,0.0,0
4,monolithic_k8s_1svc,199,69.262837999986,66.58595800001876,2.676879999967241,602112,1,66.58595800001876,0.20489799999268143,0.025899999968714837,0.0,602112,0.0,0.0,0.0,0.0,0,0.0,0.0,0.0,0.0,0,0.0,0.0,0.0,0.0,0,0.0,0.0,0.0,0.0,0
4,monolithic_k8s_1svc,200,68.62963800006128,65.63796499995078,2.991673000110495,602112,1,65.63796499995078,0.18869799998810777,0.026700000034907134,0.0,602112,0.0,0.0,0.0,0.0,0,0.0,0.0,0.0,0.0,0,0.0,0.0,0.0,0.0,0,0.0,0.0,0.0,0.0,0
5,monolithic_k8s_1svc,1,68.61731000003601,65.66621100000702,2.9510990000289894,602112,1,65.66621100000702,0.1839990000007674,0.025900000082401675,0.0,602112,0.0,0.0,0.0,0.0,0,0.0,0.0,0.0,0.0,0,0.0,0.0,0.0,0.0,0,0.0,0.0,0.0,0.0,0
5,monolithic_k8s_1svc,2,72.40710500002479,69.5900770000435,2.817027999981292,602112,1,69.5900770000435,0.17669800001840485,0.026698999931795697,0.0,602112,0.0,0.0,0.0,0.0,0,0.0,0.0,0.0,0.0,0,0.0,0.0,0.0,0.0,0,0.0,0.0,0.0,0.0,0
5,monolithic_k8s_1svc,3,72.04120599999442,69.0192819999993,3.021923999995124,602112,1,69.0192819999993,0.19149800004925055,0.027499999987412593,0.0,602112,0.0,0.0,0.0,0.0,0,0.0,0.0,0.0,0.0,0,0.0,0.0,0.0,0.0,0,0.0,0.0,0.0,0.0,0
5,monolithic_k8s_1svc,4,70.009308000067,67.37329599991426,2.636012000152732,602112,1,67.37329599991426,0.1956990000735459,0.029500000096049916,0.0,602112,0.0,0.0,0.0,0.0,0,0.0,0.0,0.0,0.0,0,0.0,0.0,0.0,0.0,0,0.0,0.0,0.0,0.0,0
5,monolithic_k8s_1svc,5,72.41770500002076,69.0785809999852,3.3391240000355538,602112,1,69.0785809999852,0.19129899999370537,0.027600000066740904,0.0,602112,0.0,0.0,0.0,0.0,0,0.0,0.0,0.0,0.0,0,0.0,0.0,0.0,0.0,0,0.0,0.0,0.0,0.0,0
5,monolithic_k8s_1svc,6,70.13070799996513,67.37239700009923,2.7583109998658983,602112,1,67.37239700009923,0.20529799996893416,0.027198999987376737,0.0,602112,0.0,0.0,0.0,0.0,0,0.0,0.0,0.0,0.0,0,0.0,0.0,0.0,0.0,0,0.0,0.0,0.0,0.0,0
5,monolithic_k8s_1svc,7,70.34830800000691,67.42289600003915,2.925411999967764,602112,1,67.42289600003915,0.18739799998002127,0.02740000002177112,0.0,602112,0.0,0.0,0.0,0.0,0,0.0,0.0,0.0,0.0,0,0.0,0.0,0.0,0.0,0,0.0,0.0,0.0,0.0,0
5,monolithic_k8s_1svc,8,71.16240699997434,68.29678799999783,2.8656189999765047,602112,1,68.29678799999783,0.1943980000760348,0.026800000000548607,0.0,602112,0.0,0.0,0.0,0.0,0,0.0,0.0,0.0,0.0,0,0.0,0.0,0.0,0.0,0,0.0,0.0,0.0,0.0,0
5,monolithic_k8s_1svc,9,74.28750300005049,71.38056099995538,2.906942000095114,602112,1,71.38056099995538,0.19399799998609524,0.028399000029821764,0.0,602112,0.0,0.0,0.0,0.0,0,0.0,0.0,0.0,0.0,0,0.0,0.0,0.0,0.0,0,0.0,0.0,0.0,0.0,0
5,monolithic_k8s_1svc,10,69.4924090000768,66.6841029999432,2.808306000133598,602112,1,66.6841029999432,0.18329800002447882,0.027499999987412593,0.0,602112,0.0,0.0,0.0,0.0,0,0.0,0.0,0.0,0.0,0,0.0,0.0,0.0,0.0,0,0.0,0.0,0.0,0.0,0
5,monolithic_k8s_1svc,11,69.42740900001354,66.47380399999747,2.9536050000160685,602112,1,66.47380399999747,0.21139800003311393,0.026700000034907134,0.0,602112,0.0,0.0,0.0,0.0,0,0.0,0.0,0.0,0.0,0,0.0,0.0,0.0,0.0,0,0.0,0.0,0.0,0.0,0
5,monolithic_k8s_1svc,12,70.01370800003315,67.2649979999278,2.7487100001053477,602112,1,67.2649979999278,0.19269799997800874,0.027299000066705048,0.0,602112,0.0,0.0,0.0,0.0,0,0.0,0.0,0.0,0.0,0,0.0,0.0,0.0,0.0,0,0.0,0.0,0.0,0.0,0
5,monolithic_k8s_1svc,13,68.8717100000531,65.86631000004672,3.005400000006375,602112,1,65.86631000004672,0.1940979999517367,0.027499999987412593,0.0,602112,0.0,0.0,0.0,0.0,0,0.0,0.0,0.0,0.0,0,0.0,0.0,0.0,0.0,0,0.0,0.0,0.0,0.0,0
5,monolithic_k8s_1svc,14,68.00391100000525,65.13151699994069,2.87239400006456,602112,1,65.13151699994069,0.18819800004621356,0.02689899997676548,0.0,602112,0.0,0.0,0.0,0.0,0,0.0,0.0,0.0,0.0,0,0.0,0.0,0.0,0.0,0,0.0,0.0,0.0,0.0,0
5,monolithic_k8s_1svc,15,70.12960800000201,67.50789600005191,2.6217119999500937,602112,1,67.50789600005191,0.2010979999340634,0.02729899995301821,0.0,602112,0.0,0.0,0.0,0.0,0,0.0,0.0,0.0,0.0,0,0.0,0.0,0.0,0.0,0,0.0,0.0,0.0,0.0,0
5,monolithic_k8s_1svc,16,71.14520699997229,68.43878699999095,2.7064199999813354,602112,1,68.43878699999095,0.17979799997647206,0.026599999955578824,0.0,602112,0.0,0.0,0.0,0.0,0,0.0,0.0,0.0,0.0,0,0.0,0.0,0.0,0.0,0,0.0,0.0,0.0,0.0,0
5,monolithic_k8s_1svc,17,67.74311099991337,65.15681600001244,2.586294999900929,602112,1,65.15681600001244,0.19129899999370537,0.027499999987412593,0.0,602112,0.0,0.0,0.0,0.0,0,0.0,0.0,0.0,0.0,0,0.0,0.0,0.0,0.0,0,0.0,0.0,0.0,0.0,0
5,monolithic_k8s_1svc,18,69.42740900001354,66.76400199989985,2.6634070001136934,602112,1,66.76400199989985,0.19459800000731775,0.02789900008792756,0.0,602112,0.0,0.0,0.0,0.0,0,0.0,0.0,0.0,0.0,0,0.0,0.0,0.0,0.0,0,0.0,0.0,0.0,0.0,0
5,monolithic_k8s_1svc,19,70.88020700007291,67.70729300001221,3.1729140000607003,602112,1,67.70729300001221,0.20419899999524205,0.02660000006926566,0.0,602112,0.0,0.0,0.0,0.0,0,0.0,0.0,0.0,0.0,0,0.0,0.0,0.0,0.0,0,0.0,0.0,0.0,0.0,0
5,monolithic_k8s_1svc,20,68.94011000008504,65.93920899990735,3.0009010001776915,602112,1,65.93920899990735,0.18579900006443495,0.026300000058654405,0.0,602112,0.0,0.0,0.0,0.0,0,0.0,0.0,0.0,0.0,0,0.0,0.0,0.0,0.0,0,0.0,0.0,0.0,0.0,0
5,monolithic_k8s_1svc,21,69.25320899995313,66.47850399997424,2.774704999978894,602112,1,66.47850399997424,0.19659800000226824,0.026700000034907134,0.0,602112,0.0,0.0,0.0,0.0,0,0.0,0.0,0.0,0.0,0,0.0,0.0,0.0,0.0,0,0.0,0.0,0.0,0.0,0
5,monolithic_k8s_1svc,22,68.2407100000546,65.4772130000083,2.7634970000463,602112,1,65.4772130000083,0.18939799997497175,0.025800000003073364,0.0,602112,0.0,0.0,0.0,0.0,0,0.0,0.0,0.0,0.0,0,0.0,0.0,0.0,0.0,0,0.0,0.0,0.0,0.0,0
5,monolithic_k8s_1svc,23,68.7234099999614,65.4067140000052,3.3166959999562096,602112,1,65.4067140000052,0.19649800003662676,0.027199999976801337,0.0,602112,0.0,0.0,0.0,0.0,0,0.0,0.0,0.0,0.0,0,0.0,0.0,0.0,0.0,0,0.0,0.0,0.0,0.0,0
5,monolithic_k8s_1svc,24,69.36050900003465,66.47270499991009,2.887804000124561,602112,1,66.47270499991009,0.19549800003915152,0.027199000101063575,0.0,602112,0.0,0.0,0.0,0.0,0,0.0,0.0,0.0,0.0,0,0.0,0.0,0.0,0.0,0,0.0,0.0,0.0,0.0,0
5,monolithic_k8s_1svc,25,68.55200999996214,65.49251299998105,3.059496999981093,602112,1,65.49251299998105,0.1953979999598232,0.027100000011159864,0.0,602112,0.0,0.0,0.0,0.0,0,0.0,0.0,0.0,0.0,0,0.0,0.0,0.0,0.0,0,0.0,0.0,0.0,0.0,0
5,monolithic_k8s_1svc,26,73.21860399997604,70.4944679999926,2.724135999983446,602112,1,70.4944679999926,0.1891990000331134,0.02769999991869554,0.0,602112,0.0,0.0,0.0,0.0,0,0.0,0.0,0.0,0.0,0,0.0,0.0,0.0,0.0,0,0.0,0.0,0.0,0.0,0
5,monolithic_k8s_1svc,27,71.1159070000349,68.52158599997438,2.5943210000605177,602112,1,68.52158599997438,0.19389900000987836,0.02739900003234652,0.0,602112,0.0,0.0,0.0,0.0,0,0.0,0.0,0.0,0.0,0,0.0,0.0,0.0,0.0,0,0.0,0.0,0.0,0.0,0
5,monolithic_k8s_1svc,28,70.09930799995345,67.1315989999357,2.9677090000177486,602112,1,67.1315989999357,0.19299799998862,0.028799999995499093,0.0,602112,0.0,0.0,0.0,0.0,0,0.0,0.0,0.0,0.0,0,0.0,0.0,0.0,0.0,0,0.0,0.0,0.0,0.0,0
5,monolithic_k8s_1svc,29,69.67820899990329,66.69360299997606,2.9846059999272256,602112,1,66.69360299997606,0.24199699998916913,0.027499999987412593,0.0,602112,0.0,0.0,0.0,0.0,0,0.0,0.0,0.0,0.0,0,0.0,0.0,0.0,0.0,0,0.0,0.0,0.0,0.0,0
5,monolithic_k8s_1svc,30,72.48080599993045,68.92858200001228,3.5522239999181693,602112,1,68.92858200001228,0.19459899999674235,0.029300000051080133,0.0,602112,0.0,0.0,0.0,0.0,0,0.0,0.0,0.0,0.0,0,0.0,0.0,0.0,0.0,0,0.0,0.0,0.0,0.0,0
5,monolithic_k8s_1svc,31,70.53810799993698,67.74559300004057,2.7925149998964116,602112,1,67.74559300004057,0.21029799995631038,0.026700000034907134,0.0,602112,0.0,0.0,0.0,0.0,0,0.0,0.0,0.0,0.0,0,0.0,0.0,0.0,0.0,0,0.0,0.0,0.0,0.0,0
5,monolithic_k8s_1svc,32,67.45651200003522,64.69021999998859,2.766292000046633,602112,1,64.69021999998859,0.19589900000482885,0.02519999998185085,0.0,602112,0.0,0.0,0.0,0.0,0,0.0,0.0,0.0,0.0,0,0.0,0.0,0.0,0.0,0,0.0,0.0,0.0,0.0,0
5,monolithic_k8s_1svc,33,68.63251099991885,65.9316089999038,2.7009020000150485,602112,1,65.9316089999038,0.1961980000260155,0.026000000048043148,0.0,602112,0.0,0.0,0.0,0.0,0,0.0,0.0,0.0,0.0,0,0.0,0.0,0.0,0.0,0,0.0,0.0,0.0,0.0,0
5,monolithic_k8s_1svc,34,70.09250900000552,67.48999499995989,2.6025140000456304,602112,1,67.48999499995989,0.17189900006542302,0.027999999929306796,0.0,602112,0.0,0.0,0.0,0.0,0,0.0,0.0,0.0,0.0,0,0.0,0.0,0.0,0.0,0,0.0,0.0,0.0,0.0,0
5,monolithic_k8s_1svc,35,69.79370900000958,66.65814699999828,3.135562000011305,602112,1,66.65814699999828,0.19649800003662676,0.025800000003073364,0.0,602112,0.0,0.0,0.0,0.0,0,0.0,0.0,0.0,0.0,0,0.0,0.0,0.0,0.0,0,0.0,0.0,0.0,0.0,0
5,monolithic_k8s_1svc,36,67.61381100000108,64.86246299994036,2.751348000060716,602112,1,64.86246299994036,0.16399900005126256,0.027598999963629467,0.0,602112,0.0,0.0,0.0,0.0,0,0.0,0.0,0.0,0.0,0,0.0,0.0,0.0,0.0,0,0.0,0.0,0.0,0.0,0
5,monolithic_k8s_1svc,37,68.64090999999917,65.97805399997014,2.6628560000290236,602112,1,65.97805399997014,0.20679800002199045,0.027999000053569034,0.0,602112,0.0,0.0,0.0,0.0,0,0.0,0.0,0.0,0.0,0,0.0,0.0,0.0,0.0,0,0.0,0.0,0.0,0.0,0
5,monolithic_k8s_1svc,38,70.03160799990837,67.43764199995894,2.5939659999494324,602112,1,67.43764199995894,0.2025979999871197,0.02859999995052931,0.0,602112,0.0,0.0,0.0,0.0,0,0.0,0.0,0.0,0.0,0,0.0,0.0,0.0,0.0,0,0.0,0.0,0.0,0.0,0
5,monolithic_k8s_1svc,39,68.41161099998772,65.78245599996535,2.629155000022365,602112,1,65.78245599996535,0.19409800006542355,0.026799000011124008,0.0,602112,0.0,0.0,0.0,0.0,0,0.0,0.0,0.0,0.0,0,0.0,0.0,0.0,0.0,0,0.0,0.0,0.0,0.0,0
5,monolithic_k8s_1svc,40,68.65451099997699,66.07545300005313,2.5790579999238616,602112,1,66.07545300005313,0.19319799991990294,0.02689999996619008,0.0,602112,0.0,0.0,0.0,0.0,0,0.0,0.0,0.0,0.0,0,0.0,0.0,0.0,0.0,0,0.0,0.0,0.0,0.0,0
5,monolithic_k8s_1svc,41,69.36490999999023,66.7200480000929,2.64486199989733,602112,1,66.7200480000929,0.17899799991027976,0.02769999991869554,0.0,602112,0.0,0.0,0.0,0.0,0,0.0,0.0,0.0,0.0,0,0.0,0.0,0.0,0.0,0,0.0,0.0,0.0,0.0,0
5,monolithic_k8s_1svc,42,72.30250600002819,69.60572299999512,2.696783000033065,602112,1,69.60572299999512,0.20279900002151408,0.029299999937393295,0.0,602112,0.0,0.0,0.0,0.0,0,0.0,0.0,0.0,0.0,0,0.0,0.0,0.0,0.0,0,0.0,0.0,0.0,0.0,0
5,monolithic_k8s_1svc,43,68.07801100001143,65.43885799999316,2.6391530000182684,602112,1,65.43885799999316,0.2036979999502364,0.026199999979326094,0.0,602112,0.0,0.0,0.0,0.0,0,0.0,0.0,0.0,0.0,0,0.0,0.0,0.0,0.0,0,0.0,0.0,0.0,0.0,0
5,monolithic_k8s_1svc,44,68.36281100004271,65.43715800000882,2.92565300003389,602112,1,65.43715800000882,0.1885980000224663,0.025899999968714837,0.0,602112,0.0,0.0,0.0,0.0,0,0.0,0.0,0.0,0.0,0,0.0,0.0,0.0,0.0,0,0.0,0.0,0.0,0.0,0
5,monolithic_k8s_1svc,45,70.21090800003549,67.34734199994818,2.863566000087303,602112,1,67.34734199994818,0.19649800003662676,0.027899999963665323,0.0,602112,0.0,0.0,0.0,0.0,0,0.0,0.0,0.0,0.0,0,0.0,0.0,0.0,0.0,0,0.0,0.0,0.0,0.0,0
5,monolithic_k8s_1svc,46,69.25130900003751,66.18935200003762,3.061956999999893,602112,1,66.18935200003762,0.18689800003812707,0.02819999997427658,0.0,602112,0.0,0.0,0.0,0.0,0,0.0,0.0,0.0,0.0,0,0.0,0.0,0.0,0.0,0,0.0,0.0,0.0,0.0,0
5,monolithic_k8s_1svc,47,69.16730900002221,66.32545100001153,2.8418580000106886,602112,1,66.32545100001153,0.19549799992546468,0.02419999998437561,0.0,602112,0.0,0.0,0.0,0.0,0,0.0,0.0,0.0,0.0,0,0.0,0.0,0.0,0.0,0,0.0,0.0,0.0,0.0,0
5,monolithic_k8s_1svc,48,73.72100399993542,70.90691300004437,2.81409099989105,602112,1,70.90691300004437,0.19269799997800874,0.028499999984887836,0.0,602112,0.0,0.0,0.0,0.0,0,0.0,0.0,0.0,0.0,0,0.0,0.0,0.0,0.0,0,0.0,0.0,0.0,0.0,0
5,monolithic_k8s_1svc,49,68.90591000001223,65.8122549999689,3.093655000043327,602112,1,65.8122549999689,0.20429799997145892,0.027300000056129647,0.0,602112,0.0,0.0,0.0,0.0,0,0.0,0.0,0.0,0.0,0,0.0,0.0,0.0,0.0,0,0.0,0.0,0.0,0.0,0
5,monolithic_k8s_1svc,50,69.75770899998679,66.96504599995023,2.792663000036555,602112,1,66.96504599995023,0.197498000034102,0.027099000021735264,0.0,602112,0.0,0.0,0.0,0.0,0,0.0,0.0,0.0,0.0,0,0.0,0.0,0.0,0.0,0,0.0,0.0,0.0,0.0,0
5,monolithic_k8s_1svc,51,69.47980999996162,66.56404900002144,2.9157609999401757,602112,1,66.56404900002144,0.195598000004793,0.025499999992462108,0.0,602112,0.0,0.0,0.0,0.0,0,0.0,0.0,0.0,0.0,0,0.0,0.0,0.0,0.0,0,0.0,0.0,0.0,0.0,0
5,monolithic_k8s_1svc,52,68.0446110000048,65.48095799996645,2.5636530000383573,602112,1,65.48095799996645,0.18239799999264505,0.026700000034907134,0.0,602112,0.0,0.0,0.0,0.0,0,0.0,0.0,0.0,0.0,0,0.0,0.0,0.0,0.0,0,0.0,0.0,0.0,0.0,0
5,monolithic_k8s_1svc,53,69.0773099998978,66.6175490000569,2.45976099984091,602112,1,66.6175490000569,0.1768979999496878,0.02729899995301821,0.0,602112,0.0,0.0,0.0,0.0,0,0.0,0.0,0.0,0.0,0,0.0,0.0,0.0,0.0,0,0.0,0.0,0.0,0.0,0
5,monolithic_k8s_1svc,54,67.8165120000358,65.11356099997556,2.7029510000602386,602112,1,65.11356099997556,0.18429900001137867,0.025799000013648765,0.0,602112,0.0,0.0,0.0,0.0,0,0.0,0.0,0.0,0.0,0,0.0,0.0,0.0,0.0,0,0.0,0.0,0.0,0.0,0
5,monolithic_k8s_1svc,55,68.8098099999479,66.15075299998807,2.65905699995983,602112,1,66.15075299998807,0.19059800001741678,0.028499999984887836,0.0,602112,0.0,0.0,0.0,0.0,0,0.0,0.0,0.0,0.0,0,0.0,0.0,0.0,0.0,0,0.0,0.0,0.0,0.0,0
5,monolithic_k8s_1svc,56,73.2409040000448,70.49821700002212,2.74268700002267,602112,1,70.49821700002212,0.21259799996187212,0.028898999971715966,0.0,602112,0.0,0.0,0.0,0.0,0,0.0,0.0,0.0,0.0,0,0.0,0.0,0.0,0.0,0,0.0,0.0,0.0,0.0,0
5,monolithic_k8s_1svc,57,72.35820599998988,69.65982400004123,2.6983819999486514,602112,1,69.65982400004123,0.21159799996439688,0.02779999999802385,0.0,602112,0.0,0.0,0.0,0.0,0,0.0,0.0,0.0,0.0,0,0.0,0.0,0.0,0.0,0,0.0,0.0,0.0,0.0,0
5,monolithic_k8s_1svc,58,70.80580800004554,68.03753700000925,2.768271000036293,602112,1,68.03753700000925,0.18369800000073155,0.02649999998993735,0.0,602112,0.0,0.0,0.0,0.0,0,0.0,0.0,0.0,0.0,0,0.0,0.0,0.0,0.0,0,0.0,0.0,0.0,0.0,0
5,monolithic_k8s_1svc,59,71.65660700002263,68.47453299997142,3.182074000051216,602112,1,68.47453299997142,0.19339800007855956,0.026299999944967567,0.0,602112,0.0,0.0,0.0,0.0,0,0.0,0.0,0.0,0.0,0,0.0,0.0,0.0,0.0,0,0.0,0.0,0.0,0.0,0
5,monolithic_k8s_1svc,60,69.76230899999791,67.05694499999026,2.7053640000076484,602112,1,67.05694499999026,0.21219800009930623,0.026599999955578824,0.0,602112,0.0,0.0,0.0,0.0,0,0.0,0.0,0.0,0.0,0,0.0,0.0,0.0,0.0,0,0.0,0.0,0.0,0.0,0
5,monolithic_k8s_1svc,61,72.61450500004685,69.73872200001097,2.875783000035881,602112,1,69.73872200001097,0.20299900006648386,0.027999999929306796,0.0,602112,0.0,0.0,0.0,0.0,0,0.0,0.0,0.0,0.0,0,0.0,0.0,0.0,0.0,0,0.0,0.0,0.0,0.0,0
5,monolithic_k8s_1svc,62,71.35550599991802,68.5924319999458,2.763073999972221,602112,1,68.5924319999458,0.20179800003461423,0.027600000066740904,0.0,602112,0.0,0.0,0.0,0.0,0,0.0,0.0,0.0,0.0,0,0.0,0.0,0.0,0.0,0,0.0,0.0,0.0,0.0,0
5,monolithic_k8s_1svc,63,70.91230699995776,68.02033600001778,2.8919709999399856,602112,1,68.02033600001778,0.18669899998258188,0.026999999931831553,0.0,602112,0.0,0.0,0.0,0.0,0,0.0,0.0,0.0,0.0,0,0.0,0.0,0.0,0.0,0,0.0,0.0,0.0,0.0,0
5,monolithic_k8s_1svc,64,71.36410700002216,68.80803000001379,2.556077000008372,602112,1,68.80803000001379,0.21729799993863708,0.02790000007735216,0.0,602112,0.0,0.0,0.0,0.0,0,0.0,0.0,0.0,0.0,0,0.0,0.0,0.0,0.0,0,0.0,0.0,0.0,0.0,0
5,monolithic_k8s_1svc,65,72.33850600005098,69.69782299995586,2.640683000095123,602112,1,69.69782299995586,0.20429800008514576,0.028000000042993634,0.0,602112,0.0,0.0,0.0,0.0,0,0.0,0.0,0.0,0.0,0,0.0,0.0,0.0,0.0,0,0.0,0.0,0.0,0.0,0
5,monolithic_k8s_1svc,66,71.09880699999849,68.17613500004427,2.9226719999542183,602112,1,68.17613500004427,0.20609800003512646,0.02769999991869554,0.0,602112,0.0,0.0,0.0,0.0,0,0.0,0.0,0.0,0.0,0,0.0,0.0,0.0,0.0,0,0.0,0.0,0.0,0.0,0
5,monolithic_k8s_1svc,67,70.37710800000241,67.71633899995777,2.6607690000446382,602112,1,67.71633899995777,0.1956990000735459,0.030700000024808105,0.0,602112,0.0,0.0,0.0,0.0,0,0.0,0.0,0.0,0.0,0,0.0,0.0,0.0,0.0,0,0.0,0.0,0.0,0.0,0
5,monolithic_k8s_1svc,68,69.28760899995723,66.68234799997208,2.6052609999851484,602112,1,66.68234799997208,0.20789799998510716,0.029000000040468876,0.0,602112,0.0,0.0,0.0,0.0,0,0.0,0.0,0.0,0.0,0,0.0,0.0,0.0,0.0,0,0.0,0.0,0.0,0.0,0
5,monolithic_k8s_1svc,69,69.87190899997131,67.25864300005924,2.6132659999120733,602112,1,67.25864300005924,0.18739899996944587,0.028899999961140566,0.0,602112,0.0,0.0,0.0,0.0,0,0.0,0.0,0.0,0.0,0,0.0,0.0,0.0,0.0,0,0.0,0.0,0.0,0.0,0
5,monolithic_k8s_1svc,70,70.09610900001917,67.05854500000896,3.0375640000102067,602112,1,67.05854500000896,0.2090980000275522,0.027199999976801337,0.0,602112,0.0,0.0,0.0,0.0,0,0.0,0.0,0.0,0.0,0,0.0,0.0,0.0,0.0,0,0.0,0.0,0.0,0.0,0
5,monolithic_k8s_1svc,71,71.39750700002878,68.63093199990544,2.766575000123339,602112,1,68.63093199990544,0.2065980000907075,0.02699900005609379,0.0,602112,0.0,0.0,0.0,0.0,0,0.0,0.0,0.0,0.0,0,0.0,0.0,0.0,0.0,0,0.0,0.0,0.0,0.0,0
5,monolithic_k8s_1svc,72,71.65010599999277,68.68923100000757,2.960874999985208,602112,1,68.68923100000757,0.21049800000128016,0.02599999993435631,0.0,602112,0.0,0.0,0.0,0.0,0,0.0,0.0,0.0,0.0,0,0.0,0.0,0.0,0.0,0,0.0,0.0,0.0,0.0,0
5,monolithic_k8s_1svc,73,71.08970699994188,68.48663300002045,2.6030739999214347,602112,1,68.48663300002045,0.17589899994163716,0.03140000001167209,0.0,602112,0.0,0.0,0.0,0.0,0,0.0,0.0,0.0,0.0,0,0.0,0.0,0.0,0.0,0,0.0,0.0,0.0,0.0,0
5,monolithic_k8s_1svc,74,71.14970599991466,68.16903599997204,2.98066999994262,602112,1,68.16903599997204,0.22039800001039112,0.02830000005360489,0.0,602112,0.0,0.0,0.0,0.0,0,0.0,0.0,0.0,0.0,0,0.0,0.0,0.0,0.0,0,0.0,0.0,0.0,0.0,0
5,monolithic_k8s_1svc,75,71.17080700004408,68.00473699991016,3.1660700001339137,602112,1,68.00473699991016,0.1880980000805721,0.02610000001368462,0.0,602112,0.0,0.0,0.0,0.0,0,0.0,0.0,0.0,0.0,0,0.0,0.0,0.0,0.0,0,0.0,0.0,0.0,0.0,0
5,monolithic_k8s_1svc,76,73.03350400002273,70.06392000005235,2.969583999970382,602112,1,70.06392000005235,0.19459800000731775,0.02819999997427658,0.0,602112,0.0,0.0,0.0,0.0,0,0.0,0.0,0.0,0.0,0,0.0,0.0,0.0,0.0,0,0.0,0.0,0.0,0.0,0
5,monolithic_k8s_1svc,77,72.72510500001772,69.64442399998916,3.0806810000285623,602112,1,69.64442399998916,0.20979800001441617,0.029598999958579952,0.0,602112,0.0,0.0,0.0,0.0,0,0.0,0.0,0.0,0.0,0,0.0,0.0,0.0,0.0,0,0.0,0.0,0.0,0.0,0
5,monolithic_k8s_1svc,78,73.38620400003038,70.58651500005908,2.799688999971295,602112,1,70.58651500005908,0.20409899991591374,0.02870000002985762,0.0,602112,0.0,0.0,0.0,0.0,0,0.0,0.0,0.0,0.0,0,0.0,0.0,0.0,0.0,0,0.0,0.0,0.0,0.0,0
5,monolithic_k8s_1svc,79,69.02471000000787,66.44095000001471,2.5837599999931626,602112,1,66.44095000001471,0.20539800004826247,0.027199999976801337,0.0,602112,0.0,0.0,0.0,0.0,0,0.0,0.0,0.0,0.0,0,0.0,0.0,0.0,0.0,0,0.0,0.0,0.0,0.0,0
5,monolithic_k8s_1svc,80,73.54810399999678,70.29741799999556,3.250686000001224,602112,1,70.29741799999556,0.20289799999773095,0.03700000002027082,0.0,602112,0.0,0.0,0.0,0.0,0,0.0,0.0,0.0,0.0,0,0.0,0.0,0.0,0.0,0,0.0,0.0,0.0,0.0,0
5,monolithic_k8s_1svc,81,71.52210699996431,68.31403499995758,3.208072000006723,602112,1,68.31403499995758,0.198198000020966,0.04669899999498739,0.0,602112,0.0,0.0,0.0,0.0,0,0.0,0.0,0.0,0.0,0,0.0,0.0,0.0,0.0,0,0.0,0.0,0.0,0.0,0
5,monolithic_k8s_1svc,82,69.21760399995946,66.28845099999126,2.9291529999682098,602112,1,66.28845099999126,0.19969800007402227,0.027999999929306796,0.0,602112,0.0,0.0,0.0,0.0,0,0.0,0.0,0.0,0.0,0,0.0,0.0,0.0,0.0,0,0.0,0.0,0.0,0.0,0
5,monolithic_k8s_1svc,83,71.19809300002089,68.20063499992557,2.997458000095321,602112,1,68.20063499992557,0.17369900001540373,0.030200000082913903,0.0,602112,0.0,0.0,0.0,0.0,0,0.0,0.0,0.0,0.0,0,0.0,0.0,0.0,0.0,0,0.0,0.0,0.0,0.0,0
5,monolithic_k8s_1svc,84,72.57499100001041,69.28622600003109,3.288764999979321,602112,1,69.28622600003109,0.212198999975044,0.027899999963665323,0.0,602112,0.0,0.0,0.0,0.0,0,0.0,0.0,0.0,0.0,0,0.0,0.0,0.0,0.0,0,0.0,0.0,0.0,0.0,0
5,monolithic_k8s_1svc,85,74.7991880000427,71.78770600000917,3.0114820000335385,602112,1,71.78770600000917,0.20809800003007695,0.027599999953054066,0.0,602112,0.0,0.0,0.0,0.0,0,0.0,0.0,0.0,0.0,0,0.0,0.0,0.0,0.0,0,0.0,0.0,0.0,0.0,0
5,monolithic_k8s_1svc,86,70.82979400001932,67.74353900004826,3.086254999971061,602112,1,67.74353900004826,0.2030979999290139,0.027499999987412593,0.0,602112,0.0,0.0,0.0,0.0,0,0.0,0.0,0.0,0.0,0,0.0,0.0,0.0,0.0,0,0.0,0.0,0.0,0.0,0
5,monolithic_k8s_1svc,87,71.11189299996568,68.17453499991188,2.9373580000537913,602112,1,68.17453499991188,0.20549800001390395,0.025800000003073364,0.0,602112,0.0,0.0,0.0,0.0,0,0.0,0.0,0.0,0.0,0,0.0,0.0,0.0,0.0,0,0.0,0.0,0.0,0.0,0
5,monolithic_k8s_1svc,88,69.88979499999459,66.97914599999422,2.910649000000376,602112,1,66.97914599999422,0.19599799998104572,0.026900000079876918,0.0,602112,0.0,0.0,0.0,0.0,0,0.0,0.0,0.0,0.0,0,0.0,0.0,0.0,0.0,0,0.0,0.0,0.0,0.0,0
5,monolithic_k8s_1svc,89,69.16149699998186,66.48444900008599,2.6770479998958763,602112,1,66.48444900008599,0.20459899997149478,0.025699999923745054,0.0,602112,0.0,0.0,0.0,0.0,0,0.0,0.0,0.0,0.0,0,0.0,0.0,0.0,0.0,0,0.0,0.0,0.0,0.0,0
5,monolithic_k8s_1svc,90,70.32229499998266,67.68973900000219,2.632555999980468,602112,1,67.68973900000219,0.20249900001090282,0.027199999976801337,0.0,602112,0.0,0.0,0.0,0.0,0,0.0,0.0,0.0,0.0,0,0.0,0.0,0.0,0.0,0,0.0,0.0,0.0,0.0,0
5,monolithic_k8s_1svc,91,68.46979699992062,65.78545499996835,2.6843419999522666,602112,1,65.78545499996835,0.20119800001339172,0.02660000006926566,0.0,602112,0.0,0.0,0.0,0.0,0,0.0,0.0,0.0,0.0,0,0.0,0.0,0.0,0.0,0,0.0,0.0,0.0,0.0,0
5,monolithic_k8s_1svc,92,69.83359600008043,67.23844300006476,2.595153000015671,602112,1,67.23844300006476,0.1762979999284653,0.026999999931831553,0.0,602112,0.0,0.0,0.0,0.0,0,0.0,0.0,0.0,0.0,0,0.0,0.0,0.0,0.0,0,0.0,0.0,0.0,0.0,0
5,monolithic_k8s_1svc,93,67.7404990000241,65.12426099993718,2.6162380000869234,602112,1,65.12426099993718,0.1782980000371026,0.027100000011159864,0.0,602112,0.0,0.0,0.0,0.0,0,0.0,0.0,0.0,0.0,0,0.0,0.0,0.0,0.0,0,0.0,0.0,0.0,0.0,0
5,monolithic_k8s_1svc,94,68.66279700000177,65.95045400001709,2.712342999984685,602112,1,65.95045400001709,0.19899799997347145,0.02689999996619008,0.0,602112,0.0,0.0,0.0,0.0,0,0.0,0.0,0.0,0.0,0,0.0,0.0,0.0,0.0,0,0.0,0.0,0.0,0.0,0
5,monolithic_k8s_1svc,95,68.24609800003145,65.60045699995953,2.645641000071919,602112,1,65.60045699995953,0.1828990000376507,0.02570000003743189,0.0,602112,0.0,0.0,0.0,0.0,0,0.0,0.0,0.0,0.0,0,0.0,0.0,0.0,0.0,0,0.0,0.0,0.0,0.0,0
5,monolithic_k8s_1svc,96,67.37219899991942,64.86376299994845,2.5084359999709704,602112,1,64.86376299994845,0.1674989999855825,0.027499999987412593,0.0,602112,0.0,0.0,0.0,0.0,0,0.0,0.0,0.0,0.0,0,0.0,0.0,0.0,0.0,0,0.0,0.0,0.0,0.0,0
5,monolithic_k8s_1svc,97,69.018996000068,66.26715100003366,2.7518450000343364,602112,1,66.26715100003366,0.19129899999370537,0.026400000024295878,0.0,602112,0.0,0.0,0.0,0.0,0,0.0,0.0,0.0,0.0,0,0.0,0.0,0.0,0.0,0,0.0,0.0,0.0,0.0,0
5,monolithic_k8s_1svc,98,70.83699399993293,68.27413400003479,2.562859999898137,602112,1,68.27413400003479,0.19119899991437705,0.028400000019246363,0.0,602112,0.0,0.0,0.0,0.0,0,0.0,0.0,0.0,0.0,0,0.0,0.0,0.0,0.0,0,0.0,0.0,0.0,0.0,0
5,monolithic_k8s_1svc,99,70.77619400001822,67.82743899998422,2.948755000033998,602112,1,67.82743899998422,0.19089800002802804,0.027999000053569034,0.0,602112,0.0,0.0,0.0,0.0,0,0.0,0.0,0.0,0.0,0,0.0,0.0,0.0,0.0,0,0.0,0.0,0.0,0.0,0
5,monolithic_k8s_1svc,100,75.81958600007965,72.9178960000354,2.9016900000442547,602112,1,72.9178960000354,0.33569699996860436,0.027599999953054066,0.0,602112,0.0,0.0,0.0,0.0,0,0.0,0.0,0.0,0.0,0,0.0,0.0,0.0,0.0,0,0.0,0.0,0.0,0.0,0
5,monolithic_k8s_1svc,101,72.38159100006669,69.59162399994057,2.7899670001261256,602112,1,69.59162399994057,0.2127980000068419,0.028400000019246363,0.0,602112,0.0,0.0,0.0,0.0,0,0.0,0.0,0.0,0.0,0,0.0,0.0,0.0,0.0,0,0.0,0.0,0.0,0.0,0
5,monolithic_k8s_1svc,102,70.5744939999704,67.80293899998924,2.771554999981163,602112,1,67.80293899998924,0.20719799999824318,0.028100000008635106,0.0,602112,0.0,0.0,0.0,0.0,0,0.0,0.0,0.0,0.0,0,0.0,0.0,0.0,0.0,0,0.0,0.0,0.0,0.0,0
5,monolithic_k8s_1svc,103,71.1292930000127,68.18433500006904,2.9449579999436537,602112,1,68.18433500006904,0.2049979999583229,0.02989999995861581,0.0,602112,0.0,0.0,0.0,0.0,0,0.0,0.0,0.0,0.0,0,0.0,0.0,0.0,0.0,0,0.0,0.0,0.0,0.0,0
5,monolithic_k8s_1svc,104,74.71828800009916,71.60330700003215,3.1149810000670186,602112,1,71.60330700003215,0.1992989999735073,0.02779999999802385,0.0,602112,0.0,0.0,0.0,0.0,0,0.0,0.0,0.0,0.0,0,0.0,0.0,0.0,0.0,0,0.0,0.0,0.0,0.0,0
5,monolithic_k8s_1svc,105,68.98009700000785,65.88485500003571,3.0952419999721315,602112,1,65.88485500003571,0.2093979999244766,0.02779999999802385,0.0,602112,0.0,0.0,0.0,0.0,0,0.0,0.0,0.0,0.0,0,0.0,0.0,0.0,0.0,0,0.0,0.0,0.0,0.0,0
5,monolithic_k8s_1svc,106,70.96739300004629,68.06413700007852,2.9032559999677687,602112,1,68.06413700007852,0.18549799995071226,0.027399999908084283,0.0,602112,0.0,0.0,0.0,0.0,0,0.0,0.0,0.0,0.0,0,0.0,0.0,0.0,0.0,0,0.0,0.0,0.0,0.0,0
5,monolithic_k8s_1svc,107,69.36109600007967,66.23725199995079,3.1238440001288836,602112,1,66.23725199995079,0.20039800006088626,0.026299999944967567,0.0,602112,0.0,0.0,0.0,0.0,0,0.0,0.0,0.0,0.0,0,0.0,0.0,0.0,0.0,0,0.0,0.0,0.0,0.0,0
5,monolithic_k8s_1svc,108,69.17309699997531,66.12625200000366,3.046844999971654,602112,1,66.12625200000366,0.20739800004321296,0.027599999953054066,0.0,602112,0.0,0.0,0.0,0.0,0,0.0,0.0,0.0,0.0,0,0.0,0.0,0.0,0.0,0,0.0,0.0,0.0,0.0,0
5,monolithic_k8s_1svc,109,69.28549600002043,66.48254899994299,2.802947000077438,602112,1,66.48254899994299,0.19499900008668192,0.027700000032382377,0.0,602112,0.0,0.0,0.0,0.0,0,0.0,0.0,0.0,0.0,0,0.0,0.0,0.0,0.0,0,0.0,0.0,0.0,0.0,0
5,monolithic_k8s_1svc,110,71.33129299995744,68.31993399998737,3.0113589999700707,602112,1,68.31993399998737,0.17779899997094617,0.02700000004551839,0.0,602112,0.0,0.0,0.0,0.0,0,0.0,0.0,0.0,0.0,0,0.0,0.0,0.0,0.0,0,0.0,0.0,0.0,0.0,0
5,monolithic_k8s_1svc,111,69.90959499989913,67.10254500001156,2.8070499998875675,602112,1,67.10254500001156,0.20409799992648914,0.027499999987412593,0.0,602112,0.0,0.0,0.0,0.0,0,0.0,0.0,0.0,0.0,0,0.0,0.0,0.0,0.0,0,0.0,0.0,0.0,0.0,0
5,monolithic_k8s_1svc,112,70.76499400000102,67.56043999996564,3.2045540000353867,602112,1,67.56043999996564,0.19899899996289605,0.027200000090488174,0.0,602112,0.0,0.0,0.0,0.0,0,0.0,0.0,0.0,0.0,0,0.0,0.0,0.0,0.0,0,0.0,0.0,0.0,0.0,0
5,monolithic_k8s_1svc,113,70.00039499996547,67.39824199996747,2.6021529999979975,602112,1,67.39824199996747,0.2070980000326017,0.027300000056129647,0.0,602112,0.0,0.0,0.0,0.0,0,0.0,0.0,0.0,0.0,0,0.0,0.0,0.0,0.0,0,0.0,0.0,0.0,0.0,0
5,monolithic_k8s_1svc,114,70.124594000049,67.0146450000857,3.109948999963308,602112,1,67.0146450000857,0.22669800000585383,0.02859999995052931,0.0,602112,0.0,0.0,0.0,0.0,0,0.0,0.0,0.0,0.0,0,0.0,0.0,0.0,0.0,0,0.0,0.0,0.0,0.0,0
5,monolithic_k8s_1svc,115,69.13359600002877,66.30475099996147,2.8288450000673038,602112,1,66.30475099996147,0.18119900005331147,0.02779999999802385,0.0,602112,0.0,0.0,0.0,0.0,0,0.0,0.0,0.0,0.0,0,0.0,0.0,0.0,0.0,0,0.0,0.0,0.0,0.0,0
5,monolithic_k8s_1svc,116,69.9508950000336,67.24724300011076,2.7036519999228403,602112,1,67.24724300011076,0.23619799992502521,0.027399999908084283,0.0,602112,0.0,0.0,0.0,0.0,0,0.0,0.0,0.0,0.0,0,0.0,0.0,0.0,0.0,0,0.0,0.0,0.0,0.0,0
5,monolithic_k8s_1svc,117,68.73469700008172,65.97555299993019,2.7591440001515366,602112,1,65.97555299993019,0.19849900002100185,0.026900000079876918,0.0,602112,0.0,0.0,0.0,0.0,0,0.0,0.0,0.0,0.0,0,0.0,0.0,0.0,0.0,0,0.0,0.0,0.0,0.0,0
5,monolithic_k8s_1svc,118,69.40429599990239,66.76224699992872,2.6420489999736674,602112,1,66.76224699992872,0.18639899997197062,0.027200000090488174,0.0,602112,0.0,0.0,0.0,0.0,0,0.0,0.0,0.0,0.0,0,0.0,0.0,0.0,0.0,0,0.0,0.0,0.0,0.0,0
5,monolithic_k8s_1svc,119,73.42278999999508,70.71511399999508,2.707675999999992,602112,1,70.71511399999508,0.20199899995532178,0.02660000006926566,0.0,602112,0.0,0.0,0.0,0.0,0,0.0,0.0,0.0,0.0,0,0.0,0.0,0.0,0.0,0,0.0,0.0,0.0,0.0,0
5,monolithic_k8s_1svc,120,69.21099700002742,66.21415200004321,2.996844999984205,602112,1,66.21415200004321,0.2025979999871197,0.02819999997427658,0.0,602112,0.0,0.0,0.0,0.0,0,0.0,0.0,0.0,0.0,0,0.0,0.0,0.0,0.0,0,0.0,0.0,0.0,0.0,0
5,monolithic_k8s_1svc,121,69.02439700002105,66.26005199996143,2.7643450000596204,602112,1,66.26005199996143,0.19709800005784928,0.026799000011124008,0.0,602112,0.0,0.0,0.0,0.0,0,0.0,0.0,0.0,0.0,0,0.0,0.0,0.0,0.0,0,0.0,0.0,0.0,0.0,0
5,monolithic_k8s_1svc,122,69.73739600005047,67.07234499992865,2.665051000121821,602112,1,67.07234499992865,0.17029800005730067,0.02660000006926566,0.0,602112,0.0,0.0,0.0,0.0,0,0.0,0.0,0.0,0.0,0,0.0,0.0,0.0,0.0,0,0.0,0.0,0.0,0.0,0
5,monolithic_k8s_1svc,123,68.83659699997224,66.16005199998654,2.6765449999857083,602112,1,66.16005199998654,0.2062979999664094,0.026900000079876918,0.0,602112,0.0,0.0,0.0,0.0,0,0.0,0.0,0.0,0.0,0,0.0,0.0,0.0,0.0,0,0.0,0.0,0.0,0.0,0
5,monolithic_k8s_1svc,124,69.24549600000773,66.01025400004801,3.235241999959726,602112,1,66.01025400004801,0.19469799997295922,0.025898999979290238,0.0,602112,0.0,0.0,0.0,0.0,0,0.0,0.0,0.0,0.0,0,0.0,0.0,0.0,0.0,0,0.0,0.0,0.0,0.0,0
5,monolithic_k8s_1svc,125,68.9415959999451,65.77265499993246,3.1689410000126372,602112,1,65.77265499993246,0.166198999977496,0.025500000106148946,0.0,602112,0.0,0.0,0.0,0.0,0,0.0,0.0,0.0,0.0,0,0.0,0.0,0.0,0.0,0,0.0,0.0,0.0,0.0,0
5,monolithic_k8s_1svc,126,70.96919299999627,68.30963499999143,2.6595580000048358,602112,1,68.30963499999143,0.18319800005883735,0.028399999905559525,0.0,602112,0.0,0.0,0.0,0.0,0,0.0,0.0,0.0,0.0,0,0.0,0.0,0.0,0.0,0,0.0,0.0,0.0,0.0,0
5,monolithic_k8s_1svc,127,69.97439499991742,67.02674500002104,2.9476499998963845,602112,1,67.02674500002104,0.17799800002649135,0.027199999976801337,0.0,602112,0.0,0.0,0.0,0.0,0,0.0,0.0,0.0,0.0,0,0.0,0.0,0.0,0.0,0,0.0,0.0,0.0,0.0,0
5,monolithic_k8s_1svc,128,70.04729499999485,66.88214600001174,3.165148999983103,602112,1,66.88214600001174,0.1878990000250269,0.025300000061179162,0.0,602112,0.0,0.0,0.0,0.0,0,0.0,0.0,0.0,0.0,0,0.0,0.0,0.0,0.0,0,0.0,0.0,0.0,0.0,0
5,monolithic_k8s_1svc,129,68.52559799995106,65.81665500004874,2.7089429999023196,602112,1,65.81665500004874,0.18949799994061323,0.028799999995499093,0.0,602112,0.0,0.0,0.0,0.0,0,0.0,0.0,0.0,0.0,0,0.0,0.0,0.0,0.0,0,0.0,0.0,0.0,0.0,0
5,monolithic_k8s_1svc,130,68.6817969999538,65.96715400007724,2.7146429998765598,602112,1,65.96715400007724,0.2005979999921692,0.02689999996619008,0.0,602112,0.0,0.0,0.0,0.0,0,0.0,0.0,0.0,0.0,0,0.0,0.0,0.0,0.0,0,0.0,0.0,0.0,0.0,0
5,monolithic_k8s_1svc,131,68.6905969999998,66.08315300002232,2.607443999977477,602112,1,66.08315300002232,0.17979799997647206,0.025400000026820635,0.0,602112,0.0,0.0,0.0,0.0,0,0.0,0.0,0.0,0.0,0,0.0,0.0,0.0,0.0,0,0.0,0.0,0.0,0.0,0
5,monolithic_k8s_1svc,132,69.47929500006467,66.60354899997856,2.87574600008611,602112,1,66.60354899997856,0.18429800002195407,0.02729899995301821,0.0,602112,0.0,0.0,0.0,0.0,0,0.0,0.0,0.0,0.0,0,0.0,0.0,0.0,0.0,0,0.0,0.0,0.0,0.0,0
5,monolithic_k8s_1svc,133,70.33389399998669,67.20424400009506,3.129649999891626,602112,1,67.20424400009506,0.19769799996538495,0.026699999921220297,0.0,602112,0.0,0.0,0.0,0.0,0,0.0,0.0,0.0,0.0,0,0.0,0.0,0.0,0.0,0,0.0,0.0,0.0,0.0,0
5,monolithic_k8s_1svc,134,68.47419700000046,65.87135500001295,2.602841999987504,602112,1,65.87135500001295,0.18739799998002127,0.026999999931831553,0.0,602112,0.0,0.0,0.0,0.0,0,0.0,0.0,0.0,0.0,0,0.0,0.0,0.0,0.0,0,0.0,0.0,0.0,0.0,0
5,monolithic_k8s_1svc,135,68.65279700002702,65.78925499991328,2.863542000113739,602112,1,65.78925499991328,0.18649900005129894,0.02700000004551839,0.0,602112,0.0,0.0,0.0,0.0,0,0.0,0.0,0.0,0.0,0,0.0,0.0,0.0,0.0,0,0.0,0.0,0.0,0.0,0
5,monolithic_k8s_1svc,136,72.12279199995919,68.69133099996816,3.4314609999910317,602112,1,68.69133099996816,0.20329799997398368,0.025400000026820635,0.0,602112,0.0,0.0,0.0,0.0,0,0.0,0.0,0.0,0.0,0,0.0,0.0,0.0,0.0,0,0.0,0.0,0.0,0.0,0
5,monolithic_k8s_1svc,137,70.82009399994149,68.15703600000234,2.6630579999391557,602112,1,68.15703600000234,0.18979799995122448,0.028000000042993634,0.0,602112,0.0,0.0,0.0,0.0,0,0.0,0.0,0.0,0.0,0,0.0,0.0,0.0,0.0,0,0.0,0.0,0.0,0.0,0
5,monolithic_k8s_1svc,138,69.46709500005,66.80554699994445,2.6615480001055403,602112,1,66.80554699994445,0.19699799997852097,0.02700000004551839,0.0,602112,0.0,0.0,0.0,0.0,0,0.0,0.0,0.0,0.0,0,0.0,0.0,0.0,0.0,0,0.0,0.0,0.0,0.0,0
5,monolithic_k8s_1svc,139,71.75709299997379,69.11472699994192,2.6423660000318705,602112,1,69.11472699994192,0.19339900006798416,0.02610000001368462,0.0,602112,0.0,0.0,0.0,0.0,0,0.0,0.0,0.0,0.0,0,0.0,0.0,0.0,0.0,0,0.0,0.0,0.0,0.0,0
5,monolithic_k8s_1svc,140,71.38329300005353,68.26683400004185,3.116459000011673,602112,1,68.26683400004185,0.18419899993205036,0.02729999994244281,0.0,602112,0.0,0.0,0.0,0.0,0,0.0,0.0,0.0,0.0,0,0.0,0.0,0.0,0.0,0,0.0,0.0,0.0,0.0,0
5,monolithic_k8s_1svc,141,69.40439599998172,66.59004799996637,2.814348000015343,602112,1,66.59004799996637,0.19629899998108158,0.028000000042993634,0.0,602112,0.0,0.0,0.0,0.0,0,0.0,0.0,0.0,0.0,0,0.0,0.0,0.0,0.0,0,0.0,0.0,0.0,0.0,0
5,monolithic_k8s_1svc,142,68.61579700000675,66.03415300003235,2.5816439999744034,602112,1,66.03415300003235,0.1963980000709853,0.025899999968714837,0.0,602112,0.0,0.0,0.0,0.0,0,0.0,0.0,0.0,0.0,0,0.0,0.0,0.0,0.0,0,0.0,0.0,0.0,0.0,0
5,monolithic_k8s_1svc,143,69.59119600003305,66.94084599996586,2.650350000067192,602112,1,66.94084599996586,0.1847990000669597,0.026198999989901495,0.0,602112,0.0,0.0,0.0,0.0,0,0.0,0.0,0.0,0.0,0,0.0,0.0,0.0,0.0,0,0.0,0.0,0.0,0.0,0
5,monolithic_k8s_1svc,144,67.66849899997851,65.00686200001837,2.6616369999601375,602112,1,65.00686200001837,0.17839899999216868,0.026099000024260022,0.0,602112,0.0,0.0,0.0,0.0,0,0.0,0.0,0.0,0.0,0,0.0,0.0,0.0,0.0,0,0.0,0.0,0.0,0.0,0
5,monolithic_k8s_1svc,145,69.09089700002369,66.58334899998408,2.5075480000396055,602112,1,66.58334899998408,0.18669799999315728,0.024900000084926432,0.0,602112,0.0,0.0,0.0,0.0,0,0.0,0.0,0.0,0.0,0,0.0,0.0,0.0,0.0,0,0.0,0.0,0.0,0.0,0
5,monolithic_k8s_1svc,146,67.87889800000357,65.23356000002423,2.645337999979347,602112,1,65.23356000002423,0.17649799997343507,0.024599999960628338,0.0,602112,0.0,0.0,0.0,0.0,0,0.0,0.0,0.0,0.0,0,0.0,0.0,0.0,0.0,0,0.0,0.0,0.0,0.0,0
5,monolithic_k8s_1svc,147,68.95659700001033,66.39115100006165,2.565445999948679,602112,1,66.39115100006165,0.18089799993958877,0.026598999966154224,0.0,602112,0.0,0.0,0.0,0.0,0,0.0,0.0,0.0,0.0,0,0.0,0.0,0.0,0.0,0,0.0,0.0,0.0,0.0,0
5,monolithic_k8s_1svc,148,69.96519500000886,66.97334800003318,2.991846999975678,602112,1,66.97334800003318,0.18879800006743608,0.025299999947492324,0.0,602112,0.0,0.0,0.0,0.0,0,0.0,0.0,0.0,0.0,0,0.0,0.0,0.0,0.0,0,0.0,0.0,0.0,0.0,0
5,monolithic_k8s_1svc,149,69.96169499996086,67.21705500001462,2.74463999994623,602112,1,67.21705500001462,0.1847990000669597,0.025898999979290238,0.0,602112,0.0,0.0,0.0,0.0,0,0.0,0.0,0.0,0.0,0,0.0,0.0,0.0,0.0,0,0.0,0.0,0.0,0.0,0
5,monolithic_k8s_1svc,150,69.94009499999265,66.72165899999527,3.218435999997382,602112,1,66.72165899999527,0.17959799993150227,0.026300000058654405,0.0,602112,0.0,0.0,0.0,0.0,0,0.0,0.0,0.0,0.0,0,0.0,0.0,0.0,0.0,0,0.0,0.0,0.0,0.0,0
5,monolithic_k8s_1svc,151,70.0383950000969,67.11885499998971,2.9195400001071903,602112,1,67.11885499998971,0.19649900002605136,0.026199999979326094,0.0,602112,0.0,0.0,0.0,0.0,0,0.0,0.0,0.0,0.0,0,0.0,0.0,0.0,0.0,0,0.0,0.0,0.0,0.0,0
5,monolithic_k8s_1svc,152,68.1589979999444,65.59146899996904,2.567528999975366,602112,1,65.59146899996904,0.18199800001639233,0.026198999989901495,0.0,602112,0.0,0.0,0.0,0.0,0,0.0,0.0,0.0,0.0,0,0.0,0.0,0.0,0.0,0,0.0,0.0,0.0,0.0,0
5,monolithic_k8s_1svc,153,68.97909599990726,66.17216300003292,2.806932999874334,602112,1,66.17216300003292,0.21359899994877196,0.025899999968714837,0.0,602112,0.0,0.0,0.0,0.0,0,0.0,0.0,0.0,0.0,0,0.0,0.0,0.0,0.0,0,0.0,0.0,0.0,0.0,0
5,monolithic_k8s_1svc,154,69.73419500002365,66.63475900006688,3.0994359999567678,602112,1,66.63475900006688,0.18979899994064908,0.02649999998993735,0.0,602112,0.0,0.0,0.0,0.0,0,0.0,0.0,0.0,0.0,0,0.0,0.0,0.0,0.0,0,0.0,0.0,0.0,0.0,0
5,monolithic_k8s_1svc,155,70.92039400004069,68.07264799999757,2.8477460000431165,602112,1,68.07264799999757,0.20099900007153337,0.026400000024295878,0.0,602112,0.0,0.0,0.0,0.0,0,0.0,0.0,0.0,0.0,0,0.0,0.0,0.0,0.0,0,0.0,0.0,0.0,0.0,0
5,monolithic_k8s_1svc,156,70.90909400005785,67.9878490000192,2.9212450000386525,602112,1,67.9878490000192,0.20089800000278046,0.02740000002177112,0.0,602112,0.0,0.0,0.0,0.0,0,0.0,0.0,0.0,0.0,0,0.0,0.0,0.0,0.0,0,0.0,0.0,0.0,0.0,0
5,monolithic_k8s_1svc,157,70.44439399999192,67.3082539999541,3.1361400000378126,602112,1,67.3082539999541,0.20119900000281632,0.029000000040468876,0.0,602112,0.0,0.0,0.0,0.0,0,0.0,0.0,0.0,0.0,0,0.0,0.0,0.0,0.0,0,0.0,0.0,0.0,0.0,0
5,monolithic_k8s_1svc,158,71.1543930000289,68.19504700001744,2.9593460000114646,602112,1,68.19504700001744,0.19519800002854026,0.028299999939918052,0.0,602112,0.0,0.0,0.0,0.0,0,0.0,0.0,0.0,0.0,0,0.0,0.0,0.0,0.0,0,0.0,0.0,0.0,0.0,0
5,monolithic_k8s_1svc,159,71.13099299999703,68.2587459999695,2.872247000027528,602112,1,68.2587459999695,0.20499900006143434,0.027300000056129647,0.0,602112,0.0,0.0,0.0,0.0,0,0.0,0.0,0.0,0.0,0,0.0,0.0,0.0,0.0,0,0.0,0.0,0.0,0.0,0
5,monolithic_k8s_1svc,160,69.90489499992236,66.71955900003468,3.185335999887684,602112,1,66.71955900003468,0.18829800001185504,0.025499999992462108,0.0,602112,0.0,0.0,0.0,0.0,0,0.0,0.0,0.0,0.0,0,0.0,0.0,0.0,0.0,0,0.0,0.0,0.0,0.0,0
5,monolithic_k8s_1svc,161,72.18539200005125,69.15103899996211,3.0343530000891406,602112,1,69.15103899996211,0.2018980000002557,0.027200000090488174,0.0,602112,0.0,0.0,0.0,0.0,0,0.0,0.0,0.0,0.0,0,0.0,0.0,0.0,0.0,0,0.0,0.0,0.0,0.0,0
5,monolithic_k8s_1svc,162,71.80789200003801,68.71614199997111,3.091750000066895,602112,1,68.71614199997111,0.20229899996593304,0.025900000082401675,0.0,602112,0.0,0.0,0.0,0.0,0,0.0,0.0,0.0,0.0,0,0.0,0.0,0.0,0.0,0,0.0,0.0,0.0,0.0,0
5,monolithic_k8s_1svc,163,70.89499300002444,67.92714899995644,2.9678440000679984,602112,1,67.92714899995644,0.17949900006897224,0.02870000002985762,0.0,602112,0.0,0.0,0.0,0.0,0,0.0,0.0,0.0,0.0,0,0.0,0.0,0.0,0.0,0,0.0,0.0,0.0,0.0,0
5,monolithic_k8s_1svc,164,72.84559100003207,69.79163400001198,3.053957000020091,602112,1,69.79163400001198,0.20509799992396438,0.027600000066740904,0.0,602112,0.0,0.0,0.0,0.0,0,0.0,0.0,0.0,0.0,0,0.0,0.0,0.0,0.0,0,0.0,0.0,0.0,0.0,0
5,monolithic_k8s_1svc,165,70.0215950000711,66.49026100001265,3.5313340000584503,602112,1,66.49026100001265,0.20249800002147822,0.027300000056129647,0.0,602112,0.0,0.0,0.0,0.0,0,0.0,0.0,0.0,0.0,0,0.0,0.0,0.0,0.0,0,0.0,0.0,0.0,0.0,0
5,monolithic_k8s_1svc,166,69.87059499999759,66.8185590000121,3.052035999985492,602112,1,66.8185590000121,0.20349799990526662,0.027198999987376737,0.0,602112,0.0,0.0,0.0,0.0,0,0.0,0.0,0.0,0.0,0,0.0,0.0,0.0,0.0,0,0.0,0.0,0.0,0.0,0
5,monolithic_k8s_1svc,167,69.45589600002222,66.46446100000958,2.9914350000126433,602112,1,66.46446100000958,0.19989899999472982,0.02779900000859925,0.0,602112,0.0,0.0,0.0,0.0,0,0.0,0.0,0.0,0.0,0,0.0,0.0,0.0,0.0,0,0.0,0.0,0.0,0.0,0
5,monolithic_k8s_1svc,168,71.08279400006268,67.75185000003603,3.3309440000266477,602112,1,67.75185000003603,0.1867990000619102,0.027199999976801337,0.0,602112,0.0,0.0,0.0,0.0,0,0.0,0.0,0.0,0.0,0,0.0,0.0,0.0,0.0,0,0.0,0.0,0.0,0.0,0
5,monolithic_k8s_1svc,169,71.24349400010033,68.28444600000694,2.9590480000933894,602112,1,68.28444600000694,0.22339800000281684,0.027199999976801337,0.0,602112,0.0,0.0,0.0,0.0,0,0.0,0.0,0.0,0.0,0,0.0,0.0,0.0,0.0,0,0.0,0.0,0.0,0.0,0
5,monolithic_k8s_1svc,170,74.43408899996484,71.20072300006086,3.233365999903981,602112,1,71.20072300006086,0.21119799998814415,0.028100000008635106,0.0,602112,0.0,0.0,0.0,0.0,0,0.0,0.0,0.0,0.0,0,0.0,0.0,0.0,0.0,0,0.0,0.0,0.0,0.0,0
5,monolithic_k8s_1svc,171,71.77799299995513,68.99174099999072,2.7862519999644064,602112,1,68.99174099999072,0.19859799999721872,0.02899999992678204,0.0,602112,0.0,0.0,0.0,0.0,0,0.0,0.0,0.0,0.0,0,0.0,0.0,0.0,0.0,0,0.0,0.0,0.0,0.0,0
5,monolithic_k8s_1svc,172,73.15919099994517,70.24622999995245,2.9129609999927197,602112,1,70.24622999995245,0.21179800000936666,0.027199999976801337,0.0,602112,0.0,0.0,0.0,0.0,0,0.0,0.0,0.0,0.0,0,0.0,0.0,0.0,0.0,0,0.0,0.0,0.0,0.0,0
5,monolithic_k8s_1svc,173,72.4911909999264,69.68593500005227,2.8052559998741344,602112,1,69.68593500005227,0.20379799991587788,0.027199999976801337,0.0,602112,0.0,0.0,0.0,0.0,0,0.0,0.0,0.0,0.0,0,0.0,0.0,0.0,0.0,0,0.0,0.0,0.0,0.0,0
5,monolithic_k8s_1svc,174,73.17568999997093,70.48072899999624,2.6949609999746826,602112,1,70.48072899999624,0.2345980000200143,0.02819999997427658,0.0,602112,0.0,0.0,0.0,0.0,0,0.0,0.0,0.0,0.0,0,0.0,0.0,0.0,0.0,0,0.0,0.0,0.0,0.0,0
5,monolithic_k8s_1svc,175,71.01719399997819,68.34824600002776,2.668947999950433,602112,1,68.34824600002776,0.19049799993808847,0.02740000002177112,0.0,602112,0.0,0.0,0.0,0.0,0,0.0,0.0,0.0,0.0,0,0.0,0.0,0.0,0.0,0,0.0,0.0,0.0,0.0,0
5,monolithic_k8s_1svc,176,71.95279200004734,68.78524199998992,3.1675500000574175,602112,1,68.78524199998992,0.2046990000508231,0.026800000000548607,0.0,602112,0.0,0.0,0.0,0.0,0,0.0,0.0,0.0,0.0,0,0.0,0.0,0.0,0.0,0,0.0,0.0,0.0,0.0,0
5,monolithic_k8s_1svc,177,71.66829199991298,68.8038419999657,2.8644499999472828,602112,1,68.8038419999657,0.20479800002703996,0.027100000011159864,0.0,602112,0.0,0.0,0.0,0.0,0,0.0,0.0,0.0,0.0,0,0.0,0.0,0.0,0.0,0,0.0,0.0,0.0,0.0,0
5,monolithic_k8s_1svc,178,71.00189400000545,68.31864600007975,2.6832479999256975,602112,1,68.31864600007975,0.21629899993058643,0.028698999926746183,0.0,602112,0.0,0.0,0.0,0.0,0,0.0,0.0,0.0,0.0,0,0.0,0.0,0.0,0.0,0,0.0,0.0,0.0,0.0,0
5,monolithic_k8s_1svc,179,69.36339599997154,66.36006200005795,3.0033339999135933,602112,1,66.36006200005795,0.1872980000143798,0.026699999921220297,0.0,602112,0.0,0.0,0.0,0.0,0,0.0,0.0,0.0,0.0,0,0.0,0.0,0.0,0.0,0,0.0,0.0,0.0,0.0,0
5,monolithic_k8s_1svc,180,71.84349199997087,69.19223899990357,2.6512530000672996,602112,1,69.19223899990357,0.19939800006341102,0.025400000026820635,0.0,602112,0.0,0.0,0.0,0.0,0,0.0,0.0,0.0,0.0,0,0.0,0.0,0.0,0.0,0,0.0,0.0,0.0,0.0,0
5,monolithic_k8s_1svc,181,68.46999699996559,65.820666000036,2.649330999929589,602112,1,65.820666000036,0.21889899994675943,0.027300000056129647,0.0,602112,0.0,0.0,0.0,0.0,0,0.0,0.0,0.0,0.0,0,0.0,0.0,0.0,0.0,0,0.0,0.0,0.0,0.0,0
5,monolithic_k8s_1svc,182,70.56209400002444,67.81454999998004,2.7475440000443996,602112,1,67.81454999998004,0.20329799997398368,0.02570000003743189,0.0,602112,0.0,0.0,0.0,0.0,0,0.0,0.0,0.0,0.0,0,0.0,0.0,0.0,0.0,0,0.0,0.0,0.0,0.0,0
5,monolithic_k8s_1svc,183,72.23689099998865,69.34453799999574,2.8923529999929087,602112,1,69.34453799999574,0.19479800005228753,0.02779999999802385,0.0,602112,0.0,0.0,0.0,0.0,0,0.0,0.0,0.0,0.0,0,0.0,0.0,0.0,0.0,0,0.0,0.0,0.0,0.0,0
5,monolithic_k8s_1svc,184,71.67939199996454,68.81474199997228,2.8646499999922526,602112,1,68.81474199997228,0.2077990000088903,0.027999000053569034,0.0,602112,0.0,0.0,0.0,0.0,0,0.0,0.0,0.0,0.0,0,0.0,0.0,0.0,0.0,0,0.0,0.0,0.0,0.0,0
5,monolithic_k8s_1svc,185,70.48289399995156,67.35475400000723,3.128139999944324,602112,1,67.35475400000723,0.197498000034102,0.02639999991060904,0.0,602112,0.0,0.0,0.0,0.0,0,0.0,0.0,0.0,0.0,0,0.0,0.0,0.0,0.0,0,0.0,0.0,0.0,0.0,0
5,monolithic_k8s_1svc,186,70.46129400009704,67.61055100002977,2.8507430000672684,602112,1,67.61055100002977,0.20079899991287675,0.02689999996619008,0.0,602112,0.0,0.0,0.0,0.0,0,0.0,0.0,0.0,0.0,0,0.0,0.0,0.0,0.0,0,0.0,0.0,0.0,0.0,0
5,monolithic_k8s_1svc,187,70.59659399999418,67.84594999999172,2.750644000002467,602112,1,67.84594999999172,0.19739800006846053,0.02689999996619008,0.0,602112,0.0,0.0,0.0,0.0,0,0.0,0.0,0.0,0.0,0,0.0,0.0,0.0,0.0,0,0.0,0.0,0.0,0.0,0
5,monolithic_k8s_1svc,188,69.54779499994856,66.65085999998155,2.8969349999670158,602112,1,66.65085999998155,0.18509800008814636,0.028699999916170782,0.0,602112,0.0,0.0,0.0,0.0,0,0.0,0.0,0.0,0.0,0,0.0,0.0,0.0,0.0,0,0.0,0.0,0.0,0.0,0
5,monolithic_k8s_1svc,189,70.8958940000457,68.18054799998663,2.7153460000590712,602112,1,68.18054799998663,0.20279800003208948,0.027998999939882196,0.0,602112,0.0,0.0,0.0,0.0,0,0.0,0.0,0.0,0.0,0,0.0,0.0,0.0,0.0,0,0.0,0.0,0.0,0.0,0
5,monolithic_k8s_1svc,190,71.46119300000464,68.83704199992735,2.6241510000772905,602112,1,68.83704199992735,0.1893980000886586,0.02700000004551839,0.0,602112,0.0,0.0,0.0,0.0,0,0.0,0.0,0.0,0.0,0,0.0,0.0,0.0,0.0,0,0.0,0.0,0.0,0.0,0
5,monolithic_k8s_1svc,191,69.65409500003261,66.88055799997983,2.7735370000527837,602112,1,66.88055799997983,0.18509799997445953,0.02559999995810358,0.0,602112,0.0,0.0,0.0,0.0,0,0.0,0.0,0.0,0.0,0,0.0,0.0,0.0,0.0,0,0.0,0.0,0.0,0.0,0
5,monolithic_k8s_1svc,192,68.42099699997561,65.55736799998613,2.863628999989487,602112,1,65.55736799998613,0.17849899995781016,0.027100000011159864,0.0,602112,0.0,0.0,0.0,0.0,0,0.0,0.0,0.0,0.0,0,0.0,0.0,0.0,0.0,0,0.0,0.0,0.0,0.0,0
5,monolithic_k8s_1svc,193,70.17589500003396,67.3656530000244,2.8102420000095663,602112,1,67.3656530000244,0.1898990000199774,0.02779999999802385,0.0,602112,0.0,0.0,0.0,0.0,0,0.0,0.0,0.0,0.0,0,0.0,0.0,0.0,0.0,0,0.0,0.0,0.0,0.0,0
5,monolithic_k8s_1svc,194,70.6715940000322,68.03344800005107,2.638145999981134,602112,1,68.03344800005107,0.18409899996640888,0.026700000034907134,0.0,602112,0.0,0.0,0.0,0.0,0,0.0,0.0,0.0,0.0,0,0.0,0.0,0.0,0.0,0,0.0,0.0,0.0,0.0,0
5,monolithic_k8s_1svc,195,71.71949300004599,69.01254100000642,2.706952000039564,602112,1,69.01254100000642,0.19679800004723802,0.027498999997987994,0.0,602112,0.0,0.0,0.0,0.0,0,0.0,0.0,0.0,0.0,0,0.0,0.0,0.0,0.0,0,0.0,0.0,0.0,0.0,0
5,monolithic_k8s_1svc,196,68.7495959999751,65.55986800003666,3.189727999938441,602112,1,65.55986800003666,0.18369899999015615,0.02859999995052931,0.0,602112,0.0,0.0,0.0,0.0,0,0.0,0.0,0.0,0.0,0,0.0,0.0,0.0,0.0,0,0.0,0.0,0.0,0.0,0
5,monolithic_k8s_1svc,197,70.87709299992184,68.16644699995322,2.7106459999686194,602112,1,68.16644699995322,0.20699800006696023,0.028400000019246363,0.0,602112,0.0,0.0,0.0,0.0,0,0.0,0.0,0.0,0.0,0,0.0,0.0,0.0,0.0,0,0.0,0.0,0.0,0.0,0
5,monolithic_k8s_1svc,198,70.37739300005796,67.72155100009059,2.655841999967379,602112,1,67.72155100009059,0.18059899991840211,0.02779900000859925,0.0,602112,0.0,0.0,0.0,0.0,0,0.0,0.0,0.0,0.0,0,0.0,0.0,0.0,0.0,0,0.0,0.0,0.0,0.0,0
5,monolithic_k8s_1svc,199,71.45879200004401,68.38144499999999,3.0773470000440284,602112,1,68.38144499999999,0.20279800003208948,0.028400000019246363,0.0,602112,0.0,0.0,0.0,0.0,0,0.0,0.0,0.0,0.0,0,0.0,0.0,0.0,0.0,0,0.0,0.0,0.0,0.0,0
5,monolithic_k8s_1svc,200,69.13009499999134,66.1226639999768,3.0074310000145488,602112,1,66.1226639999768,0.19029800000680552,0.029000000040468876,0.0,602112,0.0,0.0,0.0,0.0,0,0.0,0.0,0.0,0.0,0,0.0,0.0,0.0,0.0,0,0.0,0.0,0.0,0.0,0
