round,condition,iteration,end_to_end_ms,total_compute_ms,non_compute_overhead_ms,total_activation_bytes,num_hops,hop_1_compute_ms,hop_1_deserialize_ms,hop_1_serialize_ms,hop_1_forward_ms,hop_1_activation_bytes,hop_2_compute_ms,hop_2_deserialize_ms,hop_2_serialize_ms,hop_2_forward_ms,hop_2_activation_bytes,hop_3_compute_ms,hop_3_deserialize_ms,hop_3_serialize_ms,hop_3_forward_ms,hop_3_activation_bytes,hop_4_compute_ms,hop_4_deserialize_ms,hop_4_serialize_ms,hop_4_forward_ms,hop_4_activation_bytes,hop_5_compute_ms,hop_5_deserialize_ms,hop_5_serialize_ms,hop_5_forward_ms,hop_5_activation_bytes
1,monolithic_k8s_1svc,1,79.67214300015257,76.17913099966245,3.4930120004901255,602112,1,76.17913099966245,0.27741300027628313,0.024375000066356733,0.0,602112,0.0,0.0,0.0,0.0,0,0.0,0.0,0.0,0.0,0,0.0,0.0,0.0,0.0,0,0.0,0.0,0.0,0.0,0
1,monolithic_k8s_1svc,2,79.21160399973814,76.03532600023755,3.1762779995005985,602112,1,76.03532600023755,0.3075849999731872,0.023816000066290144,0.0,602112,0.0,0.0,0.0,0.0,0,0.0,0.0,0.0,0.0,0,0.0,0.0,0.0,0.0,0,0.0,0.0,0.0,0.0,0
1,monolithic_k8s_1svc,3,78.10907700013558,74.76832100019237,3.3407559999432124,602112,1,74.76832100019237,0.3042319999622123,0.022837999949842924,0.0,602112,0.0,0.0,0.0,0.0,0,0.0,0.0,0.0,0.0,0,0.0,0.0,0.0,0.0,0,0.0,0.0,0.0,0.0,0
1,monolithic_k8s_1svc,4,78.86693399996147,75.0856129998283,3.7813210001331754,602112,1,75.0856129998283,0.2663780001057603,0.02151099988623173,0.0,602112,0.0,0.0,0.0,0.0,0,0.0,0.0,0.0,0.0,0,0.0,0.0,0.0,0.0,0,0.0,0.0,0.0,0.0,0
1,monolithic_k8s_1svc,5,78.12486200009516,74.26874099974157,3.856121000353596,602112,1,74.26874099974157,0.2857240001503669,0.022837999949842924,0.0,602112,0.0,0.0,0.0,0.0,0,0.0,0.0,0.0,0.0,0,0.0,0.0,0.0,0.0,0,0.0,0.0,0.0,0.0,0
1,monolithic_k8s_1svc,6,76.96785699999964,73.76839200014729,3.1994649998523528,602112,1,73.76839200014729,0.23969799985934515,0.02193099999203696,0.0,602112,0.0,0.0,0.0,0.0,0,0.0,0.0,0.0,0.0,0,0.0,0.0,0.0,0.0,0,0.0,0.0,0.0,0.0,0
1,monolithic_k8s_1svc,7,78.32894000011947,74.41380299997036,3.915137000149116,602112,1,74.41380299997036,0.2495450003152655,0.02248900000267895,0.0,602112,0.0,0.0,0.0,0.0,0,0.0,0.0,0.0,0.0,0,0.0,0.0,0.0,0.0,0,0.0,0.0,0.0,0.0,0
1,monolithic_k8s_1svc,8,78.15342599997166,74.27195299987943,3.881473000092228,602112,1,74.27195299987943,0.26148899996769615,0.023816000066290144,0.0,602112,0.0,0.0,0.0,0.0,0,0.0,0.0,0.0,0.0,0,0.0,0.0,0.0,0.0,0,0.0,0.0,0.0,0.0,0
1,monolithic_k8s_1svc,9,78.10586499999772,75.00543500009371,3.1004299999040086,602112,1,75.00543500009371,0.25715900028444594,0.02332699978069286,0.0,602112,0.0,0.0,0.0,0.0,0,0.0,0.0,0.0,0.0,0,0.0,0.0,0.0,0.0,0,0.0,0.0,0.0,0.0,0
1,monolithic_k8s_1svc,10,79.97043799969106,76.79402099984145,3.1764169998496072,602112,1,76.79402099984145,0.29389500014076475,0.021859999833395705,0.0,602112,0.0,0.0,0.0,0.0,0,0.0,0.0,0.0,0.0,0,0.0,0.0,0.0,0.0,0,0.0,0.0,0.0,0.0,0
1,monolithic_k8s_1svc,11,78.66208599989477,74.5815630002653,4.080522999629466,602112,1,74.5815630002653,0.3047209997930622,0.023396999949909514,0.0,602112,0.0,0.0,0.0,0.0,0,0.0,0.0,0.0,0.0,0,0.0,0.0,0.0,0.0,0,0.0,0.0,0.0,0.0,0
1,monolithic_k8s_1svc,12,79.1737499998817,76.23507400012386,2.938675999757834,602112,1,76.23507400012386,0.24661299994477304,0.026261000130034517,0.0,602112,0.0,0.0,0.0,0.0,0,0.0,0.0,0.0,0.0,0,0.0,0.0,0.0,0.0,0,0.0,0.0,0.0,0.0,0
1,monolithic_k8s_1svc,13,79.34556300006079,76.12339799970869,3.2221650003521063,602112,1,76.12339799970869,0.30954000021665706,0.02556200024628197,0.0,602112,0.0,0.0,0.0,0.0,0,0.0,0.0,0.0,0.0,0,0.0,0.0,0.0,0.0,0,0.0,0.0,0.0,0.0,0
1,monolithic_k8s_1svc,14,79.16949000036766,75.65461800004414,3.514872000323521,602112,1,75.65461800004414,0.353749999703723,0.022140000055514975,0.0,602112,0.0,0.0,0.0,0.0,0,0.0,0.0,0.0,0.0,0,0.0,0.0,0.0,0.0,0,0.0,0.0,0.0,0.0,0
1,monolithic_k8s_1svc,15,80.55578599987712,77.23248999991483,3.3232959999622835,602112,1,77.23248999991483,0.30514099989886745,0.023396999949909514,0.0,602112,0.0,0.0,0.0,0.0,0,0.0,0.0,0.0,0.0,0,0.0,0.0,0.0,0.0,0,0.0,0.0,0.0,0.0,0
1,monolithic_k8s_1svc,16,78.46925400008331,75.3688240001793,3.1004299999040086,602112,1,75.3688240001793,0.26889199989454937,0.025352999728056602,0.0,602112,0.0,0.0,0.0,0.0,0,0.0,0.0,0.0,0.0,0,0.0,0.0,0.0,0.0,0,0.0,0.0,0.0,0.0,0
1,monolithic_k8s_1svc,17,79.86588599987954,76.33306399975481,3.5328220001247246,602112,1,76.33306399975481,0.2764350001598359,0.02332700023544021,0.0,602112,0.0,0.0,0.0,0.0,0,0.0,0.0,0.0,0.0,0,0.0,0.0,0.0,0.0,0,0.0,0.0,0.0,0.0,0
1,monolithic_k8s_1svc,18,78.82356300024185,75.2840360000846,3.53952700015725,602112,1,75.2840360000846,0.2510129997972399,0.02234900011899299,0.0,602112,0.0,0.0,0.0,0.0,0,0.0,0.0,0.0,0.0,0,0.0,0.0,0.0,0.0,0,0.0,0.0,0.0,0.0,0
1,monolithic_k8s_1svc,19,78.60558600032164,75.13268900038383,3.4728969999378023,602112,1,75.13268900038383,0.28418699957910576,0.023675999727856833,0.0,602112,0.0,0.0,0.0,0.0,0,0.0,0.0,0.0,0.0,0,0.0,0.0,0.0,0.0,0,0.0,0.0,0.0,0.0,0
1,monolithic_k8s_1svc,20,79.94543599988901,76.76154499995391,3.1838909999351017,602112,1,76.76154499995391,0.2406059998065757,0.02332800022486481,0.0,602112,0.0,0.0,0.0,0.0,0,0.0,0.0,0.0,0.0,0,0.0,0.0,0.0,0.0,0,0.0,0.0,0.0,0.0,0
1,monolithic_k8s_1svc,21,77.80952600023738,74.46353100021952,3.345995000017865,602112,1,74.46353100021952,0.2867019998120668,0.023955999949976103,0.0,602112,0.0,0.0,0.0,0.0,0,0.0,0.0,0.0,0.0,0,0.0,0.0,0.0,0.0,0,0.0,0.0,0.0,0.0,0
1,monolithic_k8s_1svc,22,80.95660999970278,77.6490980001654,3.3075119995373825,602112,1,77.6490980001654,0.24682200000825105,0.02402600011919276,0.0,602112,0.0,0.0,0.0,0.0,0,0.0,0.0,0.0,0.0,0,0.0,0.0,0.0,0.0,0,0.0,0.0,0.0,0.0,0
1,monolithic_k8s_1svc,23,80.33368899987181,76.96736999969289,3.366319000178919,602112,1,76.96736999969289,0.24654300023030373,0.03666700013127411,0.0,602112,0.0,0.0,0.0,0.0,0,0.0,0.0,0.0,0.0,0,0.0,0.0,0.0,0.0,0,0.0,0.0,0.0,0.0,0
1,monolithic_k8s_1svc,24,83.07792300001893,79.98245299995688,3.0954700000620505,602112,1,79.98245299995688,0.27070800024375785,0.026260000140609918,0.0,602112,0.0,0.0,0.0,0.0,0,0.0,0.0,0.0,0.0,0,0.0,0.0,0.0,0.0,0,0.0,0.0,0.0,0.0,0
1,monolithic_k8s_1svc,25,99.55632499986677,95.79665599994769,3.7596689999190858,602112,1,95.79665599994769,0.2427019999231561,0.05049599985795794,0.0,602112,0.0,0.0,0.0,0.0,0,0.0,0.0,0.0,0.0,0,0.0,0.0,0.0,0.0,0,0.0,0.0,0.0,0.0,0
1,monolithic_k8s_1svc,26,86.73883699975704,81.42078199989555,5.318054999861488,602112,1,81.42078199989555,0.4496429996834195,0.04092800008947961,0.0,602112,0.0,0.0,0.0,0.0,0,0.0,0.0,0.0,0.0,0,0.0,0.0,0.0,0.0,0,0.0,0.0,0.0,0.0,0
1,monolithic_k8s_1svc,27,84.71111200015002,80.3304770001887,4.38063499996133,602112,1,80.3304770001887,0.2809049997267721,0.026679999791667797,0.0,602112,0.0,0.0,0.0,0.0,0,0.0,0.0,0.0,0.0,0,0.0,0.0,0.0,0.0,0,0.0,0.0,0.0,0.0,0
1,monolithic_k8s_1svc,28,80.45570300009786,77.225577000263,3.230125999834854,602112,1,77.225577000263,0.2632349996929406,0.024514999950042693,0.0,602112,0.0,0.0,0.0,0.0,0,0.0,0.0,0.0,0.0,0,0.0,0.0,0.0,0.0,0,0.0,0.0,0.0,0.0,0
1,monolithic_k8s_1svc,29,81.50522000005367,77.7792160001809,3.7260039998727734,602112,1,77.7792160001809,0.28858799987574457,0.023885999780759448,0.0,602112,0.0,0.0,0.0,0.0,0,0.0,0.0,0.0,0.0,0,0.0,0.0,0.0,0.0,0,0.0,0.0,0.0,0.0,0
1,monolithic_k8s_1svc,30,81.49257900004159,77.87385199981145,3.6187270002301375,602112,1,77.87385199981145,0.30912100010027643,0.0238860002355068,0.0,602112,0.0,0.0,0.0,0.0,0,0.0,0.0,0.0,0.0,0,0.0,0.0,0.0,0.0,0,0.0,0.0,0.0,0.0,0
1,monolithic_k8s_1svc,31,80.26405700002215,76.69233400019948,3.5717229998226685,602112,1,76.69233400019948,0.26148799997827155,0.023396999949909514,0.0,602112,0.0,0.0,0.0,0.0,0,0.0,0.0,0.0,0.0,0,0.0,0.0,0.0,0.0,0,0.0,0.0,0.0,0.0,0
1,monolithic_k8s_1svc,32,81.91833699993367,78.82838299974537,3.0899540001882997,602112,1,78.82838299974537,0.2890069999921252,0.026959000024362467,0.0,602112,0.0,0.0,0.0,0.0,0,0.0,0.0,0.0,0.0,0,0.0,0.0,0.0,0.0,0,0.0,0.0,0.0,0.0,0
1,monolithic_k8s_1svc,33,78.98510899985922,75.75051300000268,3.2345959998565377,602112,1,75.75051300000268,0.26414300009491853,0.026679999791667797,0.0,602112,0.0,0.0,0.0,0.0,0,0.0,0.0,0.0,0.0,0,0.0,0.0,0.0,0.0,0,0.0,0.0,0.0,0.0,0
1,monolithic_k8s_1svc,34,79.32873200024915,75.53539899981843,3.793333000430721,602112,1,75.53539899981843,0.2951520000351593,0.028705000204354292,0.0,602112,0.0,0.0,0.0,0.0,0,0.0,0.0,0.0,0.0,0,0.0,0.0,0.0,0.0,0,0.0,0.0,0.0,0.0,0
1,monolithic_k8s_1svc,35,79.89836399974592,76.44893399992725,3.449429999818676,602112,1,76.44893399992725,0.3106569997726183,0.025771000309759984,0.0,602112,0.0,0.0,0.0,0.0,0,0.0,0.0,0.0,0.0,0,0.0,0.0,0.0,0.0,0,0.0,0.0,0.0,0.0,0
1,monolithic_k8s_1svc,36,78.98720399998638,75.67452399962349,3.3126800003628887,602112,1,75.67452399962349,0.3006700003425067,0.02430500035188743,0.0,602112,0.0,0.0,0.0,0.0,0,0.0,0.0,0.0,0.0,0,0.0,0.0,0.0,0.0,0,0.0,0.0,0.0,0.0,0
1,monolithic_k8s_1svc,37,76.37378399977024,73.48315999979604,2.8906239999741956,602112,1,73.48315999979604,0.29152100023566163,0.024094999844237464,0.0,602112,0.0,0.0,0.0,0.0,0,0.0,0.0,0.0,0.0,0,0.0,0.0,0.0,0.0,0,0.0,0.0,0.0,0.0,0
1,monolithic_k8s_1svc,38,79.1058670001803,75.78054600026007,3.3253209999202227,602112,1,75.78054600026007,0.30632799962404533,0.026190999960817862,0.0,602112,0.0,0.0,0.0,0.0,0,0.0,0.0,0.0,0.0,0,0.0,0.0,0.0,0.0,0,0.0,0.0,0.0,0.0,0
1,monolithic_k8s_1svc,39,84.32789000016783,80.44229600000108,3.8855940001667477,602112,1,80.44229600000108,0.2799270000650722,0.03953099985665176,0.0,602112,0.0,0.0,0.0,0.0,0,0.0,0.0,0.0,0.0,0,0.0,0.0,0.0,0.0,0,0.0,0.0,0.0,0.0,0
1,monolithic_k8s_1svc,40,87.08574399997815,83.97993600010523,3.1058079998729227,602112,1,83.97993600010523,0.3082830003222625,0.03052099964406807,0.0,602112,0.0,0.0,0.0,0.0,0,0.0,0.0,0.0,0.0,0,0.0,0.0,0.0,0.0,0,0.0,0.0,0.0,0.0,0
1,monolithic_k8s_1svc,41,86.90219899972362,83.02736099994945,3.874837999774172,602112,1,83.02736099994945,0.2984349998769176,0.026610000077198492,0.0,602112,0.0,0.0,0.0,0.0,0,0.0,0.0,0.0,0.0,0,0.0,0.0,0.0,0.0,0,0.0,0.0,0.0,0.0,0
1,monolithic_k8s_1svc,42,81.038117999924,77.82601099961539,3.212107000308606,602112,1,77.82601099961539,0.2902640003412671,0.02486400035195402,0.0,602112,0.0,0.0,0.0,0.0,0,0.0,0.0,0.0,0.0,0,0.0,0.0,0.0,0.0,0,0.0,0.0,0.0,0.0,0
1,monolithic_k8s_1svc,43,79.84605299998293,76.48567199976242,3.3603810002205137,602112,1,76.48567199976242,0.3028350001841318,0.022000000171829015,0.0,602112,0.0,0.0,0.0,0.0,0,0.0,0.0,0.0,0.0,0,0.0,0.0,0.0,0.0,0,0.0,0.0,0.0,0.0,0
1,monolithic_k8s_1svc,44,79.25106900029277,75.42938100004903,3.8216880002437392,602112,1,75.42938100004903,0.32532400018681074,0.027727000087907072,0.0,602112,0.0,0.0,0.0,0.0,0,0.0,0.0,0.0,0.0,0,0.0,0.0,0.0,0.0,0,0.0,0.0,0.0,0.0,0
1,monolithic_k8s_1svc,45,79.63666700015892,76.27942799990706,3.357239000251866,602112,1,76.27942799990706,0.30402299989873427,0.021860000288143056,0.0,602112,0.0,0.0,0.0,0.0,0,0.0,0.0,0.0,0.0,0,0.0,0.0,0.0,0.0,0,0.0,0.0,0.0,0.0,0
1,monolithic_k8s_1svc,46,81.56081600009202,77.73570500012283,3.8251109999691835,602112,1,77.73570500012283,0.5486099998961436,0.025213000299117994,0.0,602112,0.0,0.0,0.0,0.0,0,0.0,0.0,0.0,0.0,0,0.0,0.0,0.0,0.0,0,0.0,0.0,0.0,0.0,0
1,monolithic_k8s_1svc,47,79.43796700010353,76.32643199985978,3.111535000243748,602112,1,76.32643199985978,0.26840300006369944,0.04588599995258846,0.0,602112,0.0,0.0,0.0,0.0,0,0.0,0.0,0.0,0.0,0,0.0,0.0,0.0,0.0,0,0.0,0.0,0.0,0.0,0
1,monolithic_k8s_1svc,48,80.15342899989264,76.82754899997235,3.3258799999202893,602112,1,76.82754899997235,0.28293000013945857,0.02360600001338753,0.0,602112,0.0,0.0,0.0,0.0,0,0.0,0.0,0.0,0.0,0,0.0,0.0,0.0,0.0,0,0.0,0.0,0.0,0.0,0
1,monolithic_k8s_1svc,49,79.15363999973124,75.57255700021415,3.5810829995170934,602112,1,75.57255700021415,0.3220419998797297,0.023257000066223554,0.0,602112,0.0,0.0,0.0,0.0,0,0.0,0.0,0.0,0.0,0,0.0,0.0,0.0,0.0,0,0.0,0.0,0.0,0.0,0
1,monolithic_k8s_1svc,50,77.37518199974147,73.68018699980894,3.6949949999325327,602112,1,73.68018699980894,0.34662600000956445,0.023816000066290144,0.0,602112,0.0,0.0,0.0,0.0,0,0.0,0.0,0.0,0.0,0,0.0,0.0,0.0,0.0,0,0.0,0.0,0.0,0.0,0
1,monolithic_k8s_1svc,51,81.53309099998296,78.09539299978496,3.4376980001979973,602112,1,78.09539299978496,0.2685429999473854,0.023816000066290144,0.0,602112,0.0,0.0,0.0,0.0,0,0.0,0.0,0.0,0.0,0,0.0,0.0,0.0,0.0,0,0.0,0.0,0.0,0.0,0
1,monolithic_k8s_1svc,52,79.86994100019729,76.59839799998736,3.271543000209931,602112,1,76.59839799998736,0.3044420000151149,0.031289000162360026,0.0,602112,0.0,0.0,0.0,0.0,0,0.0,0.0,0.0,0.0,0,0.0,0.0,0.0,0.0,0,0.0,0.0,0.0,0.0,0
1,monolithic_k8s_1svc,53,83.9092580004035,80.77718999993522,3.13206800046828,602112,1,80.77718999993522,0.26435200015839655,0.022419000288209645,0.0,602112,0.0,0.0,0.0,0.0,0,0.0,0.0,0.0,0.0,0,0.0,0.0,0.0,0.0,0,0.0,0.0,0.0,0.0,0
1,monolithic_k8s_1svc,54,81.775652000033,78.2064420000097,3.569210000023304,602112,1,78.2064420000097,0.29759700009890366,0.026330999844503822,0.0,602112,0.0,0.0,0.0,0.0,0,0.0,0.0,0.0,0.0,0,0.0,0.0,0.0,0.0,0,0.0,0.0,0.0,0.0,0
1,monolithic_k8s_1svc,55,79.83418200001324,76.68297699956383,3.1512050004494085,602112,1,76.68297699956383,0.2642130002641352,0.026679000256990548,0.0,602112,0.0,0.0,0.0,0.0,0,0.0,0.0,0.0,0.0,0,0.0,0.0,0.0,0.0,0,0.0,0.0,0.0,0.0,0
1,monolithic_k8s_1svc,56,82.93977999983326,79.06270700004825,3.877072999785014,602112,1,79.06270700004825,0.32267000005958835,0.025352000193379354,0.0,602112,0.0,0.0,0.0,0.0,0,0.0,0.0,0.0,0.0,0,0.0,0.0,0.0,0.0,0,0.0,0.0,0.0,0.0,0
1,monolithic_k8s_1svc,57,78.0842889998894,74.52283099974011,3.561458000149287,602112,1,74.52283099974011,0.25904399990395177,0.023537000288342824,0.0,602112,0.0,0.0,0.0,0.0,0,0.0,0.0,0.0,0.0,0,0.0,0.0,0.0,0.0,0,0.0,0.0,0.0,0.0,0
1,monolithic_k8s_1svc,58,78.01556399999754,74.90032799978508,3.1152360002124624,602112,1,74.90032799978508,0.24088500003927038,0.02416500001345412,0.0,602112,0.0,0.0,0.0,0.0,0,0.0,0.0,0.0,0.0,0,0.0,0.0,0.0,0.0,0,0.0,0.0,0.0,0.0,0
1,monolithic_k8s_1svc,59,77.78494600006525,74.48979600030725,3.295149999757996,602112,1,74.48979600030725,0.2781809998850804,0.02276899977005087,0.0,602112,0.0,0.0,0.0,0.0,0,0.0,0.0,0.0,0.0,0,0.0,0.0,0.0,0.0,0,0.0,0.0,0.0,0.0,0
1,monolithic_k8s_1svc,60,77.9114289998688,74.76350599972648,3.1479230001423275,602112,1,74.76350599972648,0.243959000272298,0.0238860002355068,0.0,602112,0.0,0.0,0.0,0.0,0,0.0,0.0,0.0,0.0,0,0.0,0.0,0.0,0.0,0,0.0,0.0,0.0,0.0,0
1,monolithic_k8s_1svc,61,79.1393929998776,75.51179500023864,3.627597999638965,602112,1,75.51179500023864,0.30304499978228705,0.025771999844437232,0.0,602112,0.0,0.0,0.0,0.0,0,0.0,0.0,0.0,0.0,0,0.0,0.0,0.0,0.0,0,0.0,0.0,0.0,0.0,0
1,monolithic_k8s_1svc,62,78.02289900018877,74.66915100030747,3.353747999881307,602112,1,74.66915100030747,0.24724099966988433,0.023815999611542793,0.0,602112,0.0,0.0,0.0,0.0,0,0.0,0.0,0.0,0.0,0,0.0,0.0,0.0,0.0,0,0.0,0.0,0.0,0.0,0
1,monolithic_k8s_1svc,63,77.58743300018978,74.57165200003146,3.015781000158313,602112,1,74.57165200003146,0.24814800008243765,0.02304800000274554,0.0,602112,0.0,0.0,0.0,0.0,0,0.0,0.0,0.0,0.0,0,0.0,0.0,0.0,0.0,0,0.0,0.0,0.0,0.0,0
1,monolithic_k8s_1svc,64,78.30645800004277,74.84068299982027,3.465775000222493,602112,1,74.84068299982027,0.23948900025061448,0.03247699987696251,0.0,602112,0.0,0.0,0.0,0.0,0,0.0,0.0,0.0,0.0,0,0.0,0.0,0.0,0.0,0,0.0,0.0,0.0,0.0,0
1,monolithic_k8s_1svc,65,78.1239610000739,75.034565000351,3.0893959997229103,602112,1,75.034565000351,0.24856799973349553,0.02332699978069286,0.0,602112,0.0,0.0,0.0,0.0,0,0.0,0.0,0.0,0.0,0,0.0,0.0,0.0,0.0,0,0.0,0.0,0.0,0.0,0
1,monolithic_k8s_1svc,66,79.05167199987773,76.02401800022562,3.0276539996521024,602112,1,76.02401800022562,0.25918399978763773,0.023536999833595473,0.0,602112,0.0,0.0,0.0,0.0,0,0.0,0.0,0.0,0.0,0,0.0,0.0,0.0,0.0,0,0.0,0.0,0.0,0.0,0
1,monolithic_k8s_1svc,67,80.37476100025742,76.9629750002423,3.4117860000151268,602112,1,76.9629750002423,0.2867009998226422,0.022977999833528884,0.0,602112,0.0,0.0,0.0,0.0,0,0.0,0.0,0.0,0.0,0,0.0,0.0,0.0,0.0,0,0.0,0.0,0.0,0.0,0
1,monolithic_k8s_1svc,68,78.23933899999247,74.47107899997718,3.768260000015289,602112,1,74.47107899997718,0.26379400014775456,0.023396999949909514,0.0,602112,0.0,0.0,0.0,0.0,0,0.0,0.0,0.0,0.0,0,0.0,0.0,0.0,0.0,0,0.0,0.0,0.0,0.0,0
1,monolithic_k8s_1svc,69,79.16132499985906,74.96926300018458,4.192061999674479,602112,1,74.96926300018458,0.24137499985954491,0.023885999780759448,0.0,602112,0.0,0.0,0.0,0.0,0,0.0,0.0,0.0,0.0,0,0.0,0.0,0.0,0.0,0,0.0,0.0,0.0,0.0,0
1,monolithic_k8s_1svc,70,79.03923999992912,75.51472900013323,3.5245109997958934,602112,1,75.51472900013323,0.319666999985202,0.02290900010848418,0.0,602112,0.0,0.0,0.0,0.0,0,0.0,0.0,0.0,0.0,0,0.0,0.0,0.0,0.0,0,0.0,0.0,0.0,0.0,0
1,monolithic_k8s_1svc,71,78.18821499995465,75.22600199990848,2.9622130000461766,602112,1,75.22600199990848,0.26735599976746016,0.021791000108351,0.0,602112,0.0,0.0,0.0,0.0,0,0.0,0.0,0.0,0.0,0,0.0,0.0,0.0,0.0,0,0.0,0.0,0.0,0.0,0
1,monolithic_k8s_1svc,72,79.90234899989446,76.49175100004868,3.410597999845777,602112,1,76.49175100004868,0.2871900001082395,0.02179099965360365,0.0,602112,0.0,0.0,0.0,0.0,0,0.0,0.0,0.0,0.0,0,0.0,0.0,0.0,0.0,0,0.0,0.0,0.0,0.0,0
1,monolithic_k8s_1svc,73,79.58980600005816,75.9048680001797,3.684937999878457,602112,1,75.9048680001797,0.357520999841654,0.02360599955864018,0.0,602112,0.0,0.0,0.0,0.0,0,0.0,0.0,0.0,0.0,0,0.0,0.0,0.0,0.0,0,0.0,0.0,0.0,0.0,0
1,monolithic_k8s_1svc,74,80.87315500006298,76.11397499977102,4.759180000291963,602112,1,76.11397499977102,0.2895659999921918,0.02472400001352071,0.0,602112,0.0,0.0,0.0,0.0,0,0.0,0.0,0.0,0.0,0,0.0,0.0,0.0,0.0,0,0.0,0.0,0.0,0.0,0
1,monolithic_k8s_1svc,75,77.83921600002941,74.50327800006562,3.3359379999637895,602112,1,74.50327800006562,0.3538900000421563,0.02346700011912617,0.0,602112,0.0,0.0,0.0,0.0,0,0.0,0.0,0.0,0.0,0,0.0,0.0,0.0,0.0,0,0.0,0.0,0.0,0.0,0
1,monolithic_k8s_1svc,76,80.38782299990999,76.7946569999367,3.59316599997328,602112,1,76.7946569999367,0.3167340000800323,0.02290800011905958,0.0,602112,0.0,0.0,0.0,0.0,0,0.0,0.0,0.0,0.0,0,0.0,0.0,0.0,0.0,0,0.0,0.0,0.0,0.0,0
1,monolithic_k8s_1svc,77,78.1558789999508,74.76490599992758,3.390973000023223,602112,1,74.76490599992758,0.34488000028432,0.025771999844437232,0.0,602112,0.0,0.0,0.0,0.0,0,0.0,0.0,0.0,0.0,0,0.0,0.0,0.0,0.0,0,0.0,0.0,0.0,0.0,0
1,monolithic_k8s_1svc,78,78.25715000035416,75.07779799971104,3.179352000643121,602112,1,75.07779799971104,0.30667700002595666,0.023397000404656865,0.0,602112,0.0,0.0,0.0,0.0,0,0.0,0.0,0.0,0.0,0,0.0,0.0,0.0,0.0,0,0.0,0.0,0.0,0.0,0
1,monolithic_k8s_1svc,79,78.37672000005114,74.8704379998344,3.5062820002167427,602112,1,74.8704379998344,0.29082199989716173,0.029054000151518267,0.0,602112,0.0,0.0,0.0,0.0,0,0.0,0.0,0.0,0.0,0,0.0,0.0,0.0,0.0,0,0.0,0.0,0.0,0.0,0
1,monolithic_k8s_1svc,80,79.5168219997322,74.67941999993855,4.837401999793656,602112,1,74.67941999993855,0.3589880002436985,0.024375000066356733,0.0,602112,0.0,0.0,0.0,0.0,0,0.0,0.0,0.0,0.0,0,0.0,0.0,0.0,0.0,0,0.0,0.0,0.0,0.0,0
1,monolithic_k8s_1svc,81,78.4039580003082,75.07228099984786,3.3316770004603313,602112,1,75.07228099984786,0.27266300003248034,0.023258000055648154,0.0,602112,0.0,0.0,0.0,0.0,0,0.0,0.0,0.0,0.0,0,0.0,0.0,0.0,0.0,0,0.0,0.0,0.0,0.0,0
1,monolithic_k8s_1svc,82,79.4784790000449,75.78187700028138,3.6966019997635158,602112,1,75.78187700028138,0.33761699978640536,0.02276799978062627,0.0,602112,0.0,0.0,0.0,0.0,0,0.0,0.0,0.0,0.0,0,0.0,0.0,0.0,0.0,0,0.0,0.0,0.0,0.0,0
1,monolithic_k8s_1svc,83,80.04699299999629,76.86855000019932,3.178442999796971,602112,1,76.86855000019932,0.3328679999867745,0.02234899966424564,0.0,602112,0.0,0.0,0.0,0.0,0,0.0,0.0,0.0,0.0,0,0.0,0.0,0.0,0.0,0,0.0,0.0,0.0,0.0,0
1,monolithic_k8s_1svc,84,77.58156799991411,74.24632899983408,3.335239000080037,602112,1,74.24632899983408,0.27776199976869975,0.022838000404590275,0.0,602112,0.0,0.0,0.0,0.0,0,0.0,0.0,0.0,0.0,0,0.0,0.0,0.0,0.0,0,0.0,0.0,0.0,0.0,0
1,monolithic_k8s_1svc,85,78.63094499998624,75.23536300004707,3.395581999939168,602112,1,75.23536300004707,0.28167300024506403,0.024653999844304053,0.0,602112,0.0,0.0,0.0,0.0,0,0.0,0.0,0.0,0.0,0,0.0,0.0,0.0,0.0,0,0.0,0.0,0.0,0.0,0
1,monolithic_k8s_1svc,86,78.34633899983601,75.16524100037714,3.1810979994588706,602112,1,75.16524100037714,0.2571589998296986,0.022837999949842924,0.0,602112,0.0,0.0,0.0,0.0,0,0.0,0.0,0.0,0.0,0,0.0,0.0,0.0,0.0,0,0.0,0.0,0.0,0.0,0
1,monolithic_k8s_1svc,87,79.12829099996088,76.0391060002803,3.089184999680583,602112,1,76.0391060002803,0.27252399968347163,0.023396999949909514,0.0,602112,0.0,0.0,0.0,0.0,0,0.0,0.0,0.0,0.0,0,0.0,0.0,0.0,0.0,0,0.0,0.0,0.0,0.0,0
1,monolithic_k8s_1svc,88,78.30939299992679,74.90871300024082,3.4006799996859627,602112,1,74.90871300024082,0.32714000008127186,0.022977999833528884,0.0,602112,0.0,0.0,0.0,0.0,0,0.0,0.0,0.0,0.0,0,0.0,0.0,0.0,0.0,0,0.0,0.0,0.0,0.0,0
1,monolithic_k8s_1svc,89,79.71768900006282,76.31435400026021,3.4033349998026097,602112,1,76.31435400026021,0.23697500000707805,0.024513999960618094,0.0,602112,0.0,0.0,0.0,0.0,0,0.0,0.0,0.0,0.0,0,0.0,0.0,0.0,0.0,0,0.0,0.0,0.0,0.0,0
1,monolithic_k8s_1svc,90,77.81707699996332,74.63884300022983,3.178233999733493,602112,1,74.63884300022983,0.28600299992831424,0.022837999949842924,0.0,602112,0.0,0.0,0.0,0.0,0,0.0,0.0,0.0,0.0,0,0.0,0.0,0.0,0.0,0,0.0,0.0,0.0,0.0,0
1,monolithic_k8s_1svc,91,78.7473030000001,75.46884600014891,3.278456999851187,602112,1,75.46884600014891,0.2770629998849472,0.022279999939200934,0.0,602112,0.0,0.0,0.0,0.0,0,0.0,0.0,0.0,0.0,0,0.0,0.0,0.0,0.0,0,0.0,0.0,0.0,0.0,0
1,monolithic_k8s_1svc,92,78.11299800005145,74.45061800035546,3.662379999695986,602112,1,74.45061800035546,0.2780410000013944,0.022838999939267524,0.0,602112,0.0,0.0,0.0,0.0,0,0.0,0.0,0.0,0.0,0,0.0,0.0,0.0,0.0,0,0.0,0.0,0.0,0.0,0
1,monolithic_k8s_1svc,93,79.17899700032649,75.35304800012455,3.8259490002019447,602112,1,75.35304800012455,0.27084699968327186,0.02402600011919276,0.0,602112,0.0,0.0,0.0,0.0,0,0.0,0.0,0.0,0.0,0,0.0,0.0,0.0,0.0,0,0.0,0.0,0.0,0.0,0
1,monolithic_k8s_1svc,94,78.4307090002585,75.19590299989432,3.2348060003641876,602112,1,75.19590299989432,0.25687900006232667,0.02304800000274554,0.0,602112,0.0,0.0,0.0,0.0,0,0.0,0.0,0.0,0.0,0,0.0,0.0,0.0,0.0,0,0.0,0.0,0.0,0.0,0
1,monolithic_k8s_1svc,95,78.55006899990258,75.11537499976839,3.4346940001341864,602112,1,75.11537499976839,0.3405500001463224,0.02276900022479822,0.0,602112,0.0,0.0,0.0,0.0,0,0.0,0.0,0.0,0.0,0,0.0,0.0,0.0,0.0,0,0.0,0.0,0.0,0.0,0
1,monolithic_k8s_1svc,96,78.30743800013806,75.06878999993205,3.2386480002060125,602112,1,75.06878999993205,0.27650500032905256,0.022558999717148254,0.0,602112,0.0,0.0,0.0,0.0,0,0.0,0.0,0.0,0.0,0,0.0,0.0,0.0,0.0,0,0.0,0.0,0.0,0.0,0
1,monolithic_k8s_1svc,97,79.00956100002077,75.07647300008102,3.933087999939744,602112,1,75.07647300008102,0.2681940000002214,0.027169000077265082,0.0,602112,0.0,0.0,0.0,0.0,0,0.0,0.0,0.0,0.0,0,0.0,0.0,0.0,0.0,0,0.0,0.0,0.0,0.0,0
1,monolithic_k8s_1svc,98,79.0691360002711,75.80695099977675,3.2621850004943553,602112,1,75.80695099977675,0.3304930000922468,0.023816000066290144,0.0,602112,0.0,0.0,0.0,0.0,0,0.0,0.0,0.0,0.0,0,0.0,0.0,0.0,0.0,0,0.0,0.0,0.0,0.0,0
1,monolithic_k8s_1svc,99,78.51249399982407,75.05593999985649,3.456553999967582,602112,1,75.05593999985649,0.3241370000068855,0.02360600001338753,0.0,602112,0.0,0.0,0.0,0.0,0,0.0,0.0,0.0,0.0,0,0.0,0.0,0.0,0.0,0,0.0,0.0,0.0,0.0,0
1,monolithic_k8s_1svc,100,80.51982699998916,77.16894300028798,3.350883999701182,602112,1,77.16894300028798,0.31002899959275965,0.022838999939267524,0.0,602112,0.0,0.0,0.0,0.0,0,0.0,0.0,0.0,0.0,0,0.0,0.0,0.0,0.0,0,0.0,0.0,0.0,0.0,0
1,monolithic_k8s_1svc,101,80.56683099994189,77.37029800000528,3.1965329999366077,602112,1,77.37029800000528,0.27503799992700806,0.024375000066356733,0.0,602112,0.0,0.0,0.0,0.0,0,0.0,0.0,0.0,0.0,0,0.0,0.0,0.0,0.0,0,0.0,0.0,0.0,0.0,0
1,monolithic_k8s_1svc,102,79.77146900020671,76.57018700001572,3.201282000190986,602112,1,76.57018700001572,0.33307700005025254,0.022837999949842924,0.0,602112,0.0,0.0,0.0,0.0,0,0.0,0.0,0.0,0.0,0,0.0,0.0,0.0,0.0,0,0.0,0.0,0.0,0.0,0
1,monolithic_k8s_1svc,103,77.80897700013156,74.51892500012036,3.290052000011201,602112,1,74.51892500012036,0.2513609997549793,0.021023000044806395,0.0,602112,0.0,0.0,0.0,0.0,0,0.0,0.0,0.0,0.0,0,0.0,0.0,0.0,0.0,0,0.0,0.0,0.0,0.0,0
1,monolithic_k8s_1svc,104,79.05335299983562,75.59337499969843,3.4599780001371983,602112,1,75.59337499969843,0.3044420000151149,0.02109300021402305,0.0,602112,0.0,0.0,0.0,0.0,0,0.0,0.0,0.0,0.0,0,0.0,0.0,0.0,0.0,0,0.0,0.0,0.0,0.0,0
1,monolithic_k8s_1svc,105,79.34543200008193,76.07374899998831,3.271683000093617,602112,1,76.07374899998831,0.26847299977816874,0.021861000277567655,0.0,602112,0.0,0.0,0.0,0.0,0,0.0,0.0,0.0,0.0,0,0.0,0.0,0.0,0.0,0,0.0,0.0,0.0,0.0,0
1,monolithic_k8s_1svc,106,78.60126500008846,75.09281700004067,3.5084480000477924,602112,1,75.09281700004067,0.2695900002436247,0.031988000046112575,0.0,602112,0.0,0.0,0.0,0.0,0,0.0,0.0,0.0,0.0,0,0.0,0.0,0.0,0.0,0,0.0,0.0,0.0,0.0,0
1,monolithic_k8s_1svc,107,82.72027200018783,79.28683499994804,3.433437000239792,602112,1,79.28683499994804,0.2926380002463702,0.02374599989707349,0.0,602112,0.0,0.0,0.0,0.0,0,0.0,0.0,0.0,0.0,0,0.0,0.0,0.0,0.0,0,0.0,0.0,0.0,0.0,0
1,monolithic_k8s_1svc,108,82.58456900011879,79.3246889998045,3.259880000314297,602112,1,79.3246889998045,0.27692399999068584,0.025213000299117994,0.0,602112,0.0,0.0,0.0,0.0,0,0.0,0.0,0.0,0.0,0,0.0,0.0,0.0,0.0,0,0.0,0.0,0.0,0.0,0
1,monolithic_k8s_1svc,109,81.60517299984349,78.3945319999475,3.210640999895986,602112,1,78.3945319999475,0.26721600033852155,0.028914999802509556,0.0,602112,0.0,0.0,0.0,0.0,0,0.0,0.0,0.0,0.0,0,0.0,0.0,0.0,0.0,0,0.0,0.0,0.0,0.0,0
1,monolithic_k8s_1svc,110,82.29451499983043,78.8183339996067,3.4761810002237326,602112,1,78.8183339996067,0.27517800026544137,0.022000000171829015,0.0,602112,0.0,0.0,0.0,0.0,0,0.0,0.0,0.0,0.0,0,0.0,0.0,0.0,0.0,0,0.0,0.0,0.0,0.0,0
1,monolithic_k8s_1svc,111,80.30597000015405,77.20721699979549,3.098753000358556,602112,1,77.20721699979549,0.2883780002775893,0.02346700011912617,0.0,602112,0.0,0.0,0.0,0.0,0,0.0,0.0,0.0,0.0,0,0.0,0.0,0.0,0.0,0,0.0,0.0,0.0,0.0,0
1,monolithic_k8s_1svc,112,79.3814020003083,76.17467199997918,3.2067300003291166,602112,1,76.17467199997918,0.29047299994999776,0.029613000151584856,0.0,602112,0.0,0.0,0.0,0.0,0,0.0,0.0,0.0,0.0,0,0.0,0.0,0.0,0.0,0,0.0,0.0,0.0,0.0,0
1,monolithic_k8s_1svc,113,80.76574300002903,77.62962300012077,3.13611999990826,602112,1,77.62962300012077,0.2496160000191594,0.02248900000267895,0.0,602112,0.0,0.0,0.0,0.0,0,0.0,0.0,0.0,0.0,0,0.0,0.0,0.0,0.0,0,0.0,0.0,0.0,0.0,0
1,monolithic_k8s_1svc,114,80.05314399997587,76.70917399991595,3.343970000059926,602112,1,76.70917399991595,0.27517800026544137,0.024235000182670774,0.0,602112,0.0,0.0,0.0,0.0,0,0.0,0.0,0.0,0.0,0,0.0,0.0,0.0,0.0,0,0.0,0.0,0.0,0.0,0
1,monolithic_k8s_1svc,115,81.73808400033522,78.63716499969087,3.100919000644353,602112,1,78.63716499969087,0.24647300006108708,0.024235000182670774,0.0,602112,0.0,0.0,0.0,0.0,0,0.0,0.0,0.0,0.0,0,0.0,0.0,0.0,0.0,0,0.0,0.0,0.0,0.0,0
1,monolithic_k8s_1svc,116,82.2245340000336,78.59749399995053,3.6270400000830705,602112,1,78.59749399995053,0.3086330002588511,0.03289599999334314,0.0,602112,0.0,0.0,0.0,0.0,0,0.0,0.0,0.0,0.0,0,0.0,0.0,0.0,0.0,0,0.0,0.0,0.0,0.0,0
1,monolithic_k8s_1svc,117,83.74317999960113,79.72062599992569,4.022553999675438,602112,1,79.72062599992569,0.28244100030860864,0.030589999823860126,0.0,602112,0.0,0.0,0.0,0.0,0,0.0,0.0,0.0,0.0,0,0.0,0.0,0.0,0.0,0,0.0,0.0,0.0,0.0,0
1,monolithic_k8s_1svc,118,84.2891359998248,80.29458800001521,3.9945479998095834,602112,1,80.29458800001521,0.2596030003587657,0.02842599997165962,0.0,602112,0.0,0.0,0.0,0.0,0,0.0,0.0,0.0,0.0,0,0.0,0.0,0.0,0.0,0,0.0,0.0,0.0,0.0,0
1,monolithic_k8s_1svc,119,80.52548600016962,77.27063499987707,3.254851000292547,602112,1,77.27063499987707,0.2561800001785741,0.02346700011912617,0.0,602112,0.0,0.0,0.0,0.0,0,0.0,0.0,0.0,0.0,0,0.0,0.0,0.0,0.0,0,0.0,0.0,0.0,0.0,0
1,monolithic_k8s_1svc,120,79.02569599991693,75.73292100005347,3.292774999863468,602112,1,75.73292100005347,0.25995299984060694,0.024653999844304053,0.0,602112,0.0,0.0,0.0,0.0,0,0.0,0.0,0.0,0.0,0,0.0,0.0,0.0,0.0,0,0.0,0.0,0.0,0.0,0
1,monolithic_k8s_1svc,121,80.41695100018842,77.18843099974038,3.228520000448043,602112,1,77.18843099974038,0.29389500014076475,0.02472400001352071,0.0,602112,0.0,0.0,0.0,0.0,0,0.0,0.0,0.0,0.0,0,0.0,0.0,0.0,0.0,0,0.0,0.0,0.0,0.0,0
1,monolithic_k8s_1svc,122,78.36317500004952,75.54120500026329,2.8219699997862335,602112,1,75.54120500026329,0.25038399962795665,0.021161999939067755,0.0,602112,0.0,0.0,0.0,0.0,0,0.0,0.0,0.0,0.0,0,0.0,0.0,0.0,0.0,0,0.0,0.0,0.0,0.0,0
1,monolithic_k8s_1svc,123,80.11565199967663,76.85130200025014,3.2643499994264857,602112,1,76.85130200025014,0.2994129999933648,0.024095999833662063,0.0,602112,0.0,0.0,0.0,0.0,0,0.0,0.0,0.0,0.0,0,0.0,0.0,0.0,0.0,0,0.0,0.0,0.0,0.0,0
1,monolithic_k8s_1svc,124,79.45285100004185,76.36764600010792,3.0852049999339215,602112,1,76.36764600010792,0.3070960001423373,0.029333999918890186,0.0,602112,0.0,0.0,0.0,0.0,0,0.0,0.0,0.0,0.0,0,0.0,0.0,0.0,0.0,0,0.0,0.0,0.0,0.0,0
1,monolithic_k8s_1svc,125,77.89579300015248,74.73480899989227,3.160984000260214,602112,1,74.73480899989227,0.24486600023010396,0.02248900000267895,0.0,602112,0.0,0.0,0.0,0.0,0,0.0,0.0,0.0,0.0,0,0.0,0.0,0.0,0.0,0,0.0,0.0,0.0,0.0,0
1,monolithic_k8s_1svc,126,79.52849100001913,76.01634200000262,3.5121490000165068,602112,1,76.01634200000262,0.2837679999174725,0.022837999949842924,0.0,602112,0.0,0.0,0.0,0.0,0,0.0,0.0,0.0,0.0,0,0.0,0.0,0.0,0.0,0,0.0,0.0,0.0,0.0,0
1,monolithic_k8s_1svc,127,80.54790699998193,77.24123300022256,3.3066739997593686,602112,1,77.24123300022256,0.28327900008662255,0.03387299966561841,0.0,602112,0.0,0.0,0.0,0.0,0,0.0,0.0,0.0,0.0,0,0.0,0.0,0.0,0.0,0,0.0,0.0,0.0,0.0,0
1,monolithic_k8s_1svc,128,79.43776599995545,76.0238150000987,3.413950999856752,602112,1,76.0238150000987,0.31170500005828217,0.023955999949976103,0.0,602112,0.0,0.0,0.0,0.0,0,0.0,0.0,0.0,0.0,0,0.0,0.0,0.0,0.0,0,0.0,0.0,0.0,0.0,0
1,monolithic_k8s_1svc,129,77.80401999980313,74.50894000021435,3.295079999588779,602112,1,74.50894000021435,0.26463099993634387,0.022977999833528884,0.0,602112,0.0,0.0,0.0,0.0,0,0.0,0.0,0.0,0.0,0,0.0,0.0,0.0,0.0,0,0.0,0.0,0.0,0.0,0
1,monolithic_k8s_1svc,130,80.96374599972478,77.53023899977052,3.433506999954261,602112,1,77.53023899977052,0.2767840001069999,0.022000000171829015,0.0,602112,0.0,0.0,0.0,0.0,0,0.0,0.0,0.0,0.0,0,0.0,0.0,0.0,0.0,0,0.0,0.0,0.0,0.0,0
1,monolithic_k8s_1svc,131,80.02073800025755,76.95557900024141,3.0651590000161377,602112,1,76.95557900024141,0.3043019996766816,0.022278999949776335,0.0,602112,0.0,0.0,0.0,0.0,0,0.0,0.0,0.0,0.0,0,0.0,0.0,0.0,0.0,0,0.0,0.0,0.0,0.0,0
1,monolithic_k8s_1svc,132,79.9572519999856,76.66992399981609,3.2873280001695093,602112,1,76.66992399981609,0.2853050000339863,0.031987000056687975,0.0,602112,0.0,0.0,0.0,0.0,0,0.0,0.0,0.0,0.0,0,0.0,0.0,0.0,0.0,0,0.0,0.0,0.0,0.0,0
1,monolithic_k8s_1svc,133,78.43015499975081,75.19807200014839,3.232082999602426,602112,1,75.19807200014839,0.30625699992015143,0.025142999675153987,0.0,602112,0.0,0.0,0.0,0.0,0,0.0,0.0,0.0,0.0,0,0.0,0.0,0.0,0.0,0,0.0,0.0,0.0,0.0,0
1,monolithic_k8s_1svc,134,82.1191429999999,78.67187800002284,3.447264999977051,602112,1,78.67187800002284,0.3057690000787261,0.025351999738632003,0.0,602112,0.0,0.0,0.0,0.0,0,0.0,0.0,0.0,0.0,0,0.0,0.0,0.0,0.0,0,0.0,0.0,0.0,0.0,0
1,monolithic_k8s_1svc,135,82.41247999967527,79.12152100016101,3.2909589995142596,602112,1,79.12152100016101,0.2948030000879953,0.023676999717281433,0.0,602112,0.0,0.0,0.0,0.0,0,0.0,0.0,0.0,0.0,0,0.0,0.0,0.0,0.0,0,0.0,0.0,0.0,0.0,0
1,monolithic_k8s_1svc,136,81.50146000025416,77.83419199995478,3.667268000299373,602112,1,77.83419199995478,0.32420700017610216,0.02374599989707349,0.0,602112,0.0,0.0,0.0,0.0,0,0.0,0.0,0.0,0.0,0,0.0,0.0,0.0,0.0,0,0.0,0.0,0.0,0.0,0
1,monolithic_k8s_1svc,137,78.30318200012698,75.18452399972375,3.1186580004032294,602112,1,75.18452399972375,0.28118399995946675,0.023816000066290144,0.0,602112,0.0,0.0,0.0,0.0,0,0.0,0.0,0.0,0.0,0,0.0,0.0,0.0,0.0,0,0.0,0.0,0.0,0.0,0
1,monolithic_k8s_1svc,138,81.59169700002167,78.34858000023814,3.243116999783524,602112,1,78.34858000023814,0.2760160000434553,0.023676999717281433,0.0,602112,0.0,0.0,0.0,0.0,0,0.0,0.0,0.0,0.0,0,0.0,0.0,0.0,0.0,0,0.0,0.0,0.0,0.0,0
1,monolithic_k8s_1svc,139,81.62284699983502,78.2855119996384,3.3373350001966173,602112,1,78.2855119996384,0.33866500007206923,0.026331000299251173,0.0,602112,0.0,0.0,0.0,0.0,0,0.0,0.0,0.0,0.0,0,0.0,0.0,0.0,0.0,0,0.0,0.0,0.0,0.0,0
1,monolithic_k8s_1svc,140,78.16356800003632,74.91004500025156,3.2535229997847637,602112,1,74.91004500025156,0.2992029999404622,0.02332699978069286,0.0,602112,0.0,0.0,0.0,0.0,0,0.0,0.0,0.0,0.0,0,0.0,0.0,0.0,0.0,0,0.0,0.0,0.0,0.0,0
1,monolithic_k8s_1svc,141,78.54120499996498,75.17481599961684,3.3663890003481356,602112,1,75.17481599961684,0.2903330000663118,0.023118000171962194,0.0,602112,0.0,0.0,0.0,0.0,0,0.0,0.0,0.0,0.0,0,0.0,0.0,0.0,0.0,0,0.0,0.0,0.0,0.0,0
1,monolithic_k8s_1svc,142,81.13164799988226,77.69450900013908,3.4371389997431834,602112,1,77.69450900013908,0.2871899996534921,0.02374599989707349,0.0,602112,0.0,0.0,0.0,0.0,0,0.0,0.0,0.0,0.0,0,0.0,0.0,0.0,0.0,0,0.0,0.0,0.0,0.0,0
1,monolithic_k8s_1svc,143,79.98316399971372,76.93686199991134,3.046301999802381,602112,1,76.93686199991134,0.3010189998349233,0.025631999960751273,0.0,602112,0.0,0.0,0.0,0.0,0,0.0,0.0,0.0,0.0,0,0.0,0.0,0.0,0.0,0,0.0,0.0,0.0,0.0,0
1,monolithic_k8s_1svc,144,78.347322999889,75.31380099999296,3.0335219998960383,602112,1,75.31380099999296,0.25289800032624044,0.024793999727990013,0.0,602112,0.0,0.0,0.0,0.0,0,0.0,0.0,0.0,0.0,0,0.0,0.0,0.0,0.0,0,0.0,0.0,0.0,0.0,0
1,monolithic_k8s_1svc,145,79.76539700030116,76.56704800001535,3.198349000285816,602112,1,76.56704800001535,0.29165999967517564,0.027797000257123727,0.0,602112,0.0,0.0,0.0,0.0,0,0.0,0.0,0.0,0.0,0,0.0,0.0,0.0,0.0,0,0.0,0.0,0.0,0.0,0
1,monolithic_k8s_1svc,146,79.3082800000775,75.88105900003939,3.4272210000381165,602112,1,75.88105900003939,0.30053099999349797,0.023815999611542793,0.0,602112,0.0,0.0,0.0,0.0,0,0.0,0.0,0.0,0.0,0,0.0,0.0,0.0,0.0,0,0.0,0.0,0.0,0.0,0
1,monolithic_k8s_1svc,147,78.2262869997794,74.98638200013374,3.2399049996456597,602112,1,74.98638200013374,0.32776899979580776,0.024793999727990013,0.0,602112,0.0,0.0,0.0,0.0,0,0.0,0.0,0.0,0.0,0,0.0,0.0,0.0,0.0,0,0.0,0.0,0.0,0.0,0
1,monolithic_k8s_1svc,148,76.72796399992876,73.75904700029423,2.96891699963453,602112,1,73.75904700029423,0.28530499957923894,0.024444999780826038,0.0,602112,0.0,0.0,0.0,0.0,0,0.0,0.0,0.0,0.0,0,0.0,0.0,0.0,0.0,0,0.0,0.0,0.0,0.0,0
1,monolithic_k8s_1svc,149,80.16251900016869,76.81945700005599,3.3430620001126954,602112,1,76.81945700005599,0.29026399988651974,0.023118000171962194,0.0,602112,0.0,0.0,0.0,0.0,0,0.0,0.0,0.0,0.0,0,0.0,0.0,0.0,0.0,0,0.0,0.0,0.0,0.0,0
1,monolithic_k8s_1svc,150,78.89858799990179,74.90236200010258,3.996225999799208,602112,1,74.90236200010258,0.26770499971462414,0.02332800022486481,0.0,602112,0.0,0.0,0.0,0.0,0,0.0,0.0,0.0,0.0,0,0.0,0.0,0.0,0.0,0,0.0,0.0,0.0,0.0,0
1,monolithic_k8s_1svc,151,78.70554400005858,75.48281999970641,3.222724000352173,602112,1,75.48281999970641,0.30234700034270645,0.04875000013271347,0.0,602112,0.0,0.0,0.0,0.0,0,0.0,0.0,0.0,0.0,0,0.0,0.0,0.0,0.0,0,0.0,0.0,0.0,0.0,0
1,monolithic_k8s_1svc,152,78.61970799967821,75.17879800025185,3.440909999426367,602112,1,75.17879800025185,0.2652600001056271,0.022279999939200934,0.0,602112,0.0,0.0,0.0,0.0,0,0.0,0.0,0.0,0.0,0,0.0,0.0,0.0,0.0,0,0.0,0.0,0.0,0.0,0
1,monolithic_k8s_1svc,153,78.21078300003137,74.86408900012975,3.3466939999016176,602112,1,74.86408900012975,0.28251200001250254,0.02304800000274554,0.0,602112,0.0,0.0,0.0,0.0,0,0.0,0.0,0.0,0.0,0,0.0,0.0,0.0,0.0,0,0.0,0.0,0.0,0.0,0
1,monolithic_k8s_1svc,154,78.29654900024252,75.04512000014074,3.25142900010178,602112,1,75.04512000014074,0.2681930000107968,0.023257999600900803,0.0,602112,0.0,0.0,0.0,0.0,0,0.0,0.0,0.0,0.0,0,0.0,0.0,0.0,0.0,0,0.0,0.0,0.0,0.0,0
1,monolithic_k8s_1svc,155,77.63158299985662,74.00880300019708,3.6227799996595422,602112,1,74.00880300019708,0.28390799980115844,0.02374599989707349,0.0,602112,0.0,0.0,0.0,0.0,0,0.0,0.0,0.0,0.0,0,0.0,0.0,0.0,0.0,0,0.0,0.0,0.0,0.0,0
1,monolithic_k8s_1svc,156,82.03547600032834,78.64359400036847,3.391881999959878,602112,1,78.64359400036847,0.2799969997795415,0.024235999717348022,0.0,602112,0.0,0.0,0.0,0.0,0,0.0,0.0,0.0,0.0,0,0.0,0.0,0.0,0.0,0,0.0,0.0,0.0,0.0,0
1,monolithic_k8s_1svc,157,79.41458100003729,75.9662670002399,3.448313999797392,602112,1,75.9662670002399,0.37065199967400986,0.022838999939267524,0.0,602112,0.0,0.0,0.0,0.0,0,0.0,0.0,0.0,0.0,0,0.0,0.0,0.0,0.0,0,0.0,0.0,0.0,0.0,0
1,monolithic_k8s_1svc,158,78.75995099993816,74.90494700005002,3.8550039998881402,602112,1,74.90494700005002,0.28132400029790006,0.02234999965367024,0.0,602112,0.0,0.0,0.0,0.0,0,0.0,0.0,0.0,0.0,0,0.0,0.0,0.0,0.0,0,0.0,0.0,0.0,0.0,0
1,monolithic_k8s_1svc,159,78.0958919999648,74.63982599983865,3.4560660001261567,602112,1,74.63982599983865,0.25855500007310184,0.022838999939267524,0.0,602112,0.0,0.0,0.0,0.0,0,0.0,0.0,0.0,0.0,0,0.0,0.0,0.0,0.0,0,0.0,0.0,0.0,0.0,0
1,monolithic_k8s_1svc,160,78.46598600008292,75.17258200005017,3.2934040000327514,602112,1,75.17258200005017,0.27287300008538296,0.024654999833728652,0.0,602112,0.0,0.0,0.0,0.0,0,0.0,0.0,0.0,0.0,0,0.0,0.0,0.0,0.0,0,0.0,0.0,0.0,0.0,0
1,monolithic_k8s_1svc,161,78.26337400001648,74.98959600025046,3.2737779997660255,602112,1,74.98959600025046,0.2538759999879403,0.023955999949976103,0.0,602112,0.0,0.0,0.0,0.0,0,0.0,0.0,0.0,0.0,0,0.0,0.0,0.0,0.0,0,0.0,0.0,0.0,0.0,0
1,monolithic_k8s_1svc,162,77.25541299987526,73.77427399978842,3.4811390000868414,602112,1,73.77427399978842,0.2583460000096238,0.024235000182670774,0.0,602112,0.0,0.0,0.0,0.0,0,0.0,0.0,0.0,0.0,0,0.0,0.0,0.0,0.0,0,0.0,0.0,0.0,0.0,0
1,monolithic_k8s_1svc,163,80.27301099991746,76.68787700004032,3.5851339998771437,602112,1,76.68787700004032,0.3700930001286906,0.024863999897206668,0.0,602112,0.0,0.0,0.0,0.0,0,0.0,0.0,0.0,0.0,0,0.0,0.0,0.0,0.0,0,0.0,0.0,0.0,0.0,0
1,monolithic_k8s_1svc,164,84.32936999997764,81.06397300025492,3.265396999722725,602112,1,81.06397300025492,0.260022000020399,0.037784999676659936,0.0,602112,0.0,0.0,0.0,0.0,0,0.0,0.0,0.0,0.0,0,0.0,0.0,0.0,0.0,0,0.0,0.0,0.0,0.0,0
1,monolithic_k8s_1svc,165,83.86100899997473,80.3615009999703,3.4995080000044254,602112,1,80.3615009999703,0.343973000326514,0.026330999844503822,0.0,602112,0.0,0.0,0.0,0.0,0,0.0,0.0,0.0,0.0,0,0.0,0.0,0.0,0.0,0,0.0,0.0,0.0,0.0,0
1,monolithic_k8s_1svc,166,82.82671799997843,79.86017499979425,2.966543000184174,602112,1,79.86017499979425,0.29466400019373395,0.02304700001332094,0.0,602112,0.0,0.0,0.0,0.0,0,0.0,0.0,0.0,0.0,0,0.0,0.0,0.0,0.0,0,0.0,0.0,0.0,0.0,0
1,monolithic_k8s_1svc,167,81.56383300001835,78.27224499988006,3.2915880001382902,602112,1,78.27224499988006,0.3530520002641424,0.024934000066423323,0.0,602112,0.0,0.0,0.0,0.0,0,0.0,0.0,0.0,0.0,0,0.0,0.0,0.0,0.0,0,0.0,0.0,0.0,0.0,0
1,monolithic_k8s_1svc,168,81.39264999999796,78.1205480002427,3.2721019997552503,602112,1,78.1205480002427,0.2915209997809143,0.022908999653736828,0.0,602112,0.0,0.0,0.0,0.0,0,0.0,0.0,0.0,0.0,0,0.0,0.0,0.0,0.0,0,0.0,0.0,0.0,0.0,0
1,monolithic_k8s_1svc,169,80.9488740001143,77.21651199972257,3.7323620003917313,602112,1,77.21651199972257,0.30032099994059536,0.022978000288276235,0.0,602112,0.0,0.0,0.0,0.0,0,0.0,0.0,0.0,0.0,0,0.0,0.0,0.0,0.0,0,0.0,0.0,0.0,0.0,0
1,monolithic_k8s_1svc,170,78.92149700001028,75.54910199996812,3.372395000042161,602112,1,75.54910199996812,0.2637929997035826,0.023955999949976103,0.0,602112,0.0,0.0,0.0,0.0,0,0.0,0.0,0.0,0.0,0,0.0,0.0,0.0,0.0,0,0.0,0.0,0.0,0.0,0
1,monolithic_k8s_1svc,171,78.30395400014822,74.90871999971205,3.395234000436176,602112,1,74.90871999971205,0.28600299992831424,0.023396999949909514,0.0,602112,0.0,0.0,0.0,0.0,0,0.0,0.0,0.0,0.0,0,0.0,0.0,0.0,0.0,0,0.0,0.0,0.0,0.0,0
1,monolithic_k8s_1svc,172,80.77817899993534,77.09512700012056,3.6830519998147793,602112,1,77.09512700012056,0.27867000017067767,0.023816000066290144,0.0,602112,0.0,0.0,0.0,0.0,0,0.0,0.0,0.0,0.0,0,0.0,0.0,0.0,0.0,0,0.0,0.0,0.0,0.0,0
1,monolithic_k8s_1svc,173,77.34131999995952,73.93609900009324,3.4052209998662875,602112,1,73.93609900009324,0.30276600000433973,0.023816000066290144,0.0,602112,0.0,0.0,0.0,0.0,0,0.0,0.0,0.0,0.0,0,0.0,0.0,0.0,0.0,0,0.0,0.0,0.0,0.0,0
1,monolithic_k8s_1svc,174,78.13500500014925,74.63933899998665,3.4956660001626005,602112,1,74.63933899998665,0.32672099996489123,0.023258000055648154,0.0,602112,0.0,0.0,0.0,0.0,0,0.0,0.0,0.0,0.0,0,0.0,0.0,0.0,0.0,0,0.0,0.0,0.0,0.0,0
1,monolithic_k8s_1svc,175,79.86492600002748,76.59212499993373,3.27280100009375,602112,1,76.59212499993373,0.2918700001828256,0.02458400012983475,0.0,602112,0.0,0.0,0.0,0.0,0,0.0,0.0,0.0,0.0,0,0.0,0.0,0.0,0.0,0,0.0,0.0,0.0,0.0,0
1,monolithic_k8s_1svc,176,92.20476600012262,88.87127300022257,3.333492999900045,602112,1,88.87127300022257,0.31827099974179873,0.026749999960884452,0.0,602112,0.0,0.0,0.0,0.0,0,0.0,0.0,0.0,0.0,0,0.0,0.0,0.0,0.0,0,0.0,0.0,0.0,0.0,0
1,monolithic_k8s_1svc,177,91.80582899989531,88.67285199994512,3.1329769999501877,602112,1,88.67285199994512,0.3082829998675152,0.022698000066156965,0.0,602112,0.0,0.0,0.0,0.0,0,0.0,0.0,0.0,0.0,0,0.0,0.0,0.0,0.0,0,0.0,0.0,0.0,0.0,0
1,monolithic_k8s_1svc,178,92.91275700024926,89.50103899996975,3.4117180002795067,602112,1,89.50103899996975,0.31477899983656243,0.032407000162493205,0.0,602112,0.0,0.0,0.0,0.0,0,0.0,0.0,0.0,0.0,0,0.0,0.0,0.0,0.0,0,0.0,0.0,0.0,0.0,0
1,monolithic_k8s_1svc,179,86.10852899983001,81.68382299982113,4.424706000008882,602112,1,81.68382299982113,0.3863659999296942,0.024375000066356733,0.0,602112,0.0,0.0,0.0,0.0,0,0.0,0.0,0.0,0.0,0,0.0,0.0,0.0,0.0,0,0.0,0.0,0.0,0.0,0
1,monolithic_k8s_1svc,180,82.62564400001793,79.29717900015021,3.3284649998677196,602112,1,79.29717900015021,0.4133249999540567,0.02304800000274554,0.0,602112,0.0,0.0,0.0,0.0,0,0.0,0.0,0.0,0.0,0,0.0,0.0,0.0,0.0,0,0.0,0.0,0.0,0.0,0
1,monolithic_k8s_1svc,181,80.81910800001424,77.39656600006128,3.422541999952955,602112,1,77.39656600006128,0.3251150001233327,0.025771999844437232,0.0,602112,0.0,0.0,0.0,0.0,0,0.0,0.0,0.0,0.0,0,0.0,0.0,0.0,0.0,0,0.0,0.0,0.0,0.0,0
1,monolithic_k8s_1svc,182,79.96389200025078,76.86080800021955,3.103084000031231,602112,1,76.86080800021955,0.33356599988110247,0.02234900011899299,0.0,602112,0.0,0.0,0.0,0.0,0,0.0,0.0,0.0,0.0,0,0.0,0.0,0.0,0.0,0,0.0,0.0,0.0,0.0,0
1,monolithic_k8s_1svc,183,81.21224999968035,77.56509599994388,3.6471539997364744,602112,1,77.56509599994388,0.34564799989311723,0.021859999833395705,0.0,602112,0.0,0.0,0.0,0.0,0,0.0,0.0,0.0,0.0,0,0.0,0.0,0.0,0.0,0,0.0,0.0,0.0,0.0,0
1,monolithic_k8s_1svc,184,79.8813380001775,76.75506600025983,3.1262719999176625,602112,1,76.75506600025983,0.3642970000328205,0.022977999833528884,0.0,602112,0.0,0.0,0.0,0.0,0,0.0,0.0,0.0,0.0,0,0.0,0.0,0.0,0.0,0,0.0,0.0,0.0,0.0,0
1,monolithic_k8s_1svc,185,80.70875700013858,77.19702700023845,3.511729999900126,602112,1,77.19702700023845,0.3087019999838958,0.023955999949976103,0.0,602112,0.0,0.0,0.0,0.0,0,0.0,0.0,0.0,0.0,0,0.0,0.0,0.0,0.0,0,0.0,0.0,0.0,0.0,0
1,monolithic_k8s_1svc,186,78.76211899974805,75.78062999982649,2.9814889999215666,602112,1,75.78062999982649,0.3258840001763019,0.03094000021519605,0.0,602112,0.0,0.0,0.0,0.0,0,0.0,0.0,0.0,0.0,0,0.0,0.0,0.0,0.0,0,0.0,0.0,0.0,0.0,0
1,monolithic_k8s_1svc,187,82.26491100003841,79.30814500014094,2.9567659998974705,602112,1,79.30814500014094,0.30940099986764835,0.022419999822886894,0.0,602112,0.0,0.0,0.0,0.0,0,0.0,0.0,0.0,0.0,0,0.0,0.0,0.0,0.0,0,0.0,0.0,0.0,0.0,0
1,monolithic_k8s_1svc,188,84.9193290000585,81.30919199993514,3.610137000123359,602112,1,81.30919199993514,0.3624109999691427,0.022977999833528884,0.0,602112,0.0,0.0,0.0,0.0,0,0.0,0.0,0.0,0.0,0,0.0,0.0,0.0,0.0,0,0.0,0.0,0.0,0.0,0
1,monolithic_k8s_1svc,189,84.97136200003297,81.78341999973782,3.187942000295152,602112,1,81.78341999973782,0.3573819999473926,0.02374599989707349,0.0,602112,0.0,0.0,0.0,0.0,0,0.0,0.0,0.0,0.0,0,0.0,0.0,0.0,0.0,0,0.0,0.0,0.0,0.0,0
1,monolithic_k8s_1svc,190,83.754153999962,80.57228699999541,3.181866999966587,602112,1,80.57228699999541,0.32204200033447705,0.024025999664445408,0.0,602112,0.0,0.0,0.0,0.0,0,0.0,0.0,0.0,0.0,0,0.0,0.0,0.0,0.0,0,0.0,0.0,0.0,0.0,0
1,monolithic_k8s_1svc,191,79.40899699997317,76.13696499993239,3.272032000040781,602112,1,76.13696499993239,0.32986499991238816,0.022978000288276235,0.0,602112,0.0,0.0,0.0,0.0,0,0.0,0.0,0.0,0.0,0,0.0,0.0,0.0,0.0,0,0.0,0.0,0.0,0.0,0
1,monolithic_k8s_1svc,192,79.54295400031697,76.63088900017101,2.912065000145958,602112,1,76.63088900017101,0.3345430000081251,0.025631999960751273,0.0,602112,0.0,0.0,0.0,0.0,0,0.0,0.0,0.0,0.0,0,0.0,0.0,0.0,0.0,0,0.0,0.0,0.0,0.0,0
1,monolithic_k8s_1svc,193,80.99434299992936,77.55315399981555,3.441189000113809,602112,1,77.55315399981555,0.27420000014899415,0.024095000298984814,0.0,602112,0.0,0.0,0.0,0.0,0,0.0,0.0,0.0,0.0,0,0.0,0.0,0.0,0.0,0,0.0,0.0,0.0,0.0,0
1,monolithic_k8s_1svc,194,80.16559700035941,76.70401300038066,3.4615839999787568,602112,1,76.70401300038066,0.30066999988775933,0.030730999696970684,0.0,602112,0.0,0.0,0.0,0.0,0,0.0,0.0,0.0,0.0,0,0.0,0.0,0.0,0.0,0,0.0,0.0,0.0,0.0,0
1,monolithic_k8s_1svc,195,79.92624899998191,76.59778400011419,3.3284649998677196,602112,1,76.59778400011419,0.2930569999080035,0.022698000066156965,0.0,602112,0.0,0.0,0.0,0.0,0,0.0,0.0,0.0,0.0,0,0.0,0.0,0.0,0.0,0,0.0,0.0,0.0,0.0,0
1,monolithic_k8s_1svc,196,79.96745500031466,77.07033499991667,2.8971200003979902,602112,1,77.07033499991667,0.30185800005710917,0.023816000066290144,0.0,602112,0.0,0.0,0.0,0.0,0,0.0,0.0,0.0,0.0,0,0.0,0.0,0.0,0.0,0,0.0,0.0,0.0,0.0,0
1,monolithic_k8s_1svc,197,80.23117899983845,77.09359199998289,3.1375869998555572,602112,1,77.09359199998289,0.25715900028444594,0.02870499974960694,0.0,602112,0.0,0.0,0.0,0.0,0,0.0,0.0,0.0,0.0,0,0.0,0.0,0.0,0.0,0,0.0,0.0,0.0,0.0,0
1,monolithic_k8s_1svc,198,113.5336370002733,106.73339200002374,6.800245000249561,602112,1,106.73339200002374,0.3478130001894897,0.040718000036576996,0.0,602112,0.0,0.0,0.0,0.0,0,0.0,0.0,0.0,0.0,0,0.0,0.0,0.0,0.0,0,0.0,0.0,0.0,0.0,0
1,monolithic_k8s_1svc,199,82.32162400008747,78.7240570002723,3.5975669998151716,602112,1,78.7240570002723,0.30821400014247047,0.025701999675220577,0.0,602112,0.0,0.0,0.0,0.0,0,0.0,0.0,0.0,0.0,0,0.0,0.0,0.0,0.0,0,0.0,0.0,0.0,0.0,0
1,monolithic_k8s_1svc,200,81.41940399991654,77.99183299994183,3.427570999974705,602112,1,77.99183299994183,0.3202259999852686,0.023537000288342824,0.0,602112,0.0,0.0,0.0,0.0,0,0.0,0.0,0.0,0.0,0,0.0,0.0,0.0,0.0,0,0.0,0.0,0.0,0.0,0
2,monolithic_k8s_1svc,1,90.25988999974288,86.62593500002913,3.633954999713751,602112,1,86.62593500002913,0.30695700024807593,0.04679399989981903,0.0,602112,0.0,0.0,0.0,0.0,0,0.0,0.0,0.0,0.0,0,0.0,0.0,0.0,0.0,0,0.0,0.0,0.0,0.0,0
2,monolithic_k8s_1svc,2,88.00489899977038,84.71540500022456,3.2894939995458117,602112,1,84.71540500022456,0.4320429998188047,0.02374599989707349,0.0,602112,0.0,0.0,0.0,0.0,0,0.0,0.0,0.0,0.0,0,0.0,0.0,0.0,0.0,0,0.0,0.0,0.0,0.0,0
2,monolithic_k8s_1svc,3,86.10491399986131,82.65471400000024,3.45019999986107,602112,1,82.65471400000024,0.32211200004894636,0.025283000013587298,0.0,602112,0.0,0.0,0.0,0.0,0,0.0,0.0,0.0,0.0,0,0.0,0.0,0.0,0.0,0,0.0,0.0,0.0,0.0,0
2,monolithic_k8s_1svc,4,85.59402000037153,82.55882200000997,3.035198000361561,602112,1,82.55882200000997,0.3249749997848994,0.0252820000241627,0.0,602112,0.0,0.0,0.0,0.0,0,0.0,0.0,0.0,0.0,0,0.0,0.0,0.0,0.0,0,0.0,0.0,0.0,0.0,0
2,monolithic_k8s_1svc,5,88.65771299997505,85.17384900005709,3.4838639999179577,602112,1,85.17384900005709,0.3167340000800323,0.02360700000281213,0.0,602112,0.0,0.0,0.0,0.0,0,0.0,0.0,0.0,0.0,0,0.0,0.0,0.0,0.0,0,0.0,0.0,0.0,0.0,0
2,monolithic_k8s_1svc,6,87.6669330000368,84.50916199990388,3.157771000132925,602112,1,84.50916199990388,0.2949429999716813,0.02514300012990134,0.0,602112,0.0,0.0,0.0,0.0,0,0.0,0.0,0.0,0.0,0,0.0,0.0,0.0,0.0,0,0.0,0.0,0.0,0.0,0
2,monolithic_k8s_1svc,7,89.44790699979421,85.45740799991108,3.9904989998831297,602112,1,85.45740799991108,0.32343900011255755,0.025004000235639978,0.0,602112,0.0,0.0,0.0,0.0,0,0.0,0.0,0.0,0.0,0,0.0,0.0,0.0,0.0,0,0.0,0.0,0.0,0.0,0
2,monolithic_k8s_1svc,8,88.02445499986788,84.56398800035458,3.460466999513301,602112,1,84.56398800035458,0.33237899970117724,0.025142999675153987,0.0,602112,0.0,0.0,0.0,0.0,0,0.0,0.0,0.0,0.0,0,0.0,0.0,0.0,0.0,0,0.0,0.0,0.0,0.0,0
2,monolithic_k8s_1svc,9,88.52550199981124,84.61071200008519,3.914789999726054,602112,1,84.61071200008519,0.35004900018975604,0.023955999949976103,0.0,602112,0.0,0.0,0.0,0.0,0,0.0,0.0,0.0,0.0,0,0.0,0.0,0.0,0.0,0,0.0,0.0,0.0,0.0,0
2,monolithic_k8s_1svc,10,86.27560800005085,83.09164699994653,3.1839610001043184,602112,1,83.09164699994653,0.303813000300579,0.030031999813218135,0.0,602112,0.0,0.0,0.0,0.0,0,0.0,0.0,0.0,0.0,0,0.0,0.0,0.0,0.0,0,0.0,0.0,0.0,0.0,0
2,monolithic_k8s_1svc,11,86.18732800005091,82.85725700034163,3.330070999709278,602112,1,82.85725700034163,0.2791590000015276,0.0252820000241627,0.0,602112,0.0,0.0,0.0,0.0,0,0.0,0.0,0.0,0.0,0,0.0,0.0,0.0,0.0,0,0.0,0.0,0.0,0.0,0
2,monolithic_k8s_1svc,12,88.23062900000878,84.89762399995016,3.3330050000586198,602112,1,84.89762399995016,0.284886000372353,0.027169000077265082,0.0,602112,0.0,0.0,0.0,0.0,0,0.0,0.0,0.0,0.0,0,0.0,0.0,0.0,0.0,0,0.0,0.0,0.0,0.0,0
2,monolithic_k8s_1svc,13,87.74145500001396,84.07991200010656,3.6615429999073967,602112,1,84.07991200010656,0.3095399997619097,0.028636000024562236,0.0,602112,0.0,0.0,0.0,0.0,0,0.0,0.0,0.0,0.0,0,0.0,0.0,0.0,0.0,0,0.0,0.0,0.0,0.0,0
2,monolithic_k8s_1svc,14,92.96257300002253,89.22874300014882,3.7338299998737057,602112,1,89.22874300014882,0.2765049998743052,0.02514300012990134,0.0,602112,0.0,0.0,0.0,0.0,0,0.0,0.0,0.0,0.0,0,0.0,0.0,0.0,0.0,0,0.0,0.0,0.0,0.0,0
2,monolithic_k8s_1svc,15,89.97221300023739,86.18216100012432,3.7900520001130644,602112,1,86.18216100012432,0.29047399993942236,0.025841000024229288,0.0,602112,0.0,0.0,0.0,0.0,0,0.0,0.0,0.0,0.0,0,0.0,0.0,0.0,0.0,0,0.0,0.0,0.0,0.0,0
2,monolithic_k8s_1svc,16,93.14898200000243,90.01963599985174,3.12934600015069,602112,1,90.01963599985174,0.2801370001179748,0.02430500035188743,0.0,602112,0.0,0.0,0.0,0.0,0,0.0,0.0,0.0,0.0,0,0.0,0.0,0.0,0.0,0,0.0,0.0,0.0,0.0,0
2,monolithic_k8s_1svc,17,87.83630099969741,84.57956299980651,3.256737999890902,602112,1,84.57956299980651,0.31261399999493733,0.026539999907981837,0.0,602112,0.0,0.0,0.0,0.0,0,0.0,0.0,0.0,0.0,0,0.0,0.0,0.0,0.0,0,0.0,0.0,0.0,0.0,0
2,monolithic_k8s_1svc,18,87.1388579998893,83.35362499974508,3.785233000144217,602112,1,83.35362499974508,0.3049310003007122,0.025563000235706568,0.0,602112,0.0,0.0,0.0,0.0,0,0.0,0.0,0.0,0.0,0,0.0,0.0,0.0,0.0,0,0.0,0.0,0.0,0.0,0
2,monolithic_k8s_1svc,19,86.55015899967111,83.18747099974644,3.362687999924674,602112,1,83.18747099974644,0.28293100012888317,0.025213000299117994,0.0,602112,0.0,0.0,0.0,0.0,0,0.0,0.0,0.0,0.0,0,0.0,0.0,0.0,0.0,0,0.0,0.0,0.0,0.0,0
2,monolithic_k8s_1svc,20,87.81737400022394,84.29160500008948,3.52576900013446,602112,1,84.29160500008948,0.27475900014906074,0.02374599989707349,0.0,602112,0.0,0.0,0.0,0.0,0,0.0,0.0,0.0,0.0,0,0.0,0.0,0.0,0.0,0,0.0,0.0,0.0,0.0,0
2,monolithic_k8s_1svc,21,88.33162200016886,84.90258399979211,3.4290380003767496,602112,1,84.90258399979211,0.2959210000881285,0.025212999844370643,0.0,602112,0.0,0.0,0.0,0.0,0,0.0,0.0,0.0,0.0,0,0.0,0.0,0.0,0.0,0,0.0,0.0,0.0,0.0,0
2,monolithic_k8s_1svc,22,90.42255499980456,87.13641399981498,3.286140999989584,602112,1,87.13641399981498,0.27762200033976114,0.028076000035071047,0.0,602112,0.0,0.0,0.0,0.0,0,0.0,0.0,0.0,0.0,0,0.0,0.0,0.0,0.0,0,0.0,0.0,0.0,0.0,0
2,monolithic_k8s_1svc,23,85.7566129998304,82.63648699994519,3.120125999885204,602112,1,82.63648699994519,0.2942440000879287,0.023955999949976103,0.0,602112,0.0,0.0,0.0,0.0,0,0.0,0.0,0.0,0.0,0,0.0,0.0,0.0,0.0,0,0.0,0.0,0.0,0.0,0
2,monolithic_k8s_1svc,24,86.19186900023124,82.48150700001133,3.7103620002199023,602112,1,82.48150700001133,0.2527589999772317,0.024304999897140078,0.0,602112,0.0,0.0,0.0,0.0,0,0.0,0.0,0.0,0.0,0,0.0,0.0,0.0,0.0,0,0.0,0.0,0.0,0.0,0
2,monolithic_k8s_1svc,25,86.83825900016018,83.51349499980643,3.3247640003537526,602112,1,83.51349499980643,0.27552700021260534,0.027238000257057138,0.0,602112,0.0,0.0,0.0,0.0,0,0.0,0.0,0.0,0.0,0,0.0,0.0,0.0,0.0,0,0.0,0.0,0.0,0.0,0
2,monolithic_k8s_1svc,26,93.1926339999336,89.92220800018913,3.270425999744475,602112,1,89.92220800018913,0.338593999913428,0.03010199998243479,0.0,602112,0.0,0.0,0.0,0.0,0,0.0,0.0,0.0,0.0,0,0.0,0.0,0.0,0.0,0,0.0,0.0,0.0,0.0,0
2,monolithic_k8s_1svc,27,88.24865099995804,84.76792900000873,3.48072199994931,602112,1,84.76792900000873,0.2647710002747772,0.024304999897140078,0.0,602112,0.0,0.0,0.0,0.0,0,0.0,0.0,0.0,0.0,0,0.0,0.0,0.0,0.0,0,0.0,0.0,0.0,0.0,0
2,monolithic_k8s_1svc,28,86.08661800008122,82.35048400001688,3.7361340000643395,602112,1,82.35048400001688,0.2549939999880735,0.026748999971459853,0.0,602112,0.0,0.0,0.0,0.0,0,0.0,0.0,0.0,0.0,0,0.0,0.0,0.0,0.0,0,0.0,0.0,0.0,0.0,0
2,monolithic_k8s_1svc,29,86.85495100007756,83.47990099991875,3.375050000158808,602112,1,83.47990099991875,0.32462599983773543,0.026610000077198492,0.0,602112,0.0,0.0,0.0,0.0,0,0.0,0.0,0.0,0.0,0,0.0,0.0,0.0,0.0,0,0.0,0.0,0.0,0.0,0
2,monolithic_k8s_1svc,30,85.2177820001998,81.93108299974483,3.2866990004549734,602112,1,81.93108299974483,0.2647010001055605,0.02346700011912617,0.0,602112,0.0,0.0,0.0,0.0,0,0.0,0.0,0.0,0.0,0,0.0,0.0,0.0,0.0,0,0.0,0.0,0.0,0.0,0
2,monolithic_k8s_1svc,31,84.15387800005192,80.82890400010001,3.324973999951908,602112,1,80.82890400010001,0.2593239996713237,0.025702000129967928,0.0,602112,0.0,0.0,0.0,0.0,0,0.0,0.0,0.0,0.0,0,0.0,0.0,0.0,0.0,0,0.0,0.0,0.0,0.0,0
2,monolithic_k8s_1svc,32,82.41676399984499,79.32066400007898,3.096099999766011,602112,1,79.32066400007898,0.2652600001056271,0.025771999844437232,0.0,602112,0.0,0.0,0.0,0.0,0,0.0,0.0,0.0,0.0,0,0.0,0.0,0.0,0.0,0,0.0,0.0,0.0,0.0,0
2,monolithic_k8s_1svc,33,81.57956700006253,77.8015979999509,3.777969000111625,602112,1,77.8015979999509,0.2586250002423185,0.02179099965360365,0.0,602112,0.0,0.0,0.0,0.0,0,0.0,0.0,0.0,0.0,0,0.0,0.0,0.0,0.0,0,0.0,0.0,0.0,0.0,0
2,monolithic_k8s_1svc,34,80.01098300019294,76.49617900005978,3.5148040001331537,602112,1,76.49617900005978,0.2871910000976641,0.024234999727923423,0.0,602112,0.0,0.0,0.0,0.0,0,0.0,0.0,0.0,0.0,0,0.0,0.0,0.0,0.0,0,0.0,0.0,0.0,0.0,0
2,monolithic_k8s_1svc,35,81.9639780002035,78.60904300014226,3.354935000061232,602112,1,78.60904300014226,0.27322200003254693,0.023257000066223554,0.0,602112,0.0,0.0,0.0,0.0,0,0.0,0.0,0.0,0.0,0,0.0,0.0,0.0,0.0,0,0.0,0.0,0.0,0.0,0
2,monolithic_k8s_1svc,36,82.9860470003041,79.50553500040769,3.4805119998964074,602112,1,79.50553500040769,0.2734319996307022,0.026190999960817862,0.0,602112,0.0,0.0,0.0,0.0,0,0.0,0.0,0.0,0.0,0,0.0,0.0,0.0,0.0,0,0.0,0.0,0.0,0.0,0
2,monolithic_k8s_1svc,37,88.74376199992184,85.44442099992011,3.299341000001732,602112,1,85.44442099992011,0.353611000264209,0.03107899965471006,0.0,602112,0.0,0.0,0.0,0.0,0,0.0,0.0,0.0,0.0,0,0.0,0.0,0.0,0.0,0,0.0,0.0,0.0,0.0,0
2,monolithic_k8s_1svc,38,82.67399400028808,79.69997800000783,2.974016000280244,602112,1,79.69997800000783,0.2845359999810171,0.03526999989844626,0.0,602112,0.0,0.0,0.0,0.0,0,0.0,0.0,0.0,0.0,0,0.0,0.0,0.0,0.0,0,0.0,0.0,0.0,0.0,0
2,monolithic_k8s_1svc,39,79.95832400001746,76.88156900030663,3.076754999710829,602112,1,76.88156900030663,0.27196499968340504,0.02276799978062627,0.0,602112,0.0,0.0,0.0,0.0,0,0.0,0.0,0.0,0.0,0,0.0,0.0,0.0,0.0,0,0.0,0.0,0.0,0.0,0
2,monolithic_k8s_1svc,40,79.43499600014547,75.94610299975102,3.488893000394455,602112,1,75.94610299975102,0.27999700023428886,0.02193099999203696,0.0,602112,0.0,0.0,0.0,0.0,0,0.0,0.0,0.0,0.0,0,0.0,0.0,0.0,0.0,0,0.0,0.0,0.0,0.0,0
2,monolithic_k8s_1svc,41,79.02488399986396,75.93087799978093,3.094006000083027,602112,1,75.93087799978093,0.26092999996762956,0.02248900000267895,0.0,602112,0.0,0.0,0.0,0.0,0,0.0,0.0,0.0,0.0,0,0.0,0.0,0.0,0.0,0,0.0,0.0,0.0,0.0,0
2,monolithic_k8s_1svc,42,77.82646200030285,74.03124299980846,3.7952190004943986,602112,1,74.03124299980846,0.268962000063766,0.026470000193512533,0.0,602112,0.0,0.0,0.0,0.0,0,0.0,0.0,0.0,0.0,0,0.0,0.0,0.0,0.0,0,0.0,0.0,0.0,0.0,0
2,monolithic_k8s_1svc,43,78.37451300019893,75.30523300010827,3.0692800000906573,602112,1,75.30523300010827,0.3201559998160519,0.023396999949909514,0.0,602112,0.0,0.0,0.0,0.0,0,0.0,0.0,0.0,0.0,0,0.0,0.0,0.0,0.0,0,0.0,0.0,0.0,0.0,0
2,monolithic_k8s_1svc,44,81.91229600015504,78.7723339999502,3.1399620002048323,602112,1,78.7723339999502,0.3025559999514371,0.022978000288276235,0.0,602112,0.0,0.0,0.0,0.0,0,0.0,0.0,0.0,0.0,0,0.0,0.0,0.0,0.0,0,0.0,0.0,0.0,0.0,0
2,monolithic_k8s_1svc,45,83.24209000011251,79.45923199986282,3.782858000249689,602112,1,79.45923199986282,0.3680680001707515,0.02248900000267895,0.0,602112,0.0,0.0,0.0,0.0,0,0.0,0.0,0.0,0.0,0,0.0,0.0,0.0,0.0,0,0.0,0.0,0.0,0.0,0
2,monolithic_k8s_1svc,46,80.9989009999299,77.47676300004969,3.522137999880215,602112,1,77.47676300004969,0.34432199981893064,0.03429200023674639,0.0,602112,0.0,0.0,0.0,0.0,0,0.0,0.0,0.0,0.0,0,0.0,0.0,0.0,0.0,0,0.0,0.0,0.0,0.0,0
2,monolithic_k8s_1svc,47,78.53668699999616,75.36676300014733,3.1699239998488338,602112,1,75.36676300014733,0.32253099971057964,0.025212999844370643,0.0,602112,0.0,0.0,0.0,0.0,0,0.0,0.0,0.0,0.0,0,0.0,0.0,0.0,0.0,0,0.0,0.0,0.0,0.0,0
2,monolithic_k8s_1svc,48,81.14689600006386,77.77694500009602,3.369950999967841,602112,1,77.77694500009602,0.33140100003947737,0.0485399996250635,0.0,602112,0.0,0.0,0.0,0.0,0,0.0,0.0,0.0,0.0,0,0.0,0.0,0.0,0.0,0,0.0,0.0,0.0,0.0,0
2,monolithic_k8s_1svc,49,79.09144399991419,75.36089699988224,3.7305470000319474,602112,1,75.36089699988224,0.32364800017603557,0.022420000277634244,0.0,602112,0.0,0.0,0.0,0.0,0,0.0,0.0,0.0,0.0,0,0.0,0.0,0.0,0.0,0,0.0,0.0,0.0,0.0,0
2,monolithic_k8s_1svc,50,78.60171100037405,75.41202200036423,3.189689000009821,602112,1,75.41202200036423,0.2771329995994165,0.02248900000267895,0.0,602112,0.0,0.0,0.0,0.0,0,0.0,0.0,0.0,0.0,0,0.0,0.0,0.0,0.0,0,0.0,0.0,0.0,0.0,0
2,monolithic_k8s_1svc,51,81.92060800001855,78.70940700013307,3.2112009998854774,602112,1,78.70940700013307,0.293546999728278,0.025771999844437232,0.0,602112,0.0,0.0,0.0,0.0,0,0.0,0.0,0.0,0.0,0,0.0,0.0,0.0,0.0,0,0.0,0.0,0.0,0.0,0
2,monolithic_k8s_1svc,52,81.69250400032979,78.40999500012913,3.282509000200662,602112,1,78.40999500012913,0.3092609999839624,0.026329999855079222,0.0,602112,0.0,0.0,0.0,0.0,0,0.0,0.0,0.0,0.0,0,0.0,0.0,0.0,0.0,0,0.0,0.0,0.0,0.0,0
2,monolithic_k8s_1svc,53,78.08830200019656,75.16359400005967,2.9247080001368886,602112,1,75.16359400005967,0.2905430001192144,0.026610000077198492,0.0,602112,0.0,0.0,0.0,0.0,0,0.0,0.0,0.0,0.0,0,0.0,0.0,0.0,0.0,0,0.0,0.0,0.0,0.0,0
2,monolithic_k8s_1svc,54,79.57537999982378,75.94966600026964,3.6257139995541365,602112,1,75.94966600026964,0.2938259999609727,0.023258000055648154,0.0,602112,0.0,0.0,0.0,0.0,0,0.0,0.0,0.0,0.0,0,0.0,0.0,0.0,0.0,0,0.0,0.0,0.0,0.0,0
2,monolithic_k8s_1svc,55,77.74656399988089,74.14138399963122,3.6051800002496748,602112,1,74.14138399963122,0.3203660003237019,0.022000000171829015,0.0,602112,0.0,0.0,0.0,0.0,0,0.0,0.0,0.0,0.0,0,0.0,0.0,0.0,0.0,0,0.0,0.0,0.0,0.0,0
2,monolithic_k8s_1svc,56,78.23112899995976,74.67008900039218,3.5610399995675834,602112,1,74.67008900039218,0.2933369996753754,0.024304999897140078,0.0,602112,0.0,0.0,0.0,0.0,0,0.0,0.0,0.0,0.0,0,0.0,0.0,0.0,0.0,0,0.0,0.0,0.0,0.0,0
2,monolithic_k8s_1svc,57,79.47466799987524,76.22093300005872,3.2537349998165155,602112,1,76.22093300005872,0.26749600010589347,0.023257000066223554,0.0,602112,0.0,0.0,0.0,0.0,0,0.0,0.0,0.0,0.0,0,0.0,0.0,0.0,0.0,0,0.0,0.0,0.0,0.0,0
2,monolithic_k8s_1svc,58,78.80886300017664,75.61749800015605,3.191365000020596,602112,1,75.61749800015605,0.29431399980239803,0.022977999833528884,0.0,602112,0.0,0.0,0.0,0.0,0,0.0,0.0,0.0,0.0,0,0.0,0.0,0.0,0.0,0,0.0,0.0,0.0,0.0,0
2,monolithic_k8s_1svc,59,77.27534000014202,73.80579300024692,3.469546999895101,602112,1,73.80579300024692,0.2898449997701391,0.023955999949976103,0.0,602112,0.0,0.0,0.0,0.0,0,0.0,0.0,0.0,0.0,0,0.0,0.0,0.0,0.0,0,0.0,0.0,0.0,0.0,0
2,monolithic_k8s_1svc,60,78.68524199966487,74.87717100002556,3.8080709996393125,602112,1,74.87717100002556,0.27510799964147736,0.0295429999823682,0.0,602112,0.0,0.0,0.0,0.0,0,0.0,0.0,0.0,0.0,0,0.0,0.0,0.0,0.0,0,0.0,0.0,0.0,0.0,0
2,monolithic_k8s_1svc,61,87.75549800020599,84.21980999992229,3.535688000283699,602112,1,84.21980999992229,0.3717700001288904,0.02856599985534558,0.0,602112,0.0,0.0,0.0,0.0,0,0.0,0.0,0.0,0.0,0,0.0,0.0,0.0,0.0,0,0.0,0.0,0.0,0.0,0
2,monolithic_k8s_1svc,62,98.46711399995911,95.31388300001709,3.153230999942025,602112,1,95.31388300001709,0.30611800002589007,0.027168000087840483,0.0,602112,0.0,0.0,0.0,0.0,0,0.0,0.0,0.0,0.0,0,0.0,0.0,0.0,0.0,0,0.0,0.0,0.0,0.0,0
2,monolithic_k8s_1svc,63,96.0187290002068,92.27470299993001,3.74402600027679,602112,1,92.27470299993001,0.3218329998162517,0.026679000256990548,0.0,602112,0.0,0.0,0.0,0.0,0,0.0,0.0,0.0,0.0,0,0.0,0.0,0.0,0.0,0,0.0,0.0,0.0,0.0,0
2,monolithic_k8s_1svc,64,83.41488199994274,80.35223500019129,3.0626469997514505,602112,1,80.35223500019129,0.26099999968209886,0.027727000087907072,0.0,602112,0.0,0.0,0.0,0.0,0,0.0,0.0,0.0,0.0,0,0.0,0.0,0.0,0.0,0,0.0,0.0,0.0,0.0,0
2,monolithic_k8s_1svc,65,83.34881099972336,80.32834899995578,3.0204619997675763,602112,1,80.32834899995578,0.3249060000598547,0.025213000299117994,0.0,602112,0.0,0.0,0.0,0.0,0,0.0,0.0,0.0,0.0,0,0.0,0.0,0.0,0.0,0,0.0,0.0,0.0,0.0,0
2,monolithic_k8s_1svc,66,83.94149099967763,79.32227300034356,4.619217999334069,602112,1,79.32227300034356,0.3045119997295842,0.02290799966431223,0.0,602112,0.0,0.0,0.0,0.0,0,0.0,0.0,0.0,0.0,0,0.0,0.0,0.0,0.0,0,0.0,0.0,0.0,0.0,0
2,monolithic_k8s_1svc,67,84.3096290000176,80.74125600023763,3.5683729997799674,602112,1,80.74125600023763,0.3467659998932504,0.022699000055581564,0.0,602112,0.0,0.0,0.0,0.0,0,0.0,0.0,0.0,0.0,0,0.0,0.0,0.0,0.0,0,0.0,0.0,0.0,0.0,0
2,monolithic_k8s_1svc,68,89.1297820003274,84.75452300035613,4.375258999971265,602112,1,84.75452300035613,0.3382459999556886,0.055036000048858114,0.0,602112,0.0,0.0,0.0,0.0,0,0.0,0.0,0.0,0.0,0,0.0,0.0,0.0,0.0,0,0.0,0.0,0.0,0.0,0
2,monolithic_k8s_1svc,69,83.72072000020125,80.50595800023075,3.2147619999705057,602112,1,80.50595800023075,0.29319699979168945,0.05245099964668043,0.0,602112,0.0,0.0,0.0,0.0,0,0.0,0.0,0.0,0.0,0,0.0,0.0,0.0,0.0,0,0.0,0.0,0.0,0.0,0
2,monolithic_k8s_1svc,70,83.89057600015803,80.82003800018356,3.0705379999744764,602112,1,80.82003800018356,0.32714000008127186,0.024653999844304053,0.0,602112,0.0,0.0,0.0,0.0,0,0.0,0.0,0.0,0.0,0,0.0,0.0,0.0,0.0,0,0.0,0.0,0.0,0.0,0
2,monolithic_k8s_1svc,71,85.85055599996849,82.5169919999098,3.3335640000586864,602112,1,82.5169919999098,0.3198770000381046,0.02912399986598757,0.0,602112,0.0,0.0,0.0,0.0,0,0.0,0.0,0.0,0.0,0,0.0,0.0,0.0,0.0,0,0.0,0.0,0.0,0.0,0
2,monolithic_k8s_1svc,72,79.4728529999702,75.84874500025762,3.624107999712578,602112,1,75.84874500025762,0.3344039996591164,0.02290900010848418,0.0,602112,0.0,0.0,0.0,0.0,0,0.0,0.0,0.0,0.0,0,0.0,0.0,0.0,0.0,0,0.0,0.0,0.0,0.0,0
2,monolithic_k8s_1svc,73,79.33770899990122,76.0706350001783,3.267073999722925,602112,1,76.0706350001783,0.31345099978352664,0.023816000066290144,0.0,602112,0.0,0.0,0.0,0.0,0,0.0,0.0,0.0,0.0,0,0.0,0.0,0.0,0.0,0,0.0,0.0,0.0,0.0,0
2,monolithic_k8s_1svc,74,80.59088600020914,77.28952000024947,3.301365999959671,602112,1,77.28952000024947,0.32616199996482464,0.023885999780759448,0.0,602112,0.0,0.0,0.0,0.0,0,0.0,0.0,0.0,0.0,0,0.0,0.0,0.0,0.0,0,0.0,0.0,0.0,0.0,0
2,monolithic_k8s_1svc,75,79.82695400005468,76.80830800018157,3.018645999873115,602112,1,76.80830800018157,0.25401599987162626,0.02276800023537362,0.0,602112,0.0,0.0,0.0,0.0,0,0.0,0.0,0.0,0.0,0,0.0,0.0,0.0,0.0,0,0.0,0.0,0.0,0.0,0
2,monolithic_k8s_1svc,76,79.52677200000835,76.45972499994969,3.0670470000586647,602112,1,76.45972499994969,0.2642130002641352,0.0372260001313407,0.0,602112,0.0,0.0,0.0,0.0,0,0.0,0.0,0.0,0.0,0,0.0,0.0,0.0,0.0,0,0.0,0.0,0.0,0.0,0
2,monolithic_k8s_1svc,77,80.49708899989128,77.37423800017496,3.12285099971632,602112,1,77.37423800017496,0.2927779996753088,0.02346700011912617,0.0,602112,0.0,0.0,0.0,0.0,0,0.0,0.0,0.0,0.0,0,0.0,0.0,0.0,0.0,0,0.0,0.0,0.0,0.0,0
2,monolithic_k8s_1svc,78,81.05526700001064,77.50582000016948,3.549446999841166,602112,1,77.50582000016948,0.35863899984178715,0.023327999770117458,0.0,602112,0.0,0.0,0.0,0.0,0,0.0,0.0,0.0,0.0,0,0.0,0.0,0.0,0.0,0,0.0,0.0,0.0,0.0,0
2,monolithic_k8s_1svc,79,81.43786199980241,77.79287099992871,3.6449909998736985,602112,1,77.79287099992871,0.31631499996365164,0.05231200020716642,0.0,602112,0.0,0.0,0.0,0.0,0,0.0,0.0,0.0,0.0,0,0.0,0.0,0.0,0.0,0,0.0,0.0,0.0,0.0,0
2,monolithic_k8s_1svc,80,83.32003699979396,80.17553600029714,3.144500999496813,602112,1,80.17553600029714,0.319666999985202,0.02276799978062627,0.0,602112,0.0,0.0,0.0,0.0,0,0.0,0.0,0.0,0.0,0,0.0,0.0,0.0,0.0,0,0.0,0.0,0.0,0.0,0
2,monolithic_k8s_1svc,81,84.96670399972572,81.30530200014618,3.661401999579539,602112,1,81.30530200014618,0.39223299972945824,0.026748999971459853,0.0,602112,0.0,0.0,0.0,0.0,0,0.0,0.0,0.0,0.0,0,0.0,0.0,0.0,0.0,0,0.0,0.0,0.0,0.0,0
2,monolithic_k8s_1svc,82,86.91802299972551,82.98821800008227,3.9298049996432383,602112,1,82.98821800008227,0.42966799992427696,0.041974999930971535,0.0,602112,0.0,0.0,0.0,0.0,0,0.0,0.0,0.0,0.0,0,0.0,0.0,0.0,0.0,0,0.0,0.0,0.0,0.0,0
2,monolithic_k8s_1svc,83,79.43374200021935,75.86055000001579,3.573192000203562,602112,1,75.86055000001579,0.29396499985523405,0.02151100034097908,0.0,602112,0.0,0.0,0.0,0.0,0,0.0,0.0,0.0,0.0,0,0.0,0.0,0.0,0.0,0,0.0,0.0,0.0,0.0,0
2,monolithic_k8s_1svc,84,79.75047599984464,76.16520200008381,3.5852739997608296,602112,1,76.16520200008381,0.31177499977275147,0.0217900001189264,0.0,602112,0.0,0.0,0.0,0.0,0,0.0,0.0,0.0,0.0,0,0.0,0.0,0.0,0.0,0,0.0,0.0,0.0,0.0,0
2,monolithic_k8s_1svc,85,77.22826799999893,73.66066299982776,3.56760500017117,602112,1,73.66066299982776,0.28174299995953334,0.022837999949842924,0.0,602112,0.0,0.0,0.0,0.0,0,0.0,0.0,0.0,0.0,0,0.0,0.0,0.0,0.0,0,0.0,0.0,0.0,0.0,0
2,monolithic_k8s_1svc,86,79.0091730000313,75.85398600031112,3.155186999720172,602112,1,75.85398600031112,0.30032099994059536,0.023816000066290144,0.0,602112,0.0,0.0,0.0,0.0,0,0.0,0.0,0.0,0.0,0,0.0,0.0,0.0,0.0,0,0.0,0.0,0.0,0.0,0
2,monolithic_k8s_1svc,87,77.47942200012403,73.92040700005964,3.5590150000643916,602112,1,73.92040700005964,0.3631790000326873,0.023118000171962194,0.0,602112,0.0,0.0,0.0,0.0,0,0.0,0.0,0.0,0.0,0,0.0,0.0,0.0,0.0,0,0.0,0.0,0.0,0.0,0
2,monolithic_k8s_1svc,88,78.22456700023395,74.8582470000656,3.3663200001683435,602112,1,74.8582470000656,0.29068300000290037,0.026190999960817862,0.0,602112,0.0,0.0,0.0,0.0,0,0.0,0.0,0.0,0.0,0,0.0,0.0,0.0,0.0,0,0.0,0.0,0.0,0.0,0
2,monolithic_k8s_1svc,89,76.7718510001032,73.48682700012432,3.2850239999788755,602112,1,73.48682700012432,0.2996929997607367,0.025770999855012633,0.0,602112,0.0,0.0,0.0,0.0,0,0.0,0.0,0.0,0.0,0,0.0,0.0,0.0,0.0,0,0.0,0.0,0.0,0.0,0
2,monolithic_k8s_1svc,90,76.54172100001233,73.5688219997428,2.9728990002695355,602112,1,73.5688219997428,0.29585099991891184,0.02276900022479822,0.0,602112,0.0,0.0,0.0,0.0,0,0.0,0.0,0.0,0.0,0,0.0,0.0,0.0,0.0,0,0.0,0.0,0.0,0.0,0
2,monolithic_k8s_1svc,91,76.64117600006648,73.27457700012019,3.366598999946291,602112,1,73.27457700012019,0.25995199985118234,0.02290799966431223,0.0,602112,0.0,0.0,0.0,0.0,0,0.0,0.0,0.0,0.0,0,0.0,0.0,0.0,0.0,0,0.0,0.0,0.0,0.0,0
2,monolithic_k8s_1svc,92,80.53291900023396,76.9412879999436,3.591631000290363,602112,1,76.9412879999436,0.31226400005834876,0.024236000172095373,0.0,602112,0.0,0.0,0.0,0.0,0,0.0,0.0,0.0,0.0,0,0.0,0.0,0.0,0.0,0,0.0,0.0,0.0,0.0,0
2,monolithic_k8s_1svc,93,77.4572119998993,74.22512900029687,3.232082999602426,602112,1,74.22512900029687,0.2957809997496952,0.022837999949842924,0.0,602112,0.0,0.0,0.0,0.0,0,0.0,0.0,0.0,0.0,0,0.0,0.0,0.0,0.0,0,0.0,0.0,0.0,0.0,0
2,monolithic_k8s_1svc,94,77.10332199985714,73.40441299993472,3.6989089999224234,602112,1,73.40441299993472,0.2988549999827228,0.022837999949842924,0.0,602112,0.0,0.0,0.0,0.0,0,0.0,0.0,0.0,0.0,0,0.0,0.0,0.0,0.0,0,0.0,0.0,0.0,0.0,0
2,monolithic_k8s_1svc,95,77.23574300007385,73.83687599985933,3.3988670002145227,602112,1,73.83687599985933,0.28097499989598873,0.02234900011899299,0.0,602112,0.0,0.0,0.0,0.0,0,0.0,0.0,0.0,0.0,0,0.0,0.0,0.0,0.0,0,0.0,0.0,0.0,0.0,0
2,monolithic_k8s_1svc,96,77.47537100021873,73.79825300040466,3.6771179998140724,602112,1,73.79825300040466,0.2605810000204656,0.02332699978069286,0.0,602112,0.0,0.0,0.0,0.0,0,0.0,0.0,0.0,0.0,0,0.0,0.0,0.0,0.0,0,0.0,0.0,0.0,0.0,0
2,monolithic_k8s_1svc,97,77.29887999994389,73.94254700011516,3.3563329998287372,602112,1,73.94254700011516,0.30786399975113454,0.022698000066156965,0.0,602112,0.0,0.0,0.0,0.0,0,0.0,0.0,0.0,0.0,0,0.0,0.0,0.0,0.0,0,0.0,0.0,0.0,0.0,0
2,monolithic_k8s_1svc,98,78.56455899991488,75.22303199993985,3.3415269999750308,602112,1,75.22303199993985,0.3054899998460314,0.023677000172028784,0.0,602112,0.0,0.0,0.0,0.0,0,0.0,0.0,0.0,0.0,0,0.0,0.0,0.0,0.0,0,0.0,0.0,0.0,0.0,0
2,monolithic_k8s_1svc,99,83.28707400005442,79.5322919998398,3.754782000214618,602112,1,79.5322919998398,0.3483020000203396,0.028215999918757007,0.0,602112,0.0,0.0,0.0,0.0,0,0.0,0.0,0.0,0.0,0,0.0,0.0,0.0,0.0,0,0.0,0.0,0.0,0.0,0
2,monolithic_k8s_1svc,100,82.2896579998087,78.8981949999652,3.3914629998434975,602112,1,78.8981949999652,0.32050600020738784,0.03289500000391854,0.0,602112,0.0,0.0,0.0,0.0,0,0.0,0.0,0.0,0.0,0,0.0,0.0,0.0,0.0,0,0.0,0.0,0.0,0.0,0
2,monolithic_k8s_1svc,101,83.05449900035455,78.5255179998785,4.528981000476051,602112,1,78.5255179998785,0.40878500021790387,0.025353000182803953,0.0,602112,0.0,0.0,0.0,0.0,0,0.0,0.0,0.0,0.0,0,0.0,0.0,0.0,0.0,0,0.0,0.0,0.0,0.0,0
2,monolithic_k8s_1svc,102,80.4903859998376,77.23434599984103,3.256039999996574,602112,1,77.23434599984103,0.3158260001328017,0.02276899977005087,0.0,602112,0.0,0.0,0.0,0.0,0,0.0,0.0,0.0,0.0,0,0.0,0.0,0.0,0.0,0,0.0,0.0,0.0,0.0,0
2,monolithic_k8s_1svc,103,76.89079300007506,73.29343500032337,3.5973579997516936,602112,1,73.29343500032337,0.29585099991891184,0.021580999600701034,0.0,602112,0.0,0.0,0.0,0.0,0,0.0,0.0,0.0,0.0,0,0.0,0.0,0.0,0.0,0,0.0,0.0,0.0,0.0,0
2,monolithic_k8s_1svc,104,77.01476300007926,73.56847299979563,3.446290000283625,602112,1,73.56847299979563,0.26651799998944625,0.02290800011905958,0.0,602112,0.0,0.0,0.0,0.0,0,0.0,0.0,0.0,0.0,0,0.0,0.0,0.0,0.0,0,0.0,0.0,0.0,0.0,0
2,monolithic_k8s_1svc,105,76.75278499982596,73.43521399980091,3.3175710000250547,602112,1,73.43521399980091,0.2693120000003546,0.02248900000267895,0.0,602112,0.0,0.0,0.0,0.0,0,0.0,0.0,0.0,0.0,0,0.0,0.0,0.0,0.0,0,0.0,0.0,0.0,0.0,0
2,monolithic_k8s_1svc,106,77.09570899987739,73.85741100006271,3.2382979998146766,602112,1,73.85741100006271,0.31366099983642926,0.02262799989694031,0.0,602112,0.0,0.0,0.0,0.0,0,0.0,0.0,0.0,0.0,0,0.0,0.0,0.0,0.0,0,0.0,0.0,0.0,0.0,0
2,monolithic_k8s_1svc,107,80.67330299991227,77.07887800006574,3.594424999846524,602112,1,77.07887800006574,0.2765049998743052,0.02332699978069286,0.0,602112,0.0,0.0,0.0,0.0,0,0.0,0.0,0.0,0.0,0,0.0,0.0,0.0,0.0,0,0.0,0.0,0.0,0.0,0
2,monolithic_k8s_1svc,108,84.24873000012667,80.52928799997972,3.7194420001469553,602112,1,80.52928799997972,0.35954700024376507,0.04469899977266323,0.0,602112,0.0,0.0,0.0,0.0,0,0.0,0.0,0.0,0.0,0,0.0,0.0,0.0,0.0,0,0.0,0.0,0.0,0.0,0
2,monolithic_k8s_1svc,109,85.71394800037524,81.42180000004373,4.292148000331508,602112,1,81.42180000004373,0.3515859998515225,0.03331500010972377,0.0,602112,0.0,0.0,0.0,0.0,0,0.0,0.0,0.0,0.0,0,0.0,0.0,0.0,0.0,0,0.0,0.0,0.0,0.0,0
2,monolithic_k8s_1svc,110,84.27052099978027,80.92578200012213,3.344738999658148,602112,1,80.92578200012213,0.27615599992714124,0.022977999833528884,0.0,602112,0.0,0.0,0.0,0.0,0,0.0,0.0,0.0,0.0,0,0.0,0.0,0.0,0.0,0,0.0,0.0,0.0,0.0,0
2,monolithic_k8s_1svc,111,88.20088699985718,84.39295499965738,3.8079320001997985,602112,1,84.39295499965738,0.4067600002599647,0.03729600030055735,0.0,602112,0.0,0.0,0.0,0.0,0,0.0,0.0,0.0,0.0,0,0.0,0.0,0.0,0.0,0,0.0,0.0,0.0,0.0,0
2,monolithic_k8s_1svc,112,84.96112100010578,81.1627570001292,3.798363999976573,602112,1,81.1627570001292,0.3378259998498834,0.03052100009881542,0.0,602112,0.0,0.0,0.0,0.0,0,0.0,0.0,0.0,0.0,0,0.0,0.0,0.0,0.0,0,0.0,0.0,0.0,0.0,0
2,monolithic_k8s_1svc,113,84.56085600028018,81.21541799982879,3.345438000451395,602112,1,81.21541799982879,0.2978060001623817,0.023677000172028784,0.0,602112,0.0,0.0,0.0,0.0,0,0.0,0.0,0.0,0.0,0,0.0,0.0,0.0,0.0,0,0.0,0.0,0.0,0.0,0
2,monolithic_k8s_1svc,114,85.3170370000953,82.10178499984977,3.2152520002455276,602112,1,82.10178499984977,0.2921489999607729,0.024304999897140078,0.0,602112,0.0,0.0,0.0,0.0,0,0.0,0.0,0.0,0.0,0,0.0,0.0,0.0,0.0,0,0.0,0.0,0.0,0.0,0
2,monolithic_k8s_1svc,115,81.63719499998479,77.69767999980104,3.9395150001837465,602112,1,77.69767999980104,0.3214829998796631,0.02151200033040368,0.0,602112,0.0,0.0,0.0,0.0,0,0.0,0.0,0.0,0.0,0,0.0,0.0,0.0,0.0,0,0.0,0.0,0.0,0.0,0
2,monolithic_k8s_1svc,116,78.40790399995967,75.08523499973307,3.322669000226597,602112,1,75.08523499973307,0.30046100027902867,0.031009999929665355,0.0,602112,0.0,0.0,0.0,0.0,0,0.0,0.0,0.0,0.0,0,0.0,0.0,0.0,0.0,0,0.0,0.0,0.0,0.0,0
2,monolithic_k8s_1svc,117,76.94394399959492,73.69544799985306,3.2484959997418628,602112,1,73.69544799985306,0.2621170001475548,0.02290800011905958,0.0,602112,0.0,0.0,0.0,0.0,0,0.0,0.0,0.0,0.0,0,0.0,0.0,0.0,0.0,0,0.0,0.0,0.0,0.0,0
2,monolithic_k8s_1svc,118,79.90615799963052,76.28421600020374,3.621941999426781,602112,1,76.28421600020374,0.3025559999514371,0.025142999675153987,0.0,602112,0.0,0.0,0.0,0.0,0,0.0,0.0,0.0,0.0,0,0.0,0.0,0.0,0.0,0,0.0,0.0,0.0,0.0,0
2,monolithic_k8s_1svc,119,85.58739499994772,81.71702399977221,3.87037100017551,602112,1,81.71702399977221,0.3777760002776631,0.0281470001937123,0.0,602112,0.0,0.0,0.0,0.0,0,0.0,0.0,0.0,0.0,0,0.0,0.0,0.0,0.0,0,0.0,0.0,0.0,0.0,0
2,monolithic_k8s_1svc,120,84.9262000001545,81.40545800006294,3.520742000091559,602112,1,81.40545800006294,0.28600299992831424,0.026679999791667797,0.0,602112,0.0,0.0,0.0,0.0,0,0.0,0.0,0.0,0.0,0,0.0,0.0,0.0,0.0,0,0.0,0.0,0.0,0.0,0
2,monolithic_k8s_1svc,121,87.60583200000838,84.16820299999017,3.4376290000182053,602112,1,84.16820299999017,0.3619220001382928,0.03429299977142364,0.0,602112,0.0,0.0,0.0,0.0,0,0.0,0.0,0.0,0.0,0,0.0,0.0,0.0,0.0,0,0.0,0.0,0.0,0.0,0
2,monolithic_k8s_1svc,122,84.73196900013136,80.85377599991261,3.8781930002187437,602112,1,80.85377599991261,0.3392230000827112,0.02332700023544021,0.0,602112,0.0,0.0,0.0,0.0,0,0.0,0.0,0.0,0.0,0,0.0,0.0,0.0,0.0,0,0.0,0.0,0.0,0.0,0
2,monolithic_k8s_1svc,123,80.32744700039984,77.09480399989843,3.2326430005014117,602112,1,77.09480399989843,0.26861300011660205,0.02374599989707349,0.0,602112,0.0,0.0,0.0,0.0,0,0.0,0.0,0.0,0.0,0,0.0,0.0,0.0,0.0,0,0.0,0.0,0.0,0.0,0
2,monolithic_k8s_1svc,124,79.98026099994604,76.54479800021363,3.435462999732408,602112,1,76.54479800021363,0.3093299997090071,0.024653999844304053,0.0,602112,0.0,0.0,0.0,0.0,0,0.0,0.0,0.0,0.0,0,0.0,0.0,0.0,0.0,0,0.0,0.0,0.0,0.0,0
2,monolithic_k8s_1svc,125,78.81990500027314,75.24056600004769,3.5793390002254455,602112,1,75.24056600004769,0.2948729998024646,0.023537000288342824,0.0,602112,0.0,0.0,0.0,0.0,0,0.0,0.0,0.0,0.0,0,0.0,0.0,0.0,0.0,0,0.0,0.0,0.0,0.0,0
2,monolithic_k8s_1svc,126,76.59382599968012,73.48640999998679,3.1074159996933304,602112,1,73.48640999998679,0.27112699990539113,0.026190999960817862,0.0,602112,0.0,0.0,0.0,0.0,0,0.0,0.0,0.0,0.0,0,0.0,0.0,0.0,0.0,0,0.0,0.0,0.0,0.0,0
2,monolithic_k8s_1svc,127,77.14194699974541,73.93815000023096,3.203796999514452,602112,1,73.93815000023096,0.2619779997985461,0.023396999949909514,0.0,602112,0.0,0.0,0.0,0.0,0,0.0,0.0,0.0,0.0,0,0.0,0.0,0.0,0.0,0,0.0,0.0,0.0,0.0,0
2,monolithic_k8s_1svc,128,78.1300740000006,75.02642899999046,3.1036450000101468,602112,1,75.02642899999046,0.2932669999609061,0.024794000182737364,0.0,602112,0.0,0.0,0.0,0.0,0,0.0,0.0,0.0,0.0,0,0.0,0.0,0.0,0.0,0,0.0,0.0,0.0,0.0,0
2,monolithic_k8s_1svc,129,81.01301700025942,78.0200720000721,2.9929450001873192,602112,1,78.0200720000721,0.26938100018014666,0.024793999727990013,0.0,602112,0.0,0.0,0.0,0.0,0,0.0,0.0,0.0,0.0,0,0.0,0.0,0.0,0.0,0,0.0,0.0,0.0,0.0,0
2,monolithic_k8s_1svc,130,77.21192899998641,73.96091800001159,3.251010999974824,602112,1,73.96091800001159,0.26498099987293244,0.022000999706506263,0.0,602112,0.0,0.0,0.0,0.0,0,0.0,0.0,0.0,0.0,0,0.0,0.0,0.0,0.0,0,0.0,0.0,0.0,0.0,0
2,monolithic_k8s_1svc,131,78.00610399999641,74.54144599978463,3.4646580002117844,602112,1,74.54144599978463,0.27706400032911915,0.031987000056687975,0.0,602112,0.0,0.0,0.0,0.0,0,0.0,0.0,0.0,0.0,0,0.0,0.0,0.0,0.0,0,0.0,0.0,0.0,0.0,0
2,monolithic_k8s_1svc,132,78.28693900000872,74.93780000004335,3.349138999965362,602112,1,74.93780000004335,0.30730499975106795,0.02235000010841759,0.0,602112,0.0,0.0,0.0,0.0,0,0.0,0.0,0.0,0.0,0,0.0,0.0,0.0,0.0,0,0.0,0.0,0.0,0.0,0
2,monolithic_k8s_1svc,133,78.57315199998993,75.46790099968348,3.1052510003064526,602112,1,75.46790099968348,0.33349700015605777,0.023396999949909514,0.0,602112,0.0,0.0,0.0,0.0,0,0.0,0.0,0.0,0.0,0,0.0,0.0,0.0,0.0,0,0.0,0.0,0.0,0.0,0
2,monolithic_k8s_1svc,134,83.26786999987235,79.95372099958331,3.314149000289035,602112,1,79.95372099958331,0.3098189999946044,0.03345499999340973,0.0,602112,0.0,0.0,0.0,0.0,0,0.0,0.0,0.0,0.0,0,0.0,0.0,0.0,0.0,0,0.0,0.0,0.0,0.0,0
2,monolithic_k8s_1svc,135,83.60597499995492,79.63021300020046,3.975761999754468,602112,1,79.63021300020046,0.39802999981475295,0.07095999990269775,0.0,602112,0.0,0.0,0.0,0.0,0,0.0,0.0,0.0,0.0,0,0.0,0.0,0.0,0.0,0,0.0,0.0,0.0,0.0,0
2,monolithic_k8s_1svc,136,82.10255499989216,78.37207800002943,3.7304769998627307,602112,1,78.37207800002943,0.3939089997402334,0.026400000024295878,0.0,602112,0.0,0.0,0.0,0.0,0,0.0,0.0,0.0,0.0,0,0.0,0.0,0.0,0.0,0,0.0,0.0,0.0,0.0,0
2,monolithic_k8s_1svc,137,82.32311600022513,79.00680200009447,3.31631400013066,602112,1,79.00680200009447,0.3105880000475736,0.0231879998864315,0.0,602112,0.0,0.0,0.0,0.0,0,0.0,0.0,0.0,0.0,0,0.0,0.0,0.0,0.0,0,0.0,0.0,0.0,0.0,0
2,monolithic_k8s_1svc,138,80.50799000011466,77.384789000007,3.123201000107656,602112,1,77.384789000007,0.32574400029261597,0.026190999960817862,0.0,602112,0.0,0.0,0.0,0.0,0,0.0,0.0,0.0,0.0,0,0.0,0.0,0.0,0.0,0,0.0,0.0,0.0,0.0,0
2,monolithic_k8s_1svc,139,78.96343099992009,76.00436000029731,2.9590709996227815,602112,1,76.00436000029731,0.27936799961025827,0.02276899977005087,0.0,602112,0.0,0.0,0.0,0.0,0,0.0,0.0,0.0,0.0,0,0.0,0.0,0.0,0.0,0,0.0,0.0,0.0,0.0,0
2,monolithic_k8s_1svc,140,80.22645500022918,76.70396799994705,3.5224870002821262,602112,1,76.70396799994705,0.4031290000057197,0.025352999728056602,0.0,602112,0.0,0.0,0.0,0.0,0,0.0,0.0,0.0,0.0,0,0.0,0.0,0.0,0.0,0,0.0,0.0,0.0,0.0,0
2,monolithic_k8s_1svc,141,79.43458599993392,76.20040699976016,3.2341790001737536,602112,1,76.20040699976016,0.30611800002589007,0.024585000119259348,0.0,602112,0.0,0.0,0.0,0.0,0,0.0,0.0,0.0,0.0,0,0.0,0.0,0.0,0.0,0,0.0,0.0,0.0,0.0,0
2,monolithic_k8s_1svc,142,79.51343700005964,76.3544080000429,3.1590290000167442,602112,1,76.3544080000429,0.29235900001367554,0.022977999833528884,0.0,602112,0.0,0.0,0.0,0.0,0,0.0,0.0,0.0,0.0,0,0.0,0.0,0.0,0.0,0,0.0,0.0,0.0,0.0,0
2,monolithic_k8s_1svc,143,81.58006600024237,78.0079209998803,3.5721450003620703,602112,1,78.0079209998803,0.3013689997715119,0.031988000046112575,0.0,602112,0.0,0.0,0.0,0.0,0,0.0,0.0,0.0,0.0,0,0.0,0.0,0.0,0.0,0,0.0,0.0,0.0,0.0,0
2,monolithic_k8s_1svc,144,80.24538300014683,76.98976199981189,3.2556210003349406,602112,1,76.98976199981189,0.3063280000787927,0.023397999939334113,0.0,602112,0.0,0.0,0.0,0.0,0,0.0,0.0,0.0,0.0,0,0.0,0.0,0.0,0.0,0,0.0,0.0,0.0,0.0,0
2,monolithic_k8s_1svc,145,81.36977200001638,77.90287799980433,3.4668940002120507,602112,1,77.90287799980433,0.35158500031684525,0.023677000172028784,0.0,602112,0.0,0.0,0.0,0.0,0,0.0,0.0,0.0,0.0,0,0.0,0.0,0.0,0.0,0,0.0,0.0,0.0,0.0,0
2,monolithic_k8s_1svc,146,78.27415900010237,74.68923199985511,3.584927000247262,602112,1,74.68923199985511,0.3330079998704605,0.0238860002355068,0.0,602112,0.0,0.0,0.0,0.0,0,0.0,0.0,0.0,0.0,0,0.0,0.0,0.0,0.0,0,0.0,0.0,0.0,0.0,0
2,monolithic_k8s_1svc,147,80.03941800006942,76.50945800014597,3.5299599999234488,602112,1,76.50945800014597,0.30465099962384556,0.02332800022486481,0.0,602112,0.0,0.0,0.0,0.0,0,0.0,0.0,0.0,0.0,0,0.0,0.0,0.0,0.0,0,0.0,0.0,0.0,0.0,0
2,monolithic_k8s_1svc,148,77.62141600005634,74.4873200001166,3.1340959999397455,602112,1,74.4873200001166,0.34131799975511967,0.03149899976051529,0.0,602112,0.0,0.0,0.0,0.0,0,0.0,0.0,0.0,0.0,0,0.0,0.0,0.0,0.0,0,0.0,0.0,0.0,0.0,0
2,monolithic_k8s_1svc,149,82.24650100009967,78.84022999996887,3.4062710001308005,602112,1,78.84022999996887,0.3054200001315621,0.025213000299117994,0.0,602112,0.0,0.0,0.0,0.0,0,0.0,0.0,0.0,0.0,0,0.0,0.0,0.0,0.0,0,0.0,0.0,0.0,0.0,0
2,monolithic_k8s_1svc,150,78.08635499986849,74.2087899998296,3.877565000038885,602112,1,74.2087899998296,0.2704290000110632,0.02248900000267895,0.0,602112,0.0,0.0,0.0,0.0,0,0.0,0.0,0.0,0.0,0,0.0,0.0,0.0,0.0,0,0.0,0.0,0.0,0.0,0
2,monolithic_k8s_1svc,151,77.91621900014434,74.08244499993089,3.8337740002134524,602112,1,74.08244499993089,0.29529299990826985,0.023118000171962194,0.0,602112,0.0,0.0,0.0,0.0,0,0.0,0.0,0.0,0.0,0,0.0,0.0,0.0,0.0,0,0.0,0.0,0.0,0.0,0
2,monolithic_k8s_1svc,152,76.88122800027486,73.58565799995631,3.2955700003185484,602112,1,73.58565799995631,0.28621299998121685,0.023817000055714743,0.0,602112,0.0,0.0,0.0,0.0,0,0.0,0.0,0.0,0.0,0,0.0,0.0,0.0,0.0,0,0.0,0.0,0.0,0.0,0
2,monolithic_k8s_1svc,153,78.37326600019878,75.4443670002729,2.9288989999258774,602112,1,75.4443670002729,0.26267599969287403,0.022977999833528884,0.0,602112,0.0,0.0,0.0,0.0,0,0.0,0.0,0.0,0.0,0,0.0,0.0,0.0,0.0,0,0.0,0.0,0.0,0.0,0
2,monolithic_k8s_1svc,154,80.9248089999528,77.37228799987861,3.5525210000741936,602112,1,77.37228799987861,0.391256000057183,0.02235000010841759,0.0,602112,0.0,0.0,0.0,0.0,0,0.0,0.0,0.0,0.0,0,0.0,0.0,0.0,0.0,0,0.0,0.0,0.0,0.0,0
2,monolithic_k8s_1svc,155,77.51686199981123,74.16457900035311,3.3522829994581116,602112,1,74.16457900035311,0.2730129999690689,0.02248900000267895,0.0,602112,0.0,0.0,0.0,0.0,0,0.0,0.0,0.0,0.0,0,0.0,0.0,0.0,0.0,0,0.0,0.0,0.0,0.0,0
2,monolithic_k8s_1svc,156,77.88639599993985,74.19237699969017,3.694019000249682,602112,1,74.19237699969017,0.3009500001098786,0.02486300036252942,0.0,602112,0.0,0.0,0.0,0.0,0,0.0,0.0,0.0,0.0,0,0.0,0.0,0.0,0.0,0,0.0,0.0,0.0,0.0,0
2,monolithic_k8s_1svc,157,81.54654300005859,77.56498399976408,3.98155900029451,602112,1,77.56498399976408,0.3172219999214576,0.02556200024628197,0.0,602112,0.0,0.0,0.0,0.0,0,0.0,0.0,0.0,0.0,0,0.0,0.0,0.0,0.0,0,0.0,0.0,0.0,0.0,0
2,monolithic_k8s_1svc,158,77.81774200020664,74.54612699984864,3.271615000357997,602112,1,74.54612699984864,0.29731800032095634,0.022838999939267524,0.0,602112,0.0,0.0,0.0,0.0,0,0.0,0.0,0.0,0.0,0,0.0,0.0,0.0,0.0,0,0.0,0.0,0.0,0.0,0
2,monolithic_k8s_1svc,159,80.7620760001555,76.7432910001844,4.018784999971103,602112,1,76.7432910001844,0.2988539999932982,0.022977999833528884,0.0,602112,0.0,0.0,0.0,0.0,0,0.0,0.0,0.0,0.0,0,0.0,0.0,0.0,0.0,0,0.0,0.0,0.0,0.0,0
2,monolithic_k8s_1svc,160,79.5674969999709,76.2534880000203,3.3140089999506017,602112,1,76.2534880000203,0.28914699987581116,0.021791000108351,0.0,602112,0.0,0.0,0.0,0.0,0,0.0,0.0,0.0,0.0,0,0.0,0.0,0.0,0.0,0,0.0,0.0,0.0,0.0,0
2,monolithic_k8s_1svc,161,79.38046000026588,76.14188100023966,3.2385790000262205,602112,1,76.14188100023966,0.27769300004365505,0.022837999949842924,0.0,602112,0.0,0.0,0.0,0.0,0,0.0,0.0,0.0,0.0,0,0.0,0.0,0.0,0.0,0,0.0,0.0,0.0,0.0,0
2,monolithic_k8s_1svc,162,78.51232199982405,74.88870399993175,3.6236179998923035,602112,1,74.88870399993175,0.2778319999379164,0.023396999949909514,0.0,602112,0.0,0.0,0.0,0.0,0,0.0,0.0,0.0,0.0,0,0.0,0.0,0.0,0.0,0,0.0,0.0,0.0,0.0,0
2,monolithic_k8s_1svc,163,83.0580669999108,78.60688900018431,4.451177999726497,602112,1,78.60688900018431,0.2711970000746078,0.09742899965203833,0.0,602112,0.0,0.0,0.0,0.0,0,0.0,0.0,0.0,0.0,0,0.0,0.0,0.0,0.0,0,0.0,0.0,0.0,0.0,0
2,monolithic_k8s_1svc,164,91.35244799972497,86.92047599970465,4.431972000020323,602112,1,86.92047599970465,0.3160350001962797,0.06683900028292555,0.0,602112,0.0,0.0,0.0,0.0,0,0.0,0.0,0.0,0.0,0,0.0,0.0,0.0,0.0,0,0.0,0.0,0.0,0.0,0
2,monolithic_k8s_1svc,165,100.72323500025959,97.00323400011257,3.720001000147022,602112,1,97.00323400011257,0.37966099989716895,0.0337340002261044,0.0,602112,0.0,0.0,0.0,0.0,0,0.0,0.0,0.0,0.0,0,0.0,0.0,0.0,0.0,0,0.0,0.0,0.0,0.0,0
2,monolithic_k8s_1svc,166,95.40091600001688,91.41300100009175,3.987914999925124,602112,1,91.41300100009175,0.5478409998431744,0.02332699978069286,0.0,602112,0.0,0.0,0.0,0.0,0,0.0,0.0,0.0,0.0,0,0.0,0.0,0.0,0.0,0,0.0,0.0,0.0,0.0,0
2,monolithic_k8s_1svc,167,80.0784630000635,76.6194610000639,3.4590019999996002,602112,1,76.6194610000639,0.29661899998245644,0.03191799987689592,0.0,602112,0.0,0.0,0.0,0.0,0,0.0,0.0,0.0,0.0,0,0.0,0.0,0.0,0.0,0,0.0,0.0,0.0,0.0,0
2,monolithic_k8s_1svc,168,79.33771699981662,76.41384599992307,2.923870999893552,602112,1,76.41384599992307,0.3042319999622123,0.023327999770117458,0.0,602112,0.0,0.0,0.0,0.0,0,0.0,0.0,0.0,0.0,0,0.0,0.0,0.0,0.0,0,0.0,0.0,0.0,0.0,0
2,monolithic_k8s_1svc,169,79.60472300010224,75.7767469999635,3.827976000138733,602112,1,75.7767469999635,0.4045249997943756,0.023257000066223554,0.0,602112,0.0,0.0,0.0,0.0,0,0.0,0.0,0.0,0.0,0,0.0,0.0,0.0,0.0,0,0.0,0.0,0.0,0.0,0
2,monolithic_k8s_1svc,170,79.84770399980334,76.16800200003127,3.679701999772078,602112,1,76.16800200003127,0.3455790001680725,0.023258000055648154,0.0,602112,0.0,0.0,0.0,0.0,0,0.0,0.0,0.0,0.0,0,0.0,0.0,0.0,0.0,0,0.0,0.0,0.0,0.0,0
2,monolithic_k8s_1svc,171,80.55234099992958,77.68155000030674,2.870790999622841,602112,1,77.68155000030674,0.27140699967276305,0.021791000108351,0.0,602112,0.0,0.0,0.0,0.0,0,0.0,0.0,0.0,0.0,0,0.0,0.0,0.0,0.0,0,0.0,0.0,0.0,0.0,0
2,monolithic_k8s_1svc,172,83.46350200008601,80.5219600001692,2.941541999916808,602112,1,80.5219600001692,0.29445500013025594,0.023885999780759448,0.0,602112,0.0,0.0,0.0,0.0,0,0.0,0.0,0.0,0.0,0,0.0,0.0,0.0,0.0,0,0.0,0.0,0.0,0.0,0
2,monolithic_k8s_1svc,173,84.98990099997172,81.93780100009462,3.0520999998771003,602112,1,81.93780100009462,0.297875999876851,0.024304999897140078,0.0,602112,0.0,0.0,0.0,0.0,0,0.0,0.0,0.0,0.0,0,0.0,0.0,0.0,0.0,0,0.0,0.0,0.0,0.0,0
2,monolithic_k8s_1svc,174,84.45141800029887,80.84539900028176,3.6060190000171133,602112,1,80.84539900028176,0.3345439999975497,0.024375000066356733,0.0,602112,0.0,0.0,0.0,0.0,0,0.0,0.0,0.0,0.0,0,0.0,0.0,0.0,0.0,0,0.0,0.0,0.0,0.0,0
2,monolithic_k8s_1svc,175,84.98885400013023,81.46720400009144,3.5216500000387896,602112,1,81.46720400009144,0.5391109998527099,0.02912499985541217,0.0,602112,0.0,0.0,0.0,0.0,0,0.0,0.0,0.0,0.0,0,0.0,0.0,0.0,0.0,0,0.0,0.0,0.0,0.0,0
2,monolithic_k8s_1svc,176,80.37927300028969,76.81502100012949,3.564252000160195,602112,1,76.81502100012949,0.290753000172117,0.028355999802442966,0.0,602112,0.0,0.0,0.0,0.0,0,0.0,0.0,0.0,0.0,0,0.0,0.0,0.0,0.0,0,0.0,0.0,0.0,0.0,0
2,monolithic_k8s_1svc,177,81.27248499977213,78.01504700000805,3.257437999764079,602112,1,78.01504700000805,0.3571729998839146,0.02472400001352071,0.0,602112,0.0,0.0,0.0,0.0,0,0.0,0.0,0.0,0.0,0,0.0,0.0,0.0,0.0,0,0.0,0.0,0.0,0.0,0
2,monolithic_k8s_1svc,178,81.08684399985577,77.99332700005834,3.09351699979743,602112,1,77.99332700005834,0.29256900006657816,0.030031999813218135,0.0,602112,0.0,0.0,0.0,0.0,0,0.0,0.0,0.0,0.0,0,0.0,0.0,0.0,0.0,0,0.0,0.0,0.0,0.0,0
2,monolithic_k8s_1svc,179,81.07357400012916,77.75083499973334,3.3227390003958135,602112,1,77.75083499973334,0.3808490000665188,0.031009999929665355,0.0,602112,0.0,0.0,0.0,0.0,0,0.0,0.0,0.0,0.0,0,0.0,0.0,0.0,0.0,0,0.0,0.0,0.0,0.0,0
2,monolithic_k8s_1svc,180,80.23686499973337,76.89422100020238,3.342643999530992,602112,1,76.89422100020238,0.32567399966865196,0.026261000130034517,0.0,602112,0.0,0.0,0.0,0.0,0,0.0,0.0,0.0,0.0,0,0.0,0.0,0.0,0.0,0,0.0,0.0,0.0,0.0,0
2,monolithic_k8s_1svc,181,83.79699800025264,80.6475379999938,3.1494600002588413,602112,1,80.6475379999938,0.34969900025316747,0.0295429999823682,0.0,602112,0.0,0.0,0.0,0.0,0,0.0,0.0,0.0,0.0,0,0.0,0.0,0.0,0.0,0,0.0,0.0,0.0,0.0,0
2,monolithic_k8s_1svc,182,80.722268000045,77.47684400010257,3.2454239999424317,602112,1,77.47684400010257,0.3148480000163545,0.022279999939200934,0.0,602112,0.0,0.0,0.0,0.0,0,0.0,0.0,0.0,0.0,0,0.0,0.0,0.0,0.0,0,0.0,0.0,0.0,0.0,0
2,monolithic_k8s_1svc,183,79.94869699996343,76.05506900017645,3.893627999786986,602112,1,76.05506900017645,0.3601059997890843,0.031429000046045985,0.0,602112,0.0,0.0,0.0,0.0,0,0.0,0.0,0.0,0.0,0,0.0,0.0,0.0,0.0,0,0.0,0.0,0.0,0.0,0
2,monolithic_k8s_1svc,184,79.59948699999586,76.47272399981375,3.126763000182109,602112,1,76.47272399981375,0.3262330001234659,0.023746999886498088,0.0,602112,0.0,0.0,0.0,0.0,0,0.0,0.0,0.0,0.0,0,0.0,0.0,0.0,0.0,0,0.0,0.0,0.0,0.0,0
2,monolithic_k8s_1svc,185,80.20879000014247,76.82528799978172,3.3835020003607497,602112,1,76.82528799978172,0.3351020000081917,0.02290800011905958,0.0,602112,0.0,0.0,0.0,0.0,0,0.0,0.0,0.0,0.0,0,0.0,0.0,0.0,0.0,0,0.0,0.0,0.0,0.0,0
2,monolithic_k8s_1svc,186,82.16353100033302,78.82221399995615,3.3413170003768755,602112,1,78.82221399995615,0.2592539999568544,0.02304800000274554,0.0,602112,0.0,0.0,0.0,0.0,0,0.0,0.0,0.0,0.0,0,0.0,0.0,0.0,0.0,0,0.0,0.0,0.0,0.0,0
2,monolithic_k8s_1svc,187,83.12735300023633,79.91838599991752,3.2089670003188075,602112,1,79.91838599991752,0.36094400002184557,0.02514300012990134,0.0,602112,0.0,0.0,0.0,0.0,0,0.0,0.0,0.0,0.0,0,0.0,0.0,0.0,0.0,0,0.0,0.0,0.0,0.0,0
2,monolithic_k8s_1svc,188,79.7982580002099,76.32689499996559,3.4713630002443097,602112,1,76.32689499996559,0.2996220000568428,0.030032000267965486,0.0,602112,0.0,0.0,0.0,0.0,0,0.0,0.0,0.0,0.0,0,0.0,0.0,0.0,0.0,0,0.0,0.0,0.0,0.0,0
2,monolithic_k8s_1svc,189,78.65780499969333,75.54508199973498,3.1127229999583506,602112,1,75.54508199973498,0.2692420002858853,0.02304800000274554,0.0,602112,0.0,0.0,0.0,0.0,0,0.0,0.0,0.0,0.0,0,0.0,0.0,0.0,0.0,0,0.0,0.0,0.0,0.0,0
2,monolithic_k8s_1svc,190,77.39226600006077,73.53586399995038,3.8564020001103927,602112,1,73.53586399995038,0.33880400042107794,0.023256999611476203,0.0,602112,0.0,0.0,0.0,0.0,0,0.0,0.0,0.0,0.0,0,0.0,0.0,0.0,0.0,0,0.0,0.0,0.0,0.0,0
2,monolithic_k8s_1svc,191,78.26585100019656,74.8428890001378,3.42296200005876,602112,1,74.8428890001378,0.2966900001410977,0.022140000055514975,0.0,602112,0.0,0.0,0.0,0.0,0,0.0,0.0,0.0,0.0,0,0.0,0.0,0.0,0.0,0,0.0,0.0,0.0,0.0,0
2,monolithic_k8s_1svc,192,81.63363900030163,78.06016699987595,3.5734720004256815,602112,1,78.06016699987595,0.3293750000921136,0.027169000077265082,0.0,602112,0.0,0.0,0.0,0.0,0,0.0,0.0,0.0,0.0,0,0.0,0.0,0.0,0.0,0,0.0,0.0,0.0,0.0,0
2,monolithic_k8s_1svc,193,79.31404200007819,75.856647999899,3.4573940001791925,602112,1,75.856647999899,0.34243599975525285,0.021791000108351,0.0,602112,0.0,0.0,0.0,0.0,0,0.0,0.0,0.0,0.0,0,0.0,0.0,0.0,0.0,0,0.0,0.0,0.0,0.0,0
2,monolithic_k8s_1svc,194,80.30461299995295,76.95826700000907,3.3463459999438783,602112,1,76.95826700000907,0.3195979998054099,0.02276900022479822,0.0,602112,0.0,0.0,0.0,0.0,0,0.0,0.0,0.0,0.0,0,0.0,0.0,0.0,0.0,0,0.0,0.0,0.0,0.0,0
2,monolithic_k8s_1svc,195,80.38674799990986,77.05897999994704,3.3277679999628162,602112,1,77.05897999994704,0.3332159999445139,0.0238860002355068,0.0,602112,0.0,0.0,0.0,0.0,0,0.0,0.0,0.0,0.0,0,0.0,0.0,0.0,0.0,0,0.0,0.0,0.0,0.0,0
2,monolithic_k8s_1svc,196,82.86293099990871,79.15103100003762,3.7118999998710933,602112,1,79.15103100003762,0.33244900032514124,0.024234999727923423,0.0,602112,0.0,0.0,0.0,0.0,0,0.0,0.0,0.0,0.0,0,0.0,0.0,0.0,0.0,0,0.0,0.0,0.0,0.0,0
2,monolithic_k8s_1svc,197,81.29385800020827,77.63021999971897,3.6636380004893,602112,1,77.63021999971897,0.30486000014207093,0.02416500001345412,0.0,602112,0.0,0.0,0.0,0.0,0,0.0,0.0,0.0,0.0,0,0.0,0.0,0.0,0.0,0,0.0,0.0,0.0,0.0,0
2,monolithic_k8s_1svc,198,80.84330700012288,77.57727900025202,3.2660279998708575,602112,1,77.57727900025202,0.3336359995955718,0.025422999897273257,0.0,602112,0.0,0.0,0.0,0.0,0,0.0,0.0,0.0,0.0,0,0.0,0.0,0.0,0.0,0,0.0,0.0,0.0,0.0,0
2,monolithic_k8s_1svc,199,80.89973899996039,77.4933989996498,3.4063400003105926,602112,1,77.4933989996498,0.2748980000433221,0.0295429999823682,0.0,602112,0.0,0.0,0.0,0.0,0,0.0,0.0,0.0,0.0,0,0.0,0.0,0.0,0.0,0,0.0,0.0,0.0,0.0,0
2,monolithic_k8s_1svc,200,80.8536429999549,77.61192100042535,3.2417219995295454,602112,1,77.61192100042535,0.29976299992995337,0.02472400001352071,0.0,602112,0.0,0.0,0.0,0.0,0,0.0,0.0,0.0,0.0,0,0.0,0.0,0.0,0.0,0,0.0,0.0,0.0,0.0,0
3,monolithic_k8s_1svc,1,90.0072330000512,86.51023800030089,3.4969949997503136,602112,1,86.51023800030089,0.24961499957498745,0.023676999717281433,0.0,602112,0.0,0.0,0.0,0.0,0,0.0,0.0,0.0,0.0,0,0.0,0.0,0.0,0.0,0,0.0,0.0,0.0,0.0,0
3,monolithic_k8s_1svc,2,86.61199800008035,83.18645100007416,3.4255470000061905,602112,1,83.18645100007416,0.24675200029378175,0.04574599961415515,0.0,602112,0.0,0.0,0.0,0.0,0,0.0,0.0,0.0,0.0,0,0.0,0.0,0.0,0.0,0,0.0,0.0,0.0,0.0,0
3,monolithic_k8s_1svc,3,85.22465399983048,81.74379199999748,3.480861999832996,602112,1,81.74379199999748,0.2440279999973427,0.024234999727923423,0.0,602112,0.0,0.0,0.0,0.0,0,0.0,0.0,0.0,0.0,0,0.0,0.0,0.0,0.0,0,0.0,0.0,0.0,0.0,0
3,monolithic_k8s_1svc,4,88.0241360000582,84.38459300032264,3.6395429997355677,602112,1,84.38459300032264,0.26945099989461596,0.02332699978069286,0.0,602112,0.0,0.0,0.0,0.0,0,0.0,0.0,0.0,0.0,0,0.0,0.0,0.0,0.0,0,0.0,0.0,0.0,0.0,0
3,monolithic_k8s_1svc,5,85.61060200008797,82.45094399990194,3.1596580001860275,602112,1,82.45094399990194,0.2714060001380858,0.031708999813417904,0.0,602112,0.0,0.0,0.0,0.0,0,0.0,0.0,0.0,0.0,0,0.0,0.0,0.0,0.0,0,0.0,0.0,0.0,0.0,0
3,monolithic_k8s_1svc,6,86.78967800005921,83.22395699997287,3.5657210000863415,602112,1,83.22395699997287,0.27420000014899415,0.04888900002697483,0.0,602112,0.0,0.0,0.0,0.0,0,0.0,0.0,0.0,0.0,0,0.0,0.0,0.0,0.0,0,0.0,0.0,0.0,0.0,0
3,monolithic_k8s_1svc,7,90.21256999994876,85.11262799993347,5.0999420000152895,602112,1,85.11262799993347,0.6244589999369055,0.024934000066423323,0.0,602112,0.0,0.0,0.0,0.0,0,0.0,0.0,0.0,0.0,0,0.0,0.0,0.0,0.0,0,0.0,0.0,0.0,0.0,0
3,monolithic_k8s_1svc,8,89.43948800015278,85.9371840001586,3.502303999994183,602112,1,85.9371840001586,0.2725250001276436,0.028076000035071047,0.0,602112,0.0,0.0,0.0,0.0,0,0.0,0.0,0.0,0.0,0,0.0,0.0,0.0,0.0,0,0.0,0.0,0.0,0.0,0
3,monolithic_k8s_1svc,9,89.17848800001593,85.59956799990687,3.578920000109065,602112,1,85.59956799990687,0.2604410001367796,0.023257000066223554,0.0,602112,0.0,0.0,0.0,0.0,0,0.0,0.0,0.0,0.0,0,0.0,0.0,0.0,0.0,0,0.0,0.0,0.0,0.0,0
3,monolithic_k8s_1svc,10,88.6570469997423,85.25587399981305,3.4011729999292584,602112,1,85.25587399981305,0.27929899988521356,0.03555000012056553,0.0,602112,0.0,0.0,0.0,0.0,0,0.0,0.0,0.0,0.0,0,0.0,0.0,0.0,0.0,0,0.0,0.0,0.0,0.0,0
3,monolithic_k8s_1svc,11,87.35721399989416,84.13609599983829,3.221118000055867,602112,1,84.13609599983829,0.25380599981872365,0.024375000066356733,0.0,602112,0.0,0.0,0.0,0.0,0,0.0,0.0,0.0,0.0,0,0.0,0.0,0.0,0.0,0,0.0,0.0,0.0,0.0,0
3,monolithic_k8s_1svc,12,94.22751500005688,90.75943400011965,3.4680809999372286,602112,1,90.75943400011965,0.28998499965382507,0.026680000246415148,0.0,602112,0.0,0.0,0.0,0.0,0,0.0,0.0,0.0,0.0,0,0.0,0.0,0.0,0.0,0,0.0,0.0,0.0,0.0,0
3,monolithic_k8s_1svc,13,96.18581899985656,92.37474300016402,3.811075999692548,602112,1,92.37474300016402,0.27294399978927686,0.025212999844370643,0.0,602112,0.0,0.0,0.0,0.0,0,0.0,0.0,0.0,0.0,0,0.0,0.0,0.0,0.0,0,0.0,0.0,0.0,0.0,0
3,monolithic_k8s_1svc,14,94.5443890000206,91.36559400030819,3.1787949997124088,602112,1,91.36559400030819,0.3223219996471016,0.03219700010959059,0.0,602112,0.0,0.0,0.0,0.0,0,0.0,0.0,0.0,0.0,0,0.0,0.0,0.0,0.0,0,0.0,0.0,0.0,0.0,0
3,monolithic_k8s_1svc,15,89.7812260000137,86.60089400018478,3.1803319998289226,602112,1,86.60089400018478,0.2996929997607367,0.024166000002878718,0.0,602112,0.0,0.0,0.0,0.0,0,0.0,0.0,0.0,0.0,0,0.0,0.0,0.0,0.0,0,0.0,0.0,0.0,0.0,0
3,monolithic_k8s_1svc,16,86.90463799985082,83.54823499985287,3.356402999997954,602112,1,83.54823499985287,0.28432699991753907,0.02374600035182084,0.0,602112,0.0,0.0,0.0,0.0,0,0.0,0.0,0.0,0.0,0,0.0,0.0,0.0,0.0,0,0.0,0.0,0.0,0.0,0
3,monolithic_k8s_1svc,17,86.16843299978427,82.58273699993879,3.585695999845484,602112,1,82.58273699993879,0.30919199980417034,0.026190999960817862,0.0,602112,0.0,0.0,0.0,0.0,0,0.0,0.0,0.0,0.0,0,0.0,0.0,0.0,0.0,0,0.0,0.0,0.0,0.0,0
3,monolithic_k8s_1svc,18,87.9791600000317,84.43369400038137,3.5454659996503324,602112,1,84.43369400038137,0.312822999603668,0.024304999897140078,0.0,602112,0.0,0.0,0.0,0.0,0,0.0,0.0,0.0,0.0,0,0.0,0.0,0.0,0.0,0,0.0,0.0,0.0,0.0,0
3,monolithic_k8s_1svc,19,89.20579699997688,85.40848000029655,3.7973169996803335,602112,1,85.40848000029655,0.3494899997349421,0.032406999707745854,0.0,602112,0.0,0.0,0.0,0.0,0,0.0,0.0,0.0,0.0,0,0.0,0.0,0.0,0.0,0,0.0,0.0,0.0,0.0,0
3,monolithic_k8s_1svc,20,91.03188900007808,87.23066099992138,3.801228000156698,602112,1,87.23066099992138,0.3364300000612275,0.03247700033170986,0.0,602112,0.0,0.0,0.0,0.0,0,0.0,0.0,0.0,0.0,0,0.0,0.0,0.0,0.0,0,0.0,0.0,0.0,0.0,0
3,monolithic_k8s_1svc,21,91.55256300027759,88.08839300036198,3.4641699999156117,602112,1,88.08839300036198,0.32853699985935236,0.027237999802309787,0.0,602112,0.0,0.0,0.0,0.0,0,0.0,0.0,0.0,0.0,0,0.0,0.0,0.0,0.0,0,0.0,0.0,0.0,0.0,0
3,monolithic_k8s_1svc,22,91.2087300002895,87.51785300000847,3.6908770002810343,602112,1,87.51785300000847,0.2946639997389866,0.033384000289515825,0.0,602112,0.0,0.0,0.0,0.0,0,0.0,0.0,0.0,0.0,0,0.0,0.0,0.0,0.0,0,0.0,0.0,0.0,0.0,0
3,monolithic_k8s_1svc,23,89.8412209999151,86.16088999997373,3.6803309999413614,602112,1,86.16088999997373,0.33796599973356933,0.025004000235639978,0.0,602112,0.0,0.0,0.0,0.0,0,0.0,0.0,0.0,0.0,0,0.0,0.0,0.0,0.0,0,0.0,0.0,0.0,0.0,0
3,monolithic_k8s_1svc,24,87.26167199984047,83.7208850002753,3.540786999565171,602112,1,83.7208850002753,0.3108669998255209,0.02912399986598757,0.0,602112,0.0,0.0,0.0,0.0,0,0.0,0.0,0.0,0.0,0,0.0,0.0,0.0,0.0,0,0.0,0.0,0.0,0.0,0
3,monolithic_k8s_1svc,25,91.72053300017069,87.63239400013845,4.088139000032243,602112,1,87.63239400013845,0.3234389996578102,0.04679399989981903,0.0,602112,0.0,0.0,0.0,0.0,0,0.0,0.0,0.0,0.0,0,0.0,0.0,0.0,0.0,0,0.0,0.0,0.0,0.0,0
3,monolithic_k8s_1svc,26,85.46924300026149,82.09698600012416,3.372257000137324,602112,1,82.09698600012416,0.2921489999607729,0.023816000066290144,0.0,602112,0.0,0.0,0.0,0.0,0,0.0,0.0,0.0,0.0,0,0.0,0.0,0.0,0.0,0,0.0,0.0,0.0,0.0,0
3,monolithic_k8s_1svc,27,82.40715400006593,78.86315499990815,3.5439990001577826,602112,1,78.86315499990815,0.2792289997159969,0.02486400035195402,0.0,602112,0.0,0.0,0.0,0.0,0,0.0,0.0,0.0,0.0,0,0.0,0.0,0.0,0.0,0,0.0,0.0,0.0,0.0,0
3,monolithic_k8s_1svc,28,79.67681700029061,76.10634699994989,3.5704700003407197,602112,1,76.10634699994989,0.2786699997159303,0.02332700023544021,0.0,602112,0.0,0.0,0.0,0.0,0,0.0,0.0,0.0,0.0,0,0.0,0.0,0.0,0.0,0,0.0,0.0,0.0,0.0,0
3,monolithic_k8s_1svc,29,78.97364600012224,75.20454600035009,3.769099999772152,602112,1,75.20454600035009,0.27748200000132783,0.025770999855012633,0.0,602112,0.0,0.0,0.0,0.0,0,0.0,0.0,0.0,0.0,0,0.0,0.0,0.0,0.0,0,0.0,0.0,0.0,0.0,0
3,monolithic_k8s_1svc,30,81.26586500020494,77.39193099996555,3.8739340002393874,602112,1,77.39193099996555,0.300740000056976,0.022000000171829015,0.0,602112,0.0,0.0,0.0,0.0,0,0.0,0.0,0.0,0.0,0,0.0,0.0,0.0,0.0,0,0.0,0.0,0.0,0.0,0
3,monolithic_k8s_1svc,31,81.12282799993409,77.74665899978572,3.3761690001483657,602112,1,77.74665899978572,0.27922900017074426,0.0358990000677295,0.0,602112,0.0,0.0,0.0,0.0,0,0.0,0.0,0.0,0.0,0,0.0,0.0,0.0,0.0,0,0.0,0.0,0.0,0.0,0
3,monolithic_k8s_1svc,32,83.01485199990566,79.58259999986694,3.4322520000387158,602112,1,79.58259999986694,0.29850500004613423,0.023816000066290144,0.0,602112,0.0,0.0,0.0,0.0,0,0.0,0.0,0.0,0.0,0,0.0,0.0,0.0,0.0,0,0.0,0.0,0.0,0.0,0
3,monolithic_k8s_1svc,33,80.49403900031393,77.17954100007773,3.314498000236199,602112,1,77.17954100007773,0.29096200023559504,0.022279999939200934,0.0,602112,0.0,0.0,0.0,0.0,0,0.0,0.0,0.0,0.0,0,0.0,0.0,0.0,0.0,0,0.0,0.0,0.0,0.0,0
3,monolithic_k8s_1svc,34,79.1309999999612,76.24435499974425,2.8866450002169586,602112,1,76.24435499974425,0.2926390002357948,0.02248900000267895,0.0,602112,0.0,0.0,0.0,0.0,0,0.0,0.0,0.0,0.0,0,0.0,0.0,0.0,0.0,0,0.0,0.0,0.0,0.0,0
3,monolithic_k8s_1svc,35,79.7704739998153,76.23946600006093,3.5310079997543653,602112,1,76.23946600006093,0.2943849999610393,0.02193000000261236,0.0,602112,0.0,0.0,0.0,0.0,0,0.0,0.0,0.0,0.0,0,0.0,0.0,0.0,0.0,0,0.0,0.0,0.0,0.0,0
3,monolithic_k8s_1svc,36,77.91735400041944,74.3803380000827,3.5370160003367346,602112,1,74.3803380000827,0.30115899971860927,0.026261000130034517,0.0,602112,0.0,0.0,0.0,0.0,0,0.0,0.0,0.0,0.0,0,0.0,0.0,0.0,0.0,0,0.0,0.0,0.0,0.0,0
3,monolithic_k8s_1svc,37,78.93250899996929,75.74763799993889,3.184871000030398,602112,1,75.74763799993889,0.32672099996489123,0.026679999791667797,0.0,602112,0.0,0.0,0.0,0.0,0,0.0,0.0,0.0,0.0,0,0.0,0.0,0.0,0.0,0,0.0,0.0,0.0,0.0,0
3,monolithic_k8s_1svc,38,80.11731099986719,77.04670200018882,3.0706089996783703,602112,1,77.04670200018882,0.3207149998161185,0.032407000162493205,0.0,602112,0.0,0.0,0.0,0.0,0,0.0,0.0,0.0,0.0,0,0.0,0.0,0.0,0.0,0,0.0,0.0,0.0,0.0,0
3,monolithic_k8s_1svc,39,79.63330500024313,75.96624300003896,3.6670620002041687,602112,1,75.96624300003896,0.31149599999480415,0.02772799962258432,0.0,602112,0.0,0.0,0.0,0.0,0,0.0,0.0,0.0,0.0,0,0.0,0.0,0.0,0.0,0,0.0,0.0,0.0,0.0,0
3,monolithic_k8s_1svc,40,81.7627920000632,78.41777299972819,3.3450190003350144,602112,1,78.41777299972819,0.3051400003641902,0.02332700023544021,0.0,602112,0.0,0.0,0.0,0.0,0,0.0,0.0,0.0,0.0,0,0.0,0.0,0.0,0.0,0,0.0,0.0,0.0,0.0,0
3,monolithic_k8s_1svc,41,79.22305299962318,75.7382100000541,3.484842999569082,602112,1,75.7382100000541,0.2829299996847112,0.02332700023544021,0.0,602112,0.0,0.0,0.0,0.0,0,0.0,0.0,0.0,0.0,0,0.0,0.0,0.0,0.0,0,0.0,0.0,0.0,0.0,0
3,monolithic_k8s_1svc,42,86.96170100029121,83.2485450000604,3.7131560002308106,602112,1,83.2485450000604,0.2915209997809143,0.03429200023674639,0.0,602112,0.0,0.0,0.0,0.0,0,0.0,0.0,0.0,0.0,0,0.0,0.0,0.0,0.0,0,0.0,0.0,0.0,0.0,0
3,monolithic_k8s_1svc,43,90.02630499981024,86.3202719997389,3.7060330000713293,602112,1,86.3202719997389,0.31219400034387945,0.03429200023674639,0.0,602112,0.0,0.0,0.0,0.0,0,0.0,0.0,0.0,0.0,0,0.0,0.0,0.0,0.0,0,0.0,0.0,0.0,0.0,0
3,monolithic_k8s_1svc,44,83.51226800004952,80.14434100005019,3.3679269999993267,602112,1,80.14434100005019,0.3454389998296392,0.025283000013587298,0.0,602112,0.0,0.0,0.0,0.0,0,0.0,0.0,0.0,0.0,0,0.0,0.0,0.0,0.0,0,0.0,0.0,0.0,0.0,0
3,monolithic_k8s_1svc,45,79.07184499981668,75.8632279998892,3.2086169999274716,602112,1,75.8632279998892,0.31868899986875476,0.02332700023544021,0.0,602112,0.0,0.0,0.0,0.0,0,0.0,0.0,0.0,0.0,0,0.0,0.0,0.0,0.0,0,0.0,0.0,0.0,0.0,0
3,monolithic_k8s_1svc,46,79.15796000042974,75.77173399977255,3.3862260006571887,602112,1,75.77173399977255,0.32323000004907954,0.024653999844304053,0.0,602112,0.0,0.0,0.0,0.0,0,0.0,0.0,0.0,0.0,0,0.0,0.0,0.0,0.0,0,0.0,0.0,0.0,0.0,0
3,monolithic_k8s_1svc,47,80.13833399991199,77.20622200031357,2.932111999598419,602112,1,77.20622200031357,0.2645619997565518,0.024863999897206668,0.0,602112,0.0,0.0,0.0,0.0,0,0.0,0.0,0.0,0.0,0,0.0,0.0,0.0,0.0,0,0.0,0.0,0.0,0.0,0
3,monolithic_k8s_1svc,48,78.1103979998079,74.54677299983814,3.563624999969761,602112,1,74.54677299983814,0.3235080002923496,0.02235000010841759,0.0,602112,0.0,0.0,0.0,0.0,0,0.0,0.0,0.0,0.0,0,0.0,0.0,0.0,0.0,0,0.0,0.0,0.0,0.0,0
3,monolithic_k8s_1svc,49,78.52931200022795,75.22151800003485,3.3077940001930983,602112,1,75.22151800003485,0.26805400011653546,0.021791000108351,0.0,602112,0.0,0.0,0.0,0.0,0,0.0,0.0,0.0,0.0,0,0.0,0.0,0.0,0.0,0,0.0,0.0,0.0,0.0,0
3,monolithic_k8s_1svc,50,77.09621999993033,73.96233400004348,3.133885999886843,602112,1,73.96233400004348,0.2610699998513155,0.021581000055448385,0.0,602112,0.0,0.0,0.0,0.0,0,0.0,0.0,0.0,0.0,0,0.0,0.0,0.0,0.0,0,0.0,0.0,0.0,0.0,0
3,monolithic_k8s_1svc,51,78.31028700002207,74.71767599963641,3.5926110003856593,602112,1,74.71767599963641,0.284886000372353,0.023118000171962194,0.0,602112,0.0,0.0,0.0,0.0,0,0.0,0.0,0.0,0.0,0,0.0,0.0,0.0,0.0,0,0.0,0.0,0.0,0.0,0
3,monolithic_k8s_1svc,52,79.06402299977344,75.56367500001215,3.5003479997612885,602112,1,75.56367500001215,0.31156599970927346,0.02290800011905958,0.0,602112,0.0,0.0,0.0,0.0,0,0.0,0.0,0.0,0.0,0,0.0,0.0,0.0,0.0,0,0.0,0.0,0.0,0.0,0
3,monolithic_k8s_1svc,53,79.00940700028514,75.50333200015302,3.506075000132114,602112,1,75.50333200015302,0.25380599981872365,0.022977999833528884,0.0,602112,0.0,0.0,0.0,0.0,0,0.0,0.0,0.0,0.0,0,0.0,0.0,0.0,0.0,0,0.0,0.0,0.0,0.0,0
3,monolithic_k8s_1svc,54,77.98587000024781,74.66997499977879,3.315895000469027,602112,1,74.66997499977879,0.28174399994895793,0.027168000087840483,0.0,602112,0.0,0.0,0.0,0.0,0,0.0,0.0,0.0,0.0,0,0.0,0.0,0.0,0.0,0,0.0,0.0,0.0,0.0,0
3,monolithic_k8s_1svc,55,79.35540500011484,75.6755620000149,3.679843000099936,602112,1,75.6755620000149,0.29340699984459206,0.023816000066290144,0.0,602112,0.0,0.0,0.0,0.0,0,0.0,0.0,0.0,0.0,0,0.0,0.0,0.0,0.0,0,0.0,0.0,0.0,0.0,0
3,monolithic_k8s_1svc,56,78.34220499989897,75.19078799987255,3.151417000026413,602112,1,75.19078799987255,0.3054200001315621,0.027169000077265082,0.0,602112,0.0,0.0,0.0,0.0,0,0.0,0.0,0.0,0.0,0,0.0,0.0,0.0,0.0,0,0.0,0.0,0.0,0.0,0
3,monolithic_k8s_1svc,57,78.47064499992484,75.04614500021489,3.4244999997099512,602112,1,75.04614500021489,0.2990640000462008,0.022558999717148254,0.0,602112,0.0,0.0,0.0,0.0,0,0.0,0.0,0.0,0.0,0,0.0,0.0,0.0,0.0,0,0.0,0.0,0.0,0.0,0
3,monolithic_k8s_1svc,58,79.40108200000395,75.9275529999286,3.4735290000753594,602112,1,75.9275529999286,0.29312700007722015,0.02444500023557339,0.0,602112,0.0,0.0,0.0,0.0,0,0.0,0.0,0.0,0.0,0,0.0,0.0,0.0,0.0,0,0.0,0.0,0.0,0.0,0
3,monolithic_k8s_1svc,59,89.07323999983419,85.4253150000659,3.6479249997682928,602112,1,85.4253150000659,0.32462699982716003,0.024863999897206668,0.0,602112,0.0,0.0,0.0,0.0,0,0.0,0.0,0.0,0.0,0,0.0,0.0,0.0,0.0,0,0.0,0.0,0.0,0.0,0
3,monolithic_k8s_1svc,60,82.09601099997599,78.57352199971501,3.5224890002609754,602112,1,78.57352199971501,0.532546000158618,0.024375000066356733,0.0,602112,0.0,0.0,0.0,0.0,0,0.0,0.0,0.0,0.0,0,0.0,0.0,0.0,0.0,0,0.0,0.0,0.0,0.0,0
3,monolithic_k8s_1svc,61,81.33654699986437,77.41323499976716,3.923312000097212,602112,1,77.41323499976716,0.33615000029385556,0.022837999949842924,0.0,602112,0.0,0.0,0.0,0.0,0,0.0,0.0,0.0,0.0,0,0.0,0.0,0.0,0.0,0,0.0,0.0,0.0,0.0,0
3,monolithic_k8s_1svc,62,80.26083799995831,76.92224500033262,3.338592999625689,602112,1,76.92224500033262,0.3218319998268271,0.03855299974020454,0.0,602112,0.0,0.0,0.0,0.0,0,0.0,0.0,0.0,0.0,0,0.0,0.0,0.0,0.0,0,0.0,0.0,0.0,0.0,0
3,monolithic_k8s_1svc,63,80.45485999991797,76.51261999990311,3.9422400000148627,602112,1,76.51261999990311,0.3698840000652126,0.030032000267965486,0.0,602112,0.0,0.0,0.0,0.0,0,0.0,0.0,0.0,0.0,0,0.0,0.0,0.0,0.0,0,0.0,0.0,0.0,0.0,0
3,monolithic_k8s_1svc,64,78.92294300017966,75.9191719998853,3.003771000294364,602112,1,75.9191719998853,0.3206450001016492,0.02235000010841759,0.0,602112,0.0,0.0,0.0,0.0,0,0.0,0.0,0.0,0.0,0,0.0,0.0,0.0,0.0,0,0.0,0.0,0.0,0.0,0
3,monolithic_k8s_1svc,65,79.51178200028153,76.18080100019142,3.3309810000901052,602112,1,76.18080100019142,0.315337999836629,0.02248900000267895,0.0,602112,0.0,0.0,0.0,0.0,0,0.0,0.0,0.0,0.0,0,0.0,0.0,0.0,0.0,0,0.0,0.0,0.0,0.0,0
3,monolithic_k8s_1svc,66,80.10942200007776,76.67395699991175,3.4354650001660048,602112,1,76.67395699991175,0.2862830001504335,0.021581000055448385,0.0,602112,0.0,0.0,0.0,0.0,0,0.0,0.0,0.0,0.0,0,0.0,0.0,0.0,0.0,0,0.0,0.0,0.0,0.0,0
3,monolithic_k8s_1svc,67,81.35722099996201,77.67437500024243,3.682845999719575,602112,1,77.67437500024243,0.33237899970117724,0.02193000000261236,0.0,602112,0.0,0.0,0.0,0.0,0,0.0,0.0,0.0,0.0,0,0.0,0.0,0.0,0.0,0,0.0,0.0,0.0,0.0,0
3,monolithic_k8s_1svc,68,81.90122199994221,78.68114999973841,3.2200720002037997,602112,1,78.68114999973841,0.28991499993935577,0.022978000288276235,0.0,602112,0.0,0.0,0.0,0.0,0,0.0,0.0,0.0,0.0,0,0.0,0.0,0.0,0.0,0,0.0,0.0,0.0,0.0,0
3,monolithic_k8s_1svc,69,80.52002299973537,77.05459699991479,3.4654259998205816,602112,1,77.05459699991479,0.3206450001016492,0.024235000182670774,0.0,602112,0.0,0.0,0.0,0.0,0,0.0,0.0,0.0,0.0,0,0.0,0.0,0.0,0.0,0,0.0,0.0,0.0,0.0,0
3,monolithic_k8s_1svc,70,89.81838699992295,86.38962700024422,3.428759999678732,602112,1,86.38962700024422,0.36981399989599595,0.023117999717214843,0.0,602112,0.0,0.0,0.0,0.0,0,0.0,0.0,0.0,0.0,0,0.0,0.0,0.0,0.0,0,0.0,0.0,0.0,0.0,0
3,monolithic_k8s_1svc,71,84.39556399980574,81.17856499984555,3.2169989999601967,602112,1,81.17856499984555,0.30528000024787616,0.021999999717081664,0.0,602112,0.0,0.0,0.0,0.0,0,0.0,0.0,0.0,0.0,0,0.0,0.0,0.0,0.0,0,0.0,0.0,0.0,0.0,0
3,monolithic_k8s_1svc,72,85.65418799980762,82.02295600040088,3.6312319994067366,602112,1,82.02295600040088,0.2762959998108272,0.061531000028480776,0.0,602112,0.0,0.0,0.0,0.0,0,0.0,0.0,0.0,0.0,0,0.0,0.0,0.0,0.0,0,0.0,0.0,0.0,0.0,0
3,monolithic_k8s_1svc,73,87.60341300012442,84.34430000033899,3.2591129997854296,602112,1,84.34430000033899,0.31051799987835693,0.03387299966561841,0.0,602112,0.0,0.0,0.0,0.0,0,0.0,0.0,0.0,0.0,0,0.0,0.0,0.0,0.0,0,0.0,0.0,0.0,0.0,0
3,monolithic_k8s_1svc,74,83.18959899997935,79.34185700014496,3.8477419998343976,602112,1,79.34185700014496,0.3110070001639542,0.02234899966424564,0.0,602112,0.0,0.0,0.0,0.0,0,0.0,0.0,0.0,0.0,0,0.0,0.0,0.0,0.0,0,0.0,0.0,0.0,0.0,0
3,monolithic_k8s_1svc,75,77.36420700030067,74.4659669999237,2.8982400003769726,602112,1,74.4659669999237,0.29717899997194763,0.022000000171829015,0.0,602112,0.0,0.0,0.0,0.0,0,0.0,0.0,0.0,0.0,0,0.0,0.0,0.0,0.0,0,0.0,0.0,0.0,0.0,0
3,monolithic_k8s_1svc,76,78.93069500005367,75.53476199973375,3.3959330003199284,602112,1,75.53476199973375,0.2528979998714931,0.022699000055581564,0.0,602112,0.0,0.0,0.0,0.0,0,0.0,0.0,0.0,0.0,0,0.0,0.0,0.0,0.0,0,0.0,0.0,0.0,0.0,0
3,monolithic_k8s_1svc,77,77.94815699980973,74.13987500012809,3.8082819996816397,602112,1,74.13987500012809,0.2917309998338169,0.02276800023537362,0.0,602112,0.0,0.0,0.0,0.0,0,0.0,0.0,0.0,0.0,0,0.0,0.0,0.0,0.0,0,0.0,0.0,0.0,0.0,0
3,monolithic_k8s_1svc,78,79.33487300033448,75.73430100001133,3.6005720003231545,602112,1,75.73430100001133,0.2986449999298202,0.022977999833528884,0.0,602112,0.0,0.0,0.0,0.0,0,0.0,0.0,0.0,0.0,0,0.0,0.0,0.0,0.0,0,0.0,0.0,0.0,0.0,0
3,monolithic_k8s_1svc,79,78.7389100000837,75.84102000009807,2.8978899999856367,602112,1,75.84102000009807,0.287679999928514,0.022837999949842924,0.0,602112,0.0,0.0,0.0,0.0,0,0.0,0.0,0.0,0.0,0,0.0,0.0,0.0,0.0,0,0.0,0.0,0.0,0.0,0
3,monolithic_k8s_1svc,80,78.17311899998458,74.86853799991877,3.3045810000658093,602112,1,74.86853799991877,0.25764800011529587,0.02248900000267895,0.0,602112,0.0,0.0,0.0,0.0,0,0.0,0.0,0.0,0.0,0,0.0,0.0,0.0,0.0,0,0.0,0.0,0.0,0.0,0
3,monolithic_k8s_1svc,81,78.11843199988289,74.98265999993237,3.1357719999505207,602112,1,74.98265999993237,0.27182600024389103,0.02234900011899299,0.0,602112,0.0,0.0,0.0,0.0,0,0.0,0.0,0.0,0.0,0,0.0,0.0,0.0,0.0,0,0.0,0.0,0.0,0.0,0
3,monolithic_k8s_1svc,82,88.26677499973812,85.01213099998495,3.2546439997531706,602112,1,85.01213099998495,0.26072099990415154,0.025283000013587298,0.0,602112,0.0,0.0,0.0,0.0,0,0.0,0.0,0.0,0.0,0,0.0,0.0,0.0,0.0,0,0.0,0.0,0.0,0.0,0
3,monolithic_k8s_1svc,83,86.84737300018242,82.14594900027805,4.701423999904364,602112,1,82.14594900027805,0.3635279999798513,0.023466999664378818,0.0,602112,0.0,0.0,0.0,0.0,0,0.0,0.0,0.0,0.0,0,0.0,0.0,0.0,0.0,0,0.0,0.0,0.0,0.0,0
3,monolithic_k8s_1svc,84,82.8999649997968,79.00088699989283,3.899077999903966,602112,1,79.00088699989283,0.3151279997837264,0.022279999939200934,0.0,602112,0.0,0.0,0.0,0.0,0,0.0,0.0,0.0,0.0,0,0.0,0.0,0.0,0.0,0,0.0,0.0,0.0,0.0,0
3,monolithic_k8s_1svc,85,82.42461899999398,78.63449599972228,3.7901230002717057,602112,1,78.63449599972228,0.35354100009499234,0.024096000288409414,0.0,602112,0.0,0.0,0.0,0.0,0,0.0,0.0,0.0,0.0,0,0.0,0.0,0.0,0.0,0,0.0,0.0,0.0,0.0,0
3,monolithic_k8s_1svc,86,81.22438200007309,77.64210999994248,3.582272000130615,602112,1,77.64210999994248,0.33461300017734175,0.024374000076932134,0.0,602112,0.0,0.0,0.0,0.0,0,0.0,0.0,0.0,0.0,0,0.0,0.0,0.0,0.0,0,0.0,0.0,0.0,0.0,0
3,monolithic_k8s_1svc,87,81.70419799989759,78.3869759998197,3.3172220000778907,602112,1,78.3869759998197,0.26463199992576847,0.02374600035182084,0.0,602112,0.0,0.0,0.0,0.0,0,0.0,0.0,0.0,0.0,0,0.0,0.0,0.0,0.0,0,0.0,0.0,0.0,0.0,0
3,monolithic_k8s_1svc,88,77.7470819998598,74.23046000030809,3.5166219995517167,602112,1,74.23046000030809,0.2691719996619213,0.02290799966431223,0.0,602112,0.0,0.0,0.0,0.0,0,0.0,0.0,0.0,0.0,0,0.0,0.0,0.0,0.0,0,0.0,0.0,0.0,0.0,0
3,monolithic_k8s_1svc,89,78.72200900010284,75.14574200013158,3.576266999971267,602112,1,75.14574200013158,0.29794700003549224,0.022000000171829015,0.0,602112,0.0,0.0,0.0,0.0,0,0.0,0.0,0.0,0.0,0,0.0,0.0,0.0,0.0,0,0.0,0.0,0.0,0.0,0
3,monolithic_k8s_1svc,90,77.18003500031045,73.86267299989413,3.317362000416324,602112,1,73.86267299989413,0.3200860001015826,0.02346700011912617,0.0,602112,0.0,0.0,0.0,0.0,0,0.0,0.0,0.0,0.0,0,0.0,0.0,0.0,0.0,0,0.0,0.0,0.0,0.0,0
3,monolithic_k8s_1svc,91,79.66746200008856,76.12087799998335,3.546584000105213,602112,1,76.12087799998335,0.2716859999054577,0.023396999949909514,0.0,602112,0.0,0.0,0.0,0.0,0,0.0,0.0,0.0,0.0,0,0.0,0.0,0.0,0.0,0,0.0,0.0,0.0,0.0,0
3,monolithic_k8s_1svc,92,78.19470100002945,74.74016900005154,3.4545319999779167,602112,1,74.74016900005154,0.2778319999379164,0.02290800011905958,0.0,602112,0.0,0.0,0.0,0.0,0,0.0,0.0,0.0,0.0,0,0.0,0.0,0.0,0.0,0,0.0,0.0,0.0,0.0,0
3,monolithic_k8s_1svc,93,78.08009000018501,74.59245299969552,3.487637000489485,602112,1,74.59245299969552,0.2661680000528577,0.02248900000267895,0.0,602112,0.0,0.0,0.0,0.0,0,0.0,0.0,0.0,0.0,0,0.0,0.0,0.0,0.0,0,0.0,0.0,0.0,0.0,0
3,monolithic_k8s_1svc,94,77.81308300036471,74.29778900041129,3.5152939999534283,602112,1,74.29778900041129,0.2504539997971733,0.022837999949842924,0.0,602112,0.0,0.0,0.0,0.0,0,0.0,0.0,0.0,0.0,0,0.0,0.0,0.0,0.0,0,0.0,0.0,0.0,0.0,0
3,monolithic_k8s_1svc,95,81.8967530003647,78.0815570001323,3.8151960002323904,602112,1,78.0815570001323,0.319666999985202,0.027168000087840483,0.0,602112,0.0,0.0,0.0,0.0,0,0.0,0.0,0.0,0.0,0,0.0,0.0,0.0,0.0,0,0.0,0.0,0.0,0.0,0
3,monolithic_k8s_1svc,96,85.40408599992588,82.355127000028,3.048958999897877,602112,1,82.355127000028,0.25764800011529587,0.023816000066290144,0.0,602112,0.0,0.0,0.0,0.0,0,0.0,0.0,0.0,0.0,0,0.0,0.0,0.0,0.0,0,0.0,0.0,0.0,0.0,0
3,monolithic_k8s_1svc,97,82.54942800022036,78.92755499960913,3.621873000611231,602112,1,78.92755499960913,0.35396000021137297,0.02332700023544021,0.0,602112,0.0,0.0,0.0,0.0,0,0.0,0.0,0.0,0.0,0,0.0,0.0,0.0,0.0,0,0.0,0.0,0.0,0.0,0
3,monolithic_k8s_1svc,98,80.69002100000944,77.23485999986224,3.4551610001472,602112,1,77.23485999986224,0.31107700033317087,0.024653999844304053,0.0,602112,0.0,0.0,0.0,0.0,0,0.0,0.0,0.0,0.0,0,0.0,0.0,0.0,0.0,0,0.0,0.0,0.0,0.0,0
3,monolithic_k8s_1svc,99,79.40150300009918,75.55718200001138,3.8443210000878025,602112,1,75.55718200001138,0.35808099983114516,0.022837999949842924,0.0,602112,0.0,0.0,0.0,0.0,0,0.0,0.0,0.0,0.0,0,0.0,0.0,0.0,0.0,0,0.0,0.0,0.0,0.0,0
3,monolithic_k8s_1svc,100,78.33906499990917,74.90548600026159,3.4335789996475796,602112,1,74.90548600026159,0.2804860000651388,0.02193000000261236,0.0,602112,0.0,0.0,0.0,0.0,0,0.0,0.0,0.0,0.0,0,0.0,0.0,0.0,0.0,0,0.0,0.0,0.0,0.0,0
3,monolithic_k8s_1svc,101,77.76670799967178,74.33403699997143,3.432670999700349,602112,1,74.33403699997143,0.33258799976465525,0.022140000055514975,0.0,602112,0.0,0.0,0.0,0.0,0,0.0,0.0,0.0,0.0,0,0.0,0.0,0.0,0.0,0,0.0,0.0,0.0,0.0,0
3,monolithic_k8s_1svc,102,77.35764400013068,73.99886499979402,3.3587790003366536,602112,1,73.99886499979402,0.31575699995300965,0.02332700023544021,0.0,602112,0.0,0.0,0.0,0.0,0,0.0,0.0,0.0,0.0,0,0.0,0.0,0.0,0.0,0,0.0,0.0,0.0,0.0,0
3,monolithic_k8s_1svc,103,78.3972439999161,74.88488300032259,3.5123609995935112,602112,1,74.88488300032259,0.2805559997796081,0.02234899966424564,0.0,602112,0.0,0.0,0.0,0.0,0,0.0,0.0,0.0,0.0,0,0.0,0.0,0.0,0.0,0,0.0,0.0,0.0,0.0,0
3,monolithic_k8s_1svc,104,79.3517070001144,75.7506459999604,3.6010610001540044,602112,1,75.7506459999604,0.2949429999716813,0.02248900000267895,0.0,602112,0.0,0.0,0.0,0.0,0,0.0,0.0,0.0,0.0,0,0.0,0.0,0.0,0.0,0,0.0,0.0,0.0,0.0,0
3,monolithic_k8s_1svc,105,77.61124100034067,74.01101799996468,3.6002230003759905,602112,1,74.01101799996468,0.2972480001517397,0.02290800011905958,0.0,602112,0.0,0.0,0.0,0.0,0,0.0,0.0,0.0,0.0,0,0.0,0.0,0.0,0.0,0,0.0,0.0,0.0,0.0,0
3,monolithic_k8s_1svc,106,76.62255500008541,73.08169799989628,3.540857000189135,602112,1,73.08169799989628,0.26924099984171335,0.02304800000274554,0.0,602112,0.0,0.0,0.0,0.0,0,0.0,0.0,0.0,0.0,0,0.0,0.0,0.0,0.0,0,0.0,0.0,0.0,0.0,0
3,monolithic_k8s_1svc,107,77.0270109997,73.86274300006335,3.1642679996366496,602112,1,73.86274300006335,0.3330069998810359,0.02248900000267895,0.0,602112,0.0,0.0,0.0,0.0,0,0.0,0.0,0.0,0.0,0,0.0,0.0,0.0,0.0,0,0.0,0.0,0.0,0.0,0
3,monolithic_k8s_1svc,108,77.41163199989387,74.28375199970105,3.1278800001928175,602112,1,74.28375199970105,0.2775530001599691,0.02332700023544021,0.0,602112,0.0,0.0,0.0,0.0,0,0.0,0.0,0.0,0.0,0,0.0,0.0,0.0,0.0,0,0.0,0.0,0.0,0.0,0
3,monolithic_k8s_1svc,109,82.5362989999121,79.16145599983793,3.374843000074179,602112,1,79.16145599983793,0.30004200016264804,0.022838999939267524,0.0,602112,0.0,0.0,0.0,0.0,0,0.0,0.0,0.0,0.0,0,0.0,0.0,0.0,0.0,0,0.0,0.0,0.0,0.0,0
3,monolithic_k8s_1svc,110,84.45388500012996,80.37154199973884,4.08234300039112,602112,1,80.37154199973884,0.33482300023024436,0.04665400001613307,0.0,602112,0.0,0.0,0.0,0.0,0,0.0,0.0,0.0,0.0,0,0.0,0.0,0.0,0.0,0,0.0,0.0,0.0,0.0,0
3,monolithic_k8s_1svc,111,83.29108299994914,80.28710300004605,3.0039799999030947,602112,1,80.28710300004605,0.26302500009478536,0.026678999802243197,0.0,602112,0.0,0.0,0.0,0.0,0,0.0,0.0,0.0,0.0,0,0.0,0.0,0.0,0.0,0,0.0,0.0,0.0,0.0,0
3,monolithic_k8s_1svc,112,88.29576100015402,85.01876800028185,3.2769929998721636,602112,1,85.01876800028185,0.29962199960209546,0.027657999908115016,0.0,602112,0.0,0.0,0.0,0.0,0,0.0,0.0,0.0,0.0,0,0.0,0.0,0.0,0.0,0,0.0,0.0,0.0,0.0,0
3,monolithic_k8s_1svc,113,79.56647099990732,75.88488200008214,3.6815889998251805,602112,1,75.88488200008214,0.3392240000721358,0.024585000119259348,0.0,602112,0.0,0.0,0.0,0.0,0,0.0,0.0,0.0,0.0,0,0.0,0.0,0.0,0.0,0,0.0,0.0,0.0,0.0,0
3,monolithic_k8s_1svc,114,80.08099800008495,76.55816099986623,3.522837000218715,602112,1,76.55816099986623,0.3063280000787927,0.02290800011905958,0.0,602112,0.0,0.0,0.0,0.0,0,0.0,0.0,0.0,0.0,0,0.0,0.0,0.0,0.0,0,0.0,0.0,0.0,0.0,0
3,monolithic_k8s_1svc,115,78.89326300028188,74.8912389999532,4.0020240003286744,602112,1,74.8912389999532,0.29291800001374213,0.0231879998864315,0.0,602112,0.0,0.0,0.0,0.0,0,0.0,0.0,0.0,0.0,0,0.0,0.0,0.0,0.0,0,0.0,0.0,0.0,0.0,0
3,monolithic_k8s_1svc,116,79.35799300003055,75.65608100003374,3.7019119999968098,602112,1,75.65608100003374,0.30066999988775933,0.02290800011905958,0.0,602112,0.0,0.0,0.0,0.0,0,0.0,0.0,0.0,0.0,0,0.0,0.0,0.0,0.0,0,0.0,0.0,0.0,0.0,0
3,monolithic_k8s_1svc,117,80.71216200005438,77.42881399963153,3.2833480004228477,602112,1,77.42881399963153,0.28251100002307794,0.022000000171829015,0.0,602112,0.0,0.0,0.0,0.0,0,0.0,0.0,0.0,0.0,0,0.0,0.0,0.0,0.0,0,0.0,0.0,0.0,0.0,0
3,monolithic_k8s_1svc,118,80.95584200009398,77.76747800016892,3.188363999925059,602112,1,77.76747800016892,0.303184999665973,0.023258000055648154,0.0,602112,0.0,0.0,0.0,0.0,0,0.0,0.0,0.0,0.0,0,0.0,0.0,0.0,0.0,0,0.0,0.0,0.0,0.0,0
3,monolithic_k8s_1svc,119,85.3557569998884,82.05774099997143,3.29801599991697,602112,1,82.05774099997143,0.3432739999880141,0.024793999727990013,0.0,602112,0.0,0.0,0.0,0.0,0,0.0,0.0,0.0,0.0,0,0.0,0.0,0.0,0.0,0,0.0,0.0,0.0,0.0,0
3,monolithic_k8s_1svc,120,84.4213390000732,80.90234300016164,3.518995999911567,602112,1,80.90234300016164,0.3830139999081439,0.032405999718321254,0.0,602112,0.0,0.0,0.0,0.0,0,0.0,0.0,0.0,0.0,0,0.0,0.0,0.0,0.0,0,0.0,0.0,0.0,0.0,0
3,monolithic_k8s_1svc,121,85.04419099972438,81.98182299975088,3.062367999973503,602112,1,81.98182299975088,0.33894299986059195,0.02290900010848418,0.0,602112,0.0,0.0,0.0,0.0,0,0.0,0.0,0.0,0.0,0,0.0,0.0,0.0,0.0,0,0.0,0.0,0.0,0.0,0
3,monolithic_k8s_1svc,122,83.85512900031244,80.04517000017586,3.809959000136587,602112,1,80.04517000017586,0.3111459996034682,0.025353000182803953,0.0,602112,0.0,0.0,0.0,0.0,0,0.0,0.0,0.0,0.0,0,0.0,0.0,0.0,0.0,0,0.0,0.0,0.0,0.0,0
3,monolithic_k8s_1svc,123,80.47232499984602,77.19589000043925,3.2764349994067743,602112,1,77.19589000043925,0.32036599986895453,0.02262899988636491,0.0,602112,0.0,0.0,0.0,0.0,0,0.0,0.0,0.0,0.0,0,0.0,0.0,0.0,0.0,0,0.0,0.0,0.0,0.0,0
3,monolithic_k8s_1svc,124,77.40381000030538,73.94040799999857,3.4634020003068144,602112,1,73.94040799999857,0.2677050001693715,0.022000999706506263,0.0,602112,0.0,0.0,0.0,0.0,0,0.0,0.0,0.0,0.0,0,0.0,0.0,0.0,0.0,0,0.0,0.0,0.0,0.0,0
3,monolithic_k8s_1svc,125,78.89137800020762,75.49649100019451,3.3948870000131137,602112,1,75.49649100019451,0.28097499989598873,0.022419999822886894,0.0,602112,0.0,0.0,0.0,0.0,0,0.0,0.0,0.0,0.0,0,0.0,0.0,0.0,0.0,0,0.0,0.0,0.0,0.0,0
3,monolithic_k8s_1svc,126,77.48070599973289,74.11354700025186,3.3671589994810347,602112,1,74.11354700025186,0.2714060001380858,0.022908999653736828,0.0,602112,0.0,0.0,0.0,0.0,0,0.0,0.0,0.0,0.0,0,0.0,0.0,0.0,0.0,0,0.0,0.0,0.0,0.0,0
3,monolithic_k8s_1svc,127,77.50438399989434,74.11920499998814,3.385178999906202,602112,1,74.11920499998814,0.2732920002017636,0.02234900011899299,0.0,602112,0.0,0.0,0.0,0.0,0,0.0,0.0,0.0,0.0,0,0.0,0.0,0.0,0.0,0,0.0,0.0,0.0,0.0,0
3,monolithic_k8s_1svc,128,84.51248399978795,80.45046500001263,4.062018999775319,602112,1,80.45046500001263,0.28621299998121685,0.0457470000583271,0.0,602112,0.0,0.0,0.0,0.0,0,0.0,0.0,0.0,0.0,0,0.0,0.0,0.0,0.0,0,0.0,0.0,0.0,0.0,0
3,monolithic_k8s_1svc,129,86.08763400025055,82.21307100029662,3.8745629999539233,602112,1,82.21307100029662,0.2946639997389866,0.02814699973896495,0.0,602112,0.0,0.0,0.0,0.0,0,0.0,0.0,0.0,0.0,0,0.0,0.0,0.0,0.0,0,0.0,0.0,0.0,0.0,0
3,monolithic_k8s_1svc,130,83.91128299990669,80.28899000009915,3.6222929998075415,602112,1,80.28899000009915,0.3781250002248271,0.022278999949776335,0.0,602112,0.0,0.0,0.0,0.0,0,0.0,0.0,0.0,0.0,0,0.0,0.0,0.0,0.0,0,0.0,0.0,0.0,0.0,0
3,monolithic_k8s_1svc,131,78.87119499991968,74.6547539997664,4.2164410001532815,602112,1,74.6547539997664,0.28216200007591397,0.023397999939334113,0.0,602112,0.0,0.0,0.0,0.0,0,0.0,0.0,0.0,0.0,0,0.0,0.0,0.0,0.0,0,0.0,0.0,0.0,0.0,0
3,monolithic_k8s_1svc,132,77.79115599987563,73.9681360000759,3.823019999799726,602112,1,73.9681360000759,0.25108299996645655,0.02206999988629832,0.0,602112,0.0,0.0,0.0,0.0,0,0.0,0.0,0.0,0.0,0,0.0,0.0,0.0,0.0,0,0.0,0.0,0.0,0.0,0
3,monolithic_k8s_1svc,133,77.96310699995956,74.47924100006276,3.483865999896807,602112,1,74.47924100006276,0.2547139997659542,0.022978000288276235,0.0,602112,0.0,0.0,0.0,0.0,0,0.0,0.0,0.0,0.0,0,0.0,0.0,0.0,0.0,0,0.0,0.0,0.0,0.0,0
3,monolithic_k8s_1svc,134,77.34325799992803,74.11585199997717,3.227405999950861,602112,1,74.11585199997717,0.24235199998656753,0.02346700011912617,0.0,602112,0.0,0.0,0.0,0.0,0,0.0,0.0,0.0,0.0,0,0.0,0.0,0.0,0.0,0,0.0,0.0,0.0,0.0,0
3,monolithic_k8s_1svc,135,77.64134399985778,74.50075199994899,3.140591999908793,602112,1,74.50075199994899,0.2716160001909884,0.02332800022486481,0.0,602112,0.0,0.0,0.0,0.0,0,0.0,0.0,0.0,0.0,0,0.0,0.0,0.0,0.0,0,0.0,0.0,0.0,0.0,0
3,monolithic_k8s_1svc,136,77.03658100035682,74.00920300005964,3.027378000297176,602112,1,74.00920300005964,0.28837899981226656,0.0238860002355068,0.0,602112,0.0,0.0,0.0,0.0,0,0.0,0.0,0.0,0.0,0,0.0,0.0,0.0,0.0,0,0.0,0.0,0.0,0.0,0
3,monolithic_k8s_1svc,137,77.59804200031795,74.4400600001427,3.1579820001752523,602112,1,74.4400600001427,0.3425049999350449,0.02235000010841759,0.0,602112,0.0,0.0,0.0,0.0,0,0.0,0.0,0.0,0.0,0,0.0,0.0,0.0,0.0,0,0.0,0.0,0.0,0.0,0
3,monolithic_k8s_1svc,138,78.88467399970978,75.77278799999476,3.111885999715014,602112,1,75.77278799999476,0.2362760001233255,0.02248900000267895,0.0,602112,0.0,0.0,0.0,0.0,0,0.0,0.0,0.0,0.0,0,0.0,0.0,0.0,0.0,0,0.0,0.0,0.0,0.0,0
3,monolithic_k8s_1svc,139,78.08477300022787,74.83830000001035,3.24647300021752,602112,1,74.83830000001035,0.24577399972258718,0.03052100009881542,0.0,602112,0.0,0.0,0.0,0.0,0,0.0,0.0,0.0,0.0,0,0.0,0.0,0.0,0.0,0,0.0,0.0,0.0,0.0,0
3,monolithic_k8s_1svc,140,78.31099199984237,74.98406100012289,3.3269309997194796,602112,1,74.98406100012289,0.310029000047507,0.02220999976998428,0.0,602112,0.0,0.0,0.0,0.0,0,0.0,0.0,0.0,0.0,0,0.0,0.0,0.0,0.0,0,0.0,0.0,0.0,0.0,0
3,monolithic_k8s_1svc,141,78.84095400004298,75.49474699999337,3.346207000049617,602112,1,75.49474699999337,0.23676499995417544,0.02304800000274554,0.0,602112,0.0,0.0,0.0,0.0,0,0.0,0.0,0.0,0.0,0,0.0,0.0,0.0,0.0,0,0.0,0.0,0.0,0.0,0
3,monolithic_k8s_1svc,142,79.19910500004335,75.66097100016123,3.5381339998821204,602112,1,75.66097100016123,0.24123499997585895,0.0449780000053579,0.0,602112,0.0,0.0,0.0,0.0,0,0.0,0.0,0.0,0.0,0,0.0,0.0,0.0,0.0,0,0.0,0.0,0.0,0.0,0
3,monolithic_k8s_1svc,143,79.53315899976587,76.26782899978934,3.2653299999765295,602112,1,76.26782899978934,0.25471400022070156,0.023258000055648154,0.0,602112,0.0,0.0,0.0,0.0,0,0.0,0.0,0.0,0.0,0,0.0,0.0,0.0,0.0,0,0.0,0.0,0.0,0.0,0
3,monolithic_k8s_1svc,144,77.95172299984188,74.79471900023782,3.1570039996040578,602112,1,74.79471900023782,0.24898699984987616,0.02290800011905958,0.0,602112,0.0,0.0,0.0,0.0,0,0.0,0.0,0.0,0.0,0,0.0,0.0,0.0,0.0,0,0.0,0.0,0.0,0.0,0
3,monolithic_k8s_1svc,145,78.10314100015603,74.63352400009171,3.469617000064318,602112,1,74.63352400009171,0.3075839999837626,0.02332700023544021,0.0,602112,0.0,0.0,0.0,0.0,0,0.0,0.0,0.0,0.0,0,0.0,0.0,0.0,0.0,0,0.0,0.0,0.0,0.0,0
3,monolithic_k8s_1svc,146,77.66097000012451,74.15370700027779,3.5072629998467164,602112,1,74.15370700027779,0.30304499978228705,0.024793999727990013,0.0,602112,0.0,0.0,0.0,0.0,0,0.0,0.0,0.0,0.0,0,0.0,0.0,0.0,0.0,0,0.0,0.0,0.0,0.0,0
3,monolithic_k8s_1svc,147,78.24317499989775,74.32139899992762,3.921775999970123,602112,1,74.32139899992762,0.25904399990395177,0.02248900000267895,0.0,602112,0.0,0.0,0.0,0.0,0,0.0,0.0,0.0,0.0,0,0.0,0.0,0.0,0.0,0,0.0,0.0,0.0,0.0,0
3,monolithic_k8s_1svc,148,77.69274900010714,74.50759799985462,3.1851510002525174,602112,1,74.50759799985462,0.27133699995829375,0.02402500012976816,0.0,602112,0.0,0.0,0.0,0.0,0,0.0,0.0,0.0,0.0,0,0.0,0.0,0.0,0.0,0,0.0,0.0,0.0,0.0,0
3,monolithic_k8s_1svc,149,78.3188139998856,74.82265599992388,3.4961579999617243,602112,1,74.82265599992388,0.3047909999622789,0.028355999802442966,0.0,602112,0.0,0.0,0.0,0.0,0,0.0,0.0,0.0,0.0,0,0.0,0.0,0.0,0.0,0,0.0,0.0,0.0,0.0,0
3,monolithic_k8s_1svc,150,79.61494400024094,76.23528300018734,3.379661000053602,602112,1,76.23528300018734,0.2612099997350015,0.02290800011905958,0.0,602112,0.0,0.0,0.0,0.0,0,0.0,0.0,0.0,0.0,0,0.0,0.0,0.0,0.0,0,0.0,0.0,0.0,0.0,0
3,monolithic_k8s_1svc,151,77.98084700016261,74.58065300033923,3.4001939998233865,602112,1,74.58065300033923,0.3127529998891987,0.02248999999210355,0.0,602112,0.0,0.0,0.0,0.0,0,0.0,0.0,0.0,0.0,0,0.0,0.0,0.0,0.0,0,0.0,0.0,0.0,0.0,0
3,monolithic_k8s_1svc,152,78.33550699979241,74.54985300000772,3.7856539997846994,602112,1,74.54985300000772,0.26945099989461596,0.022279999939200934,0.0,602112,0.0,0.0,0.0,0.0,0,0.0,0.0,0.0,0.0,0,0.0,0.0,0.0,0.0,0,0.0,0.0,0.0,0.0,0
3,monolithic_k8s_1svc,153,76.97945099971548,73.56934000017645,3.410110999539029,602112,1,73.56934000017645,0.2799270000650722,0.022418999833462294,0.0,602112,0.0,0.0,0.0,0.0,0,0.0,0.0,0.0,0.0,0,0.0,0.0,0.0,0.0,0,0.0,0.0,0.0,0.0,0
3,monolithic_k8s_1svc,154,83.7226409998948,80.12814499988963,3.594496000005165,602112,1,80.12814499988963,0.2605109998512489,0.02235000010841759,0.0,602112,0.0,0.0,0.0,0.0,0,0.0,0.0,0.0,0.0,0,0.0,0.0,0.0,0.0,0,0.0,0.0,0.0,0.0,0
3,monolithic_k8s_1svc,155,78.87454899992008,75.4571020002004,3.4174469997196866,602112,1,75.4571020002004,0.2872609998121334,0.02248999999210355,0.0,602112,0.0,0.0,0.0,0.0,0,0.0,0.0,0.0,0.0,0,0.0,0.0,0.0,0.0,0,0.0,0.0,0.0,0.0,0
3,monolithic_k8s_1svc,156,77.72913700000572,74.04342700010602,3.6857099998997,602112,1,74.04342700010602,0.2758770001491939,0.042114999814657494,0.0,602112,0.0,0.0,0.0,0.0,0,0.0,0.0,0.0,0.0,0,0.0,0.0,0.0,0.0,0,0.0,0.0,0.0,0.0,0
3,monolithic_k8s_1svc,157,77.91959699989093,74.45891899988055,3.4606780000103754,602112,1,74.45891899988055,0.2717560000746744,0.024444999780826038,0.0,602112,0.0,0.0,0.0,0.0,0,0.0,0.0,0.0,0.0,0,0.0,0.0,0.0,0.0,0,0.0,0.0,0.0,0.0,0
3,monolithic_k8s_1svc,158,76.95779999994556,73.73919500014381,3.218604999801755,602112,1,73.73919500014381,0.2833500002452638,0.022838999939267524,0.0,602112,0.0,0.0,0.0,0.0,0,0.0,0.0,0.0,0.0,0,0.0,0.0,0.0,0.0,0,0.0,0.0,0.0,0.0,0
3,monolithic_k8s_1svc,159,77.6715880001575,74.0856120000899,3.5859760000676033,602112,1,74.0856120000899,0.26959100023304927,0.021999999717081664,0.0,602112,0.0,0.0,0.0,0.0,0,0.0,0.0,0.0,0.0,0,0.0,0.0,0.0,0.0,0,0.0,0.0,0.0,0.0,0
3,monolithic_k8s_1svc,160,77.06018999988373,73.57534599987048,3.484844000013254,602112,1,73.57534599987048,0.28809900004489464,0.043791000280180015,0.0,602112,0.0,0.0,0.0,0.0,0,0.0,0.0,0.0,0.0,0,0.0,0.0,0.0,0.0,0,0.0,0.0,0.0,0.0,0
3,monolithic_k8s_1svc,161,77.68590499972561,74.32412299976932,3.3617819999562926,602112,1,74.32412299976932,0.30053099999349797,0.0238860002355068,0.0,602112,0.0,0.0,0.0,0.0,0,0.0,0.0,0.0,0.0,0,0.0,0.0,0.0,0.0,0,0.0,0.0,0.0,0.0,0
3,monolithic_k8s_1svc,162,78.30533500009551,75.04042399978061,3.2649110003148962,602112,1,75.04042399978061,0.26889199989454937,0.023677000172028784,0.0,602112,0.0,0.0,0.0,0.0,0,0.0,0.0,0.0,0.0,0,0.0,0.0,0.0,0.0,0,0.0,0.0,0.0,0.0,0
3,monolithic_k8s_1svc,163,79.69945400009237,76.36924100006581,3.3302130000265606,602112,1,76.36924100006581,0.2622569995764934,0.022837999949842924,0.0,602112,0.0,0.0,0.0,0.0,0,0.0,0.0,0.0,0.0,0,0.0,0.0,0.0,0.0,0,0.0,0.0,0.0,0.0,0
3,monolithic_k8s_1svc,164,77.7672019999045,74.29346300023099,3.4737389996735146,602112,1,74.29346300023099,0.3084929999204178,0.022559000171895605,0.0,602112,0.0,0.0,0.0,0.0,0,0.0,0.0,0.0,0.0,0,0.0,0.0,0.0,0.0,0,0.0,0.0,0.0,0.0,0
3,monolithic_k8s_1svc,165,78.53672299961545,75.05509200018423,3.481630999431218,602112,1,75.05509200018423,0.2757369998107606,0.023885999780759448,0.0,602112,0.0,0.0,0.0,0.0,0,0.0,0.0,0.0,0.0,0,0.0,0.0,0.0,0.0,0,0.0,0.0,0.0,0.0,0
3,monolithic_k8s_1svc,166,79.83096799989653,76.58281899966823,3.2481490002282953,602112,1,76.58281899966823,0.3230199999961769,0.022838000404590275,0.0,602112,0.0,0.0,0.0,0.0,0,0.0,0.0,0.0,0.0,0,0.0,0.0,0.0,0.0,0,0.0,0.0,0.0,0.0,0
3,monolithic_k8s_1svc,167,77.96632300005513,74.49104699981035,3.475276000244776,602112,1,74.49104699981035,0.27713400004358846,0.022837999949842924,0.0,602112,0.0,0.0,0.0,0.0,0,0.0,0.0,0.0,0.0,0,0.0,0.0,0.0,0.0,0,0.0,0.0,0.0,0.0,0
3,monolithic_k8s_1svc,168,80.85289700011344,77.64874999975291,3.2041470003605355,602112,1,77.64874999975291,0.26197700026386883,0.023536999833595473,0.0,602112,0.0,0.0,0.0,0.0,0,0.0,0.0,0.0,0.0,0,0.0,0.0,0.0,0.0,0,0.0,0.0,0.0,0.0,0
3,monolithic_k8s_1svc,169,77.58079399991402,74.37056900016614,3.2102249997478793,602112,1,74.37056900016614,0.30087999994066195,0.04567699988911045,0.0,602112,0.0,0.0,0.0,0.0,0,0.0,0.0,0.0,0.0,0,0.0,0.0,0.0,0.0,0,0.0,0.0,0.0,0.0,0
3,monolithic_k8s_1svc,170,76.97002300028544,73.54077499985578,3.429248000429652,602112,1,73.54077499985578,0.2677739998944162,0.02276900022479822,0.0,602112,0.0,0.0,0.0,0.0,0,0.0,0.0,0.0,0.0,0,0.0,0.0,0.0,0.0,0,0.0,0.0,0.0,0.0,0
3,monolithic_k8s_1svc,171,76.95158500018806,73.80771099997219,3.143874000215874,602112,1,73.80771099997219,0.30185800005710917,0.022699000055581564,0.0,602112,0.0,0.0,0.0,0.0,0,0.0,0.0,0.0,0.0,0,0.0,0.0,0.0,0.0,0,0.0,0.0,0.0,0.0,0
3,monolithic_k8s_1svc,172,80.71705500015014,77.15894700004355,3.5581080001065857,602112,1,77.15894700004355,0.2943849999610393,0.02234899966424564,0.0,602112,0.0,0.0,0.0,0.0,0,0.0,0.0,0.0,0.0,0,0.0,0.0,0.0,0.0,0,0.0,0.0,0.0,0.0,0
3,monolithic_k8s_1svc,173,76.73130300008779,73.52331399988543,3.2079890002023603,602112,1,73.52331399988543,0.265888999820163,0.023396999949909514,0.0,602112,0.0,0.0,0.0,0.0,0,0.0,0.0,0.0,0.0,0,0.0,0.0,0.0,0.0,0,0.0,0.0,0.0,0.0,0
3,monolithic_k8s_1svc,174,77.91910899959476,74.52156799990917,3.3975409996855888,602112,1,74.52156799990917,0.3371280004103028,0.022838999939267524,0.0,602112,0.0,0.0,0.0,0.0,0,0.0,0.0,0.0,0.0,0,0.0,0.0,0.0,0.0,0,0.0,0.0,0.0,0.0,0
3,monolithic_k8s_1svc,175,80.56598599978315,76.78235799994582,3.7836279998373357,602112,1,76.78235799994582,0.28404800013959175,0.024934000066423323,0.0,602112,0.0,0.0,0.0,0.0,0,0.0,0.0,0.0,0.0,0,0.0,0.0,0.0,0.0,0,0.0,0.0,0.0,0.0,0
3,monolithic_k8s_1svc,176,86.32440099972882,83.14881799969953,3.1755830000292917,602112,1,83.14881799969953,0.28809900004489464,0.027937000140809687,0.0,602112,0.0,0.0,0.0,0.0,0,0.0,0.0,0.0,0.0,0,0.0,0.0,0.0,0.0,0,0.0,0.0,0.0,0.0,0
3,monolithic_k8s_1svc,177,88.06828999968275,84.66690900013418,3.4013809995485644,602112,1,84.66690900013418,0.3396419997443445,0.026260000140609918,0.0,602112,0.0,0.0,0.0,0.0,0,0.0,0.0,0.0,0.0,0,0.0,0.0,0.0,0.0,0,0.0,0.0,0.0,0.0,0
3,monolithic_k8s_1svc,178,83.40339500000482,80.130521999763,3.272873000241816,602112,1,80.130521999763,0.34634700023161713,0.027238000257057138,0.0,602112,0.0,0.0,0.0,0.0,0,0.0,0.0,0.0,0.0,0,0.0,0.0,0.0,0.0,0,0.0,0.0,0.0,0.0,0
3,monolithic_k8s_1svc,179,82.89948299989192,79.27272000006269,3.626762999829225,602112,1,79.27272000006269,0.272175000191055,0.031988000046112575,0.0,602112,0.0,0.0,0.0,0.0,0,0.0,0.0,0.0,0.0,0,0.0,0.0,0.0,0.0,0,0.0,0.0,0.0,0.0,0
3,monolithic_k8s_1svc,180,79.46716100013873,76.3444479998725,3.1227130002662307,602112,1,76.3444479998725,0.28984500022488646,0.024863999897206668,0.0,602112,0.0,0.0,0.0,0.0,0,0.0,0.0,0.0,0.0,0,0.0,0.0,0.0,0.0,0,0.0,0.0,0.0,0.0,0
3,monolithic_k8s_1svc,181,76.88607399995817,73.79185799982224,3.09421600013593,602112,1,73.79185799982224,0.2700800000638992,0.02193000000261236,0.0,602112,0.0,0.0,0.0,0.0,0,0.0,0.0,0.0,0.0,0,0.0,0.0,0.0,0.0,0,0.0,0.0,0.0,0.0,0
3,monolithic_k8s_1svc,182,76.32251800032464,72.85003600009077,3.4724820002338674,602112,1,72.85003600009077,0.296968999919045,0.02235000010841759,0.0,602112,0.0,0.0,0.0,0.0,0,0.0,0.0,0.0,0.0,0,0.0,0.0,0.0,0.0,0,0.0,0.0,0.0,0.0,0
3,monolithic_k8s_1svc,183,79.58260900022651,76.04475600010119,3.537853000125324,602112,1,76.04475600010119,0.2621869998620241,0.02248900000267895,0.0,602112,0.0,0.0,0.0,0.0,0,0.0,0.0,0.0,0.0,0,0.0,0.0,0.0,0.0,0,0.0,0.0,0.0,0.0,0
3,monolithic_k8s_1svc,184,77.77670099994793,74.40325600009601,3.3734449998519267,602112,1,74.40325600009601,0.309819999984029,0.021161999939067755,0.0,602112,0.0,0.0,0.0,0.0,0,0.0,0.0,0.0,0.0,0,0.0,0.0,0.0,0.0,0,0.0,0.0,0.0,0.0,0
3,monolithic_k8s_1svc,185,77.6120840000658,73.89997300015239,3.7121109999134205,602112,1,73.89997300015239,0.2799969997795415,0.022419999822886894,0.0,602112,0.0,0.0,0.0,0.0,0,0.0,0.0,0.0,0.0,0,0.0,0.0,0.0,0.0,0,0.0,0.0,0.0,0.0,0
3,monolithic_k8s_1svc,186,78.22383099983199,74.522965000142,3.700865999689995,602112,1,74.522965000142,0.2720359998420463,0.023118000171962194,0.0,602112,0.0,0.0,0.0,0.0,0,0.0,0.0,0.0,0.0,0,0.0,0.0,0.0,0.0,0,0.0,0.0,0.0,0.0,0
3,monolithic_k8s_1svc,187,78.40025199993761,74.97407599976214,3.4261760001754737,602112,1,74.97407599976214,0.29578100020444253,0.02332800022486481,0.0,602112,0.0,0.0,0.0,0.0,0,0.0,0.0,0.0,0.0,0,0.0,0.0,0.0,0.0,0,0.0,0.0,0.0,0.0,0
3,monolithic_k8s_1svc,188,78.7058120004076,75.03504799979055,3.670764000617055,602112,1,75.03504799979055,0.30081000022619264,0.021791000108351,0.0,602112,0.0,0.0,0.0,0.0,0,0.0,0.0,0.0,0.0,0,0.0,0.0,0.0,0.0,0,0.0,0.0,0.0,0.0,0
3,monolithic_k8s_1svc,189,77.34472899983302,73.83390299992243,3.510825999910594,602112,1,73.83390299992243,0.29159099995013094,0.02374700034124544,0.0,602112,0.0,0.0,0.0,0.0,0,0.0,0.0,0.0,0.0,0,0.0,0.0,0.0,0.0,0,0.0,0.0,0.0,0.0,0
3,monolithic_k8s_1svc,190,76.78040399969177,73.48448299990196,3.2959209997898142,602112,1,73.48448299990196,0.30912200008970103,0.021861000277567655,0.0,602112,0.0,0.0,0.0,0.0,0,0.0,0.0,0.0,0.0,0,0.0,0.0,0.0,0.0,0,0.0,0.0,0.0,0.0,0
3,monolithic_k8s_1svc,191,77.99048899960326,74.33662800031016,3.6538609992931015,602112,1,74.33662800031016,0.3034639998986677,0.025283000013587298,0.0,602112,0.0,0.0,0.0,0.0,0,0.0,0.0,0.0,0.0,0,0.0,0.0,0.0,0.0,0,0.0,0.0,0.0,0.0,0
3,monolithic_k8s_1svc,192,79.84696299990901,76.41429100021924,3.4326719996897737,602112,1,76.41429100021924,0.3255349997743906,0.021999999717081664,0.0,602112,0.0,0.0,0.0,0.0,0,0.0,0.0,0.0,0.0,0,0.0,0.0,0.0,0.0,0,0.0,0.0,0.0,0.0,0
3,monolithic_k8s_1svc,193,79.70937499976571,76.24925500022073,3.460119999544986,602112,1,76.24925500022073,0.2626760001476214,0.02276799978062627,0.0,602112,0.0,0.0,0.0,0.0,0,0.0,0.0,0.0,0.0,0,0.0,0.0,0.0,0.0,0,0.0,0.0,0.0,0.0,0
3,monolithic_k8s_1svc,194,76.8806979999681,73.69456900005389,3.1861289999142173,602112,1,73.69456900005389,0.2754570000433887,0.023396999949909514,0.0,602112,0.0,0.0,0.0,0.0,0,0.0,0.0,0.0,0.0,0,0.0,0.0,0.0,0.0,0,0.0,0.0,0.0,0.0,0
3,monolithic_k8s_1svc,195,76.36463400012872,73.03714399995442,3.3274900001742935,602112,1,73.03714399995442,0.25862499978757114,0.02276900022479822,0.0,602112,0.0,0.0,0.0,0.0,0,0.0,0.0,0.0,0.0,0,0.0,0.0,0.0,0.0,0,0.0,0.0,0.0,0.0,0
3,monolithic_k8s_1svc,196,78.15447900020445,74.28717899983894,3.8673000003655034,602112,1,74.28717899983894,0.26288599974577664,0.02912500031015952,0.0,602112,0.0,0.0,0.0,0.0,0,0.0,0.0,0.0,0.0,0,0.0,0.0,0.0,0.0,0,0.0,0.0,0.0,0.0,0
3,monolithic_k8s_1svc,197,77.19484799963539,73.84829100010393,3.346556999531458,602112,1,73.84829100010393,0.2876789999390894,0.02248999999210355,0.0,602112,0.0,0.0,0.0,0.0,0,0.0,0.0,0.0,0.0,0,0.0,0.0,0.0,0.0,0,0.0,0.0,0.0,0.0,0
3,monolithic_k8s_1svc,198,77.27062599997225,73.71817500006728,3.552450999904977,602112,1,73.71817500006728,0.27399000009609153,0.022977999833528884,0.0,602112,0.0,0.0,0.0,0.0,0,0.0,0.0,0.0,0.0,0,0.0,0.0,0.0,0.0,0,0.0,0.0,0.0,0.0,0
3,monolithic_k8s_1svc,199,77.95011999996859,74.50466800037248,3.4454519995961164,602112,1,74.50466800037248,0.2843969996320084,0.023396999949909514,0.0,602112,0.0,0.0,0.0,0.0,0,0.0,0.0,0.0,0.0,0,0.0,0.0,0.0,0.0,0,0.0,0.0,0.0,0.0,0
3,monolithic_k8s_1svc,200,77.88160499967489,74.54699199979586,3.3346129998790275,602112,1,74.54699199979586,0.3424360002100002,0.023118000171962194,0.0,602112,0.0,0.0,0.0,0.0,0,0.0,0.0,0.0,0.0,0,0.0,0.0,0.0,0.0,0,0.0,0.0,0.0,0.0,0
4,monolithic_k8s_1svc,1,86.8793069998901,83.12864399977116,3.750663000118948,602112,1,83.12864399977116,0.26114000002053217,0.024514999950042693,0.0,602112,0.0,0.0,0.0,0.0,0,0.0,0.0,0.0,0.0,0,0.0,0.0,0.0,0.0,0,0.0,0.0,0.0,0.0,0
4,monolithic_k8s_1svc,2,85.90284499996415,82.27908399976513,3.6237610001990106,602112,1,82.27908399976513,0.2914520000558696,0.024654000299051404,0.0,602112,0.0,0.0,0.0,0.0,0,0.0,0.0,0.0,0.0,0,0.0,0.0,0.0,0.0,0,0.0,0.0,0.0,0.0,0
4,monolithic_k8s_1svc,3,87.01598900006502,83.68598500010194,3.3300039999630826,602112,1,83.68598500010194,0.2886580000449612,0.025770999855012633,0.0,602112,0.0,0.0,0.0,0.0,0,0.0,0.0,0.0,0.0,0,0.0,0.0,0.0,0.0,0,0.0,0.0,0.0,0.0,0
4,monolithic_k8s_1svc,4,86.43134000021746,83.11300000013944,3.318340000078024,602112,1,83.11300000013944,0.253806000273471,0.024374999611609383,0.0,602112,0.0,0.0,0.0,0.0,0,0.0,0.0,0.0,0.0,0,0.0,0.0,0.0,0.0,0,0.0,0.0,0.0,0.0,0
4,monolithic_k8s_1svc,5,85.96018400021421,82.2871169998507,3.673067000363517,602112,1,82.2871169998507,0.3229500002817076,0.02416500001345412,0.0,602112,0.0,0.0,0.0,0.0,0,0.0,0.0,0.0,0.0,0,0.0,0.0,0.0,0.0,0,0.0,0.0,0.0,0.0,0
4,monolithic_k8s_1svc,6,85.41897899976902,81.81386600017504,3.6051129995939846,602112,1,81.81386600017504,0.3233689999433409,0.02374599989707349,0.0,602112,0.0,0.0,0.0,0.0,0,0.0,0.0,0.0,0.0,0,0.0,0.0,0.0,0.0,0,0.0,0.0,0.0,0.0,0
4,monolithic_k8s_1svc,7,86.34257099993192,82.71818299999723,3.6243879999346973,602112,1,82.71818299999723,0.294524000310048,0.02402499967502081,0.0,602112,0.0,0.0,0.0,0.0,0,0.0,0.0,0.0,0.0,0,0.0,0.0,0.0,0.0,0,0.0,0.0,0.0,0.0,0
4,monolithic_k8s_1svc,8,86.03861799974766,82.34194299984665,3.6966749999010062,602112,1,82.34194299984665,0.2671460001693049,0.0457470000583271,0.0,602112,0.0,0.0,0.0,0.0,0,0.0,0.0,0.0,0.0,0,0.0,0.0,0.0,0.0,0,0.0,0.0,0.0,0.0,0
4,monolithic_k8s_1svc,9,86.16803600034473,82.29032999997798,3.877706000366743,602112,1,82.29032999997798,0.31631499996365164,0.02402600011919276,0.0,602112,0.0,0.0,0.0,0.0,0,0.0,0.0,0.0,0.0,0,0.0,0.0,0.0,0.0,0,0.0,0.0,0.0,0.0,0
4,monolithic_k8s_1svc,10,90.07256099994265,86.5155000001323,3.5570609998103464,602112,1,86.5155000001323,0.2983659996971255,0.024236000172095373,0.0,602112,0.0,0.0,0.0,0.0,0,0.0,0.0,0.0,0.0,0,0.0,0.0,0.0,0.0,0,0.0,0.0,0.0,0.0,0
4,monolithic_k8s_1svc,11,86.02472000029593,82.35409600001731,3.6706240002786217,602112,1,82.35409600001731,0.2913809998972283,0.0238860002355068,0.0,602112,0.0,0.0,0.0,0.0,0,0.0,0.0,0.0,0.0,0,0.0,0.0,0.0,0.0,0,0.0,0.0,0.0,0.0,0
4,monolithic_k8s_1svc,12,85.64512700013438,81.88231100029952,3.7628159998348565,602112,1,81.88231100029952,0.2886579995902139,0.024725000002945308,0.0,602112,0.0,0.0,0.0,0.0,0,0.0,0.0,0.0,0.0,0,0.0,0.0,0.0,0.0,0,0.0,0.0,0.0,0.0,0
4,monolithic_k8s_1svc,13,86.99475799994616,83.24472200001765,3.7500359999285138,602112,1,83.24472200001765,0.29166099966460024,0.024934000066423323,0.0,602112,0.0,0.0,0.0,0.0,0,0.0,0.0,0.0,0.0,0,0.0,0.0,0.0,0.0,0,0.0,0.0,0.0,0.0,0
4,monolithic_k8s_1svc,14,85.77224100008607,82.32769500000359,3.4445460000824824,602112,1,82.32769500000359,0.28907700016134186,0.024375000066356733,0.0,602112,0.0,0.0,0.0,0.0,0,0.0,0.0,0.0,0.0,0,0.0,0.0,0.0,0.0,0,0.0,0.0,0.0,0.0,0
4,monolithic_k8s_1svc,15,85.33572599981198,81.510820999938,3.8249049998739792,602112,1,81.510820999938,0.32134399998540175,0.02402600011919276,0.0,602112,0.0,0.0,0.0,0.0,0,0.0,0.0,0.0,0.0,0,0.0,0.0,0.0,0.0,0,0.0,0.0,0.0,0.0,0
4,monolithic_k8s_1svc,16,86.90563799973461,83.39593100026832,3.509706999466289,602112,1,83.39593100026832,0.28628299969568616,0.025352999728056602,0.0,602112,0.0,0.0,0.0,0.0,0,0.0,0.0,0.0,0.0,0,0.0,0.0,0.0,0.0,0,0.0,0.0,0.0,0.0,0
4,monolithic_k8s_1svc,17,86.35081300008096,82.77300899999318,3.577804000087781,602112,1,82.77300899999318,0.29717899997194763,0.02290800011905958,0.0,602112,0.0,0.0,0.0,0.0,0,0.0,0.0,0.0,0.0,0,0.0,0.0,0.0,0.0,0,0.0,0.0,0.0,0.0,0
4,monolithic_k8s_1svc,18,85.90312599972094,82.24004399971818,3.6630820000027597,602112,1,82.24004399971818,0.2862830001504335,0.024513999960618094,0.0,602112,0.0,0.0,0.0,0.0,0,0.0,0.0,0.0,0.0,0,0.0,0.0,0.0,0.0,0,0.0,0.0,0.0,0.0,0
4,monolithic_k8s_1svc,19,86.51242799987813,82.98679700010325,3.525630999774876,602112,1,82.98679700010325,0.29201000006651157,0.02346700011912617,0.0,602112,0.0,0.0,0.0,0.0,0,0.0,0.0,0.0,0.0,0,0.0,0.0,0.0,0.0,0,0.0,0.0,0.0,0.0,0
4,monolithic_k8s_1svc,20,85.37344299975302,81.84774099981951,3.525701999933517,602112,1,81.84774099981951,0.2893559999392892,0.02472400001352071,0.0,602112,0.0,0.0,0.0,0.0,0,0.0,0.0,0.0,0.0,0,0.0,0.0,0.0,0.0,0,0.0,0.0,0.0,0.0,0
4,monolithic_k8s_1svc,21,88.92952499991225,85.60804199987615,3.321483000036096,602112,1,85.60804199987615,0.2571589998296986,0.03121899999314337,0.0,602112,0.0,0.0,0.0,0.0,0,0.0,0.0,0.0,0.0,0,0.0,0.0,0.0,0.0,0,0.0,0.0,0.0,0.0,0
4,monolithic_k8s_1svc,22,85.43252900017251,81.98931100014306,3.4432180000294466,602112,1,81.98931100014306,0.26728600005299086,0.024374999611609383,0.0,602112,0.0,0.0,0.0,0.0,0,0.0,0.0,0.0,0.0,0,0.0,0.0,0.0,0.0,0,0.0,0.0,0.0,0.0,0
4,monolithic_k8s_1svc,23,85.64023899998574,82.11167399986152,3.5285650001242175,602112,1,82.11167399986152,0.2863529998649028,0.024863999897206668,0.0,602112,0.0,0.0,0.0,0.0,0,0.0,0.0,0.0,0.0,0,0.0,0.0,0.0,0.0,0,0.0,0.0,0.0,0.0,0
4,monolithic_k8s_1svc,24,88.31002500028262,85.06292400033999,3.2471009999426315,602112,1,85.06292400033999,0.30779500002608984,0.031009999929665355,0.0,602112,0.0,0.0,0.0,0.0,0,0.0,0.0,0.0,0.0,0,0.0,0.0,0.0,0.0,0,0.0,0.0,0.0,0.0,0
4,monolithic_k8s_1svc,25,86.65085500024361,83.04630200018437,3.6045530000592407,602112,1,83.04630200018437,0.3205049997632159,0.024514999950042693,0.0,602112,0.0,0.0,0.0,0.0,0,0.0,0.0,0.0,0.0,0,0.0,0.0,0.0,0.0,0,0.0,0.0,0.0,0.0,0
4,monolithic_k8s_1svc,26,85.91730299986011,82.36715599969102,3.5501470001690905,602112,1,82.36715599969102,0.299972999982856,0.024934000066423323,0.0,602112,0.0,0.0,0.0,0.0,0,0.0,0.0,0.0,0.0,0,0.0,0.0,0.0,0.0,0,0.0,0.0,0.0,0.0,0
4,monolithic_k8s_1svc,27,85.53987599998436,81.84054699995613,3.6993290000282286,602112,1,81.84054699995613,0.2982959999826562,0.02472400001352071,0.0,602112,0.0,0.0,0.0,0.0,0,0.0,0.0,0.0,0.0,0,0.0,0.0,0.0,0.0,0,0.0,0.0,0.0,0.0,0
4,monolithic_k8s_1svc,28,87.78711800005112,83.9885420000428,3.7985760000083246,602112,1,83.9885420000428,0.29054399965389166,0.023816000066290144,0.0,602112,0.0,0.0,0.0,0.0,0,0.0,0.0,0.0,0.0,0,0.0,0.0,0.0,0.0,0,0.0,0.0,0.0,0.0,0
4,monolithic_k8s_1svc,29,85.47506300010355,81.90389400033382,3.571168999769725,602112,1,81.90389400033382,0.2897750000556698,0.023746999886498088,0.0,602112,0.0,0.0,0.0,0.0,0,0.0,0.0,0.0,0.0,0,0.0,0.0,0.0,0.0,0,0.0,0.0,0.0,0.0,0
4,monolithic_k8s_1svc,30,85.27838800000609,81.50656299994807,3.7718250000580156,602112,1,81.50656299994807,0.3172229999108822,0.04386099999464932,0.0,602112,0.0,0.0,0.0,0.0,0,0.0,0.0,0.0,0.0,0,0.0,0.0,0.0,0.0,0,0.0,0.0,0.0,0.0,0
4,monolithic_k8s_1svc,31,86.955787000079,83.37232500025493,3.583461999824067,602112,1,83.37232500025493,0.2829309996741358,0.025003999780892627,0.0,602112,0.0,0.0,0.0,0.0,0,0.0,0.0,0.0,0.0,0,0.0,0.0,0.0,0.0,0,0.0,0.0,0.0,0.0,0
4,monolithic_k8s_1svc,32,85.58855699993728,81.79850300030012,3.7900539996371663,602112,1,81.79850300030012,0.32343900011255755,0.023815999611542793,0.0,602112,0.0,0.0,0.0,0.0,0,0.0,0.0,0.0,0.0,0,0.0,0.0,0.0,0.0,0,0.0,0.0,0.0,0.0,0
4,monolithic_k8s_1svc,33,85.0402959999883,81.68326299983164,3.3570330001566617,602112,1,81.68326299983164,0.3576620001695119,0.024794000182737364,0.0,602112,0.0,0.0,0.0,0.0,0,0.0,0.0,0.0,0.0,0,0.0,0.0,0.0,0.0,0,0.0,0.0,0.0,0.0,0
4,monolithic_k8s_1svc,34,86.30241399987426,82.33810299998368,3.9643109998905857,602112,1,82.33810299998368,0.3712809998432931,0.026610000077198492,0.0,602112,0.0,0.0,0.0,0.0,0,0.0,0.0,0.0,0.0,0,0.0,0.0,0.0,0.0,0,0.0,0.0,0.0,0.0,0
4,monolithic_k8s_1svc,35,88.04818799990244,84.07298200017976,3.975205999722675,602112,1,84.07298200017976,0.3202959996997379,0.025283000013587298,0.0,602112,0.0,0.0,0.0,0.0,0,0.0,0.0,0.0,0.0,0,0.0,0.0,0.0,0.0,0,0.0,0.0,0.0,0.0,0
4,monolithic_k8s_1svc,36,86.1275989996102,82.55845499979841,3.5691439998117858,602112,1,82.55845499979841,0.3554270001586701,0.024513999960618094,0.0,602112,0.0,0.0,0.0,0.0,0,0.0,0.0,0.0,0.0,0,0.0,0.0,0.0,0.0,0,0.0,0.0,0.0,0.0,0
4,monolithic_k8s_1svc,37,86.30688299990652,82.69681199999468,3.6100709999118408,602112,1,82.69681199999468,0.33859500035759993,0.024793999727990013,0.0,602112,0.0,0.0,0.0,0.0,0,0.0,0.0,0.0,0.0,0,0.0,0.0,0.0,0.0,0,0.0,0.0,0.0,0.0,0
4,monolithic_k8s_1svc,38,85.12019500039969,81.53296299997237,3.5872320004273206,602112,1,81.53296299997237,0.36813800033996813,0.024374999611609383,0.0,602112,0.0,0.0,0.0,0.0,0,0.0,0.0,0.0,0.0,0,0.0,0.0,0.0,0.0,0,0.0,0.0,0.0,0.0,0
4,monolithic_k8s_1svc,39,85.80904900009045,81.98623799989946,3.8228110001909954,602112,1,81.98623799989946,0.34292500004085014,0.024793999727990013,0.0,602112,0.0,0.0,0.0,0.0,0,0.0,0.0,0.0,0.0,0,0.0,0.0,0.0,0.0,0,0.0,0.0,0.0,0.0,0
4,monolithic_k8s_1svc,40,87.6872439998806,84.21273700014353,3.4745069997370592,602112,1,84.21273700014353,0.34159799997723894,0.02458400012983475,0.0,602112,0.0,0.0,0.0,0.0,0,0.0,0.0,0.0,0.0,0,0.0,0.0,0.0,0.0,0,0.0,0.0,0.0,0.0,0
4,monolithic_k8s_1svc,41,86.42212399990967,82.81114499959585,3.6109790003138187,602112,1,82.81114499959585,0.3469760004009004,0.025911000193445943,0.0,602112,0.0,0.0,0.0,0.0,0,0.0,0.0,0.0,0.0,0,0.0,0.0,0.0,0.0,0,0.0,0.0,0.0,0.0,0
4,monolithic_k8s_1svc,42,86.17348600000696,82.95047999990857,3.223006000098394,602112,1,82.95047999990857,0.36743999999089283,0.027518000024429057,0.0,602112,0.0,0.0,0.0,0.0,0,0.0,0.0,0.0,0.0,0,0.0,0.0,0.0,0.0,0,0.0,0.0,0.0,0.0,0
4,monolithic_k8s_1svc,43,86.39062500014916,82.99091899971245,3.3997060004367086,602112,1,82.99091899971245,0.34969900025316747,0.0238860002355068,0.0,602112,0.0,0.0,0.0,0.0,0,0.0,0.0,0.0,0.0,0,0.0,0.0,0.0,0.0,0,0.0,0.0,0.0,0.0,0
4,monolithic_k8s_1svc,44,86.68277400010993,82.71001299999625,3.972761000113678,602112,1,82.71001299999625,0.37882400010857964,0.02374599989707349,0.0,602112,0.0,0.0,0.0,0.0,0,0.0,0.0,0.0,0.0,0,0.0,0.0,0.0,0.0,0,0.0,0.0,0.0,0.0,0
4,monolithic_k8s_1svc,45,87.5222780000513,84.05601099957494,3.466267000476364,602112,1,84.05601099957494,0.34173800031567225,0.023258000055648154,0.0,602112,0.0,0.0,0.0,0.0,0,0.0,0.0,0.0,0.0,0,0.0,0.0,0.0,0.0,0,0.0,0.0,0.0,0.0,0
4,monolithic_k8s_1svc,46,85.71790500036514,82.3690440001883,3.3488610001768393,602112,1,82.3690440001883,0.36429699957807316,0.025283000013587298,0.0,602112,0.0,0.0,0.0,0.0,0,0.0,0.0,0.0,0.0,0,0.0,0.0,0.0,0.0,0,0.0,0.0,0.0,0.0,0
4,monolithic_k8s_1svc,47,85.16678100022546,81.94922200027577,3.217558999949688,602112,1,81.94922200027577,0.33866500007206923,0.027238999791734386,0.0,602112,0.0,0.0,0.0,0.0,0,0.0,0.0,0.0,0.0,0,0.0,0.0,0.0,0.0,0,0.0,0.0,0.0,0.0,0
4,monolithic_k8s_1svc,48,86.11921800002165,82.85067499991783,3.2685430001038185,602112,1,82.85067499991783,0.3240680002818408,0.02772800007733167,0.0,602112,0.0,0.0,0.0,0.0,0,0.0,0.0,0.0,0.0,0,0.0,0.0,0.0,0.0,0,0.0,0.0,0.0,0.0,0
4,monolithic_k8s_1svc,49,85.99266400005945,82.52353399984713,3.469130000212317,602112,1,82.52353399984713,0.34774400000969763,0.023955999949976103,0.0,602112,0.0,0.0,0.0,0.0,0,0.0,0.0,0.0,0.0,0,0.0,0.0,0.0,0.0,0,0.0,0.0,0.0,0.0,0
4,monolithic_k8s_1svc,50,86.60469100004775,82.94167899975946,3.6630120002882904,602112,1,82.94167899975946,0.3605960000641062,0.02486400035195402,0.0,602112,0.0,0.0,0.0,0.0,0,0.0,0.0,0.0,0.0,0,0.0,0.0,0.0,0.0,0,0.0,0.0,0.0,0.0,0
4,monolithic_k8s_1svc,51,87.04874700015353,83.5523099999591,3.496437000194419,602112,1,83.5523099999591,0.3690460002871987,0.024375000066356733,0.0,602112,0.0,0.0,0.0,0.0,0,0.0,0.0,0.0,0.0,0,0.0,0.0,0.0,0.0,0,0.0,0.0,0.0,0.0,0
4,monolithic_k8s_1svc,52,87.23620499995377,83.29263699988587,3.9435680000678985,602112,1,83.29263699988587,0.3571030001694453,0.024235000182670774,0.0,602112,0.0,0.0,0.0,0.0,0,0.0,0.0,0.0,0.0,0,0.0,0.0,0.0,0.0,0,0.0,0.0,0.0,0.0,0
4,monolithic_k8s_1svc,53,86.21734700000161,82.50411900007748,3.713227999924129,602112,1,82.50411900007748,0.37351599985413486,0.026261000130034517,0.0,602112,0.0,0.0,0.0,0.0,0,0.0,0.0,0.0,0.0,0,0.0,0.0,0.0,0.0,0,0.0,0.0,0.0,0.0,0
4,monolithic_k8s_1svc,54,85.8660410003722,82.59058400017238,3.2754570001998218,602112,1,82.59058400017238,0.32476600017616875,0.023746999886498088,0.0,602112,0.0,0.0,0.0,0.0,0,0.0,0.0,0.0,0.0,0,0.0,0.0,0.0,0.0,0,0.0,0.0,0.0,0.0,0
4,monolithic_k8s_1svc,55,85.99008100009087,82.44594000007055,3.5441410000203177,602112,1,82.44594000007055,0.3087729996877897,0.025004000235639978,0.0,602112,0.0,0.0,0.0,0.0,0,0.0,0.0,0.0,0.0,0,0.0,0.0,0.0,0.0,0,0.0,0.0,0.0,0.0,0
4,monolithic_k8s_1svc,56,80.23082699992301,76.73878900004638,3.4920379998766293,602112,1,76.73878900004638,0.28006699994875817,0.022978000288276235,0.0,602112,0.0,0.0,0.0,0.0,0,0.0,0.0,0.0,0.0,0,0.0,0.0,0.0,0.0,0,0.0,0.0,0.0,0.0,0
4,monolithic_k8s_1svc,57,78.77831999985574,75.24723999995331,3.531079999902431,602112,1,75.24723999995331,0.34425200010446133,0.02248999999210355,0.0,602112,0.0,0.0,0.0,0.0,0,0.0,0.0,0.0,0.0,0,0.0,0.0,0.0,0.0,0,0.0,0.0,0.0,0.0,0
4,monolithic_k8s_1svc,58,78.8378250003916,75.1852210000834,3.6526040003082016,602112,1,75.1852210000834,0.33580099989194423,0.022418999833462294,0.0,602112,0.0,0.0,0.0,0.0,0,0.0,0.0,0.0,0.0,0,0.0,0.0,0.0,0.0,0,0.0,0.0,0.0,0.0,0
4,monolithic_k8s_1svc,59,77.74898600018787,74.1597979999824,3.5891880002054677,602112,1,74.1597979999824,0.3471149998404144,0.022559000171895605,0.0,602112,0.0,0.0,0.0,0.0,0,0.0,0.0,0.0,0.0,0,0.0,0.0,0.0,0.0,0,0.0,0.0,0.0,0.0,0
4,monolithic_k8s_1svc,60,78.11160599976574,74.58073599991621,3.5308699998495285,602112,1,74.58073599991621,0.37854499987588497,0.023397000404656865,0.0,602112,0.0,0.0,0.0,0.0,0,0.0,0.0,0.0,0.0,0,0.0,0.0,0.0,0.0,0,0.0,0.0,0.0,0.0,0
4,monolithic_k8s_1svc,61,78.20184199999858,74.74165299981905,3.4601890001795255,602112,1,74.74165299981905,0.41123100027107284,0.022278999949776335,0.0,602112,0.0,0.0,0.0,0.0,0,0.0,0.0,0.0,0.0,0,0.0,0.0,0.0,0.0,0,0.0,0.0,0.0,0.0,0
4,monolithic_k8s_1svc,62,77.95509000015954,74.18242600033409,3.772663999825454,602112,1,74.18242600033409,0.3735860000233515,0.02234999965367024,0.0,602112,0.0,0.0,0.0,0.0,0,0.0,0.0,0.0,0.0,0,0.0,0.0,0.0,0.0,0,0.0,0.0,0.0,0.0,0
4,monolithic_k8s_1svc,63,77.95585900021251,74.5796189999055,3.376240000307007,602112,1,74.5796189999055,0.34076000019922503,0.02360600001338753,0.0,602112,0.0,0.0,0.0,0.0,0,0.0,0.0,0.0,0.0,0,0.0,0.0,0.0,0.0,0,0.0,0.0,0.0,0.0,0
4,monolithic_k8s_1svc,64,80.50523799965958,77.30548900008216,3.199748999577423,602112,1,77.30548900008216,0.3188989999216574,0.02332699978069286,0.0,602112,0.0,0.0,0.0,0.0,0,0.0,0.0,0.0,0.0,0,0.0,0.0,0.0,0.0,0,0.0,0.0,0.0,0.0,0
4,monolithic_k8s_1svc,65,78.8955849998274,75.95439199985776,2.941192999969644,602112,1,75.95439199985776,0.3494200000204728,0.04330299998400733,0.0,602112,0.0,0.0,0.0,0.0,0,0.0,0.0,0.0,0.0,0,0.0,0.0,0.0,0.0,0,0.0,0.0,0.0,0.0,0
4,monolithic_k8s_1svc,66,78.16175399966596,75.28739999997924,2.8743539996867185,602112,1,75.28739999997924,0.35549599988371483,0.022978000288276235,0.0,602112,0.0,0.0,0.0,0.0,0,0.0,0.0,0.0,0.0,0,0.0,0.0,0.0,0.0,0,0.0,0.0,0.0,0.0,0
4,monolithic_k8s_1svc,67,77.9210079999757,74.72566000024017,3.1953479997355316,602112,1,74.72566000024017,0.3395720000298752,0.02416500001345412,0.0,602112,0.0,0.0,0.0,0.0,0,0.0,0.0,0.0,0.0,0,0.0,0.0,0.0,0.0,0,0.0,0.0,0.0,0.0,0
4,monolithic_k8s_1svc,68,79.29871399983313,75.57948000021497,3.7192339996181545,602112,1,75.57948000021497,0.36576399998011766,0.02360600001338753,0.0,602112,0.0,0.0,0.0,0.0,0,0.0,0.0,0.0,0.0,0,0.0,0.0,0.0,0.0,0,0.0,0.0,0.0,0.0,0
4,monolithic_k8s_1svc,69,78.37868400019943,75.07186700013335,3.3068170000660757,602112,1,75.07186700013335,0.3401310000299418,0.04190499976175488,0.0,602112,0.0,0.0,0.0,0.0,0,0.0,0.0,0.0,0.0,0,0.0,0.0,0.0,0.0,0,0.0,0.0,0.0,0.0,0
4,monolithic_k8s_1svc,70,78.04211400025451,74.60043199989741,3.4416820003571047,602112,1,74.60043199989741,0.30639800024800934,0.025352999728056602,0.0,602112,0.0,0.0,0.0,0.0,0,0.0,0.0,0.0,0.0,0,0.0,0.0,0.0,0.0,0,0.0,0.0,0.0,0.0,0
4,monolithic_k8s_1svc,71,77.73068799997418,74.34222600022622,3.3884619997479604,602112,1,74.34222600022622,0.3610139997363149,0.024794000182737364,0.0,602112,0.0,0.0,0.0,0.0,0,0.0,0.0,0.0,0.0,0,0.0,0.0,0.0,0.0,0,0.0,0.0,0.0,0.0,0
4,monolithic_k8s_1svc,72,78.5023739999815,75.05810800012114,3.444265999860363,602112,1,75.05810800012114,0.331471000208694,0.023536999833595473,0.0,602112,0.0,0.0,0.0,0.0,0,0.0,0.0,0.0,0.0,0,0.0,0.0,0.0,0.0,0,0.0,0.0,0.0,0.0,0
4,monolithic_k8s_1svc,73,79.5435809995979,75.98945299969273,3.5541279999051767,602112,1,75.98945299969273,0.3520750001371198,0.025213000299117994,0.0,602112,0.0,0.0,0.0,0.0,0,0.0,0.0,0.0,0.0,0,0.0,0.0,0.0,0.0,0,0.0,0.0,0.0,0.0,0
4,monolithic_k8s_1svc,74,77.78446600013922,74.13283999994746,3.6516260001917544,602112,1,74.13283999994746,0.3272799999649578,0.023397000404656865,0.0,602112,0.0,0.0,0.0,0.0,0,0.0,0.0,0.0,0.0,0,0.0,0.0,0.0,0.0,0,0.0,0.0,0.0,0.0,0
4,monolithic_k8s_1svc,75,79.53876199962906,75.78146300011213,3.7572989995169337,602112,1,75.78146300011213,0.3624109999691427,0.024374999611609383,0.0,602112,0.0,0.0,0.0,0.0,0,0.0,0.0,0.0,0.0,0,0.0,0.0,0.0,0.0,0,0.0,0.0,0.0,0.0,0
4,monolithic_k8s_1svc,76,77.81757199973072,74.34795299968755,3.469619000043167,602112,1,74.34795299968755,0.39949700021679746,0.02290900010848418,0.0,602112,0.0,0.0,0.0,0.0,0,0.0,0.0,0.0,0.0,0,0.0,0.0,0.0,0.0,0,0.0,0.0,0.0,0.0,0
4,monolithic_k8s_1svc,77,78.26994000015475,75.0519630000781,3.217977000076644,602112,1,75.0519630000781,0.3770779999285878,0.02486299990778207,0.0,602112,0.0,0.0,0.0,0.0,0,0.0,0.0,0.0,0.0,0,0.0,0.0,0.0,0.0,0,0.0,0.0,0.0,0.0,0
4,monolithic_k8s_1svc,78,79.18850399983057,75.64492200026507,3.543581999565504,602112,1,75.64492200026507,0.35277300003144774,0.02290799966431223,0.0,602112,0.0,0.0,0.0,0.0,0,0.0,0.0,0.0,0.0,0,0.0,0.0,0.0,0.0,0,0.0,0.0,0.0,0.0,0
4,monolithic_k8s_1svc,79,79.25450499988074,75.65728500003388,3.597219999846857,602112,1,75.65728500003388,0.34844200035877293,0.023885999780759448,0.0,602112,0.0,0.0,0.0,0.0,0,0.0,0.0,0.0,0.0,0,0.0,0.0,0.0,0.0,0,0.0,0.0,0.0,0.0,0
4,monolithic_k8s_1svc,80,78.62410999996428,75.09365799978696,3.53045200017732,602112,1,75.09365799978696,0.32665200023984653,0.027238000257057138,0.0,602112,0.0,0.0,0.0,0.0,0,0.0,0.0,0.0,0.0,0,0.0,0.0,0.0,0.0,0,0.0,0.0,0.0,0.0,0
4,monolithic_k8s_1svc,81,78.55447700012519,74.81757300001846,3.7369040001067333,602112,1,74.81757300001846,0.40403700040769763,0.023815999611542793,0.0,602112,0.0,0.0,0.0,0.0,0,0.0,0.0,0.0,0.0,0,0.0,0.0,0.0,0.0,0,0.0,0.0,0.0,0.0,0
4,monolithic_k8s_1svc,82,79.48016499994992,75.7409549996737,3.7392100002762163,602112,1,75.7409549996737,0.3554270001586701,0.02332700023544021,0.0,602112,0.0,0.0,0.0,0.0,0,0.0,0.0,0.0,0.0,0,0.0,0.0,0.0,0.0,0,0.0,0.0,0.0,0.0,0
4,monolithic_k8s_1svc,83,77.51243200027602,74.01166399995418,3.500768000321841,602112,1,74.01166399995418,0.5208829998082365,0.023816000066290144,0.0,602112,0.0,0.0,0.0,0.0,0,0.0,0.0,0.0,0.0,0,0.0,0.0,0.0,0.0,0,0.0,0.0,0.0,0.0,0
4,monolithic_k8s_1svc,84,78.29990299978817,74.54602600000726,3.753876999780914,602112,1,74.54602600000726,0.3876240002682607,0.025910999738698592,0.0,602112,0.0,0.0,0.0,0.0,0,0.0,0.0,0.0,0.0,0,0.0,0.0,0.0,0.0,0,0.0,0.0,0.0,0.0,0
4,monolithic_k8s_1svc,85,78.14024399976915,74.7181870001441,3.422056999625056,602112,1,74.7181870001441,0.33566199999768287,0.0231869998970069,0.0,602112,0.0,0.0,0.0,0.0,0,0.0,0.0,0.0,0.0,0,0.0,0.0,0.0,0.0,0,0.0,0.0,0.0,0.0,0
4,monolithic_k8s_1svc,86,78.7247519997436,75.19555799990485,3.5291939998387534,602112,1,75.19555799990485,0.38678600003549946,0.023396999949909514,0.0,602112,0.0,0.0,0.0,0.0,0,0.0,0.0,0.0,0.0,0,0.0,0.0,0.0,0.0,0,0.0,0.0,0.0,0.0,0
4,monolithic_k8s_1svc,87,80.21287899964591,76.85465900021882,3.3582199994270923,602112,1,76.85465900021882,0.39537699967695517,0.025351999738632003,0.0,602112,0.0,0.0,0.0,0.0,0,0.0,0.0,0.0,0.0,0,0.0,0.0,0.0,0.0,0,0.0,0.0,0.0,0.0,0
4,monolithic_k8s_1svc,88,78.10259799998676,74.55063599991263,3.551962000074127,602112,1,74.55063599991263,0.3434140003264474,0.023816000066290144,0.0,602112,0.0,0.0,0.0,0.0,0,0.0,0.0,0.0,0.0,0,0.0,0.0,0.0,0.0,0,0.0,0.0,0.0,0.0,0
4,monolithic_k8s_1svc,89,78.62005899960423,74.75876600028641,3.8612929993178113,602112,1,74.75876600028641,0.34879199984061415,0.024304999897140078,0.0,602112,0.0,0.0,0.0,0.0,0,0.0,0.0,0.0,0.0,0,0.0,0.0,0.0,0.0,0,0.0,0.0,0.0,0.0,0
4,monolithic_k8s_1svc,90,78.84823400036112,75.6110490001447,3.2371850002164138,602112,1,75.6110490001447,0.3633189999163733,0.023746999886498088,0.0,602112,0.0,0.0,0.0,0.0,0,0.0,0.0,0.0,0.0,0,0.0,0.0,0.0,0.0,0,0.0,0.0,0.0,0.0,0
4,monolithic_k8s_1svc,91,78.65302500022153,75.1867589997346,3.4662660004869394,602112,1,75.1867589997346,0.4142330003560346,0.0231879998864315,0.0,602112,0.0,0.0,0.0,0.0,0,0.0,0.0,0.0,0.0,0,0.0,0.0,0.0,0.0,0,0.0,0.0,0.0,0.0,0
4,monolithic_k8s_1svc,92,84.90075500003513,77.07557000003362,7.825185000001511,602112,1,77.07557000003362,0.5704010000044946,0.028635000035137637,0.0,602112,0.0,0.0,0.0,0.0,0,0.0,0.0,0.0,0.0,0,0.0,0.0,0.0,0.0,0,0.0,0.0,0.0,0.0,0
4,monolithic_k8s_1svc,93,78.58269400003337,75.44720000032612,3.1354939997072506,602112,1,75.44720000032612,0.26288599974577664,0.022419999822886894,0.0,602112,0.0,0.0,0.0,0.0,0,0.0,0.0,0.0,0.0,0,0.0,0.0,0.0,0.0,0,0.0,0.0,0.0,0.0,0
4,monolithic_k8s_1svc,94,80.21755900017524,76.79403599968282,3.4235230004924233,602112,1,76.79403599968282,0.312544000280468,0.02276900022479822,0.0,602112,0.0,0.0,0.0,0.0,0,0.0,0.0,0.0,0.0,0,0.0,0.0,0.0,0.0,0,0.0,0.0,0.0,0.0,0
4,monolithic_k8s_1svc,95,78.59798899971793,75.18040300010398,3.417585999613948,602112,1,75.18040300010398,0.2618389999042847,0.02248900000267895,0.0,602112,0.0,0.0,0.0,0.0,0,0.0,0.0,0.0,0.0,0,0.0,0.0,0.0,0.0,0,0.0,0.0,0.0,0.0,0
4,monolithic_k8s_1svc,96,78.60406600002534,75.2352989998144,3.368767000210937,602112,1,75.2352989998144,0.2789499999380496,0.0217900001189264,0.0,602112,0.0,0.0,0.0,0.0,0,0.0,0.0,0.0,0.0,0,0.0,0.0,0.0,0.0,0,0.0,0.0,0.0,0.0,0
4,monolithic_k8s_1svc,97,78.11558900039017,74.78188400000363,3.3337050003865443,602112,1,74.78188400000363,0.27531799969438,0.023396999949909514,0.0,602112,0.0,0.0,0.0,0.0,0,0.0,0.0,0.0,0.0,0,0.0,0.0,0.0,0.0,0,0.0,0.0,0.0,0.0,0
4,monolithic_k8s_1svc,98,79.62040799975512,75.72817499976736,3.8922329999877547,602112,1,75.72817499976736,0.29291800001374213,0.022279000404523686,0.0,602112,0.0,0.0,0.0,0.0,0,0.0,0.0,0.0,0.0,0,0.0,0.0,0.0,0.0,0,0.0,0.0,0.0,0.0,0
4,monolithic_k8s_1svc,99,78.32532499969602,75.0247250002758,3.3005999994202284,602112,1,75.0247250002758,0.2672159998837742,0.022698000066156965,0.0,602112,0.0,0.0,0.0,0.0,0,0.0,0.0,0.0,0.0,0,0.0,0.0,0.0,0.0,0,0.0,0.0,0.0,0.0,0
4,monolithic_k8s_1svc,100,79.05461800010016,75.41968200030169,3.634935999798472,602112,1,75.41968200030169,0.3081439999732538,0.02290799966431223,0.0,602112,0.0,0.0,0.0,0.0,0,0.0,0.0,0.0,0.0,0,0.0,0.0,0.0,0.0,0,0.0,0.0,0.0,0.0,0
4,monolithic_k8s_1svc,101,78.4167490000982,74.65519000015775,3.761558999940462,602112,1,74.65519000015775,0.3147089996673458,0.02290800011905958,0.0,602112,0.0,0.0,0.0,0.0,0,0.0,0.0,0.0,0.0,0,0.0,0.0,0.0,0.0,0,0.0,0.0,0.0,0.0,0
4,monolithic_k8s_1svc,102,78.06174200004534,74.65162900007272,3.4101129999726254,602112,1,74.65162900007272,0.28544499991767225,0.022698000066156965,0.0,602112,0.0,0.0,0.0,0.0,0,0.0,0.0,0.0,0.0,0,0.0,0.0,0.0,0.0,0,0.0,0.0,0.0,0.0,0
4,monolithic_k8s_1svc,103,78.68340699997134,75.20540699988487,3.4780000000864675,602112,1,75.20540699988487,0.2811149997796747,0.02207000034104567,0.0,602112,0.0,0.0,0.0,0.0,0,0.0,0.0,0.0,0.0,0,0.0,0.0,0.0,0.0,0,0.0,0.0,0.0,0.0,0
4,monolithic_k8s_1svc,104,77.71846800005733,74.29110400016725,3.4273639998900762,602112,1,74.29110400016725,0.32427699989057146,0.032406999707745854,0.0,602112,0.0,0.0,0.0,0.0,0,0.0,0.0,0.0,0.0,0,0.0,0.0,0.0,0.0,0,0.0,0.0,0.0,0.0,0
4,monolithic_k8s_1svc,105,78.82441799984008,75.47527699989587,3.349140999944211,602112,1,75.47527699989587,0.33272900009251316,0.025072999960684683,0.0,602112,0.0,0.0,0.0,0.0,0,0.0,0.0,0.0,0.0,0,0.0,0.0,0.0,0.0,0,0.0,0.0,0.0,0.0,0
4,monolithic_k8s_1svc,106,78.9830300000176,75.60713899965776,3.375891000359843,602112,1,75.60713899965776,0.35158600030626985,0.022279999939200934,0.0,602112,0.0,0.0,0.0,0.0,0,0.0,0.0,0.0,0.0,0,0.0,0.0,0.0,0.0,0,0.0,0.0,0.0,0.0,0
4,monolithic_k8s_1svc,107,78.25241099999403,75.01550599999973,3.2369049999942945,602112,1,75.01550599999973,0.2695210000638326,0.023537000288342824,0.0,602112,0.0,0.0,0.0,0.0,0,0.0,0.0,0.0,0.0,0,0.0,0.0,0.0,0.0,0,0.0,0.0,0.0,0.0,0
4,monolithic_k8s_1svc,108,77.84648899996682,74.47702299987213,3.3694660000946897,602112,1,74.47702299987213,0.3103089998148789,0.02884500008804025,0.0,602112,0.0,0.0,0.0,0.0,0,0.0,0.0,0.0,0.0,0,0.0,0.0,0.0,0.0,0,0.0,0.0,0.0,0.0,0
4,monolithic_k8s_1svc,109,77.94140399983007,74.68927399986569,3.2521299999643816,602112,1,74.68927399986569,0.3161750000799657,0.023258000055648154,0.0,602112,0.0,0.0,0.0,0.0,0,0.0,0.0,0.0,0.0,0,0.0,0.0,0.0,0.0,0,0.0,0.0,0.0,0.0,0
4,monolithic_k8s_1svc,110,77.70924899978127,74.30248800028494,3.4067609994963277,602112,1,74.30248800028494,0.2834189999703085,0.02193099999203696,0.0,602112,0.0,0.0,0.0,0.0,0,0.0,0.0,0.0,0.0,0,0.0,0.0,0.0,0.0,0,0.0,0.0,0.0,0.0,0
4,monolithic_k8s_1svc,111,78.19164799957434,75.07885299992267,3.112794999651669,602112,1,75.07885299992267,0.2597429997877043,0.024933000076998724,0.0,602112,0.0,0.0,0.0,0.0,0,0.0,0.0,0.0,0.0,0,0.0,0.0,0.0,0.0,0,0.0,0.0,0.0,0.0,0
4,monolithic_k8s_1svc,112,77.79403699987597,74.26994100023876,3.524095999637211,602112,1,74.26994100023876,0.29054399965389166,0.022279999939200934,0.0,602112,0.0,0.0,0.0,0.0,0,0.0,0.0,0.0,0.0,0,0.0,0.0,0.0,0.0,0,0.0,0.0,0.0,0.0,0
4,monolithic_k8s_1svc,113,77.99364600032277,74.52751899973009,3.466127000592678,602112,1,74.52751899973009,0.287679999928514,0.025353000182803953,0.0,602112,0.0,0.0,0.0,0.0,0,0.0,0.0,0.0,0.0,0,0.0,0.0,0.0,0.0,0,0.0,0.0,0.0,0.0,0
4,monolithic_k8s_1svc,114,79.4614480000746,76.40368900001704,3.0577590000575583,602112,1,76.40368900001704,0.2829309996741358,0.027587000204221113,0.0,602112,0.0,0.0,0.0,0.0,0,0.0,0.0,0.0,0.0,0,0.0,0.0,0.0,0.0,0,0.0,0.0,0.0,0.0,0
4,monolithic_k8s_1svc,115,84.80968300000313,81.59289200011699,3.2167909998861433,602112,1,81.59289200011699,0.28432699991753907,0.022838999939267524,0.0,602112,0.0,0.0,0.0,0.0,0,0.0,0.0,0.0,0.0,0,0.0,0.0,0.0,0.0,0,0.0,0.0,0.0,0.0,0
4,monolithic_k8s_1svc,116,85.01907000027131,80.74864099990009,4.270429000371223,602112,1,80.74864099990009,0.2847460000339197,0.026260000140609918,0.0,602112,0.0,0.0,0.0,0.0,0,0.0,0.0,0.0,0.0,0,0.0,0.0,0.0,0.0,0,0.0,0.0,0.0,0.0,0
4,monolithic_k8s_1svc,117,80.53562200029774,77.29285100003835,3.2427710002593813,602112,1,77.29285100003835,0.2803459997267055,0.024235000182670774,0.0,602112,0.0,0.0,0.0,0.0,0,0.0,0.0,0.0,0.0,0,0.0,0.0,0.0,0.0,0,0.0,0.0,0.0,0.0,0
4,monolithic_k8s_1svc,118,82.91290899978776,79.6164990001671,3.296409999620664,602112,1,79.6164990001671,0.35221400003138115,0.02290800011905958,0.0,602112,0.0,0.0,0.0,0.0,0,0.0,0.0,0.0,0.0,0,0.0,0.0,0.0,0.0,0,0.0,0.0,0.0,0.0,0
4,monolithic_k8s_1svc,119,79.37142299988409,75.71050599972295,3.6609170001611346,602112,1,75.71050599972295,0.2895659999921918,0.024375000066356733,0.0,602112,0.0,0.0,0.0,0.0,0,0.0,0.0,0.0,0.0,0,0.0,0.0,0.0,0.0,0,0.0,0.0,0.0,0.0,0
4,monolithic_k8s_1svc,120,78.12969899987365,74.97220499999457,3.1574939998790796,602112,1,74.97220499999457,0.25052399996638997,0.022977999833528884,0.0,602112,0.0,0.0,0.0,0.0,0,0.0,0.0,0.0,0.0,0,0.0,0.0,0.0,0.0,0,0.0,0.0,0.0,0.0,0
4,monolithic_k8s_1svc,121,78.19786500022019,75.20456900010686,2.9932960001133324,602112,1,75.20456900010686,0.3066079998461646,0.025702000129967928,0.0,602112,0.0,0.0,0.0,0.0,0,0.0,0.0,0.0,0.0,0,0.0,0.0,0.0,0.0,0,0.0,0.0,0.0,0.0,0
4,monolithic_k8s_1svc,122,77.53813599993009,74.16301400007796,3.3751219998521265,602112,1,74.16301400007796,0.2616279998619575,0.022140000055514975,0.0,602112,0.0,0.0,0.0,0.0,0,0.0,0.0,0.0,0.0,0,0.0,0.0,0.0,0.0,0,0.0,0.0,0.0,0.0,0
4,monolithic_k8s_1svc,123,78.53122200003781,75.34320700005992,3.188014999977895,602112,1,75.34320700005992,0.28425700020306977,0.022418999833462294,0.0,602112,0.0,0.0,0.0,0.0,0,0.0,0.0,0.0,0.0,0,0.0,0.0,0.0,0.0,0,0.0,0.0,0.0,0.0,0
4,monolithic_k8s_1svc,124,77.76763700030642,74.22000500037029,3.5476319999361294,602112,1,74.22000500037029,0.28893699982290855,0.023885999780759448,0.0,602112,0.0,0.0,0.0,0.0,0,0.0,0.0,0.0,0.0,0,0.0,0.0,0.0,0.0,0,0.0,0.0,0.0,0.0,0
4,monolithic_k8s_1svc,125,77.4849159997757,74.05804099971647,3.4268750000592263,602112,1,74.05804099971647,0.2804860000651388,0.02276900022479822,0.0,602112,0.0,0.0,0.0,0.0,0,0.0,0.0,0.0,0.0,0,0.0,0.0,0.0,0.0,0,0.0,0.0,0.0,0.0,0
4,monolithic_k8s_1svc,126,78.95139199990808,75.69653799964726,3.2548540002608206,602112,1,75.69653799964726,0.27629600026557455,0.023954999960551504,0.0,602112,0.0,0.0,0.0,0.0,0,0.0,0.0,0.0,0.0,0,0.0,0.0,0.0,0.0,0,0.0,0.0,0.0,0.0,0
4,monolithic_k8s_1svc,127,78.0834639999739,74.28852000020925,3.794943999764655,602112,1,74.28852000020925,0.30416299978242023,0.022838999939267524,0.0,602112,0.0,0.0,0.0,0.0,0,0.0,0.0,0.0,0.0,0,0.0,0.0,0.0,0.0,0,0.0,0.0,0.0,0.0,0
4,monolithic_k8s_1svc,128,77.83056600010241,74.1875980002078,3.6429679998946085,602112,1,74.1875980002078,0.281464000181586,0.02151199987565633,0.0,602112,0.0,0.0,0.0,0.0,0,0.0,0.0,0.0,0.0,0,0.0,0.0,0.0,0.0,0,0.0,0.0,0.0,0.0,0
4,monolithic_k8s_1svc,129,78.49797700009731,75.18215099980807,3.315826000289235,602112,1,75.18215099980807,0.31575699995300965,0.02332700023544021,0.0,602112,0.0,0.0,0.0,0.0,0,0.0,0.0,0.0,0.0,0,0.0,0.0,0.0,0.0,0,0.0,0.0,0.0,0.0,0
4,monolithic_k8s_1svc,130,79.35047099999792,76.05874000000767,3.29173099999025,602112,1,76.05874000000767,0.2693120000003546,0.023816000066290144,0.0,602112,0.0,0.0,0.0,0.0,0,0.0,0.0,0.0,0.0,0,0.0,0.0,0.0,0.0,0,0.0,0.0,0.0,0.0,0
4,monolithic_k8s_1svc,131,79.4911329999195,76.08961000005365,3.401522999865847,602112,1,76.08961000005365,0.29159099995013094,0.022838999939267524,0.0,602112,0.0,0.0,0.0,0.0,0,0.0,0.0,0.0,0.0,0,0.0,0.0,0.0,0.0,0,0.0,0.0,0.0,0.0,0
4,monolithic_k8s_1svc,132,79.68166299997392,76.2642859999687,3.4173770000052173,602112,1,76.2642859999687,0.28062499995940016,0.02346700011912617,0.0,602112,0.0,0.0,0.0,0.0,0,0.0,0.0,0.0,0.0,0,0.0,0.0,0.0,0.0,0,0.0,0.0,0.0,0.0,0
4,monolithic_k8s_1svc,133,77.49811700023201,74.06467600003452,3.43344100019749,602112,1,74.06467600003452,0.2845369999704417,0.02332699978069286,0.0,602112,0.0,0.0,0.0,0.0,0,0.0,0.0,0.0,0.0,0,0.0,0.0,0.0,0.0,0,0.0,0.0,0.0,0.0,0
4,monolithic_k8s_1svc,134,79.25101599994377,75.64066499980981,3.61035100013396,602112,1,75.64066499980981,0.3055600000152481,0.024794000182737364,0.0,602112,0.0,0.0,0.0,0.0,0,0.0,0.0,0.0,0.0,0,0.0,0.0,0.0,0.0,0,0.0,0.0,0.0,0.0,0
4,monolithic_k8s_1svc,135,80.99671999980274,77.67062699986127,3.3260929999414657,602112,1,77.67062699986127,0.3052110000680841,0.022837999949842924,0.0,602112,0.0,0.0,0.0,0.0,0,0.0,0.0,0.0,0.0,0,0.0,0.0,0.0,0.0,0,0.0,0.0,0.0,0.0,0
4,monolithic_k8s_1svc,136,80.89167800017094,77.56565500039869,3.326022999772249,602112,1,77.56565500039869,0.28390799980115844,0.023396999949909514,0.0,602112,0.0,0.0,0.0,0.0,0,0.0,0.0,0.0,0.0,0,0.0,0.0,0.0,0.0,0,0.0,0.0,0.0,0.0,0
4,monolithic_k8s_1svc,137,78.13221499964129,75.05964800020593,3.0725669994353666,602112,1,75.05964800020593,0.27964799983237754,0.023466999664378818,0.0,602112,0.0,0.0,0.0,0.0,0,0.0,0.0,0.0,0.0,0,0.0,0.0,0.0,0.0,0,0.0,0.0,0.0,0.0,0
4,monolithic_k8s_1svc,138,77.08898200007752,73.72391600029005,3.3650659997874754,602112,1,73.72391600029005,0.3638079997472232,0.022279999939200934,0.0,602112,0.0,0.0,0.0,0.0,0,0.0,0.0,0.0,0.0,0,0.0,0.0,0.0,0.0,0,0.0,0.0,0.0,0.0,0
4,monolithic_k8s_1svc,139,78.21344100011629,74.2934800000512,3.9199610000650864,602112,1,74.2934800000512,0.3422959998715669,0.02346700011912617,0.0,602112,0.0,0.0,0.0,0.0,0,0.0,0.0,0.0,0.0,0,0.0,0.0,0.0,0.0,0,0.0,0.0,0.0,0.0,0
4,monolithic_k8s_1svc,140,77.90005900005781,74.67656499966324,3.2234940003945667,602112,1,74.67656499966324,0.35235300038038986,0.02304800000274554,0.0,602112,0.0,0.0,0.0,0.0,0,0.0,0.0,0.0,0.0,0,0.0,0.0,0.0,0.0,0,0.0,0.0,0.0,0.0,0
4,monolithic_k8s_1svc,141,78.81596900006116,74.99546400003965,3.8205050000215124,602112,1,74.99546400003965,0.401103000058356,0.02248900000267895,0.0,602112,0.0,0.0,0.0,0.0,0,0.0,0.0,0.0,0.0,0,0.0,0.0,0.0,0.0,0,0.0,0.0,0.0,0.0,0
4,monolithic_k8s_1svc,142,78.67062800005442,75.35969099990325,3.3109370001511707,602112,1,75.35969099990325,0.3610140001910622,0.02234900011899299,0.0,602112,0.0,0.0,0.0,0.0,0,0.0,0.0,0.0,0.0,0,0.0,0.0,0.0,0.0,0,0.0,0.0,0.0,0.0,0
4,monolithic_k8s_1svc,143,77.62145900005635,74.19702800007144,3.4244309999849065,602112,1,74.19702800007144,0.34292500004085014,0.024793999727990013,0.0,602112,0.0,0.0,0.0,0.0,0,0.0,0.0,0.0,0.0,0,0.0,0.0,0.0,0.0,0,0.0,0.0,0.0,0.0,0
4,monolithic_k8s_1svc,144,78.56006699967111,74.78377200004616,3.7762949996249517,602112,1,74.78377200004616,0.3491410002425255,0.023327999770117458,0.0,602112,0.0,0.0,0.0,0.0,0,0.0,0.0,0.0,0.0,0,0.0,0.0,0.0,0.0,0,0.0,0.0,0.0,0.0,0
4,monolithic_k8s_1svc,145,77.42743800008611,73.72140300003593,3.7060350000501785,602112,1,73.72140300003593,0.3266519997850992,0.024095000298984814,0.0,602112,0.0,0.0,0.0,0.0,0,0.0,0.0,0.0,0.0,0,0.0,0.0,0.0,0.0,0,0.0,0.0,0.0,0.0,0
4,monolithic_k8s_1svc,146,77.71616500031087,74.08437300000514,3.6317920003057225,602112,1,74.08437300000514,0.3200860001015826,0.023257000066223554,0.0,602112,0.0,0.0,0.0,0.0,0,0.0,0.0,0.0,0.0,0,0.0,0.0,0.0,0.0,0,0.0,0.0,0.0,0.0,0
4,monolithic_k8s_1svc,147,77.36325299993041,74.2477339999823,3.115518999948108,602112,1,74.2477339999823,0.3501880000840174,0.022278999949776335,0.0,602112,0.0,0.0,0.0,0.0,0,0.0,0.0,0.0,0.0,0,0.0,0.0,0.0,0.0,0,0.0,0.0,0.0,0.0,0
4,monolithic_k8s_1svc,148,77.4495770001522,73.70527000011862,3.7443070000335865,602112,1,73.70527000011862,0.36918500018146005,0.0449780000053579,0.0,602112,0.0,0.0,0.0,0.0,0,0.0,0.0,0.0,0.0,0,0.0,0.0,0.0,0.0,0,0.0,0.0,0.0,0.0,0
4,monolithic_k8s_1svc,149,81.4621489998899,78.11775700020007,3.344391999689833,602112,1,78.11775700020007,0.3341950000503857,0.02304800000274554,0.0,602112,0.0,0.0,0.0,0.0,0,0.0,0.0,0.0,0.0,0,0.0,0.0,0.0,0.0,0,0.0,0.0,0.0,0.0,0
4,monolithic_k8s_1svc,150,78.70045099980416,75.17956699985007,3.520883999954094,602112,1,75.17956699985007,0.34529999993537785,0.04658500029108836,0.0,602112,0.0,0.0,0.0,0.0,0,0.0,0.0,0.0,0.0,0,0.0,0.0,0.0,0.0,0,0.0,0.0,0.0,0.0,0
4,monolithic_k8s_1svc,151,77.51942000004419,74.27015199982634,3.249268000217853,602112,1,74.27015199982634,0.31016899993119296,0.024375000066356733,0.0,602112,0.0,0.0,0.0,0.0,0,0.0,0.0,0.0,0.0,0,0.0,0.0,0.0,0.0,0,0.0,0.0,0.0,0.0,0
4,monolithic_k8s_1svc,152,77.72189200022694,74.00084200025958,3.721049999967363,602112,1,74.00084200025958,0.3402009997444111,0.024583999675087398,0.0,602112,0.0,0.0,0.0,0.0,0,0.0,0.0,0.0,0.0,0,0.0,0.0,0.0,0.0,0,0.0,0.0,0.0,0.0,0
4,monolithic_k8s_1svc,153,79.1855749998831,75.69751799974256,3.488057000140543,602112,1,75.69751799974256,0.3238580002289382,0.02248900000267895,0.0,602112,0.0,0.0,0.0,0.0,0,0.0,0.0,0.0,0.0,0,0.0,0.0,0.0,0.0,0,0.0,0.0,0.0,0.0,0
4,monolithic_k8s_1svc,154,79.69004500000665,75.81017299980886,3.8798720001977927,602112,1,75.81017299980886,0.35158500031684525,0.02332800022486481,0.0,602112,0.0,0.0,0.0,0.0,0,0.0,0.0,0.0,0.0,0,0.0,0.0,0.0,0.0,0,0.0,0.0,0.0,0.0,0
4,monolithic_k8s_1svc,155,79.83426900000268,76.08053200010545,3.753736999897228,602112,1,76.08053200010545,0.335171999722661,0.022979000277700834,0.0,602112,0.0,0.0,0.0,0.0,0,0.0,0.0,0.0,0.0,0,0.0,0.0,0.0,0.0,0,0.0,0.0,0.0,0.0,0
4,monolithic_k8s_1svc,156,77.90990800003783,74.84306799960905,3.0668400004287832,602112,1,74.84306799960905,0.369464999948832,0.024236000172095373,0.0,602112,0.0,0.0,0.0,0.0,0,0.0,0.0,0.0,0.0,0,0.0,0.0,0.0,0.0,0,0.0,0.0,0.0,0.0,0
4,monolithic_k8s_1svc,157,77.74996899979669,74.32791300016106,3.4220559996356315,602112,1,74.32791300016106,0.3368490001776081,0.023117999717214843,0.0,602112,0.0,0.0,0.0,0.0,0,0.0,0.0,0.0,0.0,0,0.0,0.0,0.0,0.0,0,0.0,0.0,0.0,0.0,0
4,monolithic_k8s_1svc,158,78.84795799964195,75.19682000020111,3.6511379994408344,602112,1,75.19682000020111,0.3402009997444111,0.04302199977246346,0.0,602112,0.0,0.0,0.0,0.0,0,0.0,0.0,0.0,0.0,0,0.0,0.0,0.0,0.0,0,0.0,0.0,0.0,0.0,0
4,monolithic_k8s_1svc,159,77.80297999988761,74.37463700034641,3.4283429995412007,602112,1,74.37463700034641,0.31952799963619327,0.024863999897206668,0.0,602112,0.0,0.0,0.0,0.0,0,0.0,0.0,0.0,0.0,0,0.0,0.0,0.0,0.0,0,0.0,0.0,0.0,0.0,0
4,monolithic_k8s_1svc,160,77.03785900002913,73.54267699975026,3.4951820002788736,602112,1,73.54267699975026,0.35109700002067257,0.022420000277634244,0.0,602112,0.0,0.0,0.0,0.0,0,0.0,0.0,0.0,0.0,0,0.0,0.0,0.0,0.0,0,0.0,0.0,0.0,0.0,0
4,monolithic_k8s_1svc,161,77.33887900030822,73.89230700027838,3.446572000029846,602112,1,73.89230700027838,0.3444619997026166,0.023396999949909514,0.0,602112,0.0,0.0,0.0,0.0,0,0.0,0.0,0.0,0.0,0,0.0,0.0,0.0,0.0,0,0.0,0.0,0.0,0.0,0
4,monolithic_k8s_1svc,162,77.57333900008234,73.9276469998913,3.6456920001910476,602112,1,73.9276469998913,0.3642970000328205,0.02332700023544021,0.0,602112,0.0,0.0,0.0,0.0,0,0.0,0.0,0.0,0.0,0,0.0,0.0,0.0,0.0,0,0.0,0.0,0.0,0.0,0
4,monolithic_k8s_1svc,163,77.88357700019333,74.51536999997188,3.368207000221446,602112,1,74.51536999997188,0.36604200022338773,0.024235000182670774,0.0,602112,0.0,0.0,0.0,0.0,0,0.0,0.0,0.0,0.0,0,0.0,0.0,0.0,0.0,0,0.0,0.0,0.0,0.0,0
4,monolithic_k8s_1svc,164,77.28782399999545,74.22042600001078,3.067397999984678,602112,1,74.22042600001078,0.2999719999934314,0.02248900000267895,0.0,602112,0.0,0.0,0.0,0.0,0,0.0,0.0,0.0,0.0,0,0.0,0.0,0.0,0.0,0,0.0,0.0,0.0,0.0,0
4,monolithic_k8s_1svc,165,78.09610699996483,74.59366299963222,3.5024440003326163,602112,1,74.59366299963222,0.3438329999880807,0.02486400035195402,0.0,602112,0.0,0.0,0.0,0.0,0,0.0,0.0,0.0,0.0,0,0.0,0.0,0.0,0.0,0,0.0,0.0,0.0,0.0,0
4,monolithic_k8s_1svc,166,78.90432200019859,75.24731599960433,3.657006000594265,602112,1,75.24731599960433,0.3414590000829776,0.0238860002355068,0.0,602112,0.0,0.0,0.0,0.0,0,0.0,0.0,0.0,0.0,0,0.0,0.0,0.0,0.0,0,0.0,0.0,0.0,0.0,0
4,monolithic_k8s_1svc,167,80.34998400034965,77.09177800006728,3.258206000282371,602112,1,77.09177800006728,0.3300739999758662,0.024375000066356733,0.0,602112,0.0,0.0,0.0,0.0,0,0.0,0.0,0.0,0.0,0,0.0,0.0,0.0,0.0,0,0.0,0.0,0.0,0.0,0
4,monolithic_k8s_1svc,168,78.48848100002215,75.19682000020111,3.2916609998210333,602112,1,75.19682000020111,0.30325499983518966,0.024304999897140078,0.0,602112,0.0,0.0,0.0,0.0,0,0.0,0.0,0.0,0.0,0,0.0,0.0,0.0,0.0,0,0.0,0.0,0.0,0.0,0
4,monolithic_k8s_1svc,169,77.71239500016236,74.53185299982579,3.1805420003365725,602112,1,74.53185299982579,0.30821400014247047,0.022837999949842924,0.0,602112,0.0,0.0,0.0,0.0,0,0.0,0.0,0.0,0.0,0,0.0,0.0,0.0,0.0,0,0.0,0.0,0.0,0.0,0
4,monolithic_k8s_1svc,170,78.11021599991363,74.66462200000024,3.445593999913399,602112,1,74.66462200000024,0.3737259999070375,0.0231879998864315,0.0,602112,0.0,0.0,0.0,0.0,0,0.0,0.0,0.0,0.0,0,0.0,0.0,0.0,0.0,0,0.0,0.0,0.0,0.0,0
4,monolithic_k8s_1svc,171,78.47283599994626,75.13780399995085,3.335031999995408,602112,1,75.13780399995085,0.34369300010439474,0.023885999780759448,0.0,602112,0.0,0.0,0.0,0.0,0,0.0,0.0,0.0,0.0,0,0.0,0.0,0.0,0.0,0,0.0,0.0,0.0,0.0,0
4,monolithic_k8s_1svc,172,77.83936800024094,74.68899700006659,3.1503710001743457,602112,1,74.68899700006659,0.31652500001655426,0.022279999939200934,0.0,602112,0.0,0.0,0.0,0.0,0,0.0,0.0,0.0,0.0,0,0.0,0.0,0.0,0.0,0,0.0,0.0,0.0,0.0,0
4,monolithic_k8s_1svc,173,77.46529400037616,73.90899999973044,3.556294000645721,602112,1,73.90899999973044,0.3161750000799657,0.022699000055581564,0.0,602112,0.0,0.0,0.0,0.0,0,0.0,0.0,0.0,0.0,0,0.0,0.0,0.0,0.0,0,0.0,0.0,0.0,0.0,0
4,monolithic_k8s_1svc,174,80.0839549997363,76.30633300004774,3.777621999688563,602112,1,76.30633300004774,0.3308420000394108,0.02346600012970157,0.0,602112,0.0,0.0,0.0,0.0,0,0.0,0.0,0.0,0.0,0,0.0,0.0,0.0,0.0,0,0.0,0.0,0.0,0.0,0
4,monolithic_k8s_1svc,175,77.32127799999944,73.94713400026376,3.3741439997356792,602112,1,73.94713400026376,0.34606799999892246,0.02332699978069286,0.0,602112,0.0,0.0,0.0,0.0,0,0.0,0.0,0.0,0.0,0,0.0,0.0,0.0,0.0,0,0.0,0.0,0.0,0.0,0
4,monolithic_k8s_1svc,176,78.65910500004247,75.0021700000616,3.6569349999808765,602112,1,75.0021700000616,0.31771199974173214,0.02332700023544021,0.0,602112,0.0,0.0,0.0,0.0,0,0.0,0.0,0.0,0.0,0,0.0,0.0,0.0,0.0,0,0.0,0.0,0.0,0.0,0
4,monolithic_k8s_1svc,177,78.44308399990041,74.74347500010481,3.6996089997956005,602112,1,74.74347500010481,0.28355899985399446,0.023955999949976103,0.0,602112,0.0,0.0,0.0,0.0,0,0.0,0.0,0.0,0.0,0,0.0,0.0,0.0,0.0,0,0.0,0.0,0.0,0.0,0
4,monolithic_k8s_1svc,178,77.92010599996502,74.60155599983409,3.3185500001309265,602112,1,74.60155599983409,0.3056990003642568,0.02151099988623173,0.0,602112,0.0,0.0,0.0,0.0,0,0.0,0.0,0.0,0.0,0,0.0,0.0,0.0,0.0,0,0.0,0.0,0.0,0.0,0
4,monolithic_k8s_1svc,179,79.57271099985519,76.29299300015191,3.27971799970328,602112,1,76.29299300015191,0.29948300016258145,0.022838999939267524,0.0,602112,0.0,0.0,0.0,0.0,0,0.0,0.0,0.0,0.0,0,0.0,0.0,0.0,0.0,0,0.0,0.0,0.0,0.0,0
4,monolithic_k8s_1svc,180,77.9240869997011,74.54107300009127,3.3830139996098296,602112,1,74.54107300009127,0.3089819997512677,0.02570100014054333,0.0,602112,0.0,0.0,0.0,0.0,0,0.0,0.0,0.0,0.0,0,0.0,0.0,0.0,0.0,0,0.0,0.0,0.0,0.0,0
4,monolithic_k8s_1svc,181,80.11384800011001,76.38336900026843,3.73047899984158,602112,1,76.38336900026843,0.6238999999368389,0.02304800000274554,0.0,602112,0.0,0.0,0.0,0.0,0,0.0,0.0,0.0,0.0,0,0.0,0.0,0.0,0.0,0,0.0,0.0,0.0,0.0,0
4,monolithic_k8s_1svc,182,83.2575839999663,80.0557390002723,3.2018449996940035,602112,1,80.0557390002723,0.2799979997689661,0.02248999999210355,0.0,602112,0.0,0.0,0.0,0.0,0,0.0,0.0,0.0,0.0,0,0.0,0.0,0.0,0.0,0,0.0,0.0,0.0,0.0,0
4,monolithic_k8s_1svc,183,77.91207399986888,74.77769799970702,3.134376000161865,602112,1,74.77769799970702,0.2605110003059963,0.022000000171829015,0.0,602112,0.0,0.0,0.0,0.0,0,0.0,0.0,0.0,0.0,0,0.0,0.0,0.0,0.0,0,0.0,0.0,0.0,0.0,0
4,monolithic_k8s_1svc,184,78.02710500027388,74.93610000028639,3.09100499998749,602112,1,74.93610000028639,0.2703589998418465,0.027586999749473762,0.0,602112,0.0,0.0,0.0,0.0,0,0.0,0.0,0.0,0.0,0,0.0,0.0,0.0,0.0,0,0.0,0.0,0.0,0.0,0
4,monolithic_k8s_1svc,185,78.37037899980714,75.36395300030563,3.0064259995015163,602112,1,75.36395300030563,0.25436499981879024,0.023885999780759448,0.0,602112,0.0,0.0,0.0,0.0,0,0.0,0.0,0.0,0.0,0,0.0,0.0,0.0,0.0,0,0.0,0.0,0.0,0.0,0
4,monolithic_k8s_1svc,186,77.86912199981089,74.80570400002762,3.063417999783269,602112,1,74.80570400002762,0.27322300002197153,0.024375000066356733,0.0,602112,0.0,0.0,0.0,0.0,0,0.0,0.0,0.0,0.0,0,0.0,0.0,0.0,0.0,0,0.0,0.0,0.0,0.0,0
4,monolithic_k8s_1svc,187,78.24305599979198,75.24801499994282,2.9950409998491523,602112,1,75.24801499994282,0.25932400012607104,0.02220999976998428,0.0,602112,0.0,0.0,0.0,0.0,0,0.0,0.0,0.0,0.0,0,0.0,0.0,0.0,0.0,0,0.0,0.0,0.0,0.0,0
4,monolithic_k8s_1svc,188,81.76652399970408,78.71190700006991,3.054616999634163,602112,1,78.71190700006991,0.268753000000288,0.022837999949842924,0.0,602112,0.0,0.0,0.0,0.0,0,0.0,0.0,0.0,0.0,0,0.0,0.0,0.0,0.0,0,0.0,0.0,0.0,0.0,0
4,monolithic_k8s_1svc,189,78.44182700000601,75.55518100025438,2.886645999751636,602112,1,75.55518100025438,0.2554819998294988,0.02290800011905958,0.0,602112,0.0,0.0,0.0,0.0,0,0.0,0.0,0.0,0.0,0,0.0,0.0,0.0,0.0,0,0.0,0.0,0.0,0.0,0
4,monolithic_k8s_1svc,190,77.41095600022163,74.17258500026946,3.238370999952167,602112,1,74.17258500026946,0.2981559996442229,0.023885999780759448,0.0,602112,0.0,0.0,0.0,0.0,0,0.0,0.0,0.0,0.0,0,0.0,0.0,0.0,0.0,0,0.0,0.0,0.0,0.0,0
4,monolithic_k8s_1svc,191,77.47472299979563,74.10078799966868,3.3739350001269486,602112,1,74.10078799966868,0.3545890003806562,0.022419000288209645,0.0,602112,0.0,0.0,0.0,0.0,0,0.0,0.0,0.0,0.0,0,0.0,0.0,0.0,0.0,0,0.0,0.0,0.0,0.0,0
4,monolithic_k8s_1svc,192,79.58472500013158,76.335248000305,3.249476999826584,602112,1,76.335248000305,0.396773999909783,0.023955999949976103,0.0,602112,0.0,0.0,0.0,0.0,0,0.0,0.0,0.0,0.0,0,0.0,0.0,0.0,0.0,0,0.0,0.0,0.0,0.0,0
4,monolithic_k8s_1svc,193,82.01844399991387,78.75157799981025,3.2668660001036187,602112,1,78.75157799981025,0.35933800018028705,0.024794000182737364,0.0,602112,0.0,0.0,0.0,0.0,0,0.0,0.0,0.0,0.0,0,0.0,0.0,0.0,0.0,0,0.0,0.0,0.0,0.0,0
4,monolithic_k8s_1svc,194,82.28028299981816,79.27741899993634,3.0028639998818107,602112,1,79.27741899993634,0.33461400016676635,0.023396999949909514,0.0,602112,0.0,0.0,0.0,0.0,0,0.0,0.0,0.0,0.0,0,0.0,0.0,0.0,0.0,0,0.0,0.0,0.0,0.0,0
4,monolithic_k8s_1svc,195,77.04910499978723,73.96522399994865,3.083880999838584,602112,1,73.96522399994865,0.2700800000638992,0.022699000055581564,0.0,602112,0.0,0.0,0.0,0.0,0,0.0,0.0,0.0,0.0,0,0.0,0.0,0.0,0.0,0,0.0,0.0,0.0,0.0,0
4,monolithic_k8s_1svc,196,77.52878100018279,74.26421899981506,3.2645620003677323,602112,1,74.26421899981506,0.2948040000774199,0.022419000288209645,0.0,602112,0.0,0.0,0.0,0.0,0,0.0,0.0,0.0,0.0,0,0.0,0.0,0.0,0.0,0,0.0,0.0,0.0,0.0,0
4,monolithic_k8s_1svc,197,78.44434200023898,75.37017000004198,3.074172000196995,602112,1,75.37017000004198,0.24172300027203164,0.024234999727923423,0.0,602112,0.0,0.0,0.0,0.0,0,0.0,0.0,0.0,0.0,0,0.0,0.0,0.0,0.0,0,0.0,0.0,0.0,0.0,0
4,monolithic_k8s_1svc,198,77.54484399993089,74.47919300011563,3.0656509998152615,602112,1,74.47919300011563,0.2773429996523191,0.02290900010848418,0.0,602112,0.0,0.0,0.0,0.0,0,0.0,0.0,0.0,0.0,0,0.0,0.0,0.0,0.0,0,0.0,0.0,0.0,0.0,0
4,monolithic_k8s_1svc,199,78.00719999977446,74.77797800038388,3.2292219993905746,602112,1,74.77797800038388,0.2685429999473854,0.023256999611476203,0.0,602112,0.0,0.0,0.0,0.0,0,0.0,0.0,0.0,0.0,0,0.0,0.0,0.0,0.0,0,0.0,0.0,0.0,0.0,0
4,monolithic_k8s_1svc,200,77.6091699999597,74.37079700002869,3.2383729999310162,602112,1,74.37079700002869,0.2362760001233255,0.022139999600767624,0.0,602112,0.0,0.0,0.0,0.0,0,0.0,0.0,0.0,0.0,0,0.0,0.0,0.0,0.0,0,0.0,0.0,0.0,0.0,0
5,monolithic_k8s_1svc,1,90.37429800036989,86.76303999982338,3.6112580005465134,602112,1,86.76303999982338,0.2899840001191478,0.024235000182670774,0.0,602112,0.0,0.0,0.0,0.0,0,0.0,0.0,0.0,0.0,0,0.0,0.0,0.0,0.0,0,0.0,0.0,0.0,0.0,0
5,monolithic_k8s_1svc,2,86.33169399990948,82.9599240000789,3.371769999830576,602112,1,82.9599240000789,0.32106400021802983,0.024444999780826038,0.0,602112,0.0,0.0,0.0,0.0,0,0.0,0.0,0.0,0.0,0,0.0,0.0,0.0,0.0,0,0.0,0.0,0.0,0.0,0
5,monolithic_k8s_1svc,3,85.01160700006949,81.76750799975707,3.244099000312417,602112,1,81.76750799975707,0.27999800022371346,0.024235000182670774,0.0,602112,0.0,0.0,0.0,0.0,0,0.0,0.0,0.0,0.0,0,0.0,0.0,0.0,0.0,0,0.0,0.0,0.0,0.0,0
5,monolithic_k8s_1svc,4,85.00755599970944,81.59883899998022,3.408716999729222,602112,1,81.59883899998022,0.2818829998432193,0.023327999770117458,0.0,602112,0.0,0.0,0.0,0.0,0,0.0,0.0,0.0,0.0,0,0.0,0.0,0.0,0.0,0,0.0,0.0,0.0,0.0,0
5,monolithic_k8s_1svc,5,85.12726599974485,81.76995299982082,3.3573129999240336,602112,1,81.76995299982082,0.28328000007604714,0.02346700011912617,0.0,602112,0.0,0.0,0.0,0.0,0,0.0,0.0,0.0,0.0,0,0.0,0.0,0.0,0.0,0,0.0,0.0,0.0,0.0,0
5,monolithic_k8s_1svc,6,87.26213199997801,83.6797869997099,3.5823450002681057,602112,1,83.6797869997099,0.30681700036438997,0.024794000182737364,0.0,602112,0.0,0.0,0.0,0.0,0,0.0,0.0,0.0,0.0,0,0.0,0.0,0.0,0.0,0,0.0,0.0,0.0,0.0,0
5,monolithic_k8s_1svc,7,85.54610999999568,82.07411600005798,3.4719939999376948,602112,1,82.07411600005798,0.2668669999366102,0.02472400001352071,0.0,602112,0.0,0.0,0.0,0.0,0,0.0,0.0,0.0,0.0,0,0.0,0.0,0.0,0.0,0,0.0,0.0,0.0,0.0,0
5,monolithic_k8s_1svc,8,85.82666599977529,82.03717000014876,3.7894959996265243,602112,1,82.03717000014876,0.28097499989598873,0.02472400001352071,0.0,602112,0.0,0.0,0.0,0.0,0,0.0,0.0,0.0,0.0,0,0.0,0.0,0.0,0.0,0,0.0,0.0,0.0,0.0,0
5,monolithic_k8s_1svc,9,85.85627900038162,82.49735999970653,3.358919000675087,602112,1,82.49735999970653,0.2910320004048117,0.025492000077065313,0.0,602112,0.0,0.0,0.0,0.0,0,0.0,0.0,0.0,0.0,0,0.0,0.0,0.0,0.0,0,0.0,0.0,0.0,0.0,0
5,monolithic_k8s_1svc,10,85.14151400004266,82.16840299974137,2.9731110003012873,602112,1,82.16840299974137,0.31338200005848194,0.02235000010841759,0.0,602112,0.0,0.0,0.0,0.0,0,0.0,0.0,0.0,0.0,0,0.0,0.0,0.0,0.0,0,0.0,0.0,0.0,0.0,0
5,monolithic_k8s_1svc,11,86.54625000008309,83.06021799990049,3.486032000182604,602112,1,83.06021799990049,0.2790890002870583,0.024304999897140078,0.0,602112,0.0,0.0,0.0,0.0,0,0.0,0.0,0.0,0.0,0,0.0,0.0,0.0,0.0,0,0.0,0.0,0.0,0.0,0
5,monolithic_k8s_1svc,12,85.4064949999156,81.6749680002431,3.7315269996724965,602112,1,81.6749680002431,0.33475299960628035,0.023746999886498088,0.0,602112,0.0,0.0,0.0,0.0,0,0.0,0.0,0.0,0.0,0,0.0,0.0,0.0,0.0,0,0.0,0.0,0.0,0.0,0
5,monolithic_k8s_1svc,13,85.05190699997911,81.74774299959608,3.3041640003830253,602112,1,81.74774299959608,0.2769940001599025,0.02374700034124544,0.0,602112,0.0,0.0,0.0,0.0,0,0.0,0.0,0.0,0.0,0,0.0,0.0,0.0,0.0,0,0.0,0.0,0.0,0.0,0
5,monolithic_k8s_1svc,14,87.50211000005947,84.27540100001352,3.2267090000459575,602112,1,84.27540100001352,0.27063899960921844,0.02318800034117885,0.0,602112,0.0,0.0,0.0,0.0,0,0.0,0.0,0.0,0.0,0,0.0,0.0,0.0,0.0,0,0.0,0.0,0.0,0.0,0
5,monolithic_k8s_1svc,15,84.27393500005564,80.78140800034816,3.4925269997074793,602112,1,80.78140800034816,0.27350199979991885,0.02472400001352071,0.0,602112,0.0,0.0,0.0,0.0,0,0.0,0.0,0.0,0.0,0,0.0,0.0,0.0,0.0,0,0.0,0.0,0.0,0.0,0
5,monolithic_k8s_1svc,16,84.08040299991626,80.5670619997727,3.513341000143555,602112,1,80.5670619997727,0.27112699990539113,0.022837999949842924,0.0,602112,0.0,0.0,0.0,0.0,0,0.0,0.0,0.0,0.0,0,0.0,0.0,0.0,0.0,0,0.0,0.0,0.0,0.0,0
5,monolithic_k8s_1svc,17,87.51859199992396,84.17524800006504,3.3433439998589165,602112,1,84.17524800006504,0.24395899981755065,0.026120999791601207,0.0,602112,0.0,0.0,0.0,0.0,0,0.0,0.0,0.0,0.0,0,0.0,0.0,0.0,0.0,0,0.0,0.0,0.0,0.0,0
5,monolithic_k8s_1svc,18,85.74103899991314,82.2646460001124,3.476392999800737,602112,1,82.2646460001124,0.27678399965225253,0.02276900022479822,0.0,602112,0.0,0.0,0.0,0.0,0,0.0,0.0,0.0,0.0,0,0.0,0.0,0.0,0.0,0,0.0,0.0,0.0,0.0,0
5,monolithic_k8s_1svc,19,85.40209600005255,82.25451899988911,3.1475770001634373,602112,1,82.25451899988911,0.2476600002410123,0.024863999897206668,0.0,602112,0.0,0.0,0.0,0.0,0,0.0,0.0,0.0,0.0,0,0.0,0.0,0.0,0.0,0,0.0,0.0,0.0,0.0,0
5,monolithic_k8s_1svc,20,87.26317999980893,83.90391200009617,3.359267999712756,602112,1,83.90391200009617,0.25939399984054035,0.023955999949976103,0.0,602112,0.0,0.0,0.0,0.0,0,0.0,0.0,0.0,0.0,0,0.0,0.0,0.0,0.0,0,0.0,0.0,0.0,0.0,0
5,monolithic_k8s_1svc,21,87.2635989999253,83.757732000322,3.505866999603313,602112,1,83.757732000322,0.2653999999893131,0.029053999696770916,0.0,602112,0.0,0.0,0.0,0.0,0,0.0,0.0,0.0,0.0,0,0.0,0.0,0.0,0.0,0,0.0,0.0,0.0,0.0,0
5,monolithic_k8s_1svc,22,88.01118999963364,84.86871099967175,3.142478999961895,602112,1,84.86871099967175,0.29969300021548406,0.023817000055714743,0.0,602112,0.0,0.0,0.0,0.0,0,0.0,0.0,0.0,0.0,0,0.0,0.0,0.0,0.0,0,0.0,0.0,0.0,0.0,0
5,monolithic_k8s_1svc,23,86.75193599992781,83.31011300015234,3.441822999775468,602112,1,83.31011300015234,0.2608609997878375,0.026749999960884452,0.0,602112,0.0,0.0,0.0,0.0,0,0.0,0.0,0.0,0.0,0,0.0,0.0,0.0,0.0,0,0.0,0.0,0.0,0.0,0
5,monolithic_k8s_1svc,24,85.91774099977556,82.47291599991513,3.4448249998604297,602112,1,82.47291599991513,0.2799270000650722,0.02332700023544021,0.0,602112,0.0,0.0,0.0,0.0,0,0.0,0.0,0.0,0.0,0,0.0,0.0,0.0,0.0,0,0.0,0.0,0.0,0.0,0
5,monolithic_k8s_1svc,25,87.69445600000836,84.40000000018699,3.2944559998213663,602112,1,84.40000000018699,0.3058389997931954,0.023817000055714743,0.0,602112,0.0,0.0,0.0,0.0,0,0.0,0.0,0.0,0.0,0,0.0,0.0,0.0,0.0,0,0.0,0.0,0.0,0.0,0
5,monolithic_k8s_1svc,26,86.47005200009517,83.12768599989795,3.3423660001972166,602112,1,83.12768599989795,0.3333560002829472,0.030031999813218135,0.0,602112,0.0,0.0,0.0,0.0,0,0.0,0.0,0.0,0.0,0,0.0,0.0,0.0,0.0,0,0.0,0.0,0.0,0.0,0
5,monolithic_k8s_1svc,27,86.01684699988255,82.62147000004916,3.3953769998333883,602112,1,82.62147000004916,0.24926600008257083,0.024794000182737364,0.0,602112,0.0,0.0,0.0,0.0,0,0.0,0.0,0.0,0.0,0,0.0,0.0,0.0,0.0,0,0.0,0.0,0.0,0.0,0
5,monolithic_k8s_1svc,28,89.03724200035867,85.71114799997304,3.3260940003856376,602112,1,85.71114799997304,0.24919699990277877,0.027656999918690417,0.0,602112,0.0,0.0,0.0,0.0,0,0.0,0.0,0.0,0.0,0,0.0,0.0,0.0,0.0,0,0.0,0.0,0.0,0.0,0
5,monolithic_k8s_1svc,29,88.8510419999875,84.83406899995316,4.016973000034341,602112,1,84.83406899995316,0.26770499971462414,0.024236000172095373,0.0,602112,0.0,0.0,0.0,0.0,0,0.0,0.0,0.0,0.0,0,0.0,0.0,0.0,0.0,0,0.0,0.0,0.0,0.0,0
5,monolithic_k8s_1svc,30,84.46181099998284,81.5843830000631,2.877427999919746,602112,1,81.5843830000631,0.2605119998406735,0.023885999780759448,0.0,602112,0.0,0.0,0.0,0.0,0,0.0,0.0,0.0,0.0,0,0.0,0.0,0.0,0.0,0,0.0,0.0,0.0,0.0,0
5,monolithic_k8s_1svc,31,85.60659400018267,82.26373799971043,3.3428560004722385,602112,1,82.26373799971043,0.25897500017890707,0.024236000172095373,0.0,602112,0.0,0.0,0.0,0.0,0,0.0,0.0,0.0,0.0,0,0.0,0.0,0.0,0.0,0,0.0,0.0,0.0,0.0,0
5,monolithic_k8s_1svc,32,86.00413599970125,82.38330899985158,3.620826999849669,602112,1,82.38330899985158,0.24333000010301475,0.025492000077065313,0.0,602112,0.0,0.0,0.0,0.0,0,0.0,0.0,0.0,0.0,0,0.0,0.0,0.0,0.0,0,0.0,0.0,0.0,0.0,0
5,monolithic_k8s_1svc,33,85.58319700023276,82.29502899985164,3.28816800038112,602112,1,82.29502899985164,0.24416800033577601,0.023535999844170874,0.0,602112,0.0,0.0,0.0,0.0,0,0.0,0.0,0.0,0.0,0,0.0,0.0,0.0,0.0,0,0.0,0.0,0.0,0.0,0
5,monolithic_k8s_1svc,34,86.91278300011618,83.63376299985248,3.2790200002636993,602112,1,83.63376299985248,0.25855600006252644,0.023396999949909514,0.0,602112,0.0,0.0,0.0,0.0,0,0.0,0.0,0.0,0.0,0,0.0,0.0,0.0,0.0,0,0.0,0.0,0.0,0.0,0
5,monolithic_k8s_1svc,35,85.18600500019602,82.16449299970918,3.0215120004868368,602112,1,82.16449299970918,0.24158399992302293,0.02472400001352071,0.0,602112,0.0,0.0,0.0,0.0,0,0.0,0.0,0.0,0.0,0,0.0,0.0,0.0,0.0,0,0.0,0.0,0.0,0.0,0
5,monolithic_k8s_1svc,36,85.09493100018517,81.73105200012287,3.3638790000622976,602112,1,81.73105200012287,0.27322300002197153,0.024793999727990013,0.0,602112,0.0,0.0,0.0,0.0,0,0.0,0.0,0.0,0.0,0,0.0,0.0,0.0,0.0,0,0.0,0.0,0.0,0.0,0
5,monolithic_k8s_1svc,37,85.99736099995425,82.62433499976396,3.3730260001902934,602112,1,82.62433499976396,0.2535960002205684,0.024793000193312764,0.0,602112,0.0,0.0,0.0,0.0,0,0.0,0.0,0.0,0.0,0,0.0,0.0,0.0,0.0,0,0.0,0.0,0.0,0.0,0
5,monolithic_k8s_1svc,38,87.9540599999018,84.60435999995752,3.349699999944278,602112,1,84.60435999995752,0.28195300001243595,0.02332700023544021,0.0,602112,0.0,0.0,0.0,0.0,0,0.0,0.0,0.0,0.0,0,0.0,0.0,0.0,0.0,0,0.0,0.0,0.0,0.0,0
5,monolithic_k8s_1svc,39,84.72260200005621,81.59458099999028,3.128021000065928,602112,1,81.59458099999028,0.243888999648334,0.026121000246348558,0.0,602112,0.0,0.0,0.0,0.0,0,0.0,0.0,0.0,0.0,0,0.0,0.0,0.0,0.0,0,0.0,0.0,0.0,0.0,0
5,monolithic_k8s_1svc,40,85.0915089999944,81.66700699985086,3.4245020001435478,602112,1,81.66700699985086,0.30171799971867586,0.024375000066356733,0.0,602112,0.0,0.0,0.0,0.0,0,0.0,0.0,0.0,0.0,0,0.0,0.0,0.0,0.0,0,0.0,0.0,0.0,0.0,0
5,monolithic_k8s_1svc,41,84.78741599992645,81.41557599992666,3.371839999999793,602112,1,81.41557599992666,0.24430800021946197,0.023816000066290144,0.0,602112,0.0,0.0,0.0,0.0,0,0.0,0.0,0.0,0.0,0,0.0,0.0,0.0,0.0,0,0.0,0.0,0.0,0.0,0
5,monolithic_k8s_1svc,42,84.60435999995752,81.33937899992816,3.2649810000293655,602112,1,81.33937899992816,0.2685429999473854,0.024304999897140078,0.0,602112,0.0,0.0,0.0,0.0,0,0.0,0.0,0.0,0.0,0,0.0,0.0,0.0,0.0,0,0.0,0.0,0.0,0.0,0
5,monolithic_k8s_1svc,43,85.747954999988,82.19082400000843,3.557130999979563,602112,1,82.19082400000843,0.24165400009223958,0.031009999929665355,0.0,602112,0.0,0.0,0.0,0.0,0,0.0,0.0,0.0,0.0,0,0.0,0.0,0.0,0.0,0,0.0,0.0,0.0,0.0,0
5,monolithic_k8s_1svc,44,89.25878200034276,86.24292700005753,3.015855000285228,602112,1,86.24292700005753,0.3115660001640208,0.025842000013653887,0.0,602112,0.0,0.0,0.0,0.0,0,0.0,0.0,0.0,0.0,0,0.0,0.0,0.0,0.0,0,0.0,0.0,0.0,0.0,0
5,monolithic_k8s_1svc,45,85.7174349998786,82.51028199993016,3.2071529999484483,602112,1,82.51028199993016,0.2834199999597331,0.024304999897140078,0.0,602112,0.0,0.0,0.0,0.0,0,0.0,0.0,0.0,0.0,0,0.0,0.0,0.0,0.0,0,0.0,0.0,0.0,0.0,0
5,monolithic_k8s_1svc,46,85.89113200014253,82.54806700006156,3.343065000080969,602112,1,82.54806700006156,0.26994000018021325,0.023885999780759448,0.0,602112,0.0,0.0,0.0,0.0,0,0.0,0.0,0.0,0.0,0,0.0,0.0,0.0,0.0,0,0.0,0.0,0.0,0.0,0
5,monolithic_k8s_1svc,47,86.07223299986799,82.8152140002203,3.2570189996476984,602112,1,82.8152140002203,0.2557620000516181,0.02290800011905958,0.0,602112,0.0,0.0,0.0,0.0,0,0.0,0.0,0.0,0.0,0,0.0,0.0,0.0,0.0,0,0.0,0.0,0.0,0.0,0
5,monolithic_k8s_1svc,48,86.8905040001664,83.32101000041803,3.5694939997483743,602112,1,83.32101000041803,0.2977369999825896,0.025352999728056602,0.0,602112,0.0,0.0,0.0,0.0,0,0.0,0.0,0.0,0.0,0,0.0,0.0,0.0,0.0,0,0.0,0.0,0.0,0.0,0
5,monolithic_k8s_1svc,49,86.36647799994535,83.07879699987097,3.2876810000743717,602112,1,83.07879699987097,0.2786009999908856,0.0238860002355068,0.0,602112,0.0,0.0,0.0,0.0,0,0.0,0.0,0.0,0.0,0,0.0,0.0,0.0,0.0,0,0.0,0.0,0.0,0.0,0
5,monolithic_k8s_1svc,50,86.30299100013872,82.80194299959476,3.5010480005439604,602112,1,82.80194299959476,0.268962000063766,0.023258000055648154,0.0,602112,0.0,0.0,0.0,0.0,0,0.0,0.0,0.0,0.0,0,0.0,0.0,0.0,0.0,0,0.0,0.0,0.0,0.0,0
5,monolithic_k8s_1svc,51,87.79419100028463,84.58759799987092,3.2065930004137044,602112,1,84.58759799987092,0.30108999999356456,0.026189999971393263,0.0,602112,0.0,0.0,0.0,0.0,0,0.0,0.0,0.0,0.0,0,0.0,0.0,0.0,0.0,0,0.0,0.0,0.0,0.0,0
5,monolithic_k8s_1svc,52,86.17364399970029,83.0276730002879,3.145970999412384,602112,1,83.0276730002879,0.26099999968209886,0.024863999897206668,0.0,602112,0.0,0.0,0.0,0.0,0,0.0,0.0,0.0,0.0,0,0.0,0.0,0.0,0.0,0,0.0,0.0,0.0,0.0,0
5,monolithic_k8s_1svc,53,86.79377300040869,83.74243799971737,3.0513350006913242,602112,1,83.74243799971737,0.24870800007192884,0.024375000066356733,0.0,602112,0.0,0.0,0.0,0.0,0,0.0,0.0,0.0,0.0,0,0.0,0.0,0.0,0.0,0,0.0,0.0,0.0,0.0,0
5,monolithic_k8s_1svc,54,86.26290300026085,83.03668300004574,3.2262200002151076,602112,1,83.03668300004574,0.26847299977816874,0.024304999897140078,0.0,602112,0.0,0.0,0.0,0.0,0,0.0,0.0,0.0,0.0,0,0.0,0.0,0.0,0.0,0,0.0,0.0,0.0,0.0,0
5,monolithic_k8s_1svc,55,85.97173099997235,82.56552800003192,3.406202999940433,602112,1,82.56552800003192,0.2732920002017636,0.023885999780759448,0.0,602112,0.0,0.0,0.0,0.0,0,0.0,0.0,0.0,0.0,0,0.0,0.0,0.0,0.0,0,0.0,0.0,0.0,0.0,0
5,monolithic_k8s_1svc,56,90.29782500010697,86.83414200004336,3.463683000063611,602112,1,86.83414200004336,0.36471600014920114,0.025283000013587298,0.0,602112,0.0,0.0,0.0,0.0,0,0.0,0.0,0.0,0.0,0,0.0,0.0,0.0,0.0,0,0.0,0.0,0.0,0.0,0
5,monolithic_k8s_1svc,57,86.57132600001205,83.39476499986631,3.176561000145739,602112,1,83.39476499986631,0.30178800034263986,0.02416500001345412,0.0,602112,0.0,0.0,0.0,0.0,0,0.0,0.0,0.0,0.0,0,0.0,0.0,0.0,0.0,0,0.0,0.0,0.0,0.0,0
5,monolithic_k8s_1svc,58,84.1225890003443,80.66665899968939,3.4559300006549165,602112,1,80.66665899968939,0.27098800001112977,0.0238860002355068,0.0,602112,0.0,0.0,0.0,0.0,0,0.0,0.0,0.0,0.0,0,0.0,0.0,0.0,0.0,0,0.0,0.0,0.0,0.0,0
5,monolithic_k8s_1svc,59,83.24579100008123,80.03849800024909,3.2072929998321342,602112,1,80.03849800024909,0.2510129997972399,0.02290900010848418,0.0,602112,0.0,0.0,0.0,0.0,0,0.0,0.0,0.0,0.0,0,0.0,0.0,0.0,0.0,0,0.0,0.0,0.0,0.0,0
5,monolithic_k8s_1svc,60,79.88142300018808,76.59625699989192,3.285166000296158,602112,1,76.59625699989192,0.2590450003481237,0.023397999939334113,0.0,602112,0.0,0.0,0.0,0.0,0,0.0,0.0,0.0,0.0,0,0.0,0.0,0.0,0.0,0,0.0,0.0,0.0,0.0,0
5,monolithic_k8s_1svc,61,77.91690299973197,74.668752999969,3.2481499997629726,602112,1,74.668752999969,0.3057690000787261,0.02248900000267895,0.0,602112,0.0,0.0,0.0,0.0,0,0.0,0.0,0.0,0.0,0,0.0,0.0,0.0,0.0,0,0.0,0.0,0.0,0.0,0
5,monolithic_k8s_1svc,62,77.7217639997616,74.25856999998359,3.4631939997780137,602112,1,74.25856999998359,0.26791399977810215,0.027239000246481737,0.0,602112,0.0,0.0,0.0,0.0,0,0.0,0.0,0.0,0.0,0,0.0,0.0,0.0,0.0,0,0.0,0.0,0.0,0.0,0
5,monolithic_k8s_1svc,63,77.2355230001267,74.15464499990776,3.080878000218945,602112,1,74.15464499990776,0.2843970000867557,0.02151099988623173,0.0,602112,0.0,0.0,0.0,0.0,0,0.0,0.0,0.0,0.0,0,0.0,0.0,0.0,0.0,0,0.0,0.0,0.0,0.0,0
5,monolithic_k8s_1svc,64,76.77896399991369,73.47459199991135,3.3043720000023313,602112,1,73.47459199991135,0.30325399984576507,0.029124000320734922,0.0,602112,0.0,0.0,0.0,0.0,0,0.0,0.0,0.0,0.0,0,0.0,0.0,0.0,0.0,0,0.0,0.0,0.0,0.0,0
5,monolithic_k8s_1svc,65,77.78420299973732,74.73936299993511,3.044839999802207,602112,1,74.73936299993511,0.27098800001112977,0.022838999939267524,0.0,602112,0.0,0.0,0.0,0.0,0,0.0,0.0,0.0,0.0,0,0.0,0.0,0.0,0.0,0,0.0,0.0,0.0,0.0,0
5,monolithic_k8s_1svc,66,77.75472999992417,74.10652399994433,3.6482059999798366,602112,1,74.10652399994433,0.2934070002993394,0.023396999949909514,0.0,602112,0.0,0.0,0.0,0.0,0,0.0,0.0,0.0,0.0,0,0.0,0.0,0.0,0.0,0,0.0,0.0,0.0,0.0,0
5,monolithic_k8s_1svc,67,77.3814939998374,73.89713800012032,3.4843559997170814,602112,1,73.89713800012032,0.28118399995946675,0.02234900011899299,0.0,602112,0.0,0.0,0.0,0.0,0,0.0,0.0,0.0,0.0,0,0.0,0.0,0.0,0.0,0,0.0,0.0,0.0,0.0,0
5,monolithic_k8s_1svc,68,78.35404599973117,74.82673699996667,3.5273089997645,602112,1,74.82673699996667,0.2999020002789621,0.023118000171962194,0.0,602112,0.0,0.0,0.0,0.0,0,0.0,0.0,0.0,0.0,0,0.0,0.0,0.0,0.0,0,0.0,0.0,0.0,0.0,0
5,monolithic_k8s_1svc,69,78.09220699982689,74.32534000008673,3.7668669997401594,602112,1,74.32534000008673,0.3290259996902023,0.02290800011905958,0.0,602112,0.0,0.0,0.0,0.0,0,0.0,0.0,0.0,0.0,0,0.0,0.0,0.0,0.0,0,0.0,0.0,0.0,0.0,0
5,monolithic_k8s_1svc,70,77.75906100005159,74.29495800033692,3.464102999714669,602112,1,74.29495800033692,0.29724799969699234,0.02234999965367024,0.0,602112,0.0,0.0,0.0,0.0,0,0.0,0.0,0.0,0.0,0,0.0,0.0,0.0,0.0,0,0.0,0.0,0.0,0.0,0
5,monolithic_k8s_1svc,71,76.93401500000618,73.46509399985734,3.468921000148839,602112,1,73.46509399985734,0.2823720001288166,0.02374599989707349,0.0,602112,0.0,0.0,0.0,0.0,0,0.0,0.0,0.0,0.0,0,0.0,0.0,0.0,0.0,0,0.0,0.0,0.0,0.0,0
5,monolithic_k8s_1svc,72,78.14871000027779,74.72176399960517,3.426946000672615,602112,1,74.72176399960517,0.2990640000462008,0.02290800011905958,0.0,602112,0.0,0.0,0.0,0.0,0,0.0,0.0,0.0,0.0,0,0.0,0.0,0.0,0.0,0,0.0,0.0,0.0,0.0,0
5,monolithic_k8s_1svc,73,77.54059399985636,74.20116000002963,3.339433999826724,602112,1,74.20116000002963,0.3011600001627812,0.024793999727990013,0.0,602112,0.0,0.0,0.0,0.0,0,0.0,0.0,0.0,0.0,0,0.0,0.0,0.0,0.0,0,0.0,0.0,0.0,0.0,0
5,monolithic_k8s_1svc,74,77.79237499971714,74.80808900027114,2.9842859994460014,602112,1,74.80808900027114,0.2857939998648362,0.023117999717214843,0.0,602112,0.0,0.0,0.0,0.0,0,0.0,0.0,0.0,0.0,0,0.0,0.0,0.0,0.0,0,0.0,0.0,0.0,0.0,0
5,monolithic_k8s_1svc,75,77.22546700006205,73.9500780000526,3.2753890000094543,602112,1,73.9500780000526,0.28432699991753907,0.023816000066290144,0.0,602112,0.0,0.0,0.0,0.0,0,0.0,0.0,0.0,0.0,0,0.0,0.0,0.0,0.0,0,0.0,0.0,0.0,0.0,0
5,monolithic_k8s_1svc,76,79.76101599979302,76.54443499995978,3.2165809998332406,602112,1,76.54443499995978,0.3135919996566372,0.022559000171895605,0.0,602112,0.0,0.0,0.0,0.0,0,0.0,0.0,0.0,0.0,0,0.0,0.0,0.0,0.0,0,0.0,0.0,0.0,0.0,0
5,monolithic_k8s_1svc,77,78.13495099981083,74.47913299984066,3.655817999970168,602112,1,74.47913299984066,0.2998320001097454,0.022978000288276235,0.0,602112,0.0,0.0,0.0,0.0,0,0.0,0.0,0.0,0.0,0,0.0,0.0,0.0,0.0,0,0.0,0.0,0.0,0.0,0
5,monolithic_k8s_1svc,78,78.38868800035925,75.02606600019135,3.362622000167903,602112,1,75.02606600019135,0.28334999979051645,0.02235000010841759,0.0,602112,0.0,0.0,0.0,0.0,0,0.0,0.0,0.0,0.0,0,0.0,0.0,0.0,0.0,0,0.0,0.0,0.0,0.0,0
5,monolithic_k8s_1svc,79,77.02040999993187,73.86326499999996,3.1571449999319157,602112,1,73.86326499999996,0.30590799997298745,0.022000000171829015,0.0,602112,0.0,0.0,0.0,0.0,0,0.0,0.0,0.0,0.0,0,0.0,0.0,0.0,0.0,0,0.0,0.0,0.0,0.0,0
5,monolithic_k8s_1svc,80,77.84196400007204,74.50238999990688,3.3395740001651575,602112,1,74.50238999990688,0.30353500005730893,0.022558999717148254,0.0,602112,0.0,0.0,0.0,0.0,0,0.0,0.0,0.0,0.0,0,0.0,0.0,0.0,0.0,0,0.0,0.0,0.0,0.0,0
5,monolithic_k8s_1svc,81,80.6324370000766,76.76842000000761,3.8640170000689977,602112,1,76.76842000000761,0.2899840001191478,0.023536999833595473,0.0,602112,0.0,0.0,0.0,0.0,0,0.0,0.0,0.0,0.0,0,0.0,0.0,0.0,0.0,0,0.0,0.0,0.0,0.0,0
5,monolithic_k8s_1svc,82,77.71568899988779,74.07572400006757,3.639964999820222,602112,1,74.07572400006757,0.29445500013025594,0.02304800000274554,0.0,602112,0.0,0.0,0.0,0.0,0,0.0,0.0,0.0,0.0,0,0.0,0.0,0.0,0.0,0,0.0,0.0,0.0,0.0,0
5,monolithic_k8s_1svc,83,77.85732899992581,74.62217000011151,3.2351589998143027,602112,1,74.62217000011151,0.2890769997065945,0.02248900000267895,0.0,602112,0.0,0.0,0.0,0.0,0,0.0,0.0,0.0,0.0,0,0.0,0.0,0.0,0.0,0,0.0,0.0,0.0,0.0,0
5,monolithic_k8s_1svc,84,77.69396799994865,74.03235300034794,3.6616149996007152,602112,1,74.03235300034794,0.3274899995631131,0.02234899966424564,0.0,602112,0.0,0.0,0.0,0.0,0,0.0,0.0,0.0,0.0,0,0.0,0.0,0.0,0.0,0,0.0,0.0,0.0,0.0,0
5,monolithic_k8s_1svc,85,77.87869999992836,74.41487799997049,3.4638219999578723,602112,1,74.41487799997049,0.29976199994052877,0.02276899977005087,0.0,602112,0.0,0.0,0.0,0.0,0,0.0,0.0,0.0,0.0,0,0.0,0.0,0.0,0.0,0,0.0,0.0,0.0,0.0,0
5,monolithic_k8s_1svc,86,77.38966599981723,74.13034100000004,3.2593249998171814,602112,1,74.13034100000004,0.3063280000787927,0.022420000277634244,0.0,602112,0.0,0.0,0.0,0.0,0,0.0,0.0,0.0,0.0,0,0.0,0.0,0.0,0.0,0,0.0,0.0,0.0,0.0,0
5,monolithic_k8s_1svc,87,77.98444199988808,74.64940799991382,3.3350339999742573,602112,1,74.64940799991382,0.3294459997960075,0.023117000182537595,0.0,602112,0.0,0.0,0.0,0.0,0,0.0,0.0,0.0,0.0,0,0.0,0.0,0.0,0.0,0,0.0,0.0,0.0,0.0,0
5,monolithic_k8s_1svc,88,78.092487000049,74.69501500008846,3.397471999960544,602112,1,74.69501500008846,0.3214829998796631,0.022000999706506263,0.0,602112,0.0,0.0,0.0,0.0,0,0.0,0.0,0.0,0.0,0,0.0,0.0,0.0,0.0,0,0.0,0.0,0.0,0.0,0
5,monolithic_k8s_1svc,89,78.20304799997757,74.5521179997013,3.6509300002762757,602112,1,74.5521179997013,0.2989940003317315,0.02206999988629832,0.0,602112,0.0,0.0,0.0,0.0,0,0.0,0.0,0.0,0.0,0,0.0,0.0,0.0,0.0,0,0.0,0.0,0.0,0.0,0
5,monolithic_k8s_1svc,90,80.11930699967706,76.88428799974645,3.2350189999306167,602112,1,76.88428799974645,0.2961310001410311,0.02248900000267895,0.0,602112,0.0,0.0,0.0,0.0,0,0.0,0.0,0.0,0.0,0,0.0,0.0,0.0,0.0,0,0.0,0.0,0.0,0.0,0
5,monolithic_k8s_1svc,91,77.32052200026374,74.07635300023685,3.2441690000268864,602112,1,74.07635300023685,0.25192099974447046,0.02206999988629832,0.0,602112,0.0,0.0,0.0,0.0,0,0.0,0.0,0.0,0.0,0,0.0,0.0,0.0,0.0,0,0.0,0.0,0.0,0.0,0
5,monolithic_k8s_1svc,92,77.59353599976748,74.17762500017488,3.4159109995925974,602112,1,74.17762500017488,0.26931100001093,0.022418999833462294,0.0,602112,0.0,0.0,0.0,0.0,0,0.0,0.0,0.0,0.0,0,0.0,0.0,0.0,0.0,0,0.0,0.0,0.0,0.0,0
5,monolithic_k8s_1svc,93,78.73978499992518,75.35642099992401,3.3833640000011656,602112,1,75.35642099992401,0.2664479998202296,0.022838000404590275,0.0,602112,0.0,0.0,0.0,0.0,0,0.0,0.0,0.0,0.0,0,0.0,0.0,0.0,0.0,0,0.0,0.0,0.0,0.0,0
5,monolithic_k8s_1svc,94,77.77735999979996,74.65310999987196,3.124249999927997,602112,1,74.65310999987196,0.2772040002128051,0.0238860002355068,0.0,602112,0.0,0.0,0.0,0.0,0,0.0,0.0,0.0,0.0,0,0.0,0.0,0.0,0.0,0,0.0,0.0,0.0,0.0,0
5,monolithic_k8s_1svc,95,79.12503499983359,76.06196699998691,3.0630679998466803,602112,1,76.06196699998691,0.2823720001288166,0.02290800011905958,0.0,602112,0.0,0.0,0.0,0.0,0,0.0,0.0,0.0,0.0,0,0.0,0.0,0.0,0.0,0,0.0,0.0,0.0,0.0,0
5,monolithic_k8s_1svc,96,78.46837899978709,75.01174999970317,3.4566290000839217,602112,1,75.01174999970317,0.29368600007728674,0.02332700023544021,0.0,602112,0.0,0.0,0.0,0.0,0,0.0,0.0,0.0,0.0,0,0.0,0.0,0.0,0.0,0,0.0,0.0,0.0,0.0,0
5,monolithic_k8s_1svc,97,78.00183299968921,74.81954399963797,3.1822890000512416,602112,1,74.81954399963797,0.25715900028444594,0.02402500012976816,0.0,602112,0.0,0.0,0.0,0.0,0,0.0,0.0,0.0,0.0,0,0.0,0.0,0.0,0.0,0,0.0,0.0,0.0,0.0,0
5,monolithic_k8s_1svc,98,78.54101399971114,75.1173519997792,3.4236619999319373,602112,1,75.1173519997792,0.26805400011653546,0.02304700001332094,0.0,602112,0.0,0.0,0.0,0.0,0,0.0,0.0,0.0,0.0,0,0.0,0.0,0.0,0.0,0,0.0,0.0,0.0,0.0,0
5,monolithic_k8s_1svc,99,79.44589000044289,75.97354600011386,3.4723440003290307,602112,1,75.97354600011386,0.2874010001505667,0.023396999949909514,0.0,602112,0.0,0.0,0.0,0.0,0,0.0,0.0,0.0,0.0,0,0.0,0.0,0.0,0.0,0,0.0,0.0,0.0,0.0,0
5,monolithic_k8s_1svc,100,78.80222399990089,75.80026799996631,3.00195599993458,602112,1,75.80026799996631,0.2892869997594971,0.022838000404590275,0.0,602112,0.0,0.0,0.0,0.0,0,0.0,0.0,0.0,0.0,0,0.0,0.0,0.0,0.0,0,0.0,0.0,0.0,0.0,0
5,monolithic_k8s_1svc,101,77.72148599997308,74.6489200000724,3.0725659999006893,602112,1,74.6489200000724,0.26707600000008824,0.02248900000267895,0.0,602112,0.0,0.0,0.0,0.0,0,0.0,0.0,0.0,0.0,0,0.0,0.0,0.0,0.0,0,0.0,0.0,0.0,0.0,0
5,monolithic_k8s_1svc,102,78.03975699971488,74.66693900005339,3.3728179996614926,602112,1,74.66693900005339,0.269101999947452,0.02235000010841759,0.0,602112,0.0,0.0,0.0,0.0,0,0.0,0.0,0.0,0.0,0,0.0,0.0,0.0,0.0,0,0.0,0.0,0.0,0.0,0
5,monolithic_k8s_1svc,103,79.38680300003398,75.62307899979714,3.7637240002368344,602112,1,75.62307899979714,0.35277300003144774,0.024654000299051404,0.0,602112,0.0,0.0,0.0,0.0,0,0.0,0.0,0.0,0.0,0,0.0,0.0,0.0,0.0,0,0.0,0.0,0.0,0.0,0
5,monolithic_k8s_1svc,104,78.67783500023506,75.28336599989416,3.394469000340905,602112,1,75.28336599989416,0.29473399990820326,0.022279999939200934,0.0,602112,0.0,0.0,0.0,0.0,0,0.0,0.0,0.0,0.0,0,0.0,0.0,0.0,0.0,0,0.0,0.0,0.0,0.0,0
5,monolithic_k8s_1svc,105,77.1677089996956,74.18928800007052,2.9784209996250866,602112,1,74.18928800007052,0.24856900017766748,0.023327999770117458,0.0,602112,0.0,0.0,0.0,0.0,0,0.0,0.0,0.0,0.0,0,0.0,0.0,0.0,0.0,0,0.0,0.0,0.0,0.0,0
5,monolithic_k8s_1svc,106,78.18775300029301,74.91543800006184,3.272315000231174,602112,1,74.91543800006184,0.2730129999690689,0.02234999965367024,0.0,602112,0.0,0.0,0.0,0.0,0,0.0,0.0,0.0,0.0,0,0.0,0.0,0.0,0.0,0,0.0,0.0,0.0,0.0,0
5,monolithic_k8s_1svc,107,78.0118209995635,74.84238300003199,3.1694379995315103,602112,1,74.84238300003199,0.2466820001245651,0.022978999822953483,0.0,602112,0.0,0.0,0.0,0.0,0,0.0,0.0,0.0,0.0,0,0.0,0.0,0.0,0.0,0,0.0,0.0,0.0,0.0,0
5,monolithic_k8s_1svc,108,80.84971800008134,77.54080500035343,3.3089129997279088,602112,1,77.54080500035343,0.2886580000449612,0.02248900000267895,0.0,602112,0.0,0.0,0.0,0.0,0,0.0,0.0,0.0,0.0,0,0.0,0.0,0.0,0.0,0,0.0,0.0,0.0,0.0,0
5,monolithic_k8s_1svc,109,77.72700500026986,74.62000600025931,3.1069990000105463,602112,1,74.62000600025931,0.25862499978757114,0.023955999949976103,0.0,602112,0.0,0.0,0.0,0.0,0,0.0,0.0,0.0,0.0,0,0.0,0.0,0.0,0.0,0,0.0,0.0,0.0,0.0,0
5,monolithic_k8s_1svc,110,77.31479599988234,74.57453799997893,2.740257999903406,602112,1,74.57453799997893,0.23858099984863657,0.024166000002878718,0.0,602112,0.0,0.0,0.0,0.0,0,0.0,0.0,0.0,0.0,0,0.0,0.0,0.0,0.0,0,0.0,0.0,0.0,0.0,0
5,monolithic_k8s_1svc,111,78.84943799990651,75.52271599979576,3.326722000110749,602112,1,75.52271599979576,0.25450500015722355,0.02332700023544021,0.0,602112,0.0,0.0,0.0,0.0,0,0.0,0.0,0.0,0.0,0,0.0,0.0,0.0,0.0,0,0.0,0.0,0.0,0.0,0
5,monolithic_k8s_1svc,112,78.17315600004804,74.44281600010072,3.7303399999473186,602112,1,74.44281600010072,0.2900549998230417,0.02290799966431223,0.0,602112,0.0,0.0,0.0,0.0,0,0.0,0.0,0.0,0.0,0,0.0,0.0,0.0,0.0,0,0.0,0.0,0.0,0.0,0
5,monolithic_k8s_1svc,113,79.45133800012627,76.19417799969597,3.2571600004303036,602112,1,76.19417799969597,0.2711280003495631,0.02262900034111226,0.0,602112,0.0,0.0,0.0,0.0,0,0.0,0.0,0.0,0.0,0,0.0,0.0,0.0,0.0,0,0.0,0.0,0.0,0.0,0
5,monolithic_k8s_1svc,114,77.9192800000601,74.91543800006184,3.003841999998258,602112,1,74.91543800006184,0.24367900005017873,0.027657999908115016,0.0,602112,0.0,0.0,0.0,0.0,0,0.0,0.0,0.0,0.0,0,0.0,0.0,0.0,0.0,0,0.0,0.0,0.0,0.0,0
5,monolithic_k8s_1svc,115,78.06545999983427,74.85726000004433,3.20819999978994,602112,1,74.85726000004433,0.24298000016642618,0.022977999833528884,0.0,602112,0.0,0.0,0.0,0.0,0,0.0,0.0,0.0,0.0,0,0.0,0.0,0.0,0.0,0,0.0,0.0,0.0,0.0,0
5,monolithic_k8s_1svc,116,78.79174799973043,75.73859800004357,3.053149999686866,602112,1,75.73859800004357,0.25506400015729014,0.022697999611409614,0.0,602112,0.0,0.0,0.0,0.0,0,0.0,0.0,0.0,0.0,0,0.0,0.0,0.0,0.0,0,0.0,0.0,0.0,0.0,0
5,monolithic_k8s_1svc,117,77.91934999977457,74.57803099987359,3.3413189999009774,602112,1,74.57803099987359,0.259673000073235,0.023746999886498088,0.0,602112,0.0,0.0,0.0,0.0,0,0.0,0.0,0.0,0.0,0,0.0,0.0,0.0,0.0,0,0.0,0.0,0.0,0.0,0
5,monolithic_k8s_1svc,118,78.51587200002541,75.26052899993374,3.2553430000916705,602112,1,75.26052899993374,0.2827910002451972,0.02262799989694031,0.0,602112,0.0,0.0,0.0,0.0,0,0.0,0.0,0.0,0.0,0,0.0,0.0,0.0,0.0,0,0.0,0.0,0.0,0.0,0
5,monolithic_k8s_1svc,119,80.15409000017826,76.39134399960312,3.7627460005751345,602112,1,76.39134399960312,0.3140799999528099,0.026330000309826573,0.0,602112,0.0,0.0,0.0,0.0,0,0.0,0.0,0.0,0.0,0,0.0,0.0,0.0,0.0,0,0.0,0.0,0.0,0.0,0
5,monolithic_k8s_1svc,120,81.14941100029682,77.39085399998658,3.7585570003102475,602112,1,77.39085399998658,0.5206040000302892,0.025771999844437232,0.0,602112,0.0,0.0,0.0,0.0,0,0.0,0.0,0.0,0.0,0,0.0,0.0,0.0,0.0,0,0.0,0.0,0.0,0.0,0
5,monolithic_k8s_1svc,121,82.06169000004593,78.48646899992673,3.5752210001191997,602112,1,78.48646899992673,0.2781809998850804,0.02430500035188743,0.0,602112,0.0,0.0,0.0,0.0,0,0.0,0.0,0.0,0.0,0,0.0,0.0,0.0,0.0,0,0.0,0.0,0.0,0.0,0
5,monolithic_k8s_1svc,122,79.31361000009929,75.73154399960913,3.5820660004901583,602112,1,75.73154399960913,0.27182600024389103,0.022837999949842924,0.0,602112,0.0,0.0,0.0,0.0,0,0.0,0.0,0.0,0.0,0,0.0,0.0,0.0,0.0,0,0.0,0.0,0.0,0.0,0
5,monolithic_k8s_1svc,123,78.82666999967114,75.57712299967534,3.2495469999958004,602112,1,75.57712299967534,0.2590450003481237,0.02207000034104567,0.0,602112,0.0,0.0,0.0,0.0,0,0.0,0.0,0.0,0.0,0,0.0,0.0,0.0,0.0,0,0.0,0.0,0.0,0.0,0
5,monolithic_k8s_1svc,124,76.99910999963322,73.91103800000565,3.088071999627573,602112,1,73.91103800000565,0.24088600002869498,0.02374599989707349,0.0,602112,0.0,0.0,0.0,0.0,0,0.0,0.0,0.0,0.0,0,0.0,0.0,0.0,0.0,0,0.0,0.0,0.0,0.0,0
5,monolithic_k8s_1svc,125,79.5980069997313,76.62887600008617,2.969130999645131,602112,1,76.62887600008617,0.24500599965904257,0.024375000066356733,0.0,602112,0.0,0.0,0.0,0.0,0,0.0,0.0,0.0,0.0,0,0.0,0.0,0.0,0.0,0,0.0,0.0,0.0,0.0,0
5,monolithic_k8s_1svc,126,78.32639099979133,74.83016200012571,3.496228999665618,602112,1,74.83016200012571,0.2857939998648362,0.023257000066223554,0.0,602112,0.0,0.0,0.0,0.0,0,0.0,0.0,0.0,0.0,0,0.0,0.0,0.0,0.0,0,0.0,0.0,0.0,0.0,0
5,monolithic_k8s_1svc,127,78.29042200000913,74.76213499967344,3.5282870003356948,602112,1,74.76213499967344,0.2904740003941697,0.024654000299051404,0.0,602112,0.0,0.0,0.0,0.0,0,0.0,0.0,0.0,0.0,0,0.0,0.0,0.0,0.0,0,0.0,0.0,0.0,0.0,0
5,monolithic_k8s_1svc,128,79.50022800014267,76.34783199955564,3.152396000587032,602112,1,76.34783199955564,0.28593400020326953,0.023397000404656865,0.0,602112,0.0,0.0,0.0,0.0,0,0.0,0.0,0.0,0.0,0,0.0,0.0,0.0,0.0,0,0.0,0.0,0.0,0.0,0
5,monolithic_k8s_1svc,129,78.56650900021123,75.26045899976452,3.306050000446703,602112,1,75.26045899976452,0.2928489998339501,0.023397000404656865,0.0,602112,0.0,0.0,0.0,0.0,0,0.0,0.0,0.0,0.0,0,0.0,0.0,0.0,0.0,0,0.0,0.0,0.0,0.0,0
5,monolithic_k8s_1svc,130,77.99457099963547,74.35516599980474,3.639404999830731,602112,1,74.35516599980474,0.3273500001341745,0.024304999897140078,0.0,602112,0.0,0.0,0.0,0.0,0,0.0,0.0,0.0,0.0,0,0.0,0.0,0.0,0.0,0,0.0,0.0,0.0,0.0,0
5,monolithic_k8s_1svc,131,79.46174500011693,76.11176499995054,3.349980000166397,602112,1,76.11176499995054,0.3538900000421563,0.026261000130034517,0.0,602112,0.0,0.0,0.0,0.0,0,0.0,0.0,0.0,0.0,0,0.0,0.0,0.0,0.0,0,0.0,0.0,0.0,0.0,0
5,monolithic_k8s_1svc,132,80.09675100038294,76.88855000014883,3.208201000234112,602112,1,76.88855000014883,0.2853050000339863,0.022838999939267524,0.0,602112,0.0,0.0,0.0,0.0,0,0.0,0.0,0.0,0.0,0,0.0,0.0,0.0,0.0,0,0.0,0.0,0.0,0.0,0
5,monolithic_k8s_1svc,133,78.91124999969179,75.35369899960642,3.5575510000853683,602112,1,75.35369899960642,0.2957110000352259,0.026889000309893163,0.0,602112,0.0,0.0,0.0,0.0,0,0.0,0.0,0.0,0.0,0,0.0,0.0,0.0,0.0,0,0.0,0.0,0.0,0.0,0
5,monolithic_k8s_1svc,134,79.22337399986645,75.72951900010594,3.493854999760515,602112,1,75.72951900010594,0.30961099992055097,0.022977999833528884,0.0,602112,0.0,0.0,0.0,0.0,0,0.0,0.0,0.0,0.0,0,0.0,0.0,0.0,0.0,0,0.0,0.0,0.0,0.0,0
5,monolithic_k8s_1svc,135,78.71834600018701,75.05777699998362,3.6605690002033953,602112,1,75.05777699998362,0.2635149999150599,0.02346700011912617,0.0,602112,0.0,0.0,0.0,0.0,0,0.0,0.0,0.0,0.0,0,0.0,0.0,0.0,0.0,0,0.0,0.0,0.0,0.0,0
5,monolithic_k8s_1svc,136,78.26730499982659,75.35334900012458,2.9139559997020115,602112,1,75.35334900012458,0.2775530001599691,0.02346700011912617,0.0,602112,0.0,0.0,0.0,0.0,0,0.0,0.0,0.0,0.0,0,0.0,0.0,0.0,0.0,0,0.0,0.0,0.0,0.0,0
5,monolithic_k8s_1svc,137,79.05624199975136,75.85181300009936,3.2044289996520092,602112,1,75.85181300009936,0.24703200006115367,0.02234899966424564,0.0,602112,0.0,0.0,0.0,0.0,0,0.0,0.0,0.0,0.0,0,0.0,0.0,0.0,0.0,0,0.0,0.0,0.0,0.0,0
5,monolithic_k8s_1svc,138,79.01692099994762,75.6846110002698,3.3323099996778183,602112,1,75.6846110002698,0.2778319999379164,0.023536999833595473,0.0,602112,0.0,0.0,0.0,0.0,0,0.0,0.0,0.0,0.0,0,0.0,0.0,0.0,0.0,0,0.0,0.0,0.0,0.0,0
5,monolithic_k8s_1svc,139,80.79265800006397,77.64787499991144,3.144783000152529,602112,1,77.64787499991144,0.24214200038841227,0.025702000129967928,0.0,602112,0.0,0.0,0.0,0.0,0,0.0,0.0,0.0,0.0,0,0.0,0.0,0.0,0.0,0,0.0,0.0,0.0,0.0,0
5,monolithic_k8s_1svc,140,78.34308400015288,75.32897500004765,3.014109000105236,602112,1,75.32897500004765,0.2580670002316765,0.023536999833595473,0.0,602112,0.0,0.0,0.0,0.0,0,0.0,0.0,0.0,0.0,0,0.0,0.0,0.0,0.0,0,0.0,0.0,0.0,0.0,0
5,monolithic_k8s_1svc,141,78.81395999993401,75.5391289999352,3.2748309999988123,602112,1,75.5391289999352,0.2738509997470828,0.022001000161253614,0.0,602112,0.0,0.0,0.0,0.0,0,0.0,0.0,0.0,0.0,0,0.0,0.0,0.0,0.0,0,0.0,0.0,0.0,0.0,0
5,monolithic_k8s_1svc,142,78.0525399995895,74.64934099971288,3.403198999876622,602112,1,74.64934099971288,0.27287300008538296,0.02234900011899299,0.0,602112,0.0,0.0,0.0,0.0,0,0.0,0.0,0.0,0.0,0,0.0,0.0,0.0,0.0,0,0.0,0.0,0.0,0.0,0
5,monolithic_k8s_1svc,143,79.98179099968183,76.85796000032497,3.123830999356869,602112,1,76.85796000032497,0.26442199987286585,0.023746999886498088,0.0,602112,0.0,0.0,0.0,0.0,0,0.0,0.0,0.0,0.0,0,0.0,0.0,0.0,0.0,0,0.0,0.0,0.0,0.0,0
5,monolithic_k8s_1svc,144,78.45217700014473,75.0622470000053,3.3899300001394295,602112,1,75.0622470000053,0.2770639998743718,0.022977999833528884,0.0,602112,0.0,0.0,0.0,0.0,0,0.0,0.0,0.0,0.0,0,0.0,0.0,0.0,0.0,0,0.0,0.0,0.0,0.0,0
5,monolithic_k8s_1svc,145,79.76989000007961,76.24760899989269,3.522281000186922,602112,1,76.24760899989269,0.29683000002478366,0.021791000108351,0.0,602112,0.0,0.0,0.0,0.0,0,0.0,0.0,0.0,0.0,0,0.0,0.0,0.0,0.0,0,0.0,0.0,0.0,0.0,0
5,monolithic_k8s_1svc,146,78.393928999958,74.99764400017739,3.396284999780619,602112,1,74.99764400017739,0.287679999928514,0.02165100022466504,0.0,602112,0.0,0.0,0.0,0.0,0,0.0,0.0,0.0,0.0,0,0.0,0.0,0.0,0.0,0,0.0,0.0,0.0,0.0,0
5,monolithic_k8s_1svc,147,78.37255699996604,74.88163600010012,3.4909209998659207,602112,1,74.88163600010012,0.3047209997930622,0.026190999960817862,0.0,602112,0.0,0.0,0.0,0.0,0,0.0,0.0,0.0,0.0,0,0.0,0.0,0.0,0.0,0,0.0,0.0,0.0,0.0,0
5,monolithic_k8s_1svc,148,81.55987500003903,78.47508499980904,3.0847900002299866,602112,1,78.47508499980904,0.2717560000746744,0.02193099999203696,0.0,602112,0.0,0.0,0.0,0.0,0,0.0,0.0,0.0,0.0,0,0.0,0.0,0.0,0.0,0,0.0,0.0,0.0,0.0,0
5,monolithic_k8s_1svc,149,77.54821099979381,74.44128099996306,3.1069299998307542,602112,1,74.44128099996306,0.2513620001991512,0.0217900001189264,0.0,602112,0.0,0.0,0.0,0.0,0,0.0,0.0,0.0,0.0,0,0.0,0.0,0.0,0.0,0,0.0,0.0,0.0,0.0,0
5,monolithic_k8s_1svc,150,78.72302599980685,75.49715499999365,3.2258709998131962,602112,1,75.49715499999365,0.27678499964167713,0.022559000171895605,0.0,602112,0.0,0.0,0.0,0.0,0,0.0,0.0,0.0,0.0,0,0.0,0.0,0.0,0.0,0,0.0,0.0,0.0,0.0,0
5,monolithic_k8s_1svc,151,76.95608799986076,74.13949300007516,2.8165949997855932,602112,1,74.13949300007516,0.25352700004077633,0.022418999833462294,0.0,602112,0.0,0.0,0.0,0.0,0,0.0,0.0,0.0,0.0,0,0.0,0.0,0.0,0.0,0,0.0,0.0,0.0,0.0,0
5,monolithic_k8s_1svc,152,77.3875030004092,74.11029900003996,3.277204000369238,602112,1,74.11029900003996,0.2668669999366102,0.021859999833395705,0.0,602112,0.0,0.0,0.0,0.0,0,0.0,0.0,0.0,0.0,0,0.0,0.0,0.0,0.0,0,0.0,0.0,0.0,0.0,0
5,monolithic_k8s_1svc,153,82.1791650000705,78.81724300023052,3.3619219998399785,602112,1,78.81724300023052,0.2793690000544302,0.023885999780759448,0.0,602112,0.0,0.0,0.0,0.0,0,0.0,0.0,0.0,0.0,0,0.0,0.0,0.0,0.0,0,0.0,0.0,0.0,0.0,0
5,monolithic_k8s_1svc,154,78.81808000001911,75.68719600021723,3.130883999801881,602112,1,75.68719600021723,0.27077799995822716,0.023396999949909514,0.0,602112,0.0,0.0,0.0,0.0,0,0.0,0.0,0.0,0.0,0,0.0,0.0,0.0,0.0,0,0.0,0.0,0.0,0.0,0
5,monolithic_k8s_1svc,155,77.30306400026166,74.09954400009156,3.2035200001701014,602112,1,74.09954400009156,0.29103199995006435,0.030450999929598765,0.0,602112,0.0,0.0,0.0,0.0,0,0.0,0.0,0.0,0.0,0,0.0,0.0,0.0,0.0,0,0.0,0.0,0.0,0.0,0
5,monolithic_k8s_1svc,156,78.56993199993667,75.4562279998936,3.1137040000430716,602112,1,75.4562279998936,0.25429500010432093,0.022419000288209645,0.0,602112,0.0,0.0,0.0,0.0,0,0.0,0.0,0.0,0.0,0,0.0,0.0,0.0,0.0,0,0.0,0.0,0.0,0.0,0
5,monolithic_k8s_1svc,157,78.0731449999621,74.23943699996016,3.833708000001934,602112,1,74.23943699996016,0.278181999874505,0.022001000161253614,0.0,602112,0.0,0.0,0.0,0.0,0,0.0,0.0,0.0,0.0,0,0.0,0.0,0.0,0.0,0,0.0,0.0,0.0,0.0,0
5,monolithic_k8s_1svc,158,77.30432200014548,73.87779500004399,3.426527000101487,602112,1,73.87779500004399,0.2979469995807449,0.02402500012976816,0.0,602112,0.0,0.0,0.0,0.0,0,0.0,0.0,0.0,0.0,0,0.0,0.0,0.0,0.0,0,0.0,0.0,0.0,0.0,0
5,monolithic_k8s_1svc,159,76.87570000007327,73.28692999999475,3.5887700000785117,602112,1,73.28692999999475,0.26477199980945443,0.0238860002355068,0.0,602112,0.0,0.0,0.0,0.0,0,0.0,0.0,0.0,0.0,0,0.0,0.0,0.0,0.0,0,0.0,0.0,0.0,0.0,0
5,monolithic_k8s_1svc,160,76.82164199968611,73.72274499994091,3.098896999745193,602112,1,73.72274499994091,0.2716160001909884,0.02248999999210355,0.0,602112,0.0,0.0,0.0,0.0,0,0.0,0.0,0.0,0.0,0,0.0,0.0,0.0,0.0,0,0.0,0.0,0.0,0.0,0
5,monolithic_k8s_1svc,161,78.95657799963374,75.38806200000181,3.568515999631927,602112,1,75.38806200000181,0.30094999965513125,0.02248900000267895,0.0,602112,0.0,0.0,0.0,0.0,0,0.0,0.0,0.0,0.0,0,0.0,0.0,0.0,0.0,0,0.0,0.0,0.0,0.0,0
5,monolithic_k8s_1svc,162,77.7074510001512,74.05791800010775,3.649533000043448,602112,1,74.05791800010775,0.2738509997470828,0.02360600001338753,0.0,602112,0.0,0.0,0.0,0.0,0,0.0,0.0,0.0,0.0,0,0.0,0.0,0.0,0.0,0,0.0,0.0,0.0,0.0,0
5,monolithic_k8s_1svc,163,77.38184600020759,74.1089030002513,3.2729429999562853,602112,1,74.1089030002513,0.2829309996741358,0.02262799989694031,0.0,602112,0.0,0.0,0.0,0.0,0,0.0,0.0,0.0,0.0,0,0.0,0.0,0.0,0.0,0,0.0,0.0,0.0,0.0,0
5,monolithic_k8s_1svc,164,78.92521900021165,75.51887700037696,3.4063419998346944,602112,1,75.51887700037696,0.2887969999392226,0.024374999611609383,0.0,602112,0.0,0.0,0.0,0.0,0,0.0,0.0,0.0,0.0,0,0.0,0.0,0.0,0.0,0,0.0,0.0,0.0,0.0,0
5,monolithic_k8s_1svc,165,77.11155699962546,73.92423999999664,3.1873169996288198,602112,1,73.92423999999664,0.2769940001599025,0.022977999833528884,0.0,602112,0.0,0.0,0.0,0.0,0,0.0,0.0,0.0,0.0,0,0.0,0.0,0.0,0.0,0,0.0,0.0,0.0,0.0,0
5,monolithic_k8s_1svc,166,78.26562900027056,74.980812999911,3.2848160003595694,602112,1,74.980812999911,0.363458000265382,0.022837999949842924,0.0,602112,0.0,0.0,0.0,0.0,0,0.0,0.0,0.0,0.0,0,0.0,0.0,0.0,0.0,0,0.0,0.0,0.0,0.0,0
5,monolithic_k8s_1svc,167,78.03598899999997,74.53067999995255,3.5053090000474185,602112,1,74.53067999995255,0.2698700000109966,0.022278999949776335,0.0,602112,0.0,0.0,0.0,0.0,0,0.0,0.0,0.0,0.0,0,0.0,0.0,0.0,0.0,0,0.0,0.0,0.0,0.0,0
5,monolithic_k8s_1svc,168,77.66596500005107,74.53535900003772,3.1306060000133584,602112,1,74.53535900003772,0.28237199967406923,0.023396999949909514,0.0,602112,0.0,0.0,0.0,0.0,0,0.0,0.0,0.0,0.0,0,0.0,0.0,0.0,0.0,0,0.0,0.0,0.0,0.0,0
5,monolithic_k8s_1svc,169,79.96887100034655,76.36899600038305,3.599874999963504,602112,1,76.36899600038305,0.27615599992714124,0.02374599989707349,0.0,602112,0.0,0.0,0.0,0.0,0,0.0,0.0,0.0,0.0,0,0.0,0.0,0.0,0.0,0,0.0,0.0,0.0,0.0,0
5,monolithic_k8s_1svc,170,77.58976700006315,74.65828200020042,2.9314849998627324,602112,1,74.65828200020042,0.2999719999934314,0.02206999988629832,0.0,602112,0.0,0.0,0.0,0.0,0,0.0,0.0,0.0,0.0,0,0.0,0.0,0.0,0.0,0,0.0,0.0,0.0,0.0,0
5,monolithic_k8s_1svc,171,78.91383599962865,75.21045400017101,3.7033819994576334,602112,1,75.21045400017101,0.4421009998623049,0.02220999976998428,0.0,602112,0.0,0.0,0.0,0.0,0,0.0,0.0,0.0,0.0,0,0.0,0.0,0.0,0.0,0,0.0,0.0,0.0,0.0,0
5,monolithic_k8s_1svc,172,77.8946279997399,74.40831699977934,3.4863109999605513,602112,1,74.40831699977934,0.2665870001692383,0.022837999949842924,0.0,602112,0.0,0.0,0.0,0.0,0,0.0,0.0,0.0,0.0,0,0.0,0.0,0.0,0.0,0,0.0,0.0,0.0,0.0,0
5,monolithic_k8s_1svc,173,77.76961099989421,74.43618400020569,3.333426999688527,602112,1,74.43618400020569,0.27825100005429704,0.025352999728056602,0.0,602112,0.0,0.0,0.0,0.0,0,0.0,0.0,0.0,0.0,0,0.0,0.0,0.0,0.0,0,0.0,0.0,0.0,0.0,0
5,monolithic_k8s_1svc,174,80.43080700008431,77.5780339999983,2.8527730000860174,602112,1,77.5780339999983,0.2660290001585963,0.025283000013587298,0.0,602112,0.0,0.0,0.0,0.0,0,0.0,0.0,0.0,0.0,0,0.0,0.0,0.0,0.0,0,0.0,0.0,0.0,0.0,0
5,monolithic_k8s_1svc,175,80.15276599962817,77.12818100026197,3.0245849993661977,602112,1,77.12818100026197,0.3266519997850992,0.022837999949842924,0.0,602112,0.0,0.0,0.0,0.0,0,0.0,0.0,0.0,0.0,0,0.0,0.0,0.0,0.0,0,0.0,0.0,0.0,0.0,0
5,monolithic_k8s_1svc,176,78.77694500029975,75.44442500011428,3.3325200001854682,602112,1,75.44442500011428,0.3316809998068493,0.0238860002355068,0.0,602112,0.0,0.0,0.0,0.0,0,0.0,0.0,0.0,0.0,0,0.0,0.0,0.0,0.0,0,0.0,0.0,0.0,0.0,0
5,monolithic_k8s_1svc,177,78.55463700025211,75.40580300019428,3.148834000057832,602112,1,75.40580300019428,0.31156499971984886,0.02290800011905958,0.0,602112,0.0,0.0,0.0,0.0,0,0.0,0.0,0.0,0.0,0,0.0,0.0,0.0,0.0,0,0.0,0.0,0.0,0.0,0
5,monolithic_k8s_1svc,178,77.48891500023092,74.4512000001123,3.0377150001186237,602112,1,74.4512000001123,0.3316799998174247,0.02248900000267895,0.0,602112,0.0,0.0,0.0,0.0,0,0.0,0.0,0.0,0.0,0,0.0,0.0,0.0,0.0,0,0.0,0.0,0.0,0.0,0
5,monolithic_k8s_1svc,179,78.62426999963645,75.60387500006982,3.0203949995666335,602112,1,75.60387500006982,0.3241379999963101,0.024653999844304053,0.0,602112,0.0,0.0,0.0,0.0,0,0.0,0.0,0.0,0.0,0,0.0,0.0,0.0,0.0,0,0.0,0.0,0.0,0.0,0
5,monolithic_k8s_1svc,180,78.94296000040413,75.81933900019067,3.1236210002134612,602112,1,75.81933900019067,0.26232699974571005,0.024653999844304053,0.0,602112,0.0,0.0,0.0,0.0,0,0.0,0.0,0.0,0.0,0,0.0,0.0,0.0,0.0,0,0.0,0.0,0.0,0.0,0
5,monolithic_k8s_1svc,181,79.51203400034501,76.15940000005139,3.3526340002936195,602112,1,76.15940000005139,0.2823720001288166,0.026678999802243197,0.0,602112,0.0,0.0,0.0,0.0,0,0.0,0.0,0.0,0.0,0,0.0,0.0,0.0,0.0,0,0.0,0.0,0.0,0.0,0
5,monolithic_k8s_1svc,182,77.95993199988516,74.86676100006662,3.0931709998185397,602112,1,74.86676100006662,0.2951530000245839,0.023955999949976103,0.0,602112,0.0,0.0,0.0,0.0,0,0.0,0.0,0.0,0.0,0,0.0,0.0,0.0,0.0,0,0.0,0.0,0.0,0.0,0
5,monolithic_k8s_1svc,183,78.23741499987591,74.89448800015452,3.342926999721385,602112,1,74.89448800015452,0.2850259998012916,0.02137199999197037,0.0,602112,0.0,0.0,0.0,0.0,0,0.0,0.0,0.0,0.0,0,0.0,0.0,0.0,0.0,0,0.0,0.0,0.0,0.0,0
5,monolithic_k8s_1svc,184,78.44023600000583,74.89972600023975,3.5405099997660727,602112,1,74.89972600023975,0.29319799978111405,0.021581999590125633,0.0,602112,0.0,0.0,0.0,0.0,0,0.0,0.0,0.0,0.0,0,0.0,0.0,0.0,0.0,0,0.0,0.0,0.0,0.0,0
5,monolithic_k8s_1svc,185,77.0608530001482,73.62720299988723,3.4336500002609682,602112,1,73.62720299988723,0.2762250001069333,0.02234900011899299,0.0,602112,0.0,0.0,0.0,0.0,0,0.0,0.0,0.0,0.0,0,0.0,0.0,0.0,0.0,0,0.0,0.0,0.0,0.0,0
5,monolithic_k8s_1svc,186,82.62336400002823,79.23608800001603,3.387276000012207,602112,1,79.23608800001603,0.2932669999609061,0.02304700001332094,0.0,602112,0.0,0.0,0.0,0.0,0,0.0,0.0,0.0,0.0,0,0.0,0.0,0.0,0.0,0,0.0,0.0,0.0,0.0,0
5,monolithic_k8s_1svc,187,76.94135399970037,74.0378039999996,2.903549999700772,602112,1,74.0378039999996,0.2712669997890771,0.02290900010848418,0.0,602112,0.0,0.0,0.0,0.0,0,0.0,0.0,0.0,0.0,0,0.0,0.0,0.0,0.0,0,0.0,0.0,0.0,0.0,0
5,monolithic_k8s_1svc,188,76.81717400009802,73.5913729999993,3.225801000098727,602112,1,73.5913729999993,0.2675659998203628,0.02276900022479822,0.0,602112,0.0,0.0,0.0,0.0,0,0.0,0.0,0.0,0.0,0,0.0,0.0,0.0,0.0,0,0.0,0.0,0.0,0.0,0
5,monolithic_k8s_1svc,189,78.03109999986191,74.50686399988626,3.5242359999756445,602112,1,74.50686399988626,0.28775000009773066,0.022559000171895605,0.0,602112,0.0,0.0,0.0,0.0,0,0.0,0.0,0.0,0.0,0,0.0,0.0,0.0,0.0,0,0.0,0.0,0.0,0.0,0
5,monolithic_k8s_1svc,190,78.81989799989242,75.31759199991939,3.502305999973032,602112,1,75.31759199991939,0.29676000031031435,0.04854000007981085,0.0,602112,0.0,0.0,0.0,0.0,0,0.0,0.0,0.0,0.0,0,0.0,0.0,0.0,0.0,0,0.0,0.0,0.0,0.0,0
5,monolithic_k8s_1svc,191,77.28413899985753,73.9819309997074,3.302208000150131,602112,1,73.9819309997074,0.28865700005553663,0.02290800011905958,0.0,602112,0.0,0.0,0.0,0.0,0,0.0,0.0,0.0,0.0,0,0.0,0.0,0.0,0.0,0,0.0,0.0,0.0,0.0,0
5,monolithic_k8s_1svc,192,77.52474499966411,74.086694000016,3.4380509996481123,602112,1,74.086694000016,0.27350199979991885,0.02374600035182084,0.0,602112,0.0,0.0,0.0,0.0,0,0.0,0.0,0.0,0.0,0,0.0,0.0,0.0,0.0,0,0.0,0.0,0.0,0.0,0
5,monolithic_k8s_1svc,193,78.92536000008477,75.63809800012677,3.287261999957991,602112,1,75.63809800012677,0.2682640001694381,0.02332699978069286,0.0,602112,0.0,0.0,0.0,0.0,0,0.0,0.0,0.0,0.0,0,0.0,0.0,0.0,0.0,0,0.0,0.0,0.0,0.0,0
5,monolithic_k8s_1svc,194,78.02292999986093,74.85677399972701,3.166156000133924,602112,1,74.85677399972701,0.266099000327813,0.02248900000267895,0.0,602112,0.0,0.0,0.0,0.0,0,0.0,0.0,0.0,0.0,0,0.0,0.0,0.0,0.0,0,0.0,0.0,0.0,0.0,0
5,monolithic_k8s_1svc,195,79.18126200002007,75.68258799983596,3.49867400018411,602112,1,75.68258799983596,0.3144990000691905,0.023746999886498088,0.0,602112,0.0,0.0,0.0,0.0,0,0.0,0.0,0.0,0.0,0,0.0,0.0,0.0,0.0,0,0.0,0.0,0.0,0.0,0
5,monolithic_k8s_1svc,196,79.48870700010957,75.72547100016891,3.7632359999406617,602112,1,75.72547100016891,0.2712669997890771,0.02304800000274554,0.0,602112,0.0,0.0,0.0,0.0,0,0.0,0.0,0.0,0.0,0,0.0,0.0,0.0,0.0,0,0.0,0.0,0.0,0.0,0
5,monolithic_k8s_1svc,197,77.65395300020828,74.16177499999321,3.4921780002150626,602112,1,74.16177499999321,0.2653999999893131,0.022977999833528884,0.0,602112,0.0,0.0,0.0,0.0,0,0.0,0.0,0.0,0.0,0,0.0,0.0,0.0,0.0,0,0.0,0.0,0.0,0.0,0
5,monolithic_k8s_1svc,198,78.7372059999143,75.23608699966644,3.5011190002478543,602112,1,75.23608699966644,0.26763500000015483,0.02290800011905958,0.0,602112,0.0,0.0,0.0,0.0,0,0.0,0.0,0.0,0.0,0,0.0,0.0,0.0,0.0,0,0.0,0.0,0.0,0.0,0
5,monolithic_k8s_1svc,199,77.93059799996627,74.35034900026949,3.580248999696778,602112,1,74.35034900026949,0.3004609998242813,0.024304999897140078,0.0,602112,0.0,0.0,0.0,0.0,0,0.0,0.0,0.0,0.0,0,0.0,0.0,0.0,0.0,0,0.0,0.0,0.0,0.0,0
5,monolithic_k8s_1svc,200,80.03284799997346,76.55107499977021,3.4817730002032476,602112,1,76.55107499977021,0.26798500039149076,0.022419999822886894,0.0,602112,0.0,0.0,0.0,0.0,0,0.0,0.0,0.0,0.0,0,0.0,0.0,0.0,0.0,0,0.0,0.0,0.0,0.0,0
