round,condition,iteration,end_to_end_ms,total_compute_ms,non_compute_overhead_ms,total_activation_bytes,num_hops,hop_1_compute_ms,hop_1_deserialize_ms,hop_1_serialize_ms,hop_1_forward_ms,hop_1_activation_bytes,hop_2_compute_ms,hop_2_deserialize_ms,hop_2_serialize_ms,hop_2_forward_ms,hop_2_activation_bytes,hop_3_compute_ms,hop_3_deserialize_ms,hop_3_serialize_ms,hop_3_forward_ms,hop_3_activation_bytes,hop_4_compute_ms,hop_4_deserialize_ms,hop_4_serialize_ms,hop_4_forward_ms,hop_4_activation_bytes,hop_5_compute_ms,hop_5_deserialize_ms,hop_5_serialize_ms,hop_5_forward_ms,hop_5_activation_bytes
1,chain_3svc,1,64.34673199998997,56.037863000028665,8.308868999961305,1605632,2,21.60877899996194,0.2666020000106073,0.10340100004668784,39.69342899995354,602112,18.547852999972747,0.3733040000497567,0.06370000005517795,17.990949000022738,802816,15.881231000093976,0.15040199991744885,0.050099999953090446,0.0,200704,0.0,0.0,0.0,0.0,0,0.0,0.0,0.0,0.0,0
1,chain_3svc,2,62.62561799997002,54.86615399991024,7.759464000059779,1605632,2,21.292675999916355,0.2597019999939221,0.08100100001229293,38.51581799995074,602112,17.177641999978732,0.3613029999769424,0.060300999962237256,18.342051999979958,802816,16.39583600001515,0.13310099996033387,0.027300000056129647,0.0,200704,0.0,0.0,0.0,0.0,0,0.0,0.0,0.0,0.0,0
1,chain_3svc,3,61.56320900004175,53.91214500002661,7.65106400001514,1605632,2,20.63377000001765,0.26420299991514185,0.07180099999004597,37.95121400003154,602112,17.150042000025678,0.33590299995012174,0.04200000000764703,18.099349000067377,802816,16.128332999983286,0.12890100003914995,0.03270100000918319,0.0,200704,0.0,0.0,0.0,0.0,0,0.0,0.0,0.0,0.0,0
1,chain_3svc,4,61.19920599996931,53.31674099988959,7.882465000079719,1605632,2,21.463978000042516,0.27320199990299443,0.0721999999768741,36.67860300004122,602112,16.492335999942043,0.3444029999855047,0.03670099999908416,17.309242999999697,802816,15.36042699990503,0.1279010000416747,0.026800000000548607,0.0,200704,0.0,0.0,0.0,0.0,0,0.0,0.0,0.0,0.0,0
1,chain_3svc,5,62.49451600001521,54.634352000107356,7.860163999907854,1605632,2,21.235974999967766,0.2730029999611361,0.08030100002542895,38.31781700000647,602112,17.760347000034926,0.35760299999765266,0.06039999993845413,17.568344999972396,802816,15.638030000104663,0.1276009999173766,0.029399999903034768,0.0,200704,0.0,0.0,0.0,0.0,0,0.0,0.0,0.0,0.0,0
1,chain_3svc,6,64.35243199996421,55.64416099991831,8.708271000045897,1605632,2,22.25158399994598,0.27270200007478707,0.15900200003216014,38.53731899994273,602112,17.914849000021604,0.3486020000309509,0.06459999997332488,17.521644999987984,802816,15.47772799995073,0.13400100010585447,0.04720100002941763,0.0,200704,0.0,0.0,0.0,0.0,0,0.0,0.0,0.0,0.0,0
1,chain_3svc,7,64.44713300004423,56.23726599992551,8.20986700011872,1605632,2,21.829980999996224,0.279502000012144,0.09959999999864522,39.432025999985854,602112,18.01604899992526,0.35410300006333273,0.04239999998389976,18.477953000001435,802816,16.391236000004028,0.12950100006037246,0.030700000024808105,0.0,200704,0.0,0.0,0.0,0.0,0,0.0,0.0,0.0,0.0,0
1,chain_3svc,8,64.47683299995788,56.615770000007615,7.8610629999502635,1605632,2,22.39308599996548,0.2652020000368793,0.07510000000365835,38.98702300000423,602112,17.34194400000888,0.3457029999935912,0.06150000001525768,18.801555999971242,802816,16.880740000033256,0.13360099990222807,0.028000000042993634,0.0,200704,0.0,0.0,0.0,0.0,0,0.0,0.0,0.0,0.0,0
1,chain_3svc,9,69.11327100010567,61.18650699988848,7.92676400021719,1605632,2,22.003081999969254,0.26620200003435457,0.08010099998045916,44.11976500000492,602112,21.46807799999806,0.35000200000467885,0.037700000007134804,19.701662999977998,802816,17.715346999921167,0.1299010000366252,0.03050000009352516,0.0,200704,0.0,0.0,0.0,0.0,0,0.0,0.0,0.0,0.0,0
1,chain_3svc,10,64.10343000004559,55.96016300000883,8.143267000036758,1605632,2,22.270485000035478,0.27330199998232274,0.07760000005418988,38.63921999993636,602112,17.72534600002018,0.35310299995217065,0.06350099999963277,17.876947999980075,802816,15.964331999953174,0.13860199999271572,0.03000000003794412,0.0,200704,0.0,0.0,0.0,0.0,0,0.0,0.0,0.0,0.0,0
1,chain_3svc,11,62.652318000004925,54.771152000057555,7.88116599994737,1605632,2,21.04237399998965,0.26370199998382304,0.07520099995872442,38.645020000103614,602112,17.874447000053806,0.3412029999481092,0.06230099995718774,17.89764800003013,802816,15.8543310000141,0.14620100000684033,0.029400000016721606,0.0,200704,0.0,0.0,0.0,0.0,0,0.0,0.0,0.0,0.0,0
1,chain_3svc,12,62.24741500000164,54.29314899993187,7.954266000069765,1605632,2,21.67227899997215,0.32060299997738184,0.09710100005122513,37.5206100000014,602112,17.435745000057068,0.3631029999269231,0.03760000004149333,17.149742000015067,802816,15.185124999902655,0.1266010000335882,0.027700000032382377,0.0,200704,0.0,0.0,0.0,0.0,0,0.0,0.0,0.0,0.0,0
1,chain_3svc,13,61.145405000047504,53.13513900000544,8.010266000042066,1605632,2,20.95997300000363,0.26490200002626807,0.09620100001939136,37.20660700003009,602112,16.84103899992806,0.344702999996116,0.06250100000215753,17.46034400002827,802816,15.33412700007375,0.1304009999785194,0.030100000003585592,0.0,200704,0.0,0.0,0.0,0.0,0,0.0,0.0,0.0,0.0,0
1,chain_3svc,14,63.095820999933494,54.81005299998287,8.285767999950622,1605632,2,21.495877999996083,0.3087029999733204,0.12960100002601393,38.381817999948,602112,17.036541000038596,0.36990299997796683,0.04230000001825829,18.293952000021818,802816,16.277633999948193,0.1310009999997419,0.029901000061727245,0.0,200704,0.0,0.0,0.0,0.0,0,0.0,0.0,0.0,0.0,0
1,chain_3svc,15,61.55080899998211,53.624343000024055,7.9264659999580545,1605632,2,20.811471999991227,0.25870199999644683,0.07740099999864469,37.6571110000441,602112,17.15804200000548,0.34660299991173815,0.07980100008353475,17.549045000009755,802816,15.654829000027348,0.12620100005733548,0.029199999971751822,0.0,200704,0.0,0.0,0.0,0.0,0,0.0,0.0,0.0,0.0,0
1,chain_3svc,16,61.15010299993173,53.15793699992355,7.992166000008183,1605632,2,21.081272999936118,0.2642030000288287,0.10390099998858204,36.980304000053366,602112,16.69573699996363,0.3453030000173385,0.05930099996476201,17.281342000046607,802816,15.380927000023803,0.13110099996538338,0.027700000032382377,0.0,200704,0.0,0.0,0.0,0.0,0,0.0,0.0,0.0,0.0,0
1,chain_3svc,17,62.40801400008422,53.12103799997203,9.28697600011219,1605632,2,20.664269999997487,0.263201999928242,0.070401000016318,37.25430600002255,602112,16.502835999972376,0.34550299994862144,0.06260000009206124,17.849646000058783,802816,15.953932000002169,0.13040100009220623,0.028299999939918052,0.0,200704,0.0,0.0,0.0,0.0,0,0.0,0.0,0.0,0.0,0
1,chain_3svc,18,62.53531400000156,54.39784700013206,8.137466999869503,1605632,2,21.10147300004428,0.2685030000293409,0.07680099997742218,38.32311499991192,602112,17.595445000097243,0.3565029999208491,0.0625999999783744,17.7563460000556,802816,15.700928999990538,0.13330100000530365,0.03000100002736872,0.0,200704,0.0,0.0,0.0,0.0,0,0.0,0.0,0.0,0.0,0
1,chain_3svc,19,63.03871900001923,54.88955199996326,8.149167000055968,1605632,2,21.575777999942147,0.2627019999863478,0.07749999997486157,38.37111600000753,602112,16.902738999988287,0.3375029999688195,0.03570000001218432,18.588252999961696,802816,16.411035000032825,0.13030100001287792,0.030800999979874177,0.0,200704,0.0,0.0,0.0,0.0,0,0.0,0.0,0.0,0.0,0
1,chain_3svc,20,61.12920300006408,53.599441000073966,7.529761999990114,1605632,2,21.09507299996949,0.2524020000009841,0.07330100004310225,37.319507000006524,602112,16.63863700002821,0.34870299998601695,0.062000999946576485,17.735745999971186,802816,15.865731000076266,0.12980099995729688,0.03039999990051001,0.0,200704,0.0,0.0,0.0,0.0,0,0.0,0.0,0.0,0.0,0
1,chain_3svc,21,60.640599000066686,52.89943499997207,7.741164000094614,1605632,2,20.657769999957054,0.2545020000752629,0.10530099996231002,37.1579060000613,602112,16.806137999992643,0.36160299998755363,0.06280100001276878,17.428844000050958,802816,15.435527000022375,0.12740099998609367,0.02729999994244281,0.0,200704,0.0,0.0,0.0,0.0,0,0.0,0.0,0.0,0.0,0
1,chain_3svc,22,60.80249999990883,53.06703600001583,7.735463999893,1605632,2,20.31356700001652,0.25330199991913105,0.10050100001990359,37.54650899998069,602112,17.242241999952057,0.3369030000612838,0.036900000054629345,17.27984199999355,802816,15.511227000047256,0.12700100000984094,0.032000999908632366,0.0,200704,0.0,0.0,0.0,0.0,0,0.0,0.0,0.0,0.0,0
1,chain_3svc,23,62.17071200001101,54.30864599986762,7.862066000143386,1605632,2,21.301874999949177,0.2527020000115954,0.11710100000072998,38.09041399995294,602112,17.496743999913633,0.337403000003178,0.07290100006684952,17.541944000072363,802816,15.510027000004811,0.1271009999754824,0.028800999984923692,0.0,200704,0.0,0.0,0.0,0.0,0,0.0,0.0,0.0,0.0,0
1,chain_3svc,24,62.011009999991984,54.019243999960054,7.99176600003193,1605632,2,20.63616999998885,0.24890199995297735,0.09190000002945453,38.42801599989798,602112,16.389235000019653,0.340003000019351,0.0604999999040956,18.940655999927003,802816,16.99383899995155,0.13320200002908678,0.03050100008294976,0.0,200704,0.0,0.0,0.0,0.0,0,0.0,0.0,0.0,0.0,0
1,chain_3svc,25,62.684116000014,54.65944899992792,8.024667000086083,1605632,2,21.46937700001672,0.2540020000196819,0.08839999998144776,38.23171499993805,602112,17.405642999960946,0.3431029999774182,0.036500000078376615,17.900346999908834,802816,15.78442899995025,0.12900100000479142,0.027301000045554247,0.0,200704,0.0,0.0,0.0,0.0,0,0.0,0.0,0.0,0.0,0
1,chain_3svc,26,60.91940099997828,53.13853799998469,7.780862999993587,1605632,2,20.505968999941615,0.2506020000510034,0.07190000007994968,37.48190800001794,602112,17.420944000036798,0.3484019999859811,0.0573999999460284,17.159741000000395,802816,15.21162500000628,0.1304009999785194,0.02960100005111599,0.0,200704,0.0,0.0,0.0,0.0,0,0.0,0.0,0.0,0.0,0
1,chain_3svc,27,61.243803000024855,53.48733900007119,7.756463999953667,1605632,2,21.471276000056605,0.26350199993885326,0.0990009999668473,37.003103999950326,602112,16.73703699998441,0.35060300001532596,0.058900999988509284,17.22754200000054,802816,15.279026000030171,0.14430099997753132,0.026599999955578824,0.0,200704,0.0,0.0,0.0,0.0,0,0.0,0.0,0.0,0.0,0
1,chain_3svc,28,60.68019899998944,52.67313299998477,8.00706600000467,1605632,2,21.212174999959643,0.26820200002930505,0.11980100009623129,36.49329999996098,602112,16.102231999980177,0.351803000057771,0.05970099994101474,17.371343000036177,802816,15.358726000044953,0.13830099999267986,0.02870100001928222,0.0,200704,0.0,0.0,0.0,0.0,0,0.0,0.0,0.0,0.0,0
1,chain_3svc,29,60.33379699999841,52.57623299996794,7.75756400003047,1605632,2,20.697869999935392,0.26630199999999604,0.07300100003249099,36.69410199995582,602112,16.736838000042553,0.34610299996984395,0.03399999991415825,16.9630389999611,802816,15.141524999989997,0.13810100006139692,0.02769999991869554,0.0,200704,0.0,0.0,0.0,0.0,0,0.0,0.0,0.0,0.0,0
1,chain_3svc,30,60.473897000065335,52.737833999913164,7.736063000152171,1605632,2,21.383875999958946,0.26610199995502626,0.07650000009107316,36.22659799998473,602112,16.379834999952436,0.3429020000567107,0.03779999997277628,16.91123900002367,802816,14.974123000001782,0.1325010000527982,0.026800000000548607,0.0,200704,0.0,0.0,0.0,0.0,0,0.0,0.0,0.0,0.0,0
1,chain_3svc,31,63.60732399991775,55.800358000055894,7.806965999861859,1605632,2,21.913180000069588,0.2641019999600758,0.07410099999560771,38.82032000001345,602112,17.10974000002352,0.3733030000603321,0.040400999978373875,18.848355000045558,802816,16.777437999962785,0.14020100002198888,0.029400000016721606,0.0,200704,0.0,0.0,0.0,0.0,0,0.0,0.0,0.0,0.0,0
1,chain_3svc,32,61.58020600003056,54.01514400000451,7.565062000026046,1605632,2,21.75927899997987,0.2671019999525015,0.07570000002488086,36.94240400000126,602112,17.253642000014224,0.3619029999981649,0.05910000004405447,16.863037999996777,802816,15.002223000010417,0.1362010000320879,0.026599999955578824,0.0,200704,0.0,0.0,0.0,0.0,0,0.0,0.0,0.0,0.0,0
1,chain_3svc,33,63.32712099992932,55.644058000098084,7.683062999831236,1605632,2,21.419175999994877,0.2679020000186938,0.10840100003406405,39.18382200004089,602112,18.764955000051486,0.3504019999809316,0.06099999995967664,17.389843000046312,802816,15.45992700005172,0.13570099997650686,0.028300999929342652,0.0,200704,0.0,0.0,0.0,0.0,0,0.0,0.0,0.0,0.0,0
1,chain_3svc,34,63.81742500002474,55.85205999977916,7.965365000245583,1605632,2,22.047581999913746,0.27270200007478707,0.08660100002089166,38.886019999949895,602112,18.07064799993441,0.35460300000522693,0.04340100008448644,17.76394600005915,802816,15.733829999931004,0.14090100000885286,0.03760000004149333,0.0,200704,0.0,0.0,0.0,0.0,0,0.0,0.0,0.0,0.0,0
1,chain_3svc,35,65.94274200006112,57.927075999941735,8.015666000119381,1605632,2,23.679894999986573,0.2836019999676864,0.1274010000997805,39.1457220000575,602112,18.1068489999916,0.35380299993903463,0.06410100002085528,18.082948999904147,802816,16.140331999963564,0.1302009999335496,0.02880100009861053,0.0,200704,0.0,0.0,0.0,0.0,0,0.0,0.0,0.0,0.0,0
1,chain_3svc,36,67.79725800004144,59.790591999899334,8.006666000142104,1605632,2,21.48417699993388,0.2704020000692253,0.09610100005374989,43.58145899993815,602112,23.28589199998987,0.36020300001382566,0.05959999998594867,17.098640000085652,802816,15.020522999975583,0.16440199999578908,0.026700000034907134,0.0,200704,0.0,0.0,0.0,0.0,0,0.0,0.0,0.0,0.0,0
1,chain_3svc,37,62.332213000104275,54.482948000099896,7.8492650000043795,1605632,2,20.775571000058335,0.2615019999439028,0.12040100000376697,38.66221800001313,602112,17.009540000003653,0.34750300005725876,0.06410100002085528,18.653653000001214,802816,16.697837000037907,0.13000100000226666,0.03130000004603062,0.0,200704,0.0,0.0,0.0,0.0,0,0.0,0.0,0.0,0.0,0
1,chain_3svc,38,63.2487199999332,54.925351999941086,8.323367999992115,1605632,2,21.164573999953973,0.26040199998078606,0.07870100000673119,39.27462299998297,602112,18.179348999979084,0.3460030000042025,0.06460100007643632,17.566245000011804,802816,15.581429000008029,0.13030100001287792,0.03879999997025152,0.0,200704,0.0,0.0,0.0,0.0,0,0.0,0.0,0.0,0.0,0
1,chain_3svc,39,62.60551499997291,55.13565299997936,7.4698619999935545,1605632,2,22.744987000010042,0.2575029999434264,0.08260000004156609,37.02050500010046,602112,17.279941999959192,0.3442030000542218,0.04380000007131457,16.899338999905922,802816,15.110724000010123,0.13600099998711812,0.029799999992974335,0.0,200704,0.0,0.0,0.0,0.0,0,0.0,0.0,0.0,0.0,0
1,chain_3svc,40,62.461713000061536,54.46194799992554,7.999765000135994,1605632,2,21.401675999982217,0.3014030000940693,0.0931999999238542,38.143114000035894,602112,17.13144099994679,0.3695030000017141,0.03700000002027082,17.983546999971622,802816,15.928830999996535,0.13130100001035316,0.03049999997983832,0.0,200704,0.0,0.0,0.0,0.0,0,0.0,0.0,0.0,0.0,0
1,chain_3svc,41,61.98320999999396,54.29574599997977,7.687464000014188,1605632,2,20.614468999951896,0.2659020000237433,0.09860099999059457,38.560017000008884,602112,16.87663900008829,0.33720199996878364,0.062000999946576485,18.780453999966085,802816,16.804637999939587,0.1465010000174516,0.03090000006977789,0.0,200704,0.0,0.0,0.0,0.0,0,0.0,0.0,0.0,0.0,0
1,chain_3svc,42,60.908600999937335,53.14293700007511,7.765663999862227,1605632,2,20.535169000027054,0.26970200008236134,0.09560099999816885,37.567308999996385,602112,17.347242000028018,0.38120299996080576,0.06050100000720704,17.173241000023154,802816,15.260526000020036,0.12540099999114318,0.02819999997427658,0.0,200704,0.0,0.0,0.0,0.0,0,0.0,0.0,0.0,0.0,0
1,chain_3svc,43,60.60039900000902,52.85143399999015,7.74896500001887,1605632,2,20.7775709999396,0.25730200002271886,0.0788010000860595,37.08330599999954,602112,16.635936000056972,0.34280299996680696,0.058400999932928244,17.322342999932516,802816,15.437926999993579,0.13310099996033387,0.027600000066740904,0.0,200704,0.0,0.0,0.0,0.0,0,0.0,0.0,0.0,0.0,0
1,chain_3svc,44,59.63558999997076,51.979727999992065,7.655861999978697,1605632,2,20.56696900001498,0.25530200002776837,0.09190100001887913,36.33549900007438,602112,16.327735000004395,0.3393019999293756,0.0634000000445667,17.00223900002129,802816,15.085023999972691,0.1466010000967799,0.02729999994244281,0.0,200704,0.0,0.0,0.0,0.0,0,0.0,0.0,0.0,0.0,0
1,chain_3svc,45,61.45390500000758,53.688740999859874,7.765164000147706,1605632,2,20.768770999893604,0.2564020001045719,0.09660099999564409,37.864312000010614,602112,16.931538999983786,0.3429030000461353,0.06050100000720704,17.915147000053366,802816,15.988430999982484,0.13080099995477212,0.03050100008294976,0.0,200704,0.0,0.0,0.0,0.0,0,0.0,0.0,0.0,0.0,0
1,chain_3svc,46,62.87821800003712,54.64794900012748,8.23026899990964,1605632,2,21.03977300009774,0.26100200000200857,0.08190099993043987,38.85371900003065,602112,17.603144999952747,0.3438029999642822,0.06180000002586894,18.174148999946738,802816,16.005031000076997,0.12990199991236295,0.030199999969227065,0.0,200704,0.0,0.0,0.0,0.0,0,0.0,0.0,0.0,0.0,0
1,chain_3svc,47,64.39003000002685,55.943960999911724,8.44606900011513,1605632,2,21.77777999997943,0.2997020000066186,0.0830999999834603,39.511924999942494,602112,17.79074599994601,0.35240299996530666,0.07840099999611994,18.473552000045856,802816,16.375434999986282,0.1496009999755188,0.030199999969227065,0.0,200704,0.0,0.0,0.0,0.0,0,0.0,0.0,0.0,0.0,0
1,chain_3svc,48,63.24341999993521,55.00305300006403,8.240366999871185,1605632,2,21.511176999979398,0.2668020000555771,0.13220100004218693,38.62201799995546,602112,17.441643999973167,0.3568030000451472,0.06419999999707215,18.237450000015087,802816,16.050232000111464,0.13060099990980234,0.047900999902594776,0.0,200704,0.0,0.0,0.0,0.0,0,0.0,0.0,0.0,0.0,0
1,chain_3svc,49,61.48800599999049,53.45753999995395,8.03046600003654,1605632,2,20.96267199999602,0.28280300000460556,0.07940099999359518,37.4932089999902,602112,17.07494099991891,0.34780300006787,0.058500000022831955,17.434042999980193,802816,15.419927000039024,0.1393009999901551,0.028001000032418233,0.0,200704,0.0,0.0,0.0,0.0,0,0.0,0.0,0.0,0.0,0
1,chain_3svc,50,61.35180500007209,53.6365420000493,7.715263000022787,1605632,2,21.19437500005006,0.26740199996311276,0.0861999999415275,37.363108000022294,602112,17.067639999936546,0.36980300001232536,0.033300000040981104,17.292342000018834,802816,15.374527000062699,0.16570099990076415,0.02689999996619008,0.0,200704,0.0,0.0,0.0,0.0,0,0.0,0.0,0.0,0.0,0
1,chain_3svc,51,60.917101000086404,53.16493700001956,7.752164000066841,1605632,2,21.45247599992217,0.2660019999893848,0.1120010000477123,36.57610100003694,602112,16.78473800006941,0.3491029999622697,0.05959999998594867,16.774837999946612,802816,14.927723000027981,0.13520100003461266,0.027100000011159864,0.0,200704,0.0,0.0,0.0,0.0,0,0.0,0.0,0.0,0.0,0
1,chain_3svc,52,60.31299599999329,52.69173299996055,7.621263000032741,1605632,2,20.94137199992474,0.2707020000798366,0.09210100006384891,36.42259900004774,602112,16.528035999954227,0.3713029999516948,0.059000000078412995,17.01653999998598,802816,15.222325000081582,0.1343019999922035,0.02819999997427658,0.0,200704,0.0,0.0,0.0,0.0,0,0.0,0.0,0.0,0.0,0
1,chain_3svc,53,61.82410899998558,53.934044000016,7.8900649999695815,1605632,2,21.689279000042916,0.2633020000075703,0.08539999998902204,37.092704999963644,602112,17.112740000015947,0.344702999996116,0.058501000012256554,17.050440000048184,802816,15.132024999957139,0.16150099997958023,0.028600000064216147,0.0,200704,0.0,0.0,0.0,0.0,0,0.0,0.0,0.0,0.0,0
1,chain_3svc,54,61.06120199990528,53.12353800002256,7.937663999882716,1605632,2,21.080674000018007,0.26230200001009507,0.07330000005367765,36.96910400003617,602112,16.93913999997676,0.3465019999566721,0.0595000000203072,17.110940000065966,802816,15.103724000027796,0.13790100001642713,0.029799999992974335,0.0,200704,0.0,0.0,0.0,0.0,0,0.0,0.0,0.0,0.0,0
1,chain_3svc,55,62.96721800003979,54.93115100000523,8.036067000034564,1605632,2,21.88427999999476,0.2694020000717501,0.1642019999508193,37.991313000020455,602112,17.66594499997609,0.3517030000921295,0.07130099993446493,17.483044000073278,802816,15.380926000034378,0.13580099994214834,0.03050099996926292,0.0,200704,0.0,0.0,0.0,0.0,0,0.0,0.0,0.0,0.0,0
1,chain_3svc,56,64.22472799999923,55.8005589999766,8.42416900002263,1605632,2,22.470884999961527,0.39800299998660194,0.08470099999158265,38.52261700001236,602112,16.758738000021367,0.3465019999566721,0.0613009999597125,18.54065299994545,802816,16.570935999993708,0.14180100004068663,0.03209999999853608,0.0,200704,0.0,0.0,0.0,0.0,0,0.0,0.0,0.0,0.0,0
1,chain_3svc,57,63.21762000004583,55.084654000097544,8.132965999948283,1605632,2,21.792480000044634,0.2503019999267053,0.08119999995415128,38.3662159999858,602112,17.297942000027433,0.343303000022388,0.06330099995466298,18.004747999952997,802816,15.994232000025477,0.13550100004522392,0.031100000001060835,0.0,200704,0.0,0.0,0.0,0.0,0,0.0,0.0,0.0,0.0,0
1,chain_3svc,58,62.61891500003003,54.63405099999363,7.984864000036396,1605632,2,21.18897500008643,0.2595019999489523,0.08859999991273071,38.47191700003805,602112,17.99884899992321,0.34300200002235215,0.05670000007285125,17.429443999958494,802816,15.446226999983992,0.14010099994266056,0.028601000053640746,0.0,200704,0.0,0.0,0.0,0.0,0,0.0,0.0,0.0,0.0,0
1,chain_3svc,59,60.92220100003942,52.94783599993025,7.974365000109174,1605632,2,20.50146900000982,0.25910199997269956,0.08149999996476254,37.45350799999869,602112,17.404742999929113,0.35000299999410345,0.060801000017818296,17.081539999935558,802816,15.041623999991316,0.16450099997200596,0.02700000004551839,0.0,200704,0.0,0.0,0.0,0.0,0,0.0,0.0,0.0,0.0,0
1,chain_3svc,60,61.495306000097116,53.576640000073894,7.918666000023222,1605632,2,21.081073000004835,0.2674030000662242,0.154600999962895,37.36330699996415,602112,16.87073900006908,0.3464029999804552,0.0573999999460284,17.499944000064716,802816,15.62482799999998,0.13220100004218693,0.040299999909620965,0.0,200704,0.0,0.0,0.0,0.0,0,0.0,0.0,0.0,0.0,0
1,chain_3svc,61,61.028001999943626,53.08703700006845,7.9409649998751775,1605632,2,20.426368000016737,0.2760019999641372,0.07340100000874372,37.476408999964406,602112,17.10334100005184,0.34240299999055424,0.03389999994851678,17.46134399991206,802816,15.55732799999987,0.1304009999785194,0.02689999996619008,0.0,200704,0.0,0.0,0.0,0.0,0,0.0,0.0,0.0,0.0,0
1,chain_3svc,62,62.78421600006823,55.00205199996344,7.782164000104785,1605632,2,22.3375829999668,0.28430300005766185,0.09520100002191612,37.62040900005559,602112,17.013539999993554,0.3422030000592713,0.06230099995718774,17.561743999976898,802816,15.650929000003089,0.15290099997855577,0.027100000011159864,0.0,200704,0.0,0.0,0.0,0.0,0,0.0,0.0,0.0,0.0,0
1,chain_3svc,63,63.710924000019986,56.14576099992519,7.565163000094799,1605632,2,21.981580999977268,0.26180200006820087,0.1239009999380869,38.8285190000488,602112,18.17284899993865,0.33930300003248703,0.06070100005217682,17.745146000038403,802816,15.991331000009268,0.13700199997401796,0.02819999997427658,0.0,200704,0.0,0.0,0.0,0.0,0,0.0,0.0,0.0,0.0,0
1,chain_3svc,64,69.3461710000065,61.23490400011633,8.111266999890177,1605632,2,21.670778000043356,0.2641019999600758,0.07940099999359518,44.67216799992002,602112,23.946896999973433,0.3693029999567443,0.0793010000279537,17.732045999991897,802816,15.617229000099542,0.13950099992143805,0.02999999992425728,0.0,200704,0.0,0.0,0.0,0.0,0,0.0,0.0,0.0,0.0,0
1,chain_3svc,65,63.28072099995552,55.371855000089454,7.908865999866066,1605632,2,22.13228200002959,0.2705030000242914,0.08149999996476254,38.32461600006809,602112,17.136841000024106,0.37690300007398037,0.043899999923269206,18.260650000001988,802816,16.102732000035758,0.14020099990830204,0.028899999961140566,0.0,200704,0.0,0.0,0.0,0.0,0,0.0,0.0,0.0,0.0,0
1,chain_3svc,66,62.44191399991905,54.408249000061915,8.033664999857137,1605632,2,20.83347200004937,0.26540199996816227,0.09939999995367543,38.686817999973755,602112,17.783047000079932,0.36770299993804656,0.05829999997786217,17.98764799991659,802816,15.791729999932613,0.14590099999622907,0.029000000040468876,0.0,200704,0.0,0.0,0.0,0.0,0,0.0,0.0,0.0,0.0,0
1,chain_3svc,67,62.97591800000646,55.0944530000379,7.881464999968557,1605632,2,21.91287999994529,0.2673030001005827,0.10840100003406405,38.05191300000388,602112,17.142141000022093,0.3489029999172999,0.06020099999659578,17.96114800004034,802816,16.03943200007052,0.13750099992648757,0.02899999992678204,0.0,200704,0.0,0.0,0.0,0.0,0,0.0,0.0,0.0,0.0,0
1,chain_3svc,68,61.35860500000945,53.63934199999676,7.719263000012688,1605632,2,21.3541760000453,0.263901999915106,0.09520100002191612,37.10340500003895,602112,16.844838999986678,0.3325029999814433,0.058399999943503644,17.361342999947738,802816,15.440326999964782,0.13400099999216764,0.028900000074827403,0.0,200704,0.0,0.0,0.0,0.0,0,0.0,0.0,0.0,0.0,0
1,chain_3svc,69,63.45502200008468,55.556256999807374,7.898765000277308,1605632,2,21.34197599991694,0.271001999976761,0.07390000007490016,39.21152299994901,602112,17.92284699990887,0.34120300006179605,0.06450099999710801,18.23594999996203,802816,16.291433999981564,0.1406009999982416,0.028499999984887836,0.0,200704,0.0,0.0,0.0,0.0,0,0.0,0.0,0.0,0.0,0
1,chain_3svc,70,64.2542279999816,56.437365999954636,7.816862000026958,1605632,2,23.180490999948233,0.2891020000106437,0.072301000045627,38.28211500001544,602112,17.315143000018907,0.3701030000229366,0.06409999991774384,18.005648000098518,802816,15.941731999987496,0.1325010000527982,0.029400000016721606,0.0,200704,0.0,0.0,0.0,0.0,0,0.0,0.0,0.0,0.0,0
1,chain_3svc,71,61.377004999940254,53.50294100003339,7.874063999906866,1605632,2,21.47927700002583,0.2741019999348282,0.07709999999860884,36.93640400001641,602112,16.731337999999596,0.3540029999840044,0.06040000005214097,17.31804199994258,802816,15.29232600000796,0.1286010000285387,0.028400000019246363,0.0,200704,0.0,0.0,0.0,0.0,0,0.0,0.0,0.0,0.0,0
1,chain_3svc,72,62.55601400005162,54.87214999993739,7.683864000114227,1605632,2,22.392483999965407,0.26430200000504556,0.0863010000102804,37.37610700000005,602112,16.950138999959563,0.344003000009252,0.06150000001525768,17.548143999988497,802816,15.529527000012422,0.1315009999416361,0.030801000093561015,0.0,200704,0.0,0.0,0.0,0.0,0,0.0,0.0,0.0,0.0,0
1,chain_3svc,73,64.16832799993699,56.44866400007231,7.719663999864679,1605632,2,21.282675000065865,0.26870199997119926,0.07880099997237267,40.03202900003089,602112,19.461760000012873,0.3491029999622697,0.06290100009209709,17.65484500003822,802816,15.704228999993575,0.13160100002096442,0.02870000002985762,0.0,200704,0.0,0.0,0.0,0.0,0,0.0,0.0,0.0,0.0,0
1,chain_3svc,74,61.80950899999971,53.96324399998775,7.846265000011954,1605632,2,22.62168599997949,0.2622020000444536,0.1323010000078284,36.2869990000263,602112,16.5346359999603,0.35010300007343176,0.05840000005719048,16.663837999999487,802816,14.806922000047962,0.1362010000320879,0.02819999997427658,0.0,200704,0.0,0.0,0.0,0.0,0,0.0,0.0,0.0,0.0,0
1,chain_3svc,75,60.65879899995252,52.83613500012052,7.8226639998320024,1605632,2,21.32917599999473,0.26580200005810184,0.0876010000183669,36.440300000094794,602112,16.428435000079844,0.3469029999223494,0.03619999995407852,17.121841000061977,802816,15.078524000045945,0.14100099997449433,0.044299999899521936,0.0,200704,0.0,0.0,0.0,0.0,0,0.0,0.0,0.0,0.0,0
1,chain_3svc,76,59.85939300001064,51.987027000109265,7.872365999901376,1605632,2,20.142865000025267,0.26440199997068703,0.08200100000976818,36.79670300005,602112,16.81303800000933,0.3488029999516584,0.05959999998594867,16.935539000087374,802816,15.03112400007467,0.13110099996538338,0.027199999976801337,0.0,200704,0.0,0.0,0.0,0.0,0,0.0,0.0,0.0,0.0,0
1,chain_3svc,77,62.819516999979896,55.04265099989425,7.776866000085647,1605632,2,21.87347899996439,0.2665030000343904,0.07820100006483699,37.99451300005785,602112,17.311341999970864,0.3566030000001774,0.060700999938489986,17.66854599998169,802816,15.857829999958994,0.1375010000401744,0.029299999937393295,0.0,200704,0.0,0.0,0.0,0.0,0,0.0,0.0,0.0,0.0,0
1,chain_3svc,78,61.38020499997765,53.708342000049925,7.6718629999277255,1605632,2,20.94007200003034,0.26440199997068703,0.1081010000234528,37.65881000003901,602112,17.390443000067535,0.3493029998935526,0.06599999994705286,17.28404299990416,802816,15.377826999952049,0.1369010000189519,0.02740000002177112,0.0,200704,0.0,0.0,0.0,0.0,0,0.0,0.0,0.0,0.0,0
1,chain_3svc,79,60.661599000013666,52.71723399994244,7.94436500007123,1605632,2,20.917171999940365,0.26310300006571197,0.10470100005477434,36.839503000010154,602112,16.827338999974017,0.34670200000164186,0.059400000054665725,17.03204000000369,802816,14.972723000028054,0.12930100001540268,0.02899999992678204,0.0,200704,0.0,0.0,0.0,0.0,0,0.0,0.0,0.0,0.0,0
1,chain_3svc,80,62.44231300001957,54.32524800005467,8.117064999964896,1605632,2,21.187775000043985,0.2690019999818105,0.10850000001028093,38.24701400003505,602112,17.51674400009051,0.3523029999996652,0.07940000000417058,17.695945000014035,802816,15.620728999920175,0.12960100002601393,0.033800000096562144,0.0,200704,0.0,0.0,0.0,0.0,0,0.0,0.0,0.0,0.0,0
1,chain_3svc,81,62.49991399999999,54.38764699999865,8.112267000001339,1605632,2,21.85997900005532,0.26610299994445086,0.08140099998854566,37.645409999981894,602112,16.859539000051882,0.3751030000103128,0.06450099999710801,17.70994499997869,802816,15.66812899989145,0.13190100003157568,0.02920000008543866,0.0,200704,0.0,0.0,0.0,0.0,0,0.0,0.0,0.0,0.0,0
1,chain_3svc,82,61.08120199996847,53.41253799997503,7.668663999993441,1605632,2,21.17387399994186,0.2607019999913973,0.07380099998499645,37.102805000017725,602112,17.13443999994979,0.33580299998448027,0.0595010000097318,17.13114099993618,802816,15.104224000083377,0.13680199992904818,0.028400000019246363,0.0,200704,0.0,0.0,0.0,0.0,0,0.0,0.0,0.0,0.0,0
1,chain_3svc,83,60.626098999932765,52.753433999896515,7.87266500003625,1605632,2,21.64977799998269,0.2883030000475628,0.12240099999871745,36.040795999952024,602112,16.001731999949698,0.3682029999936276,0.035499999967214535,16.963339999961136,802816,15.101923999964129,0.13020100004723645,0.027101000000584463,0.0,200704,0.0,0.0,0.0,0.0,0,0.0,0.0,0.0,0.0,0
1,chain_3svc,84,62.118610999959856,54.51074899985997,7.607862000099885,1605632,2,21.170273999928213,0.26010200008386164,0.0788010000860595,38.263714999970944,602112,17.06184099998609,0.3540019999945798,0.05650000002788147,18.31425099999251,802816,16.27863399994567,0.13480100005835993,0.029401000006146205,0.0,200704,0.0,0.0,0.0,0.0,0,0.0,0.0,0.0,0.0,0
1,chain_3svc,85,61.667907000014566,54.09084600000824,7.577061000006324,1605632,2,20.948972000041977,0.2576030000227547,0.07770100000925595,37.961013000085586,602112,17.294042999992598,0.3549030000158382,0.058899999999084685,17.803846999981943,802816,15.847830999973667,0.1258009999673959,0.03000000003794412,0.0,200704,0.0,0.0,0.0,0.0,0,0.0,0.0,0.0,0.0,0
1,chain_3svc,86,62.415814000019054,54.32084600010967,8.094967999909386,1605632,2,20.226166000043122,0.26420199992571725,0.08160100003351545,39.19342299991513,602112,17.592344000036064,0.35050299993599765,0.06300100005773857,18.561053000098582,802816,16.502336000030482,0.1297009999916554,0.03129999993234378,0.0,200704,0.0,0.0,0.0,0.0,0,0.0,0.0,0.0,0.0,0
1,chain_3svc,87,62.953817999982675,54.960252000000764,7.993565999981911,1605632,2,21.211473999983355,0.25930200001766934,0.0933009999926071,38.734619000024395,602112,19.01365599997007,0.3894029999855775,0.062000999946576485,16.622137000013026,802816,14.73512200004734,0.14410099993256154,0.028400000019246363,0.0,200704,0.0,0.0,0.0,0.0,0,0.0,0.0,0.0,0.0,0
1,chain_3svc,88,61.03740200001084,53.09833700005129,7.939064999959555,1605632,2,21.230075000062243,0.2752019998979449,0.09160100000826787,36.89040400001886,602112,16.78633799997442,0.38000300003204757,0.057701000059751095,17.014540000104716,802816,15.081924000014624,0.1291009999704329,0.029299999937393295,0.0,200704,0.0,0.0,0.0,0.0,0,0.0,0.0,0.0,0.0,0
1,chain_3svc,89,62.2387120000667,54.58034800005862,7.658364000008078,1605632,2,21.323274999986097,0.2862019999838594,0.07980099996984791,37.98311199989257,602112,17.24734200001876,0.329602999954659,0.06189999999151041,17.99824800002625,802816,16.009731000053762,0.1379009999027403,0.028900999950565165,0.0,200704,0.0,0.0,0.0,0.0,0,0.0,0.0,0.0,0.0,0
1,chain_3svc,90,62.12871200000336,54.230545999985225,7.898166000018136,1605632,2,21.290275000069414,0.2563019999115568,0.16960200002813508,37.9395120000936,602112,17.461542999967605,0.35700299997643015,0.05670100006227585,17.483743999946455,802816,15.478727999948205,0.13890100001390238,0.028799999995499093,0.0,200704,0.0,0.0,0.0,0.0,0,0.0,0.0,0.0,0.0,0
1,chain_3svc,91,61.64250700010143,53.397038999946744,8.245468000154688,1605632,2,20.76207099992189,0.26010200008386164,0.08640100008960871,37.937911999961216,602112,16.969539000001532,0.3411030000961546,0.06270099993344047,17.81354700005977,802816,15.665429000023323,0.13330100000530365,0.029799999992974335,0.0,200704,0.0,0.0,0.0,0.0,0,0.0,0.0,0.0,0.0,0
1,chain_3svc,92,62.00891000003139,54.003843999907986,8.005066000123406,1605632,2,20.788470999946185,0.257203000046502,0.09550000004310277,38.283915000079105,602112,17.060740000033547,0.34890300003098673,0.058900999988509284,18.206550000058996,802816,16.154632999928253,0.1471010000386741,0.03220000007786439,0.0,200704,0.0,0.0,0.0,0.0,0,0.0,0.0,0.0,0.0,0
1,chain_3svc,93,61.33730400006243,53.519539000035365,7.817765000027066,1605632,2,20.599669000034737,0.26100200000200857,0.0824009999860209,37.84681100000853,602112,16.864437999970505,0.3522030000340237,0.05830100008097361,18.003248000013627,802816,16.055432000030123,0.13990099989769078,0.028900000074827403,0.0,200704,0.0,0.0,0.0,0.0,0,0.0,0.0,0.0,0.0,0
1,chain_3svc,94,59.959993999996186,52.34472999995887,7.615264000037314,1605632,2,20.368566999991344,0.25620200005960214,0.06980099999509548,36.728602000039245,602112,16.533735999928467,0.3512030000365485,0.05830000009154901,17.276943000069878,802816,15.44242700003906,0.1348009999446731,0.026400000024295878,0.0,200704,0.0,0.0,0.0,0.0,0,0.0,0.0,0.0,0.0,0
1,chain_3svc,95,61.41590500010352,53.86014400005479,7.555761000048733,1605632,2,20.623470000032285,0.2609020000363671,0.07190099995568744,37.97481300000527,602112,17.600544999936574,0.34870299998601695,0.060801000017818296,17.479643999990913,802816,15.63612900008593,0.1359009999077898,0.027399999908084283,0.0,200704,0.0,0.0,0.0,0.0,0,0.0,0.0,0.0,0.0,0
1,chain_3svc,96,68.43156299999009,60.52749800005586,7.904064999934235,1605632,2,27.668726999991122,0.28240300002835284,0.11730099993201293,37.79651100001047,602112,17.478844000038407,0.3504019999809316,0.06360099996527424,17.25884200004657,802816,15.379927000026328,0.14090099989516602,0.03130000004603062,0.0,200704,0.0,0.0,0.0,0.0,0,0.0,0.0,0.0,0.0,0
1,chain_3svc,97,62.204911999970136,54.23704600002566,7.967865999944479,1605632,2,21.182275000001027,0.26480199994693976,0.1312010000447117,38.20511500009616,602112,17.082940000022973,0.3639029999931154,0.06350099999963277,18.08224900003097,802816,15.971831000001657,0.1406009999982416,0.028500999974312435,0.0,200704,0.0,0.0,0.0,0.0,0,0.0,0.0,0.0,0.0,0
1,chain_3svc,98,62.033010000050126,54.072446000077434,7.960563999972692,1605632,2,21.677679000049466,0.2902019999737604,0.09419999992132944,37.284506999981204,602112,17.070440999987113,0.34740299997793045,0.05899999996472616,17.22564199997123,802816,15.324326000040855,0.14080199991894915,0.029000000040468876,0.0,200704,0.0,0.0,0.0,0.0,0,0.0,0.0,0.0,0.0,0
1,chain_3svc,99,60.26039599998967,52.61273299993263,7.647663000057037,1605632,2,20.988371999919764,0.2598020000732504,0.07080099999257072,36.4125989999593,602112,16.610636999985218,0.3408029999718565,0.03479999998035055,16.911738999965564,802816,15.01372400002765,0.13140099997599464,0.02689999996619008,0.0,200704,0.0,0.0,0.0,0.0,0,0.0,0.0,0.0,0.0,0
1,chain_3svc,100,59.552989999929196,51.95202800007337,7.600961999855826,1605632,2,20.625770000037846,0.26130200001261983,0.084899999933441,36.05939700003091,602112,16.499636000048667,0.32800199994653667,0.07750099996428617,16.655836999916573,802816,14.826621999986855,0.13380099994719785,0.02660100005869026,0.0,200704,0.0,0.0,0.0,0.0,0,0.0,0.0,0.0,0.0,0
1,chain_3svc,101,61.96821000003183,54.24334600002112,7.724864000010712,1605632,2,20.82867100000385,0.2577019999989716,0.09270099997138459,38.281715000039185,602112,16.660337000075742,0.3405019999718206,0.06150100000468228,18.80455500008793,802816,16.754337999941527,0.13610100006644643,0.03140000001167209,0.0,200704,0.0,0.0,0.0,0.0,0,0.0,0.0,0.0,0.0,0
1,chain_3svc,102,61.95870900000955,53.99884500002372,7.959863999985828,1605632,2,20.911372000000483,0.27130299997679685,0.09530100010124443,38.045813000053386,602112,17.055240999980015,0.3390030000218758,0.0612999999702879,17.971947999967597,802816,16.032232000043223,0.1463009999724818,0.034200999948552635,0.0,200704,0.0,0.0,0.0,0.0,0,0.0,0.0,0.0,0.0,0
1,chain_3svc,103,63.55052300000352,55.59915699996054,7.951366000042981,1605632,2,21.171173999960047,0.26630199999999604,0.14240200005133374,39.659626999991815,602112,18.271249999997963,0.3562030000239247,0.06720099997892248,18.22075000006862,802816,16.156733000002532,0.13400099999216764,0.02779999999802385,0.0,200704,0.0,0.0,0.0,0.0,0,0.0,0.0,0.0,0.0,0
1,chain_3svc,104,59.92409299994961,52.060927999946216,7.8631650000033915,1605632,2,20.295067000006384,0.269101999947452,0.11430100005327404,36.68300199990426,602112,17.01453999999103,0.33970300000873976,0.0634000000445667,16.695737999953053,802816,14.751320999948803,0.13270100009776797,0.027301000045554247,0.0,200704,0.0,0.0,0.0,0.0,0,0.0,0.0,0.0,0.0,0
1,chain_3svc,105,62.702115999968555,54.832251000107135,7.86986499986142,1605632,2,21.368875999996817,0.2568019999671378,0.10780100001284154,38.512017000016385,602112,17.080140000075517,0.35420299991528736,0.06040099992787873,18.520751999972163,802816,16.3832350000348,0.13450100004774868,0.028899999961140566,0.0,200704,0.0,0.0,0.0,0.0,0,0.0,0.0,0.0,0.0,0
1,chain_3svc,106,61.855508999997255,54.24804600011157,7.6074629998856835,1605632,2,21.405275999995865,0.2652019999231925,0.09940100005678687,37.733610999907796,602112,17.27064200008499,0.3405019999718206,0.06290099997841025,17.487544000005073,802816,15.572128000030716,0.15960200005338265,0.029299999937393295,0.0,200704,0.0,0.0,0.0,0.0,0,0.0,0.0,0.0,0.0,0
1,chain_3svc,107,61.248904000080984,53.462640000020656,7.786264000060328,1605632,2,20.521768999969936,0.3070019999995566,0.0832010000522132,37.74501099996996,602112,17.153941000060513,0.34240299999055424,0.03880099995967612,17.769946000044,802816,15.786929999990207,0.14380100003563712,0.030199999969227065,0.0,200704,0.0,0.0,0.0,0.0,0,0.0,0.0,0.0,0.0,0
1,chain_3svc,108,61.81180900000527,54.11754600004315,7.69426299996212,1605632,2,20.600070000000414,0.26170199998887256,0.09739999995872495,38.37491600006615,602112,17.242042000020774,0.33580299998448027,0.05910000004405447,18.263749999960055,802816,16.27543400002196,0.12980100007098372,0.03049999997983832,0.0,200704,0.0,0.0,0.0,0.0,0,0.0,0.0,0.0,0.0,0
1,chain_3svc,109,62.05040999998346,54.13524499999767,7.915164999985791,1605632,2,21.002371999998104,0.2623030001132065,0.07210100000065722,38.08051299995441,602112,17.259341999988465,0.342102999979943,0.061600999970323755,17.81154599996171,802816,15.873531000011099,0.14550100001997635,0.028499999984887836,0.0,200704,0.0,0.0,0.0,0.0,0,0.0,0.0,0.0,0.0,0
1,chain_3svc,110,61.98701000005258,54.27844600001208,7.7085640000404965,1605632,2,20.63756999996258,0.2665020000449658,0.10690099998100777,38.26601399998708,602112,17.591044000027978,0.3481030000784813,0.062000999946576485,18.057749000035983,802816,16.049832000021524,0.1400009999770191,0.02910099999553495,0.0,200704,0.0,0.0,0.0,0.0,0,0.0,0.0,0.0,0.0,0
1,chain_3svc,111,61.15440300004593,53.38884100001451,7.765562000031423,1605632,2,20.741171000054237,0.27280200004042854,0.08120099994357588,37.48390900000231,602112,17.164842000056524,0.3460030000042025,0.06220000000212167,17.426344000000427,802816,15.482827999903748,0.13480100005835993,0.028400000019246363,0.0,200704,0.0,0.0,0.0,0.0,0,0.0,0.0,0.0,0.0,0
1,chain_3svc,112,61.085402999992766,52.212530000133484,8.872872999859283,1605632,2,20.9031720000894,0.2558019999696626,0.07559999994555255,36.40770000004068,602112,16.453435000016725,0.3561029999445964,0.05910000004405447,16.880839000009473,802816,14.85592300002736,0.13310099996033387,0.027599999953054066,0.0,200704,0.0,0.0,0.0,0.0,0,0.0,0.0,0.0,0.0,0
1,chain_3svc,113,60.18439499996475,52.536032999910276,7.648362000054476,1605632,2,20.49386900000627,0.2603020000151446,0.09409999995568796,36.81560300003639,602112,16.492635999952654,0.353003000100216,0.057599999990998185,17.422943000042324,802816,15.549527999951351,0.1375010000401744,0.02989999995861581,0.0,200704,0.0,0.0,0.0,0.0,0,0.0,0.0,0.0,0.0,0
1,chain_3svc,114,61.7890080000052,53.992644000004475,7.796364000000722,1605632,2,20.63066899995647,0.26430299999447016,0.07660100004613923,38.25011399999312,602112,16.97034000005715,0.3392029999531587,0.0612999999702879,18.465751000007913,802816,16.391634999990856,0.14730100008364388,0.03050099996926292,0.0,200704,0.0,0.0,0.0,0.0,0,0.0,0.0,0.0,0.0,0
1,chain_3svc,115,62.80631699996775,54.78575099994032,8.02056600002743,1605632,2,21.594477000007828,0.2665030000343904,0.07940099999359518,38.373914999965564,602112,17.850246999955743,0.3527029999759179,0.06450099999710801,17.45334300005652,802816,15.341026999976748,0.14540100005433487,0.028400000019246363,0.0,200704,0.0,0.0,0.0,0.0,0,0.0,0.0,0.0,0.0,0
1,chain_3svc,116,62.038209999968785,54.08864599996832,7.949564000000464,1605632,2,20.701571000017793,0.2646020000156568,0.07199999993190431,38.4398159999364,602112,17.597744999989118,0.36960299996735557,0.07190100006937428,17.789045999961672,802816,15.78932999996141,0.1458010000305876,0.02910000000611035,0.0,200704,0.0,0.0,0.0,0.0,0,0.0,0.0,0.0,0.0,0
1,chain_3svc,117,61.25790400005826,53.47263999999541,7.785264000062853,1605632,2,20.542068999930052,0.26640300006874895,0.10970100004215055,37.83891099999437,602112,17.14884099999381,0.3403030000299623,0.04309999997076375,17.714746000024206,802816,15.781730000071548,0.14220099990325252,0.02949999998236308,0.0,200704,0.0,0.0,0.0,0.0,0,0.0,0.0,0.0,0.0,0
1,chain_3svc,118,60.48159800002395,52.88093399997251,7.600664000051438,1605632,2,20.873870999935207,0.26490300001569267,0.07580099997994694,36.72350199997254,602112,17.048540000018875,0.3417029998900034,0.03750000007585186,16.847738000024037,802816,14.958523000018431,0.13960100000076636,0.02780099998744845,0.0,200704,0.0,0.0,0.0,0.0,0,0.0,0.0,0.0,0.0,0
1,chain_3svc,119,61.14020299992262,53.50173900012578,7.638463999796841,1605632,2,21.568877000049724,0.2595019999489523,0.07720099995367491,36.58710100000917,602112,16.79013800003304,0.3402030000643208,0.05849999990914512,16.963640000085434,802816,15.142724000043017,0.1463009999724818,0.028500999974312435,0.0,200704,0.0,0.0,0.0,0.0,0,0.0,0.0,0.0,0.0,0
1,chain_3svc,120,61.74310799997329,53.97254500007875,7.770562999894537,1605632,2,20.83977200004483,0.26220199993076676,0.07080099999257072,38.066412999910426,602112,16.75543800001833,0.3379029999450722,0.05550000003040623,18.392052000081094,802816,16.37733500001559,0.13790100001642713,0.03140000001167209,0.0,200704,0.0,0.0,0.0,0.0,0,0.0,0.0,0.0,0.0,0
1,chain_3svc,121,63.38312200000473,55.53905699991901,7.84406500008572,1605632,2,21.631478000017523,0.2596020000282806,0.07549999997991108,38.841719999936686,602112,17.756045999931303,0.35980300003757293,0.06040100004156557,18.102149000014833,802816,16.151532999970186,0.15870100003212428,0.0333010000304057,0.0,200704,0.0,0.0,0.0,0.0,0,0.0,0.0,0.0,0.0,0
1,chain_3svc,122,62.34751299996333,54.319646999829274,8.027866000134054,1605632,2,21.150973999965572,0.26580200005810184,0.07730100003300322,38.23321400000168,602112,16.861838999943757,0.3606029999900784,0.061100000039004954,18.406350999953247,802816,16.306833999919945,0.14020100002198888,0.027600000066740904,0.0,200704,0.0,0.0,0.0,0.0,0,0.0,0.0,0.0,0.0,0
1,chain_3svc,123,60.65069900000708,53.04533700007141,7.605361999935667,1605632,2,20.85507200001757,0.26190200003384234,0.07210000001123262,36.849603000064235,602112,16.92423899999085,0.3457029999935912,0.059801000020343054,17.20194100005301,802816,15.266026000062993,0.1431009999350863,0.025299999947492324,0.0,200704,0.0,0.0,0.0,0.0,0,0.0,0.0,0.0,0.0,0
1,chain_3svc,124,61.26180399996883,53.54834000002029,7.713463999948544,1605632,2,20.921971999996458,0.26060200002575584,0.10140099993805052,37.4604090000048,602112,16.79213800002799,0.33390299995517125,0.03709999998591229,17.80164700005571,802816,15.834229999995841,0.1349010000240014,0.027101000000584463,0.0,200704,0.0,0.0,0.0,0.0,0,0.0,0.0,0.0,0.0,0
1,chain_3svc,125,60.88680099992416,53.116536999937125,7.770263999987037,1605632,2,21.186474000046474,0.25920200005202787,0.08610099996531062,36.78730200010705,602112,16.47413599994252,0.3444029999855047,0.057599999990998185,17.285542999957215,802816,15.455926999948133,0.13520100003461266,0.027100000011159864,0.0,200704,0.0,0.0,0.0,0.0,0,0.0,0.0,0.0,0.0,0
1,chain_3svc,126,60.85700000005545,53.279939000049126,7.577061000006324,1605632,2,21.001973000011276,0.25610199998027383,0.07840000000669534,37.02780499997971,602112,17.0707400000083,0.33390299995517125,0.05840000005719048,17.083440000078554,802816,15.20722600002955,0.1413009999851056,0.027100000011159864,0.0,200704,0.0,0.0,0.0,0.0,0,0.0,0.0,0.0,0.0,0
1,chain_3svc,127,62.78611599998385,54.86915099993439,7.9169650000494585,1605632,2,20.338967999919078,0.25560200003837963,0.07279999999809661,39.54222499999105,602112,17.685145000086777,0.34680299995670794,0.05910099991979223,18.890054999928907,802816,16.845037999928536,0.14910200002304919,0.03249999997478881,0.0,200704,0.0,0.0,0.0,0.0,0,0.0,0.0,0.0,0.0,0
1,chain_3svc,128,61.299904999941646,53.36543800012805,7.934466999813594,1605632,2,20.960772000080397,0.3264029999172635,0.07760099992992764,37.33600700002171,602112,17.274742000040533,0.3527029999759179,0.06000100006531284,17.03434000000925,802816,15.129924000007122,0.1330009999946924,0.02860099993995391,0.0,200704,0.0,0.0,0.0,0.0,0,0.0,0.0,0.0,0.0,0
1,chain_3svc,129,63.18781900006343,55.42205700010072,7.765761999962706,1605632,2,21.008673000096678,0.2908019999949829,0.07960099992487812,39.319323000086115,602112,18.132250000007843,0.33960199993998685,0.06350000001020817,18.30465099999401,802816,16.2811339999962,0.14410100004624837,0.029299999937393295,0.0,200704,0.0,0.0,0.0,0.0,0,0.0,0.0,0.0,0.0,0
1,chain_3svc,130,62.97551900001963,55.212254000025496,7.763264999994135,1605632,2,21.388175999959458,0.26820200002930505,0.1221009999881062,38.80841899990628,602112,17.735044999994898,0.3510029999915787,0.037801000075887714,18.059248999975352,802816,16.08903300007114,0.14300099996944482,0.02959999994800455,0.0,200704,0.0,0.0,0.0,0.0,0,0.0,0.0,0.0,0.0,0
1,chain_3svc,131,66.88195000003816,58.68078200001037,8.201168000027792,1605632,2,21.336574999963887,0.2596020000282806,0.1258009999673959,42.63735099993937,602112,18.57865200008746,0.343303000022388,0.062400999922829214,20.8594709999943,802816,18.765554999959022,0.15960100006395805,0.05459999999857246,0.0,200704,0.0,0.0,0.0,0.0,0,0.0,0.0,0.0,0.0,0
1,chain_3svc,132,62.214412000002994,54.26234700007626,7.952064999926733,1605632,2,20.782071000098767,0.2817019999383774,0.07720099995367491,38.55401700002403,602112,17.64784600004532,0.3523020000102406,0.05909999993036763,17.95284799993624,802816,15.832429999932174,0.13760199999524048,0.029000000040468876,0.0,200704,0.0,0.0,0.0,0.0,0,0.0,0.0,0.0,0.0,0
1,chain_3svc,133,61.69870799999444,53.27603800014913,8.422669999845311,1605632,2,20.558569000058924,0.26000200000453333,0.08770099998400838,38.3166159999746,602112,16.897239000059017,0.3733029999466453,0.05900099995415076,18.3550510000714,802816,15.820230000031188,0.1400009999770191,0.028800999984923692,0.0,200704,0.0,0.0,0.0,0.0,0,0.0,0.0,0.0,0.0,0
1,chain_3svc,134,62.195712000061576,54.64204900010827,7.553662999953303,1605632,2,21.453876000009586,0.26320300003135344,0.12690099993051263,37.91021199992883,602112,17.577144000028966,0.3426029999218372,0.08380099995974888,17.577444999915315,802816,15.61102900006972,0.1374009999608461,0.027899999963665323,0.0,200704,0.0,0.0,0.0,0.0,0,0.0,0.0,0.0,0.0,0
1,chain_3svc,135,61.663907000024665,53.8309419999905,7.832965000034164,1605632,2,21.18767399997523,0.25720199994339055,0.07300100003249099,37.50170799992247,602112,17.177841000034277,0.41330299995934183,0.06100099994910124,17.317842000011296,802816,15.465426999980991,0.14540200004375947,0.025499999992462108,0.0,200704,0.0,0.0,0.0,0.0,0,0.0,0.0,0.0,0.0,0
1,chain_3svc,136,59.540090000041346,51.69362699996327,7.846463000078074,1605632,2,20.640669999920647,0.2597019999939221,0.09780000004866451,36.027195999963624,602112,15.686530000039056,0.34100200002740166,0.0586999999541149,17.308742999944116,802816,15.366427000003569,0.13990100001137762,0.027700000032382377,0.0,200704,0.0,0.0,0.0,0.0,0,0.0,0.0,0.0,0.0,0
1,chain_3svc,137,62.35231300001942,54.274947000067186,8.077365999952235,1605632,2,22.129382000002806,0.2813020000758115,0.07630099992184114,37.14650500000971,602112,17.147741000030692,0.34850299994104716,0.035899999943467265,16.92903999992268,802816,14.997824000033688,0.13900099997954385,0.026199999979326094,0.0,200704,0.0,0.0,0.0,0.0,0,0.0,0.0,0.0,0.0,0
1,chain_3svc,138,62.29771199991774,54.09294400010367,8.204767999814067,1605632,2,22.423784000011437,0.27400300007229816,0.15170099993611075,36.748302000091826,602112,16.532636000079037,0.3586029999951279,0.056300999972336285,17.160041000011006,802816,15.136524000013196,0.14350100002502586,0.03010099999301019,0.0,200704,0.0,0.0,0.0,0.0,0,0.0,0.0,0.0,0.0,0
1,chain_3svc,139,63.049917999933314,55.09215299991865,7.9577650000146605,1605632,2,20.847871999990275,0.26240199997573654,0.07210100000065722,39.37902400002713,602112,17.4849439999889,0.34800200000972836,0.06400100005521381,18.988556000067547,802816,16.759336999939478,0.13970199995583243,0.028501000087999273,0.0,200704,0.0,0.0,0.0,0.0,0,0.0,0.0,0.0,0.0,0
1,chain_3svc,140,61.396204999937254,53.75564199994187,7.640562999995382,1605632,2,21.72677900000508,0.26350199993885326,0.07850000008602365,36.773502999949415,602112,17.62354499999219,0.3568030000451472,0.0608000000283937,16.215934000001653,802816,14.4053179999446,0.1432020000038392,0.027899999963665323,0.0,200704,0.0,0.0,0.0,0.0,0,0.0,0.0,0.0,0.0,0
1,chain_3svc,141,61.46670599991921,53.496541000072284,7.970164999846929,1605632,2,21.263475000068865,0.263901999915106,0.07600100002491672,37.21760600001289,602112,17.2490420000031,0.3574030000663697,0.061999999957151886,16.910639000002448,802816,14.984024000000318,0.13720100002956315,0.029199999971751822,0.0,200704,0.0,0.0,0.0,0.0,0,0.0,0.0,0.0,0.0,0
1,chain_3svc,142,60.57369799998469,52.67423499992674,7.899463000057949,1605632,2,21.867680000013934,0.2681020000636636,0.10850099999970553,35.71499400004541,602112,15.954631999989033,0.3522029999203369,0.060300000086499495,16.712038000036955,802816,14.851922999923772,0.1408010000432114,0.026400000024295878,0.0,200704,0.0,0.0,0.0,0.0,0,0.0,0.0,0.0,0.0,0
1,chain_3svc,143,60.8368010000504,53.037635000009686,7.799166000040714,1605632,2,21.293975000048704,0.2558019999696626,0.0793010000279537,36.47149999994781,602112,16.874538000024586,0.35460300000522693,0.05870100005722634,16.654636999987815,802816,14.869121999936397,0.1382010000270384,0.02660100005869026,0.0,200704,0.0,0.0,0.0,0.0,0,0.0,0.0,0.0,0.0,0
1,chain_3svc,144,62.28101399995012,54.09564599983696,8.185368000113158,1605632,2,21.402675999979692,0.2696029999924576,0.10700099994664924,37.728811999954814,602112,17.391842999927576,0.3579030000082639,0.05790099999103404,17.252943000016785,802816,15.301126999929693,0.14310100004877313,0.027201000079912774,0.0,200704,0.0,0.0,0.0,0.0,0,0.0,0.0,0.0,0.0,0
1,chain_3svc,145,61.23150799999166,53.70524599993587,7.5262620000557945,1605632,2,21.849180999993223,0.27060299998993287,0.0832010000522132,36.37420200004726,602112,17.116441999974086,0.3470030000016777,0.06070100005217682,16.54313699998511,802816,14.73962299996856,0.1343010000027789,0.03230000004350586,0.0,200704,0.0,0.0,0.0,0.0,0,0.0,0.0,0.0,0.0,0
1,chain_3svc,146,61.871312999983274,54.08084800001234,7.790464999970936,1605632,2,21.520978000012292,0.26690300001064315,0.0902010000345399,37.26790899997923,602112,17.21494299999904,0.3287020000470875,0.05699999996977567,17.10404099992502,802816,15.344927000001007,0.1380009999820686,0.025899999968714837,0.0,200704,0.0,0.0,0.0,0.0,0,0.0,0.0,0.0,0.0,0
1,chain_3svc,147,63.95412999995642,55.848463000074844,8.105666999881578,1605632,2,22.360385000069982,0.2699030000030689,0.12640099998861842,38.48621899999216,602112,17.05844100001741,0.34500300000672723,0.07450099997186044,18.41895299992302,802816,16.42963699998745,0.1437009999563088,0.031600000056641875,0.0,200704,0.0,0.0,0.0,0.0,0,0.0,0.0,0.0,0.0,0
1,chain_3svc,148,62.12411499996051,54.148648000136745,7.975466999823766,1605632,2,21.63797900004738,0.2764030000435014,0.10690099998100777,37.497010000038244,602112,16.6287370000191,0.33320299996830727,0.07890100005170098,18.031149999956142,802816,15.881932000070265,0.14120099990577728,0.03040000001419685,0.0,200704,0.0,0.0,0.0,0.0,0,0.0,0.0,0.0,0.0,0
1,chain_3svc,149,62.334716000009394,54.26994799995555,8.064768000053846,1605632,2,21.05207399995379,0.2634029999626364,0.11060100007398432,38.273716999924545,602112,16.967740000040976,0.34330299990870117,0.06400099994152697,18.309051999949588,802816,16.25013399996078,0.14160099999571685,0.02970100001675746,0.0,200704,0.0,0.0,0.0,0.0,0,0.0,0.0,0.0,0.0,0
1,chain_3svc,150,63.526227000011204,55.507158999944295,8.019068000066909,1605632,2,21.778779999976905,0.3062030000364757,0.13200099999721715,38.72932100000526,602112,17.39404399995692,0.34690300003603625,0.040000000012696546,18.3461519999355,802816,16.33433500001047,0.14620100000684033,0.031600000056641875,0.0,200704,0.0,0.0,0.0,0.0,0,0.0,0.0,0.0,0.0,0
1,chain_3svc,151,62.45791699996062,54.64835400005086,7.809562999909758,1605632,2,21.268077000058838,0.2664019999656375,0.100800999916828,38.21731699997599,602112,17.594246000044222,0.34020299995063397,0.06089999999403517,17.627845999982128,802816,15.786030999947798,0.14300100008313166,0.02859999995052931,0.0,200704,0.0,0.0,0.0,0.0,0,0.0,0.0,0.0,0.0,0
1,chain_3svc,152,60.110797999982424,52.36793500000658,7.742862999975841,1605632,2,20.27026799999021,0.2615019999439028,0.08750100005272543,36.91200699995534,602112,16.880639999953928,0.3276020000839708,0.05880100002286781,17.15814199997112,802816,15.217027000062444,0.13860100000329112,0.031499999977313564,0.0,200704,0.0,0.0,0.0,0.0,0,0.0,0.0,0.0,0.0,0
1,chain_3svc,153,60.72610399996847,53.19284200004404,7.533261999924434,1605632,2,21.05147500003568,0.27410200004851504,0.07279999999809661,36.931805999984135,602112,17.060041999911846,0.3483030000097642,0.05610000005162874,16.97324099995967,802816,15.081325000096513,0.1343019999922035,0.025699999923745054,0.0,200704,0.0,0.0,0.0,0.0,0,0.0,0.0,0.0,0.0,0
1,chain_3svc,154,62.96302200007631,54.95245499992052,8.010567000155788,1605632,2,21.178675999976804,0.2620019999994838,0.08279999997284904,38.94842299996526,602112,17.060540999978002,0.35390300001836295,0.06250100000215753,18.721955000046364,802816,16.713237999965713,0.1375010000401744,0.029501000085474516,0.0,200704,0.0,0.0,0.0,0.0,0,0.0,0.0,0.0,0.0,0
1,chain_3svc,155,61.81771299998218,53.786946999935026,8.030766000047151,1605632,2,21.684680000021217,0.2703029999793216,0.09629999999560823,37.14160799995625,602112,16.965640999956122,0.34760300002290023,0.05740100004913984,17.088441999931092,802816,15.136625999957687,0.14230099998258083,0.029400000016721606,0.0,200704,0.0,0.0,0.0,0.0,0,0.0,0.0,0.0,0.0,0
1,chain_3svc,156,62.057415000026594,53.99004700007026,8.067367999956332,1605632,2,21.342076999985693,0.2698020000480028,0.0824009999860209,37.67841199999111,602112,17.201242000055572,0.3514029999678314,0.0631009999096932,17.383743999971557,802816,15.446728000028997,0.13680099993962358,0.026000000048043148,0.0,200704,0.0,0.0,0.0,0.0,0,0.0,0.0,0.0,0.0,0
1,chain_3svc,157,63.55272700000114,53.83854599995175,9.714181000049393,1605632,2,20.797972999957892,0.2697019999686745,0.07370000002993038,39.64892900000905,602112,16.712037999923268,0.34360300003299926,0.06000100006531284,19.813164000083816,802816,16.328535000070588,0.13650199991843692,0.040399999988949276,0.0,200704,0.0,0.0,0.0,0.0,0,0.0,0.0,0.0,0.0,0
1,chain_3svc,158,67.72726200006218,56.072366000080365,11.654895999981818,1605632,2,22.12068400001499,0.2825020000045697,0.08350000007339986,39.295025999990685,602112,18.042949999994562,0.3586029999951279,0.04019999994397949,18.012450000014724,802816,15.908732000070813,0.14150099991638854,0.030199999969227065,0.0,200704,0.0,0.0,0.0,0.0,0,0.0,0.0,0.0,0.0,0
1,chain_3svc,159,62.294115999975475,54.557152000143105,7.736963999832369,1605632,2,20.8657730000823,0.2647029999707229,0.07199999993190431,38.66231999995762,602112,17.06244100000731,0.377702999912799,0.06270100004712731,18.612153999924885,802816,16.628938000053495,0.1444009999431728,0.02910000000611035,0.0,200704,0.0,0.0,0.0,0.0,0,0.0,0.0,0.0,0.0,0
1,chain_3svc,160,70.29098300006353,62.45731700005308,7.833666000010453,1605632,2,21.360177000019576,0.26190200003384234,0.08580099995469936,45.958080999980666,602112,25.13200800001414,0.3758029999971768,0.07100099992385367,17.96464900007777,802816,15.965132000019366,0.1341009999578091,0.029799999992974335,0.0,200704,0.0,0.0,0.0,0.0,0,0.0,0.0,0.0,0.0,0
1,chain_3svc,161,61.754712000038126,53.78364600016994,7.971065999868188,1605632,2,20.577970000090318,0.26350299992827786,0.07960099992487812,38.246616999913385,602112,17.732747000081872,0.3558029999339851,0.062600999967799,17.529644999967786,802816,15.472928999997748,0.13580100005583517,0.027999999929306796,0.0,200704,0.0,0.0,0.0,0.0,0,0.0,0.0,0.0,0.0,0
1,chain_3svc,162,61.31950799999686,53.67584500004341,7.643662999953449,1605632,2,20.692872000040552,0.2593019999039825,0.07260000006681366,37.88291399996524,602112,17.41574400000445,0.3503030000047147,0.0634010000339913,17.542844999979934,802816,15.567228999998406,0.12910200007354433,0.037700000007134804,0.0,200704,0.0,0.0,0.0,0.0,0,0.0,0.0,0.0,0.0,0
1,chain_3svc,163,63.40782600000239,55.15865699999267,8.249169000009715,1605632,2,21.610578999911922,0.3082020000420016,0.07900100001734245,38.79702200003976,602112,17.863648000002286,0.3882030000568193,0.062000999946576485,17.856548000054318,802816,15.684430000078464,0.13370099998155638,0.029300999926817894,0.0,200704,0.0,0.0,0.0,0.0,0,0.0,0.0,0.0,0.0,0
1,chain_3svc,164,62.143816000002516,54.112747999965904,8.031068000036612,1605632,2,20.968373999949108,0.2712020000217308,0.0933009999926071,38.19281599999158,602112,17.46324399994137,0.35330300011082727,0.06350099999963277,17.73214700006065,802816,15.681130000075427,0.14280099992447504,0.027900999953089922,0.0,200704,0.0,0.0,0.0,0.0,0,0.0,0.0,0.0,0.0,0
1,chain_3svc,165,62.30161600001338,54.017247000047064,8.284368999966318,1605632,2,20.65977099994143,0.26700199998686003,0.09230099999513186,38.661421000028895,602112,17.090841000026558,0.35420299991528736,0.0595010000097318,18.38995299999624,802816,16.266635000079077,0.17080099996746867,0.030199999969227065,0.0,200704,0.0,0.0,0.0,0.0,0,0.0,0.0,0.0,0.0,0
1,chain_3svc,166,62.676719000023695,54.56225199986875,8.114467000154946,1605632,2,21.334276999937174,0.2749020000010205,0.07310000000870787,38.32031799993274,602112,17.43274399996153,0.36350300001686264,0.07830100003047846,17.827148000037596,802816,15.795230999970045,0.13940099995579658,0.02920000008543866,0.0,200704,0.0,0.0,0.0,0.0,0,0.0,0.0,0.0,0.0,0
1,chain_3svc,167,64.09403100008149,55.89266399999815,8.201367000083337,1605632,2,21.719179999990956,0.2725020000298173,0.08400100000471866,39.318525999988196,602112,17.631946999927095,0.3810030000295228,0.04309999997076375,18.699954999988222,802816,16.541537000080098,0.14430099997753132,0.02999999992425728,0.0,200704,0.0,0.0,0.0,0.0,0,0.0,0.0,0.0,0.0,0
1,chain_3svc,168,62.99882299992987,54.88885399984156,8.109969000088313,1605632,2,21.523777999959748,0.3230030000622719,0.08640099997592188,38.41671800000768,602112,16.485135999914746,0.3741030000128376,0.06330100006834982,18.964157000027626,802816,16.879939999967064,0.1414010000644339,0.029700000027332862,0.0,200704,0.0,0.0,0.0,0.0,0,0.0,0.0,0.0,0.0,0
1,chain_3svc,169,63.57372700006181,55.42706000005637,8.146667000005436,1605632,2,21.206175999964216,0.2674020000767996,0.08209999998598505,39.50362800003404,602112,17.291244000034567,0.351901999920301,0.0647000000526532,19.12405799998851,802816,16.92964000005759,0.13420100003713742,0.029900999948040408,0.0,200704,0.0,0.0,0.0,0.0,0,0.0,0.0,0.0,0.0,0
1,chain_3svc,170,62.576419000038186,54.762052999990374,7.814366000047812,1605632,2,21.508477999987008,0.27670200006468804,0.11730099993201293,38.12861599999451,602112,17.110741999999846,0.34750300005725876,0.06059999998342391,18.1552509999392,802816,16.14283300000352,0.13390200001595076,0.027200999966225936,0.0,200704,0.0,0.0,0.0,0.0,0,0.0,0.0,0.0,0.0,0
1,chain_3svc,171,63.87782900003458,55.3558610000664,8.521967999968183,1605632,2,21.778481000069405,0.2652020000368793,0.14320099990072777,38.96672300004411,602112,17.516645999990033,0.35720300002139993,0.06289999998898566,18.097650000072463,802816,16.06073400000696,0.1413009999851056,0.03130000004603062,0.0,200704,0.0,0.0,0.0,0.0,0,0.0,0.0,0.0,0.0,0
1,chain_3svc,172,63.84172900004614,55.50435899999684,8.337370000049305,1605632,2,21.75088000001324,0.2709030000005441,0.14170099996135832,39.17162499999449,602112,17.427743999974155,0.3446030000304745,0.06380100001024402,18.445953000082227,802816,16.325735000009445,0.1465020000068762,0.031199999966702308,0.0,200704,0.0,0.0,0.0,0.0,0,0.0,0.0,0.0,0.0,0
1,chain_3svc,173,65.08793899990906,56.89437199987424,8.193567000034818,1605632,2,22.15558399996098,0.27590199999849574,0.0861999999415275,39.96033099997476,602112,17.77214699995966,0.3516030000128012,0.06550099999458325,19.02585799996359,802816,16.966640999953597,0.14380100003563712,0.030700000024808105,0.0,200704,0.0,0.0,0.0,0.0,0,0.0,0.0,0.0,0.0,0
1,chain_3svc,174,63.93133000005946,55.66436100014016,8.2669689999193,1605632,2,21.033974000033595,0.27070199996614974,0.08150099995418714,39.815930000031585,602112,19.44536100006644,0.3566030000001774,0.05970099994101474,17.210143000056632,802816,15.185026000040125,0.12870099999418017,0.02870000002985762,0.0,200704,0.0,0.0,0.0,0.0,0,0.0,0.0,0.0,0.0,0
1,chain_3svc,175,63.75542900002529,55.35405900002388,8.401370000001407,1605632,2,22.290685000029953,0.2731020000510398,0.09179999995012622,38.38761800000157,602112,16.72963900000468,0.3598029999238861,0.08180100007848523,18.381652000016402,802816,16.333734999989247,0.13990100001137762,0.030401000003621448,0.0,200704,0.0,0.0,0.0,0.0,0,0.0,0.0,0.0,0.0,0
1,chain_3svc,176,63.17602399997213,55.10255799993047,8.073466000041662,1605632,2,22.13988400001199,0.27460199999040924,0.07579999999052234,37.98631500001193,602112,17.640146999951867,0.3531030000658575,0.06039999993845413,17.298244000016894,802816,15.322526999966612,0.14370200005942024,0.02779999999802385,0.0,200704,0.0,0.0,0.0,0.0,0,0.0,0.0,0.0,0.0,0
1,chain_3svc,177,63.06312300000627,55.15055799992297,7.912565000083305,1605632,2,21.40007799994237,0.2678020000530523,0.10090099999615632,38.75802200002454,602112,17.283842999972876,0.34760300002290023,0.055501000019830826,18.565953999996054,802816,16.466637000007722,0.13920100002451363,0.027999999929306796,0.0,200704,0.0,0.0,0.0,0.0,0,0.0,0.0,0.0,0.0,0
1,chain_3svc,178,61.60391100002016,53.71544599995559,7.888465000064571,1605632,2,20.95117399994706,0.29380199998740864,0.07680099997742218,37.615610999978344,602112,17.29144399996585,0.3512020000471239,0.06140000004961621,17.381344000000354,802816,15.472828000042682,0.14200099997196958,0.028899999961140566,0.0,200704,0.0,0.0,0.0,0.0,0,0.0,0.0,0.0,0.0,0
1,chain_3svc,179,63.63952700007758,55.70826100017712,7.931265999900461,1605632,2,21.74348000005466,0.27060299998993287,0.0902010000345399,38.89392299993233,602112,17.39834400007112,0.35050299993599765,0.05860099997789803,18.616253999994115,802816,16.566437000051337,0.14080099992952455,0.031100999990485434,0.0,200704,0.0,0.0,0.0,0.0,0,0.0,0.0,0.0,0.0,0
1,chain_3svc,180,61.34970899995551,53.41544300006262,7.934265999892887,1605632,2,21.296277000033115,0.2633020000075703,0.10640000004968897,37.10860800003957,602112,16.417735999993965,0.3847039999982371,0.05859999998847343,17.7527480000208,802816,15.701430000035543,0.1432020000038392,0.03000000003794412,0.0,200704,0.0,0.0,0.0,0.0,0,0.0,0.0,0.0,0.0,0
1,chain_3svc,181,64.71783699998923,56.559568000011495,8.158268999977736,1605632,2,21.515678000014304,0.2683019999949465,0.08210099997540965,40.20733300001211,602112,18.58595399994556,0.34800299999915296,0.06370000005517795,18.508252999936303,802816,16.45793600005163,0.13840099995832134,0.028000999918731395,0.0,200704,0.0,0.0,0.0,0.0,0,0.0,0.0,0.0,0.0,0
1,chain_3svc,182,63.063422999903196,55.063856000060696,7.9995669998425,1605632,2,21.523478000062823,0.279502000012144,0.09960099998806982,38.50321899994924,602112,17.456144999982826,0.35050299993599765,0.07790100005422573,18.039548999922772,802816,16.084233000015047,0.1413019999745302,0.028899999961140566,0.0,200704,0.0,0.0,0.0,0.0,0,0.0,0.0,0.0,0.0,0
1,chain_3svc,183,62.430218000031346,54.63895399998364,7.791264000047704,1605632,2,21.989982999912172,0.27410200004851504,0.07400000004054164,37.52851199999441,602112,17.224343000066256,0.3734030000259736,0.061599999980899156,17.363744000022052,802816,15.424628000005214,0.13480100005835993,0.03919999994650425,0.0,200704,0.0,0.0,0.0,0.0,0,0.0,0.0,0.0,0.0,0
1,chain_3svc,184,62.78852100001586,54.59715299991785,8.19136800009801,1605632,2,21.641879999947378,0.2698020000480028,0.09740000007241179,38.15781600007995,602112,17.138442000032228,0.35410300006333273,0.05939999994097889,17.85704799999621,802816,15.816830999938247,0.1380009999820686,0.02700000004551839,0.0,200704,0.0,0.0,0.0,0.0,0,0.0,0.0,0.0,0.0,0
1,chain_3svc,185,61.43370999996023,53.2581410000148,8.175568999945426,1605632,2,20.78577200006748,0.2710029999661856,0.07330099992941541,37.377510000055736,602112,16.87933999994584,0.34690300003603625,0.05610000005162874,17.578545000105805,802816,15.59302900000148,0.13540100007958245,0.028299999939918052,0.0,200704,0.0,0.0,0.0,0.0,0,0.0,0.0,0.0,0.0,0
1,chain_3svc,186,63.00282199993035,54.91745700021511,8.085364999715239,1605632,2,21.44517800002177,0.27010199994492723,0.08030100002542895,38.54191900006754,602112,17.85474900009376,0.35200199999962933,0.06249999989904609,17.65484700001707,802816,15.617530000099578,0.13860099988960428,0.029399999903034768,0.0,200704,0.0,0.0,0.0,0.0,0,0.0,0.0,0.0,0.0,0
1,chain_3svc,187,62.19791599994551,54.10004800000934,8.09786799993617,1605632,2,21.476377999988472,0.2601019999701748,0.10080100003051484,37.757413000008455,602112,17.015240999967318,0.3403030000299623,0.06150100000468228,17.742447000046013,802816,15.608429000053547,0.13680099993962358,0.02700100003494299,0.0,200704,0.0,0.0,0.0,0.0,0,0.0,0.0,0.0,0.0,0
1,chain_3svc,188,60.93030599993199,53.101740999977665,7.828564999954324,1605632,2,21.4979789999461,0.2596020000282806,0.11560100006136054,36.56630299997232,602112,16.037432999951307,0.3414020000036544,0.060801000017818296,17.525445000046602,802816,15.566329000080259,0.1418009999269998,0.027999999929306796,0.0,200704,0.0,0.0,0.0,0.0,0,0.0,0.0,0.0,0.0,0
1,chain_3svc,189,61.15800699990359,52.946638999969764,8.211367999933827,1605632,2,20.346269000015127,0.2585020000651639,0.10460099997544603,37.8796139999622,602112,16.411335999919174,0.3422030000592713,0.06050100000720704,18.168650999996316,802816,16.189034000035463,0.13920100002451363,0.03349999997226405,0.0,200704,0.0,0.0,0.0,0.0,0,0.0,0.0,0.0,0.0,0
1,chain_3svc,190,63.09792299998662,54.69835300004888,8.39956999993774,1605632,2,21.593979000044783,0.2660019999893848,0.14340099994569755,38.5031189999836,602112,17.279842999982975,0.3475029999435719,0.07350100008807203,18.011150000006637,802816,15.824531000021125,0.14250099991386378,0.029400000016721606,0.0,200704,0.0,0.0,0.0,0.0,0,0.0,0.0,0.0,0.0,0
1,chain_3svc,191,62.98522299994147,55.02465600011419,7.960566999827279,1605632,2,21.65927900000497,0.2646020000156568,0.0845010000602997,38.244616999918435,602112,18.09335000007195,0.3540029999840044,0.06339999993087986,17.304644000091685,802816,15.27202700003727,0.13900099997954385,0.029299999937393295,0.0,200704,0.0,0.0,0.0,0.0,0,0.0,0.0,0.0,0.0,0
1,chain_3svc,192,64.09773100006078,56.397668999920825,7.700062000139951,1605632,2,23.508194999976695,0.27910300002531585,0.10640099992542673,37.81141399997523,602112,16.789439999911338,0.3390030000218758,0.0608000000283937,18.157251000047836,802816,16.100034000032792,0.14540099994064803,0.03000000003794412,0.0,200704,0.0,0.0,0.0,0.0,0,0.0,0.0,0.0,0.0,0
1,chain_3svc,193,62.65741999993679,54.82555400010369,7.831865999833099,1605632,2,22.066983000058826,0.25870199999644683,0.0793000000385291,37.61001100008343,602112,16.38793600000099,0.3377030000137893,0.06949999999505962,18.21705200006818,802816,16.370635000043876,0.14430099997753132,0.030701000014232704,0.0,200704,0.0,0.0,0.0,0.0,0,0.0,0.0,0.0,0.0,0
1,chain_3svc,194,62.182015999951545,54.18264900004033,7.999366999911217,1605632,2,20.49296999996386,0.26430200000504556,0.10590099998353253,38.832522000006975,602112,17.02764100002696,0.3521029999546954,0.0612999999702879,18.81165499992221,802816,16.662038000049506,0.15600099993662297,0.03319999996165279,0.0,200704,0.0,0.0,0.0,0.0,0,0.0,0.0,0.0,0.0,0
1,chain_3svc,195,63.27682400001322,55.24865800009593,8.028165999917292,1605632,2,22.234584999978324,0.26760200000808254,0.07840000000669534,37.980315000027076,602112,16.632538000067143,0.3427030000011655,0.061999999957151886,18.420852000076593,802816,16.381535000050462,0.14950199999930192,0.029900999948040408,0.0,200704,0.0,0.0,0.0,0.0,0,0.0,0.0,0.0,0.0,0
1,chain_3svc,196,61.93181300000106,53.94414800014147,7.987664999859589,1605632,2,21.323277000078633,0.26110199996765004,0.12070100001437822,37.603111999942485,602112,16.45273700000871,0.3405029999612452,0.06330000007892522,18.178151000029175,802816,16.168134000054124,0.16780099997504294,0.031000999911157123,0.0,200704,0.0,0.0,0.0,0.0,0,0.0,0.0,0.0,0.0,0
1,chain_3svc,197,64.52143400008481,56.09036499993181,8.431069000153002,1605632,2,21.12397600001259,0.26310199996260053,0.0774000000092201,40.251234000038494,602112,18.675953999945705,0.37620399996285414,0.06350099999963277,18.438153000033708,802816,16.290434999973513,0.14680100002806284,0.03179999998792482,0.0,200704,0.0,0.0,0.0,0.0,0,0.0,0.0,0.0,0.0,0
1,chain_3svc,198,65.66804400006276,57.743479000009756,7.924565000053008,1605632,2,21.720479999999043,0.25490200005151564,0.08260100003099069,40.86393899990526,602112,19.82246500006113,0.35950299991327483,0.06329999996523838,18.03734899999654,802816,16.200533999949585,0.14030099998763035,0.028400000019246363,0.0,200704,0.0,0.0,0.0,0.0,0,0.0,0.0,0.0,0.0,0
1,chain_3svc,199,60.874904999991486,53.21044199990865,7.664463000082833,1605632,2,21.11957599993275,0.2528020000909237,0.07790000006480113,36.90700599997854,602112,16.636137999967104,0.3639029999931154,0.056299999982911686,17.376843999954872,802816,15.4547280000088,0.14480099991942552,0.027601000056165503,0.0,200704,0.0,0.0,0.0,0.0,0,0.0,0.0,0.0,0.0,0
1,chain_3svc,200,62.63251999996555,54.738253999971676,7.894265999993877,1605632,2,20.413769000015236,0.27280300002985314,0.08070100000168168,39.36472699990645,602112,18.644154999947204,0.37370300003658485,0.06330000007892522,17.653146999919045,802816,15.680330000009235,0.137502000029599,0.028399999905559525,0.0,200704,0.0,0.0,0.0,0.0,0,0.0,0.0,0.0,0.0,0
2,chain_3svc,1,59.97028000001592,52.10291800005962,7.867361999956302,1605632,2,20.770265999999538,0.27000199997928576,0.07740099999864469,36.20008999996571,602112,16.171630000030746,0.35690299989710184,0.059400000054665725,17.152237999994213,802816,15.161022000029334,0.13780099993709882,0.027199999976801337,0.0,200704,0.0,0.0,0.0,0.0,0,0.0,0.0,0.0,0.0,0
2,chain_3svc,2,61.20969000005516,53.607729999953335,7.601960000101826,1605632,2,21.550771999955032,0.27100300007987244,0.08130100002290419,36.54359300003307,602112,17.11713800000325,0.32010200004606304,0.05959999998594867,16.924635999998827,802816,14.939819999995052,0.14240100006190914,0.04999999998744897,0.0,200704,0.0,0.0,0.0,0.0,0,0.0,0.0,0.0,0.0,0
2,chain_3svc,3,60.894587999996475,52.9021240001839,7.992463999812571,1605632,2,20.665766000092844,0.268401999960588,0.09019999993142847,37.1828979999691,602112,17.004136000082326,0.34740299997793045,0.07980099996984791,17.246637999960512,802816,15.232222000008733,0.13650099992901232,0.029901000061727245,0.0,200704,0.0,0.0,0.0,0.0,0,0.0,0.0,0.0,0.0,0
2,chain_3svc,4,60.898387999941406,53.102525999975114,7.7958619999662915,1605632,2,21.095669000033013,0.2695019999237047,0.09830099997998332,36.98919700002534,602112,16.272830999923826,0.3574030000663697,0.060200000007171184,17.816243000083887,802816,15.734026000018275,0.1393009999901551,0.027999999929306796,0.0,200704,0.0,0.0,0.0,0.0,0,0.0,0.0,0.0,0.0,0
2,chain_3svc,5,61.21498999993946,53.11232599979121,8.102664000148252,1605632,2,20.7218659999171,0.2620019999994838,0.07920100006231223,37.60560099999566,602112,16.748734999964654,0.3525020000552104,0.07140000002436864,17.820043000028818,802816,15.641724999909457,0.16460100005133427,0.03060100004859123,0.0,200704,0.0,0.0,0.0,0.0,0,0.0,0.0,0.0,0.0,0
2,chain_3svc,6,60.220781999987594,52.506421000089176,7.7143609998984175,1605632,2,20.887567999920975,0.2659020000237433,0.07879999998294807,36.48409200002334,602112,16.207829000109086,0.3566029998864906,0.05930099996476201,17.331839000007676,802816,15.411024000059115,0.13840099995832134,0.02819999997427658,0.0,200704,0.0,0.0,0.0,0.0,0,0.0,0.0,0.0,0.0,0
2,chain_3svc,7,62.626201000057335,54.642337000018415,7.9838640000389205,1605632,2,21.404372000006333,0.2638019999494645,0.07210000001123262,38.31690700008039,602112,17.572139999970204,0.33970300000873976,0.06130100007339934,17.736541999965993,802816,15.665825000041878,0.13860100000329112,0.028401000008670962,0.0,200704,0.0,0.0,0.0,0.0,0,0.0,0.0,0.0,0.0,0
2,chain_3svc,8,59.206573999972534,51.598413000078835,7.608160999893698,1605632,2,20.13626200005092,0.25780199996461306,0.10139999994862592,36.229789999993045,602112,16.16762900005142,0.34870299998601695,0.061200999994071026,17.200637999962964,802816,15.294521999976496,0.13590100002147665,0.028601000053640746,0.0,200704,0.0,0.0,0.0,0.0,0,0.0,0.0,0.0,0.0,0
2,chain_3svc,9,61.336392000043816,53.54002700005367,7.796364999990146,1605632,2,21.423171000037655,0.2595020000626391,0.11680099999011873,37.003397000034965,602112,17.030235999982324,0.3740030000471961,0.07360099994002667,16.94273600003271,802816,15.08662000003369,0.13810099994771008,0.028300999929342652,0.0,200704,0.0,0.0,0.0,0.0,0,0.0,0.0,0.0,0.0,0
2,chain_3svc,10,60.59698500007471,52.93572400000812,7.661261000066588,1605632,2,20.368362999988676,0.26360200001818157,0.10210100003860134,37.333698999987064,602112,17.099336999990555,0.3438029999642822,0.040399999988949276,17.371138999919822,802816,15.46802400002889,0.13810099994771008,0.026599999955578824,0.0,200704,0.0,0.0,0.0,0.0,0,0.0,0.0,0.0,0.0,0
2,chain_3svc,11,63.986312999986694,56.113350000146056,7.872962999840638,1605632,2,21.802675000003546,0.2836019999676864,0.07740099999864469,39.24721399994269,602112,17.84034300010262,0.37230299994917004,0.03889999993589299,18.488047999994706,802816,16.47033200003989,0.13770099997145735,0.04669999998441199,0.0,200704,0.0,0.0,0.0,0.0,0,0.0,0.0,0.0,0.0,0
2,chain_3svc,12,62.56860100006634,54.89843999987443,7.670161000191911,1605632,2,21.540272999914123,0.25300200002220663,0.11420100008763256,38.112205000061294,602112,17.159336999952757,0.345903000038561,0.05870100005722634,18.19064599999365,802816,16.198830000007547,0.14580099991690076,0.03170000002228335,0.0,200704,0.0,0.0,0.0,0.0,0,0.0,0.0,0.0,0.0,0
2,chain_3svc,13,63.45990799991341,55.75714600001902,7.702761999894392,1605632,2,22.128676999955132,0.2738020000379038,0.07430100004057749,38.40380700000878,602112,18.194246000007297,0.35020300003907323,0.061100000039004954,17.360338999992564,802816,15.43422300005659,0.13600099998711812,0.02860099993995391,0.0,200704,0.0,0.0,0.0,0.0,0,0.0,0.0,0.0,0.0,0
2,chain_3svc,14,63.01600500000859,54.987740000001395,8.028265000007195,1605632,2,20.72046600005706,0.30250199995407456,0.0824009999860209,39.35961500008034,602112,17.997343999923032,0.35000299999410345,0.06060000009711075,18.419046999952116,802816,16.269930000021304,0.13990100001137762,0.029199999971751822,0.0,200704,0.0,0.0,0.0,0.0,0,0.0,0.0,0.0,0.0,0
2,chain_3svc,15,61.501292999992074,53.876232000220625,7.625060999771449,1605632,2,21.003969000048528,0.2597019999939221,0.07549999997991108,37.733301999992364,602112,16.535432000068795,0.3493029998935526,0.03370000001723383,18.401746999984425,802816,16.336831000103302,0.13900099997954385,0.029799999992974335,0.0,200704,0.0,0.0,0.0,0.0,0,0.0,0.0,0.0,0.0,0
2,chain_3svc,16,60.6643860000986,52.486219000002166,8.178167000096437,1605632,2,20.590364999975463,0.26800199998433527,0.1580010000452603,36.99689600000511,602112,16.099827999937588,0.3460030000042025,0.04120100004456617,17.856542999993508,802816,15.796026000089114,0.14420100001188985,0.028300999929342652,0.0,200704,0.0,0.0,0.0,0.0,0,0.0,0.0,0.0,0.0,0
2,chain_3svc,17,60.45338400008404,52.170116999946,8.28326700013804,1605632,2,20.10976099995787,0.2639020000287928,0.07870100000673119,37.23469800002022,602112,16.88173499996992,0.3468030000703948,0.06350000001020817,17.294138000011117,802816,15.178621000018211,0.14460199997756717,0.026800000000548607,0.0,200704,0.0,0.0,0.0,0.0,0,0.0,0.0,0.0,0.0,0
2,chain_3svc,18,60.67758599999706,52.468522000026496,8.209063999970567,1605632,2,20.529865000071368,0.2749020000010205,0.09809999994558893,37.01359700005469,602112,16.437531999940802,0.35150300004715973,0.06010000004152971,17.60534099992128,802816,15.501125000014326,0.17370099999425292,0.028499999984887836,0.0,200704,0.0,0.0,0.0,0.0,0,0.0,0.0,0.0,0.0,0
2,chain_3svc,19,59.26207400000294,51.43551299988758,7.826561000115362,1605632,2,20.599664999963352,0.25730200002271886,0.08170000000973232,35.77668700006598,602112,16.047528999934002,0.34750300005725876,0.05800000008093775,16.86663500004215,802816,14.788318999990224,0.16330100004324777,0.026700000034907134,0.0,200704,0.0,0.0,0.0,0.0,0,0.0,0.0,0.0,0.0,0
2,chain_3svc,20,60.426484000004166,52.56122200012214,7.865261999882023,1605632,2,19.92776000008689,0.261301999898933,0.07380099998499645,37.56340100005673,602112,16.0246290000714,0.34350199996424635,0.05589999989297212,18.57154900005753,802816,16.60883299996385,0.1770019999867145,0.030600000059166632,0.0,200704,0.0,0.0,0.0,0.0,0,0.0,0.0,0.0,0.0,0
2,chain_3svc,21,66.5625330000239,58.76587100010511,7.796661999918797,1605632,2,21.417872000029092,0.26050199994642753,0.0780000000304426,42.42994000003364,602112,20.129961000066032,0.341402999993079,0.06250100000215753,19.471555999984957,802816,17.218038000009983,0.20420199996351585,0.027899999963665323,0.0,200704,0.0,0.0,0.0,0.0,0,0.0,0.0,0.0,0.0,0
2,chain_3svc,22,59.338475999993534,51.89321500006372,7.445260999929815,1605632,2,19.845559000032154,0.259901999925205,0.07259999995312683,36.66279399999439,602112,16.46143100003883,0.34870299998601695,0.03350099996168865,17.377238999984,802816,15.586224999992737,0.13370099998155638,0.024800000005598122,0.0,200704,0.0,0.0,0.0,0.0,0,0.0,0.0,0.0,0.0,0
2,chain_3svc,23,59.44007599998713,51.692014000082054,7.748061999905076,1605632,2,20.533165000074405,0.2571019999777491,0.12120099995627243,36.06968899998719,602112,16.40943100005643,0.36340299993753433,0.032899999951041536,16.742734000104065,802816,14.74941799995122,0.13550100004522392,0.027101000000584463,0.0,200704,0.0,0.0,0.0,0.0,0,0.0,0.0,0.0,0.0,0
2,chain_3svc,24,57.61866199998167,50.00110100013444,7.617560999847228,1605632,2,19.915160000095966,0.25400199990599504,0.07129999994504033,34.853179000037926,602112,15.554824999981065,0.332902999957696,0.056800000038492726,16.498932999979843,802816,14.531116000057409,0.13130100001035316,0.024899999971239595,0.0,200704,0.0,0.0,0.0,0.0,0,0.0,0.0,0.0,0.0,0
2,chain_3svc,25,58.45406900004946,50.61160499997186,7.842464000077598,1605632,2,20.040060000042104,0.3172030000087034,0.07690099994306365,35.44088399996781,602112,15.671124999926178,0.3461030000835308,0.057701000059751095,16.810934999966776,802816,14.900420000003578,0.1476009999805683,0.028000000042993634,0.0,200704,0.0,0.0,0.0,0.0,0,0.0,0.0,0.0,0.0,0
2,chain_3svc,26,58.48246800007928,50.77330599999641,7.70916200008287,1605632,2,19.964859999959117,0.2585020000651639,0.07070000003750465,35.614784999893345,602112,15.433023000014146,0.3242029999910301,0.05810099992231699,17.415640000081112,802816,15.375423000023147,0.13520099992092582,0.02910099999553495,0.0,200704,0.0,0.0,0.0,0.0,0,0.0,0.0,0.0,0.0,0
2,chain_3svc,27,60.35338399999546,52.491920999955255,7.861463000040203,1605632,2,20.731166000018675,0.27240199995048897,0.12570100000175444,36.64679400003479,602112,16.70433399999638,0.35130300000218995,0.06059999998342391,17.016636999983348,802816,15.056420999940201,0.13960100000076636,0.028100000008635106,0.0,200704,0.0,0.0,0.0,0.0,0,0.0,0.0,0.0,0.0,0
2,chain_3svc,28,61.41659200000049,53.23782699997537,8.178765000025123,1605632,2,19.932059999973717,0.27070199996614974,0.12280099997497018,38.47160800000893,602112,17.365939000001163,0.35020300003907323,0.06040000005214097,18.042944999933752,802816,15.939828000000489,0.13940100006948342,0.028400000019246363,0.0,200704,0.0,0.0,0.0,0.0,0,0.0,0.0,0.0,0.0,0
2,chain_3svc,29,59.26367500001106,51.24241099997562,8.021264000035444,1605632,2,20.53006500000265,0.2668020000555771,0.08479999996779952,35.7988870000554,602112,16.548231999991003,0.33910299998751725,0.053600999990521814,16.185829999926682,802816,14.164113999981964,0.1318010000659342,0.026000000048043148,0.0,200704,0.0,0.0,0.0,0.0,0,0.0,0.0,0.0,0.0,0
2,chain_3svc,30,57.48275999997077,49.57519699985369,7.907563000117079,1605632,2,19.797457999970902,0.25340199999845936,0.09680100004061387,34.79877799998121,602112,15.53832499996588,0.3368019999925309,0.052400000072339026,16.108128999917426,802816,14.239413999916906,0.13410100007149595,0.02510000001620938,0.0,200704,0.0,0.0,0.0,0.0,0,0.0,0.0,0.0,0.0,0
2,chain_3svc,31,57.68056199997318,50.16020200014282,7.520359999830362,1605632,2,19.360255000037796,0.25080199998228636,0.07199999993190431,35.426884000003156,602112,15.785327000003235,0.3291020000233402,0.05679999992480589,16.8944360000296,802816,15.014620000101786,0.16500099991390016,0.027099999897473026,0.0,200704,0.0,0.0,0.0,0.0,0,0.0,0.0,0.0,0.0,0
2,chain_3svc,32,58.41396799996801,50.73720600012166,7.676761999846349,1605632,2,20.538063999993028,0.25340199999845936,0.10810099990976596,35.07958099999087,602112,15.628425000045354,0.3547029999708684,0.0595010000097318,16.566332999900624,802816,14.570717000083278,0.13140099997599464,0.025800000003073364,0.0,200704,0.0,0.0,0.0,0.0,0,0.0,0.0,0.0,0.0,0
2,chain_3svc,33,58.80497100008597,51.30940999993072,7.495561000155249,1605632,2,19.953058999931272,0.25150199996915035,0.07680100009110902,36.157088999971165,602112,15.212821999966764,0.349903000028462,0.05570000007537601,18.1131459999051,802816,16.143529000032686,0.13310099996033387,0.030100000003585592,0.0,200704,0.0,0.0,0.0,0.0,0,0.0,0.0,0.0,0.0,0
2,chain_3svc,34,59.066172999905575,51.275809999992816,7.790362999912759,1605632,2,20.235061999983373,0.25720199994339055,0.10350100001232931,35.955188000002636,602112,15.983628000071803,0.3356029999395105,0.0612999999702879,16.97333599997819,802816,15.05711999993764,0.1343019999922035,0.03939999999147403,0.0,200704,0.0,0.0,0.0,0.0,0,0.0,0.0,0.0,0.0,0
2,chain_3svc,35,61.02398899997752,53.19932600013999,7.824662999837528,1605632,2,20.71146600007978,0.2538019999747121,0.06969999992634257,37.35969900003511,602112,17.600641000058204,0.351901999920301,0.06180100001529354,16.883734999964872,802816,14.887219000002005,0.138202000016463,0.02649999998993735,0.0,200704,0.0,0.0,0.0,0.0,0,0.0,0.0,0.0,0.0,0
2,chain_3svc,36,59.38347599999361,51.57011300002523,7.813362999968376,1605632,2,20.254661999956625,0.25100200002725614,0.08660100002089166,36.23059000005924,602112,16.294031000029463,0.3714030000310231,0.03319999996165279,17.088237000052686,802816,15.021420000039143,0.1362010000320879,0.026800000000548607,0.0,200704,0.0,0.0,0.0,0.0,0,0.0,0.0,0.0,0.0,0
2,chain_3svc,37,60.26588299994273,52.229517999990094,8.036364999952639,1605632,2,20.99766800006364,0.26230200001009507,0.08920099992337782,36.36759100004383,602112,15.899026999932175,0.3465030000597835,0.058501000012256554,17.35843900007694,802816,15.332822999994278,0.14540100005433487,0.028400000019246363,0.0,200704,0.0,0.0,0.0,0.0,0,0.0,0.0,0.0,0.0,0
2,chain_3svc,38,60.83838699998978,52.825822000045264,8.012564999944516,1605632,2,20.849967000003744,0.26180199995451403,0.10330100008104637,37.01439600001777,602112,17.051536000053602,0.3462029999354854,0.06020099999659578,16.88563499999418,802816,14.924318999987918,0.1395020000245495,0.028100000008635106,0.0,200704,0.0,0.0,0.0,0.0,0,0.0,0.0,0.0,0.0,0
2,chain_3svc,39,64.23411399998713,56.460251999965294,7.773862000021836,1605632,2,21.972075999997287,0.26820200002930505,0.1221009999881062,39.42391600003248,602112,19.135553000069194,0.3427030000011655,0.04709999996066472,17.289637999965635,802816,15.352622999898813,0.13780100005078566,0.029800000106661173,0.0,200704,0.0,0.0,0.0,0.0,0,0.0,0.0,0.0,0.0,0
2,chain_3svc,40,60.70898699999816,52.76442199999565,7.9445650000025125,1605632,2,20.350462999999763,0.2603020000151446,0.0985010000249531,37.456900000051974,602112,16.44803099998171,0.3383030000350118,0.06010100003095431,18.21164599994063,802816,15.965928000014173,0.15560199994979484,0.029799999992974335,0.0,200704,0.0,0.0,0.0,0.0,0,0.0,0.0,0.0,0.0,0
2,chain_3svc,41,59.573677000003045,51.51591300000291,8.057764000000134,1605632,2,20.07466099996691,0.2568019999671378,0.11740100001134124,36.551992999989125,602112,15.86742699998922,0.3369020000718592,0.058900999988509284,17.782542999952966,802816,15.573825000046781,0.14280099992447504,0.09810100004870037,0.0,200704,0.0,0.0,0.0,0.0,0,0.0,0.0,0.0,0.0,0
2,chain_3svc,42,60.49118499993256,52.813923000144314,7.677261999788243,1605632,2,20.92566800001805,0.27440199994543946,0.08090100004665146,36.73989500009611,602112,16.318130000058773,0.340003000019351,0.08450099994661286,17.446540000037203,802816,15.570125000067492,0.1400009999770191,0.027899999963665323,0.0,200704,0.0,0.0,0.0,0.0,0,0.0,0.0,0.0,0.0,0
2,chain_3svc,43,60.28318299991042,52.38061900001867,7.902563999891754,1605632,2,19.936759999950482,0.24960200005352817,0.10050100001990359,37.35570000003463,602112,17.067635999978847,0.3372030000718951,0.06050100000720704,17.332039000052646,802816,15.37622300008934,0.14040199994269642,0.027599999953054066,0.0,200704,0.0,0.0,0.0,0.0,0,0.0,0.0,0.0,0.0,0
2,chain_3svc,44,60.787086999994244,52.965824999887445,7.821262000106799,1605632,2,20.803766999961226,0.2557020000040211,0.07029999994756508,36.93589600004543,602112,16.932536000012988,0.332902999957696,0.058899999999084685,17.154737999931058,802816,15.229521999913231,0.13520100003461266,0.02779999999802385,0.0,200704,0.0,0.0,0.0,0.0,0,0.0,0.0,0.0,0.0,0
2,chain_3svc,45,65.12122200001613,57.332957999960854,7.788264000055278,1605632,2,25.821506999932353,0.2694020000717501,0.06880000000819564,36.36899100001756,602112,16.178029000002425,0.34420299994053494,0.03710099997533689,17.419239999981073,802816,15.333422000026076,0.13750099992648757,0.027301000045554247,0.0,200704,0.0,0.0,0.0,0.0,0,0.0,0.0,0.0,0.0,0
2,chain_3svc,46,60.836588000029224,53.01932500003659,7.817262999992636,1605632,2,21.26457000008486,0.31540299994503584,0.09680099992692703,36.58009299999776,602112,16.281030999948598,0.34690200004661165,0.07049999999253487,17.362939000008737,802816,15.47372400000313,0.13770099997145735,0.03100000003541936,0.0,200704,0.0,0.0,0.0,0.0,0,0.0,0.0,0.0,0.0,0
2,chain_3svc,47,63.5444090000874,55.43084399982945,8.11356500025795,1605632,2,21.29627099998288,0.26170199998887256,0.089399999978923,39.32951499996307,602112,17.739041999902838,0.3549030000158382,0.04850000004807953,18.449347999990096,802816,16.39553099994373,0.14370100006999564,0.03179999998792482,0.0,200704,0.0,0.0,0.0,0.0,0,0.0,0.0,0.0,0.0,0
2,chain_3svc,48,61.96319599996514,53.80493100005879,8.15826499990635,1605632,2,21.506971999997404,0.2628030000551007,0.10300099995674827,37.43000000008578,602112,17.31133900000259,0.35580300004767196,0.06169999994654063,17.092437000087557,802816,14.986620000058792,0.1393019999795797,0.02999999992425728,0.0,200704,0.0,0.0,0.0,0.0,0,0.0,0.0,0.0,0.0,0
2,chain_3svc,49,60.523584999941704,52.46911999995518,8.054464999986521,1605632,2,20.33206299995527,0.2650020001055964,0.08460100002594118,37.26799799994751,602112,16.901034999932563,0.35150300004715973,0.06150000001525768,17.2903379999525,802816,15.23602200006735,0.1385009999239628,0.028699999916170782,0.0,200704,0.0,0.0,0.0,0.0,0,0.0,0.0,0.0,0.0,0
2,chain_3svc,50,65.50592500002494,57.006355999988045,8.4995690000369,1605632,2,22.67228100004104,0.29750299995612295,0.08660100002089166,39.84531899993726,602112,18.35054699995453,0.35000299999410345,0.06220099999154627,18.412947000001623,802816,15.983527999992475,0.14300099996944482,0.032000000032894604,0.0,200704,0.0,0.0,0.0,0.0,0,0.0,0.0,0.0,0.0,0
2,chain_3svc,51,62.56300100005774,54.411434999906305,8.151566000151433,1605632,2,22.856782999951974,0.3296019999652344,0.1024010000492126,36.58959300003062,602112,16.86833500002649,0.34560300002794975,0.058400999932928244,16.736334000029274,802816,14.68631699992784,0.1390010000932307,0.02830100004302949,0.0,200704,0.0,0.0,0.0,0.0,0,0.0,0.0,0.0,0.0,0
2,chain_3svc,52,60.22298300001694,52.503820999959316,7.719162000057622,1605632,2,20.725265999999465,0.2727019999611002,0.07660000005671463,36.63359400002264,602112,16.76223399999799,0.34150299995872047,0.06220099999154627,17.025436999915655,802816,15.016320999961863,0.13660100000834063,0.027599999953054066,0.0,200704,0.0,0.0,0.0,0.0,0,0.0,0.0,0.0,0.0,0
2,chain_3svc,53,61.54159300001538,53.677431000096476,7.864161999918906,1605632,2,21.04506900002434,0.27410200004851504,0.11800099991887691,37.43619900001249,602112,17.28413900002579,0.3579030000082639,0.05920000000969594,17.388740000001235,802816,15.348223000046346,0.13550099993153708,0.027899999963665323,0.0,200704,0.0,0.0,0.0,0.0,0,0.0,0.0,0.0,0.0,0
2,chain_3svc,54,59.517776999996386,51.46771300007913,8.050063999917256,1605632,2,20.402463999971587,0.2668020000555771,0.07510000000365835,36.13728899995294,602112,16.294931000061297,0.37040299991986103,0.06499999994957761,16.721334000067145,802816,14.770318000046245,0.1354009999658956,0.024899999971239595,0.0,200704,0.0,0.0,0.0,0.0,0,0.0,0.0,0.0,0.0,0
2,chain_3svc,55,59.20157399998516,51.55481300005249,7.646760999932667,1605632,2,21.09846899998047,0.26930199999242177,0.07080099999257072,35.138582000058705,602112,15.730525999970268,0.33360300005824683,0.03489999994599202,16.654134000077647,802816,14.725818000101754,0.13560099989717855,0.027499999987412593,0.0,200704,0.0,0.0,0.0,0.0,0,0.0,0.0,0.0,0.0,0
2,chain_3svc,56,59.96758100002353,52.1873189999269,7.780262000096627,1605632,2,20.788766999999098,0.2562019999459153,0.07389999996121333,36.26289099997848,602112,16.197130000023208,0.3456029999142629,0.056699999959164415,17.155737999928533,802816,15.201421999904596,0.13290100002905092,0.02700000004551839,0.0,200704,0.0,0.0,0.0,0.0,0,0.0,0.0,0.0,0.0,0
2,chain_3svc,57,60.91848799997024,52.61692299995957,8.301565000010669,1605632,2,21.09756900006232,0.2608019999570388,0.07580099997994694,36.53629300004013,602112,16.48873299996012,0.3369020000718592,0.062100000036480196,17.100436999953672,802816,15.030620999937128,0.13240099997346988,0.029000000040468876,0.0,200704,0.0,0.0,0.0,0.0,0,0.0,0.0,0.0,0.0,0
2,chain_3svc,58,61.14749000005304,53.32472700013113,7.822762999921906,1605632,2,20.763066000085928,0.2531019999878481,0.08840099997087236,37.51509999995051,602112,17.024836000018695,0.35160299989911437,0.08550100005777495,17.4726399999372,802816,15.53682500002651,0.14210099993761105,0.02740000002177112,0.0,200704,0.0,0.0,0.0,0.0,0,0.0,0.0,0.0,0.0,0
2,chain_3svc,59,58.175366000000395,50.3091029999041,7.866263000096296,1605632,2,19.856558999890694,0.27010200005861407,0.072301000045627,35.386883000001035,602112,16.171330000020134,0.33710200000314217,0.043000000005122274,16.337629999952696,802816,14.28121399999327,0.13460200000281475,0.02660000006926566,0.0,200704,0.0,0.0,0.0,0.0,0,0.0,0.0,0.0,0.0,0
2,chain_3svc,60,60.39638400000058,52.8423240000393,7.554059999961282,1605632,2,21.004969000046003,0.2742020000141565,0.09499999998752173,36.56989299997804,602112,17.01943599994138,0.3671030000305109,0.05870100005722634,16.786733999992975,802816,14.817919000051916,0.1330009999946924,0.04409999996823899,0.0,200704,0.0,0.0,0.0,0.0,0,0.0,0.0,0.0,0.0,0
2,chain_3svc,61,58.224970999958714,50.476507000098536,7.748463999860178,1605632,2,19.98506000006728,0.27310199993735296,0.12540099999114318,35.2315869999984,602112,16.042929000036565,0.3324030000158018,0.05880100002286781,16.33483399996294,802816,14.448517999994692,0.1533019999442331,0.033001000019794446,0.0,200704,0.0,0.0,0.0,0.0,0,0.0,0.0,0.0,0.0,0
2,chain_3svc,62,57.552472999987,49.608107999915774,7.94436500007123,1605632,2,19.803962999958458,0.25420200006465166,0.0780000000304426,34.71138499992321,602112,15.775029999986145,0.33410200001071644,0.056300000096598524,16.00913100003254,802816,14.02911499997117,0.13160100002096442,0.025500999981886707,0.0,200704,0.0,0.0,0.0,0.0,0,0.0,0.0,0.0,0.0,0
2,chain_3svc,63,60.7760990000088,53.110334999928455,7.665764000080344,1605632,2,21.93868000006205,0.2709030000005441,0.07429999993746605,35.93449499999224,602112,16.162931999929242,0.33990300005370955,0.07460100005118875,16.970039000057113,802816,15.008722999937163,0.13450100004774868,0.026501000093048788,0.0,200704,0.0,0.0,0.0,0.0,0,0.0,0.0,0.0,0.0,0
2,chain_3svc,64,61.59780600000886,53.57414000002336,8.023665999985496,1605632,2,21.643078000010973,0.26740199996311276,0.08769999999458378,36.96060300001136,602112,16.457235000075343,0.34850299994104716,0.05490099999860831,17.458443000009538,802816,15.473826999937046,0.1330009999946924,0.02649999998993735,0.0,200704,0.0,0.0,0.0,0.0,0,0.0,0.0,0.0,0.0,0
2,chain_3svc,65,59.9550919999956,52.26882799991017,7.68626400008543,1605632,2,21.552576999965822,0.2668020000555771,0.11760099994262418,35.562991999995575,602112,16.023230999962834,0.348503000054734,0.05650100001730607,16.585636000058912,802816,14.693019999981516,0.13350100005027343,0.025300999936916924,0.0,200704,0.0,0.0,0.0,0.0,0,0.0,0.0,0.0,0.0,0
2,chain_3svc,66,61.083702000019,53.505040000004556,7.578662000014447,1605632,2,21.68487799997365,0.26900200009549735,0.10740099992290197,36.53350000001865,602112,16.409135000003516,0.3304020000314267,0.0595010000097318,17.29294199992637,802816,15.411027000027389,0.1374009999608461,0.026599999955578824,0.0,200704,0.0,0.0,0.0,0.0,0,0.0,0.0,0.0,0.0,0
2,chain_3svc,67,60.896500000012566,52.89123500006099,8.005264999951578,1605632,2,21.101873000020532,0.26620199992066773,0.12390100005177374,36.72360099994876,602112,16.49633600004563,0.3464029999804552,0.057599999990998185,17.31034199997339,802816,15.293025999994825,0.13340099997094512,0.02559999995810358,0.0,200704,0.0,0.0,0.0,0.0,0,0.0,0.0,0.0,0.0,0
2,chain_3svc,68,61.666906000027666,53.574239999989004,8.092666000038662,1605632,2,21.082872999954816,0.265003000095021,0.09300099998199585,37.59780899997622,602112,17.509743999994498,0.34610299996984395,0.06050000001778244,17.06304000003911,802816,14.98162300003969,0.1297009999916554,0.028499999984887836,0.0,200704,0.0,0.0,0.0,0.0,0,0.0,0.0,0.0,0.0,0
2,chain_3svc,69,59.513889000072595,52.06202800002302,7.4518610000495755,1605632,2,19.823363000000427,0.25660200003585487,0.08380099995974888,37.07640499999343,602112,17.091240000013386,0.34020299995063397,0.0595010000097318,17.062440000017887,802816,15.147425000009207,0.14070099996388308,0.02660000006926566,0.0,200704,0.0,0.0,0.0,0.0,0,0.0,0.0,0.0,0.0,0
2,chain_3svc,70,59.23138699995434,51.26032100008615,7.971065999868188,1605632,2,20.128365999994458,0.26180199995451403,0.1619010000695198,36.17799699998159,602112,15.903030000004037,0.3368029999819555,0.03750100006527646,17.27374199992937,802816,15.228925000087656,0.16560199992454727,0.02859999995052931,0.0,200704,0.0,0.0,0.0,0.0,0,0.0,0.0,0.0,0.0,0
2,chain_3svc,71,60.508397000035075,52.777534999904674,7.730862000130401,1605632,2,21.272374999966814,0.2563020000252436,0.07160000006933842,36.330499000087,602112,16.377934999923127,0.3416030000380488,0.05400000009103678,17.103641000062453,802816,15.127225000014732,0.13970099996640784,0.029400000016721606,0.0,200704,0.0,0.0,0.0,0.0,0,0.0,0.0,0.0,0.0,0
2,chain_3svc,72,57.68807399999787,50.072611000018696,7.615462999979172,1605632,2,20.144465000043965,0.2901029999975435,0.07080099999257072,34.62348400000792,602112,15.68422900004407,0.3401029999849925,0.05780099991170573,16.084831999933158,802816,14.243916999930661,0.13260100001843966,0.02649999998993735,0.0,200704,0.0,0.0,0.0,0.0,0,0.0,0.0,0.0,0.0,0
2,chain_3svc,73,59.13798599999609,51.204118999976345,7.933867000019745,1605632,2,20.253666000030535,0.2664029999550621,0.07249999998748535,35.871994999979506,602112,15.509826999959841,0.3385030000799816,0.03180099997734942,17.448242999989816,802816,15.440625999985969,0.13120199992044945,0.028100999998059706,0.0,200704,0.0,0.0,0.0,0.0,0,0.0,0.0,0.0,0.0,0
2,chain_3svc,74,59.25358700005745,51.345422000053986,7.908165000003464,1605632,2,21.07827300005738,0.2683019999949465,0.07260099994255143,35.11188800007403,602112,15.528328000073088,0.3482029999304359,0.05779999992228113,16.611136999927112,802816,14.738820999923519,0.14020100002198888,0.025499999992462108,0.0,200704,0.0,0.0,0.0,0.0,0,0.0,0.0,0.0,0.0,0
2,chain_3svc,75,60.49479699993299,52.42162999991251,8.073167000020476,1605632,2,21.34347499998057,0.27010199994492723,0.11000100005276181,36.12619600005473,602112,16.193632999943475,0.34320300005674653,0.059401000044090324,16.885139000009985,802816,14.884521999988465,0.13610100006644643,0.026199999979326094,0.0,200704,0.0,0.0,0.0,0.0,0,0.0,0.0,0.0,0.0,0
2,chain_3svc,76,59.302186999957485,51.35462100008681,7.947565999870676,1605632,2,20.408867000014652,0.26310199996260053,0.07100100003754051,35.770494000075814,602112,16.268534000005275,0.3558029999339851,0.033799999982875306,16.549235999946177,802816,14.677220000066882,0.1398009999320493,0.026401000013720477,0.0,200704,0.0,0.0,0.0,0.0,0,0.0,0.0,0.0,0.0,0
2,chain_3svc,77,61.96690900003432,54.15574500000275,7.811164000031567,1605632,2,21.851079000043683,0.27440299993486406,0.08280099996227364,37.06040399993071,602112,16.96254000000863,0.33710200000314217,0.06280000002334418,17.317043000048216,802816,15.34212599995044,0.13830099999267986,0.03040000001419685,0.0,200704,0.0,0.0,0.0,0.0,0,0.0,0.0,0.0,0.0,0
2,chain_3svc,78,58.44827999999325,50.77841700006047,7.669862999932775,1605632,2,20.175866000045062,0.2557020000040211,0.06939999991573131,35.430690999987746,602112,15.61912800002574,0.3379029999450722,0.07549999997991108,16.88093799998569,802816,14.98342299998967,0.13260100001843966,0.028299999939918052,0.0,200704,0.0,0.0,0.0,0.0,0,0.0,0.0,0.0,0.0,0
2,chain_3svc,79,58.426579999945716,50.7403169999634,7.686262999982318,1605632,2,20.456867999996575,0.2555019999590513,0.08020100005978748,35.18308899992917,602112,15.43012699994506,0.34110199999304314,0.06100100006278808,16.835738000054334,802816,14.853322000021763,0.13270099998408114,0.026199999979326094,0.0,200704,0.0,0.0,0.0,0.0,0,0.0,0.0,0.0,0.0,0
2,chain_3svc,80,61.73640700001215,53.70784100000492,8.028566000007231,1605632,2,21.128073999989283,0.25790200004394137,0.08110099997793441,37.72371000002295,602112,16.628635999950347,0.3869040000381574,0.05920099999912054,17.933946999960426,802816,15.951131000065288,0.13390099991283932,0.02780099998744845,0.0,200704,0.0,0.0,0.0,0.0,0,0.0,0.0,0.0,0.0,0
2,chain_3svc,81,58.70968199997151,51.20851999993192,7.501162000039585,1605632,2,20.542267999985597,0.2748030000248036,0.07650100008049776,35.3945899998962,602112,16.101331999948343,0.35470300008455524,0.05650100001730607,16.402534999997442,802816,14.564919999997983,0.13550099993153708,0.024600000074315176,0.0,200704,0.0,0.0,0.0,0.0,0,0.0,0.0,0.0,0.0,0
2,chain_3svc,82,59.081484999978784,51.27952199995889,7.801963000019896,1605632,2,20.448868000016773,0.2589019999277298,0.08680000007643685,35.64239299998917,602112,16.24253399995723,0.3311020000182907,0.059800000030918454,16.641337000010026,802816,14.588119999984883,0.1395010000351249,0.02910000000611035,0.0,200704,0.0,0.0,0.0,0.0,0,0.0,0.0,0.0,0.0,0
2,chain_3svc,83,61.393803999976626,53.53623999997126,7.857564000005368,1605632,2,20.724070000028405,0.26190200003384234,0.10220100000424281,37.740409999969415,602112,17.44904299994232,0.3403030000299623,0.056801000027917325,17.33804200000577,802816,15.363127000000532,0.14950100000987732,0.04009999997833802,0.0,200704,0.0,0.0,0.0,0.0,0,0.0,0.0,0.0,0.0,0
2,chain_3svc,84,60.43309599999702,52.550731999986056,7.882364000010966,1605632,2,20.599268999944798,0.26300199999695906,0.07410099999560771,37.02350399998977,602112,16.36543500001153,0.34280299996680696,0.060700000062752224,17.653245000019524,802816,15.586028000029728,0.17210099997555517,0.027999999929306796,0.0,200704,0.0,0.0,0.0,0.0,0,0.0,0.0,0.0,0.0,0
2,chain_3svc,85,58.444180000037704,51.026517999844145,7.417662000193559,1605632,2,19.788161999940712,0.26050200006011437,0.07010100000570674,35.82819500002188,602112,16.692536999926233,0.35080300006029574,0.06010100003095431,16.357933999984198,802816,14.5458189999772,0.14200099997196958,0.027301000045554247,0.0,200704,0.0,0.0,0.0,0.0,0,0.0,0.0,0.0,0.0,0
2,chain_3svc,86,58.63508200002343,50.81431800010705,7.82076399991638,1605632,2,20.12216499997521,0.26640200007932435,0.07420099996124918,35.55689200004508,602112,16.009332000066934,0.3497019999940676,0.05899999996472616,16.65503600008833,802816,14.682821000064905,0.13500099998964288,0.026700000034907134,0.0,200704,0.0,0.0,0.0,0.0,0,0.0,0.0,0.0,0.0,0
2,chain_3svc,87,61.25380299999961,53.233137000006536,8.02066599999307,1605632,2,21.363175000033152,0.26230200001009507,0.11010100001840328,36.819401999991896,602112,17.14314100001957,0.341402999993079,0.06039999993845413,16.685537000057593,802816,14.726820999953816,0.14160099999571685,0.03410099998291116,0.0,200704,0.0,0.0,0.0,0.0,0,0.0,0.0,0.0,0.0,0
2,chain_3svc,88,65.5583379999598,57.336269999836986,8.222068000122817,1605632,2,21.759177999911117,0.26310300006571197,0.11090100008459558,40.89313600002242,602112,18.115048999902683,0.3555030000370607,0.06180000002586894,19.723861999978,802816,17.462043000023186,0.1406009999982416,0.04140099997584912,0.0,200704,0.0,0.0,0.0,0.0,0,0.0,0.0,0.0,0.0,0
2,chain_3svc,89,62.09101000001738,54.22794599996905,7.863064000048325,1605632,2,23.006688999998914,0.2622020000444536,0.09700099997189682,36.058996000065235,602112,16.520035999974425,0.32750200000464247,0.05930100007844885,16.684337000015148,802816,14.701220999995712,0.13710099995023484,0.027700000032382377,0.0,200704,0.0,0.0,0.0,0.0,0,0.0,0.0,0.0,0.0,0
2,chain_3svc,90,61.69120599997768,53.87564199997996,7.815563999997721,1605632,2,21.418875999984266,0.2747019999560507,0.08090100004665146,37.38410699997985,602112,17.585144000008768,0.349903000028462,0.06040099992787873,16.769237999938014,802816,14.871621999986928,0.13950199991086265,0.02610000001368462,0.0,200704,0.0,0.0,0.0,0.0,0,0.0,0.0,0.0,0.0,0
2,chain_3svc,91,59.19078600004468,51.474722000079964,7.716063999964717,1605632,2,20.672370000056617,0.26230200001009507,0.0726999999187683,35.499990999937836,602112,16.5064349999966,0.35760299999765266,0.0618009999016067,16.132632999983798,802816,14.295917000026748,0.13600099998711812,0.026599999955578824,0.0,200704,0.0,0.0,0.0,0.0,0,0.0,0.0,0.0,0.0,0
2,chain_3svc,92,59.595489000003,51.95322599990959,7.642263000093408,1605632,2,20.420666999939385,0.26450200005001534,0.0858010000683862,36.30929799999194,602112,16.65763699998024,0.3472020000572229,0.0582010000016453,16.764437999995607,802816,14.874921999989965,0.13770199996088195,0.02870000002985762,0.0,200704,0.0,0.0,0.0,0.0,0,0.0,0.0,0.0,0.0,0
2,chain_3svc,93,59.75928999998814,51.853725999990274,7.905563999997867,1605632,2,20.548769000015454,0.27260199999545875,0.082299999917268,36.1646970000038,602112,16.207732999987456,0.34770300010222854,0.05880099990918097,17.089339999984077,802816,15.097223999987364,0.14040099995327182,0.02700000004551839,0.0,200704,0.0,0.0,0.0,0.0,0,0.0,0.0,0.0,0.0,0
2,chain_3svc,94,59.143186000028436,51.35002200006511,7.793163999963326,1605632,2,20.36586700000953,0.27080300003490265,0.07520099995872442,35.734094000076766,602112,16.156733000002532,0.338802999976906,0.0586999999541149,16.7732380000416,802816,14.827422000053048,0.1328009999497226,0.02779999999802385,0.0,200704,0.0,0.0,0.0,0.0,0,0.0,0.0,0.0,0.0,0
2,chain_3svc,95,60.27359500001239,52.49063100006879,7.782963999943604,1605632,2,21.081073000004835,0.2795030000015686,0.07169999992129306,36.38159899992388,602112,16.39593499999137,0.33710299999256677,0.053800000046067,17.019340000047123,802816,15.013623000072585,0.1597009999159127,0.02649999998993735,0.0,200704,0.0,0.0,0.0,0.0,0,0.0,0.0,0.0,0.0,0
2,chain_3svc,96,60.019592000003286,52.29113000007146,7.728461999931824,1605632,2,20.130265000034342,0.27240299993991357,0.07029999994756508,36.888303000068845,602112,17.79154700000163,0.3471019999778946,0.05899999996472616,16.194032999919727,802816,14.369318000035491,0.1348009999446731,0.031601000046066474,0.0,200704,0.0,0.0,0.0,0.0,0,0.0,0.0,0.0,0.0,0
2,chain_3svc,97,59.32818700000553,51.40162200007126,7.926564999934271,1605632,2,19.983163999995668,0.27450300001419237,0.07169999992129306,36.48399999997309,602112,16.79443800003355,0.3567029999658189,0.06050100000720704,16.623036999931173,802816,14.624020000042037,0.13260100001843966,0.046899999915694934,0.0,200704,0.0,0.0,0.0,0.0,0,0.0,0.0,0.0,0.0,0
2,chain_3svc,98,60.45559699998648,52.47733199996674,7.978265000019746,1605632,2,20.87367199999335,0.26870199997119926,0.08020000007036288,36.53149999991001,602112,16.763738000008743,0.3486030000203755,0.03300000003036985,16.76513799998247,802816,14.839921999964645,0.1362010000320879,0.02649999998993735,0.0,200704,0.0,0.0,0.0,0.0,0,0.0,0.0,0.0,0.0,0
2,chain_3svc,99,58.98928399994929,51.33822200002669,7.651061999922604,1605632,2,20.1940659999309,0.2704020000692253,0.0747999999930471,35.75799399993684,602112,16.11683200007974,0.3508029999466089,0.041200999930879334,16.824238000026526,802816,15.027324000016051,0.1335009999365866,0.02870000002985762,0.0,200704,0.0,0.0,0.0,0.0,0,0.0,0.0,0.0,0.0,0
2,chain_3svc,100,59.01358500000242,51.113919999920654,7.899665000081768,1605632,2,20.954171999960636,0.2690029999712351,0.07640000001174485,35.01648799999657,602112,15.667928999960168,0.340703000006215,0.058899999999084685,16.358335000063562,802816,14.49181899999985,0.13730099999520462,0.026700000034907134,0.0,200704,0.0,0.0,0.0,0.0,0,0.0,0.0,0.0,0.0,0
2,chain_3svc,101,60.53979699993306,52.62563299993417,7.914163999998891,1605632,2,21.13907399996151,0.27200199997423624,0.0889000000370288,36.35519900001327,602112,16.60253600005035,0.34670299999106646,0.05829999997786217,16.831637999985105,802816,14.884022999922308,0.13910100005887216,0.027199999976801337,0.0,200704,0.0,0.0,0.0,0.0,0,0.0,0.0,0.0,0.0,0
2,chain_3svc,102,58.51578099998278,50.673415999995086,7.842364999987694,1605632,2,19.84966300005908,0.2871030000051178,0.07259999995312683,35.73179399995752,602112,16.222132999928363,0.33710299999256677,0.05960100008906011,16.549435999991147,802816,14.601620000007642,0.13270099998408114,0.025399999913133797,0.0,200704,0.0,0.0,0.0,0.0,0,0.0,0.0,0.0,0.0,0
2,chain_3svc,103,62.79631600000357,53.64734100010082,9.148974999902748,1605632,2,21.08257300005789,0.26670199997624877,0.0998010000330396,38.18281299993487,602112,16.898239000056492,0.3456019999248383,0.06190099998093501,17.776846000060686,802816,15.66652899998644,0.14210099993761105,0.02649999998993735,0.0,200704,0.0,0.0,0.0,0.0,0,0.0,0.0,0.0,0.0,0
2,chain_3svc,104,59.070184999995945,51.29971999997451,7.7704650000214315,1605632,2,20.360966999987795,0.26000200000453333,0.07440000001679437,35.77509399997325,602112,16.497435000019323,0.35310299995217065,0.059401000044090324,16.32163399995079,802816,14.441317999967396,0.1369010000189519,0.028401000008670962,0.0,200704,0.0,0.0,0.0,0.0,0,0.0,0.0,0.0,0.0,0
2,chain_3svc,105,59.278986999970584,51.27732199991897,8.001665000051617,1605632,2,20.17126600003394,0.27440199994543946,0.10700099994664924,36.031896000054076,602112,16.429634999894915,0.3690030000598199,0.057700000070326496,16.66403599995192,802816,14.676420999990114,0.1325010000527982,0.02729999994244281,0.0,200704,0.0,0.0,0.0,0.0,0,0.0,0.0,0.0,0.0,0
2,chain_3svc,106,60.15789399998539,51.60752499989485,8.55036900009054,1605632,2,20.880872000020645,0.2652020000368793,0.07629999993241654,36.44589900000028,602112,16.405034999934287,0.3773030000502331,0.05310100004862761,16.203832999963197,802816,14.321617999939917,0.13320100003966218,0.02819999997427658,0.0,200704,0.0,0.0,0.0,0.0,0,0.0,0.0,0.0,0.0,0
2,chain_3svc,107,60.91319999995903,52.86173399997551,8.05146599998352,1605632,2,20.622469000045385,0.26810199994997674,0.09750099991379102,37.216604999912306,602112,17.491643999960615,0.35240299996530666,0.058899999999084685,16.724038000006658,802816,14.747620999969513,0.13660100000834063,0.028499999984887836,0.0,200704,0.0,0.0,0.0,0.0,0,0.0,0.0,0.0,0.0,0
2,chain_3svc,108,59.22038699998211,51.613824000014574,7.606562999967537,1605632,2,19.926764000047115,0.26240199997573654,0.07130099993446493,36.55240099999446,602112,16.400634999968133,0.32900300004712335,0.05899999996472616,17.18384100001913,802816,15.286424999999326,0.1357010000901937,0.02779999999802385,0.0,200704,0.0,0.0,0.0,0.0,0,0.0,0.0,0.0,0.0,0
2,chain_3svc,109,59.68839000001935,51.919125999916105,7.769264000103249,1605632,2,21.068772999910834,0.2693020001061086,0.10450100000980456,35.59719299994413,602112,16.234832999998616,0.33360299994456,0.05710100003852858,16.54443600000377,802816,14.615520000006654,0.13070099998913065,0.024701000029381248,0.0,200704,0.0,0.0,0.0,0.0,0,0.0,0.0,0.0,0.0,0
2,chain_3svc,110,59.77999100002762,51.81352599981892,7.9664650002087,1605632,2,20.755370999950173,0.27830199996969895,0.09529999999813299,36.12329699990369,602112,16.11793199992917,0.35340300007646874,0.0569009999935588,16.94593900003838,802816,14.940222999939579,0.1377010000851442,0.027300000056129647,0.0,200704,0.0,0.0,0.0,0.0,0,0.0,0.0,0.0,0.0,0
2,chain_3svc,111,60.11699400005455,52.401531000100476,7.71546299995407,1605632,2,20.767071000022952,0.25920199993834103,0.1195009999719332,36.40749900000628,602112,16.4842359999966,0.36170300006688194,0.07329999993999081,17.111341000031643,802816,15.150224000080925,0.1385009999239628,0.027101000000584463,0.0,200704,0.0,0.0,0.0,0.0,0,0.0,0.0,0.0,0.0,0
2,chain_3svc,112,59.140985999988516,51.36162200017225,7.779363999816269,1605632,2,20.071565000080227,0.25870199999644683,0.07360099994002667,36.137397000061355,602112,16.499636000048667,0.343303000022388,0.03879999997025152,16.701237000006586,802816,14.790421000043352,0.13970099996640784,0.025900999958139437,0.0,200704,0.0,0.0,0.0,0.0,0,0.0,0.0,0.0,0.0,0
2,chain_3svc,113,60.982100999922295,53.25933699998586,7.722763999936433,1605632,2,20.71737000005669,0.2697019999686745,0.0752999999349413,37.39380699994399,602112,16.925938999975187,0.35900300008506747,0.05620100000669481,17.570743999954175,802816,15.616027999953985,0.1349010000240014,0.029501000085474516,0.0,200704,0.0,0.0,0.0,0.0,0,0.0,0.0,0.0,0.0,0
2,chain_3svc,114,60.946099999910075,53.163737000090805,7.78236299981927,1605632,2,21.372075000044788,0.2664019999656375,0.07940099999359518,36.653400999966834,602112,16.877238999995825,0.3479030000335115,0.06050000001778244,16.80523799996081,802816,14.914423000050192,0.13660100000834063,0.02689999996619008,0.0,200704,0.0,0.0,0.0,0.0,0,0.0,0.0,0.0,0.0,0
2,chain_3svc,115,67.17215200001192,59.012985999970624,8.159166000041296,1605632,2,22.817887999963204,0.269602000003033,0.11800100003256375,41.32264000008945,602112,17.015140000012252,0.34060300004057353,0.061999999957151886,21.3312749999659,802816,19.179957999995167,0.16180099999019149,0.028900000074827403,0.0,200704,0.0,0.0,0.0,0.0,0,0.0,0.0,0.0,0.0,0
2,chain_3svc,116,61.59540599992397,53.69483900005889,7.900566999865077,1605632,2,20.667369000079816,0.2709030000005441,0.09020099992085306,38.08171299999685,602112,17.62544399991839,0.3403030000299623,0.03710100008902373,17.500643999937893,802816,15.402026000060687,0.14740099993559852,0.029401000006146205,0.0,200704,0.0,0.0,0.0,0.0,0,0.0,0.0,0.0,0.0,0
2,chain_3svc,117,61.50390499999503,53.783542000019224,7.720362999975805,1605632,2,21.14317400003074,0.2734019999479642,0.07410099999560771,37.337207000064154,602112,16.794337999954223,0.3527019999864933,0.06010100003095431,17.802645999950073,802816,15.846030000034261,0.14470099995378405,0.03010099999301019,0.0,200704,0.0,0.0,0.0,0.0,0,0.0,0.0,0.0,0.0,0
2,chain_3svc,118,60.158193999996,52.26612899991778,7.892065000078219,1605632,2,20.823870999947758,0.2685020000399163,0.07090100007189903,36.399998999968375,602112,16.105931999959466,0.3425029999561957,0.05840100004661508,17.4657439999919,802816,15.336326000010558,0.14180100004068663,0.02610000001368462,0.0,200704,0.0,0.0,0.0,0.0,0,0.0,0.0,0.0,0.0,0
2,chain_3svc,119,60.525997000013376,52.61953199999425,7.906465000019125,1605632,2,20.78246999997191,0.30640299996775866,0.08390100003907719,36.74750199991195,602112,16.965239999990445,0.34510300008605554,0.06009999992784287,16.85093899993717,802816,14.871822000031898,0.13760100000581588,0.026800000000548607,0.0,200704,0.0,0.0,0.0,0.0,0,0.0,0.0,0.0,0.0,0
2,chain_3svc,120,61.60210600000937,53.66653900000529,7.9355670000040845,1605632,2,20.787670000004255,0.26370199998382304,0.07410099999560771,37.790910000012445,602112,17.00203899997632,0.36610300003303564,0.058101000036003825,17.790446000049087,802816,15.876830000024711,0.13460200000281475,0.027999999929306796,0.0,200704,0.0,0.0,0.0,0.0,0,0.0,0.0,0.0,0.0,0
2,chain_3svc,121,59.68138999992334,52.20112799997878,7.48026199994456,1605632,2,20.930771999928766,0.26690200002121856,0.06830000006630144,35.933995000050345,602112,16.576536000002307,0.34170300000369025,0.05470099995363853,16.516135000074428,802816,14.693820000047708,0.1369010000189519,0.02780099998744845,0.0,200704,0.0,0.0,0.0,0.0,0,0.0,0.0,0.0,0.0,0
2,chain_3svc,122,59.642290000056164,51.72862599999917,7.913664000056997,1605632,2,20.293367000022045,0.2627019999863478,0.07299999992937956,36.41089899997496,602112,16.996039999980894,0.34820300004412275,0.0612999999702879,16.416534999962096,802816,14.439218999996228,0.1356010000108654,0.02769999991869554,0.0,200704,0.0,0.0,0.0,0.0,0,0.0,0.0,0.0,0.0,0
2,chain_3svc,123,58.4300790000043,50.74161599998206,7.688463000022239,1605632,2,20.19066599996222,0.2698020000480028,0.06960100006381253,35.29589000004307,602112,16.372634000049402,0.35780300004262244,0.05680099991423049,16.025731000013366,802816,14.178315999970437,0.13320100003966218,0.02610100000310922,0.0,200704,0.0,0.0,0.0,0.0,0,0.0,0.0,0.0,0.0,0
2,chain_3svc,124,58.26687799992669,50.60191500001565,7.66496299991104,1605632,2,20.27046600005633,0.26800299997375987,0.07000099992637843,35.11378899997908,602112,16.07953199993517,0.3427030000011655,0.05780100002539257,16.21233299999858,802816,14.25191700002415,0.13580099994214834,0.024500999984411465,0.0,200704,0.0,0.0,0.0,0.0,0,0.0,0.0,0.0,0.0,0
2,chain_3svc,125,60.051893000036216,52.29712999982894,7.7547630002072765,1605632,2,20.737970999903155,0.26570200009246037,0.06960000007438794,36.35489900000266,602112,16.248432999987017,0.3399029999400227,0.036500000078376615,17.290842000079465,802816,15.310725999938768,0.1343010000027789,0.043101000073875184,0.0,200704,0.0,0.0,0.0,0.0,0,0.0,0.0,0.0,0.0,0
2,chain_3svc,126,62.4816130000454,54.33124699993641,8.150366000108988,1605632,2,21.368375000065498,0.29880299996420945,0.08170099999915692,38.017211999999745,602112,17.335542999944664,0.3850030000194238,0.05870000006780174,17.64884500005337,802816,15.627328999926249,0.14850100001240207,0.027700000032382377,0.0,200704,0.0,0.0,0.0,0.0,0,0.0,0.0,0.0,0.0,0
2,chain_3svc,127,61.88420800003769,53.97844300000543,7.905765000032261,1605632,2,21.248173999993014,0.27370199995857547,0.10040100005426211,37.6492089999374,602112,16.40773500002979,0.34950300005220925,0.05920000000969594,18.290950000050543,802816,16.322533999982625,0.14380100003563712,0.02949999998236308,0.0,200704,0.0,0.0,0.0,0.0,0,0.0,0.0,0.0,0.0,0
2,chain_3svc,128,60.21699500001887,52.34512900005939,7.871865999959482,1605632,2,21.62167800008774,0.27290200000607,0.08310099997288489,35.815794999962236,602112,16.05323100000078,0.35770300007698097,0.0605009998935202,16.613037000070108,802816,14.670219999970868,0.14130200008821703,0.026400000024295878,0.0,200704,0.0,0.0,0.0,0.0,0,0.0,0.0,0.0,0.0,0
2,chain_3svc,129,59.68509000001632,52.19062900005156,7.494460999964758,1605632,2,20.53826899998512,0.2687020000848861,0.08869999999205902,36.2110969999776,602112,15.804330000037226,0.3313030000526851,0.06499999994957761,17.625243999987106,802816,15.848030000029212,0.13500199997906748,0.03319999996165279,0.0,200704,0.0,0.0,0.0,0.0,0,0.0,0.0,0.0,0.0,0
2,chain_3svc,130,60.45849700001327,52.544433000093704,7.914063999919563,1605632,2,20.487068999955227,0.26360200001818157,0.11289999997643463,37.07630500002779,602112,16.44273500005511,0.3527029999759179,0.05939999994097889,17.68754500005798,802816,15.614629000083369,0.14350099991133902,0.029799999992974335,0.0,200704,0.0,0.0,0.0,0.0,0,0.0,0.0,0.0,0.0,0
2,chain_3svc,131,58.46248000000287,51.13571900005809,7.326760999944781,1605632,2,20.013763999941148,0.2595020000626391,0.07280099998752121,35.77729299991006,602112,16.079532000048857,0.34410299997489346,0.057099999935417145,16.848339000034684,802816,15.042423000068084,0.1418009999269998,0.02690099995561468,0.0,200704,0.0,0.0,0.0,0.0,0,0.0,0.0,0.0,0.0,0
2,chain_3svc,132,59.24168700005339,51.90322699979788,7.338460000255509,1605632,2,20.244265999963318,0.25730200002271886,0.08230100002037943,36.19759700006853,602112,16.504935999932968,0.334802999987005,0.05790000000160944,16.93433900004493,802816,15.154024999901594,0.13410100007149595,0.02779999999802385,0.0,200704,0.0,0.0,0.0,0.0,0,0.0,0.0,0.0,0.0,0
2,chain_3svc,133,58.628182000006746,50.69671500007189,7.931466999934855,1605632,2,20.174665000013192,0.2596020000282806,0.07900100001734245,35.50059099995906,602112,16.551936000041678,0.34450300006483303,0.058399999943503644,16.006531000016366,802816,13.97011400001702,0.13580199993157294,0.02620100008243753,0.0,200704,0.0,0.0,0.0,0.0,0,0.0,0.0,0.0,0.0,0
2,chain_3svc,134,59.44008799997391,51.70762600005219,7.732461999921725,1605632,2,20.35916800002724,0.2666020000106073,0.07459999994807731,36.094296999976905,602112,16.426534999936848,0.34940300008656777,0.07010000001628214,16.91473899995799,802816,14.9219230000881,0.14010099994266056,0.026299999944967567,0.0,200704,0.0,0.0,0.0,0.0,0,0.0,0.0,0.0,0.0,0
2,chain_3svc,135,59.613190000050054,51.80502500002149,7.808165000028566,1605632,2,21.067173000005823,0.2661020000687131,0.11570099991331517,35.62769199993454,602112,15.651327999989917,0.34930300000723946,0.03389999994851678,17.00223900002129,802816,15.086524000025747,0.1367009999739821,0.026400000024295878,0.0,200704,0.0,0.0,0.0,0.0,0,0.0,0.0,0.0,0.0,0
2,chain_3svc,136,61.46940500002529,53.47883899992212,7.990566000103172,1605632,2,20.716569999990497,0.2652019999231925,0.07810099998550868,37.802010000064,602112,16.600535999941712,0.35640300006889447,0.040399999988949276,18.256650000012087,802816,16.16173299998991,0.13910099994518532,0.031200000080389145,0.0,200704,0.0,0.0,0.0,0.0,0,0.0,0.0,0.0,0.0,0
2,chain_3svc,137,60.369495999907485,52.48683100012386,7.8826649997836284,1605632,2,21.421576000079767,0.28400199994393915,0.07840099999611994,35.943094999993264,602112,15.815030000112529,0.352601999907165,0.056300999972336285,17.165240999929665,802816,15.25022499993156,0.13790100001642713,0.026199999979326094,0.0,200704,0.0,0.0,0.0,0.0,0,0.0,0.0,0.0,0.0,0
2,chain_3svc,138,61.69660700004442,53.86934300008761,7.827263999956813,1605632,2,21.23937500005013,0.2584019999858356,0.08849999994708924,37.471207999942635,602112,16.412935000062134,0.3394029999981285,0.05719999990105862,18.26424999990195,802816,16.217032999975345,0.15050199999677716,0.028400000019246363,0.0,200704,0.0,0.0,0.0,0.0,0,0.0,0.0,0.0,0.0,0
2,chain_3svc,139,59.21408699998665,51.51492199991026,7.699165000076391,1605632,2,19.800761999931638,0.26180300005762547,0.08350100006282446,36.48339999995187,602112,16.554735999989134,0.3515029999334729,0.05670100006227585,17.048239999894577,802816,15.159423999989485,0.13200099999721715,0.026800000000548607,0.0,200704,0.0,0.0,0.0,0.0,0,0.0,0.0,0.0,0.0,0
2,chain_3svc,140,60.691498000096544,52.967334999948434,7.72416300014811,1605632,2,19.77376299998923,0.2674020000767996,0.07310000000870787,37.986211999964326,602112,17.20904100000098,0.3408030000855433,0.061600999970323755,18.008548000011615,802816,15.984530999958224,0.13910100005887216,0.02689999996619008,0.0,200704,0.0,0.0,0.0,0.0,0,0.0,0.0,0.0,0.0,0
2,chain_3svc,141,58.31217900004049,50.66221699996731,7.649962000073174,1605632,2,20.14446600003339,0.269801999934316,0.0850000000127693,35.21988899990447,602112,16.145133000009082,0.34740299997793045,0.05610000005162874,16.3059340000018,802816,14.372617999924842,0.13650100004269916,0.026900000079876918,0.0,200704,0.0,0.0,0.0,0.0,0,0.0,0.0,0.0,0.0,0
2,chain_3svc,142,59.113885999977356,51.620424000134335,7.493461999843021,1605632,2,20.615469000063058,0.2586019999171185,0.06930099993951444,35.64289300004475,602112,15.63022900006672,0.3325029999814433,0.057200000014745456,17.251841999950557,802816,15.374726000004557,0.13910199993460992,0.028100000008635106,0.0,200704,0.0,0.0,0.0,0.0,0,0.0,0.0,0.0,0.0,0
2,chain_3svc,143,79.27155100003347,71.24058499982766,8.030966000205808,1605632,2,26.11281399993004,0.2507020000166449,0.10350100001232931,50.11911199994756,602112,23.747794999962935,0.34320300005674653,0.07249999998748535,23.526592999928653,802816,21.379975999934686,0.14800100007050787,0.03660000004401809,0.0,200704,0.0,0.0,0.0,0.0,0,0.0,0.0,0.0,0.0,0
2,chain_3svc,144,66.08124199999565,57.928274999994755,8.1529670000009,1605632,2,26.32851600003505,0.2730019999717115,0.070401000016318,36.39129900000171,602112,16.687436999973215,0.34280199997738237,0.04480100005821441,16.870738999955393,802816,14.912321999986489,0.12960200001543853,0.02870000002985762,0.0,200704,0.0,0.0,0.0,0.0,0,0.0,0.0,0.0,0.0,0
2,chain_3svc,145,58.42478000010942,50.65951600010976,7.765263999999661,1605632,2,20.060965000084252,0.25000199991609406,0.10010099992996402,35.436791000051926,602112,15.442226000004666,0.3456029999142629,0.058501000012256554,17.103540999983124,802816,15.156325000020843,0.1279010000416747,0.030199999969227065,0.0,200704,0.0,0.0,0.0,0.0,0,0.0,0.0,0.0,0.0,0
2,chain_3svc,146,60.454095999944,52.64843199995539,7.80566399998861,1605632,2,20.85497099994882,0.2724020000641758,0.11690100006944704,36.68200100003105,602112,16.324134000001322,0.35840300006384496,0.06559999997080013,17.48934400006874,802816,15.46932700000525,0.17120200004683284,0.02740000002177112,0.0,200704,0.0,0.0,0.0,0.0,0,0.0,0.0,0.0,0.0,0
2,chain_3svc,147,60.748098999965805,52.788633999966805,7.959464999999,1605632,2,20.55516899997656,0.26670199997624877,0.07650100008049776,37.19070500005728,602112,16.559035999989646,0.35320300003149896,0.058101000036003825,17.678445000001375,802816,15.6744290000006,0.13140100008968147,0.027899999963665323,0.0,200704,0.0,0.0,0.0,0.0,0,0.0,0.0,0.0,0.0,0
2,chain_3svc,148,59.66568999997435,51.82752599989726,7.838164000077086,1605632,2,20.334066999907918,0.2818020000177057,0.07279999999809661,36.43059900002754,602112,15.888731000018197,0.352503000044635,0.05899999996472616,17.71514600000046,802816,15.604727999971146,0.14410100004624837,0.06370100004460255,0.0,200704,0.0,0.0,0.0,0.0,0,0.0,0.0,0.0,0.0,0
2,chain_3svc,149,60.47009700000672,52.700334999940424,7.769762000066294,1605632,2,20.848072000035245,0.30380199996216106,0.11360099995272321,36.69870200008063,602112,16.687337999997,0.35130200001276535,0.059000000078412995,17.12794100001247,802816,15.16492499990818,0.1408010000432114,0.030700000024808105,0.0,200704,0.0,0.0,0.0,0.0,0,0.0,0.0,0.0,0.0,0
2,chain_3svc,150,60.120094000012614,52.078626000025,8.041467999987617,1605632,2,20.038463999981104,0.2637020000975099,0.09670099996128556,37.08980400006112,602112,15.896830000087903,0.34040299999560375,0.05700099995920027,18.066247999968255,802816,16.14333199995599,0.13710200005334627,0.027700000032382377,0.0,200704,0.0,0.0,0.0,0.0,0,0.0,0.0,0.0,0.0,0
2,chain_3svc,151,60.73099800005366,51.92542699990099,8.805571000152668,1605632,2,20.486768999944616,0.6376049999516908,0.07350000009864743,36.31679800002985,602112,15.805629999931625,0.34360300003299926,0.05790000000160944,17.573545000004742,802816,15.633028000024751,0.13720100002956315,0.025499999992462108,0.0,200704,0.0,0.0,0.0,0.0,0,0.0,0.0,0.0,0.0,0
2,chain_3svc,152,59.22288600004322,51.69552400002431,7.527362000018911,1605632,2,20.240766000028998,0.268401999960588,0.09220100002949039,36.128195999936,602112,16.62853699997413,0.3438029999642822,0.05970000006527698,16.910239000026195,802816,14.826221000021178,0.13940199994522118,0.02610100000310922,0.0,200704,0.0,0.0,0.0,0.0,0,0.0,0.0,0.0,0.0,0
2,chain_3svc,153,61.45870499994999,53.67324099995585,7.7854639999941355,1605632,2,21.45247599992217,0.2711020000560893,0.0788010000860595,37.006803999929616,602112,16.717438000000584,0.3451019999829441,0.04490000003443129,17.414043000030688,802816,15.503327000033096,0.1297009999916554,0.031100999990485434,0.0,200704,0.0,0.0,0.0,0.0,0,0.0,0.0,0.0,0.0,0
2,chain_3svc,154,58.70298199999979,51.03141900008268,7.671562999917114,1605632,2,20.706369999970775,0.26440300007379847,0.10180000003856549,35.2916900000082,602112,16.223733000060747,0.3353029999288992,0.0569009999935588,16.18943300002229,802816,14.101316000051156,0.14930099996490753,0.02469999992626981,0.0,200704,0.0,0.0,0.0,0.0,0,0.0,0.0,0.0,0.0,0
2,chain_3svc,155,58.44968000008066,50.851718000103574,7.5979619999770875,1605632,2,20.4846679999946,0.2626020000207063,0.0704000000268934,35.22448900002928,602112,15.915931000108685,0.3368029999819555,0.0555999999960477,16.426535000050535,802816,14.45111900000029,0.1286010000285387,0.03479999998035055,0.0,200704,0.0,0.0,0.0,0.0,0,0.0,0.0,0.0,0.0,0
2,chain_3svc,156,61.97440900007223,53.88474300013968,8.08966599993255,1605632,2,21.15497400006916,0.2653020000025208,0.10090099999615632,37.85680999999386,602112,16.747438000038528,0.35050299993599765,0.06139999993592937,18.130648000010297,802816,15.98233100003199,0.12880100007350848,0.026599999955578824,0.0,200704,0.0,0.0,0.0,0.0,0,0.0,0.0,0.0,0.0,0
2,chain_3svc,157,63.14181900006588,55.226253000000725,7.915566000065155,1605632,2,20.810170999993716,0.2730029999611361,0.11050099999465601,39.403124000045864,602112,19.16795700003604,0.35420299991528736,0.06860099995265045,17.397442999936175,802816,15.248124999970969,0.1401010000563474,0.027701000021806976,0.0,200704,0.0,0.0,0.0,0.0,0,0.0,0.0,0.0,0.0,0
2,chain_3svc,158,60.10439400006362,52.32593000005181,7.778464000011809,1605632,2,20.518269000035616,0.2641019999600758,0.08900000000267028,36.81240199989588,602112,16.283734000012373,0.3504019999809316,0.057701000059751095,17.590644000051725,802816,15.523927000003823,0.13760100000581588,0.028000000042993634,0.0,200704,0.0,0.0,0.0,0.0,0,0.0,0.0,0.0,0.0,0
2,chain_3svc,159,67.0327500000667,58.7584820000302,8.2742680000365,1605632,2,21.4389760000131,0.2659020000237433,0.08430099990164308,42.50724899998204,602112,17.079640000019936,0.35770299996329413,0.06230099995718774,22.38798400003361,802816,20.239865999997164,0.15060100008668087,0.035899999943467265,0.0,200704,0.0,0.0,0.0,0.0,0,0.0,0.0,0.0,0.0,0
2,chain_3svc,160,61.88410799995836,54.016044000036345,7.868063999922015,1605632,2,21.086973000024045,0.2686020000055578,0.11720099996637146,37.827111000069635,602112,17.372842999975546,0.3447020000066914,0.06050100000720704,17.538744000034967,802816,15.556228000036754,0.13900099997954385,0.030100000003585592,0.0,200704,0.0,0.0,0.0,0.0,0,0.0,0.0,0.0,0.0,0
2,chain_3svc,161,59.59178900002371,52.01282599989554,7.578963000128169,1605632,2,20.19746500002384,0.26620300002377917,0.09310099994763732,36.510700000008,602112,16.83583799990629,0.3299030000789571,0.06000100006531284,16.783938000003218,802816,14.979522999965411,0.1470009999593458,0.027601000056165503,0.0,200704,0.0,0.0,0.0,0.0,0,0.0,0.0,0.0,0.0,0
2,chain_3svc,162,59.712891000003765,52.21082900004603,7.502061999957732,1605632,2,20.3332670000691,0.2620019999994838,0.09299999999257125,36.51080000008733,602112,16.521735999958764,0.32840200003647624,0.0542999999879612,17.243240999960108,802816,15.355826000018169,0.13950099992143805,0.027900999953089922,0.0,200704,0.0,0.0,0.0,0.0,0,0.0,0.0,0.0,0.0,0
2,chain_3svc,163,58.866782999984935,51.116320000005544,7.750462999979391,1605632,2,20.404267999992953,0.26050199994642753,0.07110100000318198,35.57699199996023,602112,15.579127000023618,0.3331030000026658,0.05830099996728677,17.09884100000636,802816,15.132924999988973,0.1432010000144146,0.024100000018734136,0.0,200704,0.0,0.0,0.0,0.0,0,0.0,0.0,0.0,0.0,0
2,chain_3svc,164,58.79818300002171,51.304320999861375,7.493862000160334,1605632,2,20.572168999933638,0.26240199997573654,0.10970100004215055,35.44079100004183,602112,15.744328999971913,0.34480299996175745,0.033799999982875306,16.827738000074532,802816,14.987822999955824,0.14250100002755062,0.02649999998993735,0.0,200704,0.0,0.0,0.0,0.0,0,0.0,0.0,0.0,0.0,0
2,chain_3svc,165,59.97459200000321,52.20132799991006,7.77326400009315,1605632,2,20.680068999922696,0.2589030000308412,0.080101000094146,36.44929899996896,602112,15.68972899997334,0.3535020000526856,0.05920099999912054,17.774045999999544,802816,15.831530000014027,0.14040100006695866,0.0447009999788861,0.0,200704,0.0,0.0,0.0,0.0,0,0.0,0.0,0.0,0.0,0
2,chain_3svc,166,61.46530400008032,53.78184199980751,7.683462000272812,1605632,2,20.286966999947253,0.25490200005151564,0.0695999999607011,37.992012000017894,602112,18.40075099994465,0.3483030000097642,0.07980100008353475,16.874438999934682,802816,15.09412399991561,0.13680100005331042,0.026400000024295878,0.0,200704,0.0,0.0,0.0,0.0,0,0.0,0.0,0.0,0.0,0
2,chain_3svc,167,61.267203000056725,53.638540000065404,7.62866299999132,1605632,2,20.731670000031954,0.2609030000257917,0.07319999997434934,37.64960900002734,602112,17.015340000057222,0.3555030000370607,0.04269999999451102,17.748145000041404,802816,15.891529999976228,0.14050200002202473,0.03090000006977789,0.0,200704,0.0,0.0,0.0,0.0,0,0.0,0.0,0.0,0.0,0
2,chain_3svc,168,61.304003000032026,53.45323800008828,7.850764999943749,1605632,2,20.43866799999705,0.2648020000606266,0.07059999995817634,38.022911999973985,602112,17.62054400001034,0.35240299996530666,0.05610100004105334,17.435844000033285,802816,15.394026000080885,0.1457019999406839,0.028100000008635106,0.0,200704,0.0,0.0,0.0,0.0,0,0.0,0.0,0.0,0.0,0
2,chain_3svc,169,60.82519999995384,53.03103599999304,7.7941639999608014,1605632,2,20.219566000037048,0.2708019999317912,0.10700099994664924,37.69020899994757,602112,17.31404199995268,0.34740299997793045,0.04040000010263611,17.554044000007707,802816,15.49742800000331,0.14020100002198888,0.026699999921220297,0.0,200704,0.0,0.0,0.0,0.0,0,0.0,0.0,0.0,0.0,0
2,chain_3svc,170,57.16466899991701,49.70860799994625,7.456060999970759,1605632,2,19.991763999996692,0.26610199995502626,0.07320099996377394,34.319181000000754,602112,15.421226999933424,0.32520200011276756,0.05480100003296684,16.217133000054673,802816,14.295617000016136,0.13320100003966218,0.024101000008158735,0.0,200704,0.0,0.0,0.0,0.0,0,0.0,0.0,0.0,0.0,0
2,chain_3svc,171,60.691398000017216,52.825333999976465,7.866064000040751,1605632,2,20.638169999983802,0.26420199992571725,0.07420000008551142,37.26020600004176,602112,17.11564000004273,0.3631029999269231,0.059401000044090324,17.079240000043683,802816,15.071523999949932,0.1516010000841561,0.027599999953054066,0.0,200704,0.0,0.0,0.0,0.0,0,0.0,0.0,0.0,0.0,0
2,chain_3svc,172,59.14958599998954,51.65032400009295,7.499261999896589,1605632,2,20.939872000099058,0.265801999944415,0.07110100000318198,35.289689999899565,602112,16.08043200008069,0.3501029999597449,0.036800999964725634,16.51933599998756,802816,14.630019999913202,0.1560020000397344,0.026300000058654405,0.0,200704,0.0,0.0,0.0,0.0,0,0.0,0.0,0.0,0.0,0
2,chain_3svc,173,57.900876000076096,50.44221399998605,7.458662000090044,1605632,2,19.767261999959373,0.2576020000333301,0.08960100001331739,35.40749000001142,602112,15.82653000002665,0.3453030000173385,0.056800000038492726,16.58923600007256,802816,14.848422000000028,0.13990100001137762,0.024000000053092663,0.0,200704,0.0,0.0,0.0,0.0,0,0.0,0.0,0.0,0.0,0
2,chain_3svc,174,57.06136799994965,49.76910899995346,7.292258999996193,1605632,2,19.656060999977853,0.25680200008082466,0.06750099998953374,34.60468400010086,602112,15.733829999931004,0.3294020000339515,0.0542999999879612,16.180132999920716,802816,14.379218000044602,0.13530199998967873,0.023899999973764352,0.0,200704,0.0,0.0,0.0,0.0,0,0.0,0.0,0.0,0.0,0
2,chain_3svc,175,59.5682890000262,51.907925000136856,7.660363999889341,1605632,2,20.141165000040928,0.25600200001463236,0.09540099995319906,36.525200000028235,602112,15.668928000081905,0.3318029999945793,0.057400999935453,17.969947999972646,802816,16.097832000014023,0.15110100002857507,0.02830100004302949,0.0,200704,0.0,0.0,0.0,0.0,0,0.0,0.0,0.0,0.0,0
2,chain_3svc,176,61.85810799991032,54.51124799992613,7.34685999998419,1605632,2,21.280674999957228,0.26620200003435457,0.07229999994251557,37.81820999995489,602112,18.59105300002284,0.3548029999365099,0.05769999995663966,16.49013600001581,802816,14.63951999994606,0.13030100001287792,0.026800000000548607,0.0,200704,0.0,0.0,0.0,0.0,0,0.0,0.0,0.0,0.0,0
2,chain_3svc,177,59.06548499990549,51.488922999965325,7.576561999940168,1605632,2,20.340067000006457,0.26120200004697836,0.08970099997895886,35.887595000076544,602112,16.358634999960486,0.34890300003098673,0.05790000000160944,16.681436999988364,802816,14.790220999998382,0.13700099998459336,0.026401000013720477,0.0,200704,0.0,0.0,0.0,0.0,0,0.0,0.0,0.0,0.0,0
2,chain_3svc,178,58.93868399994062,51.592723999988266,7.345959999952356,1605632,2,20.28116599990426,0.27670300005411264,0.07420100007493602,35.73349299995243,602112,16.306034000081127,0.33260299994708475,0.05689999989044736,16.8182390000311,802816,15.005524000002879,0.12950099994668562,0.028400000019246363,0.0,200704,0.0,0.0,0.0,0.0,0,0.0,0.0,0.0,0.0,0
2,chain_3svc,179,58.65248200007045,51.11831899989738,7.534163000173066,1605632,2,20.01826399998663,0.2590020000070581,0.07020099997134821,35.76899400002276,602112,16.75003699995159,0.33850299996629474,0.059901000099671364,16.0999320000883,802816,14.350017999959164,0.13190100003157568,0.02660000006926566,0.0,200704,0.0,0.0,0.0,0.0,0,0.0,0.0,0.0,0.0,0
2,chain_3svc,180,59.415687999944566,51.714824000100634,7.700863999843932,1605632,2,20.45596800007843,0.27130199998737226,0.07290099995316268,35.97809600000801,602112,16.53843600001892,0.34100300001682626,0.05809999993289239,16.590135999990707,802816,14.720420000003287,0.13130199999977776,0.025101000005633978,0.0,200704,0.0,0.0,0.0,0.0,0,0.0,0.0,0.0,0.0,0
2,chain_3svc,181,57.59687300007954,50.112811999838414,7.484061000241127,1605632,2,20.291566999958377,0.2685020000399163,0.08520100004716369,34.533684000052745,602112,15.612427999940337,0.34100300001682626,0.06150000001525768,16.126731999975163,802816,14.2088169999397,0.13090100003410043,0.02649999998993735,0.0,200704,0.0,0.0,0.0,0.0,0,0.0,0.0,0.0,0.0,0
2,chain_3svc,182,62.234710999973686,54.49984699998822,7.734863999985464,1605632,2,20.96297200000663,0.26690200002121856,0.1073009999572605,38.430414999993445,602112,17.79654599999958,0.34800299999915296,0.0639009999758855,17.747145999919667,802816,15.740328999982012,0.13600099998711812,0.03309999999601132,0.0,200704,0.0,0.0,0.0,0.0,0,0.0,0.0,0.0,0.0,0
2,chain_3svc,183,61.101101999952334,53.36973800001488,7.731363999937457,1605632,2,21.656878000044344,0.2672020000318298,0.07449999998243584,36.532599999986815,602112,17.300341999998636,0.34800299999915296,0.07719999996425031,16.261332999988554,802816,14.412517999971897,0.13740100007453293,0.028900999950565165,0.0,200704,0.0,0.0,0.0,0.0,0,0.0,0.0,0.0,0.0,0
2,chain_3svc,184,60.02069299995583,52.184627999963595,7.836064999992232,1605632,2,21.474775999990925,0.26890200001616904,0.07380100009868329,35.70259299999634,602112,16.232433000027413,0.3483030000097642,0.04069999999956053,16.501635000054193,802816,14.477418999945257,0.13000100000226666,0.026300000058654405,0.0,200704,0.0,0.0,0.0,0.0,0,0.0,0.0,0.0,0.0,0
2,chain_3svc,185,57.97267600007672,50.08511099993029,7.887565000146424,1605632,2,19.39575899996271,0.24850199997672462,0.0767010000117807,35.629592999953275,602112,15.452826999990066,0.33930200004306243,0.052700999958688044,17.313742000055754,802816,15.236524999977519,0.1349010000240014,0.028499999984887836,0.0,200704,0.0,0.0,0.0,0.0,0,0.0,0.0,0.0,0.0,0
2,chain_3svc,186,60.83300000000236,52.95403599996007,7.878964000042288,1605632,2,20.596769999997377,0.2537020000090706,0.10499999996227416,37.27120600001399,602112,17.989247999935287,0.36150300002191216,0.05859999998847343,16.250432999981967,802816,14.368018000027405,0.14720100000431557,0.025900999958139437,0.0,200704,0.0,0.0,0.0,0.0,0,0.0,0.0,0.0,0.0,0
2,chain_3svc,187,58.7754829999767,50.990117999958784,7.785365000017919,1605632,2,20.449068000061743,0.2699020000136443,0.08950099993398908,35.35078999993857,602112,16.403333999960523,0.34510300008605554,0.056401000051664596,16.08593200000996,802816,14.137715999936518,0.1338010000608847,0.028601000053640746,0.0,200704,0.0,0.0,0.0,0.0,0,0.0,0.0,0.0,0.0,0
2,chain_3svc,188,57.48357200002374,49.90391000001182,7.579662000011922,1605632,2,20.22726600000624,0.24640199990244582,0.09310100006132416,34.54618399996434,602112,15.698529000019334,0.34530299990365165,0.10980100000779203,15.91823100000056,802816,13.978114999986246,0.1325010000527982,0.02510000001620938,0.0,200704,0.0,0.0,0.0,0.0,0,0.0,0.0,0.0,0.0,0
2,chain_3svc,189,59.726190999981554,51.798126999869964,7.92806400011159,1605632,2,20.295366999903308,0.2514020000035089,0.08030000003600435,36.48710000004485,602112,15.87163099998179,0.333302000058211,0.04149999995206599,17.585544999974445,802816,15.631128999984867,0.1362010000320879,0.029900000072302646,0.0,200704,0.0,0.0,0.0,0.0,0,0.0,0.0,0.0,0.0,0
2,chain_3svc,190,58.190778000039245,50.413413999876866,7.777364000162379,1605632,2,20.49346899991633,0.2537020000090706,0.13550100004522392,34.7611859999688,602112,15.63052799997422,0.34040299999560375,0.06020099999659578,16.220332999978382,802816,14.289416999986315,0.13580100005583517,0.02860099993995391,0.0,200704,0.0,0.0,0.0,0.0,0,0.0,0.0,0.0,0.0,0
2,chain_3svc,191,58.474779999983184,51.03751900003317,7.437260999950013,1605632,2,19.850663000056556,0.2519019999454031,0.07490099994811317,35.99479500007874,602112,16.12433200000396,0.3294030000233761,0.05830099996728677,16.999639000005118,802816,15.062523999972655,0.13720100002956315,0.0455000000556538,0.0,200704,0.0,0.0,0.0,0.0,0,0.0,0.0,0.0,0.0,0
2,chain_3svc,192,58.5507810000081,50.856116999966616,7.6946640000414845,1605632,2,19.98126399996636,0.2513020000378674,0.0736010000537135,35.61069300008057,602112,15.70152900001176,0.33060299995213427,0.0551000000541535,17.15484099997866,802816,15.173323999988497,0.13750199991591217,0.028400000019246363,0.0,200704,0.0,0.0,0.0,0.0,0,0.0,0.0,0.0,0.0,0
2,chain_3svc,193,60.07779300000493,52.457229999959054,7.620563000045877,1605632,2,21.076773000004323,0.26610299994445086,0.07520000008298666,36.19889700007661,602112,16.541136000000733,0.3343020000556862,0.05930099996476201,16.773737999983496,802816,14.839320999953998,0.15710200000285113,0.026401000013720477,0.0,200704,0.0,0.0,0.0,0.0,0,0.0,0.0,0.0,0.0,0
2,chain_3svc,194,62.65280499997061,54.716739999889796,7.936065000080816,1605632,2,20.90436799994677,0.2608020000707256,0.13020100004723645,38.793212000086896,602112,17.24013799992008,0.3505030000496845,0.06220099999154627,18.644349999931364,802816,16.572234000022945,0.15470099992853648,0.02700000004551839,0.0,200704,0.0,0.0,0.0,0.0,0,0.0,0.0,0.0,0.0,0
2,chain_3svc,195,64.42331899995679,56.60595699987425,7.8173620000825395,1605632,2,21.474972999953934,0.274301999979798,0.08430100001532992,39.94082199994864,602112,18.778551999957926,0.36290299999564013,0.06050000001778244,18.286347999946884,802816,16.35243199996239,0.1387009999689326,0.02560000007179042,0.0,200704,0.0,0.0,0.0,0.0,0,0.0,0.0,0.0,0.0,0
2,chain_3svc,196,63.58101200009969,55.97665099992355,7.604361000176141,1605632,2,21.022368999979335,0.2442019999762124,0.1419010000063281,39.7744199999579,602112,17.794743999957063,0.34780300006787,0.0595000000203072,19.221055000002707,802816,17.15953799998715,0.1421010000512979,0.03049999997983832,0.0,200704,0.0,0.0,0.0,0.0,0,0.0,0.0,0.0,0.0,0
2,chain_3svc,197,61.03889200005597,53.208829000027436,7.830063000028531,1605632,2,20.457664999980807,0.25040200000603363,0.07890100005170098,37.678003999985776,602112,17.709843000034198,0.35440299996025715,0.08880100006081193,17.0418369999652,802816,15.04132100001243,0.13600099998711812,0.02700000004551839,0.0,200704,0.0,0.0,0.0,0.0,0,0.0,0.0,0.0,0.0,0
2,chain_3svc,198,59.33597800003554,51.548515999911615,7.787462000123924,1605632,2,20.16616299999896,0.24980200009849796,0.07859999993797828,36.36669300010453,602112,16.557532999968316,0.3618030000325234,0.06220099999154627,16.84993599997142,802816,14.824819999944339,0.13710100006392167,0.02740000002177112,0.0,200704,0.0,0.0,0.0,0.0,0,0.0,0.0,0.0,0.0,0
2,chain_3svc,199,58.711373000051026,51.25071300005857,7.460659999992458,1605632,2,19.829459999982646,0.2487020000216944,0.06860100006633729,36.22309200000018,602112,16.22433100010312,0.3406029999268867,0.06289999998898566,17.10163799998554,802816,15.196921999972801,0.13990100001137762,0.029700000027332862,0.0,200704,0.0,0.0,0.0,0.0,0,0.0,0.0,0.0,0.0,0
2,chain_3svc,200,60.16758500004471,52.30382100012321,7.8637639999215025,1605632,2,20.173363000026256,0.25160200004847866,0.08170000000973232,37.1988000000556,602112,16.924635999998827,0.46010400001250673,0.06040099992787873,17.239439000036327,802816,15.205822000098124,0.14030099998763035,0.029199999971751822,0.0,200704,0.0,0.0,0.0,0.0,0,0.0,0.0,0.0,0.0,0
3,chain_3svc,1,60.510800999963976,52.88833700001305,7.622463999950924,1605632,2,20.995973000026424,0.27110300015920075,0.08500099988850707,36.69550299991897,602112,16.778038999973433,0.3638030000274739,0.03270000001975859,16.987639999797466,802816,15.114325000013196,0.13590100002147665,0.0271010001142713,0.0,200704,0.0,0.0,0.0,0.0,0,0.0,0.0,0.0,0.0,0
3,chain_3svc,2,59.99199600000793,52.434932999858574,7.5570630001493555,1605632,2,21.116375000019616,0.26320200004192884,0.14320099990072777,36.07089799993446,602112,16.61663699997007,0.35100299987789185,0.06070100016586366,16.697438000164766,802816,14.70192099986889,0.13760100000581588,0.026901000182988355,0.0,200704,0.0,0.0,0.0,0.0,0,0.0,0.0,0.0,0.0,0
3,chain_3svc,3,59.60079300007237,51.87552899997172,7.725264000100651,1605632,2,19.848264000074778,0.2624019998620497,0.09560100011185568,36.75410400001056,602112,17.424143999960506,0.3486030000203755,0.06070100016586366,16.48013599992737,802816,14.603120999936436,0.13950099992143805,0.029100000119797187,0.0,200704,0.0,0.0,0.0,0.0,0,0.0,0.0,0.0,0.0,0
3,chain_3svc,4,58.929787999886685,51.32202400022834,7.607763999658346,1605632,2,20.16696700002285,0.26890200001616904,0.06929999995008984,35.981998000124804,602112,16.63693700015756,0.3357030000188388,0.056600999869260704,16.493636999939554,802816,14.51812000004793,0.13940099984210974,0.02790100006677676,0.0,200704,0.0,0.0,0.0,0.0,0,0.0,0.0,0.0,0.0,0
3,chain_3svc,5,60.17939799994565,52.39213400022891,7.7872639997167425,1605632,2,20.925073000171324,0.27780200002780475,0.08070099988799484,36.37870100010332,602112,16.2059340000269,0.373702999922898,0.06680000001324515,17.275942999958716,802816,15.261127000030683,0.14290100011749018,0.027499999987412593,0.0,200704,0.0,0.0,0.0,0.0,0,0.0,0.0,0.0,0.0,0
3,chain_3svc,6,58.844987000156834,51.669728000206305,7.175258999950529,1605632,2,20.911173000058625,0.26650300014807726,0.06949999988137279,35.10959000004732,602112,16.210634000117352,0.3503030000047147,0.035400999877310824,16.294835000053354,802816,14.547921000030328,0.13190100003157568,0.02679999988686177,0.0,200704,0.0,0.0,0.0,0.0,0,0.0,0.0,0.0,0.0,0
3,chain_3svc,7,57.555776000072,49.91181299965319,7.6439630004188075,1605632,2,19.63926299981722,0.2540020000196819,0.09700000009615906,34.97818999994706,602112,15.522027999850252,0.3296030001820327,0.05800100007036235,16.674537999961103,802816,14.750521999985722,0.13670100020135578,0.025399999913133797,0.0,200704,0.0,0.0,0.0,0.0,0,0.0,0.0,0.0,0.0,0
3,chain_3svc,8,58.18078100014645,50.51671800015356,7.664062999992893,1605632,2,19.46776099998715,0.24550300008741033,0.06949999988137279,35.87929700006498,602112,15.837931000078243,0.32670299992787477,0.054500000032930984,17.24834300011935,802816,15.211026000088168,0.13750099992648757,0.02700100003494299,0.0,200704,0.0,0.0,0.0,0.0,0,0.0,0.0,0.0,0.0,0
3,chain_3svc,9,57.40957499983779,50.010114000087924,7.399460999749863,1605632,2,19.70196299998861,0.25090200006161467,0.07310000000870787,34.992289999991044,602112,15.94443199996931,0.3258030001234147,0.05459999988488562,16.22073399994406,802816,14.363719000130004,0.13500099998964288,0.02390000008745119,0.0,200704,0.0,0.0,0.0,0.0,0,0.0,0.0,0.0,0.0,0
3,chain_3svc,10,58.855586999925436,51.40362699989964,7.451960000025792,1605632,2,20.702371999959723,0.2546020000409044,0.06750000011379598,35.17079100015508,602112,15.798830999983693,0.32880300000215357,0.05699999996977567,16.665236999870103,802816,14.902423999956227,0.1346009998997033,0.02289999997628911,0.0,200704,0.0,0.0,0.0,0.0,0,0.0,0.0,0.0,0.0,0
3,chain_3svc,11,59.46479199997157,51.941230000011274,7.523561999960293,1605632,2,20.781471999953283,0.2519029999348277,0.08590000015828991,36.03489800002535,602112,16.124633000117683,0.34900299988294137,0.05720099989048322,16.9435400000566,802816,15.035124999940308,0.15320100010285387,0.025699999923745054,0.0,200704,0.0,0.0,0.0,0.0,0,0.0,0.0,0.0,0.0,0
3,chain_3svc,12,58.09278100014126,50.416518000020005,7.676263000121253,1605632,2,19.846663999942393,0.26340200020058546,0.07290099983947584,35.180890999981784,602112,16.177433999928326,0.3477029999885417,0.040399999988949276,16.28203499990377,802816,14.392420000149286,0.13220100004218693,0.02369999992879457,0.0,200704,0.0,0.0,0.0,0.0,0,0.0,0.0,0.0,0.0,0
3,chain_3svc,13,57.46627600001375,50.0876150001659,7.3786609998478525,1605632,2,19.49996200005444,0.28560200007632375,0.07000000005064066,35.28259200015782,602112,15.784031000066534,0.33450199998696917,0.05149999992681842,16.616437000038786,802816,14.803622000044925,0.13340100008463196,0.024699999812582973,0.0,200704,0.0,0.0,0.0,0.0,0,0.0,0.0,0.0,0.0,0
3,chain_3svc,14,58.44338399992921,50.9909219997553,7.4524620001739095,1605632,2,20.844672999828617,0.25810200008891115,0.07090000008247443,34.85288800015951,602112,15.705229999866788,0.34070300011990184,0.0555999999960477,16.34493599999587,802816,14.441019000059896,0.14990099998613005,0.0227999998969608,0.0,200704,0.0,0.0,0.0,0.0,0,0.0,0.0,0.0,0.0,0
3,chain_3svc,15,60.406599999851096,52.374133000057554,8.032466999793542,1605632,2,20.477368999991086,0.2589030000308412,0.11100100005023705,36.88540500002091,602112,16.68413800007329,0.35300299987284234,0.05959999998594867,17.190442999890365,802816,15.212625999993179,0.13690199989468965,0.03050000009352516,0.0,200704,0.0,0.0,0.0,0.0,0,0.0,0.0,0.0,0.0,0
3,chain_3svc,16,59.78499500020007,52.076930000339416,7.708064999860653,1605632,2,20.319568000104482,0.26620199992066773,0.08590099992034084,36.504702000002,602112,16.57493700008672,0.3834029998870392,0.06050100000720704,17.156741999997394,802816,15.182425000148214,0.13650100004269916,0.02770099990812014,0.0,200704,0.0,0.0,0.0,0.0,0,0.0,0.0,0.0,0.0,0
3,chain_3svc,17,58.07948100004978,50.28721700045935,7.792263999590432,1605632,2,20.45557000019471,0.267701999973724,0.09009999985210015,34.68168699987473,602112,15.498528000080114,0.35060300001532596,0.055799999927330646,16.284035000126096,802816,14.333119000184524,0.13840099995832134,0.024899999971239595,0.0,200704,0.0,0.0,0.0,0.0,0,0.0,0.0,0.0,0.0,0
3,chain_3svc,18,58.937087000003885,51.27172399988922,7.665363000114667,1605632,2,20.474768999974913,0.26080200018441246,0.07260099982886459,35.61449500011804,602112,15.307726999935767,0.3378030000931176,0.05499999997482519,17.426544000045396,802816,15.489227999978539,0.12870099999418017,0.029300000051080133,0.0,200704,0.0,0.0,0.0,0.0,0,0.0,0.0,0.0,0.0,0
3,chain_3svc,19,60.977703999924415,52.98363900010372,7.994064999820694,1605632,2,21.45647700012887,0.27880199991159316,0.07710099998803344,36.69720299990331,602112,16.578137999886167,0.34630200002538913,0.058500000022831955,16.949041000088982,802816,14.949024000088684,0.13070099998913065,0.05289999990054639,0.0,200704,0.0,0.0,0.0,0.0,0,0.0,0.0,0.0,0.0,0
3,chain_3svc,20,57.53867699991133,49.95791299984376,7.580764000067575,1605632,2,19.991164999964894,0.25130199992418056,0.0894009999683476,34.69438699994498,602112,15.589228999942861,0.33350200010318076,0.03670099999908416,16.30833499984874,802816,14.377518999936001,0.12660100014727504,0.02610000001368462,0.0,200704,0.0,0.0,0.0,0.0,0,0.0,0.0,0.0,0.0,0
3,chain_3svc,21,56.290766000074655,48.81970400015234,7.471061999922313,1605632,2,19.596062000118764,0.257301999909032,0.06980099988140864,33.81918000013684,602112,15.038524999908987,0.348202000168385,0.05379999993238016,16.040532000033636,802816,14.185117000124592,0.1252009999461734,0.022700000045006163,0.0,200704,0.0,0.0,0.0,0.0,0,0.0,0.0,0.0,0.0,0
3,chain_3svc,22,59.540792999996484,52.04632999993919,7.494463000057294,1605632,2,21.08227399980933,0.26080300017383706,0.07560100016235083,35.65139500005898,602112,15.861531000155082,0.3475029998298851,0.03140099988740985,17.007841000122426,802816,15.102524999974776,0.13080099984108529,0.025100000129896216,0.0,200704,0.0,0.0,0.0,0.0,0,0.0,0.0,0.0,0.0,0
3,chain_3svc,23,57.16057299991917,49.92911299973457,7.2314600001845974,1605632,2,19.838963999973203,0.2562019999459153,0.06660000008196221,34.581785999989734,602112,15.46152799983247,0.31360299999505514,0.05740000005971524,16.33013499986191,802816,14.628620999928899,0.12620100005733548,0.025100000129896216,0.0,200704,0.0,0.0,0.0,0.0,0,0.0,0.0,0.0,0.0,0
3,chain_3svc,24,58.0997810000099,50.21201500017014,7.887765999839758,1605632,2,19.9509650001346,0.28290199998082244,0.0950009998632595,35.09929099982401,602112,15.740730000061376,0.3343030000451108,0.05770099983237742,16.468036000105712,802816,14.520319999974163,0.13240100020084355,0.02989999984492897,0.0,200704,0.0,0.0,0.0,0.0,0,0.0,0.0,0.0,0.0,0
3,chain_3svc,25,60.16789799991784,52.532635000034134,7.635262999883707,1605632,2,20.98367399980816,0.2635020000525401,0.07080099999257072,36.327701000118395,602112,16.220934000102716,0.3441029998612066,0.06110100002842955,17.237643000044045,802816,15.328027000123257,0.13020100004723645,0.04719999992630619,0.0,200704,0.0,0.0,0.0,0.0,0,0.0,0.0,0.0,0.0,0
3,chain_3svc,26,59.06428799994501,51.62582699995255,7.438460999992458,1605632,2,21.01137399995423,0.26530200011620764,0.07310099999813247,35.36269300002459,602112,16.07593300013832,0.34230300002491276,0.05819999978484702,16.431435999948008,802816,14.53851999986,0.13990200000080222,0.02570000015111873,0.0,200704,0.0,0.0,0.0,0.0,0,0.0,0.0,0.0,0.0,0
3,chain_3svc,27,58.69198499999584,51.243424000176674,7.448560999819165,1605632,2,20.29236800012768,0.2572019998297037,0.08839999986776093,35.56999400007044,602112,16.074032999995325,0.34180300008301856,0.05800000008093775,16.68423899991467,802816,14.877023000053669,0.12610099997800717,0.023199999986900366,0.0,200704,0.0,0.0,0.0,0.0,0,0.0,0.0,0.0,0.0,0
3,chain_3svc,28,57.62767700002769,50.28161700010969,7.346059999917998,1605632,2,19.728562999944188,0.2619020001475292,0.0805009999567119,34.98078899997381,602112,16.481936999980462,0.33760199994503637,0.055400000064764754,15.708030000041617,802816,14.07111700018504,0.12110099987694412,0.023999999939405825,0.0,200704,0.0,0.0,0.0,0.0,0,0.0,0.0,0.0,0.0,0
3,chain_3svc,29,58.74698599996009,51.35632500014253,7.390660999817555,1605632,2,20.600570000169682,0.2593019999039825,0.08750099982535176,35.225290999960635,602112,16.04213299992807,0.33340200002385245,0.057801000139079406,16.51863699999012,802816,14.71362200004478,0.13750099992648757,0.026400000024295878,0.0,200704,0.0,0.0,0.0,0.0,0,0.0,0.0,0.0,0.0,0
3,chain_3svc,30,58.72778599996309,50.92902199976379,7.798764000199299,1605632,2,19.73336399987602,0.2520020000247314,0.06880000000819564,36.23099999981605,602112,15.748029999940627,0.3455030000623083,0.07320100007746078,17.634245999943232,802816,15.447627999947144,0.35330200012140267,0.027100999886897625,0.0,200704,0.0,0.0,0.0,0.0,0,0.0,0.0,0.0,0.0,0
3,chain_3svc,31,58.12148099994374,50.665419999859296,7.456061000084446,1605632,2,19.62696199984748,0.25480199997218733,0.10320100000171806,35.640693999994255,602112,15.282327000022633,0.3364030001193896,0.05549999991671939,17.536145000121905,802816,15.756130999989182,0.1236009998137888,0.028300000167291728,0.0,200704,0.0,0.0,0.0,0.0,0,0.0,0.0,0.0,0.0,0
3,chain_3svc,32,60.07639799986464,52.04293099973256,8.033467000132077,1605632,2,20.172967000007702,0.25960199991459376,0.09570099996381032,36.76200500012783,602112,16.79423899986432,0.3455030000623083,0.06150000012894452,17.09394199997405,802816,15.07572499986054,0.12930100001540268,0.027300000056129647,0.0,200704,0.0,0.0,0.0,0.0,0,0.0,0.0,0.0,0.0,0
3,chain_3svc,33,59.42029200014076,52.16843199991672,7.251860000224042,1605632,2,20.45306900004107,0.2652020000368793,0.0867009998728463,36.24619999982315,602112,17.17854299999999,0.3478020000784454,0.058600000102160266,16.282335000141757,802816,14.53681999987566,0.13740100007453293,0.02560000007179042,0.0,200704,0.0,0.0,0.0,0.0,0,0.0,0.0,0.0,0.0,0
3,chain_3svc,34,59.79689499986307,52.164231999995536,7.632662999867534,1605632,2,20.251068000106898,0.2582019999408658,0.09389999991071818,36.574202999872796,602112,16.70863799995459,0.3431029999774182,0.05750100012846815,17.16934199998832,802816,15.204525999934049,0.13230100012151524,0.027400999897508882,0.0,200704,0.0,0.0,0.0,0.0,0,0.0,0.0,0.0,0.0,0
3,chain_3svc,35,59.01828800006115,51.4681270001347,7.550160999926447,1605632,2,20.562770999958957,0.2655020000474906,0.0695999999607011,35.59819399993103,602112,16.074633000016547,0.34630300001481373,0.03199999991920777,16.798439000012877,802816,14.830723000159196,0.13310099984664703,0.02909999989242351,0.0,200704,0.0,0.0,0.0,0.0,0,0.0,0.0,0.0,0.0,0
3,chain_3svc,36,60.783702999970046,53.180940999936865,7.602762000033181,1605632,2,20.819672000016,0.26170299997829716,0.11340099990775343,37.07480699995358,602112,16.94774099996721,0.33240199991269037,0.061200000118333264,17.308744000047227,802816,15.413527999953658,0.13890099990021554,0.027300000056129647,0.0,200704,0.0,0.0,0.0,0.0,0,0.0,0.0,0.0,0.0,0
3,chain_3svc,37,59.78849499979333,51.994031000276664,7.794463999516665,1605632,2,20.362769000030312,0.27000199997928576,0.07379999988188501,36.47360199988725,602112,16.283635000036156,0.33180300010826613,0.057599999990998185,17.379143999960434,802816,15.347627000210196,0.13850099981027597,0.027500999976837193,0.0,200704,0.0,0.0,0.0,0.0,0,0.0,0.0,0.0,0.0,0
3,chain_3svc,38,60.76400200004173,53.066438000087146,7.697563999954582,1605632,2,20.803571999977066,0.25970299998334667,0.08940100019572128,37.09370700016734,602112,16.842838999991727,0.34010299987130566,0.07770100000925595,17.470445000071777,802816,15.420027000118353,0.13940100006948342,0.040400999978373875,0.0,200704,0.0,0.0,0.0,0.0,0,0.0,0.0,0.0,0.0,0
3,chain_3svc,39,60.29809899996508,52.53373499999725,7.764363999967827,1605632,2,21.203775999993013,0.2634019999732118,0.07440099989253213,36.1626989999877,602112,16.28013499998815,0.34800299999915296,0.060300000086499495,17.03884099993047,802816,15.049824000016088,0.1357010000901937,0.028300999929342652,0.0,200704,0.0,0.0,0.0,0.0,0,0.0,0.0,0.0,0.0,0
3,chain_3svc,40,58.63868500000535,50.894820000166874,7.743864999838479,1605632,2,20.589270000073157,0.2630019998832722,0.08610099985162378,35.10039000002507,602112,16.24673400010579,0.3639030001068022,0.05930099996476201,16.002232000118966,802816,14.058815999987928,0.13480200004778453,0.02610000001368462,0.0,200704,0.0,0.0,0.0,0.0,0,0.0,0.0,0.0,0.0,0
3,chain_3svc,41,62.10941299991646,53.81294399990111,8.29646900001535,1605632,2,21.21907499986264,0.27150200003234204,0.10020100012297917,37.861312999893926,602112,16.793839000001753,0.3540029999840044,0.034700000014709076,17.741647000093508,802816,15.800030000036713,0.13980100015942298,0.027900999839403084,0.0,200704,0.0,0.0,0.0,0.0,0,0.0,0.0,0.0,0.0,0
3,chain_3svc,42,59.93209600001137,52.237632000014855,7.694463999996515,1605632,2,19.66566300006889,0.26310199996260053,0.09330100010629394,37.57431100007125,602112,17.247742999870752,0.33610300010877836,0.06929999995008984,17.389443999945797,802816,15.324226000075214,0.1392019999002514,0.028800999871236854,0.0,200704,0.0,0.0,0.0,0.0,0,0.0,0.0,0.0,0.0,0
3,chain_3svc,43,65.90254499997172,57.93437800002721,7.968166999944515,1605632,2,22.9681900000287,0.26990199989995745,0.09700100008558366,40.038231000153246,602112,17.32934300002853,0.35770299996329413,0.06289999987529882,19.635661999927834,802816,17.63684499996998,0.13730199998462922,0.031601000046066474,0.0,200704,0.0,0.0,0.0,0.0,0,0.0,0.0,0.0,0.0,0
3,chain_3svc,44,60.0275970000439,52.4077339998712,7.6198630001727,1605632,2,20.621970999854966,0.2589020000414166,0.07920000007288763,36.70460400007869,602112,16.117432999863013,0.3856030000406463,0.05530099997486104,17.67194599983668,802816,15.668330000153219,0.14100099997449433,0.027899999849978485,0.0,200704,0.0,0.0,0.0,0.0,0,0.0,0.0,0.0,0.0,0
3,chain_3svc,45,57.62187699997412,49.95821499983322,7.663662000140903,1605632,2,19.31605999993735,0.26160199990954425,0.08180100007848523,35.45589300006213,602112,16.472936999889498,0.3440020000198274,0.05790000000160944,16.016832999866892,802816,14.169218000006367,0.13580099994214834,0.02599999993435631,0.0,200704,0.0,0.0,0.0,0.0,0,0.0,0.0,0.0,0.0,0
3,chain_3svc,46,57.669577000069694,50.188317000220195,7.481259999849499,1605632,2,19.884165000121357,0.2586019998034317,0.07080000000314612,34.90978900003938,602112,15.514029000087248,0.3383020000455872,0.05329999999048596,16.618937999965055,802816,14.79012300001159,0.13180099995224737,0.029400000130408444,0.0,200704,0.0,0.0,0.0,0.0,0,0.0,0.0,0.0,0.0,0
3,chain_3svc,47,60.526300999981686,52.91823800007478,7.608062999906906,1605632,2,21.031673999914346,0.26230200001009507,0.0717000000349799,36.67080300010639,602112,16.793039000049248,0.3507029998672806,0.04500000000007276,16.92384100010713,802816,15.093525000111185,0.14010099994266056,0.02779999999802385,0.0,200704,0.0,0.0,0.0,0.0,0,0.0,0.0,0.0,0.0,0
3,chain_3svc,48,60.91600400009156,53.23654099993291,7.679463000158648,1605632,2,20.87357300001713,0.26180200006820087,0.15240099992297473,37.11980699995365,602112,16.571936999980608,0.34320300005674653,0.056801000027917325,17.695746000072177,802816,15.791030999935174,0.1372009999158763,0.025800000003073364,0.0,200704,0.0,0.0,0.0,0.0,0,0.0,0.0,0.0,0.0,0
3,chain_3svc,49,60.26739899994027,52.80033799976991,7.467061000170361,1605632,2,20.99177399986729,0.2635020000525401,0.07040000014058023,36.54270199990606,602112,16.479036999953678,0.34390300015729736,0.0551000000541535,17.260643000099662,802816,15.32952699994894,0.14120100013315096,0.028299999939918052,0.0,200704,0.0,0.0,0.0,0.0,0,0.0,0.0,0.0,0.0,0
3,chain_3svc,50,59.11898999988807,51.55642600016108,7.56256399972699,1605632,2,19.88116400002582,0.26470199986761145,0.07770100000925595,36.3597010000376,602112,16.71313800011376,0.3456029999142629,0.06010099991726747,16.82823900000585,802816,14.962124000021504,0.16600100002506224,0.030401000003621448,0.0,200704,0.0,0.0,0.0,0.0,0,0.0,0.0,0.0,0.0,0
3,chain_3svc,51,57.873678000078144,50.53221899993332,7.341459000144823,1605632,2,19.414060999906724,0.26390200014247966,0.07370000002993038,35.70999500016114,602112,16.95404099996267,0.33710200000314217,0.05710000004910398,15.989633000117465,802816,14.164117000063925,0.13470199996845622,0.024400000029345392,0.0,200704,0.0,0.0,0.0,0.0,0,0.0,0.0,0.0,0.0,0
3,chain_3svc,52,60.78920400000243,52.79003700024987,7.9991669997525605,1605632,2,21.08837500009031,0.2604019998670992,0.07649999997738632,36.77380500016625,602112,16.408136000109153,0.3670030000648694,0.062300999843500904,17.302842999924906,802816,15.293526000050406,0.14100099997449433,0.026600999945003423,0.0,200704,0.0,0.0,0.0,0.0,0,0.0,0.0,0.0,0.0,0
3,chain_3svc,53,60.040797000056045,52.14053199983937,7.900265000216677,1605632,2,20.345768999959546,0.26370199998382304,0.07640000012543169,36.767604000033316,602112,16.165633999889906,0.351803000057771,0.05900000019209983,17.623446000015974,802816,15.629128999989916,0.14210099993761105,0.02960100005111599,0.0,200704,0.0,0.0,0.0,0.0,0,0.0,0.0,0.0,0.0,0
3,chain_3svc,54,61.24060699994516,53.20324000012988,8.037366999815276,1605632,2,21.61857900000541,0.26100199988832173,0.11390100007702131,36.70350400011557,602112,16.095232999987275,0.35300299987284234,0.05900000019209983,17.459744999996474,802816,15.489428000137195,0.1788009999472706,0.029800999982398935,0.0,200704,0.0,0.0,0.0,0.0,0,0.0,0.0,0.0,0.0,0
3,chain_3svc,55,59.32219100009206,51.77312800014988,7.54906299994218,1605632,2,20.100065999940853,0.2577029999883962,0.07080000000314612,36.433202000125675,602112,16.08703300007619,0.3496029999041639,0.057499999911669875,17.507945000033942,802816,15.58602900013284,0.13860099988960428,0.03089999995609105,0.0,200704,0.0,0.0,0.0,0.0,0,0.0,0.0,0.0,0.0,0
3,chain_3svc,56,58.854387000110364,51.2037240000609,7.650663000049462,1605632,2,19.60996200000409,0.25340199999845936,0.08350099983545078,36.41070100002253,602112,16.644338000105563,0.3471029999673192,0.056800000038492726,16.895739999881698,802816,14.94942399995125,0.13960100000076636,0.025899999855028,0.0,200704,0.0,0.0,0.0,0.0,0,0.0,0.0,0.0,0.0,0
3,chain_3svc,57,61.55940999997256,54.00714699999298,7.552262999979575,1605632,2,20.05606599982457,0.2603020000151446,0.07040100013000483,38.69381999993493,602112,19.246859000077166,0.3491029999622697,0.06050100000720704,16.597937000142338,802816,14.70422200009125,0.13730099999520462,0.026599999955578824,0.0,200704,0.0,0.0,0.0,0.0,0,0.0,0.0,0.0,0.0,0
3,chain_3svc,58,58.891886999845156,51.23972399997001,7.652162999875145,1605632,2,20.01466599995183,0.2553020001414552,0.09339999996882398,36.023897999939436,602112,16.589237000061985,0.3539029999046761,0.05769999984295282,16.543736000130593,802816,14.635820999956195,0.1383010001063667,0.02599999993435631,0.0,200704,0.0,0.0,0.0,0.0,0,0.0,0.0,0.0,0.0,0
3,chain_3svc,59,59.53359199997976,51.71882700005881,7.814764999920953,1605632,2,21.000773999958255,0.25900199989337125,0.07120000009308569,35.682295000015074,602112,16.174632999991445,0.3468030001840816,0.05960099997537327,16.576436999912403,802816,14.543420000109109,0.13680100005331042,0.02809999978126143,0.0,200704,0.0,0.0,0.0,0.0,0,0.0,0.0,0.0,0.0,0
3,chain_3svc,60,59.29838999986714,51.67182799982584,7.626562000041304,1605632,2,20.522869999922477,0.2588019999620883,0.14900099995429628,35.69659499999034,602112,16.17133400009152,0.3486030000203755,0.04229999990457145,16.747937999980422,802816,14.97762399981184,0.13740100007453293,0.029000000040468876,0.0,200704,0.0,0.0,0.0,0.0,0,0.0,0.0,0.0,0.0,0
3,chain_3svc,61,58.799486999987494,50.99852199964516,7.80096500034233,1605632,2,20.80747199988764,0.265003000095021,0.07470000014109246,34.947489999922254,602112,16.224334999833445,0.3619030001118517,0.05840000017087732,15.904931999784822,802816,13.96671499992408,0.13290099991536408,0.02490000019861327,0.0,200704,0.0,0.0,0.0,0.0,0,0.0,0.0,0.0,0.0,0
3,chain_3svc,62,58.682085000100415,51.053522000074736,7.628563000025679,1605632,2,19.72456300018166,0.25910199997269956,0.06980099988140864,36.04679900013252,602112,16.011931999855733,0.34370299999864073,0.0551010000435781,17.152241999838225,802816,15.317027000037342,0.13730099999520462,0.025599999844416743,0.0,200704,0.0,0.0,0.0,0.0,0,0.0,0.0,0.0,0.0,0
3,chain_3svc,63,58.174681999844324,50.64801900016391,7.526662999680411,1605632,2,19.92866499995216,0.2702020001379424,0.0894009999683476,35.315291999950205,602112,16.339935000132755,0.34110299998246774,0.0753009999243659,16.156533999946987,802816,14.379419000078997,0.13860099988960428,0.025300000061179162,0.0,200704,0.0,0.0,0.0,0.0,0,0.0,0.0,0.0,0.0,0
3,chain_3svc,64,58.849886999951195,51.25782399977652,7.592063000174676,1605632,2,20.09336599985545,0.2688020001642144,0.07090100007189903,36.01519799985908,602112,15.707629999951678,0.3382019999662589,0.05480100003296684,17.40214400001605,802816,15.456827999969391,0.13570099986282003,0.03370100012034527,0.0,200704,0.0,0.0,0.0,0.0,0,0.0,0.0,0.0,0.0,0
3,chain_3svc,65,59.615994000068895,51.72612900014428,7.889864999924612,1605632,2,20.765072000131113,0.2723029999742721,0.0757999998768355,35.94329700013077,602112,15.632330000016736,0.34740299997793045,0.05699999996977567,17.398343999957433,802816,15.328726999996434,0.13550099993153708,0.028899999961140566,0.0,200704,0.0,0.0,0.0,0.0,0,0.0,0.0,0.0,0.0,0
3,chain_3svc,66,64.01772900017022,56.289665999884164,7.728063000286056,1605632,2,20.892672999934803,0.2614019999782613,0.10120100000676757,40.28043300013451,602112,20.11276700000053,0.35200299998905393,0.06029999985912582,17.12884199992004,802816,15.28422599994883,0.1393009999901551,0.03670099999908416,0.0,200704,0.0,0.0,0.0,0.0,0,0.0,0.0,0.0,0.0,0
3,chain_3svc,67,57.9600799999298,50.71471900009783,7.2453609998319735,1605632,2,19.986365000022488,0.2646020000156568,0.0718010001037328,35.208891000138465,602112,15.771230000154901,0.3393029999188002,0.05420100001174433,16.677437999987887,802816,14.95712399992044,0.13280100006340945,0.026400000024295878,0.0,200704,0.0,0.0,0.0,0.0,0,0.0,0.0,0.0,0.0,0
3,chain_3svc,68,60.34670000008191,52.39823300007629,7.948467000005621,1605632,2,21.281776000023456,0.2505020001990488,0.12010099999315571,36.095698999815795,602112,16.30563499998061,0.3518029998303973,0.05810000016026606,16.76643900009367,802816,14.810822000072221,0.14100099997449433,0.02990099983435357,0.0,200704,0.0,0.0,0.0,0.0,0,0.0,0.0,0.0,0.0,0
3,chain_3svc,69,61.78661099988858,53.81404500008102,7.972565999807557,1605632,2,21.02567400015687,0.2540020000196819,0.07600099979754305,37.79921299997113,602112,16.864838999936183,0.3617030001805688,0.058000999842988676,17.98414900008538,802816,15.923531999987972,0.14480100003311236,0.0297000001410197,0.0,200704,0.0,0.0,0.0,0.0,0,0.0,0.0,0.0,0.0,0
3,chain_3svc,70,60.30679900004543,52.63363699987167,7.673162000173761,1605632,2,20.974873999875854,0.25850199995147705,0.07140000002436864,36.51770200008286,602112,16.38233600010608,0.34470199989300454,0.05809999993289239,17.1509420001712,802816,15.276426999889736,0.14110100005382264,0.025900000082401675,0.0,200704,0.0,0.0,0.0,0.0,0,0.0,0.0,0.0,0.0,0
3,chain_3svc,71,60.1746979998552,52.18553100007739,7.989166999777808,1605632,2,20.43626900012896,0.25950199983526545,0.0889010000264534,36.72400400000697,602112,16.743437999821253,0.3685040001073503,0.06150100011836912,16.9189399998686,802816,15.005824000127177,0.1419010000063281,0.02859999995052931,0.0,200704,0.0,0.0,0.0,0.0,0,0.0,0.0,0.0,0.0,0
3,chain_3svc,72,61.71601100004409,53.45904300043003,8.256967999614062,1605632,2,20.996174000174506,0.2686020000055578,0.10820099987540743,37.58321100008288,602112,16.71813800021482,0.35210299984100857,0.06190099998093501,17.794947000083994,802816,15.744731000040701,0.14120099990577728,0.02779999999802385,0.0,200704,0.0,0.0,0.0,0.0,0,0.0,0.0,0.0,0.0,0
3,chain_3svc,73,59.31929100006528,51.64142800026639,7.67786299979889,1605632,2,19.75896300018576,0.2646030000050814,0.07360099994002667,36.70670400015297,602112,16.598438000073656,0.3424019998874428,0.059299999975337414,17.229542999984915,802816,15.284027000006972,0.13860100011697796,0.02679999988686177,0.0,200704,0.0,0.0,0.0,0.0,0,0.0,0.0,0.0,0.0,0
3,chain_3svc,74,56.86777099981555,49.28300799997487,7.584762999840677,1605632,2,19.35215999992579,0.2564020001045719,0.0691000000188069,34.690287000103126,602112,15.423628000007739,0.3612030000113009,0.034300000152143184,16.42513499996312,802816,14.507220000041343,0.1392009999108268,0.028400000019246363,0.0,200704,0.0,0.0,0.0,0.0,0,0.0,0.0,0.0,0.0,0
3,chain_3svc,75,58.70718599999236,51.271223999947324,7.435962000045038,1605632,2,20.044866000034745,0.2582019999408658,0.0976999999693362,35.81009599997742,602112,16.050933000087753,0.33230300005016034,0.058500000022831955,16.917039999952976,802816,15.175424999824827,0.13930100021752878,0.026401000013720477,0.0,200704,0.0,0.0,0.0,0.0,0,0.0,0.0,0.0,0.0,0
3,chain_3svc,76,58.43738400017173,51.21962400016855,7.217760000003182,1605632,2,20.127467000065735,0.2607019998777105,0.07300000015675323,35.62779499998214,602112,16.470536000042557,0.3285029999915423,0.061500999890995445,16.31483500000286,802816,14.621621000060259,0.13420100003713742,0.026600999945003423,0.0,200704,0.0,0.0,0.0,0.0,0,0.0,0.0,0.0,0.0,0
3,chain_3svc,77,58.203082000090944,50.7199189999028,7.483163000188142,1605632,2,20.886972999960562,0.26070200010508415,0.0726999999187683,34.382984999865585,602112,15.529228000104922,0.3435030000673578,0.05830099985359993,16.097633000072165,802816,14.303717999837318,0.13740100007453293,0.027400000135457958,0.0,200704,0.0,0.0,0.0,0.0,0,0.0,0.0,0.0,0.0,0
3,chain_3svc,78,57.24327400002949,49.6549120000509,7.588361999978588,1605632,2,19.852265000054103,0.25960200014196744,0.10399999996479892,34.511086000065916,602112,15.642428999854019,0.3302030002032552,0.05779999992228113,16.092532999891773,802816,14.160218000142777,0.1315009999416361,0.024799999891911284,0.0,200704,0.0,0.0,0.0,0.0,0,0.0,0.0,0.0,0.0,0
3,chain_3svc,79,58.14598099982504,50.111913999899116,8.034066999925926,1605632,2,19.744562999903792,0.25300200013589347,0.09490100001130486,35.4668939999101,602112,15.786230999992767,0.34340300021540315,0.05989999999655993,16.672637999818107,802816,14.581120000002556,0.13820099979966471,0.029201000188550097,0.0,200704,0.0,0.0,0.0,0.0,0,0.0,0.0,0.0,0.0,0
3,chain_3svc,80,59.39749200001643,52.03043100004834,7.367060999968089,1605632,2,20.823872999926607,0.2583020000201941,0.07230000005620241,35.76949600005719,602112,16.154734000110693,0.33890299982886063,0.05719999990105862,16.872740000053454,802816,15.051824000011038,0.13550199992096168,0.026499999876250513,0.0,200704,0.0,0.0,0.0,0.0,0,0.0,0.0,0.0,0.0,0
3,chain_3svc,81,59.37179100010326,52.025030000095285,7.346761000007973,1605632,2,20.401368000193543,0.266102999830764,0.07080099999257072,36.14849899986439,602112,16.879040000048917,0.3460020000147779,0.05620100000669481,16.536137000002782,802816,14.744621999852825,0.1331010000740207,0.02610000001368462,0.0,200704,0.0,0.0,0.0,0.0,0,0.0,0.0,0.0,0.0,0
3,chain_3svc,82,58.33578199985823,50.794420000102036,7.541361999756191,1605632,2,20.403268000109165,0.2629030000207422,0.0732009998500871,35.02699000000575,602112,16.534636999949726,0.34950300005220925,0.062100000150167034,15.694330000087575,802816,13.856515000043146,0.13760100000581588,0.02470000003995665,0.0,200704,0.0,0.0,0.0,0.0,0,0.0,0.0,0.0,0.0,0
3,chain_3svc,83,59.81449499995506,52.03193000011197,7.782564999843089,1605632,2,20.332268000174736,0.27620199989542016,0.08660100002089166,36.51010199996563,602112,16.22263399985968,0.34180300008301856,0.05580000015470432,17.374144000086744,802816,15.477028000077553,0.13210099996285862,0.028799999881812255,0.0,200704,0.0,0.0,0.0,0.0,0,0.0,0.0,0.0,0.0,0
3,chain_3svc,84,59.546492999970724,51.90162900021278,7.644863999757945,1605632,2,20.0794660001975,0.2542019999509648,0.07359999995060207,36.734003999981724,602112,16.28943499986235,0.38120299996080576,0.058500000022831955,17.51294499990763,802816,15.532728000152929,0.13580099994214834,0.0315999998292682,0.0,200704,0.0,0.0,0.0,0.0,0,0.0,0.0,0.0,0.0,0
3,chain_3svc,85,59.02088800007732,51.30072400015706,7.72016399992026,1605632,2,20.068666000042867,0.2760019999641372,0.0696009999501257,36.015399000007164,602112,16.491536000103224,0.37660299994968227,0.05690099987987196,16.53663700017205,802816,14.74052200001097,0.13420100003713742,0.02610000001368462,0.0,200704,0.0,0.0,0.0,0.0,0,0.0,0.0,0.0,0.0,0
3,chain_3svc,86,59.10969000001387,51.40192500016383,7.707764999850042,1605632,2,20.468668999910733,0.25800200000958284,0.09300100009568268,35.758095999881334,602112,16.865940000116098,0.3669029999855411,0.05900099995415076,15.928332000157752,802816,14.067316000136998,0.1361009999527596,0.026700000034907134,0.0,200704,0.0,0.0,0.0,0.0,0,0.0,0.0,0.0,0.0,0
3,chain_3svc,87,74.79091899995183,66.50015099990014,8.290768000051685,1605632,2,26.08671600000889,0.2983029999086284,0.14620100000684033,45.47357600017676,602112,23.231592999991335,0.397103000068455,0.0643999999283551,19.134857999915766,802816,17.181841999899916,0.16520100007255678,0.04640099996322533,0.0,200704,0.0,0.0,0.0,0.0,0,0.0,0.0,0.0,0.0,0
3,chain_3svc,88,58.99858799989488,51.589827000270816,7.408760999624064,1605632,2,20.21926700012955,0.25960199991459376,0.07740099999864469,36.0381979999147,602112,16.567337000196858,0.3475019998404605,0.05710099981115491,16.575737000039226,802816,14.80322299994441,0.13120100015839853,0.025800000003073364,0.0,200704,0.0,0.0,0.0,0.0,0,0.0,0.0,0.0,0.0,0
3,chain_3svc,89,59.17598999985785,51.406825999947614,7.7691639999102335,1605632,2,20.415368999920247,0.2671019999525015,0.08760100013205374,35.93849699996099,602112,16.117934000021705,0.36290299999564013,0.06310000003395544,16.91064000010556,802816,14.873523000005662,0.13430100011646573,0.02770099990812014,0.0,200704,0.0,0.0,0.0,0.0,0,0.0,0.0,0.0,0.0,0
3,chain_3svc,90,61.29790799991497,53.32704199986438,7.9708660000505915,1605632,2,22.376385999905324,0.25560200015206647,0.0806000000466156,35.89619700005642,602112,15.786230000003343,0.34640300009414204,0.03489999994599202,17.232341999942946,802816,15.16442599995571,0.14020100002198888,0.05090000013296958,0.0,200704,0.0,0.0,0.0,0.0,0,0.0,0.0,0.0,0.0,0
3,chain_3svc,91,59.55529299990303,51.73892899983912,7.816364000063913,1605632,2,21.57757899999524,0.26160199990954425,0.07660100004613923,35.01858899994659,602112,15.871331999960603,0.35160300012648804,0.05769999984295282,16.22923499985518,802816,14.290017999883275,0.13660100012202747,0.027300000056129647,0.0,200704,0.0,0.0,0.0,0.0,0,0.0,0.0,0.0,0.0,0
3,chain_3svc,92,59.83339499994145,51.963931000045704,7.869463999895743,1605632,2,20.504769999888595,0.24870200013538124,0.1117009999234142,36.29240000009304,602112,16.67103800014047,0.35930299986830505,0.05779999992228113,16.706239000086498,802816,14.78812300001664,0.13470099997903162,0.028100000008635106,0.0,200704,0.0,0.0,0.0,0.0,0,0.0,0.0,0.0,0.0,0
3,chain_3svc,93,61.02040499990835,53.44274300023244,7.577661999675911,1605632,2,20.997274000137622,0.2687019998575124,0.10200099995927303,37.17900699984966,602112,17.4571449999803,0.3534029999627819,0.05959999998594867,16.94194099991364,802816,14.988324000114517,0.13650099981532549,0.027199999976801337,0.0,200704,0.0,0.0,0.0,0.0,0,0.0,0.0,0.0,0.0,0
3,chain_3svc,94,60.84720399985599,53.12663800009432,7.720565999761675,1605632,2,20.29246699999021,0.2645030001531268,0.07300099991880415,37.731812000174614,602112,16.85453899995082,0.3549030000158382,0.05289999990054639,18.07134900013807,802816,15.979632000153288,0.13500099998964288,0.030401000003621448,0.0,200704,0.0,0.0,0.0,0.0,0,0.0,0.0,0.0,0.0,0
3,chain_3svc,95,59.68059399992853,51.75712699997348,7.923466999955053,1605632,2,21.081273999925543,0.2645030001531268,0.08070099988799484,35.70149500001207,602112,15.64922900001875,0.3424030001042411,0.04020100004709093,17.016240999964793,802816,15.026624000029187,0.1388010000482609,0.026300999934392166,0.0,200704,0.0,0.0,0.0,0.0,0,0.0,0.0,0.0,0.0,0
3,chain_3svc,96,60.80180399999335,53.067339999870455,7.734464000122898,1605632,2,21.217876000036995,0.26740199996311276,0.09080000018002465,36.67780399996445,602112,17.253842999934932,0.34800299999915296,0.05750100012846815,16.55873699996846,802816,14.595620999898529,0.13650100004269916,0.027099999897473026,0.0,200704,0.0,0.0,0.0,0.0,0,0.0,0.0,0.0,0.0,0
3,chain_3svc,97,60.29279900008078,52.211731999932454,8.081067000148323,1605632,2,20.13696600010917,0.2608019999570388,0.11680100010380556,37.286608999920645,602112,16.55473699997856,0.34650300017347035,0.059400000054665725,17.69774700005655,802816,15.520028999844726,0.1326010001321265,0.0297000001410197,0.0,200704,0.0,0.0,0.0,0.0,0,0.0,0.0,0.0,0.0,0
3,chain_3svc,98,62.496116999909646,50.59241699996164,11.903699999948003,1605632,2,20.48096900011842,0.25890199981404294,0.07450099997186044,35.10548999997809,602112,15.663628999845969,0.34170300000369025,0.0582010000016453,16.486937000081525,802816,14.447818999997253,0.1549010000871931,0.027500999976837193,0.0,200704,0.0,0.0,0.0,0.0,0,0.0,0.0,0.0,0.0,0
3,chain_3svc,99,60.70650299989211,53.24294100023508,7.463561999657031,1605632,2,20.640970999920683,0.2645020001637022,0.07190099995568744,37.489009999944756,602112,17.409444000122676,0.3467029998773796,0.06310000003395544,17.217143000152646,802816,15.19252600019172,0.14940099981686217,0.025899999855028,0.0,200704,0.0,0.0,0.0,0.0,0,0.0,0.0,0.0,0.0,0
3,chain_3svc,100,58.89938699988306,51.41642599983243,7.482961000050636,1605632,2,20.072866999953476,0.25850199995147705,0.07349999987127376,35.99859799987826,602112,16.248934000032023,0.41290300009677594,0.034500999845477054,16.991641000004165,802816,15.094624999846928,0.13230100012151524,0.0266000001829525,0.0,200704,0.0,0.0,0.0,0.0,0,0.0,0.0,0.0,0.0,0
3,chain_3svc,101,58.79798699993444,51.29512500025157,7.502861999682864,1605632,2,20.529170000145314,0.26260199979333265,0.07019999998192361,35.43109299994285,602112,16.25933500008614,0.34520299982432334,0.05790000000160944,16.416735000120752,802816,14.50662000002012,0.13940100006948342,0.02610000001368462,0.0,200704,0.0,0.0,0.0,0.0,0,0.0,0.0,0.0,0.0,0
3,chain_3svc,102,59.976995999932115,52.39423399984844,7.582762000083676,1605632,2,21.103874999880645,0.26130200012630667,0.07410000011986995,36.041097999941485,602112,16.183834000003117,0.34850299994104716,0.05710000004910398,16.958340999963184,802816,15.106524999964677,0.1393019999795797,0.02610000001368462,0.0,200704,0.0,0.0,0.0,0.0,0,0.0,0.0,0.0,0.0,0
3,chain_3svc,103,58.946388000094885,51.3985259999572,7.547862000137684,1605632,2,20.693372000096133,0.28400199994393915,0.06809999990764481,35.23919100007333,602112,16.04283299980125,0.3473030001259758,0.055900000006658956,16.499737000003734,802816,14.66232100005982,0.13710100006392167,0.02600099992378091,0.0,200704,0.0,0.0,0.0,0.0,0,0.0,0.0,0.0,0.0,0
3,chain_3svc,104,58.20178100020712,50.21941499967397,7.982366000533148,1605632,2,20.390868999811573,0.26530200011620764,0.07550100008302252,34.75788700006888,602112,15.857230999927197,0.36350300001686264,0.058501000012256554,15.959232000113843,802816,13.971314999935203,0.13650200003212376,0.02790000007735216,0.0,200704,0.0,0.0,0.0,0.0,0,0.0,0.0,0.0,0.0,0
3,chain_3svc,105,65.83344500018029,56.01956399959818,9.813881000582114,1605632,2,20.65547099982723,0.2666020000106073,0.0747999999930471,42.247450000104436,602112,19.82186399982311,0.4704039999978704,0.07270100013556657,17.570644999977958,802816,15.542228999947838,0.1387009999689326,0.028500000098574674,0.0,200704,0.0,0.0,0.0,0.0,0,0.0,0.0,0.0,0.0,0
3,chain_3svc,106,59.43029199988814,51.903329999731795,7.526962000156345,1605632,2,20.914172999937364,0.26480199994693976,0.08020099994610064,35.62979399998767,602112,16.05393299996649,0.34780300006787,0.059800999906656216,16.772338999999192,802816,14.93522399982794,0.13870100019630627,0.02519999998185085,0.0,200704,0.0,0.0,0.0,0.0,0,0.0,0.0,0.0,0.0,0
3,chain_3svc,107,58.86428700000579,51.36002500012182,7.5042619998839655,1605632,2,20.189967000078468,0.27290200000607,0.06970100002945401,35.70749599998635,602112,17.04494099999465,0.34450300017851987,0.057399999832341564,15.88463099983528,802816,14.125117000048704,0.13470099997903162,0.025299999833805487,0.0,200704,0.0,0.0,0.0,0.0,0,0.0,0.0,0.0,0.0,0
3,chain_3svc,108,60.0614970001061,52.05003100013528,8.011465999970824,1605632,2,20.889273000193498,0.26470299985703605,0.07409999989249627,36.28699999990204,602112,16.199733999883392,0.3451030001997424,0.06020099999659578,16.993540999919787,802816,14.961024000058387,0.1398009999320493,0.029799999992974335,0.0,200704,0.0,0.0,0.0,0.0,0,0.0,0.0,0.0,0.0,0
3,chain_3svc,109,60.473000000001775,52.4502340001618,8.022765999839976,1605632,2,20.524869999917428,0.26890200001616904,0.08739999998397252,36.725204000049416,602112,16.660738000155106,0.41130299996439135,0.062300999843500904,17.145841999990807,802816,15.264626000089265,0.14150099991638854,0.02870100001928222,0.0,200704,0.0,0.0,0.0,0.0,0,0.0,0.0,0.0,0.0,0
3,chain_3svc,110,59.120990000110396,51.33982400025161,7.781165999858786,1605632,2,20.554370000127165,0.26570299996819813,0.07459999983439047,35.56189399978393,602112,15.909531000033894,0.3409030000511848,0.05740099982176616,16.81943899984617,802816,14.875923000090552,0.14430200008064276,0.026599999955578824,0.0,200704,0.0,0.0,0.0,0.0,0,0.0,0.0,0.0,0.0,0
3,chain_3svc,111,60.12409799996021,52.29233299974112,7.831765000219093,1605632,2,21.04657499990026,0.26680199994189024,0.10750100000223028,35.926997000160554,602112,16.15233300003638,0.35000299999410345,0.057600999980422785,16.917540000122244,802816,15.093424999804483,0.13960100000076636,0.02700000004551839,0.0,200704,0.0,0.0,0.0,0.0,0,0.0,0.0,0.0,0.0,0
3,chain_3svc,112,58.42848399993272,51.25742399968658,7.171060000246143,1605632,2,19.977864999873418,0.258403000088947,0.07330099992941541,35.585695000008855,602112,16.44953599998189,0.3410030001305131,0.05790099999103404,16.672137999876213,802816,14.830022999831272,0.1347010002064053,0.02610000001368462,0.0,200704,0.0,0.0,0.0,0.0,0,0.0,0.0,0.0,0.0,0
3,chain_3svc,113,59.29579099984039,51.71312800030137,7.582662999539025,1605632,2,20.283667000057903,0.26360299989391933,0.08450099994661286,36.11829900000885,602112,16.478637000091112,0.3587030000744562,0.056599999879836105,16.852840000183278,802816,14.950824000152352,0.1517009998224239,0.027499999987412593,0.0,200704,0.0,0.0,0.0,0.0,0,0.0,0.0,0.0,0.0,0
3,chain_3svc,114,58.94458800003122,51.06762300010814,7.876964999923075,1605632,2,20.388569000033385,0.2693020001061086,0.13310099984664703,35.57389399998101,602112,15.454128000101264,0.3486030000203755,0.0758009998662601,17.18484200000603,802816,15.224925999973493,0.1850020000802033,0.026400000024295878,0.0,200704,0.0,0.0,0.0,0.0,0,0.0,0.0,0.0,0.0,0
3,chain_3svc,115,59.95469599997705,51.96872999977131,7.985966000205735,1605632,2,20.4962699999669,0.2672020000318298,0.09099999988393392,36.454702000128236,602112,16.599836999830586,0.3479030001471983,0.06000000007588824,16.94113999997171,802816,14.872622999973828,0.1382010000270384,0.02949999998236308,0.0,200704,0.0,0.0,0.0,0.0,0,0.0,0.0,0.0,0.0,0
3,chain_3svc,116,59.395692000180134,51.72922799965818,7.666464000521955,1605632,2,20.899572999951488,0.2630019998832722,0.07330000016736449,35.59469500009982,602112,16.73833899985766,0.3440020000198274,0.05620000001727021,15.975532000084058,802816,14.09131599984903,0.13170100010029273,0.023600000076839933,0.0,200704,0.0,0.0,0.0,0.0,0,0.0,0.0,0.0,0.0,0
3,chain_3svc,117,58.677381000052264,51.4184200001182,7.258960999934061,1605632,2,20.333868000079747,0.259901999925205,0.07340100000874372,35.49598900008277,602112,16.630934999966485,0.3186029998687445,0.05750000013904355,16.25973199998043,802816,14.453617000071972,0.13690099990526505,0.02700100003494299,0.0,200704,0.0,0.0,0.0,0.0,0,0.0,0.0,0.0,0.0,0
3,chain_3svc,118,59.82198700007757,52.20992600015961,7.612060999917958,1605632,2,20.232764999946085,0.26440200008437387,0.07239999990815704,36.60429799992926,602112,16.601936000142814,0.37440300002344884,0.05689999989044736,17.135540000026594,802816,15.375225000070714,0.13420099980976374,0.0297010001304443,0.0,200704,0.0,0.0,0.0,0.0,0,0.0,0.0,0.0,0.0,0
3,chain_3svc,119,60.531193000088024,52.813930999946024,7.717262000142,1605632,2,20.901171000105023,0.2633019998938835,0.07419999997182458,36.70229899989863,602112,17.182139999931678,0.3549030000158382,0.062400999922829214,16.605234999815366,802816,14.730619999909322,0.13840099995832134,0.027499999987412593,0.0,200704,0.0,0.0,0.0,0.0,0,0.0,0.0,0.0,0.0,0
3,chain_3svc,120,60.872994999954244,52.894831000230624,7.97816399972362,1605632,2,20.47596700003851,0.2633019998938835,0.09030000001075678,37.488305000124456,602112,16.333833000089726,0.4110029999537801,0.057600999980422785,18.15694800006895,802816,16.08503100010239,0.13740099984715926,0.027999999929306796,0.0,200704,0.0,0.0,0.0,0.0,0,0.0,0.0,0.0,0.0,0
3,chain_3svc,121,66.27284000001055,53.063031999954546,13.209808000056,1605632,2,20.51826699994308,0.2646020000156568,0.08000100001481769,37.551104999920426,602112,17.19094000009136,0.35360299989406485,0.0591999998960091,17.368642000064938,802816,15.353824999920107,0.1384020001751196,0.028200000087963417,0.0,200704,0.0,0.0,0.0,0.0,0,0.0,0.0,0.0,0.0,0
3,chain_3svc,122,61.91100399996685,54.28294300008929,7.628060999877562,1605632,2,20.874070000218126,0.26480299993636436,0.0788999998349027,38.22791099992173,602112,18.16194799994264,0.3455030000623083,0.05740100004913984,17.105238999874928,802816,15.246924999928524,0.13500099998964288,0.0266000001829525,0.0,200704,0.0,0.0,0.0,0.0,0,0.0,0.0,0.0,0.0,0
3,chain_3svc,123,60.771795000164275,53.19653199990171,7.5752630002625665,1605632,2,21.020971000098143,0.29380299997683323,0.10170099994866177,36.90410100011832,602112,16.890636999960407,0.3460030000042025,0.06320100010270835,17.19143999980588,802816,15.284923999843159,0.13420100003713742,0.02800000015668047,0.0,200704,0.0,0.0,0.0,0.0,0,0.0,0.0,0.0,0.0,0
3,chain_3svc,124,60.93079600009332,52.8742300000431,8.056566000050225,1605632,2,20.890170000029684,0.2624029998514743,0.12130100003560074,37.031101999900784,602112,16.869837000058396,0.35050299993599765,0.05790099999103404,17.124438999871927,802816,15.114222999955018,0.13550200014833536,0.02779999999802385,0.0,200704,0.0,0.0,0.0,0.0,0,0.0,0.0,0.0,0.0,0
3,chain_3svc,125,60.3503920001458,52.64402899979359,7.706363000352212,1605632,2,20.759568999892508,0.2619020001475292,0.0910000001113076,36.642798000002585,602112,16.491833999907612,0.3422030001729581,0.05730099996981153,17.286640999827796,802816,15.39262599999347,0.12950099994668562,0.028300000167291728,0.0,200704,0.0,0.0,0.0,0.0,0,0.0,0.0,0.0,0.0,0
3,chain_3svc,126,61.23969899999793,53.19943399990734,8.040265000090585,1605632,2,20.795169999928476,0.2713020001010591,0.09660099999564409,37.40020500003993,602112,17.147440000144343,0.3944029999729537,0.03500000002532033,17.258640000136438,802816,15.256823999834523,0.1362010000320879,0.03440000000409782,0.0,200704,0.0,0.0,0.0,0.0,0,0.0,0.0,0.0,0.0,0
3,chain_3svc,127,62.918213000102696,54.83284599995386,8.085367000148835,1605632,2,23.31048899986854,0.29500300001927826,0.08210100008909649,36.40329599988945,602112,16.52983500002847,0.3457029999935912,0.05480000004354224,16.92243699994833,802816,14.992522000056852,0.13210199995228322,0.02509999990252254,0.0,200704,0.0,0.0,0.0,0.0,0,0.0,0.0,0.0,0.0,0
3,chain_3svc,128,60.2799910000158,52.44172600009733,7.838264999918465,1605632,2,20.691268000064156,0.29730300002484,0.09630099998503283,36.60489799995048,602112,16.982438000013644,0.35050299993599765,0.038300000142044155,16.723636000051556,802816,14.768020000019533,0.13860199987902888,0.028300000167291728,0.0,200704,0.0,0.0,0.0,0.0,0,0.0,0.0,0.0,0.0,0
3,chain_3svc,129,59.71188600005917,51.79812200003653,7.913764000022638,1605632,2,20.19046400005209,0.2484019998973963,0.09040100007950969,36.5563979999024,602112,16.574035000076037,0.34020199996120937,0.062300999843500904,16.99543800009451,802816,15.033622999908403,0.13430100011646573,0.029100000119797187,0.0,200704,0.0,0.0,0.0,0.0,0,0.0,0.0,0.0,0.0,0
3,chain_3svc,130,62.27470700014237,54.345041999795285,7.929665000347086,1605632,2,21.13957199981087,0.2621030000682367,0.07850000019971048,38.25781199998346,602112,17.602642999918316,0.38740300010431383,0.0644009999177797,17.632244000196806,802816,15.6028270000661,0.13680099982593674,0.031100000114747672,0.0,200704,0.0,0.0,0.0,0.0,0,0.0,0.0,0.0,0.0,0
3,chain_3svc,131,62.212406000071496,54.21404100002292,7.9983650000485795,1605632,2,21.016170999928363,0.2791020001495781,0.1200009999138274,38.232911000022796,602112,17.247340000039912,0.34950300005220925,0.061701000049652066,18.0594469998141,802816,15.950530000054641,0.1335009999365866,0.031099999887373997,0.0,200704,0.0,0.0,0.0,0.0,0,0.0,0.0,0.0,0.0,0
3,chain_3svc,132,64.4811249999293,56.80166300021483,7.679461999714476,1605632,2,21.662176000063482,0.2602019999358163,0.09950100002242834,39.93572599983963,602112,19.893361999947956,0.35840200007442036,0.05900099995415076,17.238640999948984,802816,15.246125000203392,0.13170099987291906,0.0289999998130952,0.0,200704,0.0,0.0,0.0,0.0,0,0.0,0.0,0.0,0.0,0
3,chain_3svc,133,61.183198000207994,53.3866350003791,7.796562999828893,1605632,2,21.15917200012518,0.25390299992977816,0.07759999994050304,37.191903000120874,602112,16.859338000131174,0.3456019999248383,0.05809999993289239,17.401042000074085,802816,15.368125000122745,0.13580099994214834,0.028100999998059706,0.0,200704,0.0,0.0,0.0,0.0,0,0.0,0.0,0.0,0.0,0
3,chain_3svc,134,62.51050800005942,54.71214499993948,7.798363000119934,1605632,2,21.612576000052286,0.266501999931279,0.08860100001584215,38.000709000016286,602112,17.028837999987445,0.35070300009465427,0.08030100002542895,18.048247000024276,802816,16.07073099989975,0.13480100005835993,0.03220000007786439,0.0,200704,0.0,0.0,0.0,0.0,0,0.0,0.0,0.0,0.0,0
3,chain_3svc,135,64.40782399999989,56.249357000297096,8.158466999702796,1605632,2,22.52428300016618,0.27260199999545875,0.13310099984664703,38.94341699992765,602112,17.486942000005,0.3528029999415594,0.0612999999702879,18.397450000065874,802816,16.238132000125916,0.13490099991031457,0.026199999865639256,0.0,200704,0.0,0.0,0.0,0.0,0,0.0,0.0,0.0,0.0,0
3,chain_3svc,136,65.18513100013479,57.148263999579285,8.036867000555503,1605632,2,20.47796599981666,0.26390300013190426,0.10000099996432255,41.858439999941766,602112,17.45664199984276,0.3486020000309509,0.06370100004460255,21.30257400017399,802816,19.213655999919865,0.13710100006392167,0.026401000013720477,0.0,200704,0.0,0.0,0.0,0.0,0,0.0,0.0,0.0,0.0,0
3,chain_3svc,137,63.907319999998435,55.05154999968909,8.855770000309349,1605632,2,21.539975999985472,0.26530199988883396,0.1387009999689326,39.30431999992834,602112,17.103439999800685,0.3540020002219535,0.06189999999151041,18.44485100014026,802816,16.40813399990293,0.13320100015334901,0.029799999992974335,0.0,200704,0.0,0.0,0.0,0.0,0,0.0,0.0,0.0,0.0,0
3,chain_3svc,138,61.90050300006078,54.01473899996745,7.885764000093332,1605632,2,22.056679000115764,0.27520300000105635,0.07830100003047846,36.80390000022271,602112,16.488933999880828,0.33960300015678513,0.06110100002842955,17.414841999880082,802816,15.469125999970856,0.13240099997346988,0.02890100017793884,0.0,200704,0.0,0.0,0.0,0.0,0,0.0,0.0,0.0,0.0,0
3,chain_3svc,139,62.46560800013867,54.55244300014783,7.91316499999084,1605632,2,20.211264000181473,0.2541019998716365,0.09090099979403021,39.491720999876634,602112,17.806345000053625,0.3331020000132412,0.07110100000318198,18.85115400000359,802816,16.534833999912735,0.13650100004269916,0.04630099988389702,0.0,200704,0.0,0.0,0.0,0.0,0,0.0,0.0,0.0,0.0,0
3,chain_3svc,140,60.58839399997851,52.75322900001811,7.835164999960398,1605632,2,20.54426700010481,0.25700299988784536,0.09280099993702606,37.14850299979844,602112,16.650235000042812,0.34110299998246774,0.060600999859161675,17.59294300018155,802816,15.558726999870487,0.13450100004774868,0.028100000008635106,0.0,200704,0.0,0.0,0.0,0.0,0,0.0,0.0,0.0,0.0,0
3,chain_3svc,141,61.817102999839335,54.1221409996524,7.694962000186933,1605632,2,20.708768999838867,0.25820200016823946,0.09080099994207558,38.33291199998712,602112,17.707943999994313,0.33870300012495136,0.03700099978232174,17.68284400009179,802816,15.705427999819221,0.13960100000076636,0.027300000056129647,0.0,200704,0.0,0.0,0.0,0.0,0,0.0,0.0,0.0,0.0,0
3,chain_3svc,142,62.082206000013684,53.90303900003346,8.179166999980225,1605632,2,20.289965000074517,0.25740299997778493,0.07780000009915966,38.75811600005363,602112,17.31104099985714,0.338802999976906,0.0634010000339913,18.35024899992277,802816,16.3020330001018,0.1356010000108654,0.030399999786823173,0.0,200704,0.0,0.0,0.0,0.0,0,0.0,0.0,0.0,0.0,0
3,chain_3svc,143,63.852819999965504,56.015655000010156,7.837164999955348,1605632,2,22.853486000030898,0.2786019999803102,0.12970099987796857,38.12990999995236,602112,17.398141000057876,0.3664029998162732,0.06290100009209709,17.78964499999347,802816,15.764027999921382,0.13480200004778453,0.031600000056641875,0.0,200704,0.0,0.0,0.0,0.0,0,0.0,0.0,0.0,0.0,0
3,chain_3svc,144,61.56360099998892,52.01172399983989,9.551877000149034,1605632,2,20.34876599987001,0.2844020000338787,0.10340100016037468,36.60949800018898,602112,16.556934999925943,0.34270199989805405,0.06110100002842955,17.1164390001195,802816,15.106023000043933,0.13910100005887216,0.02769999991869554,0.0,200704,0.0,0.0,0.0,0.0,0,0.0,0.0,0.0,0.0,0
3,chain_3svc,145,61.16229799999928,53.120732999786924,8.041565000212358,1605632,2,21.258873999840944,0.2686020000055578,0.07679999998799758,36.805299999969066,602112,16.90033700015192,0.3384029998869664,0.06110100002842955,16.96443800005909,802816,14.961521999794059,0.13330100000530365,0.02779999999802385,0.0,200704,0.0,0.0,0.0,0.0,0,0.0,0.0,0.0,0.0,0
3,chain_3svc,146,60.300290999975914,52.363326000204324,7.93696499977159,1605632,2,20.298566000064966,0.26900200009549735,0.10110099992743926,37.08220200019241,602112,16.53513400015072,0.340003000019351,0.034700000014709076,17.533042999957615,802816,15.529625999988639,0.1367009999739821,0.02819999986058974,0.0,200704,0.0,0.0,0.0,0.0,0,0.0,0.0,0.0,0.0,0
3,chain_3svc,147,59.983589000012216,52.426526999852285,7.557062000159931,1605632,2,20.747868999933416,0.25600200001463236,0.09760000011738157,36.44989700001133,602112,15.940529999852515,0.3384020001249155,0.05480100003296684,17.599643000039578,802816,15.738128000066354,0.1330009999946924,0.028100000008635106,0.0,200704,0.0,0.0,0.0,0.0,0,0.0,0.0,0.0,0.0,0
3,chain_3svc,148,58.936279999898034,50.94591500005663,7.990364999841404,1605632,2,19.918261999919196,0.2567030001046078,0.10990100008712034,36.03629400004138,602112,16.224032000081934,0.3441030000885803,0.06210099991221796,16.818736999994144,802816,14.8036210000555,0.13470099997903162,0.029900000072302646,0.0,200704,0.0,0.0,0.0,0.0,0,0.0,0.0,0.0,0.0,0
3,chain_3svc,149,58.55717700001151,50.892915000076755,7.664261999934752,1605632,2,20.254365000027974,0.2556019999246928,0.06890000008752395,35.465589000068576,602112,15.8467290000317,0.3351029999976163,0.05859999987478659,16.73123599994142,802816,14.79182100001708,0.13780099993709882,0.028200000087963417,0.0,200704,0.0,0.0,0.0,0.0,0,0.0,0.0,0.0,0.0,0
3,chain_3svc,150,59.728385999960665,51.969423000173265,7.7589629997874,1605632,2,20.650868000075207,0.26060200002575584,0.13280099983603577,36.18559400001686,602112,16.966537999905995,0.337403000003178,0.03680100007841247,16.189732000157164,802816,14.352017000192063,0.1320009998835303,0.0315999998292682,0.0,200704,0.0,0.0,0.0,0.0,0,0.0,0.0,0.0,0.0,0
3,chain_3svc,151,60.73459399999592,52.91552999983651,7.819064000159415,1605632,2,20.88416999981746,0.25870300009955827,0.0775000000885484,36.88820000002124,602112,16.88913699990735,0.3247029999329243,0.057801000139079406,17.117040000130146,802816,15.142223000111699,0.13160200001038902,0.027899999849978485,0.0,200704,0.0,0.0,0.0,0.0,0,0.0,0.0,0.0,0.0,0
3,chain_3svc,152,59.63038599998072,51.969622999877174,7.660763000103543,1605632,2,20.51626699994813,0.2620029999889084,0.10120000001734297,36.327095999922676,602112,16.585435000024518,0.35830299998451665,0.053099999831829336,16.717736000146033,802816,14.867920999904527,0.13070099998913065,0.026800000114235445,0.0,200704,0.0,0.0,0.0,0.0,0,0.0,0.0,0.0,0.0,0
3,chain_3svc,153,61.41339999999218,53.607435000003534,7.805964999988646,1605632,2,21.339272999966852,0.2686029999949824,0.09730100009619491,37.12140199991154,602112,17.2006400000555,0.33640199990259134,0.07900100013102929,17.080239000051733,802816,15.067521999981182,0.13490100013768824,0.026600999945003423,0.0,200704,0.0,0.0,0.0,0.0,0,0.0,0.0,0.0,0.0,0
3,chain_3svc,154,60.993195999799354,53.34983500006274,7.643360999736615,1605632,2,20.650568000064595,0.2796019998640986,0.08960100012700423,37.395904000049995,602112,16.931837999891286,0.32730300017647096,0.05809999993289239,17.59054300009666,802816,15.767429000106858,0.13440099996842036,0.029199999971751822,0.0,200704,0.0,0.0,0.0,0.0,0,0.0,0.0,0.0,0.0,0
3,chain_3svc,155,63.69711900015318,55.593151999801194,8.103967000351986,1605632,2,22.162080000043716,0.26220299992019136,0.0784009998824331,38.5245129998566,602112,16.93063799984884,0.332602000071347,0.06060100008653535,18.59895100005815,802816,16.500433999908637,0.1366009998946538,0.03100100002484396,0.0,200704,0.0,0.0,0.0,0.0,0,0.0,0.0,0.0,0.0,0
3,chain_3svc,156,61.55930099998841,53.69913599997744,7.860165000010966,1605632,2,22.275281000020186,0.26800199998433527,0.09760100010680617,36.319494999816015,602112,16.278432000035536,0.3279029999703198,0.061201000107757864,17.082339000126012,802816,15.14542299992172,0.13290099991536408,0.02790100006677676,0.0,200704,0.0,0.0,0.0,0.0,0,0.0,0.0,0.0,0.0,0
3,chain_3svc,157,62.20310700018672,54.12934099990707,8.073766000279647,1605632,2,21.84327800000574,0.2664019998519507,0.07279999999809661,37.416204999999536,602112,16.809236999961286,0.411104000022533,0.05880000003344321,17.609543999924426,802816,15.476825999940047,0.14160099999571685,0.027601000056165503,0.0,200704,0.0,0.0,0.0,0.0,0,0.0,0.0,0.0,0.0,0
3,chain_3svc,158,60.76309499985655,52.99233300002015,7.770761999836395,1605632,2,21.636276999970505,0.2647020000949851,0.07260000006681366,36.19149499991181,602112,16.340732999879037,0.33810300010372885,0.038099999983387534,17.019037999943976,802816,15.01532300017061,0.13250099982542451,0.027499999987412593,0.0,200704,0.0,0.0,0.0,0.0,0,0.0,0.0,0.0,0.0,0
3,chain_3svc,159,59.312083000122584,51.63452200008578,7.677561000036803,1605632,2,20.670268999992913,0.2782020001177443,0.07279999999809661,35.94089300008818,602112,16.637136000099417,0.33700199992381386,0.05899999996472616,16.30053200005932,802816,14.32711699999345,0.13290099991536408,0.026200000093012932,0.0,200704,0.0,0.0,0.0,0.0,0,0.0,0.0,0.0,0.0,0
3,chain_3svc,160,57.898370999964754,50.1995080001052,7.698862999859557,1605632,2,20.154563999994934,0.26680199994189024,0.07100000016180275,34.766683000043486,602112,15.710928000089552,0.33710200000314217,0.05740099982176616,16.339533000063966,802816,14.33401600002071,0.1279010000416747,0.027500999976837193,0.0,200704,0.0,0.0,0.0,0.0,0,0.0,0.0,0.0,0.0,0
3,chain_3svc,161,57.92017199996735,49.96020599969597,7.959966000271379,1605632,2,20.282864999899175,0.2693020001061086,0.08850100016388751,34.640382000134196,602112,15.822128999843699,0.34230300002491276,0.05740000005971524,15.865329000007478,802816,13.855211999953099,0.1367019999634067,0.025400999902558397,0.0,200704,0.0,0.0,0.0,0.0,0,0.0,0.0,0.0,0.0,0
3,chain_3svc,162,58.7040780001189,51.13311600007364,7.570962000045256,1605632,2,20.366065999951388,0.24780200010354747,0.06980100010878232,35.49268899996605,602112,16.450434000034875,0.3346029998283484,0.06770100003450352,16.16953199982163,802816,14.316616000087379,0.13140100008968147,0.025299999833805487,0.0,200704,0.0,0.0,0.0,0.0,0,0.0,0.0,0.0,0.0,0
3,chain_3svc,163,58.911878999879264,51.538319999735904,7.373559000143359,1605632,2,20.63716799989379,0.25810200008891115,0.07040100013000483,35.5053890000363,602112,16.327133000004324,0.3549030000158382,0.058500000022831955,16.355932999886136,802816,14.57401899983779,0.13440100019579404,0.028300000167291728,0.0,200704,0.0,0.0,0.0,0.0,0,0.0,0.0,0.0,0.0,0
3,chain_3svc,164,61.62240200001179,53.65213699974447,7.970265000267318,1605632,2,20.00136299989208,0.25850199995147705,0.09070100009012094,38.63961499996549,602112,19.34435799989842,0.41340300003867014,0.06940000002941815,16.154931000073702,802816,14.30641599995397,0.15710100001342653,0.02600099992378091,0.0,200704,0.0,0.0,0.0,0.0,0,0.0,0.0,0.0,0.0,0
3,chain_3svc,165,58.5211759998856,50.95741500008444,7.563760999801161,1605632,2,20.64006800014795,0.2602019999358163,0.0951009999425878,34.896784000011394,602112,15.950729999985924,0.34380300007796905,0.05379999993238016,16.22363299998142,802816,14.366616999950566,0.13650100004269916,0.027099999897473026,0.0,200704,0.0,0.0,0.0,0.0,0,0.0,0.0,0.0,0.0,0
3,chain_3svc,166,58.966280000049665,51.53212000004714,7.434160000002521,1605632,2,20.112164000011035,0.25540199999340985,0.08560100013710326,35.977292999859856,602112,16.67673600013586,0.3482029999304359,0.058500000022831955,16.571334999980536,802816,14.743219999900248,0.13430100011646573,0.028500000098574674,0.0,200704,0.0,0.0,0.0,0.0,0,0.0,0.0,0.0,0.0,0
3,chain_3svc,167,59.0314800001579,51.544719999810695,7.4867600003472035,1605632,2,20.800368999971397,0.26370199998382304,0.07600100002491672,35.42678899998464,602112,16.55223499983549,0.3543020000051911,0.05410100015978969,16.09673100006148,802816,14.192116000003807,0.1310009999997419,0.026200000093012932,0.0,200704,0.0,0.0,0.0,0.0,0,0.0,0.0,0.0,0.0,0
3,chain_3svc,168,59.50058500002342,51.5383209999527,7.962264000070718,1605632,2,20.835669999996753,0.29800199990859255,0.07540100000369421,35.65949099993304,602112,16.89853800007768,0.3509030000259372,0.06009999992784287,15.848629000174697,802816,13.80411299987827,0.13910100005887216,0.02480000011928496,0.0,200704,0.0,0.0,0.0,0.0,0,0.0,0.0,0.0,0.0,0
3,chain_3svc,169,61.312799000006635,53.22403299965117,8.088766000355463,1605632,2,20.128263999822593,0.26950200003739155,0.07730100014669006,38.140509999948335,602112,17.205740000008518,0.3439019999404991,0.06090099986977293,17.940046000148868,802816,15.89002899982006,0.13950100014881173,0.029500999971787678,0.0,200704,0.0,0.0,0.0,0.0,0,0.0,0.0,0.0,0.0,0
3,chain_3svc,170,59.51688400000421,51.42881899973872,8.088065000265487,1605632,2,20.39726599991809,0.26690200002121856,0.08670100010021997,36.094493000064176,602112,16.05493099987143,0.3359030001774954,0.06880000000819564,16.949737999993886,802816,14.976621999949202,0.14150199990581314,0.030200000082913903,0.0,200704,0.0,0.0,0.0,0.0,0,0.0,0.0,0.0,0.0,0
3,chain_3svc,171,60.118689999853814,52.27922599988233,7.8394639999714855,1605632,2,20.026762999805214,0.2598020000732504,0.08470100010526949,37.207703000149195,602112,17.3179410001012,0.3446030000304745,0.06530099994961347,17.026939000061247,802816,14.934521999975914,0.13860100011697796,0.028500000098574674,0.0,200704,0.0,0.0,0.0,0.0,0,0.0,0.0,0.0,0.0,0
3,chain_3svc,172,58.69317800011231,51.06871600014529,7.624461999967025,1605632,2,20.111563999989812,0.26750200004244107,0.0753009999243659,35.66759099999217,602112,15.840029000173672,0.3638030000274739,0.032899999951041536,17.038339000009728,802816,15.117122999981802,0.15520100009780435,0.02790000007735216,0.0,200704,0.0,0.0,0.0,0.0,0,0.0,0.0,0.0,0.0,0
3,chain_3svc,173,59.60888499998873,52.11382500010586,7.495059999882869,1605632,2,20.488967000119374,0.26260199979333265,0.06810099989706941,36.178695000216976,602112,16.2337330000355,0.34380200008854445,0.057399999832341564,17.136839999920994,802816,15.39112499995099,0.13340100008463196,0.026400000024295878,0.0,200704,0.0,0.0,0.0,0.0,0,0.0,0.0,0.0,0.0,0
3,chain_3svc,174,59.922588000063115,52.319924999892464,7.602663000170651,1605632,2,20.496567000009236,0.2604020000944729,0.11060099996029749,36.4807970001948,602112,16.94103699992411,0.3509030000259372,0.05970100005470158,16.795136999917304,802816,14.88232099995912,0.14750099990124,0.02790000007735216,0.0,200704,0.0,0.0,0.0,0.0,0,0.0,0.0,0.0,0.0,0
3,chain_3svc,175,60.31469100003051,52.32812500003092,7.986565999999584,1605632,2,21.445573999926637,0.28630300016629917,0.07320100007746078,35.833990999890375,602112,16.387733000101434,0.33850299996629474,0.03610099997786165,16.44723399999748,802816,14.494818000002851,0.13170099987291906,0.028200000087963417,0.0,200704,0.0,0.0,0.0,0.0,0,0.0,0.0,0.0,0.0,0
3,chain_3svc,176,60.72759399989991,52.881832000139184,7.845761999760725,1605632,2,20.577868000145827,0.26110199996765004,0.07469999991371878,37.18120300004557,602112,16.392834000043877,0.36720299999615236,0.07060000007186318,18.043346000013116,802816,15.91112999994948,0.13340099985725828,0.032600000167803955,0.0,200704,0.0,0.0,0.0,0.0,0,0.0,0.0,0.0,0.0,0
3,chain_3svc,177,59.723386000086975,52.11372499957179,7.609661000515189,1605632,2,21.26317299985203,0.2635020000525401,0.0748009999824717,35.771091000015076,602112,15.802728999915416,0.34590199993544957,0.06260100008148584,17.04973899995821,802816,15.047822999804339,0.14360099999066733,0.02880000010918593,0.0,200704,0.0,0.0,0.0,0.0,0,0.0,0.0,0.0,0.0,0
3,chain_3svc,178,59.543784000197775,52.00262400012434,7.5411600000734325,1605632,2,20.81926999994721,0.26330200012125715,0.07430000005115289,35.9022919999461,602112,15.923030000067229,0.35890300000573916,0.041199999941454735,17.127840000057404,802816,15.260324000109904,0.14570099983757245,0.0259009998444526,0.0,200704,0.0,0.0,0.0,0.0,0,0.0,0.0,0.0,0.0,0
3,chain_3svc,179,59.10958100002972,51.434719000098994,7.674861999930727,1605632,2,20.608468000091307,0.27290200000607,0.07679999998799758,35.55188899986206,602112,15.837929000099393,0.34330299990870117,0.05849999979545828,16.86363699991489,802816,14.988321999908294,0.13910100005887216,0.026600999945003423,0.0,200704,0.0,0.0,0.0,0.0,0,0.0,0.0,0.0,0.0,0
3,chain_3svc,180,59.67198600001211,51.8636230001448,7.808362999867313,1605632,2,20.728869000095074,0.2619019999201555,0.09340099995824858,35.9757929998068,602112,15.960530000029394,0.3355019998707576,0.05670100017596269,17.143540000006396,802816,15.174224000020331,0.14150099991638854,0.02650000010362419,0.0,200704,0.0,0.0,0.0,0.0,0,0.0,0.0,0.0,0.0,0
3,chain_3svc,181,58.918979000054605,51.063716000044224,7.855263000010382,1605632,2,20.170664000033867,0.2723019999848475,0.10900100005528657,35.769191000099454,602112,16.07813099985833,0.36470300005930767,0.056901000107245636,16.69933600010154,802816,14.814921000152026,0.13840099995832134,0.024799999891911284,0.0,200704,0.0,0.0,0.0,0.0,0,0.0,0.0,0.0,0.0,0
3,chain_3svc,182,57.84767099999044,50.27350899990779,7.5741620000826515,1605632,2,19.876260999808437,0.2603020000151446,0.07010100011939358,35.06328499997835,602112,15.896529999963604,0.32620299998598057,0.056300000096598524,16.347632999895723,802816,14.500718000135748,0.13530100000025413,0.026299999944967567,0.0,200704,0.0,0.0,0.0,0.0,0,0.0,0.0,0.0,0.0,0
3,chain_3svc,183,58.893580000130896,51.37501900003372,7.518561000097179,1605632,2,20.36676600005194,0.2635020000525401,0.09270099985769775,35.682489999999234,602112,15.702028000077917,0.3351020000081917,0.058501000012256554,17.135540000026594,802816,15.306224999903861,0.13900099997954385,0.025499999992462108,0.0,200704,0.0,0.0,0.0,0.0,0,0.0,0.0,0.0,0.0,0
3,chain_3svc,184,61.951304000103846,53.83933999974033,8.111964000363514,1605632,2,20.926870999801395,0.25910200020007323,0.07730000015726546,38.10930999998163,602112,16.044330999875456,0.34650300017347035,0.056800000038492726,19.01375400007055,802816,16.86813800006348,0.14330099998005608,0.0315999998292682,0.0,200704,0.0,0.0,0.0,0.0,0,0.0,0.0,0.0,0.0,0
3,chain_3svc,185,60.524292000081914,52.669229000002815,7.855063000079099,1605632,2,21.01227100001779,0.265101999957551,0.09710099993753829,36.53699799997412,602112,16.246531999968283,0.34420299994053494,0.060200000007171184,17.40234099997906,802816,15.410426000016741,0.1392009999108268,0.029199999971751822,0.0,200704,0.0,0.0,0.0,0.0,0,0.0,0.0,0.0,0.0,0
3,chain_3svc,186,60.297089999949094,52.59352799998851,7.703561999960584,1605632,2,20.759769000051165,0.2725030001329287,0.08379999985663744,36.58649799990599,602112,16.6664349999337,0.33930300014617387,0.058601000091584865,17.09673899995323,802816,15.167324000003646,0.1372009999158763,0.025800000003073364,0.0,200704,0.0,0.0,0.0,0.0,0,0.0,0.0,0.0,0.0,0
3,chain_3svc,187,59.95888899997226,52.13672399986535,7.8221650001069065,1605632,2,20.310464999965916,0.2603020000151446,0.10170100017603545,36.76959899985377,602112,16.712835999896924,0.38600400012001046,0.05980000014460529,17.067639000060808,802816,15.113423000002513,0.13060099990980234,0.025400000140507473,0.0,200704,0.0,0.0,0.0,0.0,0,0.0,0.0,0.0,0.0,0
3,chain_3svc,188,60.5060919999687,52.70212899995386,7.803963000014846,1605632,2,20.43516699995962,0.2541019998716365,0.1586010000664828,37.16930200016577,602112,16.82923699991079,0.35790300012195075,0.0692010000875598,17.335440999886487,802816,15.437725000083447,0.13010099996790814,0.038500999835378025,0.0,200704,0.0,0.0,0.0,0.0,0,0.0,0.0,0.0,0.0,0
3,chain_3svc,189,61.63580199995522,53.934638999635354,7.701163000319866,1605632,2,21.79467799987833,0.25920200005202787,0.07470000014109246,36.95170099990719,602112,16.634234999855835,0.3352030000769446,0.04020000005766633,17.531541999915135,802816,15.505725999901188,0.13060099990980234,0.0271010001142713,0.0,200704,0.0,0.0,0.0,0.0,0,0.0,0.0,0.0,0.0,0
3,chain_3svc,190,60.45709199997873,52.764529999876686,7.692562000102043,1605632,2,20.385366000027716,0.26220299992019136,0.08200000002034358,37.219702999891524,602112,16.754837000007683,0.34850199995162257,0.05910000004405447,17.59044300001733,802816,15.624326999841287,0.13230100012151524,0.03200100013600604,0.0,200704,0.0,0.0,0.0,0.0,0,0.0,0.0,0.0,0.0,0
3,chain_3svc,191,62.30040699983874,54.55974400001651,7.740662999822234,1605632,2,20.8925699998872,0.2588019999620883,0.09940100017047371,38.56951400007347,602112,16.760936000082438,0.37350399998103967,0.05959999998594867,18.949954000163416,802816,16.90623800004687,0.13130100001035316,0.031199999966702308,0.0,200704,0.0,0.0,0.0,0.0,0,0.0,0.0,0.0,0.0,0
3,chain_3svc,192,60.27439099989351,52.44492699989678,7.829463999996733,1605632,2,20.43836600000759,0.3076030000102037,0.09440099984203698,37.04600199989727,602112,16.150431999903958,0.3203020000910328,0.057599999990998185,18.06124700010514,802816,15.85612899998523,0.1372009999158763,0.027499999987412593,0.0,200704,0.0,0.0,0.0,0.0,0,0.0,0.0,0.0,0.0,0
3,chain_3svc,193,58.171172999891496,50.429011000233004,7.742161999658492,1605632,2,19.73366100014573,0.2602019999358163,0.0727009999081929,35.60629000003246,602112,15.882529000009526,0.33760299993446097,0.0582010000016453,16.825337000000218,802816,14.812821000077747,0.13030099989919108,0.026400000024295878,0.0,200704,0.0,0.0,0.0,0.0,0,0.0,0.0,0.0,0.0,0
3,chain_3svc,194,60.46459200001664,52.63152900010937,7.83306299990727,1605632,2,21.206572999972195,0.2712020000217308,0.10580100001789106,36.469397000018944,602112,16.121131000090827,0.34630300001481373,0.03689999994094251,17.25924099991971,802816,15.303825000046345,0.1398009999320493,0.02790000007735216,0.0,200704,0.0,0.0,0.0,0.0,0,0.0,0.0,0.0,0.0,0
3,chain_3svc,195,60.41969200009589,52.49992700009898,7.919764999996914,1605632,2,20.43486699994901,0.26060200002575584,0.07810000010977092,37.100102000067636,602112,16.6830350001419,0.34740299997793045,0.06050100000720704,17.462342000044373,802816,15.38202500000807,0.1413009999851056,0.02689999996619008,0.0,200704,0.0,0.0,0.0,0.0,0,0.0,0.0,0.0,0.0,0
3,chain_3svc,196,60.64359400011199,52.726129000120636,7.917464999991353,1605632,2,20.978271000103632,0.2608019999570388,0.10930100006589782,36.70489799992538,602112,17.173038999999335,0.349203000041598,0.06010100014464115,16.474733999984892,802816,14.57481900001767,0.13940100006948342,0.027999999929306796,0.0,200704,0.0,0.0,0.0,0.0,0,0.0,0.0,0.0,0.0,0
3,chain_3svc,197,61.449900000070556,53.72843900022417,7.721460999846386,1605632,2,21.12117199999375,0.2620019999994838,0.10830099995473574,37.48710500008201,602112,16.953339000110645,0.3690030000598199,0.06119999989095959,17.553542999849014,802816,15.653928000119777,0.13550099993153708,0.02700000004551839,0.0,200704,0.0,0.0,0.0,0.0,0,0.0,0.0,0.0,0.0,0
3,chain_3svc,198,60.45929199990496,52.7947299999596,7.664561999945363,1605632,2,20.781168999974398,0.2594019999833108,0.08000100001481769,36.98640100014927,602112,16.992538000067725,0.355603000116389,0.06580099989150767,16.92333799996959,802816,15.021022999917477,0.14050100003260013,0.029799999992974335,0.0,200704,0.0,0.0,0.0,0.0,0,0.0,0.0,0.0,0.0,0
3,chain_3svc,199,61.64620100003049,53.55393600007119,8.092264999959298,1605632,2,21.02527099987128,0.25760200014701695,0.07849999997233681,37.53900500009877,602112,17.283941000187042,0.3730029998223472,0.07129999994504033,17.203840999854947,802816,15.244724000012866,0.13270099998408114,0.029400999892459367,0.0,200704,0.0,0.0,0.0,0.0,0,0.0,0.0,0.0,0.0,0
3,chain_3svc,200,62.107904999948005,54.09814000017832,8.009764999769686,1605632,2,20.518067000011797,0.25270199989790854,0.07430000005115289,38.5730139998941,602112,17.41194200008067,0.3835029999663675,0.060599999869737076,18.19124799999372,802816,16.16813100008585,0.12850100006289722,0.0333010000304057,0.0,200704,0.0,0.0,0.0,0.0,0,0.0,0.0,0.0,0.0,0
4,chain_3svc,1,59.15844899982403,51.593291000017416,7.565157999806615,1605632,2,20.473455000001195,0.263901999915106,0.07510099999308295,35.906772999851455,602112,15.997320999986187,0.33930300014617387,0.05899999996472616,16.96682800002236,802816,15.122515000030035,0.13030099989919108,0.02679999988686177,0.0,200704,0.0,0.0,0.0,0.0,0,0.0,0.0,0.0,0.0,0
4,chain_3svc,2,59.48185200008993,51.84389399983047,7.637958000259459,1605632,2,20.15865299995312,0.2604019998670992,0.09120100003201514,36.614677999978085,602112,16.04722199999742,0.3400020000299264,0.06260000009206124,17.63403300014943,802816,15.638018999879932,0.13060099990980234,0.0297000001410197,0.0,200704,0.0,0.0,0.0,0.0,0,0.0,0.0,0.0,0.0,0
4,chain_3svc,3,60.37535800010119,52.400396999701115,7.9749610004000715,1605632,2,20.541855999908876,0.2558020000833494,0.07559999994555255,36.89908000001196,602112,16.150821999872278,0.3399029999400227,0.03460000016275444,17.76753500007544,802816,15.707718999919962,0.13000099988857983,0.02960000006169139,0.0,200704,0.0,0.0,0.0,0.0,0,0.0,0.0,0.0,0.0,0
4,chain_3svc,4,60.09885599996778,52.16799699974217,7.93085900022561,1605632,2,20.589356999835218,0.25920200005202787,0.089399999978923,36.60077800009276,602112,15.74931999994078,0.3450019999036158,0.035200000183976954,17.752733999941483,802816,15.829319999966174,0.14280100003816187,0.050100999942515045,0.0,200704,0.0,0.0,0.0,0.0,0,0.0,0.0,0.0,0.0,0
4,chain_3svc,5,58.353641999929096,50.83578599965222,7.517856000276879,1605632,2,19.872450999855573,0.27010200005861407,0.07260000006681366,35.608169999932215,602112,15.632317999916268,0.34280299996680696,0.05720100011785689,17.103330000054484,802816,15.331016999880376,0.1393009999901551,0.027300000056129647,0.0,200704,0.0,0.0,0.0,0.0,0,0.0,0.0,0.0,0.0,0
4,chain_3svc,6,59.64285300001393,51.87309399980222,7.769759000211707,1605632,2,20.178353999881438,0.25340199999845936,0.09169999998448475,36.58107699993707,602112,16.883427999800915,0.33760300016183464,0.06230000008144998,16.734926999788513,802816,14.81131200011987,0.14310100004877313,0.027899999849978485,0.0,200704,0.0,0.0,0.0,0.0,0,0.0,0.0,0.0,0.0,0
4,chain_3svc,7,57.640436999918165,50.202281000110816,7.43815599980735,1605632,2,19.49824799999078,0.2609020000363671,0.08300099989355658,35.27816799987704,602112,15.774720000081288,0.33230199983336206,0.0551000000541535,16.84422700009236,802816,14.929313000038746,0.1367009999739821,0.02519999998185085,0.0,200704,0.0,0.0,0.0,0.0,0,0.0,0.0,0.0,0.0,0
4,chain_3svc,8,60.70236000005025,52.97430300015549,7.728056999894761,1605632,2,20.317854000040825,0.25380199986102525,0.07420099996124918,37.66778599992904,602112,17.184531000111747,0.34630200002538913,0.06529999996018887,17.59043400011251,802816,15.471918000002916,0.14330099998005608,0.030700000024808105,0.0,200704,0.0,0.0,0.0,0.0,0,0.0,0.0,0.0,0.0,0
4,chain_3svc,9,60.930363000125,52.92060099986884,8.00976200025616,1605632,2,20.816157999888674,0.2642020001530909,0.07709999999860884,37.13748199993461,602112,16.651425999953062,0.36940300014975946,0.06110100002842955,17.473132000077385,802816,15.453017000027103,0.1445010000225011,0.029299999823706457,0.0,200704,0.0,0.0,0.0,0.0,0,0.0,0.0,0.0,0.0,0
4,chain_3svc,10,58.62144499997157,50.970988000017314,7.650456999954258,1605632,2,20.430556000064826,0.25390099995092896,0.09099999988393392,35.39666799997576,602112,15.99202200009131,0.34170200001426565,0.07239999990815704,16.394725000054677,802816,14.548409999861178,0.1341009999578091,0.026800000114235445,0.0,200704,0.0,0.0,0.0,0.0,0,0.0,0.0,0.0,0.0,0
4,chain_3svc,11,59.415050999859886,51.57439200002045,7.840658999839434,1605632,2,20.787658000017473,0.2546020000409044,0.13490099991031457,35.66527100019812,602112,15.823020999960136,0.3617019999637705,0.06269999994401587,16.862727999978233,802816,14.963713000042844,0.13890099990021554,0.02770099990812014,0.0,200704,0.0,0.0,0.0,0.0,0,0.0,0.0,0.0,0.0,0
4,chain_3svc,12,59.74555400007375,52.163896000138266,7.581657999935487,1605632,2,20.570256000155496,0.26950200003739155,0.07920099983493856,36.42337699989184,602112,16.795527000112997,0.35000299999410345,0.05790099999103404,16.681726000115304,802816,14.798112999869772,0.13390100002652616,0.027199999976801337,0.0,200704,0.0,0.0,0.0,0.0,0,0.0,0.0,0.0,0.0,0
4,chain_3svc,13,59.65765199994166,51.93659399947137,7.721058000470293,1605632,2,20.29605399980028,0.25820200016823946,0.07400100002996624,36.369076000028144,602112,16.712126999891552,0.3486020000309509,0.03810000021076121,16.863428000078784,802816,14.928412999779539,0.13650100004269916,0.028400000019246363,0.0,200704,0.0,0.0,0.0,0.0,0,0.0,0.0,0.0,0.0,0
4,chain_3svc,14,58.83464700013974,51.116887999796745,7.717759000342994,1605632,2,20.16195299984247,0.2558020000833494,0.10170100017603545,35.80737099991893,602112,16.60612599994238,0.34180300008301856,0.0555999999960477,16.24792300003719,802816,14.348809000011897,0.13220100004218693,0.024899999971239595,0.0,200704,0.0,0.0,0.0,0.0,0,0.0,0.0,0.0,0.0,0
4,chain_3svc,15,58.86394700019082,51.09038900013729,7.7735580000535265,1605632,2,19.666749999942112,0.25700200012579444,0.07679999998799758,36.3772760001666,602112,16.789927999980137,0.3470019998985663,0.0774000000092201,16.57862499996554,802816,14.633711000215044,0.15670099992348696,0.03569999989849748,0.0,200704,0.0,0.0,0.0,0.0,0,0.0,0.0,0.0,0.0,0
4,chain_3svc,16,58.67904499996257,51.1707880002632,7.50825699969937,1605632,2,19.70654900014779,0.2562019999459153,0.07000099981269159,36.21587499992529,602112,16.43362499999057,0.33710200000314217,0.03739999988283671,16.906828999935897,802816,15.030614000124842,0.13470099997903162,0.028799999881812255,0.0,200704,0.0,0.0,0.0,0.0,0,0.0,0.0,0.0,0.0,0
4,chain_3svc,17,65.0422929998058,57.50503599983858,7.537256999967212,1605632,2,20.345753999890803,0.2839020000919845,0.07030100005067652,41.90351800002645,602112,17.249030999892057,0.37030299995421956,0.06180000013955578,21.87496600004124,802816,19.910251000055723,0.16180100010387832,0.029599999834317714,0.0,200704,0.0,0.0,0.0,0.0,0,0.0,0.0,0.0,0.0,0
4,chain_3svc,18,60.832661999938864,53.23710399989068,7.595558000048186,1605632,2,20.32405399995696,0.26170199998887256,0.07120099985513662,37.63328500008356,602112,17.24193099994409,0.3291030000127648,0.059600000213322346,17.460733000007167,802816,15.67111899998963,0.12720099994112388,0.028800999871236854,0.0,200704,0.0,0.0,0.0,0.0,0,0.0,0.0,0.0,0.0,0
4,chain_3svc,19,63.13737899995431,55.41382099954717,7.723558000407138,1605632,2,21.917166999855908,0.25960200014196744,0.07770000001983135,38.34739100011575,602112,17.260430999840537,0.3398020000986435,0.05750100012846815,18.191438000030757,802816,16.236222999850725,0.14280100003816187,0.0323010001466173,0.0,200704,0.0,0.0,0.0,0.0,0,0.0,0.0,0.0,0.0,0
4,chain_3svc,20,60.041155999897455,52.34389700012798,7.697258999769474,1605632,2,21.22616100018604,0.2541019998716365,0.07140100001379324,35.91907300005914,602112,15.98032099991542,0.3404019998924923,0.06100100017647492,17.05082900002708,802816,15.137415000026522,0.13080100006845896,0.027199999976801337,0.0,200704,0.0,0.0,0.0,0.0,0,0.0,0.0,0.0,0.0,0
4,chain_3svc,21,59.97555499993723,52.185997000151474,7.789557999785757,1605632,2,20.37075500015817,0.2644019998570002,0.09000000000014552,36.66027799999938,602112,16.332824000073742,0.3413019999243261,0.0342009998348658,17.45823299984295,802816,15.482417999919562,0.13400100010585447,0.027499999987412593,0.0,200704,0.0,0.0,0.0,0.0,0,0.0,0.0,0.0,0.0,0
4,chain_3svc,22,59.684652999976606,52.2038970000267,7.480755999949906,1605632,2,20.62875699994038,0.2611020001950237,0.07240099989758164,36.212174999946,602112,15.489118000004964,0.3301030001239269,0.05469999996421393,17.901835999964533,802816,16.086022000081357,0.13490099991031457,0.02910099988184811,0.0,200704,0.0,0.0,0.0,0.0,0,0.0,0.0,0.0,0.0,0
4,chain_3svc,23,59.25985000021683,51.65269100007208,7.6071590001447476,1605632,2,20.880158000181837,0.256101999866587,0.11410100000830425,35.707670999954644,602112,15.762118999873564,0.3369030000612838,0.05670100017596269,16.963028999953167,802816,15.01041400001668,0.13420100003713742,0.027099999897473026,0.0,200704,0.0,0.0,0.0,0.0,0,0.0,0.0,0.0,0.0,0
4,chain_3svc,24,58.949647999952504,51.147688000128255,7.801959999824248,1605632,2,20.134953000024325,0.25790199993025453,0.10180100002799009,36.04957400011699,602112,15.723619000027611,0.3273029999490973,0.057700000070326496,17.215130000067802,802816,15.28911600007632,0.13320099992597534,0.02689999996619008,0.0,200704,0.0,0.0,0.0,0.0,0,0.0,0.0,0.0,0.0,0
4,chain_3svc,25,58.90404700016916,51.01678699998047,7.8872600001886894,1605632,2,19.925951000004716,0.25270199989790854,0.09630099998503283,36.10807399991245,602112,15.653419000045687,0.33400300003449956,0.05910000004405447,17.576034000057916,802816,15.437416999930065,0.1393009999901551,0.04640100019059901,0.0,200704,0.0,0.0,0.0,0.0,0,0.0,0.0,0.0,0.0,0
4,chain_3svc,26,59.82715400000416,51.807993000011265,8.019160999992891,1605632,2,20.123651999938375,0.2629020000313176,0.0744010001199058,36.4851770000314,602112,16.481525000017427,0.3351029999976163,0.05889999988539785,17.10892899995997,802816,15.202816000055464,0.1492010001129529,0.02779999999802385,0.0,200704,0.0,0.0,0.0,0.0,0,0.0,0.0,0.0,0.0,0
4,chain_3svc,27,58.335242999874026,50.65488400009599,7.680358999778036,1605632,2,20.384355000032883,0.26160199990954425,0.0862009999309521,35.149167000099624,602112,15.526317999956518,0.3383020000455872,0.05970000006527698,16.697025999974358,802816,14.744211000106588,0.14420200000131445,0.027500999976837193,0.0,200704,0.0,0.0,0.0,0.0,0,0.0,0.0,0.0,0.0,0
4,chain_3svc,28,58.532444000093165,50.868486000354096,7.663957999739068,1605632,2,20.13285300017742,0.2545019999615761,0.0700999999025953,35.59597000003123,602112,15.72041900021759,0.32810199991217814,0.03330099980303203,17.06082900000183,802816,15.015213999959087,0.13490099991031457,0.027600000066740904,0.0,200704,0.0,0.0,0.0,0.0,0,0.0,0.0,0.0,0.0,0
4,chain_3svc,29,59.628052999869396,51.92149400022572,7.706558999643676,1605632,2,20.447456000056263,0.2640019999944343,0.07940000000417058,36.3553760000741,602112,16.900328000019726,0.3574019999632583,0.06380099989655719,16.529625999964992,802816,14.573710000149731,0.13680200004273502,0.028499999871201,0.0,200704,0.0,0.0,0.0,0.0,0,0.0,0.0,0.0,0.0,0
4,chain_3svc,30,59.266350000143575,51.33019000004424,7.936160000099335,1605632,2,20.249254000191286,0.2514020000035089,0.07149999987632327,36.126373999877615,602112,16.139422999913222,0.34430200003043865,0.0744010001199058,16.991928999914307,802816,14.941512999939732,0.13690100013263873,0.045199999931355705,0.0,200704,0.0,0.0,0.0,0.0,0,0.0,0.0,0.0,0.0,0
4,chain_3svc,31,60.98046300007809,53.07180299996617,7.908660000111922,1605632,2,20.235354000078587,0.2572020000570774,0.12450100007299625,37.93638699994517,602112,17.081129999951372,0.3455030000623083,0.07439999990310753,17.848636000053375,802816,15.755318999936208,0.16600200001448684,0.02750000021478627,0.0,200704,0.0,0.0,0.0,0.0,0,0.0,0.0,0.0,0.0,0
4,chain_3svc,32,58.91974700011815,51.304090000030556,7.6156570000875945,1605632,2,19.42664800003513,0.2597019999939221,0.07449999998243584,36.66467800007922,602112,16.688527000042086,0.340003000019351,0.03799999990405922,17.044030000079147,802816,15.18891499995334,0.1331010000740207,0.026900000193563756,0.0,200704,0.0,0.0,0.0,0.0,0,0.0,0.0,0.0,0.0,0
4,chain_3svc,33,59.87145399990368,52.05689500007793,7.814558999825749,1605632,2,20.260354000129155,0.2577019999989716,0.07940099999359518,36.782779000077426,602112,17.124530000046434,0.34580200008349493,0.06020099999659578,16.619725999817092,802816,14.67201099990234,0.13680100005331042,0.045200999920780305,0.0,200704,0.0,0.0,0.0,0.0,0,0.0,0.0,0.0,0.0,0
4,chain_3svc,34,58.74004599991167,51.091188000100374,7.648857999811298,1605632,2,20.29915399998572,0.26440200008437387,0.0700999999025953,35.512468999968405,602112,16.531425000039235,0.3455029998349346,0.03700100000969542,16.069622000031814,802816,14.26060900007542,0.15560099996037025,0.025900000082401675,0.0,200704,0.0,0.0,0.0,0.0,0,0.0,0.0,0.0,0.0,0
4,chain_3svc,35,58.99034800017944,51.185388999783754,7.804959000395684,1605632,2,20.23855399988861,0.25550200007273816,0.10569999994913815,35.88187199989079,602112,16.28962299992054,0.342603000035524,0.07620099995619967,16.538326000045345,802816,14.657211999974606,0.13690099990526505,0.02769999991869554,0.0,200704,0.0,0.0,0.0,0.0,0,0.0,0.0,0.0,0.0,0
4,chain_3svc,36,57.28263500009234,49.6392760001072,7.643358999985139,1605632,2,20.07135200005905,0.25750200006768864,0.0695999999607011,34.353560999988986,602112,15.232115000117119,0.36650299989560153,0.05730099996981153,16.22602299994469,802816,14.335808999931032,0.1398009999320493,0.0271000001248467,0.0,200704,0.0,0.0,0.0,0.0,0,0.0,0.0,0.0,0.0,0
4,chain_3svc,37,58.55444400003762,50.797084000123505,7.757359999914115,1605632,2,19.828449999977238,0.25480199997218733,0.077501000077973,35.85517200008326,602112,16.057121000130792,0.33140300001832657,0.05720099989048322,16.94562899979246,802816,14.911513000015475,0.12910099985674606,0.030300000162242213,0.0,200704,0.0,0.0,0.0,0.0,0,0.0,0.0,0.0,0.0,0
4,chain_3svc,38,60.55360400000609,52.811352000162515,7.742251999843575,1605632,2,20.392639999954554,0.26740199996311276,0.0801000001047214,37.17144200004441,602112,16.830510000090726,0.35470199986775697,0.060801000017818296,17.600414999833447,802816,15.588202000117235,0.13780099993709882,0.029699999913646025,0.0,200704,0.0,0.0,0.0,0.0,0,0.0,0.0,0.0,0.0,0
4,chain_3svc,39,60.61319600007664,52.857246000257874,7.7559499998187675,1605632,2,20.923837000054846,0.2608019999570388,0.08129999991979275,37.01374199999918,602112,16.520908000074996,0.35210300006838224,0.058399999943503644,17.498715000101583,802816,15.412501000128032,0.16650099996695644,0.03199999991920777,0.0,200704,0.0,0.0,0.0,0.0,0,0.0,0.0,0.0,0.0,0
4,chain_3svc,40,59.897390999822164,51.864938000335314,8.03245299948685,1605632,2,20.305532000065796,0.26580200005810184,0.12180099997749494,36.67173899998488,602112,16.733409000153188,0.3487029998723301,0.060200000007171184,16.915010000047914,802816,14.825997000116331,0.1470009999593458,0.030299999934868538,0.0,200704,0.0,0.0,0.0,0.0,0,0.0,0.0,0.0,0.0,0
4,chain_3svc,41,59.71449000003304,52.01703899979293,7.6974510002401075,1605632,2,20.001229999934367,0.2687020000848861,0.0832010000522132,36.85934100008126,602112,16.443606999928306,0.34010300009867933,0.0608000000283937,17.568814000014754,802816,15.572201999930257,0.15570100003969856,0.028200000087963417,0.0,200704,0.0,0.0,0.0,0.0,0,0.0,0.0,0.0,0.0,0
4,chain_3svc,42,60.22449300007793,52.29254200003197,7.931951000045956,1605632,2,20.534733999966193,0.2636020001318684,0.08589999993091624,36.88954100016417,602112,16.674909000130356,0.3643019999799435,0.038200000062715844,17.024811000055706,802816,15.082898999935423,0.14030100010131719,0.02679999988686177,0.0,200704,0.0,0.0,0.0,0.0,0,0.0,0.0,0.0,0.0,0
4,chain_3svc,43,60.66869599999336,52.95684400016398,7.711851999829378,1605632,2,21.267038000132743,0.29550199997174786,0.16350099986084388,36.44953799994255,602112,16.167205000101603,0.3733030000603321,0.057600999980422785,17.32341299998552,802816,15.522600999929637,0.13950099992143805,0.028301000156716327,0.0,200704,0.0,0.0,0.0,0.0,0,0.0,0.0,0.0,0.0,0
4,chain_3svc,44,63.40551400012373,55.16426000008323,8.241254000040499,1605632,2,21.28673900006106,0.2604020000944729,0.1288009998461348,39.26285700003973,602112,17.637615000012374,0.3716019998591946,0.06430100006582506,18.42251999983091,802816,16.239906000009796,0.14330099998005608,0.031099999887373997,0.0,200704,0.0,0.0,0.0,0.0,0,0.0,0.0,0.0,0.0,0
4,chain_3svc,45,62.0442050001202,53.96745200005171,8.076753000068493,1605632,2,21.450340000001233,0.2785019999009819,0.11960100005126151,37.66404599991802,602112,16.548908000004303,0.3528019999521348,0.06010099991726747,17.995616999996855,802816,15.968204000046171,0.13840099995832134,0.0473000000056345,0.0,200704,0.0,0.0,0.0,0.0,0,0.0,0.0,0.0,0.0,0
4,chain_3svc,46,61.894605000134106,53.88825199997882,8.006353000155286,1605632,2,21.807642999874588,0.2739010001278075,0.07760000016787671,37.07074199996896,602112,17.061311000134083,0.33490199984953506,0.06190099998093501,17.016111000202727,802816,15.01929799997015,0.14670099994873453,0.029900000072302646,0.0,200704,0.0,0.0,0.0,0.0,0,0.0,0.0,0.0,0.0,0
4,chain_3svc,47,60.11569300017072,52.23984099984591,7.875852000324812,1605632,2,20.177231999923606,0.26000200000453333,0.09220000015375263,37.19064300003083,602112,16.110905000005005,0.383001999807675,0.06210100013959163,17.991816999938237,802816,15.9517039999173,0.1414010000644339,0.031600000056641875,0.0,200704,0.0,0.0,0.0,0.0,0,0.0,0.0,0.0,0.0,0
4,chain_3svc,48,60.93649800004641,53.225048000285824,7.711449999760589,1605632,2,21.33853899999849,0.2764020000540768,0.08020099994610064,36.73314000002392,602112,16.551708000179133,0.34060199982377526,0.059700999827327905,17.209512000135874,802816,15.3348010001082,0.14319999991130317,0.028499999871201,0.0,200704,0.0,0.0,0.0,0.0,0,0.0,0.0,0.0,0.0,0
4,chain_3svc,49,62.656409000055646,54.81115799989311,7.845251000162534,1605632,2,21.544040999970093,0.2647010001055605,0.10440100004416308,38.18735000004381,602112,17.240712999864627,0.3434019999986049,0.04550000016934064,18.040616999996928,802816,16.026404000058392,0.14310100004877313,0.028201000077388017,0.0,200704,0.0,0.0,0.0,0.0,0,0.0,0.0,0.0,0.0,0
4,chain_3svc,50,60.77589699998498,52.616942999975436,8.158954000009544,1605632,2,20.729135999999926,0.2698010000585782,0.07299999992937956,37.03244200005429,602112,16.15010499995151,0.34120300006179605,0.06010000015521655,17.861216000028435,802816,15.737702000024,0.14250100002755062,0.027900999839403084,0.0,200704,0.0,0.0,0.0,0.0,0,0.0,0.0,0.0,0.0,0
4,chain_3svc,51,60.56069600003866,52.56124500010628,7.999450999932378,1605632,2,21.095538000054148,0.2690019998681237,0.10109999993801466,36.556639000082214,602112,16.438807999975324,0.34230200003548816,0.03670000000965956,17.214013000057093,802816,15.02689900007681,0.14220100001693936,0.030299999934868538,0.0,200704,0.0,0.0,0.0,0.0,0,0.0,0.0,0.0,0.0,0
4,chain_3svc,52,62.15040600000066,54.21425400004409,7.936151999956564,1605632,2,21.520840999983193,0.26420199992571725,0.12910000009469513,37.87644699991688,602112,16.957609999963097,0.342603000035524,0.06050100000720704,17.77851599990754,802816,15.735803000097803,0.14120099990577728,0.030100000003585592,0.0,200704,0.0,0.0,0.0,0.0,0,0.0,0.0,0.0,0.0,0
4,chain_3svc,53,62.12340599995514,54.34045600009085,7.782949999864286,1605632,2,21.95254399998703,0.2702019999105687,0.1829010000164999,37.278843999956734,602112,16.884410000102434,0.33910199999809265,0.06450099999710801,17.4481139999898,802816,15.50350200000139,0.13710000007449707,0.029699999913646025,0.0,200704,0.0,0.0,0.0,0.0,0,0.0,0.0,0.0,0.0,0
4,chain_3svc,54,61.731103000056464,53.85015300021223,7.880949999844233,1605632,2,21.171138999989125,0.27060100001108367,0.11559999984456226,37.78164699997433,602112,16.805310000108875,0.3711019999173004,0.06199999984346505,17.91951700010941,802816,15.87370400011423,0.13640099996337085,0.02909999989242351,0.0,200704,0.0,0.0,0.0,0.0,0,0.0,0.0,0.0,0.0,0
4,chain_3svc,55,61.073199000020395,53.465449999976045,7.60774900004435,1605632,2,21.092137999858096,0.26110199996765004,0.07340000001931912,37.18364299993482,602112,16.598509000004924,0.3575020000425866,0.039399999877787195,17.718015999889758,802816,15.774803000113025,0.1512009998805297,0.028299999939918052,0.0,200704,0.0,0.0,0.0,0.0,0,0.0,0.0,0.0,0.0,0
4,chain_3svc,56,61.62650300007044,53.44774900004268,8.178754000027766,1605632,2,20.87943600008657,0.2604019998670992,0.1300010001159535,37.83244700002797,602112,17.391514000109964,0.3581020000638091,0.08209999987229821,17.272311999931844,802816,15.176798999846142,0.1377010000851442,0.02800000015668047,0.0,200704,0.0,0.0,0.0,0.0,0,0.0,0.0,0.0,0.0,0
4,chain_3svc,57,60.313493999956336,52.4748439997893,7.838650000167036,1605632,2,20.372433999909845,0.2583010000307695,0.09430000000065775,37.0327420000649,602112,16.637408999940817,0.3496019999147393,0.06010000015521655,17.46371400008684,802816,15.465000999938638,0.13750099992648757,0.028100000008635106,0.0,200704,0.0,0.0,0.0,0.0,0,0.0,0.0,0.0,0.0,0
4,chain_3svc,58,63.36841400002413,55.28516000003947,8.083253999984663,1605632,2,20.285432000036963,0.253602000157116,0.07960099992487812,40.14626200000748,602112,18.402619999960734,0.3471019999778946,0.06280100001276878,18.709622000187665,802816,16.59710800004177,0.14200100008565641,0.030299999934868538,0.0,200704,0.0,0.0,0.0,0.0,0,0.0,0.0,0.0,0.0,0
4,chain_3svc,59,61.40120100008062,53.27094700010093,8.130253999979686,1605632,2,20.572233999928358,0.2678020000530523,0.10950099999718077,37.80104699990261,602112,16.571408000118026,0.3347019999182521,0.0372999998035084,18.170218000022942,802816,16.127305000054548,0.1419010000063281,0.029300000051080133,0.0,200704,0.0,0.0,0.0,0.0,0,0.0,0.0,0.0,0.0,0
4,chain_3svc,60,63.10801199992966,55.09835899988502,8.009653000044636,1605632,2,21.28203899997061,0.26390200014247966,0.08849999994708924,38.943854000081046,602112,17.42041300008168,0.3378030000931176,0.04000099988843431,18.541620999940278,802816,16.395906999832732,0.14810100014983618,0.043000000005122274,0.0,200704,0.0,0.0,0.0,0.0,0,0.0,0.0,0.0,0.0,0
4,chain_3svc,61,61.75560400015456,53.85025200007476,7.905352000079802,1605632,2,20.925136999949245,0.26230200001009507,0.07279999999809661,38.03814799994143,602112,17.032911000114836,0.3523020000102406,0.0613009999597125,17.97121699996751,802816,15.892204000010679,0.13750100015386124,0.028899999961140566,0.0,200704,0.0,0.0,0.0,0.0,0,0.0,0.0,0.0,0.0,0
4,chain_3svc,62,61.23869999987619,53.49164900007963,7.747050999796556,1605632,2,20.169332000023132,0.25740099999893573,0.07760099992992764,38.114249000045675,602112,17.991316999996343,0.34280199997738237,0.05720100011785689,17.174412000031225,802816,15.331000000060158,0.1366009998946538,0.027199999976801337,0.0,200704,0.0,0.0,0.0,0.0,0,0.0,0.0,0.0,0.0,0
4,chain_3svc,63,62.6360090000162,54.95165899969834,7.684350000317863,1605632,2,20.985336999956417,0.2514010000140843,0.07140100001379324,38.82655400002477,602112,18.86462299989944,0.3461020000941062,0.060301000075924094,17.137611999942237,802816,15.101698999842483,0.13730099999520462,0.028899999961140566,0.0,200704,0.0,0.0,0.0,0.0,0,0.0,0.0,0.0,0.0,0
4,chain_3svc,64,60.284293999984584,52.37444299996241,7.909851000022172,1605632,2,20.151032000057967,0.25120199984485225,0.08159999993040401,37.180543000204125,602112,17.22991299993737,0.3659020001123281,0.06189999999151041,16.962210999963645,802816,14.993497999967076,0.13700099998459336,0.02949999998236308,0.0,200704,0.0,0.0,0.0,0.0,0,0.0,0.0,0.0,0.0,0
4,chain_3svc,65,61.76710299996557,53.57195100009449,8.195151999871086,1605632,2,20.944737000036184,0.25300100014646887,0.11850099986077112,37.8644479999366,602112,17.198712999970667,0.3580019999844808,0.038099999983387534,17.48541399979331,802816,15.428501000087635,0.14590000000680448,0.029399999903034768,0.0,200704,0.0,0.0,0.0,0.0,0,0.0,0.0,0.0,0.0,0
4,chain_3svc,66,61.150198999939676,53.326147999996465,7.824050999943211,1605632,2,21.405139000080453,0.2952019999611366,0.08070099988799484,36.818540000012945,602112,16.508707999946637,0.375302000065858,0.043500999936441076,17.291913000008208,802816,15.412300999969375,0.15360099996541976,0.027300000056129647,0.0,200704,0.0,0.0,0.0,0.0,0,0.0,0.0,0.0,0.0,0
4,chain_3svc,67,61.11539900007301,53.36954799986415,7.745851000208859,1605632,2,21.670840999831853,0.2630020001106459,0.08180100007848523,36.616138999988834,602112,16.169305999937933,0.3479020001577737,0.058399999943503644,17.523414999914166,802816,15.529401000094367,0.14110099982644897,0.02779999999802385,0.0,200704,0.0,0.0,0.0,0.0,0,0.0,0.0,0.0,0.0,0
4,chain_3svc,68,59.531089000074644,51.78533799971774,7.745751000356904,1605632,2,20.30413299985412,0.2610010001262708,0.11730100004569977,36.28903700018782,602112,15.755901999909838,0.36550300001181313,0.05810099992231699,17.59401499998603,802816,15.725302999953783,0.1398009999320493,0.027999999929306796,0.0,200704,0.0,0.0,0.0,0.0,0,0.0,0.0,0.0,0.0,0
4,chain_3svc,69,59.17308600010074,51.46883500037802,7.704250999722717,1605632,2,19.69902800010459,0.26160199990954425,0.07090099984452536,36.6794399999435,602112,16.820210000105362,0.3471019999778946,0.060700999938489986,16.96311099999548,802816,14.949597000168069,0.1330009999946924,0.02779999999802385,0.0,200704,0.0,0.0,0.0,0.0,0,0.0,0.0,0.0,0.0,0
4,chain_3svc,70,58.94508500000484,51.189333999900555,7.755751000104283,1605632,2,19.880729000078645,0.28330199984338833,0.0749010000618,36.202537000008306,602112,16.423706999830756,0.3409030000511848,0.06070000017643906,16.84761100000287,802816,14.884897999991153,0.14030100010131719,0.0315999998292682,0.0,200704,0.0,0.0,0.0,0.0,0,0.0,0.0,0.0,0.0,0
4,chain_3svc,71,61.77150300004541,53.786051000088264,7.985451999957149,1605632,2,20.334632999947644,0.26530100012678304,0.07310099999813247,38.55135200001314,602112,18.30511900016063,0.5291039999519853,0.0639009999758855,17.001011000047583,802816,15.14629899997999,0.1330009999946924,0.026400000024295878,0.0,200704,0.0,0.0,0.0,0.0,0,0.0,0.0,0.0,0.0,0
4,chain_3svc,72,60.35089399983917,52.36754099996688,7.983352999872295,1605632,2,20.701035000001866,0.26480199994693976,0.1627010001357121,36.65863899982469,602112,16.549407999946197,0.35680199994203576,0.059401000044090324,17.11771200007206,802816,15.117098000018814,0.13970100008009467,0.027601000056165503,0.0,200704,0.0,0.0,0.0,0.0,0,0.0,0.0,0.0,0.0,0
4,chain_3svc,73,60.270693999882496,52.75624499972764,7.514449000154855,1605632,2,20.57693400001881,0.2612019998196047,0.07370100001935498,36.883341000020664,602112,16.14310599984492,0.340402000119866,0.06170000006022747,18.053718000146546,802816,16.036204999863912,0.1414010000644339,0.027400000135457958,0.0,200704,0.0,0.0,0.0,0.0,0,0.0,0.0,0.0,0.0,0
4,chain_3svc,74,60.646396000038294,52.83234400008041,7.814051999957883,1605632,2,21.101736999980858,0.27290200000607,0.08470100010526949,36.60903899981349,602112,16.478306999943015,0.36920299999110284,0.05900099995415076,17.110512000044764,802816,15.252300000156538,0.13470099997903162,0.0289999998130952,0.0,200704,0.0,0.0,0.0,0.0,0,0.0,0.0,0.0,0.0,0
4,chain_3svc,75,61.887504999958765,53.88645299990458,8.001052000054187,1605632,2,21.070037999834312,0.2578020000782999,0.13320000016392441,38.016848000097525,602112,16.862810000020545,0.3451029999723687,0.0634000000445667,17.970016999925065,802816,15.95360500004972,0.14010099994266056,0.028200000087963417,0.0,200704,0.0,0.0,0.0,0.0,0,0.0,0.0,0.0,0.0,0
4,chain_3svc,76,61.728604000109044,54.039451999869925,7.689152000239119,1605632,2,21.288538999897355,0.25440100012019684,0.11890099995071068,37.61504499993862,602112,16.779508999889003,0.34640200010471744,0.06180100012898038,18.048017999944932,802816,15.971404000083567,0.13550099993153708,0.039601000025868416,0.0,200704,0.0,0.0,0.0,0.0,0,0.0,0.0,0.0,0.0,0
4,chain_3svc,77,60.745796999981394,52.60904400029176,8.136752999689634,1605632,2,20.985437000035745,0.25860200003080536,0.07770100000925595,36.764241000128095,602112,16.007605000140757,0.34580199985612126,0.05959999998594867,17.57681499998398,802816,15.616002000115259,0.13500099998964288,0.030299999934868538,0.0,200704,0.0,0.0,0.0,0.0,0,0.0,0.0,0.0,0.0,0
4,chain_3svc,78,60.983898000131376,53.010545999995884,7.973352000135492,1605632,2,21.331338999971194,0.2626020000207063,0.15140100003918633,36.77704000006088,602112,16.742109000006167,0.33700299991323845,0.03689999994094251,17.060112000081062,802816,14.937098000018523,0.13760100000581588,0.026200000093012932,0.0,200704,0.0,0.0,0.0,0.0,0,0.0,0.0,0.0,0.0,0
4,chain_3svc,79,60.86239800015392,53.06494699993891,7.7974510002150055,1605632,2,21.316438999974707,0.259901999925205,0.12380099997244542,36.597639000092386,602112,16.08680499998627,0.34110199999304314,0.03429999992476951,17.629714999884527,802816,15.661702999977933,0.1428999999006919,0.02859999995052931,0.0,200704,0.0,0.0,0.0,0.0,0,0.0,0.0,0.0,0.0,0
4,chain_3svc,80,61.27910100008194,53.321647999837296,7.957453000244641,1605632,2,21.15163799999209,0.2634019999732118,0.07340000001931912,37.23274300000412,602112,16.525607999938074,0.35770199997386953,0.03489999994599202,17.675615999905858,802816,15.644401999907132,0.13670100020135578,0.05229999987932388,0.0,200704,0.0,0.0,0.0,0.0,0,0.0,0.0,0.0,0.0,0
4,chain_3svc,81,60.17829300003541,52.43254199990588,7.74575100012953,1605632,2,20.384832999980063,0.25740199998836033,0.09369999997943523,37.013641999919855,602112,16.542807999940123,0.34840300008909253,0.059400000054665725,17.367413999863857,802816,15.504900999985693,0.12900100000479142,0.026400000024295878,0.0,200704,0.0,0.0,0.0,0.0,0,0.0,0.0,0.0,0.0,0
4,chain_3svc,82,59.5722890000161,51.95873999991818,7.613549000097919,1605632,2,20.93933699984518,0.2468010000029608,0.07450100019923411,35.84753399991314,602112,16.638908999993873,0.34850199995162257,0.05900000019209983,16.3023059999432,802816,14.380494000079125,0.12540099987745634,0.02599999993435631,0.0,200704,0.0,0.0,0.0,0.0,0,0.0,0.0,0.0,0.0,0
4,chain_3svc,83,59.625989999858575,51.96524000029967,7.660749999558902,1605632,2,21.06253800002378,0.2562019999459153,0.0980999998319021,35.71813300004578,602112,16.076605000080235,0.3466020000360004,0.061500999890995445,16.781508999883954,802816,14.82609700019566,0.13329999978850537,0.028700999791908544,0.0,200704,0.0,0.0,0.0,0.0,0,0.0,0.0,0.0,0.0,0
4,chain_3svc,84,60.06739199983713,52.06654099993102,8.000850999906106,1605632,2,21.107838000034462,0.2586019998034317,0.09969999996428669,35.91563499981021,602112,16.47870800002238,0.34320199983994826,0.04290000015316764,16.421506999904523,802816,14.47999499987418,0.13940100006948342,0.03040000001419685,0.0,200704,0.0,0.0,0.0,0.0,0,0.0,0.0,0.0,0.0,0
4,chain_3svc,85,60.762196999803564,52.627042000267465,8.135154999536098,1605632,2,21.675941000012244,0.25850199995147705,0.11880100009875605,35.68993299995782,602112,16.499207000151728,0.3278029998909915,0.059800999906656216,16.36960700011514,802816,14.451894000103493,0.13490099991031457,0.04739999985758914,0.0,200704,0.0,0.0,0.0,0.0,0,0.0,0.0,0.0,0.0,0
4,chain_3svc,86,58.135480000146345,50.756431999616325,7.37904800053002,1605632,2,20.28293299986217,0.27530100010153546,0.0863000000208558,35.00972899996668,602112,16.141104999860545,0.33340200002385245,0.05750100012846815,16.194605999999112,802816,14.332393999893611,0.1341009999578091,0.024899999971239595,0.0,200704,0.0,0.0,0.0,0.0,0,0.0,0.0,0.0,0.0,0
4,chain_3svc,87,57.67087599997467,49.87362699989717,7.7972490000775,1605632,2,19.98983099997531,0.24750200009293621,0.07030000006125192,34.8557269999219,602112,15.488902000015514,0.3325019999920187,0.037400000110210385,16.375306999862005,802816,14.394893999906344,0.13290100014273776,0.029000000040468876,0.0,200704,0.0,0.0,0.0,0.0,0,0.0,0.0,0.0,0.0,0
4,chain_3svc,88,58.717183999988265,51.16463400008797,7.552549999900293,1605632,2,19.774029000018345,0.24670100015100616,0.08310099997288489,36.177835999978925,602112,16.00620399995023,0.3202020000117045,0.05730099996981153,17.25451300012537,802816,15.384401000119396,0.15410099990731396,0.027600000066740904,0.0,200704,0.0,0.0,0.0,0.0,0,0.0,0.0,0.0,0.0,0
4,chain_3svc,89,61.79640400000608,54.03875199999675,7.75765200000933,1605632,2,21.446340000011332,0.2516019999347918,0.07660000005671463,37.48104500004956,602112,16.90940999992563,0.33540200001880294,0.0592009998854337,17.76341599997977,802816,15.683002000059787,0.16870099989318987,0.029101000109221786,0.0,200704,0.0,0.0,0.0,0.0,0,0.0,0.0,0.0,0.0,0
4,chain_3svc,90,60.22449300007793,52.75894500005052,7.465548000027411,1605632,2,21.58754099991711,0.2699020001273311,0.07200000004559115,35.8472340001299,602112,16.336307000074157,0.340402000119866,0.03199999991920777,16.68450900001517,802816,14.83509700005925,0.13310099984664703,0.026700000034907134,0.0,200704,0.0,0.0,0.0,0.0,0,0.0,0.0,0.0,0.0,0
4,chain_3svc,91,63.459113999897454,55.33286100012447,8.126252999772987,1605632,2,21.46164000009776,0.2879019998545118,0.08209999987229821,39.07615499997519,602112,17.380613000113954,0.3252019998853939,0.06010099991726747,18.858523000062632,802816,16.490607999912754,0.22110100007921574,0.029400000130408444,0.0,200704,0.0,0.0,0.0,0.0,0,0.0,0.0,0.0,0.0,0
4,chain_3svc,92,61.11469899997246,53.84725199996865,7.267447000003813,1605632,2,20.586933999993562,0.2546020000409044,0.07880099997237267,37.858146999951714,602112,18.446420999907787,0.34320200006732193,0.06780000012440723,16.683709000062663,802816,14.8138970000673,0.1600009998128371,0.0271000001248467,0.0,200704,0.0,0.0,0.0,0.0,0,0.0,0.0,0.0,0.0,0
4,chain_3svc,93,59.68479000011939,51.91053900011866,7.774251000000731,1605632,2,20.407133000162503,0.2609019998089934,0.07050099998195947,36.41423799990662,602112,16.214905999959228,0.3683019999698445,0.05920100011280738,17.308812999999645,802816,15.28849999999693,0.14200100008565641,0.03739999988283671,0.0,200704,0.0,0.0,0.0,0.0,0,0.0,0.0,0.0,0.0,0
4,chain_3svc,94,60.236992999989525,52.310340999838445,7.92665200015108,1605632,2,20.5587339999056,0.2645020001637022,0.12090099994566117,36.60363900007724,602112,16.924009999911505,0.35580300004767196,0.06140100003904081,16.84651000005033,802816,14.827597000021342,0.14040099995327182,0.02870000002985762,0.0,200704,0.0,0.0,0.0,0.0,0,0.0,0.0,0.0,0.0,0
4,chain_3svc,95,59.88829100010662,51.84553900016908,8.042751999937536,1605632,2,20.125031000134186,0.2718020000429533,0.07150099986574787,36.739540000098714,602112,16.985511000029874,0.35160200013706344,0.03799999990405922,16.80290900003456,802816,14.734997000005023,0.1388010000482609,0.02819999986058974,0.0,200704,0.0,0.0,0.0,0.0,0,0.0,0.0,0.0,0.0,0
4,chain_3svc,96,59.22728700011248,51.447736000454825,7.779550999657658,1605632,2,20.477934000155074,0.2661019998413394,0.0840999998672487,35.78463400003784,602112,15.879203000167763,0.34110299998246774,0.05680099980054365,17.02081099983843,802816,15.090599000131988,0.1693009999144124,0.02909999989242351,0.0,200704,0.0,0.0,0.0,0.0,0,0.0,0.0,0.0,0.0,0
4,chain_3svc,97,62.126205000140544,54.04655399979674,8.079651000343802,1605632,2,20.565134999969814,0.2734019999479642,0.1055000000178552,38.59185200008142,602112,17.88201699991987,0.3622020001330384,0.09700100008558366,17.562914999871282,802816,15.599401999907059,0.13760100000581588,0.029100000119797187,0.0,200704,0.0,0.0,0.0,0.0,0,0.0,0.0,0.0,0.0,0
4,chain_3svc,98,59.490989000096306,51.96163899995554,7.5293500001407665,1605632,2,20.750535000161108,0.2697019999686745,0.07000099981269159,35.860934999845995,602112,16.18010599986519,0.34850199995162257,0.0608000000283937,16.892310000002908,802816,15.030997999929241,0.13690099990526505,0.028900999950565165,0.0,200704,0.0,0.0,0.0,0.0,0,0.0,0.0,0.0,0.0,0
4,chain_3svc,99,58.516782999959105,50.942931000008684,7.573851999950421,1605632,2,20.034330000044065,0.25850199995147705,0.08690100003150292,35.6158320000759,602112,16.2314060000881,0.33020299997588154,0.061499999901570845,16.522207999969396,802816,14.67719499987652,0.14430100009121816,0.031601000046066474,0.0,200704,0.0,0.0,0.0,0.0,0,0.0,0.0,0.0,0.0,0
4,chain_3svc,100,59.81079100001807,51.816839000139225,7.9939519998788455,1605632,2,20.032431000117867,0.2733019998686359,0.07689999983995222,36.875240999961534,602112,16.319507000162048,0.34470199989300454,0.05859999987478659,17.42981300003521,802816,15.46490099985931,0.13980100015942298,0.028400000019246363,0.0,200704,0.0,0.0,0.0,0.0,0,0.0,0.0,0.0,0.0,0
4,chain_3svc,101,59.077286000047025,51.365235000048415,7.71205099999861,1605632,2,20.1439309998932,0.2603020000151446,0.08790099991529132,35.99683499987805,602112,15.926104000072883,0.33330199994452414,0.05960099997537327,17.234612000038396,802816,15.295200000082332,0.13990000002195302,0.02500099981261883,0.0,200704,0.0,0.0,0.0,0.0,0,0.0,0.0,0.0,0.0,0
4,chain_3svc,102,58.93048500001896,51.04513400010546,7.8853509999134985,1605632,2,21.000638000032268,0.255100999993374,0.0809999999091815,34.92792800011557,602112,15.62500199997885,0.3431029999774182,0.056800000038492726,16.317107000077158,802816,14.419494000094346,0.14980099990680174,0.027199999976801337,0.0,200704,0.0,0.0,0.0,0.0,0,0.0,0.0,0.0,0.0,0
4,chain_3svc,103,57.820377999860284,50.23602699998264,7.584350999877643,1605632,2,19.81322899996485,0.2520020000247314,0.08039999988795898,35.30543100009709,602112,15.659001999893007,0.33700200015118753,0.05690000011782104,16.68580899990957,802816,14.763796000124785,0.13620099980471423,0.02509999990252254,0.0,200704,0.0,0.0,0.0,0.0,0,0.0,0.0,0.0,0.0,0
4,chain_3svc,104,58.89798399994106,51.42833500008237,7.469648999858691,1605632,2,19.988630000170815,0.24750199986556254,0.08600099999966915,36.12193499998284,602112,16.559207999989667,0.34280299996680696,0.057599999990998185,16.708609000033903,802816,14.880496999921888,0.1340009998784808,0.027499999987412593,0.0,200704,0.0,0.0,0.0,0.0,0,0.0,0.0,0.0,0.0,0
4,chain_3svc,105,61.742102999915005,52.12963999997555,9.612462999939453,1605632,2,20.0922310000351,0.3004019999934826,0.07150100009312155,36.908240999991904,602112,16.991110999924786,0.3440020000198274,0.0573010001971852,17.061110999975426,802816,15.046298000015668,0.13740099984715926,0.026801000103660044,0.0,200704,0.0,0.0,0.0,0.0,0,0.0,0.0,0.0,0.0,0
4,chain_3svc,106,62.38330800010772,53.748950999988665,8.634357000119053,1605632,2,22.675747999983287,0.7963060002111888,0.08029999980863067,35.92013399997995,602112,16.327406000073097,0.37350299999161507,0.05910100003347907,16.689008999946964,802816,14.745796999932281,0.13860099988960428,0.02610000001368462,0.0,200704,0.0,0.0,0.0,0.0,0,0.0,0.0,0.0,0.0,0
4,chain_3svc,107,60.35199500001909,52.36174199967536,7.990253000343728,1605632,2,21.31453899983171,0.2683019999949465,0.080101000094146,35.99313500012613,602112,16.004305000024033,0.34220199995615985,0.05799999985356408,16.962810999984868,802816,15.042897999819616,0.13020100004723645,0.028400000019246363,0.0,200704,0.0,0.0,0.0,0.0,0,0.0,0.0,0.0,0.0,0
4,chain_3svc,108,58.83958499998698,50.99453299999368,7.845051999993302,1605632,2,20.013029999972787,0.2602019999358163,0.07550100008302252,35.8724349998738,602112,16.46070799984045,0.3508019999571843,0.03530000003593159,16.472407000037492,802816,14.520795000180442,0.14430099986384448,0.028399999791872688,0.0,200704,0.0,0.0,0.0,0.0,0,0.0,0.0,0.0,0.0,0
4,chain_3svc,109,61.21840000014345,52.65224400000079,8.566156000142655,1605632,2,20.186731999956464,0.2656009999100206,0.08650100016893703,37.67984599994634,602112,17.23851199994897,0.3481030000784813,0.05990099998598453,17.245711999976265,802816,15.227000000095359,0.1366009998946538,0.029900000072302646,0.0,200704,0.0,0.0,0.0,0.0,0,0.0,0.0,0.0,0.0,0
4,chain_3svc,110,58.353381000188165,50.5172290002065,7.8361519999816664,1605632,2,20.1221310001074,0.2626020000207063,0.10150099979000515,35.19423000011557,602112,15.734303000044747,0.3584019998470467,0.057499999911669875,16.46510700015824,802816,14.66079500005435,0.1326010001321265,0.02519999998185085,0.0,200704,0.0,0.0,0.0,0.0,0,0.0,0.0,0.0,0.0,0
4,chain_3svc,111,57.32287399996494,49.612725000088176,7.710148999876765,1605632,2,20.004831000051126,0.256301000035819,0.07159999995565158,34.31602399996336,602112,15.573802000062642,0.33490199984953506,0.032400000009147334,15.87060399992879,802816,14.034091999974407,0.15230099984364642,0.02610000001368462,0.0,200704,0.0,0.0,0.0,0.0,0,0.0,0.0,0.0,0.0,0
4,chain_3svc,112,58.830583999906594,50.84943299993938,7.981150999967213,1605632,2,19.98923099995409,0.2525019999666256,0.07090000008247443,35.89363399987633,602112,15.891203999899517,0.34580200008349493,0.06280100001276878,17.015710999885414,802816,14.968998000085776,0.13650100004269916,0.029199999971751822,0.0,200704,0.0,0.0,0.0,0.0,0,0.0,0.0,0.0,0.0,0
4,chain_3svc,113,59.35638799996923,51.339835000362655,8.016552999606574,1605632,2,20.916837000186206,0.2650009998887981,0.07599999980811845,35.428331000048274,602112,16.070905000105995,0.351901999920301,0.06000099983793916,16.456106999839903,802816,14.352093000070454,0.13320099992597534,0.027400999897508882,0.0,200704,0.0,0.0,0.0,0.0,0,0.0,0.0,0.0,0.0,0
4,chain_3svc,114,57.65467600008378,49.84572499984097,7.808951000242814,1605632,2,20.129230999827996,0.26130200012630667,0.09280100016439974,34.45762499995908,602112,15.62160200001017,0.33270199992330163,0.05780000014965481,15.998803999991651,802816,14.094892000002801,0.13190100003157568,0.02380000000812288,0.0,200704,0.0,0.0,0.0,0.0,0,0.0,0.0,0.0,0.0,0
4,chain_3svc,115,59.19568700005584,51.54903600032412,7.646650999731719,1605632,2,20.66563500011398,0.26580199983072816,0.07400000004054164,35.660132999964844,602112,16.299306000064462,0.3465029999460967,0.058000999842988676,16.472306999958164,802816,14.58409500014568,0.1367009999739821,0.025899999855028,0.0,200704,0.0,0.0,0.0,0.0,0,0.0,0.0,0.0,0.0,0
4,chain_3svc,116,59.43968799988397,51.670938000142996,7.768749999740976,1605632,2,20.86743699987892,0.2616020001369179,0.07810000010977092,35.5814320000718,602112,16.297906000090734,0.33810199988693057,0.032400000009147334,16.41390700001466,802816,14.505595000173344,0.1335009999365866,0.028499999871201,0.0,200704,0.0,0.0,0.0,0.0,0,0.0,0.0,0.0,0.0,0
4,chain_3svc,117,58.209679999890795,50.550431000147,7.659248999743795,1605632,2,20.23203199996715,0.25430100004086853,0.06810100012444309,35.07402900004308,602112,15.704203000041161,0.3317020000395132,0.056599999879836105,16.527708000012353,802816,14.61419600013869,0.12970099987796857,0.027199999976801337,0.0,200704,0.0,0.0,0.0,0.0,0,0.0,0.0,0.0,0.0,0
4,chain_3svc,118,61.09940000010283,52.990144999967015,8.109255000135818,1605632,2,20.737334999921586,0.2890020000450022,0.09540099995319906,37.31964400003562,602112,17.254412000056618,0.3592030000163504,0.05950099989604496,16.84540999985984,802816,14.99839799998881,0.1331010000740207,0.026200000093012932,0.0,200704,0.0,0.0,0.0,0.0,0,0.0,0.0,0.0,0.0,0
4,chain_3svc,119,58.9990860000853,51.626737000106004,7.372348999979295,1605632,2,20.202632000064114,0.2540020000196819,0.09570099996381032,36.05073600010655,602112,16.24450600002092,0.33550200009813125,0.03979999996772676,17.028812000035032,802816,15.179599000020971,0.13420100003713742,0.02599999993435631,0.0,200704,0.0,0.0,0.0,0.0,0,0.0,0.0,0.0,0.0,0
4,chain_3svc,120,57.90827900000295,50.2574279998953,7.65085100010765,1605632,2,19.477327000004152,0.24230199983321654,0.06900000016685226,35.60163199995259,602112,15.95940399988649,0.32520200011276756,0.05730099996981153,16.865410000036718,802816,14.820697000004657,0.13570099986282003,0.028400000019246363,0.0,200704,0.0,0.0,0.0,0.0,0,0.0,0.0,0.0,0.0,0
4,chain_3svc,121,64.03291800006627,56.244766999952844,7.78815100011343,1605632,2,21.05963700000757,0.27260199999545875,0.0820009997823945,40.22596300001169,602112,18.640521999941484,0.37390300008155464,0.058500000022831955,18.572522000113167,802816,16.54460800000379,0.16310099999827798,0.027600000066740904,0.0,200704,0.0,0.0,0.0,0.0,0,0.0,0.0,0.0,0.0,0
4,chain_3svc,122,64.32332100007443,55.93396699987352,8.38935400020091,1605632,2,21.485840999957873,0.2660019999893848,0.08330000014211691,40.03376100013156,602112,17.53811499997937,0.35110199996779556,0.06170000006022747,19.22082600003705,802816,16.910010999936276,0.14160099999571685,0.03259999994043028,0.0,200704,0.0,0.0,0.0,0.0,0,0.0,0.0,0.0,0.0,0
4,chain_3svc,123,62.937912000052165,54.2336549999618,8.704257000090365,1605632,2,21.01303800009191,0.2764019998267031,0.12240000000929285,38.78575299995646,602112,17.44821400006913,0.35250299993094814,0.07249999998748535,18.016718000126275,802816,15.77240299980076,0.13980100015942298,0.030700000024808105,0.0,200704,0.0,0.0,0.0,0.0,0,0.0,0.0,0.0,0.0,0
4,chain_3svc,124,62.77261000013823,54.65155699994284,8.121053000195388,1605632,2,20.315332999871316,0.2713020001010591,0.11190000009264622,39.60005899989483,602112,17.60051500014015,0.34890200004156213,0.03879999985656468,18.852322999919124,802816,16.735708999931376,0.13700099998459336,0.04749999993691745,0.0,200704,0.0,0.0,0.0,0.0,0,0.0,0.0,0.0,0.0,0
4,chain_3svc,125,60.630896000020584,52.81274399999347,7.818152000027112,1605632,2,20.576033999986976,0.25690200004646613,0.09010099984152475,37.36004400002457,602112,17.115310999997746,0.3413029999137507,0.044001000105708954,17.12411200014685,802816,15.12139900000875,0.1361009999527596,0.026700000034907134,0.0,200704,0.0,0.0,0.0,0.0,0,0.0,0.0,0.0,0.0,0
4,chain_3svc,126,59.02168500006155,51.21063500018863,7.811049999872921,1605632,2,20.253231999959098,0.2595020000626391,0.07060100006128778,35.915834999968865,602112,16.44980800006124,0.3291020000233402,0.058500000022831955,16.574908999928084,802816,14.507595000168294,0.13220100004218693,0.04569999987324991,0.0,200704,0.0,0.0,0.0,0.0,0,0.0,0.0,0.0,0.0,0
4,chain_3svc,127,59.41398799996023,51.68653800001266,7.7274499999475665,1605632,2,20.526034000113214,0.2586019998034317,0.09700100008558366,35.985835000019506,602112,16.483907999827352,0.3632020000168268,0.05790000000160944,16.671909000024243,802816,14.676596000072095,0.14040099995327182,0.04650000005312904,0.0,200704,0.0,0.0,0.0,0.0,0,0.0,0.0,0.0,0.0,0
4,chain_3svc,128,59.85569100016619,52.15414100007365,7.7015500000925385,1605632,2,20.37043299992547,0.26100099989889713,0.09830099997998332,36.62703899999542,602112,16.166906000080417,0.3457020000041666,0.041099999862126424,17.601715000182594,802816,15.616802000067764,0.13520099992092582,0.028499999871201,0.0,200704,0.0,0.0,0.0,0.0,0,0.0,0.0,0.0,0.0,0
4,chain_3svc,129,61.95940499992503,53.98965200015482,7.969752999770208,1605632,2,21.296338999945874,0.26380200006315135,0.09910100015986245,37.736946999984866,602112,16.461007000089012,0.32560299996475806,0.06399999983841553,18.36382000010417,802816,16.232306000119934,0.1465010000174516,0.02999999992425728,0.0,200704,0.0,0.0,0.0,0.0,0,0.0,0.0,0.0,0.0,0
4,chain_3svc,130,63.04451199980576,54.81635899991488,8.228152999890881,1605632,2,21.33174000005056,0.2628009999625647,0.08189999994101527,38.78325299979224,602112,16.852509999807808,0.3420020000248769,0.06260100008148584,18.79432300006556,802816,16.632109000056516,0.14320099990072777,0.033799999982875306,0.0,200704,0.0,0.0,0.0,0.0,0,0.0,0.0,0.0,0.0,0
4,chain_3svc,131,60.89619800013679,52.83034499984751,8.06585300028928,1605632,2,21.190038999975513,0.2837019999333279,0.13080000007903436,36.859740999943824,602112,16.555107999920438,0.340003000019351,0.06839999991825607,17.29651300001933,802816,15.08519799995156,0.1434010000593844,0.029301000040504732,0.0,200704,0.0,0.0,0.0,0.0,0,0.0,0.0,0.0,0.0,0
4,chain_3svc,132,61.53290199995354,53.53894999984732,7.993952000106219,1605632,2,21.511540999881618,0.25490100006209104,0.1664010001150018,37.00394099996629,602112,17.02051099982782,0.35670200009008113,0.039201000163302524,17.010811000091053,802816,15.00689800013788,0.15770100003464904,0.028499999871201,0.0,200704,0.0,0.0,0.0,0.0,0,0.0,0.0,0.0,0.0,0
4,chain_3svc,133,60.44849499994598,52.381443000058425,8.067051999887553,1605632,2,20.906637000052797,0.25330199991913105,0.0778999999511143,36.68863900020369,602112,16.691608999963137,0.3659020001123281,0.06310000003395544,16.932510000060574,802816,14.783197000042492,0.1366999999845575,0.03349999997226405,0.0,200704,0.0,0.0,0.0,0.0,0,0.0,0.0,0.0,0.0,0
4,chain_3svc,134,60.729896999873745,52.57054400021843,8.159352999655312,1605632,2,20.96313700008068,0.256101999866587,0.07600000003549212,36.83004100003018,602112,16.65780899998026,0.3512020000471239,0.04009999997833802,17.111510999939128,802816,14.949598000157494,0.13740099984715926,0.028899999961140566,0.0,200704,0.0,0.0,0.0,0.0,0,0.0,0.0,0.0,0.0,0
4,chain_3svc,135,62.412807000100656,54.11215399976754,8.300653000333114,1605632,2,20.978936999881626,0.2634019999732118,0.07630100003552798,38.42655099992953,602112,17.090511999867886,0.3498020000733959,0.07240000013553072,18.170918999885544,802816,16.04270500001803,0.14310100004877313,0.03229999992981902,0.0,200704,0.0,0.0,0.0,0.0,0,0.0,0.0,0.0,0.0,0
4,chain_3svc,136,60.390095000002475,52.27964300001986,8.110451999982615,1605632,2,20.67983599999934,0.26100099989889713,0.11260000019319705,36.53573799988408,602112,16.795210000054794,0.35310199996274605,0.05989999999655993,16.82690999996339,802816,14.804596999965725,0.13520099992092582,0.02800000015668047,0.0,200704,0.0,0.0,0.0,0.0,0,0.0,0.0,0.0,0.0,0
4,chain_3svc,137,61.798803999863594,53.8247520000823,7.974051999781295,1605632,2,21.695841000109795,0.29700200002480415,0.07300099991880415,37.277244000051724,602112,16.319206999924063,0.34590200016282324,0.05970000006527698,17.920617999834576,802816,15.809704000048441,0.14230100009626767,0.030299999934868538,0.0,200704,0.0,0.0,0.0,0.0,0,0.0,0.0,0.0,0.0,0
4,chain_3svc,138,61.55040200019357,53.77085200007059,7.779550000122981,1605632,2,21.204338999950778,0.2640010000050097,0.09850100013863994,37.47274500005915,602112,17.081712000162952,0.3425019999667711,0.07679999998799758,17.512715000066237,802816,15.48480099995686,0.1398009999320493,0.02790000007735216,0.0,200704,0.0,0.0,0.0,0.0,0,0.0,0.0,0.0,0.0,0
4,chain_3svc,139,59.87989100003688,52.111440000089715,7.768450999947163,1605632,2,20.709935000013502,0.30420199982472695,0.07360100016740034,36.35163699982513,602112,15.93290400001024,0.3446020000410499,0.055501000133517664,17.441314000052444,802816,15.468601000065973,0.14110100005382264,0.02960000006169139,0.0,200704,0.0,0.0,0.0,0.0,0,0.0,0.0,0.0,0.0,0
4,chain_3svc,140,65.73072900005172,57.91007800007719,7.820650999974532,1605632,2,21.36213900007533,0.265101999957551,0.07100099992385367,41.473070999927586,602112,18.203319000122065,0.36820299987994076,0.06260000009206124,20.29303299991625,802816,18.344619999879797,0.13790100001642713,0.0297000001410197,0.0,200704,0.0,0.0,0.0,0.0,0,0.0,0.0,0.0,0.0,0
4,chain_3svc,141,60.967297999923176,53.481048999856284,7.486249000066891,1605632,2,20.729934999963007,0.2630020001106459,0.08230100002037943,37.48624399986511,602112,17.01791100003902,0.3439019999404991,0.03720100016835204,17.674114999863377,802816,15.733202999854257,0.1383010001063667,0.028300000167291728,0.0,200704,0.0,0.0,0.0,0.0,0,0.0,0.0,0.0,0.0,0
4,chain_3svc,142,60.81399700019574,52.96014700002161,7.853850000174134,1605632,2,20.27423300000919,0.2583020000201941,0.1261999998405372,37.69484600002215,602112,17.292013000087536,0.34690300003603625,0.06000000007588824,17.36161400003766,802816,15.393900999924881,0.13949999993201345,0.0271000001248467,0.0,200704,0.0,0.0,0.0,0.0,0,0.0,0.0,0.0,0.0,0
4,chain_3svc,143,58.604283000022406,50.880632000371406,7.723650999650999,1605632,2,19.817330000023503,0.2581009998721129,0.07890000006227638,35.98093499999777,602112,16.000504000203364,0.33010299989655323,0.0617999999121821,17.16681199991399,802816,15.06279800014454,0.14980099990680174,0.026199999865639256,0.0,200704,0.0,0.0,0.0,0.0,0,0.0,0.0,0.0,0.0,0
4,chain_3svc,144,60.04079199988155,52.13704199991298,7.903749999968568,1605632,2,19.83352999991439,0.2599009999357804,0.07540100000369421,37.262344000055236,602112,16.46550800001023,0.34280199997738237,0.0634000000445667,17.90561699999671,802816,15.83800399998836,0.13950099992143805,0.030100000003585592,0.0,200704,0.0,0.0,0.0,0.0,0,0.0,0.0,0.0,0.0,0
4,chain_3svc,145,61.47920100011106,53.634647999842855,7.844553000268206,1605632,2,21.260837999989235,0.2620019999994838,0.13140100008968147,37.39654400010295,602112,16.62290799981747,0.3395020000880322,0.037501000178963295,17.76041600010103,802816,15.750902000036149,0.13790100001642713,0.027000999807569315,0.0,200704,0.0,0.0,0.0,0.0,0,0.0,0.0,0.0,0.0,0
4,chain_3svc,146,61.6936030000943,53.84555199998431,7.84805100010999,1605632,2,21.74784199996793,0.2645010001742776,0.13180099995224737,37.00974199978191,602112,17.032711999945604,0.34750200006783416,0.058500000022831955,16.99371099994096,802816,15.064998000070773,0.1366009998946538,0.028300999929342652,0.0,200704,0.0,0.0,0.0,0.0,0,0.0,0.0,0.0,0.0,0
4,chain_3svc,147,62.30310700016162,54.45265699972879,7.850450000432829,1605632,2,21.32683999980145,0.2585010001894261,0.1389010001275892,38.116549000051236,602112,17.358113999989655,0.34280199997738237,0.07720000007793715,17.86281699992287,802816,15.767702999937683,0.13950100014881173,0.031399999897985253,0.0,200704,0.0,0.0,0.0,0.0,0,0.0,0.0,0.0,0.0,0
4,chain_3svc,148,62.25180699993871,54.380355000148484,7.871451999790224,1605632,2,21.29413900001964,0.2676019998943957,0.07780100008858426,37.90134800010492,602112,17.44481400010045,0.3654019999430602,0.05809999993289239,17.60371499995017,802816,15.641402000028393,0.13420100003713742,0.02599999993435631,0.0,200704,0.0,0.0,0.0,0.0,0,0.0,0.0,0.0,0.0,0
4,chain_3svc,149,65.09212500009198,57.01087300008112,8.081252000010863,1605632,2,21.73644200001945,0.26320200004192884,0.09070000010069634,40.49776499982727,602112,18.109718999994584,0.3595020000375371,0.0638999999864609,19.46772700011934,802816,17.164712000067084,0.14200099985828274,0.03249999986110197,0.0,200704,0.0,0.0,0.0,0.0,0,0.0,0.0,0.0,0.0,0
4,chain_3svc,150,62.75301000005129,54.64735700002166,8.105653000029633,1605632,2,21.444340000016382,0.2670019998731732,0.14410099993256154,38.34424999990915,602112,16.70600900001773,0.3487020001102792,0.060699999949065386,18.761721999908332,802816,16.497007999987545,0.15040099992802425,0.03270000001975859,0.0,200704,0.0,0.0,0.0,0.0,0,0.0,0.0,0.0,0.0,0
4,chain_3svc,151,77.79800799994518,69.3994539999494,8.398553999995784,1605632,2,32.77511400006006,0.3149020001274039,0.1698009998563066,41.85317299993585,602112,20.47823399993831,0.36300300007496844,0.04349999994701648,18.169518999911816,802816,16.146105999951033,0.1383010001063667,0.02960000006169139,0.0,200704,0.0,0.0,0.0,0.0,0,0.0,0.0,0.0,0.0,0
4,chain_3svc,152,61.19059999991805,53.5365499999898,7.654049999928247,1605632,2,20.570334000012735,0.26640200007932435,0.08130099990921735,37.88094800006547,602112,16.96341100000609,0.3633020000961551,0.061399999822242535,17.868315999976403,802816,16.002804999970976,0.13910100005887216,0.02960000006169139,0.0,200704,0.0,0.0,0.0,0.0,0,0.0,0.0,0.0,0.0,0
4,chain_3svc,153,62.13480599990362,54.20895500014922,7.925850999754402,1605632,2,21.091438000212293,0.2649019997988944,0.10739999993347737,38.002947999984826,602112,17.51731500007736,0.38170200014064903,0.06259999986468756,17.565914999977394,802816,15.600201999859564,0.14230100009626767,0.02870000002985762,0.0,200704,0.0,0.0,0.0,0.0,0,0.0,0.0,0.0,0.0,0
4,chain_3svc,154,63.923016999979154,55.86376399992332,8.059253000055833,1605632,2,21.843642000021646,0.25870200011013367,0.1486009998643567,39.18555599989304,602112,18.014217999962057,0.3752019999865297,0.040299999909620965,18.115618999900107,802816,16.00590399993962,0.13450100004774868,0.02960100005111599,0.0,200704,0.0,0.0,0.0,0.0,0,0.0,0.0,0.0,0.0,0
4,chain_3svc,155,61.157298999887644,52.98064599992358,8.176652999964062,1605632,2,20.460833000015555,0.26630199999999604,0.10460099997544603,37.68844599994736,602112,17.090611999947214,0.35840200007442036,0.06220000000212167,17.51321500000813,802816,15.429200999960813,0.13530100000025413,0.029000000040468876,0.0,200704,0.0,0.0,0.0,0.0,0,0.0,0.0,0.0,0.0,0
4,chain_3svc,156,65.21692599994822,56.959972999720776,8.25695300022744,1605632,2,21.772442999917985,0.2729010000166454,0.12349999997240957,40.405563999911465,602112,18.63692199981415,0.3707020000547345,0.06210100013959163,18.67232199992941,802816,16.550607999988642,0.15250100000230304,0.031200000194075983,0.0,200704,0.0,0.0,0.0,0.0,0,0.0,0.0,0.0,0.0,0
4,chain_3svc,157,63.8791169999422,55.69556399996145,8.183552999980748,1605632,2,21.612240999957066,0.25700100013636984,0.12350099996183417,39.33785699996406,602112,17.77051599992774,0.3522019999309123,0.0390010000046459,18.4428200000184,802816,16.312807000076646,0.13940099984210974,0.03100000003541936,0.0,200704,0.0,0.0,0.0,0.0,0,0.0,0.0,0.0,0.0,0
4,chain_3svc,158,59.04038599987871,51.23323399971014,7.807152000168571,1605632,2,19.964129999834768,0.26580200005810184,0.0739010001780116,36.11063600010311,602112,16.041803999996773,0.34780300006787,0.05910099980610539,17.167412000162585,802816,15.227299999878596,0.1377000000957196,0.026200000093012932,0.0,200704,0.0,0.0,0.0,0.0,0,0.0,0.0,0.0,0.0,0
4,chain_3svc,159,59.65889000003699,51.67573799985803,7.983152000178961,1605632,2,20.007931000009194,0.2628019999519893,0.07410000011986995,36.677938999901016,602112,15.920604000029925,0.37760200007141975,0.05849999979545828,17.716315000143368,802816,15.74720299981891,0.1415010001437622,0.028899999961140566,0.0,200704,0.0,0.0,0.0,0.0,0,0.0,0.0,0.0,0.0,0
4,chain_3svc,160,62.18510600001537,54.02565400004278,8.159451999972589,1605632,2,20.753136000166705,0.2638019998357777,0.07279999999809661,38.08834799997385,602112,17.55761499998698,0.33950199986065854,0.06060000009711075,17.699414999924556,802816,15.714902999889091,0.13920100013820047,0.02859999995052931,0.0,200704,0.0,0.0,0.0,0.0,0,0.0,0.0,0.0,0.0,0
4,chain_3svc,161,60.22281099990323,52.48055799984286,7.742253000060373,1605632,2,20.681134999904316,0.2602019999358163,0.08050100018408557,36.688056999992114,602112,16.80011000007653,0.35010200008400716,0.06099999995967664,16.954126999962682,802816,14.999312999862013,0.13720100014324998,0.029100000119797187,0.0,200704,0.0,0.0,0.0,0.0,0,0.0,0.0,0.0,0.0,0
4,chain_3svc,162,60.49959500001023,52.65792999944097,7.8416650005692645,1605632,2,20.4206669998257,0.2650020001055964,0.08280100018964731,37.11440400002175,602112,17.017738999811627,0.3493030001209263,0.03780000020014995,17.173940000020593,802816,15.219523999803641,0.13670100020135578,0.02980100020977261,0.0,200704,0.0,0.0,0.0,0.0,0,0.0,0.0,0.0,0.0,0
4,chain_3svc,163,60.315992999903756,52.43112900006963,7.884863999834124,1605632,2,20.33376600002157,0.2571019999777491,0.085301000126492,37.09390300014093,602112,16.66023600000699,0.386703000003763,0.05890100010219612,17.382841999960874,802816,15.437127000041073,0.14010099994266056,0.027499999987412593,0.0,200704,0.0,0.0,0.0,0.0,0,0.0,0.0,0.0,0.0,0
4,chain_3svc,164,60.20399300018653,52.36152899988156,7.842464000304972,1605632,2,19.857462999880227,0.262501999941378,0.09080000018002465,37.37120600021626,602112,16.583535999870946,0.3774030001295614,0.058600000102160266,17.758145000016157,802816,15.920530000130384,0.13170199986234365,0.02679999988686177,0.0,200704,0.0,0.0,0.0,0.0,0,0.0,0.0,0.0,0.0,0
4,chain_3svc,165,59.86899000004087,51.872523999918485,7.996466000122382,1605632,2,20.950870999968174,0.2629030000207422,0.07380100009868329,35.86399299979348,602112,16.113431999883687,0.34120300006179605,0.0608000000283937,16.75143800002843,802816,14.808221000066624,0.13480099983098626,0.025900000082401675,0.0,200704,0.0,0.0,0.0,0.0,0,0.0,0.0,0.0,0.0,0
4,chain_3svc,166,60.791297999912786,52.64813000007962,8.143167999833167,1605632,2,20.462966999957644,0.26270200010003464,0.07770100000925595,37.288304999947286,602112,16.668536000224776,0.3418029998556449,0.06680099977529608,17.53344299982018,802816,15.516626999897198,0.13810100017508375,0.02880100009861053,0.0,200704,0.0,0.0,0.0,0.0,0,0.0,0.0,0.0,0.0,0
4,chain_3svc,167,59.86518999998225,52.094327000304474,7.7708629996777745,1605632,2,21.07667300015237,0.2634019999732118,0.13270099998408114,35.78079199996864,602112,16.035731000101805,0.34420299994053494,0.061600999970323755,17.001539000148114,802816,14.981923000050301,0.1388010000482609,0.029699999913646025,0.0,200704,0.0,0.0,0.0,0.0,0,0.0,0.0,0.0,0.0,0
4,chain_3svc,168,61.88977600004364,53.72863899992808,8.16113700011556,1605632,2,20.738769999979922,0.26170199998887256,0.07830000004105386,38.074393999977474,602112,17.166240000051403,0.35480300016388355,0.06000099983793916,17.83374100000401,802816,15.823628999896755,0.13760199999524048,0.029400000130408444,0.0,200704,0.0,0.0,0.0,0.0,0,0.0,0.0,0.0,0.0,0
4,chain_3svc,169,61.60973299984107,53.78686800008836,7.82286499975271,1605632,2,20.735741000180496,0.2570959998138278,0.07299799995053036,37.9803420000826,602112,17.52729600002567,0.35139400006301,0.07119899987628742,17.430597999918973,802816,15.523830999882193,0.13969800011182087,0.02869900004043302,0.0,200704,0.0,0.0,0.0,0.0,0,0.0,0.0,0.0,0.0,0
4,chain_3svc,170,61.86702900004093,53.96776599991426,7.899263000126666,1605632,2,21.093235000080313,0.2576949998456257,0.09639799986871367,37.897243000088565,602112,17.66119399985655,0.3485940001155541,0.06419900000764756,17.273601000169947,802816,15.2133369999774,0.1453969998692628,0.0296990001515951,0.0,200704,0.0,0.0,0.0,0.0,0,0.0,0.0,0.0,0.0,0
4,chain_3svc,171,59.896262000165734,52.01409899996179,7.882163000203946,1605632,2,19.89825500004372,0.25689599988254486,0.07779899988236139,37.111057000174696,602112,16.22731899988139,0.3689940001549985,0.056199000027845614,17.831290999993143,802816,15.88852500003668,0.14479799983746489,0.04659899991565908,0.0,200704,0.0,0.0,0.0,0.0,0,0.0,0.0,0.0,0.0,0
4,chain_3svc,172,61.32773800004543,53.17597900011606,8.15175899992937,1605632,2,21.425528999998278,0.2541960000144172,0.13799800012748165,36.823361999950066,602112,16.410916000040743,0.33799399989220547,0.05909900005462987,17.390599000009388,802816,15.339534000077037,0.1449979999961215,0.03089899996666645,0.0,200704,0.0,0.0,0.0,0.0,0,0.0,0.0,0.0,0.0,0
4,chain_3svc,173,60.239256999921054,52.49328999980207,7.745967000118981,1605632,2,21.206731999882322,0.25959599997804617,0.10959900009765988,36.15327400007118,602112,16.000422999923103,0.3345940001509007,0.059298999985912815,17.26730099994711,802816,15.286134999996648,0.14379799995367648,0.0296990001515951,0.0,200704,0.0,0.0,0.0,0.0,0,0.0,0.0,0.0,0.0,0
4,chain_3svc,174,60.96114399997532,53.063179999981,7.897963999994317,1605632,2,20.876238000028025,0.2721959999689716,0.08029900004657975,37.301054000181466,602112,16.552512999851388,0.36359400019136956,0.0607990000389691,17.66489500005264,802816,15.63442900010159,0.16489699987687345,0.027199999976801337,0.0,200704,0.0,0.0,0.0,0.0,0,0.0,0.0,0.0,0.0,0
4,chain_3svc,175,61.55053399993449,53.49667399991631,8.053860000018176,1605632,2,20.791639999970357,0.2658949999840843,0.07589899996673921,37.808045000019774,602112,16.442314999949303,0.34979399993062543,0.04179999996267725,18.300082999985534,802816,16.26271899999665,0.14379699996425188,0.02989899985550437,0.0,200704,0.0,0.0,0.0,0.0,0,0.0,0.0,0.0,0.0,0
4,chain_3svc,176,61.7377309999938,53.89176700032294,7.8459639996708574,1605632,2,21.639625000034357,0.26939599979414197,0.1288979999571893,37.18675599998278,602112,16.258319000144184,0.34219400004076306,0.05949899991719576,18.036088000144446,802816,15.993823000144403,0.14099700001679594,0.03249999986110197,0.0,200704,0.0,0.0,0.0,0.0,0,0.0,0.0,0.0,0.0,0
4,chain_3svc,177,60.074459999896135,51.993099999890546,8.081360000005589,1605632,2,20.516844999974637,0.2629949999573,0.0800990001152968,36.64776499999789,602112,16.694011000026876,0.37129299994376197,0.06449900001825881,16.835207999974955,802816,14.782243999889033,0.14069799999560928,0.02879900011976133,0.0,200704,0.0,0.0,0.0,0.0,0,0.0,0.0,0.0,0.0,0
4,chain_3svc,178,61.064543000156846,53.161178999971526,7.90336400018532,1605632,2,20.66534200002934,0.26049600000987994,0.12549799998851086,37.55984999997963,602112,16.434914999990724,0.3485940001155541,0.062398999943980016,18.135185999881287,802816,16.06092199995146,0.14559700002791942,0.03089999995609105,0.0,200704,0.0,0.0,0.0,0.0,0,0.0,0.0,0.0,0.0,0
4,chain_3svc,179,59.46956999991926,51.705803999993805,7.763765999925454,1605632,2,21.393628999931025,0.27829600003315136,0.10009800007537706,35.152591000041866,602112,15.679629000032946,0.34359400001449103,0.05999900008646364,16.573913000001994,802816,14.632546000029834,0.1448979999167932,0.027300000056129647,0.0,200704,0.0,0.0,0.0,0.0,0,0.0,0.0,0.0,0.0,0
4,chain_3svc,180,60.85774700000002,53.43747500000973,7.420271999990291,1605632,2,20.74924000021383,0.26519599987295805,0.1002989999960846,37.472851000075025,602112,16.37611699993613,0.32769400013421546,0.059198999906584504,18.161985999995522,802816,16.312117999859765,0.13339800011635816,0.029198999982327223,0.0,200704,0.0,0.0,0.0,0.0,0,0.0,0.0,0.0,0.0,0
4,chain_3svc,181,59.77796499996657,52.299493999953484,7.478471000013087,1605632,2,20.34294699979,0.25429600009374553,0.0716990000455553,36.76956300000711,602112,16.810409000072468,0.3355940000346891,0.05999899985908996,17.100803999937852,802816,15.146138000091014,0.13499700003194448,0.04399899989948608,0.0,200704,0.0,0.0,0.0,0.0,0,0.0,0.0,0.0,0.0,0
4,chain_3svc,182,61.02534300021034,53.09658100009074,7.928762000119605,1605632,2,20.509545000095386,0.25899599995682365,0.07449800000358664,37.612247999959436,602112,17.42099800003416,0.33789400004025083,0.06069899995964079,17.09620399992673,802816,15.16603799996119,0.1397969999743509,0.027299000066705048,0.0,200704,0.0,0.0,0.0,0.0,0,0.0,0.0,0.0,0.0,0
4,chain_3svc,183,60.84014600014598,53.05048100035492,7.789664999791057,1605632,2,22.057518000110576,0.269594999963374,0.10219799992228218,35.7821799998419,602112,15.805026000180078,0.3355939998073154,0.05849899980603368,17.107502999806457,802816,15.187937000064267,0.13519699996322743,0.025499999992462108,0.0,200704,0.0,0.0,0.0,0.0,0,0.0,0.0,0.0,0.0,0
4,chain_3svc,184,60.204956999996284,52.95458300020073,7.250373999795556,1605632,2,20.72074100010468,0.25949599989871786,0.09209799986820144,36.673764999932246,602112,16.760510000040085,0.35499399996297143,0.05729899999096233,17.179901999952563,802816,15.473332000055962,0.1412980000168318,0.026598999966154224,0.0,200704,0.0,0.0,0.0,0.0,0,0.0,0.0,0.0,0.0,0
4,chain_3svc,185,59.84396299982109,52.29859500013845,7.5453679996826395,1605632,2,20.780140000169922,0.27029599982597574,0.07159899996622698,36.32947100004458,602112,16.59951299984641,0.3466940001999319,0.05879900004401861,16.81400899997243,802816,14.918942000122115,0.15129700000215962,0.026198999876214657,0.0,200704,0.0,0.0,0.0,0.0,0,0.0,0.0,0.0,0.0,0
4,chain_3svc,186,61.431236000089484,53.641372000129195,7.789863999960289,1605632,2,21.14563400004954,0.26199499984613794,0.09249899994756561,37.46205199990982,602112,17.09090400004243,0.35419400001046597,0.04089999993084348,17.40359800010083,802816,15.404834000037226,0.13819700006934,0.02939899991361017,0.0,200704,0.0,0.0,0.0,0.0,0,0.0,0.0,0.0,0.0,0
4,chain_3svc,187,63.227804999996806,55.0823460000629,8.145458999933908,1605632,2,21.26623100002689,0.2701959999740211,0.08599900002081995,39.0594240000155,602112,17.978288999984215,0.35619400000541646,0.05999900008646364,17.91849000005641,802816,15.837826000051791,0.1423969999905239,0.028499999871201,0.0,200704,0.0,0.0,0.0,0.0,0,0.0,0.0,0.0,0.0,0
4,chain_3svc,188,60.8048469998721,52.87338399989494,7.931462999977157,1605632,2,20.897237999861318,0.2692950001801364,0.08379900009458652,37.05965800008926,602112,16.50461400004133,0.3687930000069173,0.03479999986666371,17.63089500013848,802816,15.471531999992294,0.14149799994811474,0.02819999986058974,0.0,200704,0.0,0.0,0.0,0.0,0,0.0,0.0,0.0,0.0,0
4,chain_3svc,189,60.91274599998542,52.902783000035924,8.009962999949494,1605632,2,20.006353000098898,0.2645960000791092,0.09179899984701478,38.06264099989676,602112,17.821390999870346,0.35239399994679843,0.06009900016579195,17.18500199990558,802816,15.075039000066681,0.1386980000006588,0.029198999982327223,0.0,200704,0.0,0.0,0.0,0.0,0,0.0,0.0,0.0,0.0,0
4,chain_3svc,190,60.22935700002563,52.44309199997588,7.786265000049752,1605632,2,20.467346000032194,0.264394999931028,0.09269799988942395,36.879161000115346,602112,17.281099999991056,0.3494939999200142,0.05789900001218484,16.548413000009532,802816,14.694645999952627,0.13519799995265203,0.028199000098538818,0.0,200704,0.0,0.0,0.0,0.0,0,0.0,0.0,0.0,0.0,0
4,chain_3svc,191,60.40125399999852,52.651389000175186,7.74986499982333,1605632,2,19.86305600007654,0.266994999947201,0.08319899984599033,37.71724600005655,602112,17.724493000059738,0.3600929999265645,0.0617989999227575,17.018505000123696,802816,15.063840000038908,0.14729700001225865,0.03449900009400153,0.0,200704,0.0,0.0,0.0,0.0,0,0.0,0.0,0.0,0.0,0
4,chain_3svc,192,61.95932700006779,54.12076200013871,7.838564999929076,1605632,2,20.645342000079836,0.26729599994723685,0.10059800001727126,38.38833500003602,602112,18.165185000043493,0.38099299990790314,0.06069899995964079,17.294199999923876,802816,15.310235000015382,0.139197999942553,0.028199000098538818,0.0,200704,0.0,0.0,0.0,0.0,0,0.0,0.0,0.0,0.0,0
4,chain_3svc,193,63.39320200004295,55.63863600013974,7.754565999903207,1605632,2,21.080335000078776,0.28329499991741613,0.11089800000263494,39.46581600007448,602112,19.49276200002714,0.3521940000155155,0.0581990000227961,16.981006000150956,802816,15.065539000033823,0.13789800004815334,0.029299999823706457,0.0,200704,0.0,0.0,0.0,0.0,0,0.0,0.0,0.0,0.0,0
4,chain_3svc,194,62.682814000027065,54.55015500024274,8.132658999784326,1605632,2,21.216733000073873,0.26149499990424374,0.0826980001420452,38.56773200004682,602112,16.793309000149748,0.34569399986139615,0.04329900002630893,18.68597700013197,802816,16.54011300001912,0.14539800008606107,0.03259999994043028,0.0,200704,0.0,0.0,0.0,0.0,0,0.0,0.0,0.0,0.0,0
4,chain_3svc,195,62.460317999921244,54.17256100031409,8.287756999607154,1605632,2,20.497245000115072,0.30159499988258176,0.1531969999177818,38.9157269999032,602112,16.791009000144186,0.35759399997914443,0.06629899985455268,18.971670999917478,802816,16.884307000054832,0.16599800005678844,0.028100000008635106,0.0,200704,0.0,0.0,0.0,0.0,0,0.0,0.0,0.0,0.0,0
4,chain_3svc,196,62.4711190000653,53.56047200007197,8.910646999993332,1605632,2,21.229032000064763,0.2676960000371764,0.08109899999908521,38.359436000064306,602112,16.868107999925996,0.7539870000528026,0.1797970001007343,17.36349899988454,802816,15.46333200008121,0.1547970000501664,0.02759999983936723,0.0,200704,0.0,0.0,0.0,0.0,0,0.0,0.0,0.0,0.0,0
4,chain_3svc,197,58.898279999993974,51.297010999860504,7.60126900013347,1605632,2,20.31164799996077,0.2665960000740597,0.07079900001372152,35.79807999994955,602112,16.104420999909053,0.3688940000756702,0.056698999969739816,16.701211000054172,802816,14.880941999990682,0.13659799992638,0.026700000034907134,0.0,200704,0.0,0.0,0.0,0.0,0,0.0,0.0,0.0,0.0,0
4,chain_3svc,198,59.29917299999943,51.27701300011722,8.022159999882206,1605632,2,19.94935500010797,0.26269499994668877,0.07689799986110302,36.50236799990125,602112,16.909807000047294,0.35159399999429297,0.03979899997830216,16.26441800021894,802816,14.417850999961956,0.13619699984701583,0.03189900007782853,0.0,200704,0.0,0.0,0.0,0.0,0,0.0,0.0,0.0,0.0,0
4,chain_3svc,199,61.85452900012933,53.93976600021233,7.914762999917002,1605632,2,21.28493200007142,0.29169499998715764,0.07539799980804673,37.6842470000156,602112,16.842008000139685,0.34669399997255823,0.05729899999096233,17.872989999887068,802816,15.812826000001223,0.14779799994357745,0.02870000002985762,0.0,200704,0.0,0.0,0.0,0.0,0,0.0,0.0,0.0,0.0,0
4,chain_3svc,200,62.43951900000866,54.25396200007526,8.185556999933397,1605632,2,21.935520999932123,0.26999500005331356,0.10689800001273397,37.53224999991289,602112,16.650312000138,0.3708929998538224,0.05849899980603368,17.572495999957027,802816,15.668129000005138,0.13989800004310382,0.028198999871165142,0.0,200704,0.0,0.0,0.0,0.0,0,0.0,0.0,0.0,0.0,0
5,chain_3svc,1,61.272797000128776,53.375359000028766,7.89743800010001,1605632,2,21.147802000086813,0.27270100008536247,0.10270099983245018,37.20968100014943,602112,16.881481999917014,0.3509020000365126,0.05899999996472616,17.32218400002239,802816,15.346075000024939,0.1419000000169035,0.026599999955578824,0.0,200704,0.0,0.0,0.0,0.0,0,0.0,0.0,0.0,0.0,0
5,chain_3svc,2,61.844300000075236,53.9414620000116,7.902838000063639,1605632,2,21.19540299986511,0.2660009999999602,0.07300000015675323,37.708382999880996,602112,16.681581000057122,0.33810200011430425,0.054399999953602673,17.938986999979534,802816,16.064478000089366,0.14169999985824688,0.027999999929306796,0.0,200704,0.0,0.0,0.0,0.0,0,0.0,0.0,0.0,0.0,0
5,chain_3svc,3,61.460398000008354,53.62425899988921,7.836139000119147,1605632,2,20.33219800000552,0.26110199996765004,0.10840100003406405,38.31808599989017,602112,17.998786999896765,0.35680200016940944,0.060200000007171184,17.36868400007552,802816,15.293273999986923,0.1398009999320493,0.025499999992462108,0.0,200704,0.0,0.0,0.0,0.0,0,0.0,0.0,0.0,0.0,0
5,chain_3svc,4,61.32039700014502,53.49605900005372,7.824338000091302,1605632,2,22.301608000134365,0.2633009999044589,0.07709999999860884,36.10587499997564,602112,16.286678999904325,0.3481020000890567,0.036399999999048305,16.699180999921737,802816,14.90777200001503,0.1393000000007305,0.02820099985001434,0.0,200704,0.0,0.0,0.0,0.0,0,0.0,0.0,0.0,0.0,0
5,chain_3svc,5,60.44559300016772,53.015556999753244,7.430036000414475,1605632,2,20.78050099999018,0.26070100011565955,0.12639999999919382,36.85397799995371,602112,16.55757999992602,0.33490200007690873,0.059400000054665725,17.48708499985696,802816,15.677475999837043,0.14120100013315096,0.028400000019246363,0.0,200704,0.0,0.0,0.0,0.0,0,0.0,0.0,0.0,0.0,0
5,chain_3svc,6,60.24179199994251,52.48105500004385,7.760736999898654,1605632,2,19.961597000019538,0.27150100004291744,0.07020099997134821,37.483982000139804,602112,16.761481000003187,0.34630100003596453,0.0582010000016453,17.777585999965595,802816,15.757977000021128,0.13960000001134176,0.02870000002985762,0.0,200704,0.0,0.0,0.0,0.0,0,0.0,0.0,0.0,0.0,0
5,chain_3svc,7,62.06500100006451,54.145363000088764,7.919637999975748,1605632,2,20.42449900000065,0.26880199993684073,0.09350000004815229,38.714987000048495,602112,17.44618500015349,0.34020099997178477,0.0617999999121821,18.423389999952633,802816,16.274678999934622,0.1417999999375752,0.03200000014658144,0.0,200704,0.0,0.0,0.0,0.0,0,0.0,0.0,0.0,0.0,0
5,chain_3svc,8,60.44749300008334,52.551855000047,7.895638000036342,1605632,2,20.38779899999099,0.26110099997822545,0.09060000002136803,37.140579999913825,602112,16.649481000058586,0.3419019999455486,0.06209999992279336,17.584585000122388,802816,15.514574999997421,0.14350099991133902,0.029100000119797187,0.0,200704,0.0,0.0,0.0,0.0,0,0.0,0.0,0.0,0.0,0
5,chain_3svc,9,59.907291000172336,52.274353000029805,7.632938000142531,1605632,2,19.999095999992278,0.265101999957551,0.07100099992385367,36.931879000121626,602112,16.906382000115627,0.34990199992535054,0.0560999999379419,17.193083999927694,802816,15.3688749999219,0.13680000006388582,0.02700000004551839,0.0,200704,0.0,0.0,0.0,0.0,0,0.0,0.0,0.0,0.0,0
5,chain_3svc,10,61.77339900000334,53.95226099994943,7.821138000053907,1605632,2,20.247998000058942,0.25700099990899616,0.08540099997844663,38.60758700011502,602112,17.28968299994449,0.35260200002085185,0.06220099999154627,18.345388999932766,802816,16.414579999946,0.14459999988503114,0.030800000104136416,0.0,200704,0.0,0.0,0.0,0.0,0,0.0,0.0,0.0,0.0,0
5,chain_3svc,11,59.63318899989645,52.00755199962259,7.625637000273855,1605632,2,20.6490999999005,0.262901000041893,0.12020100007248402,36.01317499987999,602112,16.321578999850317,0.35020200016333547,0.05729999998038693,16.79838099994413,802816,15.036872999871775,0.13980100015942298,0.0271000001248467,0.0,200704,0.0,0.0,0.0,0.0,0,0.0,0.0,0.0,0.0,0
5,chain_3svc,12,58.98518500021055,51.17394800004149,7.811237000169058,1605632,2,19.974597000100403,0.2739009999004338,0.10470099982740066,36.16037500000857,602112,16.30367899997509,0.35260200002085185,0.05970000006527698,16.820481999957337,802816,14.895671999965998,0.14420100001188985,0.026700000034907134,0.0,200704,0.0,0.0,0.0,0.0,0,0.0,0.0,0.0,0.0,0
5,chain_3svc,13,59.89139000007526,52.26255300021876,7.628836999856503,1605632,2,20.180397999865818,0.261501000068165,0.1077000001714623,36.920278000025064,602112,16.09267800017733,0.349301999904128,0.03789999982473091,17.874287000040567,802816,15.989477000175611,0.1398009999320493,0.02689999996619008,0.0,200704,0.0,0.0,0.0,0.0,0,0.0,0.0,0.0,0.0,0
5,chain_3svc,14,62.27520199990977,54.438264000054915,7.836937999854854,1605632,2,20.772301000079096,0.3040009999040194,0.10999999994965037,38.50428600003397,602112,18.1580880000638,0.3569010000319395,0.05770099983237742,17.389884000067468,802816,15.50787499991202,0.13950099992143805,0.02880000010918593,0.0,200704,0.0,0.0,0.0,0.0,0,0.0,0.0,0.0,0.0,0
5,chain_3svc,15,59.50478800014025,51.895050999974046,7.609737000166206,1605632,2,20.572799000092346,0.2625009999519534,0.09540099995319906,36.089875000016036,602112,16.127878999895984,0.34020099997178477,0.06419999999707215,17.107382999938636,802816,15.194372999985717,0.14110099982644897,0.02480000011928496,0.0,200704,0.0,0.0,0.0,0.0,0,0.0,0.0,0.0,0.0,0
5,chain_3svc,16,59.18118600015987,51.910749999933614,7.270436000226255,1605632,2,20.253297999943243,0.2536009999403177,0.08610000008957286,36.20947500007787,602112,16.05237700005091,0.3450019999036158,0.055900999996083556,17.385584000066956,802816,15.605074999939461,0.1389010001275892,0.025500999981886707,0.0,200704,0.0,0.0,0.0,0.0,0,0.0,0.0,0.0,0.0,0
5,chain_3svc,17,61.222496000027604,53.67956099985349,7.542935000174111,1605632,2,20.30879900007676,0.2515009998660389,0.07729999992989178,38.11038499998176,602112,18.16128799987382,0.35790200013252615,0.06100000018705032,16.987182000093526,802816,15.209473999902912,0.13700099998459336,0.026400000024295878,0.0,200704,0.0,0.0,0.0,0.0,0,0.0,0.0,0.0,0.0,0
5,chain_3svc,18,59.704089999968346,52.48445500001253,7.219634999955815,1605632,2,20.231698000088727,0.25840099988272414,0.08520000005773909,36.82487800006129,602112,16.777681999883498,0.3626010000061797,0.05660000010720978,17.36448399992696,802816,15.475075000040306,0.14949999990676588,0.0271000001248467,0.0,200704,0.0,0.0,0.0,0.0,0,0.0,0.0,0.0,0.0,0
5,chain_3svc,19,59.65058899982978,52.17225299998063,7.4783359998491505,1605632,2,20.060496999803945,0.25710100021569815,0.07300000015675323,36.72027800007527,602112,17.374184000118476,0.3508019999571843,0.056699999959164415,16.517979999889576,802816,14.737572000058208,0.13309999985722243,0.02429999995001708,0.0,200704,0.0,0.0,0.0,0.0,0,0.0,0.0,0.0,0.0,0
5,chain_3svc,20,59.66008900009001,51.8580519999432,7.802037000146811,1605632,2,20.20489799997449,0.2733009998792113,0.10169999995923718,36.604377000003296,602112,16.54407999990326,0.3405019999718206,0.057599999990998185,17.03588299983494,802816,15.109074000065448,0.1362000000426633,0.02669999980753346,0.0,200704,0.0,0.0,0.0,0.0,0,0.0,0.0,0.0,0.0,0
5,chain_3svc,21,59.34458799993081,51.468648000081885,7.875939999848924,1605632,2,19.878896000136592,0.2640010000050097,0.14940099981686217,36.53757699999005,602112,16.47207900009562,0.34210199987683154,0.05780099991170573,17.168083000115075,802816,15.117672999849674,0.13850100003764965,0.0271000001248467,0.0,200704,0.0,0.0,0.0,0.0,0,0.0,0.0,0.0,0.0,0
5,chain_3svc,22,61.03579599994191,53.03155900037382,8.004236999568093,1605632,2,20.240699000169116,0.2628009999625647,0.15599999983351154,37.91538300015418,602112,17.389785000204938,0.3589009997995163,0.06499999994957761,17.435985000020082,802816,15.401074999999764,0.1419000000169035,0.03270000001975859,0.0,200704,0.0,0.0,0.0,0.0,0,0.0,0.0,0.0,0.0,0
5,chain_3svc,23,59.17678700006945,51.425850999748945,7.7509360003205074,1605632,2,19.96509699984017,0.25660100004643027,0.1736000001528737,36.26207599995723,602112,16.37998000001062,0.3518010000789218,0.05689999989044736,16.970681999964654,802816,15.080773999898156,0.13970000009067007,0.024300000177390757,0.0,200704,0.0,0.0,0.0,0.0,0,0.0,0.0,0.0,0.0,0
5,chain_3svc,24,60.81039499986218,53.113058000008095,7.6973369998540875,1605632,2,20.229398000083165,0.2588009999726637,0.1528010000129143,37.769483000147375,602112,17.59878600000775,0.3492009998353751,0.06880000000819564,17.30418399984046,802816,15.284873999917181,0.13960100000076636,0.026300000172341242,0.0,200704,0.0,0.0,0.0,0.0,0,0.0,0.0,0.0,0.0,0
5,chain_3svc,25,59.292386999914015,51.45094899989999,7.841438000014023,1605632,2,19.94509599990124,0.27730200008591055,0.15650099999220402,36.60617800005639,602112,16.643681000005017,0.3368019999925309,0.054399999953602673,16.747181000027922,802816,14.862171999993734,0.13899999999011925,0.025300000061179162,0.0,200704,0.0,0.0,0.0,0.0,0,0.0,0.0,0.0,0.0,0
5,chain_3svc,26,61.37919800016789,54.02286099979392,7.356337000373969,1605632,2,21.58660399982182,0.2723010002227966,0.14850100001240207,37.114879000000656,602112,17.189083000175742,0.3797019999183249,0.037199999951553764,17.017882000118334,802816,15.24717399979636,0.1378000001750479,0.025400000140507473,0.0,200704,0.0,0.0,0.0,0.0,0,0.0,0.0,0.0,0.0,0
5,chain_3svc,27,60.36659200003669,52.68535499999416,7.681237000042529,1605632,2,20.85150099992461,0.27250099992670584,0.07830000004105386,36.69277799986048,602112,16.83208100007505,0.335101999780818,0.05720100011785689,16.90718199984076,802816,15.0017729999945,0.14300099996944482,0.025300000061179162,0.0,200704,0.0,0.0,0.0,0.0,0,0.0,0.0,0.0,0.0,0
5,chain_3svc,28,60.286292000000685,52.4644540000736,7.821837999927084,1605632,2,21.307803000127024,0.26320099982513057,0.11230099994463671,36.11917499983974,602112,16.495480000003226,0.3434010000091803,0.0582010000016453,16.52087999991636,802816,14.661170999943351,0.14090099989516602,0.028300000167291728,0.0,200704,0.0,0.0,0.0,0.0,0,0.0,0.0,0.0,0.0,0
5,chain_3svc,29,61.02419600006215,53.14165799973125,7.8825380003308965,1605632,2,22.074507000070298,0.28150100001766987,0.10109999993801466,36.028874000066935,602112,16.29487899981541,0.33300100017186196,0.05910100003347907,16.76208100002441,802816,14.772271999845543,0.14200000009623182,0.026700000034907134,0.0,200704,0.0,0.0,0.0,0.0,0,0.0,0.0,0.0,0.0,0
5,chain_3svc,30,59.34048700009953,51.427849999981845,7.912637000117684,1605632,2,19.937497000000803,0.25380099987160065,0.17280099996241916,36.47137699999803,602112,16.082177999805936,0.3333010001824732,0.04920000014863035,17.501584000001458,802816,15.408175000175106,0.14260099987950525,0.026499999876250513,0.0,200704,0.0,0.0,0.0,0.0,0,0.0,0.0,0.0,0.0,0
5,chain_3svc,31,60.31429199992999,52.40005500013467,7.914236999795321,1605632,2,20.339298999942912,0.26000100001510873,0.09290000002692977,37.17608000010841,602112,16.643481000073734,0.35510199995769653,0.05600000008598727,17.586684999969293,802816,15.417275000118025,0.13600099987343128,0.03179999998792482,0.0,200704,0.0,0.0,0.0,0.0,0,0.0,0.0,0.0,0.0,0
5,chain_3svc,32,59.81639000015093,51.99055300022337,7.82583699992756,1605632,2,20.332398999926227,0.28290099999139784,0.07650000020476,36.46037599992269,602112,16.723481000099127,0.3566020000107528,0.060200000007171184,16.87128200001098,802816,14.934673000198018,0.13949999993201345,0.02499999982319423,0.0,200704,0.0,0.0,0.0,0.0,0,0.0,0.0,0.0,0.0,0
5,chain_3svc,33,59.6285890001127,51.921852000077706,7.706737000034991,1605632,2,20.40339900008803,0.2618009998514026,0.15299999995477265,36.255776000189144,602112,16.45897999992485,0.3483020000203396,0.05899999996472616,16.92808200004947,802816,15.059473000064827,0.1391999999214022,0.026499999876250513,0.0,200704,0.0,0.0,0.0,0.0,0,0.0,0.0,0.0,0.0,0
5,chain_3svc,34,59.72848900000827,52.105851999840525,7.622637000167742,1605632,2,20.77420099999472,0.25700099990899616,0.15520000010837975,36.001674000090134,602112,16.115577999926245,0.36310200016487215,0.058500000022831955,17.03448299986121,802816,15.216072999919561,0.1413009999851056,0.02470000003995665,0.0,200704,0.0,0.0,0.0,0.0,0,0.0,0.0,0.0,0.0,0
5,chain_3svc,35,60.06489099991086,52.2953540000799,7.769536999830962,1605632,2,20.047698000098535,0.2583010000307695,0.15370000005532347,37.039178999975775,602112,16.760181000108787,0.3508019999571843,0.035499999967214535,17.41318500012312,802816,15.487474999872575,0.14010100017003424,0.02689999996619008,0.0,200704,0.0,0.0,0.0,0.0,0,0.0,0.0,0.0,0.0,0
5,chain_3svc,36,60.05019100007303,52.49255500007166,7.5576360000013665,1605632,2,20.1275980000446,0.2628009999625647,0.07870000013099343,37.08367900003395,602112,16.961582000021735,0.3527019998728065,0.04260000014255638,17.235084000049028,802816,15.403375000005326,0.14149999992696394,0.02519999998185085,0.0,200704,0.0,0.0,0.0,0.0,0,0.0,0.0,0.0,0.0,0
5,chain_3svc,37,63.58970800010866,55.40136800004802,8.188340000060634,1605632,2,21.657805000131702,0.25580199985597574,0.15869999992901285,38.92688900009489,602112,17.276283999990483,0.3774010001507122,0.06529999996018887,18.499888999940595,802816,16.46727899992584,0.1415010001437622,0.030700000024808105,0.0,200704,0.0,0.0,0.0,0.0,0,0.0,0.0,0.0,0.0,0
5,chain_3svc,38,59.39238799987834,51.73475100014002,7.657636999738315,1605632,2,20.501599999988684,0.25890099982461834,0.07140000002436864,36.10127399997509,602112,16.574579999996786,0.35010200008400716,0.05860099986421119,16.56978000005438,802816,14.658571000154552,0.13490099991031457,0.03089999995609105,0.0,200704,0.0,0.0,0.0,0.0,0,0.0,0.0,0.0,0.0,0
5,chain_3svc,39,57.72367999998096,50.14054200000828,7.583137999972678,1605632,2,20.121797000001607,0.2661010000792885,0.0780010000198672,34.681067999827064,602112,15.692976000082126,0.34370100001979154,0.05310100004862761,16.186678000167376,802816,14.325768999924549,0.1529010000922426,0.02480000011928496,0.0,200704,0.0,0.0,0.0,0.0,0,0.0,0.0,0.0,0.0,0
5,chain_3svc,40,59.5292889997836,51.74855200016282,7.780736999620785,1605632,2,20.67800100007844,0.2646010000262322,0.1506999999492109,36.03027400004066,602112,15.556476000028852,0.3560010000001057,0.058799999806069536,17.50748500012378,802816,15.514075000055527,0.1396009997733927,0.03370000013092067,0.0,200704,0.0,0.0,0.0,0.0,0,0.0,0.0,0.0,0.0,0
5,chain_3svc,41,59.436587999925905,51.77765100029319,7.658936999632715,1605632,2,19.976197000005413,0.2587009998933354,0.15420099998664227,36.76867800004402,602112,15.809476000185896,0.34380199986117077,0.0618009999016067,18.02498699998978,802816,15.99197800010188,0.1433999998425861,0.02769999991869554,0.0,200704,0.0,0.0,0.0,0.0,0,0.0,0.0,0.0,0.0,0
5,chain_3svc,42,61.0466959999485,53.07785699960732,7.968839000341177,1605632,2,20.62549999982366,0.26170099999944796,0.15370100004474807,37.55868200005352,602112,16.42587999981515,0.3680010001971823,0.05830000009154901,18.04188799997064,802816,16.02647699996851,0.14470099995378405,0.028201000077388017,0.0,200704,0.0,0.0,0.0,0.0,0,0.0,0.0,0.0,0.0,0
5,chain_3svc,43,62.49310299995159,54.49686399970233,7.996239000249261,1605632,2,21.2415029998283,0.26910200017482566,0.07570000002488086,38.37118499995995,602112,16.943681999919136,0.3524020000895689,0.10710099991229072,18.37968900008491,802816,16.311678999954893,0.14530099997500656,0.03909999986717594,0.0,200704,0.0,0.0,0.0,0.0,0,0.0,0.0,0.0,0.0,0
5,chain_3svc,44,61.676599000065835,53.63985899975887,8.036740000306963,1605632,2,21.30680300001586,0.2670019998731732,0.15170000006037299,37.47368099993764,602112,16.768480999871826,0.37130200007595704,0.059299999975337414,17.686985999944227,802816,15.564574999871184,0.15640100014024938,0.028400000019246363,0.0,200704,0.0,0.0,0.0,0.0,0,0.0,0.0,0.0,0.0,0
5,chain_3svc,45,60.24239199996373,52.516754999714976,7.725637000248753,1605632,2,20.554298999968523,0.26430200000504556,0.07370000002993038,36.836178999919866,602112,17.182983999873613,0.34890100005213753,0.059500000133994035,16.717181000103665,802816,14.77947199987284,0.13810000018565916,0.025499999992462108,0.0,200704,0.0,0.0,0.0,0.0,0,0.0,0.0,0.0,0.0,0
5,chain_3svc,46,58.56708400006028,50.8753470001011,7.691736999959176,1605632,2,19.561495000061768,0.27140099996358913,0.17840100008470472,36.072074999992765,602112,16.7982820000816,0.353501000063261,0.058299999864175334,16.33797899989986,802816,14.515569999957734,0.13580099994214834,0.025300000061179162,0.0,200704,0.0,0.0,0.0,0.0,0,0.0,0.0,0.0,0.0,0
5,chain_3svc,47,60.51739300005465,52.7201550000882,7.797237999966455,1605632,2,20.143898000014815,0.2650010001161718,0.14930099996490753,37.33658100009052,602112,16.970082000170805,0.3500019997773052,0.07039999991320656,17.554984999833323,802816,15.606174999902578,0.13600100010080496,0.029301000040504732,0.0,200704,0.0,0.0,0.0,0.0,0,0.0,0.0,0.0,0.0,0
5,chain_3svc,48,59.41558700010319,51.5141489997859,7.901438000317285,1605632,2,20.20109699992645,0.2984019999985321,0.07610100010424503,36.23147500002233,602112,16.858581999940725,0.35560199989959074,0.05800000008093775,16.408680000040476,802816,14.454469999918729,0.13420000004771282,0.028501000087999273,0.0,200704,0.0,0.0,0.0,0.0,0,0.0,0.0,0.0,0.0,0
5,chain_3svc,49,61.867699000003995,54.11906299968905,7.748636000314946,1605632,2,23.426013999824136,0.2713010001116345,0.09330000011686934,35.56667200018637,602112,16.347978999874613,0.3310010001769115,0.04270099998393562,16.259479000154897,802816,14.3450699999903,0.13839999996889674,0.02470000003995665,0.0,200704,0.0,0.0,0.0,0.0,0,0.0,0.0,0.0,0.0,0
5,chain_3svc,50,59.70648900006381,51.95905200002926,7.747437000034552,1605632,2,20.286897999994835,0.26740099997368816,0.15240099992297473,36.54647799999111,602112,16.826682000100845,0.33320199986519583,0.05329999999048596,16.75768099994457,802816,14.84547199993358,0.1340999999683845,0.02480000011928496,0.0,200704,0.0,0.0,0.0,0.0,0,0.0,0.0,0.0,0.0,0
5,chain_3svc,51,62.47090300007585,54.787065000027724,7.683838000048127,1605632,2,21.804105000001073,0.26740200019048643,0.16820099995129567,37.76198300010947,602112,17.50708500003384,0.34370200000921614,0.05499999997482519,17.34378400010428,802816,15.475874999992811,0.13810100017508375,0.03089999995609105,0.0,200704,0.0,0.0,0.0,0.0,0,0.0,0.0,0.0,0.0,0
5,chain_3svc,52,61.49069799994322,53.94306100015456,7.547636999788665,1605632,2,20.86040100016362,0.2687009998680878,0.15290099986486894,37.78688300008071,602112,17.35108399998353,0.33140100003947737,0.05930099996476201,17.620984999894063,802816,15.731576000007408,0.14000100009070593,0.027999999929306796,0.0,200704,0.0,0.0,0.0,0.0,0,0.0,0.0,0.0,0.0,0
5,chain_3svc,53,61.332697000125336,53.403658999968684,7.929038000156652,1605632,2,20.844700999987253,0.2676020001217694,0.07489999984500173,37.6129819999278,602112,17.396283999914885,0.3305010000076436,0.07100100015122734,17.238282999869625,802816,15.162674000066545,0.14860000010230578,0.025699999923745054,0.0,200704,0.0,0.0,0.0,0.0,0,0.0,0.0,0.0,0.0,0
5,chain_3svc,54,58.872386000075494,51.299849000088216,7.572536999987278,1605632,2,20.44949900005122,0.265501000058066,0.07329999993999081,35.60537199996361,602112,16.101778000120248,0.32810199991217814,0.0586999999541149,16.627580999966085,802816,14.748571999916749,0.17430100001547544,0.026800000114235445,0.0,200704,0.0,0.0,0.0,0.0,0,0.0,0.0,0.0,0.0,0
5,chain_3svc,55,58.45948300020609,50.97554700000728,7.48393600019881,1605632,2,20.328198000015618,0.2635010000631155,0.1511009998012014,35.3804719998152,602112,15.797176999967633,0.33230200006073574,0.05379999993238016,16.64628100002119,802816,14.850172000024031,0.13950100014881173,0.02289999997628911,0.0,200704,0.0,0.0,0.0,0.0,0,0.0,0.0,0.0,0.0,0
5,chain_3svc,56,61.742899000137186,53.72095999996418,8.021939000173006,1605632,2,19.824395999876288,0.2682009999261936,0.15580100011902687,38.94448900018688,602112,17.85048600004302,0.37800199993398564,0.07630100003552798,18.12908800002333,802816,16.046078000044872,0.15470099992853648,0.02960000006169139,0.0,200704,0.0,0.0,0.0,0.0,0,0.0,0.0,0.0,0.0,0
5,chain_3svc,57,61.708898999995654,53.92416199993022,7.784737000065434,1605632,2,21.303503999888562,0.27050099993175536,0.15140000004976173,37.47988100008115,602112,17.439684000009947,0.3408019999824319,0.06200000007083872,17.146583000112514,802816,15.18097400003171,0.13850000004822505,0.027199999976801337,0.0,200704,0.0,0.0,0.0,0.0,0,0.0,0.0,0.0,0.0,0
5,chain_3svc,58,61.11009600022044,53.19805699991775,7.912039000302684,1605632,2,21.29870299995673,0.26590200013743015,0.15300099994419725,36.81857800006583,602112,16.80068099994969,0.35370199998396856,0.05840000017087732,17.07978300009927,802816,15.098673000011331,0.1413009999851056,0.024899999971239595,0.0,200704,0.0,0.0,0.0,0.0,0,0.0,0.0,0.0,0.0,0
5,chain_3svc,59,64.64451300007568,56.671374999950785,7.973138000124891,1605632,2,21.80800599990107,0.2685009999368049,0.07970000001478184,39.90669299992078,602112,17.77508600002875,0.3767010000501614,0.07140099978641956,19.09859200009123,802816,17.088283000020965,0.14039999996384722,0.027299999828755972,0.0,200704,0.0,0.0,0.0,0.0,0,0.0,0.0,0.0,0.0,0
5,chain_3svc,60,63.43810799990024,55.61407000004692,7.824037999853317,1605632,2,21.496104000107152,0.27100100010102324,0.12700099978246726,39.11839000011241,602112,17.42288499985989,0.353501000063261,0.03770000012082164,18.71849100007239,802816,16.69508100007988,0.13820099979966471,0.027300000056129647,0.0,200704,0.0,0.0,0.0,0.0,0,0.0,0.0,0.0,0.0,0
5,chain_3svc,61,61.945599999944534,53.93016099992565,8.015439000018887,1605632,2,21.18480199987971,0.26900200009549735,0.08120100005726272,37.85438399995655,602112,16.945781999993415,0.34110199999304314,0.05889999988539785,18.026687999963542,802816,15.799577000052523,0.14540100005433487,0.027399999908084283,0.0,200704,0.0,0.0,0.0,0.0,0,0.0,0.0,0.0,0.0,0
5,chain_3svc,62,59.7631900000124,52.08615199967426,7.677038000338143,1605632,2,19.810796000001574,0.2685009999368049,0.07310099999813247,37.007778999850416,602112,17.680285999858825,0.365301000101681,0.05800000008093775,16.434380000191595,802816,14.595069999813859,0.13760100000581588,0.025800000003073364,0.0,200704,0.0,0.0,0.0,0.0,0,0.0,0.0,0.0,0.0,0
5,chain_3svc,63,60.20339199994851,52.588154999739345,7.615237000209163,1605632,2,20.830900999953883,0.26640100008989975,0.11200099993402546,36.57507700017959,602112,17.03258299994559,0.3631009999480739,0.058500000022831955,16.701581000006627,802816,14.724670999839873,0.13600100010080496,0.02800000015668047,0.0,200704,0.0,0.0,0.0,0.0,0,0.0,0.0,0.0,0.0,0
5,chain_3svc,64,59.878490000073725,52.28365299990401,7.5948370001697185,1605632,2,21.307202999878427,0.2697010002066236,0.07710099998803344,35.802074000002904,602112,16.02267800012669,0.3481009998722584,0.05799999985356408,16.89068199993926,802816,14.95377199989889,0.13730099999520462,0.03300000003036985,0.0,200704,0.0,0.0,0.0,0.0,0,0.0,0.0,0.0,0.0,0
5,chain_3svc,65,60.55899400007547,53.014655999731986,7.544338000343487,1605632,2,21.1680019999676,0.261301999898933,0.0868009999521746,36.54187699999056,602112,15.873876999876302,0.3456009999354137,0.05740000005971524,17.810485999916637,802816,15.972776999888083,0.1372009999158763,0.028400000019246363,0.0,200704,0.0,0.0,0.0,0.0,0,0.0,0.0,0.0,0.0,0
5,chain_3svc,66,59.994690999928935,52.37575499995728,7.618935999971654,1605632,2,20.58260000012524,0.25580099986655114,0.11259999996582337,36.509877000071356,602112,16.570980999858875,0.3481010000996321,0.034300000152143184,17.107783000028576,802816,15.222173999973165,0.13689999991584045,0.028200000087963417,0.0,200704,0.0,0.0,0.0,0.0,0,0.0,0.0,0.0,0.0,0
5,chain_3svc,67,61.376697000014246,53.59435999980633,7.782337000207917,1605632,2,21.542204999832393,0.266701000100511,0.11810000000878063,36.95137899990186,602112,17.37358399986988,0.3550020001057419,0.06220000000212167,16.557680000005348,802816,14.678571000104057,0.14110099982644897,0.02560000007179042,0.0,200704,0.0,0.0,0.0,0.0,0,0.0,0.0,0.0,0.0,0
5,chain_3svc,68,60.752595000167275,52.83425599986913,7.918339000298147,1605632,2,21.031601999993654,0.26360099991507013,0.15160100019784295,36.82637799988697,602112,16.645680999999968,0.3513019998990785,0.05800000008093775,17.224884000142993,802816,15.156972999875507,0.13790100001642713,0.028200000087963417,0.0,200704,0.0,0.0,0.0,0.0,0,0.0,0.0,0.0,0.0,0
5,chain_3svc,69,60.22089199996117,52.50355399994078,7.717338000020391,1605632,2,20.673499999929845,0.27570100019147503,0.1491010000336246,36.46987699994497,602112,16.554479999967953,0.36560200010171684,0.05630099985864945,17.111483000007865,802816,15.27557400004298,0.13400100010585447,0.027300000056129647,0.0,200704,0.0,0.0,0.0,0.0,0,0.0,0.0,0.0,0.0,0
5,chain_3svc,70,60.59359300002143,53.17755800001578,7.41603500000565,1605632,2,21.14970299999186,0.2568009999777132,0.07669999990866927,36.73837800010915,602112,17.05248300004314,0.36240200006432133,0.03509999987727497,16.828082000074573,802816,14.97537199998078,0.13950099992143805,0.02689999996619008,0.0,200704,0.0,0.0,0.0,0.0,0,0.0,0.0,0.0,0.0,0
5,chain_3svc,71,60.44689300006212,52.97045700012859,7.476435999933528,1605632,2,20.293598000080237,0.25910099998327496,0.07689999983995222,37.35828099979699,602112,17.068082999912804,0.3466020000360004,0.05660000010720978,17.383884000082617,802816,15.608776000135549,0.13500099998964288,0.02610000001368462,0.0,200704,0.0,0.0,0.0,0.0,0,0.0,0.0,0.0,0.0,0
5,chain_3svc,72,61.53379800002767,53.658360000326866,7.875437999700807,1605632,2,21.2091020000571,0.3050019997772324,0.10300100007043511,37.28657999999996,602112,17.202884000198537,0.3497009997772693,0.05859999987478659,17.11428299995532,802816,15.246374000071228,0.1448999998956424,0.027600000066740904,0.0,200704,0.0,0.0,0.0,0.0,0,0.0,0.0,0.0,0.0,0
5,chain_3svc,73,61.941499999875305,54.28106199974536,7.660438000129943,1605632,2,21.467003999987355,0.26230100002067047,0.15920100008770532,37.499581000020044,602112,17.09768199998507,0.3394020000087039,0.05890100010219612,17.595685000060257,802816,15.716375999772936,0.13910100005887216,0.028100000008635106,0.0,200704,0.0,0.0,0.0,0.0,0,0.0,0.0,0.0,0.0,0
5,chain_3svc,74,61.120896000147695,53.31725800010645,7.803638000041246,1605632,2,21.04590199996892,0.2782020001177443,0.07970000001478184,37.13448000007702,602112,16.718180999987453,0.3544019998571457,0.03480000009403739,17.541084999947998,802816,15.553175000150077,0.13790100001642713,0.042099999973288504,0.0,200704,0.0,0.0,0.0,0.0,0,0.0,0.0,0.0,0.0,0
5,chain_3svc,75,61.939300999938496,53.93896100008533,8.000339999853168,1605632,2,21.36960400002863,0.2702009999211441,0.0774000000092201,37.680283000099735,602112,17.028982000056203,0.34840199987229425,0.057599999990998185,17.597784999907162,802816,15.540375000000495,0.13650100004269916,0.02820099985001434,0.0,200704,0.0,0.0,0.0,0.0,0,0.0,0.0,0.0,0.0,0
5,chain_3svc,76,64.57841299993561,55.056665999927645,9.521747000007963,1605632,2,20.77610099991034,0.2646010000262322,0.0749000000723754,40.84109800010083,602112,18.33398799999486,0.39140199987741653,0.07240100012495532,18.049886999961018,802816,15.946577000022444,0.13910000006944756,0.029101000109221786,0.0,200704,0.0,0.0,0.0,0.0,0,0.0,0.0,0.0,0.0,0
5,chain_3svc,77,62.63710999996874,54.79396100008671,7.8431489998820325,1605632,2,22.57910899993476,0.30160100004650303,0.0717010000244045,37.07148400008009,602112,17.253032000098756,0.35630200000014156,0.03519999995660328,16.825135000090086,802816,14.961820000053194,0.13660100012202747,0.025599999844416743,0.0,200704,0.0,0.0,0.0,0.0,0,0.0,0.0,0.0,0.0,0
5,chain_3svc,78,62.50740199993743,54.926342000044315,7.581059999893114,1605632,2,23.119786000052045,0.2619020001475292,0.0815009998405003,36.73879500001931,602112,16.269430999955148,0.3351029999976163,0.054500000032930984,17.589240999996036,802816,15.537125000037122,0.14590099999622907,0.027199999976801337,0.0,200704,0.0,0.0,0.0,0.0,0,0.0,0.0,0.0,0.0,0
5,chain_3svc,79,60.8067889997983,52.972825000097146,7.8339639997011545,1605632,2,20.608765000133644,0.2552019998347532,0.07590099994558841,37.3600999998871,602112,16.89543599991339,0.32720300009714265,0.06050000001778244,17.402039999979024,802816,15.468624000050113,0.14510100004372362,0.02780099998744845,0.0,200704,0.0,0.0,0.0,0.0,0,0.0,0.0,0.0,0.0,0
5,chain_3svc,80,60.95378999998502,53.07742700028939,7.87636299969563,1605632,2,20.536064999987502,0.26370199998382304,0.17090100004679698,37.486402000013186,602112,16.826136000190672,0.34210199987683154,0.05899999996472616,17.67244200004825,802816,15.715226000111215,0.1455009999062895,0.06030099984855042,0.0,200704,0.0,0.0,0.0,0.0,0,0.0,0.0,0.0,0.0,0
5,chain_3svc,81,60.04178300008789,52.24891900002149,7.792864000066402,1605632,2,21.122569999988627,0.2690019998681237,0.07890100005170098,36.0565900000438,602112,15.86762700003419,0.3745029998754035,0.05910100003347907,17.175938000036695,802816,15.25872199999867,0.13760100000581588,0.025800999992497964,0.0,200704,0.0,0.0,0.0,0.0,0,0.0,0.0,0.0,0.0,0
5,chain_3svc,82,59.42417799997202,51.677615999778936,7.74656200019308,1605632,2,20.353963999923508,0.26740199996311276,0.09450000015931437,36.32459200002813,602112,16.007428999955664,0.33760200017241004,0.0587009999435395,17.2271379999529,802816,15.316222999899765,0.14180100015437347,0.03220100006728899,0.0,200704,0.0,0.0,0.0,0.0,0,0.0,0.0,0.0,0.0,0
5,chain_3svc,83,59.57887899990055,51.88691699981973,7.691962000080821,1605632,2,20.135062000008475,0.27620200012279383,0.09030100000018138,36.640994999970644,602112,16.949335999925097,0.34650300017347035,0.07730099991931638,16.591932999972414,802816,14.80251899988616,0.13800100009575544,0.026300000172341242,0.0,200704,0.0,0.0,0.0,0.0,0,0.0,0.0,0.0,0.0,0
5,chain_3svc,84,60.23138499995184,53.009225000096194,7.2221599998556485,1605632,2,20.984667999982776,0.26530199988883396,0.07980100008353475,36.57339400001547,602112,16.76473500015163,0.3268030000072031,0.05710000004910398,16.98543699990296,802816,15.259821999961787,0.13380099994719785,0.026701000024331734,0.0,200704,0.0,0.0,0.0,0.0,0,0.0,0.0,0.0,0.0,0
5,chain_3svc,85,58.217867999928785,50.64640700015843,7.571460999770352,1605632,2,19.759059000080015,0.2594019999833108,0.072301000045627,35.56428599995343,602112,16.5783330000977,0.33710299999256677,0.05630099985864945,16.26743100018757,802816,14.309014999980718,0.13250099982542451,0.025901000071826275,0.0,200704,0.0,0.0,0.0,0.0,0,0.0,0.0,0.0,0.0,0
5,chain_3svc,86,59.78988099991511,51.971316999924966,7.818563999990147,1605632,2,20.319862999940597,0.26750300003186567,0.09390100012751645,36.5795939999316,602112,15.931628000089404,0.33600200004002545,0.056001000075411866,17.620042000089597,802816,15.719825999894965,0.13530199998967873,0.02560000007179042,0.0,200704,0.0,0.0,0.0,0.0,0,0.0,0.0,0.0,0.0,0
5,chain_3svc,87,59.022773999913625,51.400713000020914,7.62206099989271,1605632,2,20.598066000047766,0.2686020000055578,0.14900099995429628,35.50798599985683,602112,15.831126999955814,0.3424030001042411,0.057499999911669875,16.841736000060337,802816,14.971520000017335,0.13330199999472825,0.024799999891911284,0.0,200704,0.0,0.0,0.0,0.0,0,0.0,0.0,0.0,0.0,0
5,chain_3svc,88,59.200176000103966,51.50521300015498,7.694962999948984,1605632,2,20.33566300019629,0.265101999957551,0.17840199984675564,35.95888900008504,602112,16.48833200010813,0.33320299985462043,0.057600999980422785,16.60293300005833,802816,14.68121799985056,0.13600100010080496,0.02800000015668047,0.0,200704,0.0,0.0,0.0,0.0,0,0.0,0.0,0.0,0.0,0
5,chain_3svc,89,59.66908000004878,51.83822700018936,7.830852999859417,1605632,2,20.533931000045413,0.26570199997877353,0.14740100004928536,36.18592699990586,602112,16.603204000148253,0.3482019999410113,0.06969999981265573,16.614604000096733,802816,14.701091999995697,0.13340100008463196,0.03569999989849748,0.0,200704,0.0,0.0,0.0,0.0,0,0.0,0.0,0.0,0.0,0
5,chain_3svc,90,61.206283000046824,53.36363299988989,7.842650000156937,1605632,2,21.618934999878547,0.2640019999944343,0.08100100012597977,36.71332899989466,602112,16.399101999923005,0.3477029999885417,0.05970100005470158,17.31690799988428,802816,15.345596000088335,0.13340100008463196,0.02779999999802385,0.0,200704,0.0,0.0,0.0,0.0,0,0.0,0.0,0.0,0.0,0
5,chain_3svc,91,59.313771000006454,51.68422199972156,7.6295490002848965,1605632,2,20.66692899984446,0.27200199997423624,0.07410000011986995,35.699023999995916,602112,16.735803999836207,0.3638030000274739,0.05230100009612215,16.122201000143832,802816,14.281489000040892,0.1341009999578091,0.025300000061179162,0.0,200704,0.0,0.0,0.0,0.0,0,0.0,0.0,0.0,0.0,0
5,chain_3svc,92,58.53486600017277,50.91781800001627,7.617048000156501,1605632,2,20.13642599990817,0.2646020000156568,0.0744000001304812,35.53222200002892,602112,15.889099000105489,0.3405019999718206,0.05530099997486104,16.729505000057543,802816,14.89229300000261,0.13280099983603577,0.02560000007179042,0.0,200704,0.0,0.0,0.0,0.0,0,0.0,0.0,0.0,0.0,0
5,chain_3svc,93,59.741873000120904,51.87132500009284,7.870548000028066,1605632,2,20.94663100001526,0.2616020001369179,0.17330099990431336,35.87782399995376,602112,16.047301000071457,0.3421020001042052,0.0555999999960477,16.896906000056333,802816,14.877393000006123,0.1351010000689712,0.029199999971751822,0.0,200704,0.0,0.0,0.0,0.0,0,0.0,0.0,0.0,0.0,0
5,chain_3svc,94,59.3871720000152,51.635322000038286,7.751849999976912,1605632,2,20.79503000004479,0.26900200009549735,0.07299999992937956,35.668622999992294,602112,16.399202000002333,0.3393019999293756,0.03360100004101696,16.372501999967426,802816,14.441089999991163,0.13380100017457153,0.02690099995561468,0.0,200704,0.0,0.0,0.0,0.0,0,0.0,0.0,0.0,0.0,0
5,chain_3svc,95,59.40217199986364,51.73482299983334,7.667349000030299,1605632,2,20.387427000059688,0.26380200006315135,0.07130099993446493,36.18592700013323,602112,16.363401999797134,0.3666030002023035,0.05440000018097635,16.94890600015242,802816,14.98399399997652,0.13190100003157568,0.02960000006169139,0.0,200704,0.0,0.0,0.0,0.0,0,0.0,0.0,0.0,0.0,0
5,chain_3svc,96,61.08828300011737,53.071232000093005,8.017051000024367,1605632,2,20.77353000004223,0.26670199986256193,0.11240000003454043,37.34013299981598,602112,17.292507999854934,0.36620200012293935,0.06060100008653535,17.036506000067675,802816,15.005194000195843,0.14270099995883356,0.026599999955578824,0.0,200704,0.0,0.0,0.0,0.0,0,0.0,0.0,0.0,0.0,0
5,chain_3svc,97,60.217577000003075,52.39422700014984,7.823349999853235,1605632,2,20.164926000006744,0.27100200009044784,0.0727009999081929,37.126733000150125,602112,17.29270800001359,0.3415020000829827,0.05990099998598453,16.827305000106207,802816,14.936593000129506,0.13480100005835993,0.028000999918731395,0.0,200704,0.0,0.0,0.0,0.0,0,0.0,0.0,0.0,0.0,0
5,chain_3svc,98,57.84796200009623,50.32891499968173,7.519047000414503,1605632,2,19.966324999813878,0.268101000074239,0.15330100018218218,34.97211899980357,602112,15.654197999992903,0.3425019999667711,0.06230000008144998,16.487803000018175,802816,14.708391999874948,0.13500099998964288,0.02570000015111873,0.0,200704,0.0,0.0,0.0,0.0,0,0.0,0.0,0.0,0.0,0
5,chain_3svc,99,58.17336399991291,50.535517000071195,7.637846999841713,1605632,2,20.18642699999873,0.26380100007372675,0.1472010001180024,35.068618999957835,602112,16.150401000004422,0.3368019999925309,0.05610000016531558,16.105599999946207,802816,14.198689000068043,0.1340009998784808,0.024799999891911284,0.0,200704,0.0,0.0,0.0,0.0,0,0.0,0.0,0.0,0.0,0
5,chain_3svc,100,60.16207599986956,52.31622800010882,7.8458479997607355,1605632,2,21.077531999935673,0.2630020001106459,0.150100999917413,36.30942700010564,602112,15.830099000140763,0.34220199995615985,0.032900999940466136,17.4679090000609,802816,15.408597000032387,0.17140099998869118,0.027899999849978485,0.0,200704,0.0,0.0,0.0,0.0,0,0.0,0.0,0.0,0.0,0
5,chain_3svc,101,58.59966700018049,50.90581799981919,7.693849000361297,1605632,2,20.287426999857416,0.26490100003684347,0.16860100004123524,35.39672200008681,602112,15.596897000023091,0.34330300013607484,0.05730099996981153,16.9059049999305,802816,15.021493999938684,0.14160099999571685,0.025499999992462108,0.0,200704,0.0,0.0,0.0,0.0,0,0.0,0.0,0.0,0.0,0
5,chain_3svc,102,62.821793000011894,51.68312399973729,11.138669000274604,1605632,2,20.244426999852294,0.25390100017830264,0.15380100012407638,37.51803499994821,602112,16.596603999914805,0.3368020002199046,0.0582000000122207,16.74230499997975,802816,14.842092999970191,0.13330100000530365,0.028600000177902984,0.0,200704,0.0,0.0,0.0,0.0,0,0.0,0.0,0.0,0.0,0
5,chain_3svc,103,79.0664950000064,69.52743399983774,9.539061000168658,1605632,2,26.275464000036663,0.27780200002780475,0.19680099990182498,49.13210800009438,602112,24.983855999835214,0.35980300003757293,0.07010000012996898,20.40282699999807,802816,18.268113999965863,0.15210100013973715,0.030801000093561015,0.0,200704,0.0,0.0,0.0,0.0,0,0.0,0.0,0.0,0.0,0
5,chain_3svc,104,66.42831499993918,58.67636600009973,7.751948999839442,1605632,2,26.647566000065126,0.2749020000010205,0.15300099994419725,36.629928999900585,602112,17.292308000151024,0.35980200004814833,0.058800999795494135,16.547102999993513,802816,14.736491999883583,0.13630100011141622,0.028400000019246363,0.0,200704,0.0,0.0,0.0,0.0,0,0.0,0.0,0.0,0.0,0
5,chain_3svc,105,59.71357299995361,52.19152600034249,7.5220469996111206,1605632,2,20.763030000125582,0.2630009998938476,0.15340100003413681,36.20912600013071,602112,16.295502000048145,0.3502019999359618,0.050899999905595905,17.06270699992274,802816,15.132994000168765,0.1393009999901551,0.027600999828791828,0.0,200704,0.0,0.0,0.0,0.0,0,0.0,0.0,0.0,0.0,0
5,chain_3svc,106,60.500178999973286,52.58382900001379,7.916349999959493,1605632,2,21.094632000085767,0.270301999989897,0.15550099988104193,36.52342899999894,602112,16.59750399994664,0.3529020000314631,0.05920000012338278,16.8827049999436,802816,14.891692999981387,0.13980100015942298,0.03830099990409508,0.0,200704,0.0,0.0,0.0,0.0,0,0.0,0.0,0.0,0.0,0
5,chain_3svc,107,60.9616819999701,53.080133000094065,7.881548999876031,1605632,2,21.371633999933692,0.2656020001268189,0.16530099992451142,36.58312900006422,602112,16.586204000077487,0.37740299990218773,0.05989999999655993,17.02330700004495,802816,15.122295000082886,0.13940099984210974,0.025800000003073364,0.0,200704,0.0,0.0,0.0,0.0,0,0.0,0.0,0.0,0.0,0
5,chain_3svc,108,60.882380999828456,53.21653400028481,7.665846999543646,1605632,2,21.31433400018068,0.2764009998372785,0.1511009998012014,36.744230000067546,602112,16.77530500001012,0.34680199996728334,0.036500000078376615,16.968606000091313,802816,15.12689500009401,0.12589999982992595,0.028299999939918052,0.0,200704,0.0,0.0,0.0,0.0,0,0.0,0.0,0.0,0.0,0
5,chain_3svc,109,60.96158100012872,52.172227000028215,8.789354000100502,1605632,2,20.522529000118084,0.26030100002572,0.14920099988557922,36.44822799992653,602112,16.604504000042652,0.37760200007141975,0.06100099994910124,16.99490600003628,802816,15.045193999867479,0.13350100016396027,0.028400000019246363,0.0,200704,0.0,0.0,0.0,0.0,0,0.0,0.0,0.0,0.0,0
5,chain_3svc,110,59.20976999982486,50.9637190000376,8.246050999787258,1605632,2,19.971325000142315,0.2555019998453645,0.17630100001042592,36.09772599997996,602112,16.708904999859442,0.35680200016940944,0.0555999999960477,16.141200999982175,802816,14.283489000035843,0.13550100015891076,0.02600099992378091,0.0,200704,0.0,0.0,0.0,0.0,0,0.0,0.0,0.0,0.0,0
5,chain_3svc,111,60.02527500004362,52.38492699982089,7.64034800022273,1605632,2,20.51062800001091,0.27100199986307416,0.16660100004628475,36.557427999923675,602112,16.906205999930535,0.3478020000784454,0.057700000070326496,16.95450600004733,802816,14.968092999879445,0.13700099998459336,0.024701000029381248,0.0,200704,0.0,0.0,0.0,0.0,0,0.0,0.0,0.0,0.0,0
5,chain_3svc,112,58.77336799994737,51.03581999992457,7.737548000022798,1605632,2,20.303326999965066,0.26800199998433527,0.1491010000336246,35.414422000030754,602112,15.877799999998388,0.34010199988188106,0.031600000056641875,16.757605000066178,802816,14.854692999961117,0.13690099990526505,0.025200000209224527,0.0,200704,0.0,0.0,0.0,0.0,0,0.0,0.0,0.0,0.0,0
5,chain_3svc,113,58.10696300000018,50.42861600009019,7.678346999909991,1605632,2,20.001325000066572,0.26310199996260053,0.15400100005535933,35.08711900008166,602112,15.97500000002583,0.34480199997233285,0.0556009999854723,16.350002000081076,802816,14.452290999997786,0.1346009998997033,0.024500000108673703,0.0,200704,0.0,0.0,0.0,0.0,0,0.0,0.0,0.0,0.0,0
5,chain_3svc,114,59.91487500000403,52.12262600025497,7.792248999749063,1605632,2,20.875131000138936,0.26830100000552193,0.15100099994924676,36.01502499986964,602112,15.967000000046028,0.3477019999991171,0.05620000001727021,17.21780800016859,802816,15.280495000070005,0.13390100002652616,0.026701000024331734,0.0,200704,0.0,0.0,0.0,0.0,0,0.0,0.0,0.0,0.0,0
5,chain_3svc,115,59.884973999942304,52.25512599963622,7.629848000306083,1605632,2,22.045537999929365,0.2682020001429919,0.15420099998664227,35.00891900011993,602112,15.545096999858288,0.34120200007237145,0.036299999919719994,16.51750299993182,802816,14.664490999848567,0.13550100015891076,0.026001000151154585,0.0,200704,0.0,0.0,0.0,0.0,0,0.0,0.0,0.0,0.0,0
5,chain_3svc,116,60.28737700012243,52.387027999884594,7.9003490002378385,1605632,2,20.53202899992357,0.2666010000211827,0.15370100004474807,36.83363100003589,602112,17.078607000030388,0.37480199989659013,0.04030000013699464,16.716305000045395,802816,14.776391999930638,0.1305010000578477,0.02700000004551839,0.0,200704,0.0,0.0,0.0,0.0,0,0.0,0.0,0.0,0.0,0
5,chain_3svc,117,60.640478999857805,52.81563100015774,7.824847999700069,1605632,2,20.335727999963638,0.27250099992670584,0.14950000013413955,37.220933000071454,602112,17.597210000076302,0.3539029999046761,0.05790000000160944,16.637504000073022,802816,14.882693000117797,0.13130100001035316,0.024799999891911284,0.0,200704,0.0,0.0,0.0,0.0,0,0.0,0.0,0.0,0.0,0
5,chain_3svc,118,57.99366300016118,50.16291300034936,7.830749999811815,1605632,2,19.93212500019581,0.2614009999888367,0.14970099982747342,35.10541899981945,602112,15.956099000050017,0.3482029999304359,0.06220099999154627,16.194001000030767,802816,14.274689000103535,0.13530100000025413,0.025499999992462108,0.0,200704,0.0,0.0,0.0,0.0,0,0.0,0.0,0.0,0.0,0
5,chain_3svc,119,59.11726999988787,51.718522999863126,7.398747000024741,1605632,2,21.108032000029198,0.26630199999999604,0.16560099993512267,35.06351900000482,602112,16.070599999920887,0.3403020000405377,0.032601000157228555,16.20230100002118,802816,14.539890999913041,0.1331010000740207,0.02480000011928496,0.0,200704,0.0,0.0,0.0,0.0,0,0.0,0.0,0.0,0.0,0
5,chain_3svc,120,71.1373450001247,63.283296000008704,7.854049000115992,1605632,2,31.49409699994976,0.2786019999803102,0.18630099998517835,36.63472899984299,602112,16.64600399999472,0.3502019999359618,0.05950099989604496,17.01040600005399,802816,15.143195000064225,0.1392009999108268,0.025699999923745054,0.0,200704,0.0,0.0,0.0,0.0,0,0.0,0.0,0.0,0.0,0
5,chain_3svc,121,60.71348000000398,53.01633199974276,7.6971480002612225,1605632,2,21.528434999936508,0.26640200007932435,0.15820099997654324,36.291426999923715,602112,16.771804999962114,0.368901999991067,0.05750100012846815,16.60960399999567,802816,14.716091999844139,0.13390100002652616,0.02800000015668047,0.0,200704,0.0,0.0,0.0,0.0,0,0.0,0.0,0.0,0.0,0
5,chain_3svc,122,58.80236800021521,51.40052199999445,7.401846000220758,1605632,2,20.00102500005596,0.259901999925205,0.1558009998916532,35.91742499997963,602112,16.888405999907263,0.35150200005773513,0.06710000002385641,16.239702000120815,802816,14.511091000031229,0.13269999999465654,0.025299999833805487,0.0,200704,0.0,0.0,0.0,0.0,0,0.0,0.0,0.0,0.0,0
5,chain_3svc,123,59.09196999982669,51.54842199999621,7.54354799983048,1605632,2,20.56482800003323,0.26740199996311276,0.07330099992941541,35.757823000039934,602112,16.090400999928534,0.35110199996779556,0.05570000007537601,16.840505000118355,802816,14.893193000034444,0.13470099997903162,0.025899999855028,0.0,200704,0.0,0.0,0.0,0.0,0,0.0,0.0,0.0,0.0,0
5,chain_3svc,124,58.81296799998381,50.93721799994455,7.875750000039261,1605632,2,20.719029000019873,0.2708020001591649,0.07460099982381507,35.16442000000097,602112,15.798898999946687,0.3305019999970682,0.0691000000188069,16.35340300003918,802816,14.419289999977991,0.1351009998415975,0.02610000001368462,0.0,200704,0.0,0.0,0.0,0.0,0,0.0,0.0,0.0,0.0,0
5,chain_3svc,125,60.8166810000057,52.849230999981955,7.967450000023746,1605632,2,21.27263299985316,0.2681020000636636,0.1699009999356349,36.619028999894,602112,16.622004000055313,0.35780200005319784,0.0587009999435395,17.06570700002885,802816,14.954594000073484,0.13730099999520462,0.027099999897473026,0.0,200704,0.0,0.0,0.0,0.0,0,0.0,0.0,0.0,0.0,0
5,chain_3svc,126,60.581180000099266,52.73812999985239,7.843050000246876,1605632,2,21.442834000026778,0.2734019999479642,0.10360100009165762,36.1234259999037,602112,16.41630299991448,0.34270200012542773,0.07930000015221594,16.835404999937964,802816,14.878992999911134,0.13810100017508375,0.027399999908084283,0.0,200704,0.0,0.0,0.0,0.0,0,0.0,0.0,0.0,0.0,0
5,chain_3svc,127,60.744379999960074,52.976831000023594,7.76754899993648,1605632,2,21.9742369999949,0.2837019999333279,0.16730100014683558,35.86752400019577,602112,16.235901000072772,0.3487029998723301,0.0354000001152599,16.574902999991536,802816,14.766692999955922,0.13900099997954385,0.024400000029345392,0.0,200704,0.0,0.0,0.0,0.0,0,0.0,0.0,0.0,0.0,0
5,chain_3svc,128,61.576085000069725,53.59783500011872,7.978249999951004,1605632,2,20.938931000046068,0.2690009998786991,0.1586010000664828,37.73093599988897,602112,16.723705000003974,0.3307020001557248,0.035499999967214535,17.950512999959756,802816,15.935199000068678,0.13900099997954385,0.03140099988740985,0.0,200704,0.0,0.0,0.0,0.0,0,0.0,0.0,0.0,0.0,0
5,chain_3svc,129,60.951181000064025,52.94163199960167,8.009549000462357,1605632,2,20.256126999811386,0.265501000058066,0.15340100003413681,37.66783600008239,602112,16.907605999904263,0.3473020001365512,0.034300000152143184,17.881111999940913,802816,15.77789899988602,0.14070099996388308,0.02790000007735216,0.0,200704,0.0,0.0,0.0,0.0,0,0.0,0.0,0.0,0.0,0
5,chain_3svc,130,60.020375000021886,51.95792600011373,8.062448999908156,1605632,2,20.370828000068286,0.26690200002121856,0.15470099992853648,36.6257289999794,602112,15.979300000026342,0.3503020000152901,0.05710100003852858,17.594710000139457,802816,15.607798000019102,0.13940100006948342,0.029000000040468876,0.0,200704,0.0,0.0,0.0,0.0,0,0.0,0.0,0.0,0.0,0
5,chain_3svc,131,58.479066000018065,50.9637190000376,7.515346999980466,1605632,2,19.97592500015344,0.2685019999262295,0.08789999992586672,35.72492300008889,602112,16.623503999880995,0.3592030000163504,0.05959999998594867,16.18280100001357,802816,14.364290000003166,0.13960100000076636,0.02490000019861327,0.0,200704,0.0,0.0,0.0,0.0,0,0.0,0.0,0.0,0.0,0
5,chain_3svc,132,58.68376700004774,50.966118000133065,7.7176489999146725,1605632,2,20.030724999969607,0.2564020001045719,0.15080100001796382,35.69192300005852,602112,15.986400000201684,0.3470019998985663,0.033799999982875306,16.82270499986771,802816,14.948992999961774,0.1389010001275892,0.027100999886897625,0.0,200704,0.0,0.0,0.0,0.0,0,0.0,0.0,0.0,0.0,0
5,chain_3svc,133,59.411471999965215,51.748923000104696,7.662548999860519,1605632,2,20.11052600005314,0.2640010000050097,0.1528010000129143,36.43872799989367,602112,16.04470000006586,0.3418019998662203,0.05630100008602312,17.48800899986236,802816,15.593696999985696,0.1419010000063281,0.027600000066740904,0.0,200704,0.0,0.0,0.0,0.0,0,0.0,0.0,0.0,0.0,0
5,chain_3svc,134,61.02558200018393,52.99653099996249,8.029051000221443,1605632,2,20.474828000033085,0.268101000074239,0.15570099981232488,37.70283600010771,602112,17.065305999949487,0.3654029999324848,0.06050100000720704,17.61051000016778,802816,15.456396999979916,0.15130099995985802,0.028899999961140566,0.0,200704,0.0,0.0,0.0,0.0,0,0.0,0.0,0.0,0.0,0
5,chain_3svc,135,64.64740399997027,56.744655000102284,7.902748999867981,1605632,2,20.3314269999737,0.26650200015865266,0.19350100001247483,41.31445799998801,602112,17.68221099996481,0.35320200004207436,0.06310000003395544,20.690429000069344,802816,18.731017000163774,0.16010099989216542,0.02909999989242351,0.0,200704,0.0,0.0,0.0,0.0,0,0.0,0.0,0.0,0.0,0
5,chain_3svc,136,77.51988499990148,69.19073199969716,8.329153000204315,1605632,2,28.130675999818777,0.2765010001439805,0.17330200012111163,46.292689999972936,602112,25.31775799980096,0.3591020001749712,0.07090100007189903,17.868511999949988,802816,15.742298000077426,0.13800100009575544,0.027100999886897625,0.0,200704,0.0,0.0,0.0,0.0,0,0.0,0.0,0.0,0.0,0
5,chain_3svc,137,61.901986999828296,54.318040000225665,7.583946999602631,1605632,2,21.234633000176473,0.2652020000368793,0.09379999983138987,37.86443700005293,602112,16.84670500003449,0.3409020000617602,0.05959999998594867,18.277514000146766,802816,16.236702000014702,0.13940100006948342,0.02949999998236308,0.0,200704,0.0,0.0,0.0,0.0,0,0.0,0.0,0.0,0.0,0
5,chain_3svc,138,58.84216899994499,51.500923000048715,7.341245999896273,1605632,2,20.29582700015453,0.28130199984843784,0.08970099997895886,35.86342500011597,602112,16.06060099993556,0.32660200008649554,0.05650000002788147,16.99900699986756,802816,15.144494999958624,0.1413009999851056,0.026400000024295878,0.0,200704,0.0,0.0,0.0,0.0,0,0.0,0.0,0.0,0.0,0
5,chain_3svc,139,59.207070999946154,51.50022199995874,7.706848999987415,1605632,2,20.509528000047794,0.263901999915106,0.15760099995532073,35.889324999970995,602112,15.877498999998352,0.34640300009414204,0.06119999989095959,17.121306999797525,802816,15.113194999912594,0.1424009999482223,0.025100000129896216,0.0,200704,0.0,0.0,0.0,0.0,0,0.0,0.0,0.0,0.0,0
5,chain_3svc,140,58.95806800003811,51.25362099988706,7.704447000151049,1605632,2,20.314826999992874,0.26000200000453333,0.15620099998159276,35.609622000038144,602112,16.033299999890005,0.337403000003178,0.058600000102160266,16.795805000128894,802816,14.905494000004182,0.14290000012806559,0.027499999987412593,0.0,200704,0.0,0.0,0.0,0.0,0,0.0,0.0,0.0,0.0,0
5,chain_3svc,141,64.37630300001729,56.291751000117074,8.084551999900214,1605632,2,21.219731999963187,0.2603020000151446,0.159101000008377,40.23295199999666,602112,17.08460700001524,0.34010200010925473,0.06009999992784287,20.188627000152337,802816,17.987412000138647,0.22000199987814995,0.032900999940466136,0.0,200704,0.0,0.0,0.0,0.0,0,0.0,0.0,0.0,0.0,0
5,chain_3svc,142,65.27660799997648,57.28065899984358,7.995949000132896,1605632,2,23.82364899995082,0.2712020000217308,0.10730000008152274,38.483941000095,602112,18.18431399988185,0.3821020000032149,0.04409999996823899,17.36440800004857,802816,15.27269600001091,0.1418009999269998,0.03089999995609105,0.0,200704,0.0,0.0,0.0,0.0,0,0.0,0.0,0.0,0.0,0
5,chain_3svc,143,61.286083000140934,53.645135000124355,7.640948000016579,1605632,2,20.98563100003048,0.30050199984543724,0.0780010000198672,37.55053500003669,602112,16.833105000159776,0.3305019999970682,0.07650099996681092,17.82391100005043,802816,15.8263989999341,0.1413009999851056,0.02769999991869554,0.0,200704,0.0,0.0,0.0,0.0,0,0.0,0.0,0.0,0.0,0
5,chain_3svc,144,59.49677199987491,51.84692499983612,7.64984700003879,1605632,2,20.42352800003755,0.25230200003534264,0.07709999999860884,36.38562700007242,602112,16.109200999835593,0.3754020001451863,0.037400000110210385,17.203307000045243,802816,15.314195999962976,0.14570100006494613,0.02779999999802385,0.0,200704,0.0,0.0,0.0,0.0,0,0.0,0.0,0.0,0.0,0
5,chain_3svc,145,61.26098300001104,53.33113400001821,7.929848999992828,1605632,2,20.13442599991322,0.2511019999928976,0.15170100004979759,38.262840000015785,602112,16.46950300005301,0.3508029999466089,0.04449999983080488,18.888517999812393,802816,16.72720500005198,0.1496009999755188,0.07689999983995222,0.0,200704,0.0,0.0,0.0,0.0,0,0.0,0.0,0.0,0.0,0
5,chain_3svc,146,59.59697299999789,52.28042599992477,7.316547000073115,1605632,2,21.06073100003414,0.25540199999340985,0.09660099999564409,35.8960250000564,602112,16.04429999997592,0.32250200001726625,0.05639999994855316,17.00450700013789,802816,15.175394999914715,0.14000000010128133,0.026301000161765842,0.0,200704,0.0,0.0,0.0,0.0,0,0.0,0.0,0.0,0.0,0
5,chain_3svc,147,59.48817200010126,51.76022299997385,7.72794900012741,1605632,2,20.203525999932026,0.2494020000085584,0.06830000006630144,36.34022799997183,602112,15.788199000098757,0.33800200003497594,0.07490099983442633,17.727111000112927,802816,15.768497999943065,0.1414010000644339,0.05120099990563176,0.0,200704,0.0,0.0,0.0,0.0,0,0.0,0.0,0.0,0.0,0
5,chain_3svc,148,62.402990000009595,54.438541000081386,7.964448999928209,1605632,2,21.43363400000453,0.26360199990449473,0.15190099998108053,37.99653800001579,602112,16.81640500009962,0.3322019999814074,0.03510000010464864,18.301114999985657,802816,16.188501999977234,0.1513000001978071,0.02859999995052931,0.0,200704,0.0,0.0,0.0,0.0,0,0.0,0.0,0.0,0.0,0
5,chain_3svc,149,60.171877000129825,52.36362799973904,7.808249000390788,1605632,2,20.904430999962642,0.2633019998938835,0.16510099999322847,36.19242700005998,602112,16.084000999853743,0.3280020000602235,0.05500000020219886,17.252608000035252,802816,15.375195999922653,0.1413009999851056,0.02800000015668047,0.0,200704,0.0,0.0,0.0,0.0,0,0.0,0.0,0.0,0.0,0
5,chain_3svc,150,58.27156500004094,50.872019000053115,7.399545999987822,1605632,2,20.02682600004846,0.25790099994082993,0.07940000000417058,35.54332199996679,602112,15.201294999997117,0.3436020001572615,0.055800999916755245,17.602109999870663,802816,15.643898000007539,0.14180100015437347,0.02599999993435631,0.0,200704,0.0,0.0,0.0,0.0,0,0.0,0.0,0.0,0.0,0
5,chain_3svc,151,58.333165000021836,50.67861700035792,7.654547999663919,1605632,2,19.928325000137193,0.24960199993984133,0.11210000002392917,35.58722299999317,602112,15.409596000154124,0.3305019999970682,0.05550099990614399,17.310008000094967,802816,15.3406960000666,0.14350099991133902,0.025700999913169653,0.0,200704,0.0,0.0,0.0,0.0,0,0.0,0.0,0.0,0.0,0
5,chain_3svc,152,65.62901100005547,57.74386100029005,7.885149999765417,1605632,2,20.120126000165328,0.2515009998660389,0.15030099984869594,42.701266999984,602112,16.233501999977307,0.3352019998601463,0.05570000007537601,23.443647000021883,802816,21.39023300014742,0.1538009998967027,0.03660099991975585,0.0,200704,0.0,0.0,0.0,0.0,0,0.0,0.0,0.0,0.0,0
5,chain_3svc,153,64.91190600013397,57.06385700000283,7.848049000131141,1605632,2,20.38152699992679,0.25170200001412013,0.06940100001884275,41.66675999999825,602112,15.832899000088219,0.32080199980555335,0.05800000008093775,22.977543000024525,802816,20.849430999987817,0.16290100006699504,0.034700000014709076,0.0,200704,0.0,0.0,0.0,0.0,0,0.0,0.0,0.0,0.0,0
5,chain_3svc,154,63.00189400008094,55.32314599986421,7.6787480002167285,1605632,2,20.282227000052444,0.2599009999357804,0.14840099993307376,39.749348999976064,602112,16.435502999911478,0.31890200011730485,0.057599999990998185,20.53522799997154,802816,18.605415999900288,0.1522009999916918,0.03140100011478353,0.0,200704,0.0,0.0,0.0,0.0,0,0.0,0.0,0.0,0.0,0
5,chain_3svc,155,59.32207099999687,51.98302500002683,7.33904599997004,1605632,2,20.815330000004906,0.2624019998620497,0.10700100006033608,35.846524000135105,602112,16.30200199997489,0.3426020000460994,0.05730099996981153,16.67520399996647,802816,14.865693000047031,0.13970000009067007,0.0259009998444526,0.0,200704,0.0,0.0,0.0,0.0,0,0.0,0.0,0.0,0.0,0
5,chain_3svc,156,58.4349650000604,50.74311800012765,7.69184699993275,1605632,2,19.819024000071295,0.2551019999827986,0.07119999986571202,35.89932399995632,602112,15.599398000176734,0.31670199996369774,0.05639999994855316,17.411108000032982,802816,15.324695999879623,0.1393009999901551,0.03089999995609105,0.0,200704,0.0,0.0,0.0,0.0,0,0.0,0.0,0.0,0.0,0
5,chain_3svc,157,59.75627399993755,51.905624999790234,7.850649000147314,1605632,2,20.14242599989302,0.2564020001045719,0.1476009999805683,36.64152900000772,602112,15.926699999909033,0.3301020001345023,0.05719999990105862,17.88631199997326,802816,15.83649899998818,0.14300099996944482,0.030299999934868538,0.0,200704,0.0,0.0,0.0,0.0,0,0.0,0.0,0.0,0.0,0
5,chain_3svc,158,62.92449299985492,54.91974299980029,8.004750000054628,1605632,2,21.55183499985469,0.262901000041893,0.07760100015730131,38.49134100005358,602112,17.27070799984176,0.3403030000299623,0.06150000012894452,18.206413999905635,802816,16.09720000010384,0.14320099990072777,0.027600000066740904,0.0,200704,0.0,0.0,0.0,0.0,0,0.0,0.0,0.0,0.0,0
5,chain_3svc,159,62.13778899996214,54.295339000191234,7.842449999770906,1605632,2,21.048232000111966,0.35310199996274605,0.08850099993651384,38.13433899995289,602112,16.69140400008473,0.3353029999288992,0.061499999901570845,18.594716000052358,802816,16.555702999994537,0.14260100010687893,0.03000099991368188,0.0,200704,0.0,0.0,0.0,0.0,0,0.0,0.0,0.0,0.0,0
5,chain_3svc,160,60.043575000008786,52.14692599997761,7.896649000031175,1605632,2,20.744929000102275,0.26410199984638894,0.07520099984503759,36.41462799987494,602112,15.977099999872735,0.3517019999890181,0.033901000051628216,17.45080900013818,802816,15.424897000002602,0.14320099990072777,0.0323000001571927,0.0,200704,0.0,0.0,0.0,0.0,0,0.0,0.0,0.0,0.0,0
5,chain_3svc,161,59.09926999993331,51.413921999937884,7.685347999995429,1605632,2,20.715428999892538,0.2625020001687517,0.07900100013102929,35.547923000194714,602112,15.928799999983312,0.337802000103693,0.056800000038492726,16.677504000199406,802816,14.769693000062034,0.1398009999320493,0.025800000003073364,0.0,200704,0.0,0.0,0.0,0.0,0,0.0,0.0,0.0,0.0,0
5,chain_3svc,162,59.48957199984761,51.55912299960619,7.930449000241424,1605632,2,20.532828999876074,0.25700200012579444,0.14929999997548293,36.26502699989942,602112,15.995999999859123,0.35530300010577776,0.056400000175926834,17.03030699991359,802816,15.030293999870992,0.13730099999520462,0.026200000093012932,0.0,200704,0.0,0.0,0.0,0.0,0,0.0,0.0,0.0,0.0,0
5,chain_3svc,163,59.487572000080036,51.519123000161926,7.96844899991811,1605632,2,20.465228000148272,0.2545019999615761,0.15620099998159276,35.98472499993477,602112,15.69179900002382,0.3394020000087039,0.057499999911669875,17.35110899994652,802816,15.362095999989833,0.13600100010080496,0.027999999929306796,0.0,200704,0.0,0.0,0.0,0.0,0,0.0,0.0,0.0,0.0,0
5,chain_3svc,164,58.674366999866834,50.82421800011616,7.850148999750672,1605632,2,20.539127999882112,0.25500200013084395,0.1554010000290873,35.183819999929256,602112,16.09660100007204,0.33700199992381386,0.05400000009103678,16.170002000080785,802816,14.188489000162008,0.13469999998960702,0.026599999955578824,0.0,200704,0.0,0.0,0.0,0.0,0,0.0,0.0,0.0,0.0,0
5,chain_3svc,165,58.226965000130804,50.758116999759295,7.4688480003715085,1605632,2,20.233126999983142,0.2556019999246928,0.08640000010018412,35.27332099997693,602112,16.236800999877232,0.3322019999814074,0.05700100018657395,16.129400999943755,802816,14.28818899989892,0.13470099997903162,0.023600000076839933,0.0,200704,0.0,0.0,0.0,0.0,0,0.0,0.0,0.0,0.0,0
5,chain_3svc,166,61.11068299992439,53.306234000274344,7.804448999650049,1605632,2,20.87653000012324,0.26640200007932435,0.15540099980171362,37.373733999856995,602112,17.202708000013445,0.34110199999304314,0.060300000086499495,17.18640800004323,802816,15.22699600013766,0.15520099987043068,0.028699999802483944,0.0,200704,0.0,0.0,0.0,0.0,0,0.0,0.0,0.0,0.0,0
5,chain_3svc,167,59.59617300004538,51.947825999832276,7.648347000213107,1605632,2,20.73402999985774,0.2704020000692253,0.15690100008214358,35.94692499996199,602112,15.956199999891396,0.339002000146138,0.060200000007171184,17.04760699999497,802816,15.25759600008314,0.14250100002755062,0.025800000003073364,0.0,200704,0.0,0.0,0.0,0.0,0,0.0,0.0,0.0,0.0,0
5,chain_3svc,168,61.41718399999263,53.93513800004257,7.48204599995006,1605632,2,20.744929999864326,0.2958019999823591,0.07820000018909923,37.797735999902216,602112,16.113601000142808,0.34740199998850585,0.059699999837903306,18.946817999903942,802816,17.076607000035438,0.15130099995985802,0.02779999999802385,0.0,200704,0.0,0.0,0.0,0.0,0,0.0,0.0,0.0,0.0,0
5,chain_3svc,169,59.1128700000354,51.68862499976967,7.424245000265728,1605632,2,20.059125999978278,0.2567020001151832,0.09700000009615906,36.228725999990274,602112,16.841605999843523,0.34740199998850585,0.05600000008598727,16.52300299997478,802816,14.787892999947871,0.13190000004215108,0.024100000018734136,0.0,200704,0.0,0.0,0.0,0.0,0,0.0,0.0,0.0,0.0,0
5,chain_3svc,170,60.33837800009678,52.780631000132416,7.557746999964365,1605632,2,20.68222999992031,0.27770199994847644,0.1772010000422597,36.9597320000139,602112,17.43120900005124,0.353301999894029,0.06190099998093501,16.61360399998557,802816,14.667192000160867,0.14450099979512743,0.025399999913133797,0.0,200704,0.0,0.0,0.0,0.0,0,0.0,0.0,0.0,0.0,0
5,chain_3svc,171,60.151977000032275,52.51472800000556,7.6372490000267135,1605632,2,20.149526000068363,0.25080199998228636,0.0748009999824717,37.248933999990186,602112,16.49570299991865,0.3390030001355626,0.03710000009959913,17.875311000125294,802816,15.86949900001855,0.13230100012151524,0.02909999989242351,0.0,200704,0.0,0.0,0.0,0.0,0,0.0,0.0,0.0,0.0,0
5,chain_3svc,172,60.416378000127224,52.734030000010534,7.68234800011669,1605632,2,20.760630000040692,0.24980200009849796,0.15130099995985802,36.78292999984478,602112,16.23470200001975,0.34890200004156213,0.05719999990105862,17.61011000007784,802816,15.738697999950091,0.1320009998835303,0.0380010001208575,0.0,200704,0.0,0.0,0.0,0.0,0,0.0,0.0,0.0,0.0,0
5,chain_3svc,173,59.86217500003477,52.210927000032825,7.651248000001942,1605632,2,20.411228000057235,0.2602009999463917,0.14870099994368502,36.63112899994303,602112,16.800504999991972,0.3502019999359618,0.06060000009711075,16.840305999949123,802816,14.999193999983618,0.134500999820375,0.04330000001573353,0.0,200704,0.0,0.0,0.0,0.0,0,0.0,0.0,0.0,0.0,0
5,chain_3svc,174,60.66457899987654,53.00533100012217,7.6592479997543705,1605632,2,20.121925000012197,0.2571019999777491,0.15030099984869594,37.79963600004521,602112,16.91380600004777,0.34680199996728334,0.060801000017818296,17.996911999944132,802816,15.9696000000622,0.13690099990526505,0.027999999929306796,0.0,200704,0.0,0.0,0.0,0.0,0,0.0,0.0,0.0,0.0,0
5,chain_3svc,175,60.925981000082174,53.3839340000668,7.542047000015373,1605632,2,20.648530000016763,0.24650099999234953,0.07570000002488086,37.62503499979175,602112,17.02920599996105,0.3483020000203396,0.06100099994910124,17.680910000080985,802816,15.706198000088989,0.1419010000063281,0.02599999993435631,0.0,200704,0.0,0.0,0.0,0.0,0,0.0,0.0,0.0,0.0,0
5,chain_3svc,176,59.84347399999024,52.42322800017973,7.420245999810504,1605632,2,20.353627000076813,0.2588019999620883,0.07600100002491672,36.712129000079585,602112,16.667404000145325,0.34480199997233285,0.05859999987478659,17.236807000017507,802816,15.402196999957596,0.138401000185695,0.041300000020783045,0.0,200704,0.0,0.0,0.0,0.0,0,0.0,0.0,0.0,0.0,0
5,chain_3svc,177,59.32317100018736,51.74202299986064,7.581148000326721,1605632,2,19.828023999934885,0.25700200012579444,0.07430000005115289,36.64312899991273,602112,16.06579999997848,0.3482019999410113,0.03319999996165279,17.798810999920534,802816,15.848198999947272,0.15870100014581112,0.04489999992074445,0.0,200704,0.0,0.0,0.0,0.0,0,0.0,0.0,0.0,0.0,0
5,chain_3svc,178,60.180975999855946,52.71603099981803,7.464945000037915,1605632,2,20.834030999822062,0.25350100008836307,0.1550010001665214,36.61232900003597,602112,17.41100899994308,0.34270200012542773,0.07090000008247443,16.446302000076685,802816,14.47099100005289,0.13760100000581588,0.02700000004551839,0.0,200704,0.0,0.0,0.0,0.0,0,0.0,0.0,0.0,0.0,0
5,chain_3svc,179,58.94896900008462,51.29952100014634,7.649447999938275,1605632,2,19.740523999871584,0.25550200007273816,0.14850100001240207,36.39882799984662,602112,16.30070200008049,0.3467020001153287,0.03999999989900971,17.31870899993737,802816,15.258295000194266,0.1367009999739821,0.028000999918731395,0.0,200704,0.0,0.0,0.0,0.0,0,0.0,0.0,0.0,0.0,0
5,chain_3svc,180,58.54816600003687,50.946519000262924,7.601646999773948,1605632,2,19.86862400008249,0.25430200003029313,0.14940100004423584,35.85702400005175,602112,16.302702000075442,0.3565019999314245,0.0560999999379419,16.65670400007002,802816,14.775193000104991,0.1351010000689712,0.02669999980753346,0.0,200704,0.0,0.0,0.0,0.0,0,0.0,0.0,0.0,0.0,0
5,chain_3svc,181,60.28507700011687,52.521728999863626,7.763348000253245,1605632,2,20.842929999844273,0.2506020000510034,0.15300100017157092,36.595729000055144,602112,16.627903999960836,0.34330199991927657,0.05970000006527698,16.99210700007825,802816,15.050895000058517,0.13840099995832134,0.025499999992462108,0.0,200704,0.0,0.0,0.0,0.0,0,0.0,0.0,0.0,0.0,0
5,chain_3svc,182,58.8822679999339,51.27742200011198,7.604845999821919,1605632,2,19.522623000057138,0.25270099990848394,0.06770000004507892,36.513728000045376,602112,16.743505000022196,0.3503020000152901,0.05800000008093775,16.8960060000245,802816,15.011294000032649,0.13390100002652616,0.02560000007179042,0.0,200704,0.0,0.0,0.0,0.0,0,0.0,0.0,0.0,0.0,0
5,chain_3svc,183,59.41697200000817,51.726222999832316,7.690749000175856,1605632,2,20.12432599985914,0.258901000051992,0.16020099997149373,36.39312799987238,602112,16.49040300003435,0.3688019999117387,0.03909999986717594,17.104306999954133,802816,15.11149399993883,0.13500099998964288,0.02790100006677676,0.0,200704,0.0,0.0,0.0,0.0,0,0.0,0.0,0.0,0.0,0
5,chain_3svc,184,59.66767399991113,51.993923999816616,7.673750000094515,1605632,2,20.065424999984316,0.2571019999777491,0.15000100006545836,36.76742999982707,602112,16.675703999908364,0.34940199998345634,0.05730099996981153,17.089406999957646,802816,15.252794999923935,0.13370100009524322,0.026800000114235445,0.0,200704,0.0,0.0,0.0,0.0,0,0.0,0.0,0.0,0.0,0
5,chain_3svc,185,57.62546100004329,49.848413000063374,7.777047999979914,1605632,2,20.066025999994963,0.25170100002469553,0.15000099983808468,34.64341699987017,602112,15.881900000067617,0.35670199986270745,0.05379999993238016,15.85569899998518,802816,13.900487000000794,0.12870099999418017,0.02380000000812288,0.0,200704,0.0,0.0,0.0,0.0,0,0.0,0.0,0.0,0.0,0
5,chain_3svc,186,58.64586699999563,50.949519999903714,7.696347000091919,1605632,2,19.980524999937188,0.2500020000297809,0.14940100004423584,35.924425000075644,602112,16.342702999963876,0.36460200021792843,0.05859999987478659,16.56750400002238,802816,14.62629200000265,0.15290099986486894,0.025800000003073364,0.0,200704,0.0,0.0,0.0,0.0,0,0.0,0.0,0.0,0.0,0
5,chain_3svc,187,59.11917000003086,51.635923999810984,7.483246000219879,1605632,2,19.70872399988366,0.24930100016717915,0.1476009999805683,36.53272900010052,602112,16.944605999924534,0.37180300000727584,0.05580000015470432,16.71370499980185,802816,14.982594000002791,0.13220100004218693,0.02499999982319423,0.0,200704,0.0,0.0,0.0,0.0,0,0.0,0.0,0.0,0.0,0
5,chain_3svc,188,57.82426099995064,50.43231499985268,7.39194600009796,1605632,2,19.587421999858634,0.25090200006161467,0.1471010000386741,35.53642199995011,602112,15.981499999952575,0.3856020000512217,0.05830099985359993,16.660903999991206,802816,14.86339300004147,0.13240099997346988,0.04080000007888884,0.0,200704,0.0,0.0,0.0,0.0,0,0.0,0.0,0.0,0.0,0
5,chain_3svc,189,59.68107300009251,51.9491239999752,7.731949000117311,1605632,2,19.789424000009603,0.2552020000621269,0.14790099999117956,36.97113099997296,602112,16.401002000066,0.3503030000047147,0.03670000000965956,17.696909999813215,802816,15.758697999899596,0.1336010000159149,0.02880000010918593,0.0,200704,0.0,0.0,0.0,0.0,0,0.0,0.0,0.0,0.0,0
5,chain_3svc,190,61.015881999992416,53.35453499992582,7.661347000066598,1605632,2,20.49492899982397,0.27940100017076475,0.07330000016736449,37.66973599999801,602112,17.69841100008307,0.3540019999945798,0.05799999985356408,17.050706999953036,802816,15.161195000018779,0.13830099987899303,0.027600000066740904,0.0,200704,0.0,0.0,0.0,0.0,0,0.0,0.0,0.0,0.0,0
5,chain_3svc,191,60.61818000011954,52.886830999796075,7.731349000323462,1605632,2,20.877630999848407,0.2533010001570801,0.07280099998752121,36.84353099993132,602112,16.851204999966285,0.3321020001294528,0.060699999949065386,17.12500700000419,802816,15.157994999981383,0.14020100002198888,0.02769999991869554,0.0,200704,0.0,0.0,0.0,0.0,0,0.0,0.0,0.0,0.0,0
5,chain_3svc,192,59.32287099994937,51.58672399988973,7.7361470000596455,1605632,2,20.585628999924666,0.25500100014141935,0.15010100014478667,35.81372400003602,602112,16.334602999904746,0.33850199997687014,0.05740000005971524,16.50610299998334,802816,14.666492000060316,0.1389010001275892,0.025899999855028,0.0,200704,0.0,0.0,0.0,0.0,0,0.0,0.0,0.0,0.0,0
5,chain_3svc,193,59.68377299996064,51.99912500006576,7.684647999894878,1605632,2,20.370926999930816,0.2474020000136079,0.07950100007292349,36.464627999976074,602112,16.716605000056006,0.3642019999006152,0.058600000102160266,16.820004999999583,802816,14.911593000078938,0.14170099984767148,0.02650000010362419,0.0,200704,0.0,0.0,0.0,0.0,0,0.0,0.0,0.0,0.0,0
5,chain_3svc,194,57.906062000029124,50.37771599995722,7.528346000071906,1605632,2,19.676722999975027,0.25070199990295805,0.09430099999008235,35.438921999912054,602112,15.76719900003809,0.37290199998096796,0.05740000005971524,16.86510600006841,802816,14.9337939999441,0.12860099991485185,0.02610000001368462,0.0,200704,0.0,0.0,0.0,0.0,0,0.0,0.0,0.0,0.0,0
5,chain_3svc,195,59.04946900000141,51.43832199996723,7.61114700003418,1605632,2,20.25312700016002,0.2697009999792499,0.14820100000179082,35.92602399999123,602112,16.54950299985103,0.35110199996779556,0.05580100014412892,16.520203000027323,802816,14.63569199995618,0.13500099998964288,0.026599999955578824,0.0,200704,0.0,0.0,0.0,0.0,0,0.0,0.0,0.0,0.0,0
5,chain_3svc,196,57.52256000005218,49.97481199984577,7.547748000206411,1605632,2,19.574422999994567,0.2589020000414166,0.15770099980727537,35.135820000050444,602112,15.774598000007245,0.3451029999723687,0.05530099997486104,16.480002999969656,802816,14.625790999843957,0.13470099997903162,0.02470000003995665,0.0,200704,0.0,0.0,0.0,0.0,0,0.0,0.0,0.0,0.0,0
5,chain_3svc,197,60.38527700002305,52.267325999991954,8.117951000031098,1605632,2,19.676422999964416,0.25390199994035356,0.15210100013973715,37.69943599991166,602112,17.21660700013672,0.3622029998950893,0.06420099998649675,17.472709000003306,802816,15.374295999890819,0.14200100008565641,0.026700000034907134,0.0,200704,0.0,0.0,0.0,0.0,0,0.0,0.0,0.0,0.0,0
5,chain_3svc,198,59.738273999982994,52.16482600008021,7.573447999902783,1605632,2,20.11382599994249,0.26320200004192884,0.1496009999755188,36.714930000016466,602112,16.742905000000974,0.35000200000467885,0.05750000013904355,17.027206999955524,802816,15.308095000136746,0.13020099981986277,0.02520099997127545,0.0,200704,0.0,0.0,0.0,0.0,0,0.0,0.0,0.0,0.0,0
5,chain_3svc,199,59.735773000056724,52.04052599992792,7.695247000128802,1605632,2,20.144026000025406,0.2962020000722987,0.14670099994873453,36.5727280000101,602112,16.4646040000207,0.35310199996274605,0.05880000003344321,17.172907000031046,802816,15.431895999881817,0.13850100003764965,0.02700100003494299,0.0,200704,0.0,0.0,0.0,0.0,0,0.0,0.0,0.0,0.0,0
5,chain_3svc,200,58.32116500005213,50.93581899996025,7.385346000091886,1605632,2,20.317227000077764,0.2546019998135307,0.09840000006988703,35.17461999990701,602112,15.691798000034396,0.3435020000779332,0.05430099986369896,16.770704999998998,802816,14.926793999848087,0.1408010000432114,0.02480000011928496,0.0,200704,0.0,0.0,0.0,0.0,0,0.0,0.0,0.0,0.0,0
