round,condition,iteration,end_to_end_ms,total_compute_ms,non_compute_overhead_ms,total_activation_bytes,num_hops,hop_1_compute_ms,hop_1_deserialize_ms,hop_1_serialize_ms,hop_1_forward_ms,hop_1_activation_bytes,hop_2_compute_ms,hop_2_deserialize_ms,hop_2_serialize_ms,hop_2_forward_ms,hop_2_activation_bytes,hop_3_compute_ms,hop_3_deserialize_ms,hop_3_serialize_ms,hop_3_forward_ms,hop_3_activation_bytes,hop_4_compute_ms,hop_4_deserialize_ms,hop_4_serialize_ms,hop_4_forward_ms,hop_4_activation_bytes,hop_5_compute_ms,hop_5_deserialize_ms,hop_5_serialize_ms,hop_5_forward_ms,hop_5_activation_bytes
1,monolithic_k8s_1svc,1,34.59479099910823,33.275918001891114,1.3188729972171132,602112,1,33.275918001891114,0.06692399983876385,0.015630997950211167,0.0,602112,0.0,0.0,0.0,0.0,0,0.0,0.0,0.0,0.0,0,0.0,0.0,0.0,0.0,0,0.0,0.0,0.0,0.0,0
1,monolithic_k8s_1svc,2,33.9401010023721,32.78465399853303,1.1554470038390718,602112,1,32.78465399853303,0.05939400216448121,0.025452001864323393,0.0,602112,0.0,0.0,0.0,0.0,0,0.0,0.0,0.0,0.0,0,0.0,0.0,0.0,0.0,0,0.0,0.0,0.0,0.0,0
1,monolithic_k8s_1svc,3,36.217417000443675,34.96211999663501,1.2552970038086642,602112,1,34.96211999663501,0.055414002417819574,0.016761001461418346,0.0,602112,0.0,0.0,0.0,0.0,0,0.0,0.0,0.0,0.0,0,0.0,0.0,0.0,0.0,0,0.0,0.0,0.0,0.0,0
1,monolithic_k8s_1svc,4,36.55891000016709,35.12611500264029,1.4327949975267984,602112,1,35.12611500264029,0.06467499770224094,0.016112000594148412,0.0,602112,0.0,0.0,0.0,0.0,0,0.0,0.0,0.0,0.0,0,0.0,0.0,0.0,0.0,0,0.0,0.0,0.0,0.0,0
1,monolithic_k8s_1svc,5,35.78383900094195,34.47123200021451,1.3126070007274393,602112,1,34.47123200021451,0.06029400174156763,0.031141997169470415,0.0,602112,0.0,0.0,0.0,0.0,0,0.0,0.0,0.0,0.0,0,0.0,0.0,0.0,0.0,0,0.0,0.0,0.0,0.0,0
1,monolithic_k8s_1svc,6,34.19653799937805,33.0070629970578,1.1894750023202505,602112,1,33.0070629970578,0.07557500066468492,0.013231001503299922,0.0,602112,0.0,0.0,0.0,0.0,0,0.0,0.0,0.0,0.0,0,0.0,0.0,0.0,0.0,0,0.0,0.0,0.0,0.0,0
1,monolithic_k8s_1svc,7,34.87506300007226,33.64787200189312,1.2271909981791396,602112,1,33.64787200189312,0.06914500045240857,0.015140998584683985,0.0,602112,0.0,0.0,0.0,0.0,0,0.0,0.0,0.0,0.0,0,0.0,0.0,0.0,0.0,0,0.0,0.0,0.0,0.0,0
1,monolithic_k8s_1svc,8,34.917906999908155,33.668852996925125,1.24905400298303,602112,1,33.668852996925125,0.06349400064209476,0.01647200042498298,0.0,602112,0.0,0.0,0.0,0.0,0,0.0,0.0,0.0,0.0,0,0.0,0.0,0.0,0.0,0,0.0,0.0,0.0,0.0,0
1,monolithic_k8s_1svc,9,35.39158600324299,34.05586900044,1.335717002802994,602112,1,34.05586900044,0.06101400140323676,0.018440998246660456,0.0,602112,0.0,0.0,0.0,0.0,0,0.0,0.0,0.0,0.0,0,0.0,0.0,0.0,0.0,0,0.0,0.0,0.0,0.0,0
1,monolithic_k8s_1svc,10,35.621753999294015,33.847615999548,1.7741379997460172,602112,1,33.847615999548,0.06413400114979595,0.015541001630481333,0.0,602112,0.0,0.0,0.0,0.0,0,0.0,0.0,0.0,0.0,0,0.0,0.0,0.0,0.0,0,0.0,0.0,0.0,0.0,0
1,monolithic_k8s_1svc,11,37.35280200271518,35.59350599971367,1.7592960030015092,602112,1,35.59350599971367,0.06267400021897629,0.027122001483803615,0.0,602112,0.0,0.0,0.0,0.0,0,0.0,0.0,0.0,0.0,0,0.0,0.0,0.0,0.0,0,0.0,0.0,0.0,0.0,0
1,monolithic_k8s_1svc,12,36.11289000036777,34.451794999768026,1.6610950005997438,602112,1,34.451794999768026,0.05906400110688992,0.019000999600393698,0.0,602112,0.0,0.0,0.0,0.0,0,0.0,0.0,0.0,0.0,0,0.0,0.0,0.0,0.0,0,0.0,0.0,0.0,0.0,0
1,monolithic_k8s_1svc,13,35.24276299867779,33.521913002914516,1.720849995763274,602112,1,33.521913002914516,0.065893997089006,0.014470999303739518,0.0,602112,0.0,0.0,0.0,0.0,0,0.0,0.0,0.0,0.0,0,0.0,0.0,0.0,0.0,0,0.0,0.0,0.0,0.0,0
1,monolithic_k8s_1svc,14,34.749379999993835,33.383415000571404,1.365964999422431,602112,1,33.383415000571404,0.08265499855042435,0.012681000953307375,0.0,602112,0.0,0.0,0.0,0.0,0,0.0,0.0,0.0,0.0,0,0.0,0.0,0.0,0.0,0,0.0,0.0,0.0,0.0,0
1,monolithic_k8s_1svc,15,36.217716999090044,34.873672000685474,1.34404499840457,602112,1,34.873672000685474,0.06957499863347039,0.014160999853629619,0.0,602112,0.0,0.0,0.0,0.0,0,0.0,0.0,0.0,0.0,0,0.0,0.0,0.0,0.0,0,0.0,0.0,0.0,0.0,0
1,monolithic_k8s_1svc,16,35.256657996797,34.0501979990222,1.2064599977748003,602112,1,34.0501979990222,0.060723999922629446,0.015540997992502525,0.0,602112,0.0,0.0,0.0,0.0,0,0.0,0.0,0.0,0.0,0,0.0,0.0,0.0,0.0,0,0.0,0.0,0.0,0.0,0
1,monolithic_k8s_1svc,17,35.00763700139942,33.814272999734385,1.1933640016650315,602112,1,33.814272999734385,0.06062399916118011,0.01383099879603833,0.0,602112,0.0,0.0,0.0,0.0,0,0.0,0.0,0.0,0.0,0,0.0,0.0,0.0,0.0,0,0.0,0.0,0.0,0.0,0
1,monolithic_k8s_1svc,18,34.293635999347316,32.966336999379564,1.327298999967752,602112,1,32.966336999379564,0.05628399958368391,0.016090998542495072,0.0,602112,0.0,0.0,0.0,0.0,0,0.0,0.0,0.0,0.0,0,0.0,0.0,0.0,0.0,0,0.0,0.0,0.0,0.0,0
1,monolithic_k8s_1svc,19,34.45905499756918,33.15145300075528,1.3076019968139008,602112,1,33.15145300075528,0.06081399988033809,0.012680997315328568,0.0,602112,0.0,0.0,0.0,0.0,0,0.0,0.0,0.0,0.0,0,0.0,0.0,0.0,0.0,0,0.0,0.0,0.0,0.0,0
1,monolithic_k8s_1svc,20,34.59211000154028,33.36390299955383,1.2282070019864477,602112,1,33.36390299955383,0.060934002249268815,0.014330998965306208,0.0,602112,0.0,0.0,0.0,0.0,0,0.0,0.0,0.0,0.0,0,0.0,0.0,0.0,0.0,0,0.0,0.0,0.0,0.0,0
1,monolithic_k8s_1svc,21,35.031879000598565,33.811452998634195,1.2204260019643698,602112,1,33.811452998634195,0.05361399962566793,0.01692200021352619,0.0,602112,0.0,0.0,0.0,0.0,0,0.0,0.0,0.0,0.0,0,0.0,0.0,0.0,0.0,0,0.0,0.0,0.0,0.0,0
1,monolithic_k8s_1svc,22,34.40046099785832,33.149670001876075,1.2507909959822427,602112,1,33.149670001876075,0.06206399848451838,0.014930999896023422,0.0,602112,0.0,0.0,0.0,0.0,0,0.0,0.0,0.0,0.0,0,0.0,0.0,0.0,0.0,0,0.0,0.0,0.0,0.0,0
1,monolithic_k8s_1svc,23,33.841565000329865,32.58690599977854,1.254659000551328,602112,1,32.58690599977854,0.05807400157209486,0.012721000530291349,0.0,602112,0.0,0.0,0.0,0.0,0,0.0,0.0,0.0,0.0,0,0.0,0.0,0.0,0.0,0,0.0,0.0,0.0,0.0,0
1,monolithic_k8s_1svc,24,34.44077600215678,33.229363998543704,1.211412003613077,602112,1,33.229363998543704,0.05547399996430613,0.012560998584376648,0.0,602112,0.0,0.0,0.0,0.0,0,0.0,0.0,0.0,0.0,0,0.0,0.0,0.0,0.0,0,0.0,0.0,0.0,0.0,0
1,monolithic_k8s_1svc,25,33.59297900169622,32.4282920009864,1.1646870007098187,602112,1,32.4282920009864,0.0559940017410554,0.011721000191755593,0.0,602112,0.0,0.0,0.0,0.0,0,0.0,0.0,0.0,0.0,0,0.0,0.0,0.0,0.0,0,0.0,0.0,0.0,0.0,0
1,monolithic_k8s_1svc,26,34.92884600200341,33.68446899912669,1.2443770028767176,602112,1,33.68446899912669,0.057424000260652974,0.017231002857442945,0.0,602112,0.0,0.0,0.0,0.0,0,0.0,0.0,0.0,0.0,0,0.0,0.0,0.0,0.0,0,0.0,0.0,0.0,0.0,0
1,monolithic_k8s_1svc,27,34.44387499985169,33.12375799941947,1.3201170004322194,602112,1,33.12375799941947,0.06842500079073943,0.014280998584581539,0.0,602112,0.0,0.0,0.0,0.0,0,0.0,0.0,0.0,0.0,0,0.0,0.0,0.0,0.0,0,0.0,0.0,0.0,0.0,0
1,monolithic_k8s_1svc,28,34.3995619987254,33.2016520005709,1.1979099981545005,602112,1,33.2016520005709,0.05514399890671484,0.014830999134574085,0.0,602112,0.0,0.0,0.0,0.0,0,0.0,0.0,0.0,0.0,0,0.0,0.0,0.0,0.0,0,0.0,0.0,0.0,0.0,0
1,monolithic_k8s_1svc,29,33.93725099886069,32.81373600111692,1.1235149977437686,602112,1,32.81373600111692,0.06137399759609252,0.012250999134266749,0.0,602112,0.0,0.0,0.0,0.0,0,0.0,0.0,0.0,0.0,0,0.0,0.0,0.0,0.0,0,0.0,0.0,0.0,0.0,0
1,monolithic_k8s_1svc,30,33.66084899971611,32.57169100106694,1.0891579986491706,602112,1,32.57169100106694,0.06109400055720471,0.010530999134061858,0.0,602112,0.0,0.0,0.0,0.0,0,0.0,0.0,0.0,0.0,0,0.0,0.0,0.0,0.0,0,0.0,0.0,0.0,0.0,0
1,monolithic_k8s_1svc,31,33.74434400029713,32.660837001458276,1.0835069988388568,602112,1,32.660837001458276,0.0595540004724171,0.010719999409047887,0.0,602112,0.0,0.0,0.0,0.0,0,0.0,0.0,0.0,0.0,0,0.0,0.0,0.0,0.0,0,0.0,0.0,0.0,0.0,0
1,monolithic_k8s_1svc,32,33.28455300288624,32.162437000806676,1.122116002079565,602112,1,32.162437000806676,0.05960399721516296,0.00958099917625077,0.0,602112,0.0,0.0,0.0,0.0,0,0.0,0.0,0.0,0.0,0,0.0,0.0,0.0,0.0,0,0.0,0.0,0.0,0.0,0
1,monolithic_k8s_1svc,33,32.68925299926195,31.695384001068305,0.9938689981936477,602112,1,31.695384001068305,0.0535830004082527,0.009570998372510076,0.0,602112,0.0,0.0,0.0,0.0,0,0.0,0.0,0.0,0.0,0,0.0,0.0,0.0,0.0,0,0.0,0.0,0.0,0.0,0
1,monolithic_k8s_1svc,34,33.62942199964891,32.597812001768034,1.031609997880878,602112,1,32.597812001768034,0.05550399873754941,0.010280997230438516,0.0,602112,0.0,0.0,0.0,0.0,0,0.0,0.0,0.0,0.0,0,0.0,0.0,0.0,0.0,0,0.0,0.0,0.0,0.0,0
1,monolithic_k8s_1svc,35,33.63403999901493,32.55464899848448,1.0793910005304497,602112,1,32.55464899848448,0.05966400203760713,0.010200001270277426,0.0,602112,0.0,0.0,0.0,0.0,0,0.0,0.0,0.0,0.0,0,0.0,0.0,0.0,0.0,0,0.0,0.0,0.0,0.0,0
1,monolithic_k8s_1svc,36,34.899905000202125,33.45310900112963,1.4467959990724921,602112,1,33.45310900112963,0.05310399865265936,0.014470999303739518,0.0,602112,0.0,0.0,0.0,0.0,0,0.0,0.0,0.0,0.0,0,0.0,0.0,0.0,0.0,0,0.0,0.0,0.0,0.0,0
1,monolithic_k8s_1svc,37,33.87583799849381,32.76881399870035,1.107023999793455,602112,1,32.76881399870035,0.058154000726062804,0.012461001460906118,0.0,602112,0.0,0.0,0.0,0.0,0,0.0,0.0,0.0,0.0,0,0.0,0.0,0.0,0.0,0,0.0,0.0,0.0,0.0,0
1,monolithic_k8s_1svc,38,33.60368799985736,32.51937800087035,1.0843099989870097,602112,1,32.51937800087035,0.05988400153000839,0.01118999716709368,0.0,602112,0.0,0.0,0.0,0.0,0,0.0,0.0,0.0,0.0,0,0.0,0.0,0.0,0.0,0,0.0,0.0,0.0,0.0,0
1,monolithic_k8s_1svc,39,35.392499001318356,34.074586001224816,1.3179130000935402,602112,1,34.074586001224816,0.05515299926628359,0.014031000318937004,0.0,602112,0.0,0.0,0.0,0.0,0,0.0,0.0,0.0,0.0,0,0.0,0.0,0.0,0.0,0,0.0,0.0,0.0,0.0,0
1,monolithic_k8s_1svc,40,36.3274299998011,35.13526000097045,1.19216999883065,602112,1,35.13526000097045,0.057993998780148104,0.01468099799240008,0.0,602112,0.0,0.0,0.0,0.0,0,0.0,0.0,0.0,0.0,0,0.0,0.0,0.0,0.0,0,0.0,0.0,0.0,0.0,0
1,monolithic_k8s_1svc,41,35.99808299986762,34.77449699857971,1.223586001287913,602112,1,34.77449699857971,0.06331400072667748,0.018130998796550557,0.0,602112,0.0,0.0,0.0,0.0,0,0.0,0.0,0.0,0.0,0,0.0,0.0,0.0,0.0,0,0.0,0.0,0.0,0.0,0
1,monolithic_k8s_1svc,42,35.484103002090706,34.160024999437155,1.3240780026535504,602112,1,34.160024999437155,0.06773499990231358,0.01227100074174814,0.0,602112,0.0,0.0,0.0,0.0,0,0.0,0.0,0.0,0.0,0,0.0,0.0,0.0,0.0,0,0.0,0.0,0.0,0.0,0
1,monolithic_k8s_1svc,43,34.90502999920864,33.64246199998888,1.2625679992197547,602112,1,33.64246199998888,0.07687499964958988,0.014790999557590112,0.0,602112,0.0,0.0,0.0,0.0,0,0.0,0.0,0.0,0.0,0,0.0,0.0,0.0,0.0,0,0.0,0.0,0.0,0.0,0
1,monolithic_k8s_1svc,44,35.801994999928866,34.19898500214913,1.6030099977797363,602112,1,34.19898500214913,0.05597400013357401,0.024131000827765092,0.0,602112,0.0,0.0,0.0,0.0,0,0.0,0.0,0.0,0.0,0,0.0,0.0,0.0,0.0,0,0.0,0.0,0.0,0.0,0
1,monolithic_k8s_1svc,45,35.48808299819939,34.236670999234775,1.2514119989646133,602112,1,34.236670999234775,0.05543400038732216,0.0154310000652913,0.0,602112,0.0,0.0,0.0,0.0,0,0.0,0.0,0.0,0.0,0,0.0,0.0,0.0,0.0,0,0.0,0.0,0.0,0.0,0
1,monolithic_k8s_1svc,46,34.05769900200539,32.8115219999745,1.2461770020308904,602112,1,32.8115219999745,0.05646400313708,0.013020999176660553,0.0,602112,0.0,0.0,0.0,0.0,0,0.0,0.0,0.0,0.0,0,0.0,0.0,0.0,0.0,0,0.0,0.0,0.0,0.0,0
1,monolithic_k8s_1svc,47,34.22380600022734,32.998720002069604,1.2250859981577378,602112,1,32.998720002069604,0.05406299897003919,0.019220999092794955,0.0,602112,0.0,0.0,0.0,0.0,0,0.0,0.0,0.0,0.0,0,0.0,0.0,0.0,0.0,0,0.0,0.0,0.0,0.0,0
1,monolithic_k8s_1svc,48,35.857013001077576,34.54350199899636,1.3135110020812135,602112,1,34.54350199899636,0.08513500142726116,0.016791000234661624,0.0,602112,0.0,0.0,0.0,0.0,0,0.0,0.0,0.0,0.0,0,0.0,0.0,0.0,0.0,0,0.0,0.0,0.0,0.0,0
1,monolithic_k8s_1svc,49,34.4301639997866,33.10806599984062,1.3220979999459814,602112,1,33.10806599984062,0.069014000473544,0.014361001376528293,0.0,602112,0.0,0.0,0.0,0.0,0,0.0,0.0,0.0,0.0,0,0.0,0.0,0.0,0.0,0,0.0,0.0,0.0,0.0,0
1,monolithic_k8s_1svc,50,34.646764001081465,33.42220400008955,1.2245600009919144,602112,1,33.42220400008955,0.06972399933147244,0.014670997188659385,0.0,602112,0.0,0.0,0.0,0.0,0,0.0,0.0,0.0,0.0,0,0.0,0.0,0.0,0.0,0,0.0,0.0,0.0,0.0,0
1,monolithic_k8s_1svc,51,34.55204700003378,33.28163799960748,1.270409000426298,602112,1,33.28163799960748,0.05580400102189742,0.016240999684669077,0.0,602112,0.0,0.0,0.0,0.0,0,0.0,0.0,0.0,0.0,0,0.0,0.0,0.0,0.0,0,0.0,0.0,0.0,0.0,0
1,monolithic_k8s_1svc,52,35.1487600019027,33.753373001673026,1.3953870002296753,602112,1,33.753373001673026,0.05876399882254191,0.013169999874662608,0.0,602112,0.0,0.0,0.0,0.0,0,0.0,0.0,0.0,0.0,0,0.0,0.0,0.0,0.0,0,0.0,0.0,0.0,0.0,0
1,monolithic_k8s_1svc,53,34.969694999745116,33.8314900000114,1.1382049997337162,602112,1,33.8314900000114,0.06366399975377135,0.014481000107480213,0.0,602112,0.0,0.0,0.0,0.0,0,0.0,0.0,0.0,0.0,0,0.0,0.0,0.0,0.0,0,0.0,0.0,0.0,0.0,0
1,monolithic_k8s_1svc,54,34.7527749981964,33.58637899873429,1.166395999462111,602112,1,33.58637899873429,0.05107300239615142,0.014891000319039449,0.0,602112,0.0,0.0,0.0,0.0,0,0.0,0.0,0.0,0.0,0,0.0,0.0,0.0,0.0,0,0.0,0.0,0.0,0.0,0
1,monolithic_k8s_1svc,55,42.76421499889693,41.53701799805276,1.2271970008441713,602112,1,41.53701799805276,0.053924002713756636,0.015531000826740637,0.0,602112,0.0,0.0,0.0,0.0,0,0.0,0.0,0.0,0.0,0,0.0,0.0,0.0,0.0,0,0.0,0.0,0.0,0.0,0
1,monolithic_k8s_1svc,56,34.24684600031469,33.01050899972324,1.2363370005914476,602112,1,33.01050899972324,0.058363999414723366,0.015721001545898616,0.0,602112,0.0,0.0,0.0,0.0,0,0.0,0.0,0.0,0.0,0,0.0,0.0,0.0,0.0,0,0.0,0.0,0.0,0.0,0
1,monolithic_k8s_1svc,57,34.9004950003291,33.640817000559764,1.2596779997693375,602112,1,33.640817000559764,0.06323399793473072,0.0159010014613159,0.0,602112,0.0,0.0,0.0,0.0,0,0.0,0.0,0.0,0.0,0,0.0,0.0,0.0,0.0,0,0.0,0.0,0.0,0.0,0
1,monolithic_k8s_1svc,58,35.02754399960395,33.640197001659544,1.3873469979444053,602112,1,33.640197001659544,0.06434399983845651,0.017520997062092647,0.0,602112,0.0,0.0,0.0,0.0,0,0.0,0.0,0.0,0.0,0,0.0,0.0,0.0,0.0,0,0.0,0.0,0.0,0.0,0
1,monolithic_k8s_1svc,59,34.14814999996452,32.93087899874081,1.2172710012237076,602112,1,32.93087899874081,0.06226400000741705,0.013480999768944457,0.0,602112,0.0,0.0,0.0,0.0,0,0.0,0.0,0.0,0.0,0,0.0,0.0,0.0,0.0,0,0.0,0.0,0.0,0.0,0
1,monolithic_k8s_1svc,60,34.21257499940111,33.005810000759084,1.2067649986420292,602112,1,33.005810000759084,0.056193999625975266,0.012730997696053237,0.0,602112,0.0,0.0,0.0,0.0,0,0.0,0.0,0.0,0.0,0,0.0,0.0,0.0,0.0,0,0.0,0.0,0.0,0.0,0
1,monolithic_k8s_1svc,61,34.92451700003585,33.39115099879564,1.5333660012402106,602112,1,33.39115099879564,0.05422400136012584,0.014401000953512266,0.0,602112,0.0,0.0,0.0,0.0,0,0.0,0.0,0.0,0.0,0,0.0,0.0,0.0,0.0,0,0.0,0.0,0.0,0.0,0
1,monolithic_k8s_1svc,62,34.89214900037041,33.62725099941599,1.2648980009544175,602112,1,33.62725099941599,0.05465299909701571,0.016251000488409773,0.0,602112,0.0,0.0,0.0,0.0,0,0.0,0.0,0.0,0.0,0,0.0,0.0,0.0,0.0,0,0.0,0.0,0.0,0.0,0
1,monolithic_k8s_1svc,63,33.6145450019103,32.40291499969317,1.2116300022171345,602112,1,32.40291499969317,0.0643639978079591,0.012631000572582707,0.0,602112,0.0,0.0,0.0,0.0,0,0.0,0.0,0.0,0.0,0,0.0,0.0,0.0,0.0,0,0.0,0.0,0.0,0.0,0
1,monolithic_k8s_1svc,64,34.002296000835486,32.70939600042766,1.2929000004078262,602112,1,32.70939600042766,0.05133299782755785,0.013741002476308495,0.0,602112,0.0,0.0,0.0,0.0,0,0.0,0.0,0.0,0.0,0,0.0,0.0,0.0,0.0,0,0.0,0.0,0.0,0.0,0
1,monolithic_k8s_1svc,65,33.26918300081161,32.02398600114975,1.2451969996618573,602112,1,32.02398600114975,0.08362500011571683,0.012560998584376648,0.0,602112,0.0,0.0,0.0,0.0,0,0.0,0.0,0.0,0.0,0,0.0,0.0,0.0,0.0,0,0.0,0.0,0.0,0.0,0
1,monolithic_k8s_1svc,66,33.40146099799313,32.20147100000759,1.19998999798554,602112,1,32.20147100000759,0.05325299935066141,0.012841002899222076,0.0,602112,0.0,0.0,0.0,0.0,0,0.0,0.0,0.0,0.0,0,0.0,0.0,0.0,0.0,0,0.0,0.0,0.0,0.0,0
1,monolithic_k8s_1svc,67,33.756345001165755,32.530832999327686,1.2255120018380694,602112,1,32.530832999327686,0.05715400038752705,0.012331001926213503,0.0,602112,0.0,0.0,0.0,0.0,0,0.0,0.0,0.0,0.0,0,0.0,0.0,0.0,0.0,0,0.0,0.0,0.0,0.0,0
1,monolithic_k8s_1svc,68,36.002533001010306,34.571674001199426,1.43085899981088,602112,1,34.571674001199426,0.05207299909670837,0.0195419997908175,0.0,602112,0.0,0.0,0.0,0.0,0,0.0,0.0,0.0,0.0,0,0.0,0.0,0.0,0.0,0,0.0,0.0,0.0,0.0,0
1,monolithic_k8s_1svc,69,34.772725997754605,33.56409600019106,1.2086299975635484,602112,1,33.56409600019106,0.0651340014883317,0.0149609986692667,0.0,602112,0.0,0.0,0.0,0.0,0,0.0,0.0,0.0,0.0,0,0.0,0.0,0.0,0.0,0,0.0,0.0,0.0,0.0,0
1,monolithic_k8s_1svc,70,34.329038000578294,33.12648800056195,1.2025500000163447,602112,1,33.12648800056195,0.051733000873355195,0.013410997780738398,0.0,602112,0.0,0.0,0.0,0.0,0,0.0,0.0,0.0,0.0,0,0.0,0.0,0.0,0.0,0,0.0,0.0,0.0,0.0,0
1,monolithic_k8s_1svc,71,34.5012690013391,33.36568000304396,1.135588998295134,602112,1,33.36568000304396,0.05290299668558873,0.011509997420944273,0.0,602112,0.0,0.0,0.0,0.0,0,0.0,0.0,0.0,0.0,0,0.0,0.0,0.0,0.0,0,0.0,0.0,0.0,0.0,0
1,monolithic_k8s_1svc,72,34.46092100057285,33.31764399990789,1.1432770006649662,602112,1,33.31764399990789,0.05384399992180988,0.014361001376528293,0.0,602112,0.0,0.0,0.0,0.0,0,0.0,0.0,0.0,0.0,0,0.0,0.0,0.0,0.0,0,0.0,0.0,0.0,0.0,0
1,monolithic_k8s_1svc,73,33.122401997388806,31.99743799996213,1.1249639974266756,602112,1,31.99743799996213,0.07272500079125166,0.00944099883781746,0.0,602112,0.0,0.0,0.0,0.0,0,0.0,0.0,0.0,0.0,0,0.0,0.0,0.0,0.0,0,0.0,0.0,0.0,0.0,0
1,monolithic_k8s_1svc,74,33.5803579982894,32.52031300144154,1.0600449968478642,602112,1,32.52031300144154,0.05146299736225046,0.011299998732283711,0.0,602112,0.0,0.0,0.0,0.0,0,0.0,0.0,0.0,0.0,0,0.0,0.0,0.0,0.0,0,0.0,0.0,0.0,0.0,0
1,monolithic_k8s_1svc,75,33.598337999137584,32.520632001251215,1.077705997886369,602112,1,32.520632001251215,0.07162499969126657,0.0092999980552122,0.0,602112,0.0,0.0,0.0,0.0,0,0.0,0.0,0.0,0.0,0,0.0,0.0,0.0,0.0,0,0.0,0.0,0.0,0.0,0
1,monolithic_k8s_1svc,76,33.64244800104643,32.618024000839796,1.0244240002066363,602112,1,32.618024000839796,0.05391400191001594,0.009200997737934813,0.0,602112,0.0,0.0,0.0,0.0,0,0.0,0.0,0.0,0.0,0,0.0,0.0,0.0,0.0,0,0.0,0.0,0.0,0.0,0
1,monolithic_k8s_1svc,77,32.910948000790086,31.821442000364186,1.0895060004258994,602112,1,31.821442000364186,0.05718299871659838,0.010821000614669174,0.0,602112,0.0,0.0,0.0,0.0,0,0.0,0.0,0.0,0.0,0,0.0,0.0,0.0,0.0,0,0.0,0.0,0.0,0.0,0
1,monolithic_k8s_1svc,78,35.19496399894706,34.189401998446556,1.005562000500504,602112,1,34.189401998446556,0.05150300057721324,0.01066100230673328,0.0,602112,0.0,0.0,0.0,0.0,0,0.0,0.0,0.0,0.0,0,0.0,0.0,0.0,0.0,0,0.0,0.0,0.0,0.0,0
1,monolithic_k8s_1svc,79,33.82324400081416,32.769019999250304,1.0542240015638527,602112,1,32.769019999250304,0.054183001338969916,0.012500997399911284,0.0,602112,0.0,0.0,0.0,0.0,0,0.0,0.0,0.0,0.0,0,0.0,0.0,0.0,0.0,0,0.0,0.0,0.0,0.0,0
1,monolithic_k8s_1svc,80,33.3239860010508,32.16211499966448,1.1618710013863165,602112,1,32.16211499966448,0.053933999879518524,0.013889999536331743,0.0,602112,0.0,0.0,0.0,0.0,0,0.0,0.0,0.0,0.0,0,0.0,0.0,0.0,0.0,0,0.0,0.0,0.0,0.0,0
1,monolithic_k8s_1svc,81,33.514787999592954,32.3469400027534,1.167847996839555,602112,1,32.3469400027534,0.0639749996480532,0.01173099735751748,0.0,602112,0.0,0.0,0.0,0.0,0,0.0,0.0,0.0,0.0,0,0.0,0.0,0.0,0.0,0,0.0,0.0,0.0,0.0,0
1,monolithic_k8s_1svc,82,33.565936999366386,32.500476998393424,1.065460000972962,602112,1,32.500476998393424,0.052133000281173736,0.01024100129143335,0.0,602112,0.0,0.0,0.0,0.0,0,0.0,0.0,0.0,0.0,0,0.0,0.0,0.0,0.0,0,0.0,0.0,0.0,0.0,0
1,monolithic_k8s_1svc,83,33.52565399836749,32.244784000795335,1.2808699975721538,602112,1,32.244784000795335,0.0566140006412752,0.010831001418409869,0.0,602112,0.0,0.0,0.0,0.0,0,0.0,0.0,0.0,0.0,0,0.0,0.0,0.0,0.0,0,0.0,0.0,0.0,0.0,0
1,monolithic_k8s_1svc,84,34.14844099825132,32.88543199960259,1.2630089986487292,602112,1,32.88543199960259,0.05256300210021436,0.04424199869390577,0.0,602112,0.0,0.0,0.0,0.0,0,0.0,0.0,0.0,0.0,0,0.0,0.0,0.0,0.0,0,0.0,0.0,0.0,0.0,0
1,monolithic_k8s_1svc,85,35.3206930012675,33.99926500060246,1.321428000665037,602112,1,33.99926500060246,0.0718039991625119,0.00975099828792736,0.0,602112,0.0,0.0,0.0,0.0,0,0.0,0.0,0.0,0.0,0,0.0,0.0,0.0,0.0,0,0.0,0.0,0.0,0.0,0
1,monolithic_k8s_1svc,86,32.925818999501644,31.870484999672044,1.0553339998295996,602112,1,31.870484999672044,0.054634001571685076,0.009561001206748188,0.0,602112,0.0,0.0,0.0,0.0,0,0.0,0.0,0.0,0.0,0,0.0,0.0,0.0,0.0,0,0.0,0.0,0.0,0.0,0
1,monolithic_k8s_1svc,87,32.77181399971596,31.710724000731716,1.0610899989842437,602112,1,31.710724000731716,0.050462997023714706,0.009211002179654315,0.0,602112,0.0,0.0,0.0,0.0,0,0.0,0.0,0.0,0.0,0,0.0,0.0,0.0,0.0,0,0.0,0.0,0.0,0.0,0
1,monolithic_k8s_1svc,88,32.44916400217335,31.53033199851052,0.9188320036628284,602112,1,31.53033199851052,0.04943300154991448,0.009521001629764214,0.0,602112,0.0,0.0,0.0,0.0,0,0.0,0.0,0.0,0.0,0,0.0,0.0,0.0,0.0,0,0.0,0.0,0.0,0.0,0
1,monolithic_k8s_1svc,89,33.26347199981683,32.2931829978188,0.9702890019980259,602112,1,32.2931829978188,0.047393001295858994,0.009499999578110874,0.0,602112,0.0,0.0,0.0,0.0,0,0.0,0.0,0.0,0.0,0,0.0,0.0,0.0,0.0,0,0.0,0.0,0.0,0.0,0
1,monolithic_k8s_1svc,90,33.12622200246551,32.05670600073063,1.0695160017348826,602112,1,32.05670600073063,0.04977400021743961,0.009020997822517529,0.0,602112,0.0,0.0,0.0,0.0,0,0.0,0.0,0.0,0.0,0,0.0,0.0,0.0,0.0,0,0.0,0.0,0.0,0.0,0
1,monolithic_k8s_1svc,91,33.15775900045992,32.17098400273244,0.9867749977274798,602112,1,32.17098400273244,0.051103997975587845,0.009710998710943386,0.0,602112,0.0,0.0,0.0,0.0,0,0.0,0.0,0.0,0.0,0,0.0,0.0,0.0,0.0,0,0.0,0.0,0.0,0.0,0
1,monolithic_k8s_1svc,92,33.06205499757198,32.073088998004096,0.9889659995678812,602112,1,32.073088998004096,0.058714002079796046,0.008761002391111106,0.0,602112,0.0,0.0,0.0,0.0,0,0.0,0.0,0.0,0.0,0,0.0,0.0,0.0,0.0,0,0.0,0.0,0.0,0.0,0
1,monolithic_k8s_1svc,93,33.13161799815134,32.1275610003795,1.0040569977718405,602112,1,32.1275610003795,0.05639400114887394,0.008900999091565609,0.0,602112,0.0,0.0,0.0,0.0,0,0.0,0.0,0.0,0.0,0,0.0,0.0,0.0,0.0,0,0.0,0.0,0.0,0.0,0
1,monolithic_k8s_1svc,94,32.972887998766964,31.938239000737667,1.0346489980292972,602112,1,31.938239000737667,0.048833000619197264,0.009690000297268853,0.0,602112,0.0,0.0,0.0,0.0,0,0.0,0.0,0.0,0.0,0,0.0,0.0,0.0,0.0,0,0.0,0.0,0.0,0.0,0
1,monolithic_k8s_1svc,95,33.021551000274485,32.04002100028447,0.9815299999900162,602112,1,32.04002100028447,0.057874000049196184,0.00958099917625077,0.0,602112,0.0,0.0,0.0,0.0,0,0.0,0.0,0.0,0.0,0,0.0,0.0,0.0,0.0,0,0.0,0.0,0.0,0.0,0
1,monolithic_k8s_1svc,96,32.80511200136971,31.864215001405682,0.9408969999640249,602112,1,31.864215001405682,0.04930299837724306,0.008200000593205914,0.0,602112,0.0,0.0,0.0,0.0,0,0.0,0.0,0.0,0.0,0,0.0,0.0,0.0,0.0,0,0.0,0.0,0.0,0.0,0
1,monolithic_k8s_1svc,97,32.6877030020114,31.743545998324407,0.9441570036869962,602112,1,31.743545998324407,0.04920300125377253,0.007930000720079988,0.0,602112,0.0,0.0,0.0,0.0,0,0.0,0.0,0.0,0.0,0,0.0,0.0,0.0,0.0,0,0.0,0.0,0.0,0.0,0
1,monolithic_k8s_1svc,98,33.67713899933733,32.63560900086304,1.0415299984742887,602112,1,32.63560900086304,0.0656849988445174,0.008950999472290277,0.0,602112,0.0,0.0,0.0,0.0,0,0.0,0.0,0.0,0.0,0,0.0,0.0,0.0,0.0,0,0.0,0.0,0.0,0.0,0
1,monolithic_k8s_1svc,99,35.807759002636885,31.977451999409823,3.8303070032270625,602112,1,31.977451999409823,0.05177400089451112,0.010750001820269972,0.0,602112,0.0,0.0,0.0,0.0,0,0.0,0.0,0.0,0.0,0,0.0,0.0,0.0,0.0,0,0.0,0.0,0.0,0.0,0
1,monolithic_k8s_1svc,100,32.56578500077012,31.584039999870583,0.9817450008995365,602112,1,31.584039999870583,0.05111399877932854,0.009860999853117391,0.0,602112,0.0,0.0,0.0,0.0,0,0.0,0.0,0.0,0.0,0,0.0,0.0,0.0,0.0,0,0.0,0.0,0.0,0.0,0
1,monolithic_k8s_1svc,101,32.691133998014266,31.69522800089908,0.9959059971151873,602112,1,31.69522800089908,0.04840299880015664,0.009701001545181498,0.0,602112,0.0,0.0,0.0,0.0,0,0.0,0.0,0.0,0.0,0,0.0,0.0,0.0,0.0,0,0.0,0.0,0.0,0.0,0
1,monolithic_k8s_1svc,102,32.82281299834722,31.79459999955725,1.028212998789968,602112,1,31.79459999955725,0.06576500163646415,0.009190000128000975,0.0,602112,0.0,0.0,0.0,0.0,0,0.0,0.0,0.0,0.0,0,0.0,0.0,0.0,0.0,0,0.0,0.0,0.0,0.0,0
1,monolithic_k8s_1svc,103,33.31832900221343,32.113101002323674,1.2052279998897575,602112,1,32.113101002323674,0.054894000641070306,0.008860999514581636,0.0,602112,0.0,0.0,0.0,0.0,0,0.0,0.0,0.0,0.0,0,0.0,0.0,0.0,0.0,0,0.0,0.0,0.0,0.0,0
1,monolithic_k8s_1svc,104,33.2479950011475,32.230918997811386,1.0170760033361148,602112,1,32.230918997811386,0.05293299909681082,0.008961000276030973,0.0,602112,0.0,0.0,0.0,0.0,0,0.0,0.0,0.0,0.0,0,0.0,0.0,0.0,0.0,0,0.0,0.0,0.0,0.0,0
1,monolithic_k8s_1svc,105,33.037416000297526,31.956546001310926,1.0808699989866,602112,1,31.956546001310926,0.05206299829296768,0.009511000826023519,0.0,602112,0.0,0.0,0.0,0.0,0,0.0,0.0,0.0,0.0,0,0.0,0.0,0.0,0.0,0,0.0,0.0,0.0,0.0,0
1,monolithic_k8s_1svc,106,34.41767299955245,33.27892200104543,1.138750998507021,602112,1,33.27892200104543,0.050693000957835466,0.010510997526580468,0.0,602112,0.0,0.0,0.0,0.0,0,0.0,0.0,0.0,0.0,0,0.0,0.0,0.0,0.0,0,0.0,0.0,0.0,0.0,0
1,monolithic_k8s_1svc,107,35.618481000710744,34.49432699926547,1.1241540014452767,602112,1,34.49432699926547,0.05937400055699982,0.011741001799236983,0.0,602112,0.0,0.0,0.0,0.0,0,0.0,0.0,0.0,0.0,0,0.0,0.0,0.0,0.0,0,0.0,0.0,0.0,0.0,0
1,monolithic_k8s_1svc,108,33.17262600103277,31.974396002624417,1.198229998408351,602112,1,31.974396002624417,0.06340399704640731,0.010141000529984012,0.0,602112,0.0,0.0,0.0,0.0,0,0.0,0.0,0.0,0.0,0,0.0,0.0,0.0,0.0,0,0.0,0.0,0.0,0.0,0
1,monolithic_k8s_1svc,109,34.141049000027124,33.07588499956182,1.0651640004653018,602112,1,33.07588499956182,0.05974399755359627,0.01097100175684318,0.0,602112,0.0,0.0,0.0,0.0,0,0.0,0.0,0.0,0.0,0,0.0,0.0,0.0,0.0,0,0.0,0.0,0.0,0.0,0
1,monolithic_k8s_1svc,110,33.52547800022876,32.47493799790391,1.0505400023248512,602112,1,32.47493799790391,0.05284400322125293,0.01038100162986666,0.0,602112,0.0,0.0,0.0,0.0,0,0.0,0.0,0.0,0.0,0,0.0,0.0,0.0,0.0,0,0.0,0.0,0.0,0.0,0
1,monolithic_k8s_1svc,111,34.424602999933995,33.37734500018996,1.0472579997440334,602112,1,33.37734500018996,0.05174299803911708,0.014821001968812197,0.0,602112,0.0,0.0,0.0,0.0,0,0.0,0.0,0.0,0.0,0,0.0,0.0,0.0,0.0,0,0.0,0.0,0.0,0.0,0
1,monolithic_k8s_1svc,112,33.01807999741868,31.940082997607533,1.0779969998111483,602112,1,31.940082997607533,0.055674001487204805,0.010151001333724707,0.0,602112,0.0,0.0,0.0,0.0,0,0.0,0.0,0.0,0.0,0,0.0,0.0,0.0,0.0,0,0.0,0.0,0.0,0.0,0
1,monolithic_k8s_1svc,113,33.64210699874093,32.501655998203205,1.1404510005377233,602112,1,32.501655998203205,0.05155400140210986,0.009940999007085338,0.0,602112,0.0,0.0,0.0,0.0,0,0.0,0.0,0.0,0.0,0,0.0,0.0,0.0,0.0,0,0.0,0.0,0.0,0.0,0
1,monolithic_k8s_1svc,114,32.88587699717027,31.79639500012854,1.0894819970417302,602112,1,31.79639500012854,0.0794160005170852,0.009979998139897361,0.0,602112,0.0,0.0,0.0,0.0,0,0.0,0.0,0.0,0.0,0,0.0,0.0,0.0,0.0,0,0.0,0.0,0.0,0.0,0
1,monolithic_k8s_1svc,115,34.02410199851147,32.982712000375614,1.0413899981358554,602112,1,32.982712000375614,0.048432997573399916,0.01050100036081858,0.0,602112,0.0,0.0,0.0,0.0,0,0.0,0.0,0.0,0.0,0,0.0,0.0,0.0,0.0,0,0.0,0.0,0.0,0.0,0
1,monolithic_k8s_1svc,116,33.53801900084363,32.514902002731105,1.0231169981125277,602112,1,32.514902002731105,0.04979299774277024,0.009129998943535611,0.0,602112,0.0,0.0,0.0,0.0,0,0.0,0.0,0.0,0.0,0,0.0,0.0,0.0,0.0,0,0.0,0.0,0.0,0.0,0
1,monolithic_k8s_1svc,117,35.382821999519365,34.33254799892893,1.0502740005904343,602112,1,34.33254799892893,0.0481630013382528,0.0107810010376852,0.0,602112,0.0,0.0,0.0,0.0,0,0.0,0.0,0.0,0.0,0,0.0,0.0,0.0,0.0,0,0.0,0.0,0.0,0.0,0
1,monolithic_k8s_1svc,118,33.0350760013971,32.02338000119198,1.01169600020512,602112,1,32.02338000119198,0.05224300184636377,0.009309998858952895,0.0,602112,0.0,0.0,0.0,0.0,0,0.0,0.0,0.0,0.0,0,0.0,0.0,0.0,0.0,0,0.0,0.0,0.0,0.0,0
1,monolithic_k8s_1svc,119,33.352417001879076,32.31824400063488,1.0341730012441985,602112,1,32.31824400063488,0.06825499804108404,0.011029998859157786,0.0,602112,0.0,0.0,0.0,0.0,0,0.0,0.0,0.0,0.0,0,0.0,0.0,0.0,0.0,0,0.0,0.0,0.0,0.0,0
1,monolithic_k8s_1svc,120,33.51381800166564,32.40037499926984,1.1134430023957975,602112,1,32.40037499926984,0.052203002269379795,0.01147099828813225,0.0,602112,0.0,0.0,0.0,0.0,0,0.0,0.0,0.0,0.0,0,0.0,0.0,0.0,0.0,0,0.0,0.0,0.0,0.0,0
1,monolithic_k8s_1svc,121,33.425647001422476,32.30099800202879,1.1246489993936848,602112,1,32.30099800202879,0.05323299774318002,0.00991100023384206,0.0,602112,0.0,0.0,0.0,0.0,0,0.0,0.0,0.0,0.0,0,0.0,0.0,0.0,0.0,0,0.0,0.0,0.0,0.0,0
1,monolithic_k8s_1svc,122,33.59242899750825,32.380202999775065,1.212225997733185,602112,1,32.380202999775065,0.0562940003874246,0.01119099761126563,0.0,602112,0.0,0.0,0.0,0.0,0,0.0,0.0,0.0,0.0,0,0.0,0.0,0.0,0.0,0,0.0,0.0,0.0,0.0,0
1,monolithic_k8s_1svc,123,33.79587100062054,32.61554799973965,1.1803230008808896,602112,1,32.61554799973965,0.05251299808151089,0.016582001990173012,0.0,602112,0.0,0.0,0.0,0.0,0,0.0,0.0,0.0,0.0,0,0.0,0.0,0.0,0.0,0,0.0,0.0,0.0,0.0,0
1,monolithic_k8s_1svc,124,34.98987000057241,33.80589299922576,1.1839770013466477,602112,1,33.80589299922576,0.0580930027354043,0.011980999261140823,0.0,602112,0.0,0.0,0.0,0.0,0,0.0,0.0,0.0,0.0,0,0.0,0.0,0.0,0.0,0,0.0,0.0,0.0,0.0,0
1,monolithic_k8s_1svc,125,34.431798001605785,33.324994998110924,1.1068030034948606,602112,1,33.324994998110924,0.05301400233292952,0.018820999684976414,0.0,602112,0.0,0.0,0.0,0.0,0,0.0,0.0,0.0,0.0,0,0.0,0.0,0.0,0.0,0,0.0,0.0,0.0,0.0,0
1,monolithic_k8s_1svc,126,34.00494000015897,32.83679900050629,1.1681409996526781,602112,1,32.83679900050629,0.08572499791625887,0.01194099968415685,0.0,602112,0.0,0.0,0.0,0.0,0,0.0,0.0,0.0,0.0,0,0.0,0.0,0.0,0.0,0,0.0,0.0,0.0,0.0,0
1,monolithic_k8s_1svc,127,35.117753999657,33.828352999989875,1.289400999667123,602112,1,33.828352999989875,0.05975399835733697,0.011721000191755593,0.0,602112,0.0,0.0,0.0,0.0,0,0.0,0.0,0.0,0.0,0,0.0,0.0,0.0,0.0,0,0.0,0.0,0.0,0.0,0
1,monolithic_k8s_1svc,128,33.63476599770365,32.36431199911749,1.270453998586163,602112,1,32.36431199911749,0.09381600102642551,0.01194099968415685,0.0,602112,0.0,0.0,0.0,0.0,0,0.0,0.0,0.0,0.0,0,0.0,0.0,0.0,0.0,0,0.0,0.0,0.0,0.0,0
1,monolithic_k8s_1svc,129,34.91306100113434,33.694699999614386,1.218361001519952,602112,1,33.694699999614386,0.06123400089563802,0.012290998711250722,0.0,602112,0.0,0.0,0.0,0.0,0,0.0,0.0,0.0,0.0,0,0.0,0.0,0.0,0.0,0,0.0,0.0,0.0,0.0,0
1,monolithic_k8s_1svc,130,33.276062000368256,32.14057700097328,1.1354849993949756,602112,1,32.14057700097328,0.062024999351706356,0.010089999705087394,0.0,602112,0.0,0.0,0.0,0.0,0,0.0,0.0,0.0,0.0,0,0.0,0.0,0.0,0.0,0,0.0,0.0,0.0,0.0,0
1,monolithic_k8s_1svc,131,34.778541998093715,33.64580199922784,1.1327399988658726,602112,1,33.64580199922784,0.05238300218479708,0.011830998118966818,0.0,602112,0.0,0.0,0.0,0.0,0,0.0,0.0,0.0,0.0,0,0.0,0.0,0.0,0.0,0,0.0,0.0,0.0,0.0,0
1,monolithic_k8s_1svc,132,34.516907999204705,33.305730001302436,1.2111779979022685,602112,1,33.305730001302436,0.055132997658802196,0.01016999885905534,0.0,602112,0.0,0.0,0.0,0.0,0,0.0,0.0,0.0,0.0,0,0.0,0.0,0.0,0.0,0,0.0,0.0,0.0,0.0,0
1,monolithic_k8s_1svc,133,34.52152399768238,33.400817002984695,1.1207069946976844,602112,1,33.400817002984695,0.04875299782725051,0.010569998266873881,0.0,602112,0.0,0.0,0.0,0.0,0,0.0,0.0,0.0,0.0,0,0.0,0.0,0.0,0.0,0,0.0,0.0,0.0,0.0,0
1,monolithic_k8s_1svc,134,34.81975799877546,33.647391999693355,1.1723659990821034,602112,1,33.647391999693355,0.050014001317322254,0.011479998647700995,0.0,602112,0.0,0.0,0.0,0.0,0,0.0,0.0,0.0,0.0,0,0.0,0.0,0.0,0.0,0,0.0,0.0,0.0,0.0,0
1,monolithic_k8s_1svc,135,34.540535998530686,33.373433998349356,1.1671020001813304,602112,1,33.373433998349356,0.05116399916005321,0.010579999070614576,0.0,602112,0.0,0.0,0.0,0.0,0,0.0,0.0,0.0,0.0,0,0.0,0.0,0.0,0.0,0,0.0,0.0,0.0,0.0,0
1,monolithic_k8s_1svc,136,33.463343999756034,32.26318499946501,1.2001590002910234,602112,1,32.26318499946501,0.06010400102240965,0.011411000741645694,0.0,602112,0.0,0.0,0.0,0.0,0,0.0,0.0,0.0,0.0,0,0.0,0.0,0.0,0.0,0,0.0,0.0,0.0,0.0,0
1,monolithic_k8s_1svc,137,33.54037499957485,32.50174099957803,1.0386339999968186,602112,1,32.50174099957803,0.051213002734584734,0.010300998837919906,0.0,602112,0.0,0.0,0.0,0.0,0,0.0,0.0,0.0,0.0,0,0.0,0.0,0.0,0.0,0,0.0,0.0,0.0,0.0,0
1,monolithic_k8s_1svc,138,34.567097998660756,33.530724998854566,1.03637299980619,602112,1,33.530724998854566,0.054063002608017996,0.013671000488102436,0.0,602112,0.0,0.0,0.0,0.0,0,0.0,0.0,0.0,0.0,0,0.0,0.0,0.0,0.0,0,0.0,0.0,0.0,0.0,0
1,monolithic_k8s_1svc,139,33.68557399880956,32.61950399974012,1.066069999069441,602112,1,32.61950399974012,0.06005400064168498,0.01003099896479398,0.0,602112,0.0,0.0,0.0,0.0,0,0.0,0.0,0.0,0.0,0,0.0,0.0,0.0,0.0,0,0.0,0.0,0.0,0.0,0
1,monolithic_k8s_1svc,140,36.369555000419496,35.29164499923354,1.0779100011859555,602112,1,35.29164499923354,0.05807400157209486,0.010750001820269972,0.0,602112,0.0,0.0,0.0,0.0,0,0.0,0.0,0.0,0.0,0,0.0,0.0,0.0,0.0,0,0.0,0.0,0.0,0.0,0
1,monolithic_k8s_1svc,141,33.88478200213285,32.80556100071408,1.079221001418773,602112,1,32.80556100071408,0.063184997998178,0.012680000509135425,0.0,602112,0.0,0.0,0.0,0.0,0,0.0,0.0,0.0,0.0,0,0.0,0.0,0.0,0.0,0,0.0,0.0,0.0,0.0,0
1,monolithic_k8s_1svc,142,34.46478600017144,33.389390002412256,1.0753959977591876,602112,1,33.389390002412256,0.06074399789213203,0.01028999759000726,0.0,602112,0.0,0.0,0.0,0.0,0,0.0,0.0,0.0,0.0,0,0.0,0.0,0.0,0.0,0,0.0,0.0,0.0,0.0,0
1,monolithic_k8s_1svc,143,33.55057999942801,32.46225900147692,1.0883209979510866,602112,1,32.46225900147692,0.05276299998513423,0.010250998457195237,0.0,602112,0.0,0.0,0.0,0.0,0,0.0,0.0,0.0,0.0,0,0.0,0.0,0.0,0.0,0,0.0,0.0,0.0,0.0,0
1,monolithic_k8s_1svc,144,33.665022001514444,32.60622800007695,1.0587940014374908,602112,1,32.60622800007695,0.05679300011252053,0.008961000276030973,0.0,602112,0.0,0.0,0.0,0.0,0,0.0,0.0,0.0,0.0,0,0.0,0.0,0.0,0.0,0,0.0,0.0,0.0,0.0,0
1,monolithic_k8s_1svc,145,33.195656000316376,32.092583998746704,1.1030720015696716,602112,1,32.092583998746704,0.05067300298833288,0.01088099816115573,0.0,602112,0.0,0.0,0.0,0.0,0,0.0,0.0,0.0,0.0,0,0.0,0.0,0.0,0.0,0,0.0,0.0,0.0,0.0,0
1,monolithic_k8s_1svc,146,34.230100998684065,33.089084001403535,1.1410169972805306,602112,1,33.089084001403535,0.05783400047221221,0.013770997611572966,0.0,602112,0.0,0.0,0.0,0.0,0,0.0,0.0,0.0,0.0,0,0.0,0.0,0.0,0.0,0,0.0,0.0,0.0,0.0,0
1,monolithic_k8s_1svc,147,35.54369199991925,34.28254800019204,1.26114399972721,602112,1,34.28254800019204,0.07216499943751842,0.012230997526785359,0.0,602112,0.0,0.0,0.0,0.0,0,0.0,0.0,0.0,0.0,0,0.0,0.0,0.0,0.0,0,0.0,0.0,0.0,0.0,0
1,monolithic_k8s_1svc,148,34.67319399715052,33.56585700021242,1.107336996938102,602112,1,33.56585700021242,0.060983998992014676,0.012541000614874065,0.0,602112,0.0,0.0,0.0,0.0,0,0.0,0.0,0.0,0.0,0,0.0,0.0,0.0,0.0,0,0.0,0.0,0.0,0.0,0
1,monolithic_k8s_1svc,149,36.07961099987733,34.941368001454975,1.1382429984223563,602112,1,34.941368001454975,0.05325299935066141,0.014891000319039449,0.0,602112,0.0,0.0,0.0,0.0,0,0.0,0.0,0.0,0.0,0,0.0,0.0,0.0,0.0,0,0.0,0.0,0.0,0.0,0
1,monolithic_k8s_1svc,150,36.02674300054787,34.84684599970933,1.1798970008385368,602112,1,34.84684599970933,0.06474399924627505,0.013941000361228362,0.0,602112,0.0,0.0,0.0,0.0,0,0.0,0.0,0.0,0.0,0,0.0,0.0,0.0,0.0,0,0.0,0.0,0.0,0.0,0
1,monolithic_k8s_1svc,151,34.29631399922073,33.12682199975825,1.1694919994624797,602112,1,33.12682199975825,0.06040399966877885,0.010849998943740502,0.0,602112,0.0,0.0,0.0,0.0,0,0.0,0.0,0.0,0.0,0,0.0,0.0,0.0,0.0,0,0.0,0.0,0.0,0.0,0
1,monolithic_k8s_1svc,152,34.26118199786288,33.21365399824572,1.0475279996171594,602112,1,33.21365399824572,0.06465399928856641,0.010310999641660601,0.0,602112,0.0,0.0,0.0,0.0,0,0.0,0.0,0.0,0.0,0,0.0,0.0,0.0,0.0,0,0.0,0.0,0.0,0.0,0
1,monolithic_k8s_1svc,153,34.37296400079504,33.31016000083764,1.0628039999573957,602112,1,33.31016000083764,0.05347399928723462,0.009499999578110874,0.0,602112,0.0,0.0,0.0,0.0,0,0.0,0.0,0.0,0.0,0,0.0,0.0,0.0,0.0,0,0.0,0.0,0.0,0.0,0
1,monolithic_k8s_1svc,154,34.33288700034609,33.34764299870585,0.9852440016402397,602112,1,33.34764299870585,0.05484400026034564,0.010560001101111993,0.0,602112,0.0,0.0,0.0,0.0,0,0.0,0.0,0.0,0.0,0,0.0,0.0,0.0,0.0,0,0.0,0.0,0.0,0.0,0
1,monolithic_k8s_1svc,155,34.634846000699326,33.55140500207199,1.0834409986273386,602112,1,33.55140500207199,0.05062399941380136,0.021021998691139743,0.0,602112,0.0,0.0,0.0,0.0,0,0.0,0.0,0.0,0.0,0,0.0,0.0,0.0,0.0,0,0.0,0.0,0.0,0.0,0
1,monolithic_k8s_1svc,156,43.57489700123551,42.2406929974386,1.3342040037969127,602112,1,42.2406929974386,0.05825300104334019,0.019901002815458924,0.0,602112,0.0,0.0,0.0,0.0,0,0.0,0.0,0.0,0.0,0,0.0,0.0,0.0,0.0,0,0.0,0.0,0.0,0.0,0
1,monolithic_k8s_1svc,157,42.55416799787781,40.85829099858529,1.6958769992925227,602112,1,40.85829099858529,0.10625700087985024,0.020182000298518687,0.0,602112,0.0,0.0,0.0,0.0,0,0.0,0.0,0.0,0.0,0,0.0,0.0,0.0,0.0,0,0.0,0.0,0.0,0.0,0
1,monolithic_k8s_1svc,158,37.775368997245096,36.37635199993383,1.3990169973112643,602112,1,36.37635199993383,0.0796450003690552,0.018421000277157873,0.0,602112,0.0,0.0,0.0,0.0,0,0.0,0.0,0.0,0.0,0,0.0,0.0,0.0,0.0,0,0.0,0.0,0.0,0.0,0
1,monolithic_k8s_1svc,159,34.57786400031182,33.233133999601705,1.3447300007101148,602112,1,33.233133999601705,0.07217500024125911,0.016740999853936955,0.0,602112,0.0,0.0,0.0,0.0,0,0.0,0.0,0.0,0.0,0,0.0,0.0,0.0,0.0,0,0.0,0.0,0.0,0.0,0
1,monolithic_k8s_1svc,160,34.3859690001409,33.01556600126787,1.3704029988730326,602112,1,33.01556600126787,0.07179499880294316,0.014851000742055476,0.0,602112,0.0,0.0,0.0,0.0,0,0.0,0.0,0.0,0.0,0,0.0,0.0,0.0,0.0,0,0.0,0.0,0.0,0.0,0
1,monolithic_k8s_1svc,161,34.2280650002067,32.9910030013707,1.2370619988359977,602112,1,32.9910030013707,0.06841499998699874,0.01304999750573188,0.0,602112,0.0,0.0,0.0,0.0,0,0.0,0.0,0.0,0.0,0,0.0,0.0,0.0,0.0,0,0.0,0.0,0.0,0.0,0
1,monolithic_k8s_1svc,162,34.58572800082038,33.36425800080178,1.2214700000185985,602112,1,33.36425800080178,0.06267400021897629,0.014600998838432133,0.0,602112,0.0,0.0,0.0,0.0,0,0.0,0.0,0.0,0.0,0,0.0,0.0,0.0,0.0,0,0.0,0.0,0.0,0.0,0
1,monolithic_k8s_1svc,163,34.85247599746799,33.64721300022211,1.2052629972458817,602112,1,33.64721300022211,0.05905400030314922,0.011320000339765102,0.0,602112,0.0,0.0,0.0,0.0,0,0.0,0.0,0.0,0.0,0,0.0,0.0,0.0,0.0,0,0.0,0.0,0.0,0.0,0
1,monolithic_k8s_1svc,164,34.85713700138149,33.81608800191316,1.0410489994683303,602112,1,33.81608800191316,0.057542998547432944,0.01135099955718033,0.0,602112,0.0,0.0,0.0,0.0,0,0.0,0.0,0.0,0.0,0,0.0,0.0,0.0,0.0,0,0.0,0.0,0.0,0.0,0
1,monolithic_k8s_1svc,165,34.32007000083104,33.31305000028806,1.0070200005429797,602112,1,33.31305000028806,0.05948399848421104,0.011321000783937052,0.0,602112,0.0,0.0,0.0,0.0,0,0.0,0.0,0.0,0.0,0,0.0,0.0,0.0,0.0,0,0.0,0.0,0.0,0.0,0
1,monolithic_k8s_1svc,166,34.367923999525374,33.37419500167016,0.9937289978552144,602112,1,33.37419500167016,0.05147399861016311,0.01940099900821224,0.0,602112,0.0,0.0,0.0,0.0,0,0.0,0.0,0.0,0.0,0,0.0,0.0,0.0,0.0,0,0.0,0.0,0.0,0.0,0
1,monolithic_k8s_1svc,167,34.80584199860459,33.70443899984821,1.1014029987563845,602112,1,33.70443899984821,0.05362399679142982,0.009751001925906166,0.0,602112,0.0,0.0,0.0,0.0,0,0.0,0.0,0.0,0.0,0,0.0,0.0,0.0,0.0,0,0.0,0.0,0.0,0.0,0
1,monolithic_k8s_1svc,168,34.01238899823511,32.95353000066825,1.0588589975668583,602112,1,32.95353000066825,0.05278299795463681,0.011570999049581587,0.0,602112,0.0,0.0,0.0,0.0,0,0.0,0.0,0.0,0.0,0,0.0,0.0,0.0,0.0,0,0.0,0.0,0.0,0.0,0
1,monolithic_k8s_1svc,169,33.577178000996355,32.47960099906777,1.0975770019285847,602112,1,32.47960099906777,0.051923001592513174,0.012960997992195189,0.0,602112,0.0,0.0,0.0,0.0,0,0.0,0.0,0.0,0.0,0,0.0,0.0,0.0,0.0,0,0.0,0.0,0.0,0.0,0
1,monolithic_k8s_1svc,170,33.784719998948276,32.67121300086728,1.113506998080993,602112,1,32.67121300086728,0.05818299905513413,0.009949999366654083,0.0,602112,0.0,0.0,0.0,0.0,0,0.0,0.0,0.0,0.0,0,0.0,0.0,0.0,0.0,0,0.0,0.0,0.0,0.0,0
1,monolithic_k8s_1svc,171,33.45285300019896,32.467174001794774,0.9856789984041825,602112,1,32.467174001794774,0.04922299922327511,0.00965100116445683,0.0,602112,0.0,0.0,0.0,0.0,0,0.0,0.0,0.0,0.0,0,0.0,0.0,0.0,0.0,0,0.0,0.0,0.0,0.0,0
1,monolithic_k8s_1svc,172,35.683985999639845,34.600973998749396,1.0830120008904487,602112,1,34.600973998749396,0.049583002692088485,0.01385100040351972,0.0,602112,0.0,0.0,0.0,0.0,0,0.0,0.0,0.0,0.0,0,0.0,0.0,0.0,0.0,0,0.0,0.0,0.0,0.0,0
1,monolithic_k8s_1svc,173,33.72617199784145,32.663951998983975,1.062219998857472,602112,1,32.663951998983975,0.051753002480836585,0.011910000466741621,0.0,602112,0.0,0.0,0.0,0.0,0,0.0,0.0,0.0,0.0,0,0.0,0.0,0.0,0.0,0,0.0,0.0,0.0,0.0,0
1,monolithic_k8s_1svc,174,33.84569800255122,32.652634999976726,1.1930630025744904,602112,1,32.652634999976726,0.05096400127513334,0.009130999387707561,0.0,602112,0.0,0.0,0.0,0.0,0,0.0,0.0,0.0,0.0,0,0.0,0.0,0.0,0.0,0,0.0,0.0,0.0,0.0,0
1,monolithic_k8s_1svc,175,33.51308300261735,32.52972699920065,0.9833560034167022,602112,1,32.52972699920065,0.05200300074648112,0.008400998922297731,0.0,602112,0.0,0.0,0.0,0.0,0,0.0,0.0,0.0,0.0,0,0.0,0.0,0.0,0.0,0,0.0,0.0,0.0,0.0,0
1,monolithic_k8s_1svc,176,34.580338000523625,33.5241219981981,1.0562160023255274,602112,1,33.5241219981981,0.061314000049605966,0.014051001926418394,0.0,602112,0.0,0.0,0.0,0.0,0,0.0,0.0,0.0,0.0,0,0.0,0.0,0.0,0.0,0,0.0,0.0,0.0,0.0,0
1,monolithic_k8s_1svc,177,35.32219599946984,34.19287299766438,1.12932300180546,602112,1,34.19287299766438,0.06559400208061561,0.010350002412451431,0.0,602112,0.0,0.0,0.0,0.0,0,0.0,0.0,0.0,0.0,0,0.0,0.0,0.0,0.0,0,0.0,0.0,0.0,0.0,0
1,monolithic_k8s_1svc,178,33.50719200170715,32.55379999973229,0.9533920019748621,602112,1,32.55379999973229,0.050393999117659405,0.009259998478228226,0.0,602112,0.0,0.0,0.0,0.0,0,0.0,0.0,0.0,0.0,0,0.0,0.0,0.0,0.0,0,0.0,0.0,0.0,0.0,0
1,monolithic_k8s_1svc,179,33.592124000279,32.53607000078773,1.0560539994912688,602112,1,32.53607000078773,0.0646640000923071,0.010269999620504677,0.0,602112,0.0,0.0,0.0,0.0,0,0.0,0.0,0.0,0.0,0,0.0,0.0,0.0,0.0,0,0.0,0.0,0.0,0.0,0
1,monolithic_k8s_1svc,180,33.27661599905696,32.28233600020758,0.9942799988493789,602112,1,32.28233600020758,0.06261399903451093,0.009840001439442858,0.0,602112,0.0,0.0,0.0,0.0,0,0.0,0.0,0.0,0.0,0,0.0,0.0,0.0,0.0,0,0.0,0.0,0.0,0.0,0
1,monolithic_k8s_1svc,181,33.23680000175955,32.2319900005823,1.0048100011772476,602112,1,32.2319900005823,0.05035299909650348,0.009400999260833487,0.0,602112,0.0,0.0,0.0,0.0,0,0.0,0.0,0.0,0.0,0,0.0,0.0,0.0,0.0,0,0.0,0.0,0.0,0.0,0
1,monolithic_k8s_1svc,182,32.996043999446556,31.984667002689093,1.0113769967574626,602112,1,31.984667002689093,0.048952999350149184,0.009680999937700108,0.0,602112,0.0,0.0,0.0,0.0,0,0.0,0.0,0.0,0.0,0,0.0,0.0,0.0,0.0,0,0.0,0.0,0.0,0.0,0
1,monolithic_k8s_1svc,183,33.71244099980686,32.74016700015636,0.972273999650497,602112,1,32.74016700015636,0.049992999265668914,0.009890001820167527,0.0,602112,0.0,0.0,0.0,0.0,0,0.0,0.0,0.0,0.0,0,0.0,0.0,0.0,0.0,0,0.0,0.0,0.0,0.0,0
1,monolithic_k8s_1svc,184,35.689530999661656,34.66046799803735,1.0290630016243085,602112,1,34.66046799803735,0.057633998949313536,0.01241100108018145,0.0,602112,0.0,0.0,0.0,0.0,0,0.0,0.0,0.0,0.0,0,0.0,0.0,0.0,0.0,0,0.0,0.0,0.0,0.0,0
1,monolithic_k8s_1svc,185,35.829954998916946,34.72791300009703,1.1020419988199137,602112,1,34.72791300009703,0.05566400068346411,0.014340999769046903,0.0,602112,0.0,0.0,0.0,0.0,0,0.0,0.0,0.0,0.0,0,0.0,0.0,0.0,0.0,0,0.0,0.0,0.0,0.0,0
1,monolithic_k8s_1svc,186,34.080749999702675,32.954165999399265,1.12658400030341,602112,1,32.954165999399265,0.05929400140303187,0.011771000572480261,0.0,602112,0.0,0.0,0.0,0.0,0,0.0,0.0,0.0,0.0,0,0.0,0.0,0.0,0.0,0,0.0,0.0,0.0,0.0,0
1,monolithic_k8s_1svc,187,33.68098799910513,32.68814799957909,0.9928399995260406,602112,1,32.68814799957909,0.05073400097899139,0.010800999007187784,0.0,602112,0.0,0.0,0.0,0.0,0,0.0,0.0,0.0,0.0,0,0.0,0.0,0.0,0.0,0,0.0,0.0,0.0,0.0,0
1,monolithic_k8s_1svc,188,33.762805000151275,32.74368699931074,1.0191180008405354,602112,1,32.74368699931074,0.052753999625565484,0.009231000149156898,0.0,602112,0.0,0.0,0.0,0.0,0,0.0,0.0,0.0,0.0,0,0.0,0.0,0.0,0.0,0,0.0,0.0,0.0,0.0,0
1,monolithic_k8s_1svc,189,34.21789899948635,33.17045000221697,1.0474489972693846,602112,1,33.17045000221697,0.05962399882264435,0.010771000233944505,0.0,602112,0.0,0.0,0.0,0.0,0,0.0,0.0,0.0,0.0,0,0.0,0.0,0.0,0.0,0,0.0,0.0,0.0,0.0,0
1,monolithic_k8s_1svc,190,33.732545998645946,32.74893200068618,0.9836139979597647,602112,1,32.74893200068618,0.05399300061981194,0.010461000783834606,0.0,602112,0.0,0.0,0.0,0.0,0,0.0,0.0,0.0,0.0,0,0.0,0.0,0.0,0.0,0,0.0,0.0,0.0,0.0,0
1,monolithic_k8s_1svc,191,33.94181100156857,32.98475299743586,0.9570580041327048,602112,1,32.98475299743586,0.05486400186782703,0.010411000403109938,0.0,602112,0.0,0.0,0.0,0.0,0,0.0,0.0,0.0,0.0,0,0.0,0.0,0.0,0.0,0,0.0,0.0,0.0,0.0,0
1,monolithic_k8s_1svc,192,33.56567599985283,32.54456400100025,1.0211119988525752,602112,1,32.54456400100025,0.05373300155042671,0.012230997526785359,0.0,602112,0.0,0.0,0.0,0.0,0,0.0,0.0,0.0,0.0,0,0.0,0.0,0.0,0.0,0,0.0,0.0,0.0,0.0,0
1,monolithic_k8s_1svc,193,33.13642300054198,32.1288259983703,1.0075970021716785,602112,1,32.1288259983703,0.04790300226886757,0.009670999133959413,0.0,602112,0.0,0.0,0.0,0.0,0,0.0,0.0,0.0,0.0,0,0.0,0.0,0.0,0.0,0,0.0,0.0,0.0,0.0,0
1,monolithic_k8s_1svc,194,35.101392000797205,34.112613000615966,0.9887790001812391,602112,1,34.112613000615966,0.04994300252292305,0.009940999007085338,0.0,602112,0.0,0.0,0.0,0.0,0,0.0,0.0,0.0,0.0,0,0.0,0.0,0.0,0.0,0,0.0,0.0,0.0,0.0,0
1,monolithic_k8s_1svc,195,33.669637003185926,32.68910900078481,0.9805280024011154,602112,1,32.68910900078481,0.04865299706580117,0.009571002010488883,0.0,602112,0.0,0.0,0.0,0.0,0,0.0,0.0,0.0,0.0,0,0.0,0.0,0.0,0.0,0,0.0,0.0,0.0,0.0,0
1,monolithic_k8s_1svc,196,34.301985000638524,33.1749220022175,1.1270629984210245,602112,1,33.1749220022175,0.049192996812053025,0.010859999747481197,0.0,602112,0.0,0.0,0.0,0.0,0,0.0,0.0,0.0,0.0,0,0.0,0.0,0.0,0.0,0,0.0,0.0,0.0,0.0,0
1,monolithic_k8s_1svc,197,33.932139001990436,32.76870400077314,1.1634350012172945,602112,1,32.76870400077314,0.04840299880015664,0.010371000826125965,0.0,602112,0.0,0.0,0.0,0.0,0,0.0,0.0,0.0,0.0,0,0.0,0.0,0.0,0.0,0,0.0,0.0,0.0,0.0,0
1,monolithic_k8s_1svc,198,33.672718000161694,32.638329998007976,1.0343880021537188,602112,1,32.638329998007976,0.056094002502504736,0.010140000085812062,0.0,602112,0.0,0.0,0.0,0.0,0,0.0,0.0,0.0,0.0,0,0.0,0.0,0.0,0.0,0,0.0,0.0,0.0,0.0,0
1,monolithic_k8s_1svc,199,34.37457399923005,33.26193800239707,1.112635996832978,602112,1,33.26193800239707,0.05092299761599861,0.012859996786573902,0.0,602112,0.0,0.0,0.0,0.0,0,0.0,0.0,0.0,0.0,0,0.0,0.0,0.0,0.0,0,0.0,0.0,0.0,0.0,0
1,monolithic_k8s_1svc,200,33.36812800262123,32.23091299878433,1.1372150038369,602112,1,32.23091299878433,0.06666500121355057,0.010651001502992585,0.0,602112,0.0,0.0,0.0,0.0,0,0.0,0.0,0.0,0.0,0,0.0,0.0,0.0,0.0,0,0.0,0.0,0.0,0.0,0
2,monolithic_k8s_1svc,1,33.20854899720871,32.26042599999346,0.9481229972152505,602112,1,32.26042599999346,0.05044299905421212,0.008511000487487763,0.0,602112,0.0,0.0,0.0,0.0,0,0.0,0.0,0.0,0.0,0,0.0,0.0,0.0,0.0,0,0.0,0.0,0.0,0.0,0
2,monolithic_k8s_1svc,2,33.37571999873035,32.41536600035033,0.9603539983800147,602112,1,32.41536600035033,0.05247399894869886,0.009351002518087626,0.0,602112,0.0,0.0,0.0,0.0,0,0.0,0.0,0.0,0.0,0,0.0,0.0,0.0,0.0,0,0.0,0.0,0.0,0.0,0
2,monolithic_k8s_1svc,3,33.45667100074934,32.47117999853799,0.9854910022113472,602112,1,32.47117999853799,0.05774400051450357,0.009021001460496336,0.0,602112,0.0,0.0,0.0,0.0,0,0.0,0.0,0.0,0.0,0,0.0,0.0,0.0,0.0,0,0.0,0.0,0.0,0.0,0
2,monolithic_k8s_1svc,4,33.831435001047794,32.73781800089637,1.0936170001514256,602112,1,32.73781800089637,0.055602999054826796,0.013010001566726714,0.0,602112,0.0,0.0,0.0,0.0,0,0.0,0.0,0.0,0.0,0,0.0,0.0,0.0,0.0,0,0.0,0.0,0.0,0.0,0
2,monolithic_k8s_1svc,5,33.08153000034508,31.99040899926331,1.091121001081774,602112,1,31.99040899926331,0.05641299867420457,0.010301002475898713,0.0,602112,0.0,0.0,0.0,0.0,0,0.0,0.0,0.0,0.0,0,0.0,0.0,0.0,0.0,0,0.0,0.0,0.0,0.0,0
2,monolithic_k8s_1svc,6,33.25700200002757,32.20978299941635,1.0472190006112214,602112,1,32.20978299941635,0.04952400195179507,0.009819999831961468,0.0,602112,0.0,0.0,0.0,0.0,0,0.0,0.0,0.0,0.0,0,0.0,0.0,0.0,0.0,0,0.0,0.0,0.0,0.0,0
2,monolithic_k8s_1svc,7,33.72532899811631,32.57959700204083,1.145731996075483,602112,1,32.57959700204083,0.07151499812607653,0.00955999712459743,0.0,602112,0.0,0.0,0.0,0.0,0,0.0,0.0,0.0,0.0,0,0.0,0.0,0.0,0.0,0,0.0,0.0,0.0,0.0,0
2,monolithic_k8s_1svc,8,34.54609300024458,33.5523829999147,0.9937100003298838,602112,1,33.5523829999147,0.05087300087325275,0.008959999831859022,0.0,602112,0.0,0.0,0.0,0.0,0,0.0,0.0,0.0,0.0,0,0.0,0.0,0.0,0.0,0,0.0,0.0,0.0,0.0,0
2,monolithic_k8s_1svc,9,33.091430999775184,32.11689700037823,0.9745339993969537,602112,1,32.11689700037823,0.05485400106408633,0.01984100163099356,0.0,602112,0.0,0.0,0.0,0.0,0,0.0,0.0,0.0,0.0,0,0.0,0.0,0.0,0.0,0,0.0,0.0,0.0,0.0,0
2,monolithic_k8s_1svc,10,33.508423999592196,32.46512599798734,1.0432980016048532,602112,1,32.46512599798734,0.0559130021429155,0.008410999726038426,0.0,602112,0.0,0.0,0.0,0.0,0,0.0,0.0,0.0,0.0,0,0.0,0.0,0.0,0.0,0,0.0,0.0,0.0,0.0,0
2,monolithic_k8s_1svc,11,32.47221499987063,31.52521800075192,0.9469969991187099,602112,1,31.52521800075192,0.050694001402007416,0.008189999789465219,0.0,602112,0.0,0.0,0.0,0.0,0,0.0,0.0,0.0,0.0,0,0.0,0.0,0.0,0.0,0,0.0,0.0,0.0,0.0,0
2,monolithic_k8s_1svc,12,32.909978999668965,31.969326999387704,0.9406520002812613,602112,1,31.969326999387704,0.04599299791152589,0.008521001291228458,0.0,602112,0.0,0.0,0.0,0.0,0,0.0,0.0,0.0,0.0,0,0.0,0.0,0.0,0.0,0,0.0,0.0,0.0,0.0,0
2,monolithic_k8s_1svc,13,32.857985999726225,31.853850003244588,1.0041359964816365,602112,1,31.853850003244588,0.05130299905431457,0.009850999049376696,0.0,602112,0.0,0.0,0.0,0.0,0,0.0,0.0,0.0,0.0,0,0.0,0.0,0.0,0.0,0,0.0,0.0,0.0,0.0,0
2,monolithic_k8s_1svc,14,39.26011400108109,37.947411998175085,1.3127020029060077,602112,1,37.947411998175085,0.056834000133676454,0.017381000361638144,0.0,602112,0.0,0.0,0.0,0.0,0,0.0,0.0,0.0,0.0,0,0.0,0.0,0.0,0.0,0,0.0,0.0,0.0,0.0,0
2,monolithic_k8s_1svc,15,41.105209002125775,39.711220997560304,1.3939880045654718,602112,1,39.711220997560304,0.07939500210341066,0.02017100268858485,0.0,602112,0.0,0.0,0.0,0.0,0,0.0,0.0,0.0,0.0,0,0.0,0.0,0.0,0.0,0,0.0,0.0,0.0,0.0,0
2,monolithic_k8s_1svc,16,40.21666599874152,38.8189240002248,1.3977419985167217,602112,1,38.8189240002248,0.06600499909836799,0.03141200068057515,0.0,602112,0.0,0.0,0.0,0.0,0,0.0,0.0,0.0,0.0,0,0.0,0.0,0.0,0.0,0,0.0,0.0,0.0,0.0,0
2,monolithic_k8s_1svc,17,38.494512999022845,36.91634900314966,1.578163995873183,602112,1,36.91634900314966,0.05889399835723452,0.01657099710428156,0.0,602112,0.0,0.0,0.0,0.0,0,0.0,0.0,0.0,0.0,0,0.0,0.0,0.0,0.0,0,0.0,0.0,0.0,0.0,0
2,monolithic_k8s_1svc,18,34.73985000164248,33.12994899897603,1.6099010026664473,602112,1,33.12994899897603,0.07402499977615662,0.015811001503607258,0.0,602112,0.0,0.0,0.0,0.0,0,0.0,0.0,0.0,0.0,0,0.0,0.0,0.0,0.0,0,0.0,0.0,0.0,0.0,0
2,monolithic_k8s_1svc,19,33.21544400023413,32.058722998044686,1.1567210021894425,602112,1,32.058722998044686,0.053833002311876044,0.011421001545386389,0.0,602112,0.0,0.0,0.0,0.0,0,0.0,0.0,0.0,0.0,0,0.0,0.0,0.0,0.0,0,0.0,0.0,0.0,0.0,0
2,monolithic_k8s_1svc,20,33.51104000103078,32.38624499863363,1.1247950023971498,602112,1,32.38624499863363,0.08315600280184299,0.011170999641763046,0.0,602112,0.0,0.0,0.0,0.0,0,0.0,0.0,0.0,0.0,0,0.0,0.0,0.0,0.0,0,0.0,0.0,0.0,0.0,0
2,monolithic_k8s_1svc,21,33.43803400275647,32.33377099968493,1.1042630030715372,602112,1,32.33377099968493,0.05866400169907138,0.010930998541880399,0.0,602112,0.0,0.0,0.0,0.0,0,0.0,0.0,0.0,0.0,0,0.0,0.0,0.0,0.0,0,0.0,0.0,0.0,0.0,0
2,monolithic_k8s_1svc,22,32.701844997063745,31.73846199933905,0.9633829977246933,602112,1,31.73846199933905,0.04768300277646631,0.02058199970633723,0.0,602112,0.0,0.0,0.0,0.0,0,0.0,0.0,0.0,0.0,0,0.0,0.0,0.0,0.0,0,0.0,0.0,0.0,0.0,0
2,monolithic_k8s_1svc,23,34.35196400096174,33.39916199911386,0.9528020018478855,602112,1,33.39916199911386,0.04952300150762312,0.009590999979991466,0.0,602112,0.0,0.0,0.0,0.0,0,0.0,0.0,0.0,0.0,0,0.0,0.0,0.0,0.0,0,0.0,0.0,0.0,0.0,0
2,monolithic_k8s_1svc,24,32.66044300107751,31.64666600059718,1.0137770004803315,602112,1,31.64666600059718,0.05144299939274788,0.008430000889347866,0.0,602112,0.0,0.0,0.0,0.0,0,0.0,0.0,0.0,0.0,0,0.0,0.0,0.0,0.0,0,0.0,0.0,0.0,0.0,0
2,monolithic_k8s_1svc,25,33.299785001872806,32.29250900039915,1.007276001473656,602112,1,32.29250900039915,0.05618399882223457,0.010119998478330672,0.0,602112,0.0,0.0,0.0,0.0,0,0.0,0.0,0.0,0.0,0,0.0,0.0,0.0,0.0,0,0.0,0.0,0.0,0.0,0
2,monolithic_k8s_1svc,26,33.70656700280961,32.70002100180136,1.006546001008246,602112,1,32.70002100180136,0.050932998419739306,0.010141000529984012,0.0,602112,0.0,0.0,0.0,0.0,0,0.0,0.0,0.0,0.0,0,0.0,0.0,0.0,0.0,0,0.0,0.0,0.0,0.0,0
2,monolithic_k8s_1svc,27,32.93173100246349,31.88585200041416,1.0458790020493325,602112,1,31.88585200041416,0.04994300252292305,0.0131009983306285,0.0,602112,0.0,0.0,0.0,0.0,0,0.0,0.0,0.0,0.0,0,0.0,0.0,0.0,0.0,0,0.0,0.0,0.0,0.0,0
2,monolithic_k8s_1svc,28,33.76369599936879,32.78026100088027,0.9834349984885193,602112,1,32.78026100088027,0.056453001889167354,0.010100997315021232,0.0,602112,0.0,0.0,0.0,0.0,0,0.0,0.0,0.0,0.0,0,0.0,0.0,0.0,0.0,0,0.0,0.0,0.0,0.0,0
2,monolithic_k8s_1svc,29,33.569387000170536,32.5951239974529,0.9742630027176347,602112,1,32.5951239974529,0.05505300214281306,0.009381001291330904,0.0,602112,0.0,0.0,0.0,0.0,0,0.0,0.0,0.0,0.0,0,0.0,0.0,0.0,0.0,0,0.0,0.0,0.0,0.0,0
2,monolithic_k8s_1svc,30,32.98449400244863,32.01878500112798,0.9657090013206471,602112,1,32.01878500112798,0.05535400123335421,0.009051000233739614,0.0,602112,0.0,0.0,0.0,0.0,0,0.0,0.0,0.0,0.0,0,0.0,0.0,0.0,0.0,0,0.0,0.0,0.0,0.0,0
2,monolithic_k8s_1svc,31,33.98881100292783,32.884017997275805,1.1047930056520272,602112,1,32.884017997275805,0.05112300277687609,0.009520001185592264,0.0,602112,0.0,0.0,0.0,0.0,0,0.0,0.0,0.0,0.0,0,0.0,0.0,0.0,0.0,0,0.0,0.0,0.0,0.0,0
2,monolithic_k8s_1svc,32,33.16144699783763,32.03377200043178,1.1276749974058475,602112,1,32.03377200043178,0.06387399844243191,0.010080999345518649,0.0,602112,0.0,0.0,0.0,0.0,0,0.0,0.0,0.0,0.0,0,0.0,0.0,0.0,0.0,0,0.0,0.0,0.0,0.0,0
2,monolithic_k8s_1svc,33,35.227607000706485,34.084032999089686,1.1435740016167983,602112,1,34.084032999089686,0.055983000493142754,0.010140000085812062,0.0,602112,0.0,0.0,0.0,0.0,0,0.0,0.0,0.0,0.0,0,0.0,0.0,0.0,0.0,0,0.0,0.0,0.0,0.0,0
2,monolithic_k8s_1svc,34,34.63267199913389,33.47606300303596,1.1566089960979298,602112,1,33.47606300303596,0.05033299748902209,0.012379998224787414,0.0,602112,0.0,0.0,0.0,0.0,0,0.0,0.0,0.0,0.0,0,0.0,0.0,0.0,0.0,0,0.0,0.0,0.0,0.0,0
2,monolithic_k8s_1svc,35,35.66639700147789,34.619681999174645,1.0467150023032445,602112,1,34.619681999174645,0.05375399996410124,0.009590999979991466,0.0,602112,0.0,0.0,0.0,0.0,0,0.0,0.0,0.0,0.0,0,0.0,0.0,0.0,0.0,0,0.0,0.0,0.0,0.0,0
2,monolithic_k8s_1svc,36,33.79627799949958,32.63804199741571,1.1582360020838678,602112,1,32.63804199741571,0.0691840032231994,0.010310002835467458,0.0,602112,0.0,0.0,0.0,0.0,0,0.0,0.0,0.0,0.0,0,0.0,0.0,0.0,0.0,0,0.0,0.0,0.0,0.0,0
2,monolithic_k8s_1svc,37,33.95218799778377,32.95804200024577,0.9941459975379985,602112,1,32.95804200024577,0.0580039995838888,0.009510997188044712,0.0,602112,0.0,0.0,0.0,0.0,0,0.0,0.0,0.0,0.0,0,0.0,0.0,0.0,0.0,0,0.0,0.0,0.0,0.0,0
2,monolithic_k8s_1svc,38,33.54953600137378,32.46957499868586,1.0799610026879236,602112,1,32.46957499868586,0.058813999203266576,0.008681003237143159,0.0,602112,0.0,0.0,0.0,0.0,0,0.0,0.0,0.0,0.0,0,0.0,0.0,0.0,0.0,0,0.0,0.0,0.0,0.0,0
2,monolithic_k8s_1svc,39,33.311530998616945,32.29113899942604,1.020391999190906,602112,1,32.29113899942604,0.050554001063574106,0.012321001122472808,0.0,602112,0.0,0.0,0.0,0.0,0,0.0,0.0,0.0,0.0,0,0.0,0.0,0.0,0.0,0,0.0,0.0,0.0,0.0,0
2,monolithic_k8s_1svc,40,33.110312000644626,32.06550299728406,1.0448090033605695,602112,1,32.06550299728406,0.051024002459598705,0.009031002264237031,0.0,602112,0.0,0.0,0.0,0.0,0,0.0,0.0,0.0,0.0,0,0.0,0.0,0.0,0.0,0,0.0,0.0,0.0,0.0,0
2,monolithic_k8s_1svc,41,33.16978700240725,32.16142599922023,1.0083610031870194,602112,1,32.16142599922023,0.04922400330542587,0.010079998901346698,0.0,602112,0.0,0.0,0.0,0.0,0,0.0,0.0,0.0,0.0,0,0.0,0.0,0.0,0.0,0,0.0,0.0,0.0,0.0,0
2,monolithic_k8s_1svc,42,33.90960000251653,32.82183299961616,1.0877670029003639,602112,1,32.82183299961616,0.11760800043703057,0.009900999430101365,0.0,602112,0.0,0.0,0.0,0.0,0,0.0,0.0,0.0,0.0,0,0.0,0.0,0.0,0.0,0,0.0,0.0,0.0,0.0,0
2,monolithic_k8s_1svc,43,33.18255200065323,32.1662499991362,1.0163020015170332,602112,1,32.1662499991362,0.05342300210031681,0.0110910004877951,0.0,602112,0.0,0.0,0.0,0.0,0,0.0,0.0,0.0,0.0,0,0.0,0.0,0.0,0.0,0,0.0,0.0,0.0,0.0,0
2,monolithic_k8s_1svc,44,34.177874000306474,33.099762000347255,1.0781119999592192,602112,1,33.099762000347255,0.06775500150979497,0.010260999260935932,0.0,602112,0.0,0.0,0.0,0.0,0,0.0,0.0,0.0,0.0,0,0.0,0.0,0.0,0.0,0,0.0,0.0,0.0,0.0,0
2,monolithic_k8s_1svc,45,33.681740998872556,32.51389400247717,1.167846996395383,602112,1,32.51389400247717,0.05217299985815771,0.014571000065188855,0.0,602112,0.0,0.0,0.0,0.0,0,0.0,0.0,0.0,0.0,0,0.0,0.0,0.0,0.0,0,0.0,0.0,0.0,0.0,0
2,monolithic_k8s_1svc,46,34.04304399737157,32.98867099874769,1.054372998623876,602112,1,32.98867099874769,0.05269300163490698,0.010080999345518649,0.0,602112,0.0,0.0,0.0,0.0,0,0.0,0.0,0.0,0.0,0,0.0,0.0,0.0,0.0,0,0.0,0.0,0.0,0.0,0
2,monolithic_k8s_1svc,47,34.361875001195585,33.311006001895294,1.0508689993002918,602112,1,33.311006001895294,0.05685299765900709,0.01791199974832125,0.0,602112,0.0,0.0,0.0,0.0,0,0.0,0.0,0.0,0.0,0,0.0,0.0,0.0,0.0,0,0.0,0.0,0.0,0.0,0
2,monolithic_k8s_1svc,48,34.94284900079947,33.90845100147999,1.0343979993194807,602112,1,33.90845100147999,0.05384399992180988,0.011110998457297683,0.0,602112,0.0,0.0,0.0,0.0,0,0.0,0.0,0.0,0.0,0,0.0,0.0,0.0,0.0,0,0.0,0.0,0.0,0.0,0
2,monolithic_k8s_1svc,49,34.93039699969813,33.67731500111404,1.2530819985840935,602112,1,33.67731500111404,0.08890599929145537,0.010220999683951959,0.0,602112,0.0,0.0,0.0,0.0,0,0.0,0.0,0.0,0.0,0,0.0,0.0,0.0,0.0,0,0.0,0.0,0.0,0.0,0
2,monolithic_k8s_1svc,50,35.03586900114897,33.972159999393625,1.0637090017553419,602112,1,33.972159999393625,0.05913400309509598,0.010790998203447089,0.0,602112,0.0,0.0,0.0,0.0,0,0.0,0.0,0.0,0.0,0,0.0,0.0,0.0,0.0,0,0.0,0.0,0.0,0.0,0
2,monolithic_k8s_1svc,51,34.62150300038047,33.56573299970478,1.0557700006756932,602112,1,33.56573299970478,0.05454399797599763,0.011620002624113113,0.0,602112,0.0,0.0,0.0,0.0,0,0.0,0.0,0.0,0.0,0,0.0,0.0,0.0,0.0,0,0.0,0.0,0.0,0.0,0
2,monolithic_k8s_1svc,52,34.16474699770333,33.12671300227521,1.0380339954281226,602112,1,33.12671300227521,0.05250299727777019,0.010840998584171757,0.0,602112,0.0,0.0,0.0,0.0,0,0.0,0.0,0.0,0.0,0,0.0,0.0,0.0,0.0,0,0.0,0.0,0.0,0.0,0
2,monolithic_k8s_1svc,53,34.88212900265353,33.777682001527864,1.1044470011256635,602112,1,33.777682001527864,0.05292299829307012,0.014900997484801337,0.0,602112,0.0,0.0,0.0,0.0,0,0.0,0.0,0.0,0.0,0,0.0,0.0,0.0,0.0,0,0.0,0.0,0.0,0.0,0
2,monolithic_k8s_1svc,54,33.57363900067867,32.44547499707551,1.1281640036031604,602112,1,32.44547499707551,0.06693400064250454,0.010550000297371298,0.0,602112,0.0,0.0,0.0,0.0,0,0.0,0.0,0.0,0.0,0,0.0,0.0,0.0,0.0,0,0.0,0.0,0.0,0.0,0
2,monolithic_k8s_1svc,55,35.79650900064735,34.59885000120266,1.197658999444684,602112,1,34.59885000120266,0.05526399763766676,0.014860997907817364,0.0,602112,0.0,0.0,0.0,0.0,0,0.0,0.0,0.0,0.0,0,0.0,0.0,0.0,0.0,0,0.0,0.0,0.0,0.0,0
2,monolithic_k8s_1svc,56,33.39085100014927,32.28873799889698,1.1021130012522917,602112,1,32.28873799889698,0.0852150005812291,0.010130999726243317,0.0,602112,0.0,0.0,0.0,0.0,0,0.0,0.0,0.0,0.0,0,0.0,0.0,0.0,0.0,0,0.0,0.0,0.0,0.0,0
2,monolithic_k8s_1svc,57,33.351434001815505,32.330180998542346,1.0212530032731593,602112,1,32.330180998542346,0.05077400055597536,0.010030002158600837,0.0,602112,0.0,0.0,0.0,0.0,0,0.0,0.0,0.0,0.0,0,0.0,0.0,0.0,0.0,0,0.0,0.0,0.0,0.0,0
2,monolithic_k8s_1svc,58,33.191643000463955,32.15442899818299,1.0372140022809617,602112,1,32.15442899818299,0.057964000006904826,0.009581002814229578,0.0,602112,0.0,0.0,0.0,0.0,0,0.0,0.0,0.0,0.0,0,0.0,0.0,0.0,0.0,0,0.0,0.0,0.0,0.0,0
2,monolithic_k8s_1svc,59,34.34010999990278,33.269954001298174,1.070155998604605,602112,1,33.269954001298174,0.05524299922399223,0.009859999408945441,0.0,602112,0.0,0.0,0.0,0.0,0,0.0,0.0,0.0,0.0,0,0.0,0.0,0.0,0.0,0,0.0,0.0,0.0,0.0,0
2,monolithic_k8s_1svc,60,33.1589300003543,32.13897899695439,1.0199510033999104,602112,1,32.13897899695439,0.05766300091636367,0.009011000656755641,0.0,602112,0.0,0.0,0.0,0.0,0,0.0,0.0,0.0,0.0,0,0.0,0.0,0.0,0.0,0,0.0,0.0,0.0,0.0,0
2,monolithic_k8s_1svc,61,34.8403319985664,33.73806799936574,1.1022639992006589,602112,1,33.73806799936574,0.05035300273448229,0.012280997907510027,0.0,602112,0.0,0.0,0.0,0.0,0,0.0,0.0,0.0,0.0,0,0.0,0.0,0.0,0.0,0,0.0,0.0,0.0,0.0,0
2,monolithic_k8s_1svc,62,34.01667699654354,32.88454200082924,1.1321349957142957,602112,1,32.88454200082924,0.056524000683566555,0.010371000826125965,0.0,602112,0.0,0.0,0.0,0.0,0,0.0,0.0,0.0,0.0,0,0.0,0.0,0.0,0.0,0,0.0,0.0,0.0,0.0,0
2,monolithic_k8s_1svc,63,34.9273620013264,33.811774002970196,1.1155879983562045,602112,1,33.811774002970196,0.050512997404439375,0.011690997780533507,0.0,602112,0.0,0.0,0.0,0.0,0,0.0,0.0,0.0,0.0,0,0.0,0.0,0.0,0.0,0,0.0,0.0,0.0,0.0,0
2,monolithic_k8s_1svc,64,36.26896199784824,35.16334799860488,1.10561399924336,602112,1,35.16334799860488,0.05177300045033917,0.011221000022487715,0.0,602112,0.0,0.0,0.0,0.0,0,0.0,0.0,0.0,0.0,0,0.0,0.0,0.0,0.0,0,0.0,0.0,0.0,0.0,0
2,monolithic_k8s_1svc,65,34.51233400119236,33.38606000033906,1.1262740008533,602112,1,33.38606000033906,0.05420399975264445,0.012451000657165423,0.0,602112,0.0,0.0,0.0,0.0,0,0.0,0.0,0.0,0.0,0,0.0,0.0,0.0,0.0,0,0.0,0.0,0.0,0.0,0
2,monolithic_k8s_1svc,66,33.631861999310786,32.5386750009784,1.093186998332385,602112,1,32.5386750009784,0.06302399924607016,0.009399998816661537,0.0,602112,0.0,0.0,0.0,0.0,0,0.0,0.0,0.0,0.0,0,0.0,0.0,0.0,0.0,0,0.0,0.0,0.0,0.0,0
2,monolithic_k8s_1svc,67,33.56546799841453,32.57793800003128,0.987529998383252,602112,1,32.57793800003128,0.04964400068274699,0.008189999789465219,0.0,602112,0.0,0.0,0.0,0.0,0,0.0,0.0,0.0,0.0,0,0.0,0.0,0.0,0.0,0,0.0,0.0,0.0,0.0,0
2,monolithic_k8s_1svc,68,34.06630500103347,32.99365400016541,1.0726510008680634,602112,1,32.99365400016541,0.050373997510178015,0.00977099989540875,0.0,602112,0.0,0.0,0.0,0.0,0,0.0,0.0,0.0,0.0,0,0.0,0.0,0.0,0.0,0,0.0,0.0,0.0,0.0,0
2,monolithic_k8s_1svc,69,33.968938998441445,32.85512600268703,1.1138129957544152,602112,1,32.85512600268703,0.061763999838149175,0.009760999091668054,0.0,602112,0.0,0.0,0.0,0.0,0,0.0,0.0,0.0,0.0,0,0.0,0.0,0.0,0.0,0,0.0,0.0,0.0,0.0,0
2,monolithic_k8s_1svc,70,33.424874000047566,32.25977699912619,1.165097000921378,602112,1,32.25977699912619,0.05256400254438631,0.009110000974033028,0.0,602112,0.0,0.0,0.0,0.0,0,0.0,0.0,0.0,0.0,0,0.0,0.0,0.0,0.0,0,0.0,0.0,0.0,0.0,0
2,monolithic_k8s_1svc,71,33.19235700109857,32.12560300016776,1.066754000930814,602112,1,32.12560300016776,0.0600139974267222,0.009570001566316932,0.0,602112,0.0,0.0,0.0,0.0,0,0.0,0.0,0.0,0.0,0,0.0,0.0,0.0,0.0,0,0.0,0.0,0.0,0.0,0
2,monolithic_k8s_1svc,72,38.75740500006941,37.411905999761075,1.3454990003083367,602112,1,37.411905999761075,0.06202400254551321,0.01706100010778755,0.0,602112,0.0,0.0,0.0,0.0,0,0.0,0.0,0.0,0.0,0,0.0,0.0,0.0,0.0,0,0.0,0.0,0.0,0.0,0
2,monolithic_k8s_1svc,73,38.335141998686595,37.11499099881621,1.2201509998703841,602112,1,37.11499099881621,0.0703350015101023,0.012401000276440755,0.0,602112,0.0,0.0,0.0,0.0,0,0.0,0.0,0.0,0.0,0,0.0,0.0,0.0,0.0,0,0.0,0.0,0.0,0.0,0
2,monolithic_k8s_1svc,74,35.23007599869743,34.07495099963853,1.1551249990588985,602112,1,34.07495099963853,0.05616399721475318,0.014981000276748091,0.0,602112,0.0,0.0,0.0,0.0,0,0.0,0.0,0.0,0.0,0,0.0,0.0,0.0,0.0,0,0.0,0.0,0.0,0.0,0
2,monolithic_k8s_1svc,75,34.88640499926987,33.60987500127521,1.2765299979946576,602112,1,33.60987500127521,0.06497499998658895,0.015341000107582659,0.0,602112,0.0,0.0,0.0,0.0,0,0.0,0.0,0.0,0.0,0,0.0,0.0,0.0,0.0,0,0.0,0.0,0.0,0.0,0
2,monolithic_k8s_1svc,76,34.44719599792734,33.302771000307985,1.1444249976193532,602112,1,33.302771000307985,0.059194000641582534,0.010511001164559275,0.0,602112,0.0,0.0,0.0,0.0,0,0.0,0.0,0.0,0.0,0,0.0,0.0,0.0,0.0,0,0.0,0.0,0.0,0.0,0
2,monolithic_k8s_1svc,77,33.74167400033912,32.730578001064714,1.0110959992744029,602112,1,32.730578001064714,0.05615299960481934,0.011201002052985132,0.0,602112,0.0,0.0,0.0,0.0,0,0.0,0.0,0.0,0.0,0,0.0,0.0,0.0,0.0,0,0.0,0.0,0.0,0.0,0
2,monolithic_k8s_1svc,78,33.61844599930919,32.637289998092456,0.981156001216732,602112,1,32.637289998092456,0.05780400169896893,0.009691000741440803,0.0,602112,0.0,0.0,0.0,0.0,0,0.0,0.0,0.0,0.0,0,0.0,0.0,0.0,0.0,0,0.0,0.0,0.0,0.0,0
2,monolithic_k8s_1svc,79,32.988634000503225,31.90521799842827,1.083416002074955,602112,1,31.90521799842827,0.05511400013347156,0.009400999260833487,0.0,602112,0.0,0.0,0.0,0.0,0,0.0,0.0,0.0,0.0,0,0.0,0.0,0.0,0.0,0,0.0,0.0,0.0,0.0,0
2,monolithic_k8s_1svc,80,32.851783998921746,31.85981000206084,0.9919739968609065,602112,1,31.85981000206084,0.04743299723486416,0.008950999472290277,0.0,602112,0.0,0.0,0.0,0.0,0,0.0,0.0,0.0,0.0,0,0.0,0.0,0.0,0.0,0,0.0,0.0,0.0,0.0,0
2,monolithic_k8s_1svc,81,32.94323299996904,31.956106999132317,0.9871260008367244,602112,1,31.956106999132317,0.04839300163439475,0.00993100184132345,0.0,602112,0.0,0.0,0.0,0.0,0,0.0,0.0,0.0,0.0,0,0.0,0.0,0.0,0.0,0,0.0,0.0,0.0,0.0,0
2,monolithic_k8s_1svc,82,33.305910998024046,32.37702399928821,0.9288869987358339,602112,1,32.37702399928821,0.05328399856807664,0.008819999493425712,0.0,602112,0.0,0.0,0.0,0.0,0,0.0,0.0,0.0,0.0,0,0.0,0.0,0.0,0.0,0,0.0,0.0,0.0,0.0,0
2,monolithic_k8s_1svc,83,35.36135499962256,34.35326399994665,1.0080909996759146,602112,1,34.35326399994665,0.05281400081003085,0.009919996955431998,0.0,602112,0.0,0.0,0.0,0.0,0,0.0,0.0,0.0,0.0,0,0.0,0.0,0.0,0.0,0,0.0,0.0,0.0,0.0,0
2,monolithic_k8s_1svc,84,33.64201699878322,32.62180100136902,1.0202159974141978,602112,1,32.62180100136902,0.06486399797722697,0.011020998499589041,0.0,602112,0.0,0.0,0.0,0.0,0,0.0,0.0,0.0,0.0,0,0.0,0.0,0.0,0.0,0,0.0,0.0,0.0,0.0,0
2,monolithic_k8s_1svc,85,33.5481570000411,32.569546998274745,0.9786100017663557,602112,1,32.569546998274745,0.05401300222729333,0.00920100137591362,0.0,602112,0.0,0.0,0.0,0.0,0,0.0,0.0,0.0,0.0,0,0.0,0.0,0.0,0.0,0,0.0,0.0,0.0,0.0,0
2,monolithic_k8s_1svc,86,35.6807120006124,34.70285699950182,0.9778550011105835,602112,1,34.70285699950182,0.053814001148566604,0.010390998795628548,0.0,602112,0.0,0.0,0.0,0.0,0,0.0,0.0,0.0,0.0,0,0.0,0.0,0.0,0.0,0,0.0,0.0,0.0,0.0,0
2,monolithic_k8s_1svc,87,32.907484001043485,31.848790000367444,1.0586940006760415,602112,1,31.848790000367444,0.057372999435756356,0.008639999578008428,0.0,602112,0.0,0.0,0.0,0.0,0,0.0,0.0,0.0,0.0,0,0.0,0.0,0.0,0.0,0,0.0,0.0,0.0,0.0,0
2,monolithic_k8s_1svc,88,32.497471998794936,31.509645999904023,0.9878259988909122,602112,1,31.509645999904023,0.048313999286619946,0.01139100277214311,0.0,602112,0.0,0.0,0.0,0.0,0,0.0,0.0,0.0,0.0,0,0.0,0.0,0.0,0.0,0,0.0,0.0,0.0,0.0,0
2,monolithic_k8s_1svc,89,32.7503490007075,31.776088999322383,0.9742600013851188,602112,1,31.776088999322383,0.04990399975213222,0.008831000741338357,0.0,602112,0.0,0.0,0.0,0.0,0,0.0,0.0,0.0,0.0,0,0.0,0.0,0.0,0.0,0,0.0,0.0,0.0,0.0,0
2,monolithic_k8s_1svc,90,32.71451600085129,31.726341003377456,0.9881749974738341,602112,1,31.726341003377456,0.04988299770047888,0.008960996638052166,0.0,602112,0.0,0.0,0.0,0.0,0,0.0,0.0,0.0,0.0,0,0.0,0.0,0.0,0.0,0,0.0,0.0,0.0,0.0,0
2,monolithic_k8s_1svc,91,33.324953001283575,32.38408000106574,0.9408730002178345,602112,1,32.38408000106574,0.047983001422835514,0.00873099997988902,0.0,602112,0.0,0.0,0.0,0.0,0,0.0,0.0,0.0,0.0,0,0.0,0.0,0.0,0.0,0,0.0,0.0,0.0,0.0,0
2,monolithic_k8s_1svc,92,33.61723100169911,32.60764899823698,1.0095820034621283,602112,1,32.60764899823698,0.05363400123314932,0.009859999408945441,0.0,602112,0.0,0.0,0.0,0.0,0,0.0,0.0,0.0,0.0,0,0.0,0.0,0.0,0.0,0,0.0,0.0,0.0,0.0,0
2,monolithic_k8s_1svc,93,33.89494399743853,32.85031099949265,1.0446329979458824,602112,1,32.85031099949265,0.05333399894880131,0.010310002835467458,0.0,602112,0.0,0.0,0.0,0.0,0,0.0,0.0,0.0,0.0,0,0.0,0.0,0.0,0.0,0,0.0,0.0,0.0,0.0,0
2,monolithic_k8s_1svc,94,33.40818699871306,32.36675399966771,1.0414329990453552,602112,1,32.36675399966771,0.05499400140251964,0.009059996955329552,0.0,602112,0.0,0.0,0.0,0.0,0,0.0,0.0,0.0,0.0,0,0.0,0.0,0.0,0.0,0,0.0,0.0,0.0,0.0,0
2,monolithic_k8s_1svc,95,33.2820889998402,32.27657699972042,1.0055120001197793,602112,1,32.27657699972042,0.05106300159241073,0.008191000233637169,0.0,602112,0.0,0.0,0.0,0.0,0,0.0,0.0,0.0,0.0,0,0.0,0.0,0.0,0.0,0,0.0,0.0,0.0,0.0,0
2,monolithic_k8s_1svc,96,33.58959499746561,32.46031000162475,1.1292849958408624,602112,1,32.46031000162475,0.04977299977326766,0.008880997484084219,0.0,602112,0.0,0.0,0.0,0.0,0,0.0,0.0,0.0,0.0,0,0.0,0.0,0.0,0.0,0,0.0,0.0,0.0,0.0,0
2,monolithic_k8s_1svc,97,32.55376499873819,31.530557997029973,1.023207001708215,602112,1,31.530557997029973,0.04836300286115147,0.009090999810723588,0.0,602112,0.0,0.0,0.0,0.0,0,0.0,0.0,0.0,0.0,0,0.0,0.0,0.0,0.0,0,0.0,0.0,0.0,0.0,0
2,monolithic_k8s_1svc,98,33.045098000002326,32.06495300037204,0.9801449996302836,602112,1,32.06495300037204,0.05167400013306178,0.009220999345416203,0.0,602112,0.0,0.0,0.0,0.0,0,0.0,0.0,0.0,0.0,0,0.0,0.0,0.0,0.0,0,0.0,0.0,0.0,0.0,0
2,monolithic_k8s_1svc,99,34.720288997050375,33.75713500281563,0.9631539942347445,602112,1,33.75713500281563,0.047462999646086246,0.008439998055109754,0.0,602112,0.0,0.0,0.0,0.0,0,0.0,0.0,0.0,0.0,0,0.0,0.0,0.0,0.0,0,0.0,0.0,0.0,0.0,0
2,monolithic_k8s_1svc,100,32.57739699984086,31.62836400224478,0.9490329975960776,602112,1,31.62836400224478,0.04742300006910227,0.010280997230438516,0.0,602112,0.0,0.0,0.0,0.0,0,0.0,0.0,0.0,0.0,0,0.0,0.0,0.0,0.0,0,0.0,0.0,0.0,0.0,0
2,monolithic_k8s_1svc,101,33.245161997911055,32.32055099942954,0.9246109984815121,602112,1,32.32055099942954,0.05509399852599017,0.00804000228527002,0.0,602112,0.0,0.0,0.0,0.0,0,0.0,0.0,0.0,0.0,0,0.0,0.0,0.0,0.0,0,0.0,0.0,0.0,0.0,0
2,monolithic_k8s_1svc,102,33.548645998962456,32.50323199972627,1.0454139992361888,602112,1,32.50323199972627,0.1041370014718268,0.009349998435936868,0.0,602112,0.0,0.0,0.0,0.0,0,0.0,0.0,0.0,0.0,0,0.0,0.0,0.0,0.0,0,0.0,0.0,0.0,0.0,0
2,monolithic_k8s_1svc,103,33.230060998903355,32.20836299806251,1.0216980008408427,602112,1,32.20836299806251,0.05099299960420467,0.011310999980196357,0.0,602112,0.0,0.0,0.0,0.0,0,0.0,0.0,0.0,0.0,0,0.0,0.0,0.0,0.0,0,0.0,0.0,0.0,0.0,0
2,monolithic_k8s_1svc,104,33.27022300072713,32.23726499709301,1.0329580036341213,602112,1,32.23726499709301,0.05493300341186114,0.010911000572377816,0.0,602112,0.0,0.0,0.0,0.0,0,0.0,0.0,0.0,0.0,0,0.0,0.0,0.0,0.0,0,0.0,0.0,0.0,0.0,0
2,monolithic_k8s_1svc,105,35.61395200085826,34.31275100228959,1.3012009985686745,602112,1,34.31275100228959,0.07744599861325696,0.021651998395100236,0.0,602112,0.0,0.0,0.0,0.0,0,0.0,0.0,0.0,0.0,0,0.0,0.0,0.0,0.0,0,0.0,0.0,0.0,0.0,0
2,monolithic_k8s_1svc,106,34.8516269987158,33.40380199733772,1.447825001378078,602112,1,33.40380199733772,0.09517600119579583,0.01491100192652084,0.0,602112,0.0,0.0,0.0,0.0,0,0.0,0.0,0.0,0.0,0,0.0,0.0,0.0,0.0,0,0.0,0.0,0.0,0.0,0
2,monolithic_k8s_1svc,107,33.905085001606494,32.77916699880734,1.1259180027991533,602112,1,32.77916699880734,0.05819400030304678,0.011691001418512315,0.0,602112,0.0,0.0,0.0,0.0,0,0.0,0.0,0.0,0.0,0,0.0,0.0,0.0,0.0,0,0.0,0.0,0.0,0.0,0
2,monolithic_k8s_1svc,108,33.701151001878316,32.6323700028297,1.068780999048613,602112,1,32.6323700028297,0.05158400017535314,0.008980998245533556,0.0,602112,0.0,0.0,0.0,0.0,0,0.0,0.0,0.0,0.0,0,0.0,0.0,0.0,0.0,0,0.0,0.0,0.0,0.0,0
2,monolithic_k8s_1svc,109,33.23999599888339,32.26628000265919,0.9737159962242004,602112,1,32.26628000265919,0.05435399725683965,0.0084509993030224,0.0,602112,0.0,0.0,0.0,0.0,0,0.0,0.0,0.0,0.0,0,0.0,0.0,0.0,0.0,0,0.0,0.0,0.0,0.0,0
2,monolithic_k8s_1svc,110,33.45009600161575,32.44731900122133,1.002777000394417,602112,1,32.44731900122133,0.05088399848318659,0.009930998203344643,0.0,602112,0.0,0.0,0.0,0.0,0,0.0,0.0,0.0,0.0,0,0.0,0.0,0.0,0.0,0,0.0,0.0,0.0,0.0,0
2,monolithic_k8s_1svc,111,35.016442998312414,33.96108899687533,1.055354001437081,602112,1,33.96108899687533,0.057514000218361616,0.008270002581411973,0.0,602112,0.0,0.0,0.0,0.0,0,0.0,0.0,0.0,0.0,0,0.0,0.0,0.0,0.0,0,0.0,0.0,0.0,0.0,0
2,monolithic_k8s_1svc,112,32.35541300091427,31.3372860000527,1.0181270008615684,602112,1,31.3372860000527,0.08267600060207769,0.007519996870541945,0.0,602112,0.0,0.0,0.0,0.0,0,0.0,0.0,0.0,0.0,0,0.0,0.0,0.0,0.0,0,0.0,0.0,0.0,0.0,0
2,monolithic_k8s_1svc,113,34.13776999877882,33.1361040007323,1.0016659980465192,602112,1,33.1361040007323,0.04471300053410232,0.009760999091668054,0.0,602112,0.0,0.0,0.0,0.0,0,0.0,0.0,0.0,0.0,0,0.0,0.0,0.0,0.0,0,0.0,0.0,0.0,0.0,0
2,monolithic_k8s_1svc,114,33.31980599978124,32.271337000565836,1.0484689992154017,602112,1,32.271337000565836,0.05658399823005311,0.008630999218439683,0.0,602112,0.0,0.0,0.0,0.0,0,0.0,0.0,0.0,0.0,0,0.0,0.0,0.0,0.0,0,0.0,0.0,0.0,0.0,0
2,monolithic_k8s_1svc,115,33.83201000178815,32.712541997170774,1.1194680046173744,602112,1,32.712541997170774,0.0497130022267811,0.00934100171434693,0.0,602112,0.0,0.0,0.0,0.0,0,0.0,0.0,0.0,0.0,0,0.0,0.0,0.0,0.0,0,0.0,0.0,0.0,0.0,0
2,monolithic_k8s_1svc,116,32.6007789990399,31.56906599906506,1.0317129999748431,602112,1,31.56906599906506,0.04958299905410968,0.008341001375811175,0.0,602112,0.0,0.0,0.0,0.0,0,0.0,0.0,0.0,0.0,0,0.0,0.0,0.0,0.0,0,0.0,0.0,0.0,0.0,0
2,monolithic_k8s_1svc,117,32.374734997574706,31.37865400276496,0.9960809948097449,602112,1,31.37865400276496,0.048952999350149184,0.008011000318219885,0.0,602112,0.0,0.0,0.0,0.0,0,0.0,0.0,0.0,0.0,0,0.0,0.0,0.0,0.0,0,0.0,0.0,0.0,0.0,0
2,monolithic_k8s_1svc,118,32.613809999020305,31.59665299972403,1.017156999296276,602112,1,31.59665299972403,0.04783300028066151,0.008939998224377632,0.0,602112,0.0,0.0,0.0,0.0,0,0.0,0.0,0.0,0.0,0,0.0,0.0,0.0,0.0,0,0.0,0.0,0.0,0.0,0
2,monolithic_k8s_1svc,119,32.71397699791123,31.68509900206118,1.0288779958500527,602112,1,31.68509900206118,0.052093997510382906,0.00833000012789853,0.0,602112,0.0,0.0,0.0,0.0,0,0.0,0.0,0.0,0.0,0,0.0,0.0,0.0,0.0,0,0.0,0.0,0.0,0.0,0
2,monolithic_k8s_1svc,120,33.130489002360264,32.131212999956915,0.9992760024033487,602112,1,32.131212999956915,0.047633999201934785,0.008641000022180378,0.0,602112,0.0,0.0,0.0,0.0,0,0.0,0.0,0.0,0.0,0,0.0,0.0,0.0,0.0,0,0.0,0.0,0.0,0.0,0
2,monolithic_k8s_1svc,121,33.54952600057004,32.514662998437416,1.0348630021326244,602112,1,32.514662998437416,0.052623003284679726,0.008760998753132299,0.0,602112,0.0,0.0,0.0,0.0,0,0.0,0.0,0.0,0.0,0,0.0,0.0,0.0,0.0,0,0.0,0.0,0.0,0.0,0
2,monolithic_k8s_1svc,122,33.44786500019836,32.437644000310684,1.0102209998876788,602112,1,32.437644000310684,0.05646399949910119,0.009501000022282824,0.0,602112,0.0,0.0,0.0,0.0,0,0.0,0.0,0.0,0.0,0,0.0,0.0,0.0,0.0,0,0.0,0.0,0.0,0.0,0
2,monolithic_k8s_1svc,123,35.104909002257045,34.11063900057343,0.994270001683617,602112,1,34.11063900057343,0.06258400026126765,0.011219999578315765,0.0,602112,0.0,0.0,0.0,0.0,0,0.0,0.0,0.0,0.0,0,0.0,0.0,0.0,0.0,0,0.0,0.0,0.0,0.0,0
2,monolithic_k8s_1svc,124,32.77018600056181,31.705979999969713,1.064206000592094,602112,1,31.705979999969713,0.06160400153021328,0.009090999810723588,0.0,602112,0.0,0.0,0.0,0.0,0,0.0,0.0,0.0,0.0,0,0.0,0.0,0.0,0.0,0,0.0,0.0,0.0,0.0,0
2,monolithic_k8s_1svc,125,33.44098399975337,32.33553700192715,1.1054469978262205,602112,1,32.33553700192715,0.06511399988085032,0.008971001079771668,0.0,602112,0.0,0.0,0.0,0.0,0,0.0,0.0,0.0,0.0,0,0.0,0.0,0.0,0.0,0,0.0,0.0,0.0,0.0,0
2,monolithic_k8s_1svc,126,33.367039999575354,32.448007998027606,0.9190320015477482,602112,1,32.448007998027606,0.04995400013285689,0.00847100091050379,0.0,602112,0.0,0.0,0.0,0.0,0,0.0,0.0,0.0,0.0,0,0.0,0.0,0.0,0.0,0,0.0,0.0,0.0,0.0,0
2,monolithic_k8s_1svc,127,33.349344001180725,32.40203600216773,0.9473079990129918,602112,1,32.40203600216773,0.052823997975792736,0.008130999049171805,0.0,602112,0.0,0.0,0.0,0.0,0,0.0,0.0,0.0,0.0,0,0.0,0.0,0.0,0.0,0,0.0,0.0,0.0,0.0,0
2,monolithic_k8s_1svc,128,32.8084780012432,31.804926999029703,1.0035510022134986,602112,1,31.804926999029703,0.04710299981525168,0.00886999987415038,0.0,602112,0.0,0.0,0.0,0.0,0,0.0,0.0,0.0,0.0,0,0.0,0.0,0.0,0.0,0,0.0,0.0,0.0,0.0,0
2,monolithic_k8s_1svc,129,32.596447999821976,31.60413899968262,0.9923090001393575,602112,1,31.60413899968262,0.0631240000075195,0.009320003300672397,0.0,602112,0.0,0.0,0.0,0.0,0,0.0,0.0,0.0,0.0,0,0.0,0.0,0.0,0.0,0,0.0,0.0,0.0,0.0,0
2,monolithic_k8s_1svc,130,32.85832600158756,31.920284000079846,0.9380420015077107,602112,1,31.920284000079846,0.05078300091554411,0.00816000101622194,0.0,602112,0.0,0.0,0.0,0.0,0,0.0,0.0,0.0,0.0,0,0.0,0.0,0.0,0.0,0,0.0,0.0,0.0,0.0,0
2,monolithic_k8s_1svc,131,32.57794700039085,31.600562997482484,0.9773840029083658,602112,1,31.600562997482484,0.06232400119188242,0.00804100272944197,0.0,602112,0.0,0.0,0.0,0.0,0,0.0,0.0,0.0,0.0,0,0.0,0.0,0.0,0.0,0,0.0,0.0,0.0,0.0,0
2,monolithic_k8s_1svc,132,33.10211800271645,32.08641399760381,1.0157040051126387,602112,1,32.08641399760381,0.05061400224803947,0.008130002242978662,0.0,602112,0.0,0.0,0.0,0.0,0,0.0,0.0,0.0,0.0,0,0.0,0.0,0.0,0.0,0,0.0,0.0,0.0,0.0,0
2,monolithic_k8s_1svc,133,33.68614600185538,32.72039299918106,0.9657530026743189,602112,1,32.72039299918106,0.048973000957630575,0.0107810010376852,0.0,602112,0.0,0.0,0.0,0.0,0,0.0,0.0,0.0,0.0,0,0.0,0.0,0.0,0.0,0,0.0,0.0,0.0,0.0,0
2,monolithic_k8s_1svc,134,33.47803699944052,32.39813100299216,1.0799059964483604,602112,1,32.39813100299216,0.05534399679163471,0.008929997420636937,0.0,602112,0.0,0.0,0.0,0.0,0,0.0,0.0,0.0,0.0,0,0.0,0.0,0.0,0.0,0,0.0,0.0,0.0,0.0,0
2,monolithic_k8s_1svc,135,33.92288599934545,32.81020299982629,1.1126829995191656,602112,1,32.81020299982629,0.05417300053522922,0.012890999641967937,0.0,602112,0.0,0.0,0.0,0.0,0,0.0,0.0,0.0,0.0,0,0.0,0.0,0.0,0.0,0,0.0,0.0,0.0,0.0,0
2,monolithic_k8s_1svc,136,33.61847700216458,32.49769800095237,1.1207790012122132,602112,1,32.49769800095237,0.0807959986559581,0.009620998753234744,0.0,602112,0.0,0.0,0.0,0.0,0,0.0,0.0,0.0,0.0,0,0.0,0.0,0.0,0.0,0,0.0,0.0,0.0,0.0,0
2,monolithic_k8s_1svc,137,33.59763900152757,32.55283600083203,1.0448030006955378,602112,1,32.55283600083203,0.057682998885866255,0.009030998626258224,0.0,602112,0.0,0.0,0.0,0.0,0,0.0,0.0,0.0,0.0,0,0.0,0.0,0.0,0.0,0,0.0,0.0,0.0,0.0,0
2,monolithic_k8s_1svc,138,33.422162996430416,32.40868599823443,1.0134769981959835,602112,1,32.40868599823443,0.056593002227600664,0.008630999218439683,0.0,602112,0.0,0.0,0.0,0.0,0,0.0,0.0,0.0,0.0,0,0.0,0.0,0.0,0.0,0,0.0,0.0,0.0,0.0,0
2,monolithic_k8s_1svc,139,32.66812800211483,31.72197099775076,0.9461570043640677,602112,1,31.72197099775076,0.05094299922348,0.009571002010488883,0.0,602112,0.0,0.0,0.0,0.0,0,0.0,0.0,0.0,0.0,0,0.0,0.0,0.0,0.0,0,0.0,0.0,0.0,0.0,0
2,monolithic_k8s_1svc,140,32.56867299933219,31.603072999132564,0.965600000199629,602112,1,31.603072999132564,0.047753997932886705,0.008200000593205914,0.0,602112,0.0,0.0,0.0,0.0,0,0.0,0.0,0.0,0.0,0,0.0,0.0,0.0,0.0,0,0.0,0.0,0.0,0.0,0
2,monolithic_k8s_1svc,141,34.096041999873705,33.15367100003641,0.9423709998372942,602112,1,33.15367100003641,0.05080299888504669,0.009941002645064145,0.0,602112,0.0,0.0,0.0,0.0,0,0.0,0.0,0.0,0.0,0,0.0,0.0,0.0,0.0,0,0.0,0.0,0.0,0.0,0
2,monolithic_k8s_1svc,142,32.602169001620496,31.596636999893235,1.0055320017272606,602112,1,31.596636999893235,0.052484003390418366,0.008320999768329784,0.0,602112,0.0,0.0,0.0,0.0,0,0.0,0.0,0.0,0.0,0,0.0,0.0,0.0,0.0,0,0.0,0.0,0.0,0.0,0
2,monolithic_k8s_1svc,143,34.36826200049836,33.391851000487804,0.9764110000105575,602112,1,33.391851000487804,0.04728299973066896,0.011271000403212383,0.0,602112,0.0,0.0,0.0,0.0,0,0.0,0.0,0.0,0.0,0,0.0,0.0,0.0,0.0,0,0.0,0.0,0.0,0.0,0
2,monolithic_k8s_1svc,144,33.70149600232253,32.719552000344265,0.9819440019782633,602112,1,32.719552000344265,0.05170399890630506,0.009469997166888788,0.0,602112,0.0,0.0,0.0,0.0,0,0.0,0.0,0.0,0.0,0,0.0,0.0,0.0,0.0,0,0.0,0.0,0.0,0.0,0
2,monolithic_k8s_1svc,145,33.28504400269594,32.31148400300299,0.9735599996929523,602112,1,32.31148400300299,0.05641399911837652,0.009411000064574182,0.0,602112,0.0,0.0,0.0,0.0,0,0.0,0.0,0.0,0.0,0,0.0,0.0,0.0,0.0,0,0.0,0.0,0.0,0.0,0
2,monolithic_k8s_1svc,146,34.08011200008332,33.00572599982843,1.07438600025489,602112,1,33.00572599982843,0.04886299939244054,0.010650997865013778,0.0,602112,0.0,0.0,0.0,0.0,0,0.0,0.0,0.0,0.0,0,0.0,0.0,0.0,0.0,0,0.0,0.0,0.0,0.0,0
2,monolithic_k8s_1svc,147,33.30596500018146,32.35031200165395,0.955652998527512,602112,1,32.35031200165395,0.05310399865265936,0.00827999974717386,0.0,602112,0.0,0.0,0.0,0.0,0,0.0,0.0,0.0,0.0,0,0.0,0.0,0.0,0.0,0,0.0,0.0,0.0,0.0,0
2,monolithic_k8s_1svc,148,33.664548998785904,32.637370997690596,1.027178001095308,602112,1,32.637370997690596,0.07732499943813309,0.008360002539120615,0.0,602112,0.0,0.0,0.0,0.0,0,0.0,0.0,0.0,0.0,0,0.0,0.0,0.0,0.0,0,0.0,0.0,0.0,0.0,0
2,monolithic_k8s_1svc,149,33.137893999082735,32.11565699893981,1.0222370001429226,602112,1,32.11565699893981,0.049234000471187755,0.007971000741235912,0.0,602112,0.0,0.0,0.0,0.0,0,0.0,0.0,0.0,0.0,0,0.0,0.0,0.0,0.0,0,0.0,0.0,0.0,0.0,0
2,monolithic_k8s_1svc,150,33.96974399947794,32.978933999402216,0.9908100000757258,602112,1,32.978933999402216,0.05410399899119511,0.009160001354757696,0.0,602112,0.0,0.0,0.0,0.0,0,0.0,0.0,0.0,0.0,0,0.0,0.0,0.0,0.0,0,0.0,0.0,0.0,0.0,0
2,monolithic_k8s_1svc,151,34.01262699844665,32.814542999403784,1.1980839990428649,602112,1,32.814542999403784,0.0620339997112751,0.012751002941513434,0.0,602112,0.0,0.0,0.0,0.0,0,0.0,0.0,0.0,0.0,0,0.0,0.0,0.0,0.0,0,0.0,0.0,0.0,0.0,0
2,monolithic_k8s_1svc,152,32.9538859987224,31.88489199965261,1.0689939990697894,602112,1,31.88489199965261,0.05708399839932099,0.009819999831961468,0.0,602112,0.0,0.0,0.0,0.0,0,0.0,0.0,0.0,0.0,0,0.0,0.0,0.0,0.0,0,0.0,0.0,0.0,0.0,0
2,monolithic_k8s_1svc,153,34.40329800287145,33.39649099871167,1.006807004159782,602112,1,33.39649099871167,0.05321400021784939,0.011200001608813182,0.0,602112,0.0,0.0,0.0,0.0,0,0.0,0.0,0.0,0.0,0,0.0,0.0,0.0,0.0,0,0.0,0.0,0.0,0.0,0
2,monolithic_k8s_1svc,154,34.02075399935711,32.936921998043545,1.0838320013135672,602112,1,32.936921998043545,0.06151400157250464,0.01623100251890719,0.0,602112,0.0,0.0,0.0,0.0,0,0.0,0.0,0.0,0.0,0,0.0,0.0,0.0,0.0,0,0.0,0.0,0.0,0.0,0
2,monolithic_k8s_1svc,155,32.58785700018052,31.56135500103119,1.0265019991493318,602112,1,31.56135500103119,0.05151300138095394,0.008759998308960348,0.0,602112,0.0,0.0,0.0,0.0,0,0.0,0.0,0.0,0.0,0,0.0,0.0,0.0,0.0,0,0.0,0.0,0.0,0.0,0
2,monolithic_k8s_1svc,156,33.59250499852351,32.62097100014216,0.9715339983813465,602112,1,32.62097100014216,0.06057399878045544,0.010290001227986068,0.0,602112,0.0,0.0,0.0,0.0,0,0.0,0.0,0.0,0.0,0,0.0,0.0,0.0,0.0,0,0.0,0.0,0.0,0.0,0
2,monolithic_k8s_1svc,157,32.88724699814338,31.83863400045084,1.048612997692544,602112,1,31.83863400045084,0.05299300028127618,0.009120998583966866,0.0,602112,0.0,0.0,0.0,0.0,0,0.0,0.0,0.0,0.0,0,0.0,0.0,0.0,0.0,0,0.0,0.0,0.0,0.0,0
2,monolithic_k8s_1svc,158,34.09120699870982,33.03026200228487,1.0609449964249507,602112,1,33.03026200228487,0.054143998568179086,0.009640996722737327,0.0,602112,0.0,0.0,0.0,0.0,0,0.0,0.0,0.0,0.0,0,0.0,0.0,0.0,0.0,0,0.0,0.0,0.0,0.0,0
2,monolithic_k8s_1svc,159,33.68357100043795,32.69043500040425,0.9931360000337008,602112,1,32.69043500040425,0.05744399823015556,0.011790998541982844,0.0,602112,0.0,0.0,0.0,0.0,0,0.0,0.0,0.0,0.0,0,0.0,0.0,0.0,0.0,0,0.0,0.0,0.0,0.0,0
2,monolithic_k8s_1svc,160,34.03577399876667,32.88304300076561,1.1527309980010614,602112,1,32.88304300076561,0.053593001211993396,0.009510997188044712,0.0,602112,0.0,0.0,0.0,0.0,0,0.0,0.0,0.0,0.0,0,0.0,0.0,0.0,0.0,0,0.0,0.0,0.0,0.0,0
2,monolithic_k8s_1svc,161,33.817379000538494,32.80095800073468,1.0164209998038132,602112,1,32.80095800073468,0.050702998123597354,0.010201001714449376,0.0,602112,0.0,0.0,0.0,0.0,0,0.0,0.0,0.0,0.0,0,0.0,0.0,0.0,0.0,0,0.0,0.0,0.0,0.0,0
2,monolithic_k8s_1svc,162,33.90411399959703,32.78367000166327,1.1204439979337621,602112,1,32.78367000166327,0.061504000768763945,0.010269999620504677,0.0,602112,0.0,0.0,0.0,0.0,0,0.0,0.0,0.0,0.0,0,0.0,0.0,0.0,0.0,0,0.0,0.0,0.0,0.0,0
2,monolithic_k8s_1svc,163,35.26845499800402,34.12621399911586,1.1422409988881554,602112,1,34.12621399911586,0.06801400013500825,0.010341002052882686,0.0,602112,0.0,0.0,0.0,0.0,0,0.0,0.0,0.0,0.0,0,0.0,0.0,0.0,0.0,0,0.0,0.0,0.0,0.0,0
2,monolithic_k8s_1svc,164,32.975308000459336,31.89669600033085,1.0786120001284871,602112,1,31.89669600033085,0.05965399759588763,0.010720999853219837,0.0,602112,0.0,0.0,0.0,0.0,0,0.0,0.0,0.0,0.0,0,0.0,0.0,0.0,0.0,0,0.0,0.0,0.0,0.0,0
2,monolithic_k8s_1svc,165,33.58305700021447,32.573307002166985,1.0097499980474822,602112,1,32.573307002166985,0.05736399907618761,0.009519997547613457,0.0,602112,0.0,0.0,0.0,0.0,0,0.0,0.0,0.0,0.0,0,0.0,0.0,0.0,0.0,0,0.0,0.0,0.0,0.0,0
2,monolithic_k8s_1svc,166,33.77203499985626,32.804165999550605,0.9678690003056545,602112,1,32.804165999550605,0.054253003327175975,0.00942099723033607,0.0,602112,0.0,0.0,0.0,0.0,0,0.0,0.0,0.0,0.0,0,0.0,0.0,0.0,0.0,0,0.0,0.0,0.0,0.0,0
2,monolithic_k8s_1svc,167,33.72536599999876,32.72793699943577,0.9974290005629882,602112,1,32.72793699943577,0.04882299981545657,0.01075999898603186,0.0,602112,0.0,0.0,0.0,0.0,0,0.0,0.0,0.0,0.0,0,0.0,0.0,0.0,0.0,0,0.0,0.0,0.0,0.0,0
2,monolithic_k8s_1svc,168,33.627185999648646,32.460677997733,1.1665080019156449,602112,1,32.460677997733,0.051663999329321086,0.009311002941103652,0.0,602112,0.0,0.0,0.0,0.0,0,0.0,0.0,0.0,0.0,0,0.0,0.0,0.0,0.0,0,0.0,0.0,0.0,0.0,0
2,monolithic_k8s_1svc,169,33.92015999997966,32.90056799960439,1.019592000375269,602112,1,32.90056799960439,0.06145499719423242,0.009420000424142927,0.0,602112,0.0,0.0,0.0,0.0,0,0.0,0.0,0.0,0.0,0,0.0,0.0,0.0,0.0,0,0.0,0.0,0.0,0.0,0
2,monolithic_k8s_1svc,170,32.750073998613516,31.747347002237802,1.0027269963757135,602112,1,31.747347002237802,0.05194299956201576,0.009821000276133418,0.0,602112,0.0,0.0,0.0,0.0,0,0.0,0.0,0.0,0.0,0,0.0,0.0,0.0,0.0,0,0.0,0.0,0.0,0.0,0
2,monolithic_k8s_1svc,171,33.628048997343285,32.67486199911218,0.9531869982311036,602112,1,32.67486199911218,0.08048100062296726,0.008520000847056508,0.0,602112,0.0,0.0,0.0,0.0,0,0.0,0.0,0.0,0.0,0,0.0,0.0,0.0,0.0,0,0.0,0.0,0.0,0.0,0
2,monolithic_k8s_1svc,172,33.794957002101,32.80944599828217,0.9855110038188286,602112,1,32.80944599828217,0.052514002163661644,0.009090999810723588,0.0,602112,0.0,0.0,0.0,0.0,0,0.0,0.0,0.0,0.0,0,0.0,0.0,0.0,0.0,0,0.0,0.0,0.0,0.0,0
2,monolithic_k8s_1svc,173,32.711473999370355,31.641039000533056,1.0704349988372996,602112,1,31.641039000533056,0.05029399835621007,0.009409999620402232,0.0,602112,0.0,0.0,0.0,0.0,0,0.0,0.0,0.0,0.0,0,0.0,0.0,0.0,0.0,0,0.0,0.0,0.0,0.0,0
2,monolithic_k8s_1svc,174,32.79015600128332,31.7616869979247,1.028469003358623,602112,1,31.7616869979247,0.05037300070398487,0.010141000529984012,0.0,602112,0.0,0.0,0.0,0.0,0,0.0,0.0,0.0,0.0,0,0.0,0.0,0.0,0.0,0,0.0,0.0,0.0,0.0,0
2,monolithic_k8s_1svc,175,32.73962099774508,31.743716001074063,0.9959049966710154,602112,1,31.743716001074063,0.0587739996262826,0.008630999218439683,0.0,602112,0.0,0.0,0.0,0.0,0,0.0,0.0,0.0,0.0,0,0.0,0.0,0.0,0.0,0,0.0,0.0,0.0,0.0,0
2,monolithic_k8s_1svc,176,32.685928999853786,31.73273499851348,0.9531940013403073,602112,1,31.73273499851348,0.05261300248093903,0.019741000869544223,0.0,602112,0.0,0.0,0.0,0.0,0,0.0,0.0,0.0,0.0,0,0.0,0.0,0.0,0.0,0,0.0,0.0,0.0,0.0,0
2,monolithic_k8s_1svc,177,33.23421999812126,32.065288000012515,1.1689319981087465,602112,1,32.065288000012515,0.056244000006699935,0.00872999953571707,0.0,602112,0.0,0.0,0.0,0.0,0,0.0,0.0,0.0,0.0,0,0.0,0.0,0.0,0.0,0,0.0,0.0,0.0,0.0,0
2,monolithic_k8s_1svc,178,33.008004997100215,31.92317700086278,1.0848279962374363,602112,1,31.92317700086278,0.05507400055648759,0.00916099816095084,0.0,602112,0.0,0.0,0.0,0.0,0,0.0,0.0,0.0,0.0,0,0.0,0.0,0.0,0.0,0,0.0,0.0,0.0,0.0,0
2,monolithic_k8s_1svc,179,35.81520499938051,34.76363099980517,1.0515739995753393,602112,1,34.76363099980517,0.05040299947722815,0.01208100002259016,0.0,602112,0.0,0.0,0.0,0.0,0,0.0,0.0,0.0,0.0,0,0.0,0.0,0.0,0.0,0,0.0,0.0,0.0,0.0,0
2,monolithic_k8s_1svc,180,33.40888599996106,32.370936998631805,1.0379490013292525,602112,1,32.370936998631805,0.05778400009148754,0.008860999514581636,0.0,602112,0.0,0.0,0.0,0.0,0,0.0,0.0,0.0,0.0,0,0.0,0.0,0.0,0.0,0,0.0,0.0,0.0,0.0,0
2,monolithic_k8s_1svc,181,33.130208001239225,32.154018997971434,0.9761890032677911,602112,1,32.154018997971434,0.049253001634497195,0.00790000194683671,0.0,602112,0.0,0.0,0.0,0.0,0,0.0,0.0,0.0,0.0,0,0.0,0.0,0.0,0.0,0,0.0,0.0,0.0,0.0,0
2,monolithic_k8s_1svc,182,34.808882999641355,33.90376899915282,0.9051140004885383,602112,1,33.90376899915282,0.06071399911888875,0.008800001523923129,0.0,602112,0.0,0.0,0.0,0.0,0,0.0,0.0,0.0,0.0,0,0.0,0.0,0.0,0.0,0,0.0,0.0,0.0,0.0,0
2,monolithic_k8s_1svc,183,33.70216999974218,32.73336100028246,0.9688089994597249,602112,1,32.73336100028246,0.04918299964629114,0.0090810026449617,0.0,602112,0.0,0.0,0.0,0.0,0,0.0,0.0,0.0,0.0,0,0.0,0.0,0.0,0.0,0,0.0,0.0,0.0,0.0,0
2,monolithic_k8s_1svc,184,33.854681001685094,32.836934999068035,1.0177460026170593,602112,1,32.836934999068035,0.0498629997309763,0.009031002264237031,0.0,602112,0.0,0.0,0.0,0.0,0,0.0,0.0,0.0,0.0,0,0.0,0.0,0.0,0.0,0,0.0,0.0,0.0,0.0,0
2,monolithic_k8s_1svc,185,33.39120999953593,32.42835199853289,0.9628580010030419,602112,1,32.42835199853289,0.052612998842960224,0.008000002708286047,0.0,602112,0.0,0.0,0.0,0.0,0,0.0,0.0,0.0,0.0,0,0.0,0.0,0.0,0.0,0,0.0,0.0,0.0,0.0,0
2,monolithic_k8s_1svc,186,33.310019000055036,32.34548500040546,0.964533999649575,602112,1,32.34548500040546,0.05469399911817163,0.007981001544976607,0.0,602112,0.0,0.0,0.0,0.0,0,0.0,0.0,0.0,0.0,0,0.0,0.0,0.0,0.0,0,0.0,0.0,0.0,0.0,0
2,monolithic_k8s_1svc,187,33.20563799934462,32.171254002605565,1.0343839967390522,602112,1,32.171254002605565,0.05306399907567538,0.009110997780226171,0.0,602112,0.0,0.0,0.0,0.0,0,0.0,0.0,0.0,0.0,0,0.0,0.0,0.0,0.0,0,0.0,0.0,0.0,0.0,0
2,monolithic_k8s_1svc,188,32.715344997996,31.56224800113705,1.1530969968589488,602112,1,31.56224800113705,0.052372997743077576,0.013361001037992537,0.0,602112,0.0,0.0,0.0,0.0,0,0.0,0.0,0.0,0.0,0,0.0,0.0,0.0,0.0,0,0.0,0.0,0.0,0.0,0
2,monolithic_k8s_1svc,189,33.50640800272231,32.507592000911245,0.9988160018110648,602112,1,32.507592000911245,0.04983399776392616,0.007990001904545352,0.0,602112,0.0,0.0,0.0,0.0,0,0.0,0.0,0.0,0.0,0,0.0,0.0,0.0,0.0,0,0.0,0.0,0.0,0.0,0
2,monolithic_k8s_1svc,190,32.38973399857059,31.40077300122357,0.9889609973470215,602112,1,31.40077300122357,0.050533999456092715,0.007589998858748004,0.0,602112,0.0,0.0,0.0,0.0,0,0.0,0.0,0.0,0.0,0,0.0,0.0,0.0,0.0,0,0.0,0.0,0.0,0.0,0
2,monolithic_k8s_1svc,191,33.3445420001226,32.39082899744972,0.9537130026728846,602112,1,32.39082899744972,0.05023300036555156,0.009011000656755641,0.0,602112,0.0,0.0,0.0,0.0,0,0.0,0.0,0.0,0.0,0,0.0,0.0,0.0,0.0,0,0.0,0.0,0.0,0.0,0
2,monolithic_k8s_1svc,192,32.574662000115495,31.59316600067541,0.9814959994400851,602112,1,31.59316600067541,0.05023300036555156,0.009590999979991466,0.0,602112,0.0,0.0,0.0,0.0,0,0.0,0.0,0.0,0.0,0,0.0,0.0,0.0,0.0,0,0.0,0.0,0.0,0.0,0
2,monolithic_k8s_1svc,193,33.746483000868466,32.76609299791744,0.980390002951026,602112,1,32.76609299791744,0.06259400106500834,0.008921000699047,0.0,602112,0.0,0.0,0.0,0.0,0,0.0,0.0,0.0,0.0,0,0.0,0.0,0.0,0.0,0,0.0,0.0,0.0,0.0,0
2,monolithic_k8s_1svc,194,33.445193999796174,32.438097998237936,1.0070960015582386,602112,1,32.438097998237936,0.05093300205771811,0.008959999831859022,0.0,602112,0.0,0.0,0.0,0.0,0,0.0,0.0,0.0,0.0,0,0.0,0.0,0.0,0.0,0,0.0,0.0,0.0,0.0,0
2,monolithic_k8s_1svc,195,32.91561299920431,31.944579000992235,0.9710339982120786,602112,1,31.944579000992235,0.05104299998492934,0.007930000720079988,0.0,602112,0.0,0.0,0.0,0.0,0,0.0,0.0,0.0,0.0,0,0.0,0.0,0.0,0.0,0,0.0,0.0,0.0,0.0,0
2,monolithic_k8s_1svc,196,33.05893300057505,32.07547700003488,0.9834560005401727,602112,1,32.07547700003488,0.052134000725345686,0.008391001756535843,0.0,602112,0.0,0.0,0.0,0.0,0,0.0,0.0,0.0,0.0,0,0.0,0.0,0.0,0.0,0,0.0,0.0,0.0,0.0,0
2,monolithic_k8s_1svc,197,32.89455699996324,31.92117800062988,0.973378999333363,602112,1,31.92117800062988,0.06096400102251209,0.008459999662591144,0.0,602112,0.0,0.0,0.0,0.0,0,0.0,0.0,0.0,0.0,0,0.0,0.0,0.0,0.0,0,0.0,0.0,0.0,0.0,0
2,monolithic_k8s_1svc,198,32.38750400123536,31.42293600103585,0.9645680001995061,602112,1,31.42293600103585,0.05009300002711825,0.007940998330013826,0.0,602112,0.0,0.0,0.0,0.0,0,0.0,0.0,0.0,0.0,0,0.0,0.0,0.0,0.0,0,0.0,0.0,0.0,0.0,0
2,monolithic_k8s_1svc,199,32.83988299881457,31.89429600024596,0.945586998568615,602112,1,31.89429600024596,0.05167299968888983,0.007800997991580516,0.0,602112,0.0,0.0,0.0,0.0,0,0.0,0.0,0.0,0.0,0,0.0,0.0,0.0,0.0,0,0.0,0.0,0.0,0.0,0
2,monolithic_k8s_1svc,200,32.588466001470806,31.614497002010467,0.9739689994603395,602112,1,31.614497002010467,0.05040299947722815,0.007790997187839821,0.0,602112,0.0,0.0,0.0,0.0,0,0.0,0.0,0.0,0.0,0,0.0,0.0,0.0,0.0,0,0.0,0.0,0.0,0.0,0
3,monolithic_k8s_1svc,1,34.022053001535824,32.695070000045234,1.3269830014905892,602112,1,32.695070000045234,0.07036399983917363,0.01064100069925189,0.0,602112,0.0,0.0,0.0,0.0,0,0.0,0.0,0.0,0.0,0,0.0,0.0,0.0,0.0,0,0.0,0.0,0.0,0.0,0
3,monolithic_k8s_1svc,2,32.84337399963988,31.78106899940758,1.0623050002322998,602112,1,31.78106899940758,0.05699399844161235,0.00875100158737041,0.0,602112,0.0,0.0,0.0,0.0,0,0.0,0.0,0.0,0.0,0,0.0,0.0,0.0,0.0,0,0.0,0.0,0.0,0.0,0
3,monolithic_k8s_1svc,3,32.918094999331515,31.887247001577634,1.030847997753881,602112,1,31.887247001577634,0.05119399793329649,0.008961000276030973,0.0,602112,0.0,0.0,0.0,0.0,0,0.0,0.0,0.0,0.0,0,0.0,0.0,0.0,0.0,0,0.0,0.0,0.0,0.0,0
3,monolithic_k8s_1svc,4,35.01250900080777,33.97482099899207,1.0376880018156953,602112,1,33.97482099899207,0.05757300095865503,0.009700001101009548,0.0,602112,0.0,0.0,0.0,0.0,0,0.0,0.0,0.0,0.0,0,0.0,0.0,0.0,0.0,0,0.0,0.0,0.0,0.0,0
3,monolithic_k8s_1svc,5,32.89732800112688,31.90167699722224,0.9956510039046407,602112,1,31.90167699722224,0.05606400009128265,0.009611001587472856,0.0,602112,0.0,0.0,0.0,0.0,0,0.0,0.0,0.0,0.0,0,0.0,0.0,0.0,0.0,0,0.0,0.0,0.0,0.0,0
3,monolithic_k8s_1svc,6,33.04726399801439,32.00396399915917,1.0432999988552183,602112,1,32.00396399915917,0.05566400068346411,0.009171002602670342,0.0,602112,0.0,0.0,0.0,0.0,0,0.0,0.0,0.0,0.0,0,0.0,0.0,0.0,0.0,0,0.0,0.0,0.0,0.0,0
3,monolithic_k8s_1svc,7,33.05267999894568,32.04075699977693,1.0119229991687462,602112,1,32.04075699977693,0.051544000598369166,0.009340998076368123,0.0,602112,0.0,0.0,0.0,0.0,0,0.0,0.0,0.0,0.0,0,0.0,0.0,0.0,0.0,0,0.0,0.0,0.0,0.0,0
3,monolithic_k8s_1svc,8,33.29146500254865,32.253626002784586,1.0378389997640625,602112,1,32.253626002784586,0.06780499825254083,0.009190996934194118,0.0,602112,0.0,0.0,0.0,0.0,0,0.0,0.0,0.0,0.0,0,0.0,0.0,0.0,0.0,0,0.0,0.0,0.0,0.0,0
3,monolithic_k8s_1svc,9,33.377165000274545,32.336456002667546,1.0407089976069983,602112,1,32.336456002667546,0.0587739996262826,0.009240997314918786,0.0,602112,0.0,0.0,0.0,0.0,0,0.0,0.0,0.0,0.0,0,0.0,0.0,0.0,0.0,0,0.0,0.0,0.0,0.0,0
3,monolithic_k8s_1svc,10,33.25893799774349,32.22599400032777,1.032943997415714,602112,1,32.22599400032777,0.05538299956242554,0.009810999472392723,0.0,602112,0.0,0.0,0.0,0.0,0,0.0,0.0,0.0,0.0,0,0.0,0.0,0.0,0.0,0,0.0,0.0,0.0,0.0,0
3,monolithic_k8s_1svc,11,33.393402001820505,32.310485003108624,1.0829169987118803,602112,1,32.310485003108624,0.051693998102564365,0.00977099989540875,0.0,602112,0.0,0.0,0.0,0.0,0,0.0,0.0,0.0,0.0,0,0.0,0.0,0.0,0.0,0,0.0,0.0,0.0,0.0,0
3,monolithic_k8s_1svc,12,33.167706002132036,32.14837799896486,1.0193280031671748,602112,1,32.14837799896486,0.05887400038773194,0.008971001079771668,0.0,602112,0.0,0.0,0.0,0.0,0,0.0,0.0,0.0,0.0,0,0.0,0.0,0.0,0.0,0,0.0,0.0,0.0,0.0,0
3,monolithic_k8s_1svc,13,33.83701499842573,32.80713200001628,1.0298829984094482,602112,1,32.80713200001628,0.057564000599086285,0.008850001904647797,0.0,602112,0.0,0.0,0.0,0.0,0,0.0,0.0,0.0,0.0,0,0.0,0.0,0.0,0.0,0,0.0,0.0,0.0,0.0,0
3,monolithic_k8s_1svc,14,33.87783499783836,32.82457900058944,1.0532559972489253,602112,1,32.82457900058944,0.06147399835754186,0.009899998985929415,0.0,602112,0.0,0.0,0.0,0.0,0,0.0,0.0,0.0,0.0,0,0.0,0.0,0.0,0.0,0,0.0,0.0,0.0,0.0,0
3,monolithic_k8s_1svc,15,33.48970300066867,32.570472998486366,0.919230002182303,602112,1,32.570472998486366,0.05109300036565401,0.008369999704882503,0.0,602112,0.0,0.0,0.0,0.0,0,0.0,0.0,0.0,0.0,0,0.0,0.0,0.0,0.0,0,0.0,0.0,0.0,0.0,0
3,monolithic_k8s_1svc,16,34.0090270001383,32.90794499844196,1.1010820016963407,602112,1,32.90794499844196,0.07640500189154409,0.008539998816559091,0.0,602112,0.0,0.0,0.0,0.0,0,0.0,0.0,0.0,0.0,0,0.0,0.0,0.0,0.0,0,0.0,0.0,0.0,0.0,0
3,monolithic_k8s_1svc,17,32.675678998202784,31.664951999118784,1.0107269990839995,602112,1,31.664951999118784,0.059474001318449154,0.008970000635599717,0.0,602112,0.0,0.0,0.0,0.0,0,0.0,0.0,0.0,0.0,0,0.0,0.0,0.0,0.0,0,0.0,0.0,0.0,0.0,0
3,monolithic_k8s_1svc,18,35.294482000608696,34.38421800092328,0.9102639996854123,602112,1,34.38421800092328,0.049802998546510935,0.00918099976843223,0.0,602112,0.0,0.0,0.0,0.0,0,0.0,0.0,0.0,0.0,0,0.0,0.0,0.0,0.0,0,0.0,0.0,0.0,0.0,0
3,monolithic_k8s_1svc,19,33.36182400016696,32.40035100316163,0.9614729970053304,602112,1,32.40035100316163,0.05373399835661985,0.00988999818218872,0.0,602112,0.0,0.0,0.0,0.0,0,0.0,0.0,0.0,0.0,0,0.0,0.0,0.0,0.0,0,0.0,0.0,0.0,0.0,0
3,monolithic_k8s_1svc,20,33.45943500244175,32.39871400000993,1.0607210024318192,602112,1,32.39871400000993,0.057283999922219664,0.014211000234354287,0.0,602112,0.0,0.0,0.0,0.0,0,0.0,0.0,0.0,0.0,0,0.0,0.0,0.0,0.0,0,0.0,0.0,0.0,0.0,0
3,monolithic_k8s_1svc,21,34.130896001443034,33.1762020032329,0.9546939982101321,602112,1,33.1762020032329,0.05340399729902856,0.008520997653249651,0.0,602112,0.0,0.0,0.0,0.0,0,0.0,0.0,0.0,0.0,0,0.0,0.0,0.0,0.0,0,0.0,0.0,0.0,0.0,0
3,monolithic_k8s_1svc,22,32.86375200332259,31.922899001074256,0.9408530022483319,602112,1,31.922899001074256,0.06453499736380763,0.00899099904927425,0.0,602112,0.0,0.0,0.0,0.0,0,0.0,0.0,0.0,0.0,0,0.0,0.0,0.0,0.0,0,0.0,0.0,0.0,0.0,0
3,monolithic_k8s_1svc,23,32.490525001776405,31.48196999973152,1.0085550020448864,602112,1,31.48196999973152,0.05486299778567627,0.009950999810826033,0.0,602112,0.0,0.0,0.0,0.0,0,0.0,0.0,0.0,0.0,0,0.0,0.0,0.0,0.0,0,0.0,0.0,0.0,0.0,0
3,monolithic_k8s_1svc,24,33.413708999432856,32.47165599896107,0.9420530004717875,602112,1,32.47165599896107,0.05139299901202321,0.009080999006982893,0.0,602112,0.0,0.0,0.0,0.0,0,0.0,0.0,0.0,0.0,0,0.0,0.0,0.0,0.0,0,0.0,0.0,0.0,0.0,0
3,monolithic_k8s_1svc,25,33.51762999955099,32.54132100119023,0.9763089983607642,602112,1,32.54132100119023,0.050982998800463974,0.00847000046633184,0.0,602112,0.0,0.0,0.0,0.0,0,0.0,0.0,0.0,0.0,0,0.0,0.0,0.0,0.0,0,0.0,0.0,0.0,0.0,0
3,monolithic_k8s_1svc,26,33.9272829987749,32.880798000405775,1.0464849983691238,602112,1,32.880798000405775,0.052044000767637044,0.011041000107070431,0.0,602112,0.0,0.0,0.0,0.0,0,0.0,0.0,0.0,0.0,0,0.0,0.0,0.0,0.0,0,0.0,0.0,0.0,0.0,0
3,monolithic_k8s_1svc,27,33.74595400237013,32.63400600189925,1.1119480004708748,602112,1,32.63400600189925,0.06261499947868288,0.008320999768329784,0.0,602112,0.0,0.0,0.0,0.0,0,0.0,0.0,0.0,0.0,0,0.0,0.0,0.0,0.0,0,0.0,0.0,0.0,0.0,0
3,monolithic_k8s_1svc,28,35.371737998502795,34.32316900216392,1.0485689963388722,602112,1,34.32316900216392,0.0546730007044971,0.012340999091975391,0.0,602112,0.0,0.0,0.0,0.0,0,0.0,0.0,0.0,0.0,0,0.0,0.0,0.0,0.0,0,0.0,0.0,0.0,0.0,0
3,monolithic_k8s_1svc,29,33.86114800014184,32.78977700028918,1.071370999852661,602112,1,32.78977700028918,0.05627300197375007,0.008920997061068192,0.0,602112,0.0,0.0,0.0,0.0,0,0.0,0.0,0.0,0.0,0,0.0,0.0,0.0,0.0,0,0.0,0.0,0.0,0.0,0
3,monolithic_k8s_1svc,30,33.599970000068424,32.6036739970732,0.9962960029952228,602112,1,32.6036739970732,0.05535400123335421,0.010450999980093911,0.0,602112,0.0,0.0,0.0,0.0,0,0.0,0.0,0.0,0.0,0,0.0,0.0,0.0,0.0,0,0.0,0.0,0.0,0.0,0
3,monolithic_k8s_1svc,31,33.22257900072145,32.27462200084119,0.9479569998802617,602112,1,32.27462200084119,0.05378299829317257,0.009090999810723588,0.0,602112,0.0,0.0,0.0,0.0,0,0.0,0.0,0.0,0.0,0,0.0,0.0,0.0,0.0,0,0.0,0.0,0.0,0.0,0
3,monolithic_k8s_1svc,32,33.457965997513384,32.53188000235241,0.9260859951609746,602112,1,32.53188000235241,0.052163999498588964,0.009329996828455478,0.0,602112,0.0,0.0,0.0,0.0,0,0.0,0.0,0.0,0.0,0,0.0,0.0,0.0,0.0,0,0.0,0.0,0.0,0.0,0
3,monolithic_k8s_1svc,33,33.380586002749624,32.42764300011913,0.9529430026304908,602112,1,32.42764300011913,0.05048399907536805,0.008959999831859022,0.0,602112,0.0,0.0,0.0,0.0,0,0.0,0.0,0.0,0.0,0,0.0,0.0,0.0,0.0,0,0.0,0.0,0.0,0.0,0
3,monolithic_k8s_1svc,34,34.41767399999662,33.44766000009258,0.9700139999040402,602112,1,33.44766000009258,0.05470399992191233,0.009080999006982893,0.0,602112,0.0,0.0,0.0,0.0,0,0.0,0.0,0.0,0.0,0,0.0,0.0,0.0,0.0,0,0.0,0.0,0.0,0.0,0
3,monolithic_k8s_1svc,35,32.59584300030838,31.640310000511818,0.95553299979656,602112,1,31.640310000511818,0.04960399746778421,0.008909999451134354,0.0,602112,0.0,0.0,0.0,0.0,0,0.0,0.0,0.0,0.0,0,0.0,0.0,0.0,0.0,0,0.0,0.0,0.0,0.0,0
3,monolithic_k8s_1svc,36,32.95823799999198,32.00781499981531,0.95042300017667,602112,1,32.00781499981531,0.048213001718977466,0.009660998330218717,0.0,602112,0.0,0.0,0.0,0.0,0,0.0,0.0,0.0,0.0,0,0.0,0.0,0.0,0.0,0,0.0,0.0,0.0,0.0,0
3,monolithic_k8s_1svc,37,37.328235997847514,36.278467003285186,1.0497689945623279,602112,1,36.278467003285186,0.05229399903328158,0.011580999853322282,0.0,602112,0.0,0.0,0.0,0.0,0,0.0,0.0,0.0,0.0,0,0.0,0.0,0.0,0.0,0,0.0,0.0,0.0,0.0,0
3,monolithic_k8s_1svc,38,32.85755999968387,31.898178000119515,0.9593819995643571,602112,1,31.898178000119515,0.05376399712986313,0.009431001672055572,0.0,602112,0.0,0.0,0.0,0.0,0,0.0,0.0,0.0,0.0,0,0.0,0.0,0.0,0.0,0,0.0,0.0,0.0,0.0,0
3,monolithic_k8s_1svc,39,32.99974900073721,31.92210899942438,1.0776400013128296,602112,1,31.92210899942438,0.06532400220748968,0.009251001756638288,0.0,602112,0.0,0.0,0.0,0.0,0,0.0,0.0,0.0,0.0,0,0.0,0.0,0.0,0.0,0,0.0,0.0,0.0,0.0,0
3,monolithic_k8s_1svc,40,32.82876999946893,31.85387499979697,0.9748949996719602,602112,1,31.85387499979697,0.06663399835815653,0.009941002645064145,0.0,602112,0.0,0.0,0.0,0.0,0,0.0,0.0,0.0,0.0,0,0.0,0.0,0.0,0.0,0,0.0,0.0,0.0,0.0,0
3,monolithic_k8s_1svc,41,32.70316099951742,31.72496699698968,0.9781940025277436,602112,1,31.72496699698968,0.04744300167658366,0.009581002814229578,0.0,602112,0.0,0.0,0.0,0.0,0,0.0,0.0,0.0,0.0,0,0.0,0.0,0.0,0.0,0,0.0,0.0,0.0,0.0,0
3,monolithic_k8s_1svc,42,33.63480199914193,32.667368002876174,0.9674339962657541,602112,1,32.667368002876174,0.04912299846182577,0.010630999895511195,0.0,602112,0.0,0.0,0.0,0.0,0,0.0,0.0,0.0,0.0,0,0.0,0.0,0.0,0.0,0,0.0,0.0,0.0,0.0,0
3,monolithic_k8s_1svc,43,33.56346299915458,32.52261799934786,1.0408449998067226,602112,1,32.52261799934786,0.05497399979503825,0.010001000191550702,0.0,602112,0.0,0.0,0.0,0.0,0,0.0,0.0,0.0,0.0,0,0.0,0.0,0.0,0.0,0,0.0,0.0,0.0,0.0,0
3,monolithic_k8s_1svc,44,33.56999400057248,32.62344600079814,0.9465479997743387,602112,1,32.62344600079814,0.048082998546306044,0.00944099883781746,0.0,602112,0.0,0.0,0.0,0.0,0,0.0,0.0,0.0,0.0,0,0.0,0.0,0.0,0.0,0,0.0,0.0,0.0,0.0,0
3,monolithic_k8s_1svc,45,33.070140998461284,32.158174999494804,0.9119659989664797,602112,1,32.158174999494804,0.05708399839932099,0.00804100272944197,0.0,602112,0.0,0.0,0.0,0.0,0,0.0,0.0,0.0,0.0,0,0.0,0.0,0.0,0.0,0,0.0,0.0,0.0,0.0,0
3,monolithic_k8s_1svc,46,33.61995100203785,32.57940199910081,1.0405490029370412,602112,1,32.57940199910081,0.04610299947671592,0.007990998710738495,0.0,602112,0.0,0.0,0.0,0.0,0,0.0,0.0,0.0,0.0,0,0.0,0.0,0.0,0.0,0,0.0,0.0,0.0,0.0,0
3,monolithic_k8s_1svc,47,33.38075599822332,32.41617199819302,0.9645840000302996,602112,1,32.41617199819302,0.04977299977326766,0.009130999387707561,0.0,602112,0.0,0.0,0.0,0.0,0,0.0,0.0,0.0,0.0,0,0.0,0.0,0.0,0.0,0,0.0,0.0,0.0,0.0,0
3,monolithic_k8s_1svc,48,32.59305800020229,31.628430002456298,0.9646279977459926,602112,1,31.628430002456298,0.048642999900039285,0.007960999937495217,0.0,602112,0.0,0.0,0.0,0.0,0,0.0,0.0,0.0,0.0,0,0.0,0.0,0.0,0.0,0,0.0,0.0,0.0,0.0,0
3,monolithic_k8s_1svc,49,33.35321000122349,32.395300000644056,0.9579100005794317,602112,1,32.395300000644056,0.05076399975223467,0.007850998372305185,0.0,602112,0.0,0.0,0.0,0.0,0,0.0,0.0,0.0,0.0,0,0.0,0.0,0.0,0.0,0,0.0,0.0,0.0,0.0,0
3,monolithic_k8s_1svc,50,34.10621799775981,33.11118800047552,0.9950299972842913,602112,1,33.11118800047552,0.0495530002808664,0.011259999155299738,0.0,602112,0.0,0.0,0.0,0.0,0,0.0,0.0,0.0,0.0,0,0.0,0.0,0.0,0.0,0,0.0,0.0,0.0,0.0,0
3,monolithic_k8s_1svc,51,33.59895600078744,32.475161999173,1.123794001614442,602112,1,32.475161999173,0.04983300095773302,0.012361000699456781,0.0,602112,0.0,0.0,0.0,0.0,0,0.0,0.0,0.0,0.0,0,0.0,0.0,0.0,0.0,0,0.0,0.0,0.0,0.0,0
3,monolithic_k8s_1svc,52,34.38055599690415,33.34385299967835,1.0367029972258024,602112,1,33.34385299967835,0.05500399856828153,0.009530998795526102,0.0,602112,0.0,0.0,0.0,0.0,0,0.0,0.0,0.0,0.0,0,0.0,0.0,0.0,0.0,0,0.0,0.0,0.0,0.0,0
3,monolithic_k8s_1svc,53,32.95396199973766,31.94604600139428,1.0079159983433783,602112,1,31.94604600139428,0.04766399797517806,0.019320999854244292,0.0,602112,0.0,0.0,0.0,0.0,0,0.0,0.0,0.0,0.0,0,0.0,0.0,0.0,0.0,0,0.0,0.0,0.0,0.0,0
3,monolithic_k8s_1svc,54,34.81474000000162,33.75457099900814,1.0601690009934828,602112,1,33.75457099900814,0.04978300057700835,0.01135099955718033,0.0,602112,0.0,0.0,0.0,0.0,0,0.0,0.0,0.0,0.0,0,0.0,0.0,0.0,0.0,0,0.0,0.0,0.0,0.0,0
3,monolithic_k8s_1svc,55,33.507135001855204,32.5283340025635,0.9788009992917068,602112,1,32.5283340025635,0.04756400085170753,0.00870999792823568,0.0,602112,0.0,0.0,0.0,0.0,0,0.0,0.0,0.0,0.0,0,0.0,0.0,0.0,0.0,0,0.0,0.0,0.0,0.0,0
3,monolithic_k8s_1svc,56,34.41306900276686,32.82449900143547,1.5885700013313908,602112,1,32.82449900143547,0.04715300019597635,0.01454099765396677,0.0,602112,0.0,0.0,0.0,0.0,0,0.0,0.0,0.0,0.0,0,0.0,0.0,0.0,0.0,0,0.0,0.0,0.0,0.0,0
3,monolithic_k8s_1svc,57,33.67830400020466,32.549536001170054,1.1287679990346078,602112,1,32.549536001170054,0.05882400000700727,0.01101999805541709,0.0,602112,0.0,0.0,0.0,0.0,0,0.0,0.0,0.0,0.0,0,0.0,0.0,0.0,0.0,0,0.0,0.0,0.0,0.0,0
3,monolithic_k8s_1svc,58,33.6750549977296,32.65220300090732,1.0228519968222827,602112,1,32.65220300090732,0.05123299706610851,0.009701001545181498,0.0,602112,0.0,0.0,0.0,0.0,0,0.0,0.0,0.0,0.0,0,0.0,0.0,0.0,0.0,0,0.0,0.0,0.0,0.0,0
3,monolithic_k8s_1svc,59,32.834544999786885,31.760345002112444,1.074199997674441,602112,1,31.760345002112444,0.05314299778547138,0.009650997526478022,0.0,602112,0.0,0.0,0.0,0.0,0,0.0,0.0,0.0,0.0,0,0.0,0.0,0.0,0.0,0,0.0,0.0,0.0,0.0,0
3,monolithic_k8s_1svc,60,33.458606001659064,32.44103399993037,1.0175720017286949,602112,1,32.44103399993037,0.0493929983349517,0.008769999112701043,0.0,602112,0.0,0.0,0.0,0.0,0,0.0,0.0,0.0,0.0,0,0.0,0.0,0.0,0.0,0,0.0,0.0,0.0,0.0,0
3,monolithic_k8s_1svc,61,33.3526089998486,32.41644200170413,0.936166998144472,602112,1,32.41644200170413,0.06951999966986477,0.007949998689582571,0.0,602112,0.0,0.0,0.0,0.0,0,0.0,0.0,0.0,0.0,0,0.0,0.0,0.0,0.0,0,0.0,0.0,0.0,0.0,0
3,monolithic_k8s_1svc,62,33.20347399858292,32.27949400024954,0.9239799983333796,602112,1,32.27949400024954,0.051353003073018044,0.008179998985724524,0.0,602112,0.0,0.0,0.0,0.0,0,0.0,0.0,0.0,0.0,0,0.0,0.0,0.0,0.0,0,0.0,0.0,0.0,0.0,0
3,monolithic_k8s_1svc,63,33.273199001996545,32.32573599962052,0.9474630023760255,602112,1,32.32573599962052,0.052774001233046874,0.009071001841221005,0.0,602112,0.0,0.0,0.0,0.0,0,0.0,0.0,0.0,0.0,0,0.0,0.0,0.0,0.0,0,0.0,0.0,0.0,0.0,0
3,monolithic_k8s_1svc,64,33.1031570021878,32.189347002713475,0.9138099994743243,602112,1,32.189347002713475,0.05090299964649603,0.008149996574502438,0.0,602112,0.0,0.0,0.0,0.0,0,0.0,0.0,0.0,0.0,0,0.0,0.0,0.0,0.0,0,0.0,0.0,0.0,0.0,0
3,monolithic_k8s_1svc,65,32.737672998337075,31.747152999741957,0.9905199985951185,602112,1,31.747152999741957,0.049374000809621066,0.011710999388014898,0.0,602112,0.0,0.0,0.0,0.0,0,0.0,0.0,0.0,0.0,0,0.0,0.0,0.0,0.0,0,0.0,0.0,0.0,0.0,0
3,monolithic_k8s_1svc,66,32.974133999232436,32.0498420005606,0.9242919986718334,602112,1,32.0498420005606,0.05200300074648112,0.008601000445196405,0.0,602112,0.0,0.0,0.0,0.0,0,0.0,0.0,0.0,0.0,0,0.0,0.0,0.0,0.0,0,0.0,0.0,0.0,0.0,0
3,monolithic_k8s_1svc,67,32.72603299774346,31.751719001476886,0.9743139962665737,602112,1,31.751719001476886,0.04759299918077886,0.00988999818218872,0.0,602112,0.0,0.0,0.0,0.0,0,0.0,0.0,0.0,0.0,0,0.0,0.0,0.0,0.0,0,0.0,0.0,0.0,0.0,0
3,monolithic_k8s_1svc,68,32.44933299720287,31.555685000057565,0.8936479971453082,602112,1,31.555685000057565,0.048713001888245344,0.00927999644773081,0.0,602112,0.0,0.0,0.0,0.0,0,0.0,0.0,0.0,0.0,0,0.0,0.0,0.0,0.0,0,0.0,0.0,0.0,0.0,0
3,monolithic_k8s_1svc,69,35.492589999194024,34.566319998702966,0.9262700004910585,602112,1,34.566319998702966,0.04975300180376507,0.011580999853322282,0.0,602112,0.0,0.0,0.0,0.0,0,0.0,0.0,0.0,0.0,0,0.0,0.0,0.0,0.0,0,0.0,0.0,0.0,0.0,0
3,monolithic_k8s_1svc,70,32.528504001675174,31.580236998706823,0.9482670029683504,602112,1,31.580236998706823,0.052513001719489694,0.008251001418102533,0.0,602112,0.0,0.0,0.0,0.0,0,0.0,0.0,0.0,0.0,0,0.0,0.0,0.0,0.0,0,0.0,0.0,0.0,0.0,0
3,monolithic_k8s_1svc,71,32.699989998945966,31.763619001139887,0.9363709978060797,602112,1,31.763619001139887,0.04756300040753558,0.007869999535614625,0.0,602112,0.0,0.0,0.0,0.0,0,0.0,0.0,0.0,0.0,0,0.0,0.0,0.0,0.0,0,0.0,0.0,0.0,0.0,0
3,monolithic_k8s_1svc,72,32.82299300190061,31.822352000745013,1.0006410011556,602112,1,31.822352000745013,0.058703997638076544,0.010101000953000039,0.0,602112,0.0,0.0,0.0,0.0,0,0.0,0.0,0.0,0.0,0,0.0,0.0,0.0,0.0,0,0.0,0.0,0.0,0.0,0
3,monolithic_k8s_1svc,73,33.259942996664904,32.287299996824004,0.9726429998409003,602112,1,32.287299996824004,0.06613400182686746,0.00886999987415038,0.0,602112,0.0,0.0,0.0,0.0,0,0.0,0.0,0.0,0.0,0,0.0,0.0,0.0,0.0,0,0.0,0.0,0.0,0.0,0
3,monolithic_k8s_1svc,74,33.40324700184283,32.43983299762476,0.9634140042180661,602112,1,32.43983299762476,0.04634300057659857,0.008791001164354384,0.0,602112,0.0,0.0,0.0,0.0,0,0.0,0.0,0.0,0.0,0,0.0,0.0,0.0,0.0,0,0.0,0.0,0.0,0.0,0
3,monolithic_k8s_1svc,75,33.30416999961017,32.362792000640184,0.9413779989699833,602112,1,32.362792000640184,0.047942998207872733,0.008170998626155779,0.0,602112,0.0,0.0,0.0,0.0,0,0.0,0.0,0.0,0.0,0,0.0,0.0,0.0,0.0,0,0.0,0.0,0.0,0.0,0
3,monolithic_k8s_1svc,76,32.460475002153544,31.464769002923276,0.9957059992302675,602112,1,31.464769002923276,0.04932399679091759,0.008350998541573063,0.0,602112,0.0,0.0,0.0,0.0,0,0.0,0.0,0.0,0.0,0,0.0,0.0,0.0,0.0,0,0.0,0.0,0.0,0.0,0
3,monolithic_k8s_1svc,77,32.50278399718809,31.606808999640634,0.8959749975474551,602112,1,31.606808999640634,0.04685300154960714,0.008720999176148325,0.0,602112,0.0,0.0,0.0,0.0,0,0.0,0.0,0.0,0.0,0,0.0,0.0,0.0,0.0,0,0.0,0.0,0.0,0.0,0
3,monolithic_k8s_1svc,78,33.35797299951082,32.43294200001401,0.925030999496812,602112,1,32.43294200001401,0.05942399729974568,0.008201001037377864,0.0,602112,0.0,0.0,0.0,0.0,0,0.0,0.0,0.0,0.0,0,0.0,0.0,0.0,0.0,0,0.0,0.0,0.0,0.0,0
3,monolithic_k8s_1svc,79,33.571002997632604,32.62849199745688,0.9425110001757275,602112,1,32.62849199745688,0.05763300214312039,0.008101000275928527,0.0,602112,0.0,0.0,0.0,0.0,0,0.0,0.0,0.0,0.0,0,0.0,0.0,0.0,0.0,0,0.0,0.0,0.0,0.0,0
3,monolithic_k8s_1svc,80,33.37118600029498,32.38804600186995,0.9831399984250311,602112,1,32.38804600186995,0.04654299846151844,0.008371000149054453,0.0,602112,0.0,0.0,0.0,0.0,0,0.0,0.0,0.0,0.0,0,0.0,0.0,0.0,0.0,0,0.0,0.0,0.0,0.0,0
3,monolithic_k8s_1svc,81,35.370421999687096,34.32983400125522,1.0405879984318744,602112,1,34.32983400125522,0.051523998990887776,0.013801000022795051,0.0,602112,0.0,0.0,0.0,0.0,0,0.0,0.0,0.0,0.0,0,0.0,0.0,0.0,0.0,0,0.0,0.0,0.0,0.0,0
3,monolithic_k8s_1svc,82,33.28412400151137,32.23535900178831,1.048764999723062,602112,1,32.23535900178831,0.06020399814588018,0.008870996680343524,0.0,602112,0.0,0.0,0.0,0.0,0,0.0,0.0,0.0,0.0,0,0.0,0.0,0.0,0.0,0,0.0,0.0,0.0,0.0,0
3,monolithic_k8s_1svc,83,33.25138199943467,32.21883900187095,1.0325429975637235,602112,1,32.21883900187095,0.053723997552879155,0.009570001566316932,0.0,602112,0.0,0.0,0.0,0.0,0,0.0,0.0,0.0,0.0,0,0.0,0.0,0.0,0.0,0,0.0,0.0,0.0,0.0,0
3,monolithic_k8s_1svc,84,33.394857000530465,32.48116699978709,0.9136900007433724,602112,1,32.48116699978709,0.049513000703882426,0.009281000529881567,0.0,602112,0.0,0.0,0.0,0.0,0,0.0,0.0,0.0,0.0,0,0.0,0.0,0.0,0.0,0,0.0,0.0,0.0,0.0,0
3,monolithic_k8s_1svc,85,33.33729799851426,32.39389999725972,0.9433980012545362,602112,1,32.39389999725972,0.05077400055597536,0.008090999472187832,0.0,602112,0.0,0.0,0.0,0.0,0,0.0,0.0,0.0,0.0,0,0.0,0.0,0.0,0.0,0,0.0,0.0,0.0,0.0,0
3,monolithic_k8s_1svc,86,34.66435000154888,33.57482800129219,1.089522000256693,602112,1,33.57482800129219,0.05394300023908727,0.013311000657267869,0.0,602112,0.0,0.0,0.0,0.0,0,0.0,0.0,0.0,0.0,0,0.0,0.0,0.0,0.0,0,0.0,0.0,0.0,0.0,0
3,monolithic_k8s_1svc,87,33.85823799908394,32.76546499910182,1.0927729999821167,602112,1,32.76546499910182,0.059214002249063924,0.011381001968402416,0.0,602112,0.0,0.0,0.0,0.0,0,0.0,0.0,0.0,0.0,0,0.0,0.0,0.0,0.0,0,0.0,0.0,0.0,0.0,0
3,monolithic_k8s_1svc,88,34.73882500111358,33.64093300115201,1.0978919999615755,602112,1,33.64093300115201,0.05448299998533912,0.010890998964896426,0.0,602112,0.0,0.0,0.0,0.0,0,0.0,0.0,0.0,0.0,0,0.0,0.0,0.0,0.0,0,0.0,0.0,0.0,0.0,0
3,monolithic_k8s_1svc,89,34.38352100056363,33.34827399885398,1.0352470017096493,602112,1,33.34827399885398,0.06182400102261454,0.009330000466434285,0.0,602112,0.0,0.0,0.0,0.0,0,0.0,0.0,0.0,0.0,0,0.0,0.0,0.0,0.0,0,0.0,0.0,0.0,0.0,0
3,monolithic_k8s_1svc,90,33.2540119998157,32.25504099827958,0.9989710015361197,602112,1,32.25504099827958,0.06392399882315658,0.00948000160860829,0.0,602112,0.0,0.0,0.0,0.0,0,0.0,0.0,0.0,0.0,0,0.0,0.0,0.0,0.0,0,0.0,0.0,0.0,0.0,0
3,monolithic_k8s_1svc,91,33.40034699795069,32.29006000037771,1.1102869975729845,602112,1,32.29006000037771,0.04913299926556647,0.03850199937005527,0.0,602112,0.0,0.0,0.0,0.0,0,0.0,0.0,0.0,0.0,0,0.0,0.0,0.0,0.0,0,0.0,0.0,0.0,0.0,0
3,monolithic_k8s_1svc,92,33.11995300100534,32.133512999280356,0.9864400017249864,602112,1,32.133512999280356,0.0497130022267811,0.008371000149054453,0.0,602112,0.0,0.0,0.0,0.0,0,0.0,0.0,0.0,0.0,0,0.0,0.0,0.0,0.0,0,0.0,0.0,0.0,0.0,0
3,monolithic_k8s_1svc,93,32.43229300278472,31.464038998819888,0.9682540039648302,602112,1,31.464038998819888,0.06132400085334666,0.008660001185489818,0.0,602112,0.0,0.0,0.0,0.0,0,0.0,0.0,0.0,0.0,0,0.0,0.0,0.0,0.0,0,0.0,0.0,0.0,0.0,0
3,monolithic_k8s_1svc,94,33.01098599695251,32.06086799764307,0.9501179993094411,602112,1,32.06086799764307,0.0535140025021974,0.009490999218542129,0.0,602112,0.0,0.0,0.0,0.0,0,0.0,0.0,0.0,0.0,0,0.0,0.0,0.0,0.0,0,0.0,0.0,0.0,0.0,0
3,monolithic_k8s_1svc,95,33.07472600135952,32.15332900072099,0.9213970006385352,602112,1,32.15332900072099,0.0513239974679891,0.007611000910401344,0.0,602112,0.0,0.0,0.0,0.0,0,0.0,0.0,0.0,0.0,0,0.0,0.0,0.0,0.0,0,0.0,0.0,0.0,0.0,0
3,monolithic_k8s_1svc,96,32.82011400006013,31.82572399964556,0.9943900004145689,602112,1,31.82572399964556,0.0456730012956541,0.010409999958937988,0.0,602112,0.0,0.0,0.0,0.0,0,0.0,0.0,0.0,0.0,0,0.0,0.0,0.0,0.0,0,0.0,0.0,0.0,0.0,0
3,monolithic_k8s_1svc,97,32.543940000323346,31.604518000676762,0.9394219996465836,602112,1,31.604518000676762,0.04731299850391224,0.008560000424040481,0.0,602112,0.0,0.0,0.0,0.0,0,0.0,0.0,0.0,0.0,0,0.0,0.0,0.0,0.0,0,0.0,0.0,0.0,0.0,0
3,monolithic_k8s_1svc,98,32.35322700129473,31.390234998980304,0.9629920023144223,602112,1,31.390234998980304,0.04861300112679601,0.008740000339457765,0.0,602112,0.0,0.0,0.0,0.0,0,0.0,0.0,0.0,0.0,0,0.0,0.0,0.0,0.0,0,0.0,0.0,0.0,0.0,0
3,monolithic_k8s_1svc,99,33.52072599955136,32.52834900195012,0.9923769976012409,602112,1,32.52834900195012,0.05241299732006155,0.008800998330116272,0.0,602112,0.0,0.0,0.0,0.0,0,0.0,0.0,0.0,0.0,0,0.0,0.0,0.0,0.0,0,0.0,0.0,0.0,0.0,0
3,monolithic_k8s_1svc,100,33.303094998700544,32.29272899989155,1.010365998808993,602112,1,32.29272899989155,0.05585399776464328,0.008581002475693822,0.0,602112,0.0,0.0,0.0,0.0,0,0.0,0.0,0.0,0.0,0,0.0,0.0,0.0,0.0,0,0.0,0.0,0.0,0.0,0
3,monolithic_k8s_1svc,101,33.826334998593666,32.849130999238696,0.9772039993549697,602112,1,32.849130999238696,0.05379300273489207,0.008410999726038426,0.0,602112,0.0,0.0,0.0,0.0,0,0.0,0.0,0.0,0.0,0,0.0,0.0,0.0,0.0,0,0.0,0.0,0.0,0.0,0
3,monolithic_k8s_1svc,102,33.99086100034765,32.924636001553154,1.066224998794496,602112,1,32.924636001553154,0.08399500075029209,0.009980998584069312,0.0,602112,0.0,0.0,0.0,0.0,0,0.0,0.0,0.0,0.0,0,0.0,0.0,0.0,0.0,0,0.0,0.0,0.0,0.0,0
3,monolithic_k8s_1svc,103,34.71406399694388,33.49841399904108,1.2156499979028013,602112,1,33.49841399904108,0.06771399785066023,0.01371100006508641,0.0,602112,0.0,0.0,0.0,0.0,0,0.0,0.0,0.0,0.0,0,0.0,0.0,0.0,0.0,0,0.0,0.0,0.0,0.0,0
3,monolithic_k8s_1svc,104,35.75975300191203,34.591139999974985,1.1686130019370466,602112,1,34.591139999974985,0.06272400059970096,0.014211000234354287,0.0,602112,0.0,0.0,0.0,0.0,0,0.0,0.0,0.0,0.0,0,0.0,0.0,0.0,0.0,0,0.0,0.0,0.0,0.0,0
3,monolithic_k8s_1svc,105,34.28586500012898,33.18573700016714,1.1001279999618419,602112,1,33.18573700016714,0.053203999414108694,0.012471002264646813,0.0,602112,0.0,0.0,0.0,0.0,0,0.0,0.0,0.0,0.0,0,0.0,0.0,0.0,0.0,0,0.0,0.0,0.0,0.0,0
3,monolithic_k8s_1svc,106,34.1481270006625,33.07023600063985,1.077891000022646,602112,1,33.07023600063985,0.06090399983804673,0.009510000381851569,0.0,602112,0.0,0.0,0.0,0.0,0,0.0,0.0,0.0,0.0,0,0.0,0.0,0.0,0.0,0,0.0,0.0,0.0,0.0,0
3,monolithic_k8s_1svc,107,35.95654600212583,34.91305699935765,1.0434890027681831,602112,1,34.91305699935765,0.0558339997951407,0.009400999260833487,0.0,602112,0.0,0.0,0.0,0.0,0,0.0,0.0,0.0,0.0,0,0.0,0.0,0.0,0.0,0,0.0,0.0,0.0,0.0,0
3,monolithic_k8s_1svc,108,33.7754030006181,32.79128700160072,0.9841159990173765,602112,1,32.79128700160072,0.054123996960697696,0.009520001185592264,0.0,602112,0.0,0.0,0.0,0.0,0,0.0,0.0,0.0,0.0,0,0.0,0.0,0.0,0.0,0,0.0,0.0,0.0,0.0,0
3,monolithic_k8s_1svc,109,34.07758600224042,32.97356400071294,1.1040220015274826,602112,1,32.97356400071294,0.05207300273468718,0.011100997653556988,0.0,602112,0.0,0.0,0.0,0.0,0,0.0,0.0,0.0,0.0,0,0.0,0.0,0.0,0.0,0,0.0,0.0,0.0,0.0,0
3,monolithic_k8s_1svc,110,33.73848000046564,32.72299300078885,1.0154869996767957,602112,1,32.72299300078885,0.05774300007033162,0.010489999112905934,0.0,602112,0.0,0.0,0.0,0.0,0,0.0,0.0,0.0,0.0,0,0.0,0.0,0.0,0.0,0,0.0,0.0,0.0,0.0,0
3,monolithic_k8s_1svc,111,34.425379999447614,33.278929000516655,1.146450998930959,602112,1,33.278929000516655,0.07918499977677129,0.01210100163007155,0.0,602112,0.0,0.0,0.0,0.0,0,0.0,0.0,0.0,0.0,0,0.0,0.0,0.0,0.0,0,0.0,0.0,0.0,0.0,0
3,monolithic_k8s_1svc,112,33.81846899719676,32.73747900311719,1.080989994079573,602112,1,32.73747900311719,0.072184997407021,0.009189996490022168,0.0,602112,0.0,0.0,0.0,0.0,0,0.0,0.0,0.0,0.0,0,0.0,0.0,0.0,0.0,0,0.0,0.0,0.0,0.0,0
3,monolithic_k8s_1svc,113,33.51906999887433,32.471435002662474,1.0476349962118547,602112,1,32.471435002662474,0.050962997192982584,0.00930099849938415,0.0,602112,0.0,0.0,0.0,0.0,0,0.0,0.0,0.0,0.0,0,0.0,0.0,0.0,0.0,0,0.0,0.0,0.0,0.0,0
3,monolithic_k8s_1svc,114,33.736654000676936,32.67635999873164,1.0602940019452944,602112,1,32.67635999873164,0.05569299901253544,0.009030001820065081,0.0,602112,0.0,0.0,0.0,0.0,0,0.0,0.0,0.0,0.0,0,0.0,0.0,0.0,0.0,0,0.0,0.0,0.0,0.0,0
3,monolithic_k8s_1svc,115,34.22317099830252,33.17685300135054,1.0463179969519842,602112,1,33.17685300135054,0.05390399746829644,0.011410000297473744,0.0,602112,0.0,0.0,0.0,0.0,0,0.0,0.0,0.0,0.0,0,0.0,0.0,0.0,0.0,0,0.0,0.0,0.0,0.0,0
3,monolithic_k8s_1svc,116,34.03761899971869,32.887793000554666,1.1498259991640225,602112,1,32.887793000554666,0.0590939998801332,0.011079999239882454,0.0,602112,0.0,0.0,0.0,0.0,0,0.0,0.0,0.0,0.0,0,0.0,0.0,0.0,0.0,0,0.0,0.0,0.0,0.0,0
3,monolithic_k8s_1svc,117,35.53629299858585,34.38558099878719,1.1507119997986592,602112,1,34.38558099878719,0.05427300129667856,0.011560998245840892,0.0,602112,0.0,0.0,0.0,0.0,0,0.0,0.0,0.0,0.0,0,0.0,0.0,0.0,0.0,0,0.0,0.0,0.0,0.0,0
3,monolithic_k8s_1svc,118,33.08030100015458,32.01025900125387,1.070041998900706,602112,1,32.01025900125387,0.08616099876235239,0.009570998372510076,0.0,602112,0.0,0.0,0.0,0.0,0,0.0,0.0,0.0,0.0,0,0.0,0.0,0.0,0.0,0,0.0,0.0,0.0,0.0,0
3,monolithic_k8s_1svc,119,32.59179899760056,31.5741770027671,1.017621994833462,602112,1,31.5741770027671,0.05094299922348,0.008820999937597662,0.0,602112,0.0,0.0,0.0,0.0,0,0.0,0.0,0.0,0.0,0,0.0,0.0,0.0,0.0,0,0.0,0.0,0.0,0.0,0
3,monolithic_k8s_1svc,120,33.46449099990423,32.423911998193944,1.0405790017102845,602112,1,32.423911998193944,0.05344300006981939,0.00934100171434693,0.0,602112,0.0,0.0,0.0,0.0,0,0.0,0.0,0.0,0.0,0,0.0,0.0,0.0,0.0,0,0.0,0.0,0.0,0.0,0
3,monolithic_k8s_1svc,121,33.59781000108342,32.62035500301863,0.9774549980647862,602112,1,32.62035500301863,0.05178399806027301,0.010580999514786527,0.0,602112,0.0,0.0,0.0,0.0,0,0.0,0.0,0.0,0.0,0,0.0,0.0,0.0,0.0,0,0.0,0.0,0.0,0.0,0
3,monolithic_k8s_1svc,122,33.301849998679245,32.204303999606054,1.0975459990731906,602112,1,32.204303999606054,0.06041400047251955,0.009440002031624317,0.0,602112,0.0,0.0,0.0,0.0,0,0.0,0.0,0.0,0.0,0,0.0,0.0,0.0,0.0,0,0.0,0.0,0.0,0.0,0
3,monolithic_k8s_1svc,123,33.217356001841836,32.267332997435005,0.9500230044068303,602112,1,32.267332997435005,0.04908400296699256,0.009100000170292333,0.0,602112,0.0,0.0,0.0,0.0,0,0.0,0.0,0.0,0.0,0,0.0,0.0,0.0,0.0,0,0.0,0.0,0.0,0.0,0
3,monolithic_k8s_1svc,124,33.036777000234,32.0331549992261,1.0036220010078978,602112,1,32.0331549992261,0.04886300303041935,0.00899099904927425,0.0,602112,0.0,0.0,0.0,0.0,0,0.0,0.0,0.0,0.0,0,0.0,0.0,0.0,0.0,0,0.0,0.0,0.0,0.0,0
3,monolithic_k8s_1svc,125,33.53895100008231,32.56949199931114,0.9694590007711668,602112,1,32.56949199931114,0.04873299985774793,0.009620001947041601,0.0,602112,0.0,0.0,0.0,0.0,0,0.0,0.0,0.0,0.0,0,0.0,0.0,0.0,0.0,0,0.0,0.0,0.0,0.0,0
3,monolithic_k8s_1svc,126,32.79013700012001,31.727637000585673,1.0624999995343387,602112,1,31.727637000585673,0.051522998546715826,0.013271001080283895,0.0,602112,0.0,0.0,0.0,0.0,0,0.0,0.0,0.0,0.0,0,0.0,0.0,0.0,0.0,0,0.0,0.0,0.0,0.0,0
3,monolithic_k8s_1svc,127,33.04250400105957,32.08013900075457,0.9623650003049988,602112,1,32.08013900075457,0.04967299901181832,0.008860999514581636,0.0,602112,0.0,0.0,0.0,0.0,0,0.0,0.0,0.0,0.0,0,0.0,0.0,0.0,0.0,0,0.0,0.0,0.0,0.0,0
3,monolithic_k8s_1svc,128,32.607555000140565,31.61271800126997,0.9948369988705963,602112,1,31.61271800126997,0.06555499930982478,0.00932100010686554,0.0,602112,0.0,0.0,0.0,0.0,0,0.0,0.0,0.0,0.0,0,0.0,0.0,0.0,0.0,0,0.0,0.0,0.0,0.0,0
3,monolithic_k8s_1svc,129,33.355603998643346,32.36780899896985,0.9877949996734969,602112,1,32.36780899896985,0.06670400034636259,0.009310999303124845,0.0,602112,0.0,0.0,0.0,0.0,0,0.0,0.0,0.0,0.0,0,0.0,0.0,0.0,0.0,0,0.0,0.0,0.0,0.0,0
3,monolithic_k8s_1svc,130,32.630476998747326,31.634406001103343,0.996070997643983,602112,1,31.634406001103343,0.05150300057721324,0.009370000043418258,0.0,602112,0.0,0.0,0.0,0.0,0,0.0,0.0,0.0,0.0,0,0.0,0.0,0.0,0.0,0,0.0,0.0,0.0,0.0,0
3,monolithic_k8s_1svc,131,33.05905899833306,32.07577799912542,0.9832809992076363,602112,1,32.07577799912542,0.05639400114887394,0.008641000022180378,0.0,602112,0.0,0.0,0.0,0.0,0,0.0,0.0,0.0,0.0,0,0.0,0.0,0.0,0.0,0,0.0,0.0,0.0,0.0,0
3,monolithic_k8s_1svc,132,33.11478300020099,32.08238099978189,1.032402000419097,602112,1,32.08238099978189,0.06070400195312686,0.009010000212583691,0.0,602112,0.0,0.0,0.0,0.0,0,0.0,0.0,0.0,0.0,0,0.0,0.0,0.0,0.0,0,0.0,0.0,0.0,0.0,0
3,monolithic_k8s_1svc,133,32.8405299987935,31.86582600028487,0.9747039985086303,602112,1,31.86582600028487,0.055323998822132125,0.009691000741440803,0.0,602112,0.0,0.0,0.0,0.0,0,0.0,0.0,0.0,0.0,0,0.0,0.0,0.0,0.0,0,0.0,0.0,0.0,0.0,0
3,monolithic_k8s_1svc,134,32.86734100038302,31.915969000692712,0.9513719996903092,602112,1,31.915969000692712,0.053882999054621905,0.009161001798929647,0.0,602112,0.0,0.0,0.0,0.0,0,0.0,0.0,0.0,0.0,0,0.0,0.0,0.0,0.0,0,0.0,0.0,0.0,0.0,0
3,monolithic_k8s_1svc,135,32.782891001261305,31.812261000595754,0.970630000665551,602112,1,31.812261000595754,0.05229399903328158,0.008841001545079052,0.0,602112,0.0,0.0,0.0,0.0,0,0.0,0.0,0.0,0.0,0,0.0,0.0,0.0,0.0,0,0.0,0.0,0.0,0.0,0
3,monolithic_k8s_1svc,136,32.4354479998874,31.48544500072603,0.9500029991613701,602112,1,31.48544500072603,0.048554000386502594,0.00965100116445683,0.0,602112,0.0,0.0,0.0,0.0,0,0.0,0.0,0.0,0.0,0,0.0,0.0,0.0,0.0,0,0.0,0.0,0.0,0.0,0
3,monolithic_k8s_1svc,137,34.44538099938654,33.5337750002509,0.9116059991356451,602112,1,33.5337750002509,0.04882299981545657,0.008459999662591144,0.0,602112,0.0,0.0,0.0,0.0,0,0.0,0.0,0.0,0.0,0,0.0,0.0,0.0,0.0,0,0.0,0.0,0.0,0.0,0
3,monolithic_k8s_1svc,138,32.82360299999709,31.841959000303177,0.9816439996939152,602112,1,31.841959000303177,0.05528400288312696,0.00942099723033607,0.0,602112,0.0,0.0,0.0,0.0,0,0.0,0.0,0.0,0.0,0,0.0,0.0,0.0,0.0,0,0.0,0.0,0.0,0.0,0
3,monolithic_k8s_1svc,139,32.58083800028544,31.66877699914039,0.9120610011450481,602112,1,31.66877699914039,0.04750399966724217,0.008049999451031908,0.0,602112,0.0,0.0,0.0,0.0,0,0.0,0.0,0.0,0.0,0,0.0,0.0,0.0,0.0,0,0.0,0.0,0.0,0.0,0
3,monolithic_k8s_1svc,140,32.322770999599015,31.450768001377583,0.8720029982214328,602112,1,31.450768001377583,0.04727299892692827,0.008150997018674389,0.0,602112,0.0,0.0,0.0,0.0,0,0.0,0.0,0.0,0.0,0,0.0,0.0,0.0,0.0,0,0.0,0.0,0.0,0.0,0
3,monolithic_k8s_1svc,141,32.725681998272194,31.767668999236776,0.958012999035418,602112,1,31.767668999236776,0.045552998926723376,0.010150000889552757,0.0,602112,0.0,0.0,0.0,0.0,0,0.0,0.0,0.0,0.0,0,0.0,0.0,0.0,0.0,0,0.0,0.0,0.0,0.0,0
3,monolithic_k8s_1svc,142,32.919950997893466,31.96596199995838,0.9539889979350846,602112,1,31.96596199995838,0.0619650018052198,0.008360999345313758,0.0,602112,0.0,0.0,0.0,0.0,0,0.0,0.0,0.0,0.0,0,0.0,0.0,0.0,0.0,0,0.0,0.0,0.0,0.0,0
3,monolithic_k8s_1svc,143,32.577267000306165,31.531143002212048,1.0461239980941173,602112,1,31.531143002212048,0.05189399962546304,0.008750997949391603,0.0,602112,0.0,0.0,0.0,0.0,0,0.0,0.0,0.0,0.0,0,0.0,0.0,0.0,0.0,0,0.0,0.0,0.0,0.0,0
3,monolithic_k8s_1svc,144,33.02433200224186,31.922613001370337,1.101719000871526,602112,1,31.922613001370337,0.06776499867555685,0.010520998330321163,0.0,602112,0.0,0.0,0.0,0.0,0,0.0,0.0,0.0,0.0,0,0.0,0.0,0.0,0.0,0,0.0,0.0,0.0,0.0,0
3,monolithic_k8s_1svc,145,33.13823099961155,32.01882599751116,1.1194050021003932,602112,1,32.01882599751116,0.046963003114797175,0.013511002180166543,0.0,602112,0.0,0.0,0.0,0.0,0,0.0,0.0,0.0,0.0,0,0.0,0.0,0.0,0.0,0,0.0,0.0,0.0,0.0,0
3,monolithic_k8s_1svc,146,33.75123099976918,32.500488003279315,1.250742996489862,602112,1,32.500488003279315,0.05680299727828242,0.012739998055621982,0.0,602112,0.0,0.0,0.0,0.0,0,0.0,0.0,0.0,0.0,0,0.0,0.0,0.0,0.0,0,0.0,0.0,0.0,0.0,0
3,monolithic_k8s_1svc,147,33.464411997556454,32.32655099782278,1.1378609997336753,602112,1,32.32655099782278,0.050433001888450235,0.010471001587575302,0.0,602112,0.0,0.0,0.0,0.0,0,0.0,0.0,0.0,0.0,0,0.0,0.0,0.0,0.0,0,0.0,0.0,0.0,0.0,0
3,monolithic_k8s_1svc,148,33.149163999041775,32.065583000076,1.0835809989657719,602112,1,32.065583000076,0.05205300112720579,0.00872999953571707,0.0,602112,0.0,0.0,0.0,0.0,0,0.0,0.0,0.0,0.0,0,0.0,0.0,0.0,0.0,0,0.0,0.0,0.0,0.0,0
3,monolithic_k8s_1svc,149,32.90915500110714,31.981724001525436,0.927430999581702,602112,1,31.981724001525436,0.052873998356517404,0.009129998943535611,0.0,602112,0.0,0.0,0.0,0.0,0,0.0,0.0,0.0,0.0,0,0.0,0.0,0.0,0.0,0,0.0,0.0,0.0,0.0,0
3,monolithic_k8s_1svc,150,32.58978899975773,31.582441999489674,1.0073470002680551,602112,1,31.582441999489674,0.056213000789284706,0.010040999768534675,0.0,602112,0.0,0.0,0.0,0.0,0,0.0,0.0,0.0,0.0,0,0.0,0.0,0.0,0.0,0,0.0,0.0,0.0,0.0,0
3,monolithic_k8s_1svc,151,32.75897400089889,31.79032000116422,0.9686539997346699,602112,1,31.79032000116422,0.051122999138897285,0.008341001375811175,0.0,602112,0.0,0.0,0.0,0.0,0,0.0,0.0,0.0,0.0,0,0.0,0.0,0.0,0.0,0,0.0,0.0,0.0,0.0,0
3,monolithic_k8s_1svc,152,33.01400200143689,32.01033400182496,1.0036679996119346,602112,1,32.01033400182496,0.051284001528983936,0.008900999091565609,0.0,602112,0.0,0.0,0.0,0.0,0,0.0,0.0,0.0,0.0,0,0.0,0.0,0.0,0.0,0,0.0,0.0,0.0,0.0,0
3,monolithic_k8s_1svc,153,32.759844998508925,31.831202999455854,0.9286419990530703,602112,1,31.831202999455854,0.05324399899109267,0.008861003152560443,0.0,602112,0.0,0.0,0.0,0.0,0,0.0,0.0,0.0,0.0,0,0.0,0.0,0.0,0.0,0,0.0,0.0,0.0,0.0,0
3,monolithic_k8s_1svc,154,33.156115998281166,32.115600999532035,1.0405149987491313,602112,1,32.115600999532035,0.053572999604512006,0.009270999726140872,0.0,602112,0.0,0.0,0.0,0.0,0,0.0,0.0,0.0,0.0,0,0.0,0.0,0.0,0.0,0,0.0,0.0,0.0,0.0,0
3,monolithic_k8s_1svc,155,32.66816399991512,31.734527001390234,0.9336369985248893,602112,1,31.734527001390234,0.05774400051450357,0.007909999112598598,0.0,602112,0.0,0.0,0.0,0.0,0,0.0,0.0,0.0,0.0,0,0.0,0.0,0.0,0.0,0,0.0,0.0,0.0,0.0,0
3,monolithic_k8s_1svc,156,32.336616997781675,31.373352998343762,0.9632639994379133,602112,1,31.373352998343762,0.052843999583274126,0.00932100010686554,0.0,602112,0.0,0.0,0.0,0.0,0,0.0,0.0,0.0,0.0,0,0.0,0.0,0.0,0.0,0,0.0,0.0,0.0,0.0,0
3,monolithic_k8s_1svc,157,32.82001899788156,31.848223999986658,0.9717949978949036,602112,1,31.848223999986658,0.053003001085016876,0.008459999662591144,0.0,602112,0.0,0.0,0.0,0.0,0,0.0,0.0,0.0,0.0,0,0.0,0.0,0.0,0.0,0,0.0,0.0,0.0,0.0,0
3,monolithic_k8s_1svc,158,34.20819000166375,32.786936997581506,1.4212530040822458,602112,1,32.786936997581506,0.05380299990065396,0.017891001334646717,0.0,602112,0.0,0.0,0.0,0.0,0,0.0,0.0,0.0,0.0,0,0.0,0.0,0.0,0.0,0,0.0,0.0,0.0,0.0,0
3,monolithic_k8s_1svc,159,37.082000002556015,32.67658999902778,4.405410003528232,602112,1,32.67658999902778,0.10743700113380328,0.01151000105892308,0.0,602112,0.0,0.0,0.0,0.0,0,0.0,0.0,0.0,0.0,0,0.0,0.0,0.0,0.0,0,0.0,0.0,0.0,0.0,0
3,monolithic_k8s_1svc,160,32.81384799993248,31.809526997676585,1.0043210022558924,602112,1,31.809526997676585,0.04893400182481855,0.00950000321608968,0.0,602112,0.0,0.0,0.0,0.0,0,0.0,0.0,0.0,0.0,0,0.0,0.0,0.0,0.0,0,0.0,0.0,0.0,0.0,0
3,monolithic_k8s_1svc,161,32.57706300064456,31.638340002245968,0.938722998398589,602112,1,31.638340002245968,0.047063000238267705,0.008930997864808887,0.0,602112,0.0,0.0,0.0,0.0,0,0.0,0.0,0.0,0.0,0,0.0,0.0,0.0,0.0,0,0.0,0.0,0.0,0.0,0
3,monolithic_k8s_1svc,162,32.68457900048816,31.718235000880668,0.9663439996074885,602112,1,31.718235000880668,0.04832299964618869,0.008981001883512363,0.0,602112,0.0,0.0,0.0,0.0,0,0.0,0.0,0.0,0.0,0,0.0,0.0,0.0,0.0,0,0.0,0.0,0.0,0.0,0
3,monolithic_k8s_1svc,163,32.4877370003378,31.568656999297673,0.919080001040129,602112,1,31.568656999297673,0.04628300303011201,0.00872999953571707,0.0,602112,0.0,0.0,0.0,0.0,0,0.0,0.0,0.0,0.0,0,0.0,0.0,0.0,0.0,0,0.0,0.0,0.0,0.0,0
3,monolithic_k8s_1svc,164,33.20720400006394,32.221212997683324,0.9859910023806151,602112,1,32.221212997683324,0.06345500150928274,0.008801001968095079,0.0,602112,0.0,0.0,0.0,0.0,0,0.0,0.0,0.0,0.0,0,0.0,0.0,0.0,0.0,0,0.0,0.0,0.0,0.0,0
3,monolithic_k8s_1svc,165,32.81803299978492,31.883386000117753,0.9346469996671658,602112,1,31.883386000117753,0.052282997785368934,0.008171002264134586,0.0,602112,0.0,0.0,0.0,0.0,0,0.0,0.0,0.0,0.0,0,0.0,0.0,0.0,0.0,0,0.0,0.0,0.0,0.0,0
3,monolithic_k8s_1svc,166,33.08933099833666,32.09891000005882,0.9904209982778411,602112,1,32.09891000005882,0.06608500189031474,0.008810999133856967,0.0,602112,0.0,0.0,0.0,0.0,0,0.0,0.0,0.0,0.0,0,0.0,0.0,0.0,0.0,0,0.0,0.0,0.0,0.0,0
3,monolithic_k8s_1svc,167,33.09137200267287,32.140694002009695,0.9506780006631743,602112,1,32.140694002009695,0.05262299964670092,0.009281000529881567,0.0,602112,0.0,0.0,0.0,0.0,0,0.0,0.0,0.0,0.0,0,0.0,0.0,0.0,0.0,0,0.0,0.0,0.0,0.0,0
3,monolithic_k8s_1svc,168,32.56563600007212,31.60687799754669,0.9587580025254283,602112,1,31.60687799754669,0.050694001402007416,0.008891001925803721,0.0,602112,0.0,0.0,0.0,0.0,0,0.0,0.0,0.0,0.0,0,0.0,0.0,0.0,0.0,0,0.0,0.0,0.0,0.0,0
3,monolithic_k8s_1svc,169,32.59344400066766,31.653871999878902,0.9395720007887576,602112,1,31.653871999878902,0.048062996938824654,0.008480001270072535,0.0,602112,0.0,0.0,0.0,0.0,0,0.0,0.0,0.0,0.0,0,0.0,0.0,0.0,0.0,0,0.0,0.0,0.0,0.0,0
3,monolithic_k8s_1svc,170,32.297683999786386,31.404006000229856,0.8936779995565303,602112,1,31.404006000229856,0.045343000238062814,0.007779999577905983,0.0,602112,0.0,0.0,0.0,0.0,0,0.0,0.0,0.0,0.0,0,0.0,0.0,0.0,0.0,0,0.0,0.0,0.0,0.0,0
3,monolithic_k8s_1svc,171,32.83363499940606,31.893207000393886,0.9404279990121722,602112,1,31.893207000393886,0.05042300108470954,0.0084509993030224,0.0,602112,0.0,0.0,0.0,0.0,0,0.0,0.0,0.0,0.0,0,0.0,0.0,0.0,0.0,0,0.0,0.0,0.0,0.0,0
3,monolithic_k8s_1svc,172,33.00191100061056,32.01705099854735,0.9848600020632148,602112,1,32.01705099854735,0.047533001634292305,0.012210002751089633,0.0,602112,0.0,0.0,0.0,0.0,0,0.0,0.0,0.0,0.0,0,0.0,0.0,0.0,0.0,0,0.0,0.0,0.0,0.0,0
3,monolithic_k8s_1svc,173,32.67345299900626,31.700240997452056,0.9732120015542023,602112,1,31.700240997452056,0.054983000154607,0.008341001375811175,0.0,602112,0.0,0.0,0.0,0.0,0,0.0,0.0,0.0,0.0,0,0.0,0.0,0.0,0.0,0,0.0,0.0,0.0,0.0,0
3,monolithic_k8s_1svc,174,32.717572001274675,31.79832599926158,0.9192460020130966,602112,1,31.79832599926158,0.05006400169804692,0.009000999853014946,0.0,602112,0.0,0.0,0.0,0.0,0,0.0,0.0,0.0,0.0,0,0.0,0.0,0.0,0.0,0,0.0,0.0,0.0,0.0,0
3,monolithic_k8s_1svc,175,32.60478000083822,31.678698000177974,0.9260820006602444,602112,1,31.678698000177974,0.04594299753080122,0.009161001798929647,0.0,602112,0.0,0.0,0.0,0.0,0,0.0,0.0,0.0,0.0,0,0.0,0.0,0.0,0.0,0,0.0,0.0,0.0,0.0,0
3,monolithic_k8s_1svc,176,33.02404699934414,32.03496299829567,0.989084001048468,602112,1,32.03496299829567,0.04678300319937989,0.009949999366654083,0.0,602112,0.0,0.0,0.0,0.0,0,0.0,0.0,0.0,0.0,0,0.0,0.0,0.0,0.0,0,0.0,0.0,0.0,0.0,0
3,monolithic_k8s_1svc,177,33.382035999238724,32.320485999662196,1.0615499995765276,602112,1,32.320485999662196,0.04900299973087385,0.010039999324362725,0.0,602112,0.0,0.0,0.0,0.0,0,0.0,0.0,0.0,0.0,0,0.0,0.0,0.0,0.0,0,0.0,0.0,0.0,0.0,0
3,monolithic_k8s_1svc,178,32.86087000014959,31.823716999497265,1.0371530006523244,602112,1,31.823716999497265,0.052044000767637044,0.01038100162986666,0.0,602112,0.0,0.0,0.0,0.0,0,0.0,0.0,0.0,0.0,0,0.0,0.0,0.0,0.0,0,0.0,0.0,0.0,0.0,0
3,monolithic_k8s_1svc,179,33.05116499905125,32.0885110013478,0.9626539977034554,602112,1,32.0885110013478,0.04780300150741823,0.008759998308960348,0.0,602112,0.0,0.0,0.0,0.0,0,0.0,0.0,0.0,0.0,0,0.0,0.0,0.0,0.0,0,0.0,0.0,0.0,0.0,0
3,monolithic_k8s_1svc,180,32.86403699894436,31.893198000034317,0.9708389989100397,602112,1,31.893198000034317,0.06983399725868367,0.008320999768329784,0.0,602112,0.0,0.0,0.0,0.0,0,0.0,0.0,0.0,0.0,0,0.0,0.0,0.0,0.0,0,0.0,0.0,0.0,0.0,0
3,monolithic_k8s_1svc,181,32.264331999613205,31.374962996778777,0.8893690028344281,602112,1,31.374962996778777,0.05178300125407986,0.00802100112196058,0.0,602112,0.0,0.0,0.0,0.0,0,0.0,0.0,0.0,0.0,0,0.0,0.0,0.0,0.0,0,0.0,0.0,0.0,0.0,0
3,monolithic_k8s_1svc,182,32.92072499971255,31.988712999009294,0.9320120007032529,602112,1,31.988712999009294,0.046213001041905954,0.007670998456887901,0.0,602112,0.0,0.0,0.0,0.0,0,0.0,0.0,0.0,0.0,0,0.0,0.0,0.0,0.0,0,0.0,0.0,0.0,0.0,0
3,monolithic_k8s_1svc,183,32.799102998978924,31.807041999854846,0.9920609991240781,602112,1,31.807041999854846,0.053593001211993396,0.008900999091565609,0.0,602112,0.0,0.0,0.0,0.0,0,0.0,0.0,0.0,0.0,0,0.0,0.0,0.0,0.0,0,0.0,0.0,0.0,0.0,0
3,monolithic_k8s_1svc,184,32.76187899973593,31.83180300038657,0.9300759993493557,602112,1,31.83180300038657,0.04725299731944688,0.007950002327561378,0.0,602112,0.0,0.0,0.0,0.0,0,0.0,0.0,0.0,0.0,0,0.0,0.0,0.0,0.0,0,0.0,0.0,0.0,0.0,0
3,monolithic_k8s_1svc,185,32.36836900032358,31.45533800125122,0.9130309990723617,602112,1,31.45533800125122,0.04733400055556558,0.007810998795321211,0.0,602112,0.0,0.0,0.0,0.0,0,0.0,0.0,0.0,0.0,0,0.0,0.0,0.0,0.0,0,0.0,0.0,0.0,0.0,0
3,monolithic_k8s_1svc,186,32.23283399711363,31.336921001638984,0.8959129954746459,602112,1,31.336921001638984,0.044542997784446925,0.0075499992817640305,0.0,602112,0.0,0.0,0.0,0.0,0,0.0,0.0,0.0,0.0,0,0.0,0.0,0.0,0.0,0,0.0,0.0,0.0,0.0,0
3,monolithic_k8s_1svc,187,33.455720000347355,32.44513000026927,1.010590000078082,602112,1,32.44513000026927,0.04610299947671592,0.011580999853322282,0.0,602112,0.0,0.0,0.0,0.0,0,0.0,0.0,0.0,0.0,0,0.0,0.0,0.0,0.0,0,0.0,0.0,0.0,0.0,0
3,monolithic_k8s_1svc,188,32.98812499997439,31.883605999610154,1.1045190003642347,602112,1,31.883605999610154,0.051173999963793904,0.008921000699047,0.0,602112,0.0,0.0,0.0,0.0,0,0.0,0.0,0.0,0.0,0,0.0,0.0,0.0,0.0,0,0.0,0.0,0.0,0.0,0
3,monolithic_k8s_1svc,189,34.98313199816039,34.06228099993314,0.9208509982272517,602112,1,34.06228099993314,0.04625300061888993,0.008551000064471737,0.0,602112,0.0,0.0,0.0,0.0,0,0.0,0.0,0.0,0.0,0,0.0,0.0,0.0,0.0,0,0.0,0.0,0.0,0.0,0
3,monolithic_k8s_1svc,190,33.47427700282424,32.505498002137756,0.9687790006864816,602112,1,32.505498002137756,0.04974399780621752,0.008510000043315813,0.0,602112,0.0,0.0,0.0,0.0,0,0.0,0.0,0.0,0.0,0,0.0,0.0,0.0,0.0,0,0.0,0.0,0.0,0.0,0
3,monolithic_k8s_1svc,191,33.48325200204272,32.54699099852587,0.9362610035168473,602112,1,32.54699099852587,0.06808500256738625,0.008560000424040481,0.0,602112,0.0,0.0,0.0,0.0,0,0.0,0.0,0.0,0.0,0,0.0,0.0,0.0,0.0,0,0.0,0.0,0.0,0.0,0
3,monolithic_k8s_1svc,192,33.2707580018905,32.32749499875354,0.9432630031369627,602112,1,32.32749499875354,0.04964400068274699,0.010461000783834606,0.0,602112,0.0,0.0,0.0,0.0,0,0.0,0.0,0.0,0.0,0,0.0,0.0,0.0,0.0,0,0.0,0.0,0.0,0.0,0
3,monolithic_k8s_1svc,193,33.22535499682999,32.2935200019856,0.9318349948443938,602112,1,32.2935200019856,0.045742999645881355,0.008360999345313758,0.0,602112,0.0,0.0,0.0,0.0,0,0.0,0.0,0.0,0.0,0,0.0,0.0,0.0,0.0,0,0.0,0.0,0.0,0.0,0
3,monolithic_k8s_1svc,194,33.40863800258376,32.37236499990104,1.0362730026827194,602112,1,32.37236499990104,0.049682999815559015,0.008230999810621142,0.0,602112,0.0,0.0,0.0,0.0,0,0.0,0.0,0.0,0.0,0,0.0,0.0,0.0,0.0,0,0.0,0.0,0.0,0.0,0
3,monolithic_k8s_1svc,195,33.275494002737105,32.33956500116619,0.9359290015709121,602112,1,32.33956500116619,0.04756300040753558,0.008191000233637169,0.0,602112,0.0,0.0,0.0,0.0,0,0.0,0.0,0.0,0.0,0,0.0,0.0,0.0,0.0,0,0.0,0.0,0.0,0.0,0
3,monolithic_k8s_1svc,196,33.280593997915275,32.2837530002289,0.9968409976863768,602112,1,32.2837530002289,0.04656300006899983,0.008201001037377864,0.0,602112,0.0,0.0,0.0,0.0,0,0.0,0.0,0.0,0.0,0,0.0,0.0,0.0,0.0,0,0.0,0.0,0.0,0.0,0
3,monolithic_k8s_1svc,197,33.07424599915976,32.16363100000308,0.9106149991566781,602112,1,32.16363100000308,0.04615299985744059,0.008900999091565609,0.0,602112,0.0,0.0,0.0,0.0,0,0.0,0.0,0.0,0.0,0,0.0,0.0,0.0,0.0,0,0.0,0.0,0.0,0.0,0
3,monolithic_k8s_1svc,198,33.16875199743663,32.22784000172396,0.9409119957126677,602112,1,32.22784000172396,0.05869399683433585,0.007620001269970089,0.0,602112,0.0,0.0,0.0,0.0,0,0.0,0.0,0.0,0.0,0,0.0,0.0,0.0,0.0,0,0.0,0.0,0.0,0.0,0
3,monolithic_k8s_1svc,199,33.17609199802973,32.239339998341165,0.9367519996885676,602112,1,32.239339998341165,0.051402999815763906,0.008099999831756577,0.0,602112,0.0,0.0,0.0,0.0,0,0.0,0.0,0.0,0.0,0,0.0,0.0,0.0,0.0,0,0.0,0.0,0.0,0.0,0
3,monolithic_k8s_1svc,200,32.31583600063459,31.357502997707343,0.9583330029272474,602112,1,31.357502997707343,0.04881300264969468,0.007630002073710784,0.0,602112,0.0,0.0,0.0,0.0,0,0.0,0.0,0.0,0.0,0,0.0,0.0,0.0,0.0,0,0.0,0.0,0.0,0.0,0
4,monolithic_k8s_1svc,1,34.99041100076283,33.522499001264805,1.4679119994980283,602112,1,33.522499001264805,0.0694839982315898,0.013290999049786478,0.0,602112,0.0,0.0,0.0,0.0,0,0.0,0.0,0.0,0.0,0,0.0,0.0,0.0,0.0,0,0.0,0.0,0.0,0.0,0
4,monolithic_k8s_1svc,2,35.78966399800265,34.5322449975356,1.2574190004670527,602112,1,34.5322449975356,0.05898400195292197,0.013660999684361741,0.0,602112,0.0,0.0,0.0,0.0,0,0.0,0.0,0.0,0.0,0,0.0,0.0,0.0,0.0,0,0.0,0.0,0.0,0.0,0
4,monolithic_k8s_1svc,3,34.87504399890895,33.65844799918705,1.2165959997219034,602112,1,33.65844799918705,0.05749400224885903,0.011741001799236983,0.0,602112,0.0,0.0,0.0,0.0,0,0.0,0.0,0.0,0.0,0,0.0,0.0,0.0,0.0,0,0.0,0.0,0.0,0.0,0
4,monolithic_k8s_1svc,4,35.44353100005537,34.23148100046092,1.2120499995944556,602112,1,34.23148100046092,0.060794001910835505,0.013140997907612473,0.0,602112,0.0,0.0,0.0,0.0,0,0.0,0.0,0.0,0.0,0,0.0,0.0,0.0,0.0,0,0.0,0.0,0.0,0.0,0
4,monolithic_k8s_1svc,5,34.53819200149155,33.471115999418544,1.0670760020730086,602112,1,33.471115999418544,0.056924000091385096,0.01206099841510877,0.0,602112,0.0,0.0,0.0,0.0,0,0.0,0.0,0.0,0.0,0,0.0,0.0,0.0,0.0,0,0.0,0.0,0.0,0.0,0
4,monolithic_k8s_1svc,6,34.684181002376135,33.59524500046973,1.0889360019064043,602112,1,33.59524500046973,0.05481300104293041,0.012420998245943338,0.0,602112,0.0,0.0,0.0,0.0,0,0.0,0.0,0.0,0.0,0,0.0,0.0,0.0,0.0,0,0.0,0.0,0.0,0.0,0
4,monolithic_k8s_1svc,7,35.794273997453274,34.637353997823084,1.1569199996301904,602112,1,34.637353997823084,0.05424300252343528,0.01666100069996901,0.0,602112,0.0,0.0,0.0,0.0,0,0.0,0.0,0.0,0.0,0,0.0,0.0,0.0,0.0,0,0.0,0.0,0.0,0.0,0
4,monolithic_k8s_1svc,8,34.716983001999324,33.52909500245005,1.1878879995492753,602112,1,33.52909500245005,0.06811499770265073,0.011699998140102252,0.0,602112,0.0,0.0,0.0,0.0,0,0.0,0.0,0.0,0.0,0,0.0,0.0,0.0,0.0,0,0.0,0.0,0.0,0.0,0
4,monolithic_k8s_1svc,9,35.028744001465384,33.92523100046674,1.103513000998646,602112,1,33.92523100046674,0.05805399996461347,0.013811000826535746,0.0,602112,0.0,0.0,0.0,0.0,0,0.0,0.0,0.0,0.0,0,0.0,0.0,0.0,0.0,0,0.0,0.0,0.0,0.0,0
4,monolithic_k8s_1svc,10,33.81391400034772,32.694363999326015,1.1195500010217074,602112,1,32.694363999326015,0.06316399958450347,0.011871001333929598,0.0,602112,0.0,0.0,0.0,0.0,0,0.0,0.0,0.0,0.0,0,0.0,0.0,0.0,0.0,0,0.0,0.0,0.0,0.0,0
4,monolithic_k8s_1svc,11,34.200408998003695,33.13572900151485,1.0646799964888487,602112,1,33.13572900151485,0.05378399873734452,0.011719999747583643,0.0,602112,0.0,0.0,0.0,0.0,0,0.0,0.0,0.0,0.0,0,0.0,0.0,0.0,0.0,0,0.0,0.0,0.0,0.0,0
4,monolithic_k8s_1svc,12,34.56617299889331,33.29711500191479,1.2690579969785176,602112,1,33.29711500191479,0.05379299909691326,0.012300999514991418,0.0,602112,0.0,0.0,0.0,0.0,0,0.0,0.0,0.0,0.0,0,0.0,0.0,0.0,0.0,0,0.0,0.0,0.0,0.0,0
4,monolithic_k8s_1svc,13,33.926881002116716,32.79229200052214,1.134589001594577,602112,1,32.79229200052214,0.05791399962618016,0.010911000572377816,0.0,602112,0.0,0.0,0.0,0.0,0,0.0,0.0,0.0,0.0,0,0.0,0.0,0.0,0.0,0,0.0,0.0,0.0,0.0,0
4,monolithic_k8s_1svc,14,33.657473999483045,32.65208700031508,1.0053869991679676,602112,1,32.65208700031508,0.05502299973159097,0.009121002221945673,0.0,602112,0.0,0.0,0.0,0.0,0,0.0,0.0,0.0,0.0,0,0.0,0.0,0.0,0.0,0,0.0,0.0,0.0,0.0,0
4,monolithic_k8s_1svc,15,33.72067699820036,32.74537300239899,0.9753039958013687,602112,1,32.74537300239899,0.05080399932921864,0.010140000085812062,0.0,602112,0.0,0.0,0.0,0.0,0,0.0,0.0,0.0,0.0,0,0.0,0.0,0.0,0.0,0,0.0,0.0,0.0,0.0,0
4,monolithic_k8s_1svc,16,32.533494999370305,31.55314399919007,0.9803510001802351,602112,1,31.55314399919007,0.052324001444503665,0.008371000149054453,0.0,602112,0.0,0.0,0.0,0.0,0,0.0,0.0,0.0,0.0,0,0.0,0.0,0.0,0.0,0,0.0,0.0,0.0,0.0,0
4,monolithic_k8s_1svc,17,34.41003300031298,33.51928399933968,0.890749000973301,602112,1,33.51928399933968,0.04391300171846524,0.008549999620299786,0.0,602112,0.0,0.0,0.0,0.0,0,0.0,0.0,0.0,0.0,0,0.0,0.0,0.0,0.0,0,0.0,0.0,0.0,0.0,0
4,monolithic_k8s_1svc,18,33.52304899817682,32.60774399677757,0.915305001399247,602112,1,32.60774399677757,0.047083001845749095,0.00953100243350491,0.0,602112,0.0,0.0,0.0,0.0,0,0.0,0.0,0.0,0.0,0,0.0,0.0,0.0,0.0,0,0.0,0.0,0.0,0.0,0
4,monolithic_k8s_1svc,19,33.28979399884702,32.24436500022421,1.0454289986228105,602112,1,32.24436500022421,0.052274001063778996,0.009141000191448256,0.0,602112,0.0,0.0,0.0,0.0,0,0.0,0.0,0.0,0.0,0,0.0,0.0,0.0,0.0,0,0.0,0.0,0.0,0.0,0
4,monolithic_k8s_1svc,20,32.52641300059622,31.561414998577675,0.9649980020185467,602112,1,31.561414998577675,0.04570300006889738,0.008630999218439683,0.0,602112,0.0,0.0,0.0,0.0,0,0.0,0.0,0.0,0.0,0,0.0,0.0,0.0,0.0,0,0.0,0.0,0.0,0.0,0
4,monolithic_k8s_1svc,21,33.144329998322064,32.23657999842544,0.9077499998966232,602112,1,32.23657999842544,0.047372999688377604,0.009021001460496336,0.0,602112,0.0,0.0,0.0,0.0,0,0.0,0.0,0.0,0.0,0,0.0,0.0,0.0,0.0,0,0.0,0.0,0.0,0.0,0
4,monolithic_k8s_1svc,22,33.230085002287524,32.28328200202668,0.946803000260843,602112,1,32.28328200202668,0.04568299846141599,0.008080998668447137,0.0,602112,0.0,0.0,0.0,0.0,0,0.0,0.0,0.0,0.0,0,0.0,0.0,0.0,0.0,0,0.0,0.0,0.0,0.0,0
4,monolithic_k8s_1svc,23,33.59335900313454,32.60785400198074,0.9855050011537969,602112,1,32.60785400198074,0.0520329995197244,0.008810999133856967,0.0,602112,0.0,0.0,0.0,0.0,0,0.0,0.0,0.0,0.0,0,0.0,0.0,0.0,0.0,0,0.0,0.0,0.0,0.0,0
4,monolithic_k8s_1svc,24,32.96390300238272,31.99773400046979,0.966169001912931,602112,1,31.99773400046979,0.047892997827148065,0.009100000170292333,0.0,602112,0.0,0.0,0.0,0.0,0,0.0,0.0,0.0,0.0,0,0.0,0.0,0.0,0.0,0,0.0,0.0,0.0,0.0,0
4,monolithic_k8s_1svc,25,32.549231000302825,31.557643997075502,0.9915870032273233,602112,1,31.557643997075502,0.04774400076712482,0.009391002095071599,0.0,602112,0.0,0.0,0.0,0.0,0,0.0,0.0,0.0,0.0,0,0.0,0.0,0.0,0.0,0,0.0,0.0,0.0,0.0,0
4,monolithic_k8s_1svc,26,32.50281700093183,31.601767001120606,0.9010499998112209,602112,1,31.601767001120606,0.0476829991384875,0.00885099871084094,0.0,602112,0.0,0.0,0.0,0.0,0,0.0,0.0,0.0,0.0,0,0.0,0.0,0.0,0.0,0,0.0,0.0,0.0,0.0,0
4,monolithic_k8s_1svc,27,33.16678600094747,32.20261699971161,0.9641690012358595,602112,1,32.20261699971161,0.044962998799746856,0.007661001291126013,0.0,602112,0.0,0.0,0.0,0.0,0,0.0,0.0,0.0,0.0,0,0.0,0.0,0.0,0.0,0,0.0,0.0,0.0,0.0,0
4,monolithic_k8s_1svc,28,32.6409759982198,31.713740001578117,0.9272359966416843,602112,1,31.713740001578117,0.046073000703472644,0.008309998520417139,0.0,602112,0.0,0.0,0.0,0.0,0,0.0,0.0,0.0,0.0,0,0.0,0.0,0.0,0.0,0,0.0,0.0,0.0,0.0,0
4,monolithic_k8s_1svc,29,32.91827399880276,32.00087000004714,0.9174039987556171,602112,1,32.00087000004714,0.045573000534204766,0.008710001566214487,0.0,602112,0.0,0.0,0.0,0.0,0,0.0,0.0,0.0,0.0,0,0.0,0.0,0.0,0.0,0,0.0,0.0,0.0,0.0,0
4,monolithic_k8s_1svc,30,32.84285900008399,31.885411000985187,0.9574479990988038,602112,1,31.885411000985187,0.05206299829296768,0.008290000550914556,0.0,602112,0.0,0.0,0.0,0.0,0,0.0,0.0,0.0,0.0,0,0.0,0.0,0.0,0.0,0,0.0,0.0,0.0,0.0,0
4,monolithic_k8s_1svc,31,32.75936000136426,31.846014000620926,0.9133460007433314,602112,1,31.846014000620926,0.04932299998472445,0.008220002200687304,0.0,602112,0.0,0.0,0.0,0.0,0,0.0,0.0,0.0,0.0,0,0.0,0.0,0.0,0.0,0,0.0,0.0,0.0,0.0,0
4,monolithic_k8s_1svc,32,33.231458997761365,32.28639799999655,0.9450609977648128,602112,1,32.28639799999655,0.04845399962505326,0.007630002073710784,0.0,602112,0.0,0.0,0.0,0.0,0,0.0,0.0,0.0,0.0,0,0.0,0.0,0.0,0.0,0,0.0,0.0,0.0,0.0,0
4,monolithic_k8s_1svc,33,32.90900399952079,31.986012996640056,0.9229910028807353,602112,1,31.986012996640056,0.046213001041905954,0.007661001291126013,0.0,602112,0.0,0.0,0.0,0.0,0,0.0,0.0,0.0,0.0,0,0.0,0.0,0.0,0.0,0,0.0,0.0,0.0,0.0,0
4,monolithic_k8s_1svc,34,33.37637499862467,32.328405999578536,1.0479689990461338,602112,1,32.328405999578536,0.055742999393260106,0.009150000551017001,0.0,602112,0.0,0.0,0.0,0.0,0,0.0,0.0,0.0,0.0,0,0.0,0.0,0.0,0.0,0,0.0,0.0,0.0,0.0,0
4,monolithic_k8s_1svc,35,32.40784099762095,31.45314799985499,0.9546929977659602,602112,1,31.45314799985499,0.04788300066138618,0.00810099663794972,0.0,602112,0.0,0.0,0.0,0.0,0,0.0,0.0,0.0,0.0,0,0.0,0.0,0.0,0.0,0,0.0,0.0,0.0,0.0,0
4,monolithic_k8s_1svc,36,32.54878499865299,31.612467999366345,0.936316999286646,602112,1,31.612467999366345,0.05198299913899973,0.008880000677891076,0.0,602112,0.0,0.0,0.0,0.0,0,0.0,0.0,0.0,0.0,0,0.0,0.0,0.0,0.0,0,0.0,0.0,0.0,0.0,0
4,monolithic_k8s_1svc,37,34.96737399837002,33.77120100049069,1.19617299787933,602112,1,33.77120100049069,0.04627299858839251,0.029392002034001052,0.0,602112,0.0,0.0,0.0,0.0,0,0.0,0.0,0.0,0.0,0,0.0,0.0,0.0,0.0,0,0.0,0.0,0.0,0.0,0
4,monolithic_k8s_1svc,38,35.072326001682086,33.73166700112051,1.3406590005615726,602112,1,33.73166700112051,0.06547500015585683,0.014571000065188855,0.0,602112,0.0,0.0,0.0,0.0,0,0.0,0.0,0.0,0.0,0,0.0,0.0,0.0,0.0,0,0.0,0.0,0.0,0.0,0
4,monolithic_k8s_1svc,39,33.138219001557445,31.95638100078213,1.1818380007753149,602112,1,31.95638100078213,0.062333998357644305,0.010611001926008612,0.0,602112,0.0,0.0,0.0,0.0,0,0.0,0.0,0.0,0.0,0,0.0,0.0,0.0,0.0,0,0.0,0.0,0.0,0.0,0
4,monolithic_k8s_1svc,40,33.33525199923315,32.29980799733312,1.0354440019000322,602112,1,32.29980799733312,0.05805399996461347,0.009411000064574182,0.0,602112,0.0,0.0,0.0,0.0,0,0.0,0.0,0.0,0.0,0,0.0,0.0,0.0,0.0,0,0.0,0.0,0.0,0.0,0
4,monolithic_k8s_1svc,41,33.61219100042945,32.53206500085071,1.0801259995787404,602112,1,32.53206500085071,0.05384399992180988,0.010889998520724475,0.0,602112,0.0,0.0,0.0,0.0,0,0.0,0.0,0.0,0.0,0,0.0,0.0,0.0,0.0,0,0.0,0.0,0.0,0.0,0
4,monolithic_k8s_1svc,42,33.65798300001188,32.58235199973569,1.0756310002761893,602112,1,32.58235199973569,0.06401399878086522,0.008899998647393659,0.0,602112,0.0,0.0,0.0,0.0,0,0.0,0.0,0.0,0.0,0,0.0,0.0,0.0,0.0,0,0.0,0.0,0.0,0.0,0
4,monolithic_k8s_1svc,43,33.53005499957362,32.563920998654794,0.966134000918828,602112,1,32.563920998654794,0.061364000430330634,0.009501000022282824,0.0,602112,0.0,0.0,0.0,0.0,0,0.0,0.0,0.0,0.0,0,0.0,0.0,0.0,0.0,0,0.0,0.0,0.0,0.0,0
4,monolithic_k8s_1svc,44,33.536964998347685,32.56093600066379,0.9760289976838976,602112,1,32.56093600066379,0.04913299926556647,0.0088299966591876,0.0,602112,0.0,0.0,0.0,0.0,0,0.0,0.0,0.0,0.0,0,0.0,0.0,0.0,0.0,0,0.0,0.0,0.0,0.0,0
4,monolithic_k8s_1svc,45,32.42917199895601,31.493479997152463,0.9356920018035453,602112,1,31.493479997152463,0.047273002564907074,0.010031002602772787,0.0,602112,0.0,0.0,0.0,0.0,0,0.0,0.0,0.0,0.0,0,0.0,0.0,0.0,0.0,0,0.0,0.0,0.0,0.0,0
4,monolithic_k8s_1svc,46,32.45470000183559,31.515561997366603,0.9391380044689868,602112,1,31.515561997366603,0.04610299947671592,0.008580002031521872,0.0,602112,0.0,0.0,0.0,0.0,0,0.0,0.0,0.0,0.0,0,0.0,0.0,0.0,0.0,0,0.0,0.0,0.0,0.0,0
4,monolithic_k8s_1svc,47,32.35949800000526,31.44459699979052,0.9149010002147406,602112,1,31.44459699979052,0.04720299693872221,0.008981001883512363,0.0,602112,0.0,0.0,0.0,0.0,0,0.0,0.0,0.0,0.0,0,0.0,0.0,0.0,0.0,0,0.0,0.0,0.0,0.0,0
4,monolithic_k8s_1svc,48,33.4573639993323,32.52960899772006,0.9277550016122404,602112,1,32.52960899772006,0.047602999984519556,0.008560000424040481,0.0,602112,0.0,0.0,0.0,0.0,0,0.0,0.0,0.0,0.0,0,0.0,0.0,0.0,0.0,0,0.0,0.0,0.0,0.0,0
4,monolithic_k8s_1svc,49,32.59650399922975,31.58949700082303,1.0070069984067231,602112,1,31.58949700082303,0.047322999307652935,0.008741000783629715,0.0,602112,0.0,0.0,0.0,0.0,0,0.0,0.0,0.0,0.0,0,0.0,0.0,0.0,0.0,0,0.0,0.0,0.0,0.0,0
4,monolithic_k8s_1svc,50,34.56561300117755,33.53239400166785,1.0332189995096996,602112,1,33.53239400166785,0.04849299875786528,0.010310999641660601,0.0,602112,0.0,0.0,0.0,0.0,0,0.0,0.0,0.0,0.0,0,0.0,0.0,0.0,0.0,0,0.0,0.0,0.0,0.0,0
4,monolithic_k8s_1svc,51,34.02492700115545,32.9710639998666,1.0538630012888461,602112,1,32.9710639998666,0.0700939999660477,0.010021001799032092,0.0,602112,0.0,0.0,0.0,0.0,0,0.0,0.0,0.0,0.0,0,0.0,0.0,0.0,0.0,0,0.0,0.0,0.0,0.0,0
4,monolithic_k8s_1svc,52,32.53992600002675,31.597176999639487,0.9427490003872663,602112,1,31.597176999639487,0.049632999434834346,0.008760998753132299,0.0,602112,0.0,0.0,0.0,0.0,0,0.0,0.0,0.0,0.0,0,0.0,0.0,0.0,0.0,0,0.0,0.0,0.0,0.0,0
4,monolithic_k8s_1svc,53,33.664587997918716,32.70132000034209,0.9632679975766223,602112,1,32.70132000034209,0.0544340000487864,0.009701001545181498,0.0,602112,0.0,0.0,0.0,0.0,0,0.0,0.0,0.0,0.0,0,0.0,0.0,0.0,0.0,0,0.0,0.0,0.0,0.0,0
4,monolithic_k8s_1svc,54,32.914894003624795,31.806311002583243,1.108583001041552,602112,1,31.806311002583243,0.052893999963998795,0.01982100002351217,0.0,602112,0.0,0.0,0.0,0.0,0,0.0,0.0,0.0,0.0,0,0.0,0.0,0.0,0.0,0,0.0,0.0,0.0,0.0,0
4,monolithic_k8s_1svc,55,33.93314200002351,32.80845699919155,1.1246850008319598,602112,1,32.80845699919155,0.06547399971168488,0.009381001291330904,0.0,602112,0.0,0.0,0.0,0.0,0,0.0,0.0,0.0,0.0,0,0.0,0.0,0.0,0.0,0,0.0,0.0,0.0,0.0,0
4,monolithic_k8s_1svc,56,32.69671900125104,31.655411003157496,1.0413079980935436,602112,1,31.655411003157496,0.04748299761558883,0.0092999980552122,0.0,602112,0.0,0.0,0.0,0.0,0,0.0,0.0,0.0,0.0,0,0.0,0.0,0.0,0.0,0,0.0,0.0,0.0,0.0,0
4,monolithic_k8s_1svc,57,32.45202399921254,31.388203999085817,1.063820000126725,602112,1,31.388203999085817,0.05073300053481944,0.008409999281866476,0.0,602112,0.0,0.0,0.0,0.0,0,0.0,0.0,0.0,0.0,0,0.0,0.0,0.0,0.0,0,0.0,0.0,0.0,0.0,0
4,monolithic_k8s_1svc,58,33.81734399954439,32.85580000010668,0.9615439994377084,602112,1,32.85580000010668,0.053203999414108694,0.009540999599266797,0.0,602112,0.0,0.0,0.0,0.0,0,0.0,0.0,0.0,0.0,0,0.0,0.0,0.0,0.0,0,0.0,0.0,0.0,0.0,0
4,monolithic_k8s_1svc,59,33.74543899917626,32.73927800182719,1.0061609973490704,602112,1,32.73927800182719,0.05771399810328148,0.008881001122063026,0.0,602112,0.0,0.0,0.0,0.0,0,0.0,0.0,0.0,0.0,0,0.0,0.0,0.0,0.0,0,0.0,0.0,0.0,0.0,0
4,monolithic_k8s_1svc,60,33.95578299750923,32.852989999810234,1.102792997698998,602112,1,32.852989999810234,0.07136500062188134,0.009981002222048119,0.0,602112,0.0,0.0,0.0,0.0,0,0.0,0.0,0.0,0.0,0,0.0,0.0,0.0,0.0,0,0.0,0.0,0.0,0.0,0
4,monolithic_k8s_1svc,61,34.17731799709145,33.16840100160334,1.0089169954881072,602112,1,33.16840100160334,0.056384000345133245,0.01120999877457507,0.0,602112,0.0,0.0,0.0,0.0,0,0.0,0.0,0.0,0.0,0,0.0,0.0,0.0,0.0,0,0.0,0.0,0.0,0.0,0
4,monolithic_k8s_1svc,62,33.61205000328482,32.618613997328794,0.9934360059560277,602112,1,32.618613997328794,0.05768400296801701,0.008230999810621142,0.0,602112,0.0,0.0,0.0,0.0,0,0.0,0.0,0.0,0.0,0,0.0,0.0,0.0,0.0,0,0.0,0.0,0.0,0.0,0
4,monolithic_k8s_1svc,63,32.80395700130612,31.775624000147218,1.0283330011588987,602112,1,31.775624000147218,0.04947300112689845,0.009760999091668054,0.0,602112,0.0,0.0,0.0,0.0,0,0.0,0.0,0.0,0.0,0,0.0,0.0,0.0,0.0,0,0.0,0.0,0.0,0.0,0
4,monolithic_k8s_1svc,64,33.94388200104004,32.85370000230614,1.0901819987338968,602112,1,32.85370000230614,0.07435500083374791,0.009499999578110874,0.0,602112,0.0,0.0,0.0,0.0,0,0.0,0.0,0.0,0.0,0,0.0,0.0,0.0,0.0,0,0.0,0.0,0.0,0.0,0
4,monolithic_k8s_1svc,65,35.32423299839138,34.284294000826776,1.0399389975646045,602112,1,34.284294000826776,0.0569139992876444,0.00944099883781746,0.0,602112,0.0,0.0,0.0,0.0,0,0.0,0.0,0.0,0.0,0,0.0,0.0,0.0,0.0,0,0.0,0.0,0.0,0.0,0
4,monolithic_k8s_1svc,66,33.81576300307643,32.823104000272,0.9926590028044302,602112,1,32.823104000272,0.05587300256593153,0.008940998668549582,0.0,602112,0.0,0.0,0.0,0.0,0,0.0,0.0,0.0,0.0,0,0.0,0.0,0.0,0.0,0,0.0,0.0,0.0,0.0,0
4,monolithic_k8s_1svc,67,33.46368400161737,32.29254700272577,1.1711369988915976,602112,1,32.29254700272577,0.05101299757370725,0.010349998774472624,0.0,602112,0.0,0.0,0.0,0.0,0,0.0,0.0,0.0,0.0,0,0.0,0.0,0.0,0.0,0,0.0,0.0,0.0,0.0,0
4,monolithic_k8s_1svc,68,34.779891997459345,33.60788400095771,1.172007996501634,602112,1,33.60788400095771,0.0539739994565025,0.014290999388322234,0.0,602112,0.0,0.0,0.0,0.0,0,0.0,0.0,0.0,0.0,0,0.0,0.0,0.0,0.0,0,0.0,0.0,0.0,0.0,0
4,monolithic_k8s_1svc,69,34.51204500015592,33.35240299929865,1.159642000857275,602112,1,33.35240299929865,0.0891759991645813,0.010100000508828089,0.0,602112,0.0,0.0,0.0,0.0,0,0.0,0.0,0.0,0.0,0,0.0,0.0,0.0,0.0,0,0.0,0.0,0.0,0.0,0
4,monolithic_k8s_1svc,70,34.22484000111581,33.1647979983245,1.060042002791306,602112,1,33.1647979983245,0.04914300006930716,0.011001000530086458,0.0,602112,0.0,0.0,0.0,0.0,0,0.0,0.0,0.0,0.0,0,0.0,0.0,0.0,0.0,0,0.0,0.0,0.0,0.0,0
4,monolithic_k8s_1svc,71,33.70757499942556,32.5609239989717,1.1466510004538577,602112,1,32.5609239989717,0.05561400030273944,0.00979100150289014,0.0,602112,0.0,0.0,0.0,0.0,0,0.0,0.0,0.0,0.0,0,0.0,0.0,0.0,0.0,0,0.0,0.0,0.0,0.0,0
4,monolithic_k8s_1svc,72,32.87320500021451,31.893139999738196,0.9800650004763156,602112,1,31.893139999738196,0.04729299689643085,0.009020001016324386,0.0,602112,0.0,0.0,0.0,0.0,0,0.0,0.0,0.0,0.0,0,0.0,0.0,0.0,0.0,0,0.0,0.0,0.0,0.0,0
4,monolithic_k8s_1svc,73,33.61637499983772,32.65403600016725,0.9623389996704645,602112,1,32.65403600016725,0.04733300011139363,0.009390998457092792,0.0,602112,0.0,0.0,0.0,0.0,0,0.0,0.0,0.0,0.0,0,0.0,0.0,0.0,0.0,0,0.0,0.0,0.0,0.0,0
4,monolithic_k8s_1svc,74,34.11306799898739,33.125022000604076,0.9880459983833134,602112,1,33.125022000604076,0.054683001508237794,0.00963099955697544,0.0,602112,0.0,0.0,0.0,0.0,0,0.0,0.0,0.0,0.0,0,0.0,0.0,0.0,0.0,0,0.0,0.0,0.0,0.0,0
4,monolithic_k8s_1svc,75,33.39530000084778,32.34148000046844,1.0538200003793463,602112,1,32.34148000046844,0.05378399873734452,0.010799998563015833,0.0,602112,0.0,0.0,0.0,0.0,0,0.0,0.0,0.0,0.0,0,0.0,0.0,0.0,0.0,0,0.0,0.0,0.0,0.0,0
4,monolithic_k8s_1svc,76,34.81516999818268,33.804787999542896,1.0103819986397866,602112,1,33.804787999542896,0.05426400093710981,0.009380000847158954,0.0,602112,0.0,0.0,0.0,0.0,0,0.0,0.0,0.0,0.0,0,0.0,0.0,0.0,0.0,0,0.0,0.0,0.0,0.0,0
4,monolithic_k8s_1svc,77,35.00149200044689,33.989040999585995,1.0124510008608922,602112,1,33.989040999585995,0.05660299939336255,0.009150000551017001,0.0,602112,0.0,0.0,0.0,0.0,0,0.0,0.0,0.0,0.0,0,0.0,0.0,0.0,0.0,0,0.0,0.0,0.0,0.0,0
4,monolithic_k8s_1svc,78,33.27795199948014,32.11623900278937,1.1617129966907669,602112,1,32.11623900278937,0.050773996917996556,0.017851998563855886,0.0,602112,0.0,0.0,0.0,0.0,0,0.0,0.0,0.0,0.0,0,0.0,0.0,0.0,0.0,0,0.0,0.0,0.0,0.0,0
4,monolithic_k8s_1svc,79,33.060847999877296,31.97602000000188,1.0848279998754151,602112,1,31.97602000000188,0.05890399916097522,0.010420997568871826,0.0,602112,0.0,0.0,0.0,0.0,0,0.0,0.0,0.0,0.0,0,0.0,0.0,0.0,0.0,0,0.0,0.0,0.0,0.0,0
4,monolithic_k8s_1svc,80,33.61225399930845,32.56964499814785,1.0426090011605993,602112,1,32.56964499814785,0.05578300260822289,0.009310999303124845,0.0,602112,0.0,0.0,0.0,0.0,0,0.0,0.0,0.0,0.0,0,0.0,0.0,0.0,0.0,0,0.0,0.0,0.0,0.0,0
4,monolithic_k8s_1svc,81,33.21919900190551,32.227831998170586,0.991367003734922,602112,1,32.227831998170586,0.057683999330038205,0.008791001164354384,0.0,602112,0.0,0.0,0.0,0.0,0,0.0,0.0,0.0,0.0,0,0.0,0.0,0.0,0.0,0,0.0,0.0,0.0,0.0,0
4,monolithic_k8s_1svc,82,33.276882000791375,32.24553399923025,1.0313480015611276,602112,1,32.24553399923025,0.056003002100624144,0.009629999112803489,0.0,602112,0.0,0.0,0.0,0.0,0,0.0,0.0,0.0,0.0,0,0.0,0.0,0.0,0.0,0,0.0,0.0,0.0,0.0,0
4,monolithic_k8s_1svc,83,33.51880800255458,32.503320999239804,1.0154870033147745,602112,1,32.503320999239804,0.05647299985866994,0.010150000889552757,0.0,602112,0.0,0.0,0.0,0.0,0,0.0,0.0,0.0,0.0,0,0.0,0.0,0.0,0.0,0,0.0,0.0,0.0,0.0,0
4,monolithic_k8s_1svc,84,33.14432299885084,32.15748699949472,0.9868359993561171,602112,1,32.15748699949472,0.07208500028355047,0.009661001968197525,0.0,602112,0.0,0.0,0.0,0.0,0,0.0,0.0,0.0,0.0,0,0.0,0.0,0.0,0.0,0,0.0,0.0,0.0,0.0,0
4,monolithic_k8s_1svc,85,33.03380099896458,32.05504699872108,0.978754000243498,602112,1,32.05504699872108,0.049583002692088485,0.009250001312466338,0.0,602112,0.0,0.0,0.0,0.0,0,0.0,0.0,0.0,0.0,0,0.0,0.0,0.0,0.0,0,0.0,0.0,0.0,0.0,0
4,monolithic_k8s_1svc,86,33.17715000230237,32.22786200058181,0.9492880017205607,602112,1,32.22786200058181,0.05705399962607771,0.009049999789567664,0.0,602112,0.0,0.0,0.0,0.0,0,0.0,0.0,0.0,0.0,0,0.0,0.0,0.0,0.0,0,0.0,0.0,0.0,0.0,0
4,monolithic_k8s_1svc,87,33.100159002060536,32.10049300105311,0.9996660010074265,602112,1,32.10049300105311,0.05522299761651084,0.009191000572172925,0.0,602112,0.0,0.0,0.0,0.0,0,0.0,0.0,0.0,0.0,0,0.0,0.0,0.0,0.0,0,0.0,0.0,0.0,0.0,0
4,monolithic_k8s_1svc,88,33.20440799870994,32.27584599881084,0.9285619998991024,602112,1,32.27584599881084,0.053814001148566604,0.009570001566316932,0.0,602112,0.0,0.0,0.0,0.0,0,0.0,0.0,0.0,0.0,0,0.0,0.0,0.0,0.0,0,0.0,0.0,0.0,0.0,0
4,monolithic_k8s_1svc,89,32.58057499988354,31.66339900053572,0.917175999347819,602112,1,31.66339900053572,0.048073001380544156,0.009080999006982893,0.0,602112,0.0,0.0,0.0,0.0,0,0.0,0.0,0.0,0.0,0,0.0,0.0,0.0,0.0,0,0.0,0.0,0.0,0.0,0
4,monolithic_k8s_1svc,90,32.931788999121636,31.948362997354707,0.9834260017669294,602112,1,31.948362997354707,0.055864002206362784,0.008400002116104588,0.0,602112,0.0,0.0,0.0,0.0,0,0.0,0.0,0.0,0.0,0,0.0,0.0,0.0,0.0,0,0.0,0.0,0.0,0.0,0
4,monolithic_k8s_1svc,91,32.58513100081473,31.600764999893727,0.9843660009209998,602112,1,31.600764999893727,0.048952999350149184,0.008601000445196405,0.0,602112,0.0,0.0,0.0,0.0,0,0.0,0.0,0.0,0.0,0,0.0,0.0,0.0,0.0,0,0.0,0.0,0.0,0.0,0
4,monolithic_k8s_1svc,92,34.959903998242225,33.919765999598894,1.0401379986433312,602112,1,33.919765999598894,0.05335300011211075,0.008311002602567896,0.0,602112,0.0,0.0,0.0,0.0,0,0.0,0.0,0.0,0.0,0,0.0,0.0,0.0,0.0,0,0.0,0.0,0.0,0.0,0
4,monolithic_k8s_1svc,93,33.116585000243504,32.15174700017087,0.964838000072632,602112,1,32.15174700017087,0.046332999772857875,0.008520000847056508,0.0,602112,0.0,0.0,0.0,0.0,0,0.0,0.0,0.0,0.0,0,0.0,0.0,0.0,0.0,0,0.0,0.0,0.0,0.0,0
4,monolithic_k8s_1svc,94,33.12432199891191,32.10179399684421,1.022528002067702,602112,1,32.10179399684421,0.04631300180335529,0.008301001798827201,0.0,602112,0.0,0.0,0.0,0.0,0,0.0,0.0,0.0,0.0,0,0.0,0.0,0.0,0.0,0,0.0,0.0,0.0,0.0,0
4,monolithic_k8s_1svc,95,32.84003299995675,31.92904200113844,0.9109909988183063,602112,1,31.92904200113844,0.05391300146584399,0.008439998055109754,0.0,602112,0.0,0.0,0.0,0.0,0,0.0,0.0,0.0,0.0,0,0.0,0.0,0.0,0.0,0,0.0,0.0,0.0,0.0,0
4,monolithic_k8s_1svc,96,33.12483199988492,32.13764600150171,0.987185998383211,602112,1,32.13764600150171,0.05718399916077033,0.009020997822517529,0.0,602112,0.0,0.0,0.0,0.0,0,0.0,0.0,0.0,0.0,0,0.0,0.0,0.0,0.0,0,0.0,0.0,0.0,0.0,0
4,monolithic_k8s_1svc,97,34.1142180004681,33.07595899968874,1.0382590007793624,602112,1,33.07595899968874,0.050814000132959336,0.009970000974135473,0.0,602112,0.0,0.0,0.0,0.0,0,0.0,0.0,0.0,0.0,0,0.0,0.0,0.0,0.0,0,0.0,0.0,0.0,0.0,0
4,monolithic_k8s_1svc,98,34.06181399986963,32.94959900085814,1.112214999011485,602112,1,32.94959900085814,0.04936400000588037,0.014091001503402367,0.0,602112,0.0,0.0,0.0,0.0,0,0.0,0.0,0.0,0.0,0,0.0,0.0,0.0,0.0,0,0.0,0.0,0.0,0.0,0
4,monolithic_k8s_1svc,99,33.51192700210959,32.42533499724232,1.0865920048672706,602112,1,32.42533499724232,0.06010400102240965,0.011150001228088513,0.0,602112,0.0,0.0,0.0,0.0,0,0.0,0.0,0.0,0.0,0,0.0,0.0,0.0,0.0,0,0.0,0.0,0.0,0.0,0
4,monolithic_k8s_1svc,100,33.69602000020677,32.62827800062951,1.0677419995772652,602112,1,32.62827800062951,0.056714001402724534,0.009601000783732161,0.0,602112,0.0,0.0,0.0,0.0,0,0.0,0.0,0.0,0.0,0,0.0,0.0,0.0,0.0,0,0.0,0.0,0.0,0.0,0
4,monolithic_k8s_1svc,101,33.474875999672804,32.4853689999145,0.989506999758305,602112,1,32.4853689999145,0.049893002142198384,0.010160998499486595,0.0,602112,0.0,0.0,0.0,0.0,0,0.0,0.0,0.0,0.0,0,0.0,0.0,0.0,0.0,0,0.0,0.0,0.0,0.0,0
4,monolithic_k8s_1svc,102,33.21163800137583,32.182393999391934,1.0292440019838978,602112,1,32.182393999391934,0.054043001000536606,0.009580002370057628,0.0,602112,0.0,0.0,0.0,0.0,0,0.0,0.0,0.0,0.0,0,0.0,0.0,0.0,0.0,0,0.0,0.0,0.0,0.0,0
4,monolithic_k8s_1svc,103,33.05933700175956,32.03818399924785,1.02115300251171,602112,1,32.03818399924785,0.05700400288333185,0.009950999810826033,0.0,602112,0.0,0.0,0.0,0.0,0,0.0,0.0,0.0,0.0,0,0.0,0.0,0.0,0.0,0,0.0,0.0,0.0,0.0,0
4,monolithic_k8s_1svc,104,33.36693800156354,32.28134500022861,1.085593001334928,602112,1,32.28134500022861,0.057022996770683676,0.009891002264339477,0.0,602112,0.0,0.0,0.0,0.0,0,0.0,0.0,0.0,0.0,0,0.0,0.0,0.0,0.0,0,0.0,0.0,0.0,0.0,0
4,monolithic_k8s_1svc,105,33.53819900075905,32.519209999009036,1.0189890017500147,602112,1,32.519209999009036,0.04877300307271071,0.00975099828792736,0.0,602112,0.0,0.0,0.0,0.0,0,0.0,0.0,0.0,0.0,0,0.0,0.0,0.0,0.0,0,0.0,0.0,0.0,0.0,0
4,monolithic_k8s_1svc,106,33.33575600117911,32.28436100107501,1.051395000104094,602112,1,32.28436100107501,0.05980399873806164,0.010300998837919906,0.0,602112,0.0,0.0,0.0,0.0,0,0.0,0.0,0.0,0.0,0,0.0,0.0,0.0,0.0,0,0.0,0.0,0.0,0.0,0
4,monolithic_k8s_1svc,107,35.27855100037414,34.09371599991573,1.1848350004584063,602112,1,34.09371599991573,0.05124300150782801,0.016240999684669077,0.0,602112,0.0,0.0,0.0,0.0,0,0.0,0.0,0.0,0.0,0,0.0,0.0,0.0,0.0,0,0.0,0.0,0.0,0.0,0
4,monolithic_k8s_1svc,108,34.455736000381876,33.19737600031658,1.258360000065295,602112,1,33.19737600031658,0.06205400131875649,0.012901000445708632,0.0,602112,0.0,0.0,0.0,0.0,0,0.0,0.0,0.0,0.0,0,0.0,0.0,0.0,0.0,0,0.0,0.0,0.0,0.0,0
4,monolithic_k8s_1svc,109,33.64211699954467,32.50964100152487,1.1324759980197996,602112,1,32.50964100152487,0.059293997765053064,0.010659998224582523,0.0,602112,0.0,0.0,0.0,0.0,0,0.0,0.0,0.0,0.0,0,0.0,0.0,0.0,0.0,0,0.0,0.0,0.0,0.0,0
4,monolithic_k8s_1svc,110,33.56207099932362,32.519071999558946,1.0429989997646771,602112,1,32.519071999558946,0.053313000535126776,0.010580999514786527,0.0,602112,0.0,0.0,0.0,0.0,0,0.0,0.0,0.0,0.0,0,0.0,0.0,0.0,0.0,0,0.0,0.0,0.0,0.0,0
4,monolithic_k8s_1svc,111,33.305964003375266,32.365110997488955,0.9408530058863107,602112,1,32.365110997488955,0.05396400229074061,0.00963099955697544,0.0,602112,0.0,0.0,0.0,0.0,0,0.0,0.0,0.0,0.0,0,0.0,0.0,0.0,0.0,0,0.0,0.0,0.0,0.0,0
4,monolithic_k8s_1svc,112,35.06324199770461,34.06202399855829,1.00121799914632,602112,1,34.06202399855829,0.04935400284011848,0.010411000403109938,0.0,602112,0.0,0.0,0.0,0.0,0,0.0,0.0,0.0,0.0,0,0.0,0.0,0.0,0.0,0,0.0,0.0,0.0,0.0,0
4,monolithic_k8s_1svc,113,33.325414999126224,32.307206998666516,1.0182080004597083,602112,1,32.307206998666516,0.04759299918077886,0.0107810010376852,0.0,602112,0.0,0.0,0.0,0.0,0,0.0,0.0,0.0,0.0,0,0.0,0.0,0.0,0.0,0,0.0,0.0,0.0,0.0,0
4,monolithic_k8s_1svc,114,33.1993270010571,32.12224999879254,1.0770770022645593,602112,1,32.12224999879254,0.051733000873355195,0.009380000847158954,0.0,602112,0.0,0.0,0.0,0.0,0,0.0,0.0,0.0,0.0,0,0.0,0.0,0.0,0.0,0,0.0,0.0,0.0,0.0,0
4,monolithic_k8s_1svc,115,33.21533800044563,32.22071200070786,0.9946259997377638,602112,1,32.22071200070786,0.047182998969219625,0.009290000889450312,0.0,602112,0.0,0.0,0.0,0.0,0,0.0,0.0,0.0,0.0,0,0.0,0.0,0.0,0.0,0,0.0,0.0,0.0,0.0,0
4,monolithic_k8s_1svc,116,33.21767799934605,32.251884000288555,0.965793999057496,602112,1,32.251884000288555,0.04927299960399978,0.0090810026449617,0.0,602112,0.0,0.0,0.0,0.0,0,0.0,0.0,0.0,0.0,0,0.0,0.0,0.0,0.0,0,0.0,0.0,0.0,0.0,0
4,monolithic_k8s_1svc,117,33.395009999367176,32.297420999384485,1.0975889999826904,602112,1,32.297420999384485,0.05545299791265279,0.0087710031948518,0.0,602112,0.0,0.0,0.0,0.0,0,0.0,0.0,0.0,0.0,0,0.0,0.0,0.0,0.0,0,0.0,0.0,0.0,0.0,0
4,monolithic_k8s_1svc,118,33.45518399873981,32.347939999453956,1.1072439992858563,602112,1,32.347939999453956,0.06635399768128991,0.00981000266619958,0.0,602112,0.0,0.0,0.0,0.0,0,0.0,0.0,0.0,0.0,0,0.0,0.0,0.0,0.0,0,0.0,0.0,0.0,0.0,0
4,monolithic_k8s_1svc,119,33.523247999255545,32.37028199873748,1.152966000518063,602112,1,32.37028199873748,0.05764399975305423,0.010420000762678683,0.0,602112,0.0,0.0,0.0,0.0,0,0.0,0.0,0.0,0.0,0,0.0,0.0,0.0,0.0,0,0.0,0.0,0.0,0.0,0
4,monolithic_k8s_1svc,120,33.57832199981203,32.588681002380326,0.9896409974317066,602112,1,32.588681002380326,0.047842997446423396,0.00886999987415038,0.0,602112,0.0,0.0,0.0,0.0,0,0.0,0.0,0.0,0.0,0,0.0,0.0,0.0,0.0,0,0.0,0.0,0.0,0.0,0
4,monolithic_k8s_1svc,121,33.312434003164526,32.25120400020387,1.0612300029606558,602112,1,32.25120400020387,0.04778299989993684,0.00906000059330836,0.0,602112,0.0,0.0,0.0,0.0,0,0.0,0.0,0.0,0.0,0,0.0,0.0,0.0,0.0,0,0.0,0.0,0.0,0.0,0
4,monolithic_k8s_1svc,122,32.57650500017917,31.627124997612555,0.9493800025666133,602112,1,31.627124997612555,0.05097400207887404,0.008121001883409917,0.0,602112,0.0,0.0,0.0,0.0,0,0.0,0.0,0.0,0.0,0,0.0,0.0,0.0,0.0,0,0.0,0.0,0.0,0.0,0
4,monolithic_k8s_1svc,123,32.37568199983798,31.450875001610257,0.9248069982277229,602112,1,31.450875001610257,0.05174399848328903,0.00833000012789853,0.0,602112,0.0,0.0,0.0,0.0,0,0.0,0.0,0.0,0.0,0,0.0,0.0,0.0,0.0,0,0.0,0.0,0.0,0.0,0
4,monolithic_k8s_1svc,124,33.13078199789743,32.1854899993923,0.9452919985051267,602112,1,32.1854899993923,0.04514299871516414,0.008661001629661769,0.0,602112,0.0,0.0,0.0,0.0,0,0.0,0.0,0.0,0.0,0,0.0,0.0,0.0,0.0,0,0.0,0.0,0.0,0.0,0
4,monolithic_k8s_1svc,125,33.39753999898676,32.37477199945715,1.0227679995296057,602112,1,32.37477199945715,0.05712400161428377,0.008759998308960348,0.0,602112,0.0,0.0,0.0,0.0,0,0.0,0.0,0.0,0.0,0,0.0,0.0,0.0,0.0,0,0.0,0.0,0.0,0.0,0
4,monolithic_k8s_1svc,126,33.51251799904276,32.52133600108209,0.9911819979606662,602112,1,32.52133600108209,0.04830300167668611,0.011140997230540961,0.0,602112,0.0,0.0,0.0,0.0,0,0.0,0.0,0.0,0.0,0,0.0,0.0,0.0,0.0,0,0.0,0.0,0.0,0.0,0
4,monolithic_k8s_1svc,127,34.557687999040354,33.48974599794019,1.067942001100164,602112,1,33.48974599794019,0.059874000726267695,0.009011000656755641,0.0,602112,0.0,0.0,0.0,0.0,0,0.0,0.0,0.0,0.0,0,0.0,0.0,0.0,0.0,0,0.0,0.0,0.0,0.0,0
4,monolithic_k8s_1svc,128,34.272738001163816,33.04716600177926,1.225571999384556,602112,1,33.04716600177926,0.059263998991809785,0.013190998288337141,0.0,602112,0.0,0.0,0.0,0.0,0,0.0,0.0,0.0,0.0,0,0.0,0.0,0.0,0.0,0,0.0,0.0,0.0,0.0,0
4,monolithic_k8s_1svc,129,33.225519000552595,32.01683299994329,1.2086860006093048,602112,1,32.01683299994329,0.05293299909681082,0.009660998330218717,0.0,602112,0.0,0.0,0.0,0.0,0,0.0,0.0,0.0,0.0,0,0.0,0.0,0.0,0.0,0,0.0,0.0,0.0,0.0,0
4,monolithic_k8s_1svc,130,33.34631699908641,32.31683800186147,1.0294789972249418,602112,1,32.31683800186147,0.05358400085242465,0.008889997843652964,0.0,602112,0.0,0.0,0.0,0.0,0,0.0,0.0,0.0,0.0,0,0.0,0.0,0.0,0.0,0,0.0,0.0,0.0,0.0,0
4,monolithic_k8s_1svc,131,33.28744299869868,32.28811599910841,0.9993269995902665,602112,1,32.28811599910841,0.05337399852578528,0.008740000339457765,0.0,602112,0.0,0.0,0.0,0.0,0,0.0,0.0,0.0,0.0,0,0.0,0.0,0.0,0.0,0,0.0,0.0,0.0,0.0,0
4,monolithic_k8s_1svc,132,32.78169899931527,31.790822999028023,0.9908760002872441,602112,1,31.790822999028023,0.04643300053430721,0.011020998499589041,0.0,602112,0.0,0.0,0.0,0.0,0,0.0,0.0,0.0,0.0,0,0.0,0.0,0.0,0.0,0,0.0,0.0,0.0,0.0,0
4,monolithic_k8s_1svc,133,33.170721002534265,32.22212200125796,0.9485990012763068,602112,1,32.22212200125796,0.05370299913920462,0.009430998034076765,0.0,602112,0.0,0.0,0.0,0.0,0,0.0,0.0,0.0,0.0,0,0.0,0.0,0.0,0.0,0,0.0,0.0,0.0,0.0,0
4,monolithic_k8s_1svc,134,32.64221000063117,31.664684000134002,0.9775260004971642,602112,1,31.664684000134002,0.05062299896962941,0.008981001883512363,0.0,602112,0.0,0.0,0.0,0.0,0,0.0,0.0,0.0,0.0,0,0.0,0.0,0.0,0.0,0,0.0,0.0,0.0,0.0,0
4,monolithic_k8s_1svc,135,32.73149999949965,31.791997000254923,0.9395029992447235,602112,1,31.791997000254923,0.044583000999409705,0.0086110012489371,0.0,602112,0.0,0.0,0.0,0.0,0,0.0,0.0,0.0,0.0,0,0.0,0.0,0.0,0.0,0,0.0,0.0,0.0,0.0,0
4,monolithic_k8s_1svc,136,32.9467299998214,32.03165900049498,0.9150709993264172,602112,1,32.03165900049498,0.05000300006940961,0.00896999699762091,0.0,602112,0.0,0.0,0.0,0.0,0,0.0,0.0,0.0,0.0,0,0.0,0.0,0.0,0.0,0,0.0,0.0,0.0,0.0,0
4,monolithic_k8s_1svc,137,33.28874300132156,32.31671799949254,0.9720250018290244,602112,1,32.31671799949254,0.05826400229125284,0.008819999493425712,0.0,602112,0.0,0.0,0.0,0.0,0,0.0,0.0,0.0,0.0,0,0.0,0.0,0.0,0.0,0,0.0,0.0,0.0,0.0,0
4,monolithic_k8s_1svc,138,33.359488003043225,32.3255280018202,1.0339600012230221,602112,1,32.3255280018202,0.050113998440792784,0.009090999810723588,0.0,602112,0.0,0.0,0.0,0.0,0,0.0,0.0,0.0,0.0,0,0.0,0.0,0.0,0.0,0,0.0,0.0,0.0,0.0,0
4,monolithic_k8s_1svc,139,33.27693100072793,32.34466899812105,0.9322620026068762,602112,1,32.34466899812105,0.05030300235375762,0.008309998520417139,0.0,602112,0.0,0.0,0.0,0.0,0,0.0,0.0,0.0,0.0,0,0.0,0.0,0.0,0.0,0,0.0,0.0,0.0,0.0,0
4,monolithic_k8s_1svc,140,33.453034000558546,32.457861001603305,0.9951729989552405,602112,1,32.457861001603305,0.06607500108657405,0.007831000402802601,0.0,602112,0.0,0.0,0.0,0.0,0,0.0,0.0,0.0,0.0,0,0.0,0.0,0.0,0.0,0,0.0,0.0,0.0,0.0,0
4,monolithic_k8s_1svc,141,33.02882600110024,32.062190999567974,0.9666350015322678,602112,1,32.062190999567974,0.047632998757762834,0.011781001376220956,0.0,602112,0.0,0.0,0.0,0.0,0,0.0,0.0,0.0,0.0,0,0.0,0.0,0.0,0.0,0,0.0,0.0,0.0,0.0,0
4,monolithic_k8s_1svc,142,33.018955000443384,32.11163400192163,0.9073209985217545,602112,1,32.11163400192163,0.04595299833454192,0.0081409998529125,0.0,602112,0.0,0.0,0.0,0.0,0,0.0,0.0,0.0,0.0,0,0.0,0.0,0.0,0.0,0,0.0,0.0,0.0,0.0,0
4,monolithic_k8s_1svc,143,33.53254499961622,32.4243450013455,1.1081999982707202,602112,1,32.4243450013455,0.04702300066128373,0.013060998753644526,0.0,602112,0.0,0.0,0.0,0.0,0,0.0,0.0,0.0,0.0,0,0.0,0.0,0.0,0.0,0,0.0,0.0,0.0,0.0,0
4,monolithic_k8s_1svc,144,33.43056700032321,32.317188000888564,1.1133789994346444,602112,1,32.317188000888564,0.0663739992887713,0.010930998541880399,0.0,602112,0.0,0.0,0.0,0.0,0,0.0,0.0,0.0,0.0,0,0.0,0.0,0.0,0.0,0,0.0,0.0,0.0,0.0,0
4,monolithic_k8s_1svc,145,33.488436998595716,32.403323999460554,1.0851129991351627,602112,1,32.403323999460554,0.05618399882223457,0.009621002391213551,0.0,602112,0.0,0.0,0.0,0.0,0,0.0,0.0,0.0,0.0,0,0.0,0.0,0.0,0.0,0,0.0,0.0,0.0,0.0,0
4,monolithic_k8s_1svc,146,32.822501998452935,31.864058000792284,0.9584439976606518,602112,1,31.864058000792284,0.049703001423040405,0.009849998605204746,0.0,602112,0.0,0.0,0.0,0.0,0,0.0,0.0,0.0,0.0,0,0.0,0.0,0.0,0.0,0,0.0,0.0,0.0,0.0,0
4,monolithic_k8s_1svc,147,36.56233700166922,35.288847000629175,1.2734900010400452,602112,1,35.288847000629175,0.050433001888450235,0.014310997357824817,0.0,602112,0.0,0.0,0.0,0.0,0,0.0,0.0,0.0,0.0,0,0.0,0.0,0.0,0.0,0,0.0,0.0,0.0,0.0,0
4,monolithic_k8s_1svc,148,35.48434399999678,34.27442500105826,1.2099189989385195,602112,1,34.27442500105826,0.07055400055833161,0.01149099989561364,0.0,602112,0.0,0.0,0.0,0.0,0,0.0,0.0,0.0,0.0,0,0.0,0.0,0.0,0.0,0,0.0,0.0,0.0,0.0,0
4,monolithic_k8s_1svc,149,33.50278699872433,32.33007900053053,1.1727079981938004,602112,1,32.33007900053053,0.06887500057928264,0.010271000064676628,0.0,602112,0.0,0.0,0.0,0.0,0,0.0,0.0,0.0,0.0,0,0.0,0.0,0.0,0.0,0,0.0,0.0,0.0,0.0,0
4,monolithic_k8s_1svc,150,33.070003999455366,32.04203600034816,1.0279679991072044,602112,1,32.04203600034816,0.06625400055781938,0.009409999620402232,0.0,602112,0.0,0.0,0.0,0.0,0,0.0,0.0,0.0,0.0,0,0.0,0.0,0.0,0.0,0,0.0,0.0,0.0,0.0,0
4,monolithic_k8s_1svc,151,33.22823300186428,32.28068499811343,0.9475480037508532,602112,1,32.28068499811343,0.04848400203627534,0.00958099917625077,0.0,602112,0.0,0.0,0.0,0.0,0,0.0,0.0,0.0,0.0,0,0.0,0.0,0.0,0.0,0,0.0,0.0,0.0,0.0,0
4,monolithic_k8s_1svc,152,33.16705500037642,32.2084100007487,0.9586449996277224,602112,1,32.2084100007487,0.05758399856858887,0.008830000297166407,0.0,602112,0.0,0.0,0.0,0.0,0,0.0,0.0,0.0,0.0,0,0.0,0.0,0.0,0.0,0,0.0,0.0,0.0,0.0,0
4,monolithic_k8s_1svc,153,33.69661999749951,32.64540899908752,1.0512109984119888,602112,1,32.64540899908752,0.05205300112720579,0.012861000868724659,0.0,602112,0.0,0.0,0.0,0.0,0,0.0,0.0,0.0,0.0,0,0.0,0.0,0.0,0.0,0,0.0,0.0,0.0,0.0,0
4,monolithic_k8s_1svc,154,32.95711999817286,31.920591998641612,1.0365279995312449,602112,1,31.920591998641612,0.05540300116990693,0.01036100002238527,0.0,602112,0.0,0.0,0.0,0.0,0,0.0,0.0,0.0,0.0,0,0.0,0.0,0.0,0.0,0,0.0,0.0,0.0,0.0,0
4,monolithic_k8s_1svc,155,33.32930499891518,32.28505600054632,1.0442489983688574,602112,1,32.28505600054632,0.054003998229745775,0.010200001270277426,0.0,602112,0.0,0.0,0.0,0.0,0,0.0,0.0,0.0,0.0,0,0.0,0.0,0.0,0.0,0,0.0,0.0,0.0,0.0,0
4,monolithic_k8s_1svc,156,33.86231000331463,32.827205999637954,1.035104003676679,602112,1,32.827205999637954,0.05569399945670739,0.011411000741645694,0.0,602112,0.0,0.0,0.0,0.0,0,0.0,0.0,0.0,0.0,0,0.0,0.0,0.0,0.0,0,0.0,0.0,0.0,0.0,0
4,monolithic_k8s_1svc,157,33.51284800010035,32.413550001365365,1.0992979987349827,602112,1,32.413550001365365,0.05308300023898482,0.011159998393850401,0.0,602112,0.0,0.0,0.0,0.0,0,0.0,0.0,0.0,0.0,0,0.0,0.0,0.0,0.0,0,0.0,0.0,0.0,0.0,0
4,monolithic_k8s_1svc,158,35.88897199733765,34.700416999839945,1.1885549974977039,602112,1,34.700416999839945,0.05500400220626034,0.01819099998101592,0.0,602112,0.0,0.0,0.0,0.0,0,0.0,0.0,0.0,0.0,0,0.0,0.0,0.0,0.0,0,0.0,0.0,0.0,0.0,0
4,monolithic_k8s_1svc,159,33.31460499975947,32.19734999947832,1.1172550002811477,602112,1,32.19734999947832,0.06680500155198388,0.011731000995496288,0.0,602112,0.0,0.0,0.0,0.0,0,0.0,0.0,0.0,0.0,0,0.0,0.0,0.0,0.0,0,0.0,0.0,0.0,0.0,0
4,monolithic_k8s_1svc,160,33.659192002232885,32.535002999793505,1.1241890024393797,602112,1,32.535002999793505,0.13348900029086508,0.01999099913518876,0.0,602112,0.0,0.0,0.0,0.0,0,0.0,0.0,0.0,0.0,0,0.0,0.0,0.0,0.0,0,0.0,0.0,0.0,0.0,0
4,monolithic_k8s_1svc,161,32.89029200095683,31.869668997387635,1.0206230035691988,602112,1,31.869668997387635,0.050713002565316856,0.009420000424142927,0.0,602112,0.0,0.0,0.0,0.0,0,0.0,0.0,0.0,0.0,0,0.0,0.0,0.0,0.0,0,0.0,0.0,0.0,0.0,0
4,monolithic_k8s_1svc,162,33.41511500184424,32.493205999344354,0.9219090024998877,602112,1,32.493205999344354,0.058953999541699886,0.008689999958733097,0.0,602112,0.0,0.0,0.0,0.0,0,0.0,0.0,0.0,0.0,0,0.0,0.0,0.0,0.0,0,0.0,0.0,0.0,0.0,0
4,monolithic_k8s_1svc,163,32.98009200079832,32.04759499931242,0.9324970014858991,602112,1,32.04759499931242,0.046963003114797175,0.008920000254875049,0.0,602112,0.0,0.0,0.0,0.0,0,0.0,0.0,0.0,0.0,0,0.0,0.0,0.0,0.0,0,0.0,0.0,0.0,0.0,0
4,monolithic_k8s_1svc,164,32.50064600069891,31.576168003084604,0.9244779976143036,602112,1,31.576168003084604,0.04736399932880886,0.00897099744179286,0.0,602112,0.0,0.0,0.0,0.0,0,0.0,0.0,0.0,0.0,0,0.0,0.0,0.0,0.0,0,0.0,0.0,0.0,0.0,0
4,monolithic_k8s_1svc,165,33.59572800036403,32.585836001089774,1.0098919992742594,602112,1,32.585836001089774,0.049393001972930506,0.008610997610958293,0.0,602112,0.0,0.0,0.0,0.0,0,0.0,0.0,0.0,0.0,0,0.0,0.0,0.0,0.0,0,0.0,0.0,0.0,0.0,0
4,monolithic_k8s_1svc,166,33.43689299799735,32.487528998899506,0.9493639990978409,602112,1,32.487528998899506,0.04802300099981949,0.008671002433402464,0.0,602112,0.0,0.0,0.0,0.0,0,0.0,0.0,0.0,0.0,0,0.0,0.0,0.0,0.0,0,0.0,0.0,0.0,0.0,0
4,monolithic_k8s_1svc,167,33.912324000993976,32.84710899970378,1.0652150012901984,602112,1,32.84710899970378,0.052533003326971084,0.010660998668754473,0.0,602112,0.0,0.0,0.0,0.0,0,0.0,0.0,0.0,0.0,0,0.0,0.0,0.0,0.0,0,0.0,0.0,0.0,0.0,0
4,monolithic_k8s_1svc,168,33.56118100055028,32.470924001245294,1.0902569993049838,602112,1,32.470924001245294,0.04920300125377253,0.010050996934296563,0.0,602112,0.0,0.0,0.0,0.0,0,0.0,0.0,0.0,0.0,0,0.0,0.0,0.0,0.0,0,0.0,0.0,0.0,0.0,0
4,monolithic_k8s_1svc,169,33.56265099864686,32.61169799952768,0.9509529991191812,602112,1,32.61169799952768,0.04949300273437984,0.008180999429896474,0.0,602112,0.0,0.0,0.0,0.0,0,0.0,0.0,0.0,0.0,0,0.0,0.0,0.0,0.0,0,0.0,0.0,0.0,0.0,0
4,monolithic_k8s_1svc,170,33.67753899874515,32.71144400059711,0.9660949981480371,602112,1,32.71144400059711,0.04542299939203076,0.010861000191653147,0.0,602112,0.0,0.0,0.0,0.0,0,0.0,0.0,0.0,0.0,0,0.0,0.0,0.0,0.0,0,0.0,0.0,0.0,0.0,0
4,monolithic_k8s_1svc,171,33.8125679991208,32.83497200027341,0.9775959988473915,602112,1,32.83497200027341,0.05078399772173725,0.009990999387810007,0.0,602112,0.0,0.0,0.0,0.0,0,0.0,0.0,0.0,0.0,0,0.0,0.0,0.0,0.0,0,0.0,0.0,0.0,0.0,0
4,monolithic_k8s_1svc,172,35.02751899941359,34.007424997980706,1.0200940014328808,602112,1,34.007424997980706,0.04972399983671494,0.011971002095378935,0.0,602112,0.0,0.0,0.0,0.0,0,0.0,0.0,0.0,0.0,0,0.0,0.0,0.0,0.0,0,0.0,0.0,0.0,0.0,0
4,monolithic_k8s_1svc,173,35.359675999643514,34.19760700126062,1.1620689983828925,602112,1,34.19760700126062,0.06397399920388125,0.013450997357722372,0.0,602112,0.0,0.0,0.0,0.0,0,0.0,0.0,0.0,0.0,0,0.0,0.0,0.0,0.0,0,0.0,0.0,0.0,0.0,0
4,monolithic_k8s_1svc,174,33.839923999039456,32.63942599733127,1.2004980017081834,602112,1,32.63942599733127,0.05457299994304776,0.009410003258381039,0.0,602112,0.0,0.0,0.0,0.0,0,0.0,0.0,0.0,0.0,0,0.0,0.0,0.0,0.0,0,0.0,0.0,0.0,0.0,0
4,monolithic_k8s_1svc,175,32.9260090002208,31.888940000499133,1.0370689997216687,602112,1,31.888940000499133,0.05094299922348,0.009370000043418258,0.0,602112,0.0,0.0,0.0,0.0,0,0.0,0.0,0.0,0.0,0,0.0,0.0,0.0,0.0,0,0.0,0.0,0.0,0.0,0
4,monolithic_k8s_1svc,176,32.71473399945535,31.767721000505844,0.9470129989495035,602112,1,31.767721000505844,0.04860400076722726,0.010210998880211264,0.0,602112,0.0,0.0,0.0,0.0,0,0.0,0.0,0.0,0.0,0,0.0,0.0,0.0,0.0,0,0.0,0.0,0.0,0.0,0
4,monolithic_k8s_1svc,177,32.730825998442015,31.743110001116293,0.9877159973257221,602112,1,31.743110001116293,0.05368299753172323,0.011480999091872945,0.0,602112,0.0,0.0,0.0,0.0,0,0.0,0.0,0.0,0.0,0,0.0,0.0,0.0,0.0,0,0.0,0.0,0.0,0.0,0
4,monolithic_k8s_1svc,178,33.060316996852634,32.044829000369646,1.0154879964829888,602112,1,32.044829000369646,0.0521039983141236,0.009499999578110874,0.0,602112,0.0,0.0,0.0,0.0,0,0.0,0.0,0.0,0.0,0,0.0,0.0,0.0,0.0,0,0.0,0.0,0.0,0.0,0
4,monolithic_k8s_1svc,179,33.049386998754926,32.02070800034562,1.0286789984093048,602112,1,32.02070800034562,0.054332998843165115,0.01007100217975676,0.0,602112,0.0,0.0,0.0,0.0,0,0.0,0.0,0.0,0.0,0,0.0,0.0,0.0,0.0,0,0.0,0.0,0.0,0.0,0
4,monolithic_k8s_1svc,180,32.97525200105156,32.015738001064165,0.9595139999873936,602112,1,32.015738001064165,0.05665400021825917,0.009079998562810943,0.0,602112,0.0,0.0,0.0,0.0,0,0.0,0.0,0.0,0.0,0,0.0,0.0,0.0,0.0,0,0.0,0.0,0.0,0.0,0
4,monolithic_k8s_1svc,181,33.616674998484086,32.58899700085749,1.027677997626597,602112,1,32.58899700085749,0.04594300116878003,0.019871000404236838,0.0,602112,0.0,0.0,0.0,0.0,0,0.0,0.0,0.0,0.0,0,0.0,0.0,0.0,0.0,0,0.0,0.0,0.0,0.0,0
4,monolithic_k8s_1svc,182,32.988343002216425,32.02174800026114,0.9665950019552838,602112,1,32.02174800026114,0.055963999329833314,0.009331000910606235,0.0,602112,0.0,0.0,0.0,0.0,0,0.0,0.0,0.0,0.0,0,0.0,0.0,0.0,0.0,0,0.0,0.0,0.0,0.0,0
4,monolithic_k8s_1svc,183,33.1525639994652,32.17549799956032,0.9770659999048803,602112,1,32.17549799956032,0.05220399907557294,0.00977099989540875,0.0,602112,0.0,0.0,0.0,0.0,0,0.0,0.0,0.0,0.0,0,0.0,0.0,0.0,0.0,0,0.0,0.0,0.0,0.0,0
4,monolithic_k8s_1svc,184,34.71180800261209,33.76736500285915,0.9444429997529369,602112,1,33.76736500285915,0.0553639983991161,0.008720999176148325,0.0,602112,0.0,0.0,0.0,0.0,0,0.0,0.0,0.0,0.0,0,0.0,0.0,0.0,0.0,0,0.0,0.0,0.0,0.0,0
4,monolithic_k8s_1svc,185,33.34014699794352,32.313648000126705,1.026498997816816,602112,1,32.313648000126705,0.05687399971066043,0.010039999324362725,0.0,602112,0.0,0.0,0.0,0.0,0,0.0,0.0,0.0,0.0,0,0.0,0.0,0.0,0.0,0,0.0,0.0,0.0,0.0,0
4,monolithic_k8s_1svc,186,34.3647450026765,33.3114149980247,1.053330004651798,602112,1,33.3114149980247,0.06459400174207985,0.01267100014956668,0.0,602112,0.0,0.0,0.0,0.0,0,0.0,0.0,0.0,0.0,0,0.0,0.0,0.0,0.0,0,0.0,0.0,0.0,0.0,0
4,monolithic_k8s_1svc,187,33.92894600256113,32.63994900044054,1.2889970021205954,602112,1,32.63994900044054,0.05387399869505316,0.024852000933606178,0.0,602112,0.0,0.0,0.0,0.0,0,0.0,0.0,0.0,0.0,0,0.0,0.0,0.0,0.0,0,0.0,0.0,0.0,0.0,0
4,monolithic_k8s_1svc,188,35.19628000140074,33.946146999369375,1.2501330020313617,602112,1,33.946146999369375,0.0587840004300233,0.015220997738651931,0.0,602112,0.0,0.0,0.0,0.0,0,0.0,0.0,0.0,0.0,0,0.0,0.0,0.0,0.0,0,0.0,0.0,0.0,0.0,0
4,monolithic_k8s_1svc,189,33.72120700078085,32.55778899983852,1.163418000942329,602112,1,32.55778899983852,0.058153997088084,0.011481002729851753,0.0,602112,0.0,0.0,0.0,0.0,0,0.0,0.0,0.0,0.0,0,0.0,0.0,0.0,0.0,0,0.0,0.0,0.0,0.0,0
4,monolithic_k8s_1svc,190,33.79049000068335,32.614607000141405,1.175883000541944,602112,1,32.614607000141405,0.0569929979974404,0.01352099934592843,0.0,602112,0.0,0.0,0.0,0.0,0,0.0,0.0,0.0,0.0,0,0.0,0.0,0.0,0.0,0,0.0,0.0,0.0,0.0,0
4,monolithic_k8s_1svc,191,33.623526000155834,32.56799500013585,1.0555310000199825,602112,1,32.56799500013585,0.056763998145470396,0.010600000678095967,0.0,602112,0.0,0.0,0.0,0.0,0,0.0,0.0,0.0,0.0,0,0.0,0.0,0.0,0.0,0,0.0,0.0,0.0,0.0,0
4,monolithic_k8s_1svc,192,34.90081999916583,33.89484400031506,1.0059759988507722,602112,1,33.89484400031506,0.05262299964670092,0.009139999747276306,0.0,602112,0.0,0.0,0.0,0.0,0,0.0,0.0,0.0,0.0,0,0.0,0.0,0.0,0.0,0,0.0,0.0,0.0,0.0,0
4,monolithic_k8s_1svc,193,32.912106998992385,31.908010998449754,1.0040960005426314,602112,1,31.908010998449754,0.05054299981566146,0.009700001101009548,0.0,602112,0.0,0.0,0.0,0.0,0,0.0,0.0,0.0,0.0,0,0.0,0.0,0.0,0.0,0,0.0,0.0,0.0,0.0,0
4,monolithic_k8s_1svc,194,33.230108998395735,32.172087998333154,1.0580210000625812,602112,1,32.172087998333154,0.05575400064117275,0.010251002095174044,0.0,602112,0.0,0.0,0.0,0.0,0,0.0,0.0,0.0,0.0,0,0.0,0.0,0.0,0.0,0,0.0,0.0,0.0,0.0,0
4,monolithic_k8s_1svc,195,33.14913400026853,32.177407996641705,0.9717260036268272,602112,1,32.177407996641705,0.04945399996358901,0.01026000245474279,0.0,602112,0.0,0.0,0.0,0.0,0,0.0,0.0,0.0,0.0,0,0.0,0.0,0.0,0.0,0,0.0,0.0,0.0,0.0,0
4,monolithic_k8s_1svc,196,33.10682099981932,32.11212400128716,0.994696998532163,602112,1,32.11212400128716,0.06387399844243191,0.008920997061068192,0.0,602112,0.0,0.0,0.0,0.0,0,0.0,0.0,0.0,0.0,0,0.0,0.0,0.0,0.0,0,0.0,0.0,0.0,0.0,0
4,monolithic_k8s_1svc,197,33.544490001077065,32.435215998702915,1.1092740023741499,602112,1,32.435215998702915,0.055603999498998746,0.02189100268878974,0.0,602112,0.0,0.0,0.0,0.0,0,0.0,0.0,0.0,0.0,0,0.0,0.0,0.0,0.0,0,0.0,0.0,0.0,0.0,0
4,monolithic_k8s_1svc,198,33.00982400105568,32.02996800246183,0.9798559985938482,602112,1,32.02996800246183,0.05824399704579264,0.009490999218542129,0.0,602112,0.0,0.0,0.0,0.0,0,0.0,0.0,0.0,0.0,0,0.0,0.0,0.0,0.0,0,0.0,0.0,0.0,0.0,0
4,monolithic_k8s_1svc,199,33.36717800266342,32.258903000183636,1.108275002479786,602112,1,32.258903000183636,0.05359399801818654,0.010771000233944505,0.0,602112,0.0,0.0,0.0,0.0,0,0.0,0.0,0.0,0.0,0,0.0,0.0,0.0,0.0,0,0.0,0.0,0.0,0.0,0
4,monolithic_k8s_1svc,200,33.13992299808888,32.03477900024154,1.1051439978473354,602112,1,32.03477900024154,0.05702300040866248,0.009110000974033028,0.0,602112,0.0,0.0,0.0,0.0,0,0.0,0.0,0.0,0.0,0,0.0,0.0,0.0,0.0,0,0.0,0.0,0.0,0.0,0
5,monolithic_k8s_1svc,1,32.94263200223213,31.96286499951384,0.9797670027182903,602112,1,31.96286499951384,0.061203998484415933,0.010440999176353216,0.0,602112,0.0,0.0,0.0,0.0,0,0.0,0.0,0.0,0.0,0,0.0,0.0,0.0,0.0,0,0.0,0.0,0.0,0.0,0
5,monolithic_k8s_1svc,2,34.442624000803335,33.46583299935446,0.9767910014488734,602112,1,33.46583299935446,0.046673998440383,0.009371000487590209,0.0,602112,0.0,0.0,0.0,0.0,0,0.0,0.0,0.0,0.0,0,0.0,0.0,0.0,0.0,0,0.0,0.0,0.0,0.0,0
5,monolithic_k8s_1svc,3,33.44894200199633,32.48251100012567,0.9664310018706601,602112,1,32.48251100012567,0.049964000936597586,0.010380997991887853,0.0,602112,0.0,0.0,0.0,0.0,0,0.0,0.0,0.0,0.0,0,0.0,0.0,0.0,0.0,0,0.0,0.0,0.0,0.0,0
5,monolithic_k8s_1svc,4,32.62046400050167,31.626558000425575,0.9939060000760946,602112,1,31.626558000425575,0.05502400017576292,0.008540999260731041,0.0,602112,0.0,0.0,0.0,0.0,0,0.0,0.0,0.0,0.0,0,0.0,0.0,0.0,0.0,0,0.0,0.0,0.0,0.0,0
5,monolithic_k8s_1svc,5,33.03466900251806,32.02482999768108,1.0098390048369765,602112,1,32.02482999768108,0.049044003390008584,0.008959999831859022,0.0,602112,0.0,0.0,0.0,0.0,0,0.0,0.0,0.0,0.0,0,0.0,0.0,0.0,0.0,0,0.0,0.0,0.0,0.0,0
5,monolithic_k8s_1svc,6,33.92562899898621,32.82498399858014,1.1006450004060753,602112,1,32.82498399858014,0.04740300209959969,0.010151001333724707,0.0,602112,0.0,0.0,0.0,0.0,0,0.0,0.0,0.0,0.0,0,0.0,0.0,0.0,0.0,0,0.0,0.0,0.0,0.0,0
5,monolithic_k8s_1svc,7,33.59487599664135,32.61415000088164,0.9807259957597125,602112,1,32.61415000088164,0.04977299977326766,0.009231000149156898,0.0,602112,0.0,0.0,0.0,0.0,0,0.0,0.0,0.0,0.0,0,0.0,0.0,0.0,0.0,0,0.0,0.0,0.0,0.0,0
5,monolithic_k8s_1svc,8,33.79800000038813,32.76057000039145,1.0374299999966752,602112,1,32.76057000039145,0.05094399966765195,0.009971001418307424,0.0,602112,0.0,0.0,0.0,0.0,0,0.0,0.0,0.0,0.0,0,0.0,0.0,0.0,0.0,0,0.0,0.0,0.0,0.0,0
5,monolithic_k8s_1svc,9,33.63533900119364,32.631730999128195,1.003608002065448,602112,1,32.631730999128195,0.05233300180407241,0.009551000403007492,0.0,602112,0.0,0.0,0.0,0.0,0,0.0,0.0,0.0,0.0,0,0.0,0.0,0.0,0.0,0,0.0,0.0,0.0,0.0,0
5,monolithic_k8s_1svc,10,34.10363000148209,33.031221999408444,1.0724080020736437,602112,1,33.031221999408444,0.06149399996502325,0.013331002264749259,0.0,602112,0.0,0.0,0.0,0.0,0,0.0,0.0,0.0,0.0,0,0.0,0.0,0.0,0.0,0,0.0,0.0,0.0,0.0,0
5,monolithic_k8s_1svc,11,34.85367800021777,33.81199100113008,1.0416869990876876,602112,1,33.81199100113008,0.050603001000126824,0.010130999726243317,0.0,602112,0.0,0.0,0.0,0.0,0,0.0,0.0,0.0,0.0,0,0.0,0.0,0.0,0.0,0,0.0,0.0,0.0,0.0,0
5,monolithic_k8s_1svc,12,33.39262599911308,32.39444399878266,0.9981820003304165,602112,1,32.39444399878266,0.059194000641582534,0.01078000059351325,0.0,602112,0.0,0.0,0.0,0.0,0,0.0,0.0,0.0,0.0,0,0.0,0.0,0.0,0.0,0,0.0,0.0,0.0,0.0,0
5,monolithic_k8s_1svc,13,34.52298899719608,33.16039299897966,1.3625959982164204,602112,1,33.16039299897966,0.055372998758684844,0.008881001122063026,0.0,602112,0.0,0.0,0.0,0.0,0,0.0,0.0,0.0,0.0,0,0.0,0.0,0.0,0.0,0,0.0,0.0,0.0,0.0,0
5,monolithic_k8s_1svc,14,33.251523000217276,32.270696996420156,0.9808260037971195,602112,1,32.270696996420156,0.05726400195271708,0.008791001164354384,0.0,602112,0.0,0.0,0.0,0.0,0,0.0,0.0,0.0,0.0,0,0.0,0.0,0.0,0.0,0,0.0,0.0,0.0,0.0,0
5,monolithic_k8s_1svc,15,33.436624999012565,32.391944998380495,1.04468000063207,602112,1,32.391944998380495,0.05417400097940117,0.009530998795526102,0.0,602112,0.0,0.0,0.0,0.0,0,0.0,0.0,0.0,0.0,0,0.0,0.0,0.0,0.0,0,0.0,0.0,0.0,0.0,0
5,monolithic_k8s_1svc,16,33.54822300025262,32.548396000493085,0.9998269997595344,602112,1,32.548396000493085,0.059144000260857865,0.009819999831961468,0.0,602112,0.0,0.0,0.0,0.0,0,0.0,0.0,0.0,0.0,0,0.0,0.0,0.0,0.0,0,0.0,0.0,0.0,0.0,0
5,monolithic_k8s_1svc,17,33.321517999866046,32.299029000569135,1.022488999296911,602112,1,32.299029000569135,0.05495399818755686,0.013840999599779025,0.0,602112,0.0,0.0,0.0,0.0,0,0.0,0.0,0.0,0.0,0,0.0,0.0,0.0,0.0,0,0.0,0.0,0.0,0.0,0
5,monolithic_k8s_1svc,18,32.75804499935475,31.684097997640492,1.0739470017142594,602112,1,31.684097997640492,0.061974002164788544,0.0094600000011269,0.0,602112,0.0,0.0,0.0,0.0,0,0.0,0.0,0.0,0.0,0,0.0,0.0,0.0,0.0,0,0.0,0.0,0.0,0.0,0
5,monolithic_k8s_1svc,19,34.26309600035893,33.22435199879692,1.0387440015620086,602112,1,33.22435199879692,0.052464001782936975,0.010740001016529277,0.0,602112,0.0,0.0,0.0,0.0,0,0.0,0.0,0.0,0.0,0,0.0,0.0,0.0,0.0,0,0.0,0.0,0.0,0.0,0
5,monolithic_k8s_1svc,20,32.61914999893634,31.586460998369148,1.0326890005671885,602112,1,31.586460998369148,0.057324003137182444,0.009390001650899649,0.0,602112,0.0,0.0,0.0,0.0,0,0.0,0.0,0.0,0.0,0,0.0,0.0,0.0,0.0,0,0.0,0.0,0.0,0.0,0
5,monolithic_k8s_1svc,21,33.69685299912817,32.60592899823678,1.0909240008913912,602112,1,32.60592899823678,0.04920300125377253,0.012901000445708632,0.0,602112,0.0,0.0,0.0,0.0,0,0.0,0.0,0.0,0.0,0,0.0,0.0,0.0,0.0,0,0.0,0.0,0.0,0.0,0
5,monolithic_k8s_1svc,22,34.466395001800265,33.3273280011781,1.1390670006221626,602112,1,33.3273280011781,0.0625040011072997,0.011120999261038378,0.0,602112,0.0,0.0,0.0,0.0,0,0.0,0.0,0.0,0.0,0,0.0,0.0,0.0,0.0,0,0.0,0.0,0.0,0.0,0
5,monolithic_k8s_1svc,23,33.76761799881933,32.72447799827205,1.0431400005472824,602112,1,32.72447799827205,0.05273300121189095,0.009051000233739614,0.0,602112,0.0,0.0,0.0,0.0,0,0.0,0.0,0.0,0.0,0,0.0,0.0,0.0,0.0,0,0.0,0.0,0.0,0.0,0
5,monolithic_k8s_1svc,24,35.13382000164711,34.131698001147015,1.0021220005000941,602112,1,34.131698001147015,0.053764000767841935,0.008980998245533556,0.0,602112,0.0,0.0,0.0,0.0,0,0.0,0.0,0.0,0.0,0,0.0,0.0,0.0,0.0,0,0.0,0.0,0.0,0.0,0
5,monolithic_k8s_1svc,25,34.71512099713436,33.59967100186623,1.1154499952681363,602112,1,33.59967100186623,0.060303998907329515,0.025471999833825976,0.0,602112,0.0,0.0,0.0,0.0,0,0.0,0.0,0.0,0.0,0,0.0,0.0,0.0,0.0,0,0.0,0.0,0.0,0.0,0
5,monolithic_k8s_1svc,26,34.18454699931317,33.07251600199379,1.1120309973193798,602112,1,33.07251600199379,0.05733400030294433,0.01137000072048977,0.0,602112,0.0,0.0,0.0,0.0,0,0.0,0.0,0.0,0.0,0,0.0,0.0,0.0,0.0,0,0.0,0.0,0.0,0.0,0
5,monolithic_k8s_1svc,27,33.386902003258,32.36913300133892,1.0177690019190777,602112,1,32.36913300133892,0.05634400076814927,0.010079998901346698,0.0,602112,0.0,0.0,0.0,0.0,0,0.0,0.0,0.0,0.0,0,0.0,0.0,0.0,0.0,0,0.0,0.0,0.0,0.0,0
5,monolithic_k8s_1svc,28,33.224241000425536,32.151109000551514,1.0731319998740219,602112,1,32.151109000551514,0.055962998885661364,0.00932100010686554,0.0,602112,0.0,0.0,0.0,0.0,0,0.0,0.0,0.0,0.0,0,0.0,0.0,0.0,0.0,0,0.0,0.0,0.0,0.0,0
5,monolithic_k8s_1svc,29,33.404434001568006,32.234345002507325,1.170088999060681,602112,1,32.234345002507325,0.05727399911847897,0.00957999873207882,0.0,602112,0.0,0.0,0.0,0.0,0,0.0,0.0,0.0,0.0,0,0.0,0.0,0.0,0.0,0,0.0,0.0,0.0,0.0,0
5,monolithic_k8s_1svc,30,33.467137000116054,32.36965300311567,1.0974839970003814,602112,1,32.36965300311567,0.05373399835661985,0.010220999683951959,0.0,602112,0.0,0.0,0.0,0.0,0,0.0,0.0,0.0,0.0,0,0.0,0.0,0.0,0.0,0,0.0,0.0,0.0,0.0,0
5,monolithic_k8s_1svc,31,33.43943599975319,32.413631000963505,1.0258049987896811,602112,1,32.413631000963505,0.05910400068387389,0.009501000022282824,0.0,602112,0.0,0.0,0.0,0.0,0,0.0,0.0,0.0,0.0,0,0.0,0.0,0.0,0.0,0,0.0,0.0,0.0,0.0,0
5,monolithic_k8s_1svc,32,33.206390999112045,32.26743699997314,0.9389539991389029,602112,1,32.26743699997314,0.06157400275697,0.0092999980552122,0.0,602112,0.0,0.0,0.0,0.0,0,0.0,0.0,0.0,0.0,0,0.0,0.0,0.0,0.0,0,0.0,0.0,0.0,0.0,0
5,monolithic_k8s_1svc,33,33.320486996672116,32.29957899748115,1.0209079991909675,602112,1,32.29957899748115,0.050103000830858946,0.01356000211671926,0.0,602112,0.0,0.0,0.0,0.0,0,0.0,0.0,0.0,0.0,0,0.0,0.0,0.0,0.0,0,0.0,0.0,0.0,0.0,0
5,monolithic_k8s_1svc,34,33.796520001487806,32.74886600047466,1.047654001013143,602112,1,32.74886600047466,0.06494400076917373,0.0092999980552122,0.0,602112,0.0,0.0,0.0,0.0,0,0.0,0.0,0.0,0.0,0,0.0,0.0,0.0,0.0,0,0.0,0.0,0.0,0.0,0
5,monolithic_k8s_1svc,35,33.33665900208871,32.250194999505766,1.086464002582943,602112,1,32.250194999505766,0.04803400224773213,0.011721000191755593,0.0,602112,0.0,0.0,0.0,0.0,0,0.0,0.0,0.0,0.0,0,0.0,0.0,0.0,0.0,0,0.0,0.0,0.0,0.0,0
5,monolithic_k8s_1svc,36,35.41239799960749,34.20430600090185,1.2080919987056404,602112,1,34.20430600090185,0.060324000514810905,0.010791001841425896,0.0,602112,0.0,0.0,0.0,0.0,0,0.0,0.0,0.0,0.0,0,0.0,0.0,0.0,0.0,0,0.0,0.0,0.0,0.0,0
5,monolithic_k8s_1svc,37,33.40445399953751,32.36514300078852,1.039310998748988,602112,1,32.36514300078852,0.05535400123335421,0.009879997378448024,0.0,602112,0.0,0.0,0.0,0.0,0,0.0,0.0,0.0,0.0,0,0.0,0.0,0.0,0.0,0,0.0,0.0,0.0,0.0,0
5,monolithic_k8s_1svc,38,33.42694499951904,32.363222002459224,1.0637229970598128,602112,1,32.363222002459224,0.05168399729882367,0.008910999895306304,0.0,602112,0.0,0.0,0.0,0.0,0,0.0,0.0,0.0,0.0,0,0.0,0.0,0.0,0.0,0,0.0,0.0,0.0,0.0,0
5,monolithic_k8s_1svc,39,32.96896399842808,31.98680700006662,0.9821569983614609,602112,1,31.98680700006662,0.054473999625770375,0.008320999768329784,0.0,602112,0.0,0.0,0.0,0.0,0,0.0,0.0,0.0,0.0,0,0.0,0.0,0.0,0.0,0,0.0,0.0,0.0,0.0,0
5,monolithic_k8s_1svc,40,33.139106002636254,32.18879099949845,0.9503150031378027,602112,1,32.18879099949845,0.050793998525477946,0.009761002729646862,0.0,602112,0.0,0.0,0.0,0.0,0,0.0,0.0,0.0,0.0,0,0.0,0.0,0.0,0.0,0,0.0,0.0,0.0,0.0,0
5,monolithic_k8s_1svc,41,32.98112500124262,31.933695001498563,1.047429999744054,602112,1,31.933695001498563,0.05347299884306267,0.008209997758967802,0.0,602112,0.0,0.0,0.0,0.0,0,0.0,0.0,0.0,0.0,0,0.0,0.0,0.0,0.0,0,0.0,0.0,0.0,0.0,0
5,monolithic_k8s_1svc,42,32.696114998543635,31.77171299830661,0.9244020002370235,602112,1,31.77171299830661,0.049824000598164275,0.008110000635497272,0.0,602112,0.0,0.0,0.0,0.0,0,0.0,0.0,0.0,0.0,0,0.0,0.0,0.0,0.0,0,0.0,0.0,0.0,0.0,0
5,monolithic_k8s_1svc,43,32.75659000064479,31.841828000324313,0.9147620003204793,602112,1,31.841828000324313,0.047232999349944293,0.008720999176148325,0.0,602112,0.0,0.0,0.0,0.0,0,0.0,0.0,0.0,0.0,0,0.0,0.0,0.0,0.0,0,0.0,0.0,0.0,0.0,0
5,monolithic_k8s_1svc,44,32.76375100176665,31.884650998108555,0.8791000036580954,602112,1,31.884650998108555,0.04450300184544176,0.007581002137158066,0.0,602112,0.0,0.0,0.0,0.0,0,0.0,0.0,0.0,0.0,0,0.0,0.0,0.0,0.0,0,0.0,0.0,0.0,0.0,0
5,monolithic_k8s_1svc,45,32.986434001941234,32.00867899795412,0.977755003987113,602112,1,32.00867899795412,0.0617240002611652,0.00849100251798518,0.0,602112,0.0,0.0,0.0,0.0,0,0.0,0.0,0.0,0.0,0,0.0,0.0,0.0,0.0,0,0.0,0.0,0.0,0.0,0
5,monolithic_k8s_1svc,46,32.890573998884065,31.951525001204573,0.9390489976794925,602112,1,31.951525001204573,0.046852997911628336,0.009949999366654083,0.0,602112,0.0,0.0,0.0,0.0,0,0.0,0.0,0.0,0.0,0,0.0,0.0,0.0,0.0,0,0.0,0.0,0.0,0.0,0
5,monolithic_k8s_1svc,47,32.903303999773925,31.99385900006746,0.9094449997064658,602112,1,31.99385900006746,0.046592998842243105,0.007989998266566545,0.0,602112,0.0,0.0,0.0,0.0,0,0.0,0.0,0.0,0.0,0,0.0,0.0,0.0,0.0,0,0.0,0.0,0.0,0.0,0
5,monolithic_k8s_1svc,48,32.53966999909608,31.59891100222012,0.9407589968759567,602112,1,31.59891100222012,0.04847299715038389,0.007820999599061906,0.0,602112,0.0,0.0,0.0,0.0,0,0.0,0.0,0.0,0.0,0,0.0,0.0,0.0,0.0,0,0.0,0.0,0.0,0.0,0
5,monolithic_k8s_1svc,49,33.159540998894954,32.202177000726806,0.9573639981681481,602112,1,32.202177000726806,0.047492998419329524,0.009270999726140872,0.0,602112,0.0,0.0,0.0,0.0,0,0.0,0.0,0.0,0.0,0,0.0,0.0,0.0,0.0,0,0.0,0.0,0.0,0.0,0
5,monolithic_k8s_1svc,50,34.22108899758314,33.16270700088353,1.0583819966996089,602112,1,33.16270700088353,0.05247399894869886,0.012630000128410757,0.0,602112,0.0,0.0,0.0,0.0,0,0.0,0.0,0.0,0.0,0,0.0,0.0,0.0,0.0,0,0.0,0.0,0.0,0.0,0
5,monolithic_k8s_1svc,51,34.385658997052815,33.280793999438174,1.1048649976146407,602112,1,33.280793999438174,0.05441399844130501,0.012480002624215558,0.0,602112,0.0,0.0,0.0,0.0,0,0.0,0.0,0.0,0.0,0,0.0,0.0,0.0,0.0,0,0.0,0.0,0.0,0.0,0
5,monolithic_k8s_1svc,52,33.29761200075154,32.22808400096255,1.0695279997889884,602112,1,32.22808400096255,0.05427300129667856,0.010681000276235864,0.0,602112,0.0,0.0,0.0,0.0,0,0.0,0.0,0.0,0.0,0,0.0,0.0,0.0,0.0,0,0.0,0.0,0.0,0.0,0
5,monolithic_k8s_1svc,53,33.89648099982878,32.82250999836833,1.0739710014604498,602112,1,32.82250999836833,0.05261300248093903,0.01024100129143335,0.0,602112,0.0,0.0,0.0,0.0,0,0.0,0.0,0.0,0.0,0,0.0,0.0,0.0,0.0,0,0.0,0.0,0.0,0.0,0
5,monolithic_k8s_1svc,54,33.55615399777889,32.53991399833467,1.016239999444224,602112,1,32.53991399833467,0.05214400152908638,0.0107810010376852,0.0,602112,0.0,0.0,0.0,0.0,0,0.0,0.0,0.0,0.0,0,0.0,0.0,0.0,0.0,0,0.0,0.0,0.0,0.0,0
5,monolithic_k8s_1svc,55,35.73765699911746,34.66850899712881,1.0691480019886512,602112,1,34.66850899712881,0.048644000344211236,0.016291000065393746,0.0,602112,0.0,0.0,0.0,0.0,0,0.0,0.0,0.0,0.0,0,0.0,0.0,0.0,0.0,0,0.0,0.0,0.0,0.0,0
5,monolithic_k8s_1svc,56,33.226950999960536,32.18034000019543,1.0466109997651074,602112,1,32.18034000019543,0.04858399915974587,0.009850999049376696,0.0,602112,0.0,0.0,0.0,0.0,0,0.0,0.0,0.0,0.0,0,0.0,0.0,0.0,0.0,0,0.0,0.0,0.0,0.0,0
5,monolithic_k8s_1svc,57,33.35866500128759,32.440989001770504,0.9176759995170869,602112,1,32.440989001770504,0.04757299757329747,0.00903999898582697,0.0,602112,0.0,0.0,0.0,0.0,0,0.0,0.0,0.0,0.0,0,0.0,0.0,0.0,0.0,0,0.0,0.0,0.0,0.0,0
5,monolithic_k8s_1svc,58,32.51691400146228,31.560148996504722,0.9567650049575604,602112,1,31.560148996504722,0.04701300349552184,0.009691000741440803,0.0,602112,0.0,0.0,0.0,0.0,0,0.0,0.0,0.0,0.0,0,0.0,0.0,0.0,0.0,0,0.0,0.0,0.0,0.0,0
5,monolithic_k8s_1svc,59,33.14710599806858,32.21187799863401,0.9352279994345736,602112,1,32.21187799863401,0.04879400148638524,0.008730003173695877,0.0,602112,0.0,0.0,0.0,0.0,0,0.0,0.0,0.0,0.0,0,0.0,0.0,0.0,0.0,0,0.0,0.0,0.0,0.0,0
5,monolithic_k8s_1svc,60,33.17763800077955,32.15063899915549,1.0269990016240627,602112,1,32.15063899915549,0.05151300138095394,0.009030998626258224,0.0,602112,0.0,0.0,0.0,0.0,0,0.0,0.0,0.0,0.0,0,0.0,0.0,0.0,0.0,0,0.0,0.0,0.0,0.0,0
5,monolithic_k8s_1svc,61,32.873077998374356,31.892991999484366,0.9800859988899902,602112,1,31.892991999484366,0.0503230003232602,0.008920000254875049,0.0,602112,0.0,0.0,0.0,0.0,0,0.0,0.0,0.0,0.0,0,0.0,0.0,0.0,0.0,0,0.0,0.0,0.0,0.0,0
5,monolithic_k8s_1svc,62,33.213176000572275,32.250295000267215,0.9628810003050603,602112,1,32.250295000267215,0.04971299858880229,0.00875100158737041,0.0,602112,0.0,0.0,0.0,0.0,0,0.0,0.0,0.0,0.0,0,0.0,0.0,0.0,0.0,0,0.0,0.0,0.0,0.0,0
5,monolithic_k8s_1svc,63,33.76020200084895,32.81468299974222,0.9455190011067316,602112,1,32.81468299974222,0.07757600178592838,0.008651000825921074,0.0,602112,0.0,0.0,0.0,0.0,0,0.0,0.0,0.0,0.0,0,0.0,0.0,0.0,0.0,0,0.0,0.0,0.0,0.0,0
5,monolithic_k8s_1svc,64,32.45143499952974,31.463942999835126,0.9874919996946119,602112,1,31.463942999835126,0.05378399873734452,0.008230003004428,0.0,602112,0.0,0.0,0.0,0.0,0,0.0,0.0,0.0,0.0,0,0.0,0.0,0.0,0.0,0,0.0,0.0,0.0,0.0,0
5,monolithic_k8s_1svc,65,32.82482900249306,31.851974003075156,0.9728549994179048,602112,1,31.851974003075156,0.045392996980808675,0.010559997463133186,0.0,602112,0.0,0.0,0.0,0.0,0,0.0,0.0,0.0,0.0,0,0.0,0.0,0.0,0.0,0,0.0,0.0,0.0,0.0,0
5,monolithic_k8s_1svc,66,32.42794700054219,31.509864998952253,0.9180820015899371,602112,1,31.509864998952253,0.054074000217951834,0.0077309996413532645,0.0,602112,0.0,0.0,0.0,0.0,0,0.0,0.0,0.0,0.0,0,0.0,0.0,0.0,0.0,0,0.0,0.0,0.0,0.0,0
5,monolithic_k8s_1svc,67,32.58010299759917,31.671255997935077,0.9088469996640924,602112,1,31.671255997935077,0.04553400140139274,0.008431001333519816,0.0,602112,0.0,0.0,0.0,0.0,0,0.0,0.0,0.0,0.0,0,0.0,0.0,0.0,0.0,0,0.0,0.0,0.0,0.0,0
5,monolithic_k8s_1svc,68,32.62599499794305,31.672577002609614,0.9534179953334387,602112,1,31.672577002609614,0.0548129974049516,0.008680999599164352,0.0,602112,0.0,0.0,0.0,0.0,0,0.0,0.0,0.0,0.0,0,0.0,0.0,0.0,0.0,0,0.0,0.0,0.0,0.0,0
5,monolithic_k8s_1svc,69,34.132021999539575,33.159866001369664,0.9721559981699102,602112,1,33.159866001369664,0.04767299833474681,0.00844999885885045,0.0,602112,0.0,0.0,0.0,0.0,0,0.0,0.0,0.0,0.0,0,0.0,0.0,0.0,0.0,0,0.0,0.0,0.0,0.0,0
5,monolithic_k8s_1svc,70,33.22968199790921,32.297039000695804,0.9326429972134065,602112,1,32.297039000695804,0.047232999349944293,0.008489998435834423,0.0,602112,0.0,0.0,0.0,0.0,0,0.0,0.0,0.0,0.0,0,0.0,0.0,0.0,0.0,0,0.0,0.0,0.0,0.0,0
5,monolithic_k8s_1svc,71,35.173053001926746,32.50535200277227,2.6677009991544764,602112,1,32.50535200277227,0.04793399784830399,0.007820999599061906,0.0,602112,0.0,0.0,0.0,0.0,0,0.0,0.0,0.0,0.0,0,0.0,0.0,0.0,0.0,0,0.0,0.0,0.0,0.0,0
5,monolithic_k8s_1svc,72,32.42556300028809,31.452622002689168,0.9729409975989256,602112,1,31.452622002689168,0.047582998377038166,0.007750997610855848,0.0,602112,0.0,0.0,0.0,0.0,0,0.0,0.0,0.0,0.0,0,0.0,0.0,0.0,0.0,0,0.0,0.0,0.0,0.0,0
5,monolithic_k8s_1svc,73,32.637871998304036,31.527397000900237,1.1104749974037986,602112,1,31.527397000900237,0.04946400076732971,0.008250000973930582,0.0,602112,0.0,0.0,0.0,0.0,0,0.0,0.0,0.0,0.0,0,0.0,0.0,0.0,0.0,0,0.0,0.0,0.0,0.0,0
5,monolithic_k8s_1svc,74,32.31106900057057,31.38064700033283,0.9304220002377406,602112,1,31.38064700033283,0.046053999540163204,0.007489998097298667,0.0,602112,0.0,0.0,0.0,0.0,0,0.0,0.0,0.0,0.0,0,0.0,0.0,0.0,0.0,0,0.0,0.0,0.0,0.0,0
5,monolithic_k8s_1svc,75,32.87667200129363,31.921642999805044,0.9550290014885832,602112,1,31.921642999805044,0.04486299803829752,0.009090003004530445,0.0,602112,0.0,0.0,0.0,0.0,0,0.0,0.0,0.0,0.0,0,0.0,0.0,0.0,0.0,0,0.0,0.0,0.0,0.0,0
5,monolithic_k8s_1svc,76,32.9265709988249,31.99959899939131,0.9269719994335901,602112,1,31.99959899939131,0.048834001063369215,0.007860002369852737,0.0,602112,0.0,0.0,0.0,0.0,0,0.0,0.0,0.0,0.0,0,0.0,0.0,0.0,0.0,0,0.0,0.0,0.0,0.0,0
5,monolithic_k8s_1svc,77,33.02643799906946,32.02576600233442,1.0006719967350364,602112,1,32.02576600233442,0.047962999815354124,0.009720999514684081,0.0,602112,0.0,0.0,0.0,0.0,0,0.0,0.0,0.0,0.0,0,0.0,0.0,0.0,0.0,0,0.0,0.0,0.0,0.0,0
5,monolithic_k8s_1svc,78,32.54968499823008,31.52245599994785,1.0272289982822258,602112,1,31.52245599994785,0.051262999477330595,0.008950999472290277,0.0,602112,0.0,0.0,0.0,0.0,0,0.0,0.0,0.0,0.0,0,0.0,0.0,0.0,0.0,0,0.0,0.0,0.0,0.0,0
5,monolithic_k8s_1svc,79,33.54481299902545,32.54073499920196,1.0040779998234939,602112,1,32.54073499920196,0.05014400085201487,0.012610998965101317,0.0,602112,0.0,0.0,0.0,0.0,0,0.0,0.0,0.0,0.0,0,0.0,0.0,0.0,0.0,0,0.0,0.0,0.0,0.0,0
5,monolithic_k8s_1svc,80,32.685595000657486,31.671766999352258,1.013828001305228,602112,1,31.671766999352258,0.05235400021774694,0.009359999239677563,0.0,602112,0.0,0.0,0.0,0.0,0,0.0,0.0,0.0,0.0,0,0.0,0.0,0.0,0.0,0,0.0,0.0,0.0,0.0,0
5,monolithic_k8s_1svc,81,34.91458500138833,33.856619000289356,1.0579660010989755,602112,1,33.856619000289356,0.048362999223172665,0.016100999346235767,0.0,602112,0.0,0.0,0.0,0.0,0,0.0,0.0,0.0,0.0,0,0.0,0.0,0.0,0.0,0,0.0,0.0,0.0,0.0,0
5,monolithic_k8s_1svc,82,33.0977929988876,32.04797199941822,1.0498209994693752,602112,1,32.04797199941822,0.060423997638281435,0.00995100344880484,0.0,602112,0.0,0.0,0.0,0.0,0,0.0,0.0,0.0,0.0,0,0.0,0.0,0.0,0.0,0,0.0,0.0,0.0,0.0,0
5,monolithic_k8s_1svc,83,32.88582400273299,31.879231002676534,1.006593000056455,602112,1,31.879231002676534,0.048622998292557895,0.009449999197386205,0.0,602112,0.0,0.0,0.0,0.0,0,0.0,0.0,0.0,0.0,0,0.0,0.0,0.0,0.0,0,0.0,0.0,0.0,0.0,0
5,monolithic_k8s_1svc,84,35.064079998846864,34.078794000379276,0.9852859984675888,602112,1,34.078794000379276,0.049802998546510935,0.00946100044529885,0.0,602112,0.0,0.0,0.0,0.0,0,0.0,0.0,0.0,0.0,0,0.0,0.0,0.0,0.0,0,0.0,0.0,0.0,0.0,0
5,monolithic_k8s_1svc,85,32.910440997511614,31.975502999557648,0.9349379979539663,602112,1,31.975502999557648,0.04684300074586645,0.010809999366756529,0.0,602112,0.0,0.0,0.0,0.0,0,0.0,0.0,0.0,0.0,0,0.0,0.0,0.0,0.0,0,0.0,0.0,0.0,0.0,0
5,monolithic_k8s_1svc,86,32.759319998149294,31.843208002101164,0.9161119960481301,602112,1,31.843208002101164,0.048362999223172665,0.009130999387707561,0.0,602112,0.0,0.0,0.0,0.0,0,0.0,0.0,0.0,0.0,0,0.0,0.0,0.0,0.0,0,0.0,0.0,0.0,0.0,0
5,monolithic_k8s_1svc,87,32.70742099994095,31.70619299999089,1.0012279999500606,602112,1,31.70619299999089,0.06746500002918765,0.008950999472290277,0.0,602112,0.0,0.0,0.0,0.0,0,0.0,0.0,0.0,0.0,0,0.0,0.0,0.0,0.0,0,0.0,0.0,0.0,0.0,0
5,monolithic_k8s_1svc,88,32.35551300167572,31.46639300030074,0.8891200013749767,602112,1,31.46639300030074,0.04718300260719843,0.009100996976485476,0.0,602112,0.0,0.0,0.0,0.0,0,0.0,0.0,0.0,0.0,0,0.0,0.0,0.0,0.0,0,0.0,0.0,0.0,0.0,0
5,monolithic_k8s_1svc,89,34.81119299976854,33.94196000226657,0.8692329975019675,602112,1,33.94196000226657,0.04625299698091112,0.008299997716676444,0.0,602112,0.0,0.0,0.0,0.0,0,0.0,0.0,0.0,0.0,0,0.0,0.0,0.0,0.0,0,0.0,0.0,0.0,0.0,0
5,monolithic_k8s_1svc,90,33.17616799904499,32.28237800067291,0.8937899983720854,602112,1,32.28237800067291,0.04568299846141599,0.008650000381749123,0.0,602112,0.0,0.0,0.0,0.0,0,0.0,0.0,0.0,0.0,0,0.0,0.0,0.0,0.0,0,0.0,0.0,0.0,0.0,0
5,monolithic_k8s_1svc,91,33.307457000773866,32.39946600297117,0.907990997802699,602112,1,32.39946600297117,0.04431299748830497,0.009220999345416203,0.0,602112,0.0,0.0,0.0,0.0,0,0.0,0.0,0.0,0.0,0,0.0,0.0,0.0,0.0,0,0.0,0.0,0.0,0.0,0
5,monolithic_k8s_1svc,92,33.29900600147084,32.33283700319589,0.9661689982749522,602112,1,32.33283700319589,0.052562998462235555,0.008680999599164352,0.0,602112,0.0,0.0,0.0,0.0,0,0.0,0.0,0.0,0.0,0,0.0,0.0,0.0,0.0,0,0.0,0.0,0.0,0.0,0
5,monolithic_k8s_1svc,93,32.78437199696782,31.872874998953193,0.911496998014627,602112,1,31.872874998953193,0.045173001126386225,0.008251001418102533,0.0,602112,0.0,0.0,0.0,0.0,0,0.0,0.0,0.0,0.0,0,0.0,0.0,0.0,0.0,0,0.0,0.0,0.0,0.0,0
5,monolithic_k8s_1svc,94,33.29117600151221,32.35269800279639,0.9384779987158254,602112,1,32.35269800279639,0.05770399729954079,0.007930997526273131,0.0,602112,0.0,0.0,0.0,0.0,0,0.0,0.0,0.0,0.0,0,0.0,0.0,0.0,0.0,0,0.0,0.0,0.0,0.0,0
5,monolithic_k8s_1svc,95,33.40663400013,32.45734400115907,0.9492899989709258,602112,1,32.45734400115907,0.05274399882182479,0.009229999704984948,0.0,602112,0.0,0.0,0.0,0.0,0,0.0,0.0,0.0,0.0,0,0.0,0.0,0.0,0.0,0,0.0,0.0,0.0,0.0,0
5,monolithic_k8s_1svc,96,32.56292599689914,31.612712002242915,0.9502139946562238,602112,1,31.612712002242915,0.05277399759506807,0.008480001270072535,0.0,602112,0.0,0.0,0.0,0.0,0,0.0,0.0,0.0,0.0,0,0.0,0.0,0.0,0.0,0,0.0,0.0,0.0,0.0,0
5,monolithic_k8s_1svc,97,32.52975099894684,31.648644999222597,0.881105999724241,602112,1,31.648644999222597,0.04634300057659857,0.008151000656653196,0.0,602112,0.0,0.0,0.0,0.0,0,0.0,0.0,0.0,0.0,0,0.0,0.0,0.0,0.0,0,0.0,0.0,0.0,0.0,0
5,monolithic_k8s_1svc,98,32.56118700301158,31.638295000448124,0.9228920025634579,602112,1,31.638295000448124,0.048263002099702135,0.008551000064471737,0.0,602112,0.0,0.0,0.0,0.0,0,0.0,0.0,0.0,0.0,0,0.0,0.0,0.0,0.0,0,0.0,0.0,0.0,0.0,0
5,monolithic_k8s_1svc,99,33.2210140004463,32.30453899959684,0.9164750008494593,602112,1,32.30453899959684,0.057113000366371125,0.007689999620197341,0.0,602112,0.0,0.0,0.0,0.0,0,0.0,0.0,0.0,0.0,0,0.0,0.0,0.0,0.0,0,0.0,0.0,0.0,0.0,0
5,monolithic_k8s_1svc,100,33.23277199888253,32.3266009982035,0.9061710006790236,602112,1,32.3266009982035,0.0486230019305367,0.008250000973930582,0.0,602112,0.0,0.0,0.0,0.0,0,0.0,0.0,0.0,0.0,0,0.0,0.0,0.0,0.0,0,0.0,0.0,0.0,0.0,0
5,monolithic_k8s_1svc,101,33.20883099877392,32.307425997714745,0.9014050010591745,602112,1,32.307425997714745,0.04731300214189105,0.008090002665994689,0.0,602112,0.0,0.0,0.0,0.0,0,0.0,0.0,0.0,0.0,0,0.0,0.0,0.0,0.0,0,0.0,0.0,0.0,0.0,0
5,monolithic_k8s_1svc,102,33.51811099855695,32.44480799912708,1.0733029994298704,602112,1,32.44480799912708,0.046142999053699896,0.008551000064471737,0.0,602112,0.0,0.0,0.0,0.0,0,0.0,0.0,0.0,0.0,0,0.0,0.0,0.0,0.0,0,0.0,0.0,0.0,0.0,0
5,monolithic_k8s_1svc,103,32.389220999903046,31.38523800225812,1.0039829976449255,602112,1,31.38523800225812,0.04661299681174569,0.008179998985724524,0.0,602112,0.0,0.0,0.0,0.0,0,0.0,0.0,0.0,0.0,0,0.0,0.0,0.0,0.0,0,0.0,0.0,0.0,0.0,0
5,monolithic_k8s_1svc,104,32.40122599891038,31.447582001419505,0.9536439974908717,602112,1,31.447582001419505,0.047012999857543036,0.007489998097298667,0.0,602112,0.0,0.0,0.0,0.0,0,0.0,0.0,0.0,0.0,0,0.0,0.0,0.0,0.0,0,0.0,0.0,0.0,0.0,0
5,monolithic_k8s_1svc,105,32.78061599849025,31.829706000280567,0.9509099982096814,602112,1,31.829706000280567,0.04447299943421967,0.009840998245636001,0.0,602112,0.0,0.0,0.0,0.0,0,0.0,0.0,0.0,0.0,0,0.0,0.0,0.0,0.0,0,0.0,0.0,0.0,0.0,0
5,monolithic_k8s_1svc,106,33.21764100110158,32.223803998931544,0.9938370021700393,602112,1,32.223803998931544,0.049352998757967725,0.008171002264134586,0.0,602112,0.0,0.0,0.0,0.0,0,0.0,0.0,0.0,0.0,0,0.0,0.0,0.0,0.0,0,0.0,0.0,0.0,0.0,0
5,monolithic_k8s_1svc,107,33.10197300015716,32.08880500096711,1.0131679991900455,602112,1,32.08880500096711,0.04594299753080122,0.011221000022487715,0.0,602112,0.0,0.0,0.0,0.0,0,0.0,0.0,0.0,0.0,0,0.0,0.0,0.0,0.0,0,0.0,0.0,0.0,0.0,0
5,monolithic_k8s_1svc,108,33.10312299799989,32.11324600124499,0.9898769967549015,602112,1,32.11324600124499,0.05771399810328148,0.007810998795321211,0.0,602112,0.0,0.0,0.0,0.0,0,0.0,0.0,0.0,0.0,0,0.0,0.0,0.0,0.0,0,0.0,0.0,0.0,0.0,0
5,monolithic_k8s_1svc,109,33.70982400156208,32.69136499875458,1.0184590028075036,602112,1,32.69136499875458,0.051194001571275294,0.008910999895306304,0.0,602112,0.0,0.0,0.0,0.0,0,0.0,0.0,0.0,0.0,0,0.0,0.0,0.0,0.0,0,0.0,0.0,0.0,0.0,0
5,monolithic_k8s_1svc,110,33.27123400231358,32.26956299840822,1.0016710039053578,602112,1,32.26956299840822,0.04914300006930716,0.008629998774267733,0.0,602112,0.0,0.0,0.0,0.0,0,0.0,0.0,0.0,0.0,0,0.0,0.0,0.0,0.0,0,0.0,0.0,0.0,0.0,0
5,monolithic_k8s_1svc,111,32.698401002562605,31.737250999867683,0.9611500026949216,602112,1,31.737250999867683,0.04943299791193567,0.009071001841221005,0.0,602112,0.0,0.0,0.0,0.0,0,0.0,0.0,0.0,0.0,0,0.0,0.0,0.0,0.0,0,0.0,0.0,0.0,0.0,0
5,monolithic_k8s_1svc,112,33.37682500205119,32.4337479978567,0.9430770041944925,602112,1,32.4337479978567,0.056543001846875995,0.008791001164354384,0.0,602112,0.0,0.0,0.0,0.0,0,0.0,0.0,0.0,0.0,0,0.0,0.0,0.0,0.0,0,0.0,0.0,0.0,0.0,0
5,monolithic_k8s_1svc,113,32.80294299838715,31.82096700038528,0.9819759980018716,602112,1,31.82096700038528,0.052184001106070355,0.009509996743872762,0.0,602112,0.0,0.0,0.0,0.0,0,0.0,0.0,0.0,0.0,0,0.0,0.0,0.0,0.0,0,0.0,0.0,0.0,0.0,0
5,monolithic_k8s_1svc,114,32.5916679976217,31.532306998997228,1.05936099862447,602112,1,31.532306998997228,0.05116299871588126,0.008181003067875281,0.0,602112,0.0,0.0,0.0,0.0,0,0.0,0.0,0.0,0.0,0,0.0,0.0,0.0,0.0,0,0.0,0.0,0.0,0.0,0
5,monolithic_k8s_1svc,115,32.74720899935346,31.848954000452068,0.8982549989013933,602112,1,31.848954000452068,0.050582999392645434,0.0076409996836446226,0.0,602112,0.0,0.0,0.0,0.0,0,0.0,0.0,0.0,0.0,0,0.0,0.0,0.0,0.0,0,0.0,0.0,0.0,0.0,0
5,monolithic_k8s_1svc,116,34.02904599715839,33.03902499828837,0.9900209988700226,602112,1,33.03902499828837,0.0498629997309763,0.011071002518292516,0.0,602112,0.0,0.0,0.0,0.0,0,0.0,0.0,0.0,0.0,0,0.0,0.0,0.0,0.0,0,0.0,0.0,0.0,0.0,0
5,monolithic_k8s_1svc,117,32.71285700247972,31.68826699766214,1.0245900048175827,602112,1,31.68826699766214,0.05300400152918883,0.008661001629661769,0.0,602112,0.0,0.0,0.0,0.0,0,0.0,0.0,0.0,0.0,0,0.0,0.0,0.0,0.0,0,0.0,0.0,0.0,0.0,0
5,monolithic_k8s_1svc,118,32.5674119994801,31.536897000478348,1.0305149990017526,602112,1,31.536897000478348,0.04762299795402214,0.008421000529779121,0.0,602112,0.0,0.0,0.0,0.0,0,0.0,0.0,0.0,0.0,0,0.0,0.0,0.0,0.0,0,0.0,0.0,0.0,0.0,0
5,monolithic_k8s_1svc,119,33.34957500192104,32.43041799942148,0.9191570024995599,602112,1,32.43041799942148,0.052442999731283635,0.009080999006982893,0.0,602112,0.0,0.0,0.0,0.0,0,0.0,0.0,0.0,0.0,0,0.0,0.0,0.0,0.0,0,0.0,0.0,0.0,0.0,0
5,monolithic_k8s_1svc,120,32.605979999061674,31.58899100162671,1.0169889974349644,602112,1,31.58899100162671,0.05540400161407888,0.008389997674385086,0.0,602112,0.0,0.0,0.0,0.0,0,0.0,0.0,0.0,0.0,0,0.0,0.0,0.0,0.0,0,0.0,0.0,0.0,0.0,0
5,monolithic_k8s_1svc,121,32.926105999649735,31.9064969989995,1.0196090006502345,602112,1,31.9064969989995,0.05412300015450455,0.009141000191448256,0.0,602112,0.0,0.0,0.0,0.0,0,0.0,0.0,0.0,0.0,0,0.0,0.0,0.0,0.0,0,0.0,0.0,0.0,0.0,0
5,monolithic_k8s_1svc,122,32.87084199837409,31.832477001444204,1.0383649969298858,602112,1,31.832477001444204,0.0572239987377543,0.011051000910811126,0.0,602112,0.0,0.0,0.0,0.0,0,0.0,0.0,0.0,0.0,0,0.0,0.0,0.0,0.0,0,0.0,0.0,0.0,0.0,0
5,monolithic_k8s_1svc,123,32.86580300118658,31.904143001156626,0.9616600000299513,602112,1,31.904143001156626,0.05932400017627515,0.009269999281968921,0.0,602112,0.0,0.0,0.0,0.0,0,0.0,0.0,0.0,0.0,0,0.0,0.0,0.0,0.0,0,0.0,0.0,0.0,0.0,0
5,monolithic_k8s_1svc,124,33.61639099966851,32.613098999718204,1.0032919999503065,602112,1,32.613098999718204,0.05609399886452593,0.008680999599164352,0.0,602112,0.0,0.0,0.0,0.0,0,0.0,0.0,0.0,0.0,0,0.0,0.0,0.0,0.0,0,0.0,0.0,0.0,0.0,0
5,monolithic_k8s_1svc,125,33.65512100208434,32.63539800173021,1.0197230003541335,602112,1,32.63539800173021,0.05278299795463681,0.00931999966269359,0.0,602112,0.0,0.0,0.0,0.0,0,0.0,0.0,0.0,0.0,0,0.0,0.0,0.0,0.0,0,0.0,0.0,0.0,0.0,0
5,monolithic_k8s_1svc,126,33.51399100210983,32.483807000971865,1.0301840011379682,602112,1,32.483807000971865,0.05544400119106285,0.009170998964691535,0.0,602112,0.0,0.0,0.0,0.0,0,0.0,0.0,0.0,0.0,0,0.0,0.0,0.0,0.0,0,0.0,0.0,0.0,0.0,0
5,monolithic_k8s_1svc,127,33.17805700135068,32.18688599736197,0.9911710039887112,602112,1,32.18688599736197,0.04655300290323794,0.010121002560481429,0.0,602112,0.0,0.0,0.0,0.0,0,0.0,0.0,0.0,0.0,0,0.0,0.0,0.0,0.0,0,0.0,0.0,0.0,0.0,0
5,monolithic_k8s_1svc,128,34.436264002579264,33.39188300014939,1.0443810024298728,602112,1,33.39188300014939,0.0625040011072997,0.009629999112803489,0.0,602112,0.0,0.0,0.0,0.0,0,0.0,0.0,0.0,0.0,0,0.0,0.0,0.0,0.0,0,0.0,0.0,0.0,0.0,0
5,monolithic_k8s_1svc,129,32.76937999908114,31.78585400019074,0.9835259988903999,602112,1,31.78585400019074,0.0500940004712902,0.009250998118659481,0.0,602112,0.0,0.0,0.0,0.0,0,0.0,0.0,0.0,0.0,0,0.0,0.0,0.0,0.0,0,0.0,0.0,0.0,0.0,0
5,monolithic_k8s_1svc,130,34.0783179999562,33.10687900011544,0.9714389998407569,602112,1,33.10687900011544,0.04980400262866169,0.010320000001229346,0.0,602112,0.0,0.0,0.0,0.0,0,0.0,0.0,0.0,0.0,0,0.0,0.0,0.0,0.0,0,0.0,0.0,0.0,0.0,0
5,monolithic_k8s_1svc,131,33.2677340011287,32.223834001342766,1.0438999997859355,602112,1,32.223834001342766,0.06059400038793683,0.009950999810826033,0.0,602112,0.0,0.0,0.0,0.0,0,0.0,0.0,0.0,0.0,0,0.0,0.0,0.0,0.0,0,0.0,0.0,0.0,0.0,0
5,monolithic_k8s_1svc,132,32.88021800108254,31.849913000769448,1.030305000313092,602112,1,31.849913000769448,0.06067399954190478,0.00871099837240763,0.0,602112,0.0,0.0,0.0,0.0,0,0.0,0.0,0.0,0.0,0,0.0,0.0,0.0,0.0,0,0.0,0.0,0.0,0.0,0
5,monolithic_k8s_1svc,133,32.892868999624625,31.857968999247532,1.0349000003770925,602112,1,31.857968999247532,0.05399300061981194,0.00802100112196058,0.0,602112,0.0,0.0,0.0,0.0,0,0.0,0.0,0.0,0.0,0,0.0,0.0,0.0,0.0,0,0.0,0.0,0.0,0.0,0
5,monolithic_k8s_1svc,134,33.116414000687655,32.049771998572396,1.066642002115259,602112,1,32.049771998572396,0.0538240019523073,0.008901002729544416,0.0,602112,0.0,0.0,0.0,0.0,0,0.0,0.0,0.0,0.0,0,0.0,0.0,0.0,0.0,0,0.0,0.0,0.0,0.0,0
5,monolithic_k8s_1svc,135,35.497624001436634,34.479931000532815,1.0176930009038188,602112,1,34.479931000532815,0.05187399801798165,0.009129998943535611,0.0,602112,0.0,0.0,0.0,0.0,0,0.0,0.0,0.0,0.0,0,0.0,0.0,0.0,0.0,0,0.0,0.0,0.0,0.0,0
5,monolithic_k8s_1svc,136,33.61940800095908,32.57215799749247,1.0472500034666155,602112,1,32.57215799749247,0.058863999583991244,0.009690000297268853,0.0,602112,0.0,0.0,0.0,0.0,0,0.0,0.0,0.0,0.0,0,0.0,0.0,0.0,0.0,0,0.0,0.0,0.0,0.0,0
5,monolithic_k8s_1svc,137,33.508720000099856,32.52253400205518,0.9861859980446752,602112,1,32.52253400205518,0.05702400085283443,0.009210998541675508,0.0,602112,0.0,0.0,0.0,0.0,0,0.0,0.0,0.0,0.0,0,0.0,0.0,0.0,0.0,0,0.0,0.0,0.0,0.0,0
5,monolithic_k8s_1svc,138,33.92669800086878,32.90811899933033,1.0185790015384555,602112,1,32.90811899933033,0.05575400064117275,0.008910999895306304,0.0,602112,0.0,0.0,0.0,0.0,0,0.0,0.0,0.0,0.0,0,0.0,0.0,0.0,0.0,0,0.0,0.0,0.0,0.0,0
5,monolithic_k8s_1svc,139,33.40866899816319,32.36919900155044,1.0394699966127519,602112,1,32.36919900155044,0.05206299829296768,0.011331001587677747,0.0,602112,0.0,0.0,0.0,0.0,0,0.0,0.0,0.0,0.0,0,0.0,0.0,0.0,0.0,0,0.0,0.0,0.0,0.0,0
5,monolithic_k8s_1svc,140,32.82409700113931,31.796014998690225,1.0280820024490822,602112,1,31.796014998690225,0.05496399899129756,0.009241000952897593,0.0,602112,0.0,0.0,0.0,0.0,0,0.0,0.0,0.0,0.0,0,0.0,0.0,0.0,0.0,0,0.0,0.0,0.0,0.0,0
5,monolithic_k8s_1svc,141,33.60687999884249,32.476330001372844,1.1305499974696431,602112,1,32.476330001372844,0.052613999287132174,0.011400999937904999,0.0,602112,0.0,0.0,0.0,0.0,0,0.0,0.0,0.0,0.0,0,0.0,0.0,0.0,0.0,0,0.0,0.0,0.0,0.0,0
5,monolithic_k8s_1svc,142,33.739679001882905,32.715940000343835,1.0237390015390702,602112,1,32.715940000343835,0.05701400004909374,0.010260999260935932,0.0,602112,0.0,0.0,0.0,0.0,0,0.0,0.0,0.0,0.0,0,0.0,0.0,0.0,0.0,0,0.0,0.0,0.0,0.0,0
5,monolithic_k8s_1svc,143,33.946021998417564,32.9319909978949,1.0140310005226638,602112,1,32.9319909978949,0.052133000281173736,0.00991100023384206,0.0,602112,0.0,0.0,0.0,0.0,0,0.0,0.0,0.0,0.0,0,0.0,0.0,0.0,0.0,0,0.0,0.0,0.0,0.0,0
5,monolithic_k8s_1svc,144,32.571461000770796,31.604666000930592,0.9667949998402037,602112,1,31.604666000930592,0.05397299901233055,0.00887100031832233,0.0,602112,0.0,0.0,0.0,0.0,0,0.0,0.0,0.0,0.0,0,0.0,0.0,0.0,0.0,0,0.0,0.0,0.0,0.0,0
5,monolithic_k8s_1svc,145,34.14841699850513,33.192383001733106,0.956033996772021,602112,1,33.192383001733106,0.05220299863140099,0.011641001037787646,0.0,602112,0.0,0.0,0.0,0.0,0,0.0,0.0,0.0,0.0,0,0.0,0.0,0.0,0.0,0,0.0,0.0,0.0,0.0,0
5,monolithic_k8s_1svc,146,33.118227001978084,32.05574700041325,1.0624800015648361,602112,1,32.05574700041325,0.0503230003232602,0.012591000995598733,0.0,602112,0.0,0.0,0.0,0.0,0,0.0,0.0,0.0,0.0,0,0.0,0.0,0.0,0.0,0,0.0,0.0,0.0,0.0,0
5,monolithic_k8s_1svc,147,32.85931999926106,31.756316999235423,1.1030030000256374,602112,1,31.756316999235423,0.06337400191114284,0.010700001439545304,0.0,602112,0.0,0.0,0.0,0.0,0,0.0,0.0,0.0,0.0,0,0.0,0.0,0.0,0.0,0,0.0,0.0,0.0,0.0,0
5,monolithic_k8s_1svc,148,33.2718890022079,32.322694998583756,0.9491940036241431,602112,1,32.322694998583756,0.048642999900039285,0.010039999324362725,0.0,602112,0.0,0.0,0.0,0.0,0,0.0,0.0,0.0,0.0,0,0.0,0.0,0.0,0.0,0,0.0,0.0,0.0,0.0,0
5,monolithic_k8s_1svc,149,33.66964399901917,32.707785998354666,0.9618580006645061,602112,1,32.707785998354666,0.04964300023857504,0.008970000635599717,0.0,602112,0.0,0.0,0.0,0.0,0,0.0,0.0,0.0,0.0,0,0.0,0.0,0.0,0.0,0,0.0,0.0,0.0,0.0,0
5,monolithic_k8s_1svc,150,32.84557499864604,31.86576400185004,0.9798109967960045,602112,1,31.86576400185004,0.05866399806109257,0.009670999133959413,0.0,602112,0.0,0.0,0.0,0.0,0,0.0,0.0,0.0,0.0,0,0.0,0.0,0.0,0.0,0,0.0,0.0,0.0,0.0,0
5,monolithic_k8s_1svc,151,32.77087400056189,31.80246400006581,0.9684100004960783,602112,1,31.80246400006581,0.049473997933091596,0.009260998922400177,0.0,602112,0.0,0.0,0.0,0.0,0,0.0,0.0,0.0,0.0,0,0.0,0.0,0.0,0.0,0,0.0,0.0,0.0,0.0,0
5,monolithic_k8s_1svc,152,33.41817299951799,32.46025399857899,0.9579190009390004,602112,1,32.46025399857899,0.05566400068346411,0.009351002518087626,0.0,602112,0.0,0.0,0.0,0.0,0,0.0,0.0,0.0,0.0,0,0.0,0.0,0.0,0.0,0,0.0,0.0,0.0,0.0,0
5,monolithic_k8s_1svc,153,33.69066499726614,32.68302400101675,1.0076409962493926,602112,1,32.68302400101675,0.04911399810225703,0.01049999991664663,0.0,602112,0.0,0.0,0.0,0.0,0,0.0,0.0,0.0,0.0,0,0.0,0.0,0.0,0.0,0,0.0,0.0,0.0,0.0,0
5,monolithic_k8s_1svc,154,32.63254100238555,31.671141001424985,0.9614000009605661,602112,1,31.671141001424985,0.048312998842447996,0.009561001206748188,0.0,602112,0.0,0.0,0.0,0.0,0,0.0,0.0,0.0,0.0,0,0.0,0.0,0.0,0.0,0,0.0,0.0,0.0,0.0,0
5,monolithic_k8s_1svc,155,33.671278000838356,32.662907000485575,1.0083710003527813,602112,1,32.662907000485575,0.078085002314765,0.010320996807422489,0.0,602112,0.0,0.0,0.0,0.0,0,0.0,0.0,0.0,0.0,0,0.0,0.0,0.0,0.0,0,0.0,0.0,0.0,0.0,0
5,monolithic_k8s_1svc,156,33.21650400175713,32.23335800066707,0.9831460010900628,602112,1,32.23335800066707,0.05994399907649495,0.008481001714244485,0.0,602112,0.0,0.0,0.0,0.0,0,0.0,0.0,0.0,0.0,0,0.0,0.0,0.0,0.0,0,0.0,0.0,0.0,0.0,0
5,monolithic_k8s_1svc,157,32.78771099940059,31.823960998735856,0.9637500006647315,602112,1,31.823960998735856,0.0485439995827619,0.009631003194954246,0.0,602112,0.0,0.0,0.0,0.0,0,0.0,0.0,0.0,0.0,0,0.0,0.0,0.0,0.0,0,0.0,0.0,0.0,0.0,0
5,monolithic_k8s_1svc,158,32.34469599919976,31.348849999631057,0.9958459995687008,602112,1,31.348849999631057,0.0481630013382528,0.008420000085607171,0.0,602112,0.0,0.0,0.0,0.0,0,0.0,0.0,0.0,0.0,0,0.0,0.0,0.0,0.0,0,0.0,0.0,0.0,0.0,0
5,monolithic_k8s_1svc,159,33.612694998737425,32.66224700200837,0.9504479967290536,602112,1,32.66224700200837,0.04561300011118874,0.009990999387810007,0.0,602112,0.0,0.0,0.0,0.0,0,0.0,0.0,0.0,0.0,0,0.0,0.0,0.0,0.0,0,0.0,0.0,0.0,0.0,0
5,monolithic_k8s_1svc,160,32.981997999741,32.02504399814643,0.9569540015945677,602112,1,32.02504399814643,0.04882400025962852,0.008371000149054453,0.0,602112,0.0,0.0,0.0,0.0,0,0.0,0.0,0.0,0.0,0,0.0,0.0,0.0,0.0,0,0.0,0.0,0.0,0.0,0
5,monolithic_k8s_1svc,161,35.57152099892846,32.09511499881046,3.476406000118004,602112,1,32.09511499881046,0.04981399979442358,0.007921000360511243,0.0,602112,0.0,0.0,0.0,0.0,0,0.0,0.0,0.0,0.0,0,0.0,0.0,0.0,0.0,0,0.0,0.0,0.0,0.0,0
5,monolithic_k8s_1svc,162,33.54742599913152,32.30347299904679,1.2439530000847299,602112,1,32.30347299904679,0.05779300045105629,0.008061000698944554,0.0,602112,0.0,0.0,0.0,0.0,0,0.0,0.0,0.0,0.0,0,0.0,0.0,0.0,0.0,0,0.0,0.0,0.0,0.0,0
5,monolithic_k8s_1svc,163,33.49474199785618,32.18033500161255,1.3144069962436333,602112,1,32.18033500161255,0.05243399937171489,0.00740999894333072,0.0,602112,0.0,0.0,0.0,0.0,0,0.0,0.0,0.0,0.0,0,0.0,0.0,0.0,0.0,0,0.0,0.0,0.0,0.0,0
5,monolithic_k8s_1svc,164,33.422863998566754,32.36536099939258,1.0575029991741758,602112,1,32.36536099939258,0.04914300006930716,0.007611000910401344,0.0,602112,0.0,0.0,0.0,0.0,0,0.0,0.0,0.0,0.0,0,0.0,0.0,0.0,0.0,0,0.0,0.0,0.0,0.0,0
5,monolithic_k8s_1svc,165,35.59951699935482,32.48775599786313,3.1117610014916863,602112,1,32.48775599786313,0.05180299922358245,0.008291000995086506,0.0,602112,0.0,0.0,0.0,0.0,0,0.0,0.0,0.0,0.0,0,0.0,0.0,0.0,0.0,0,0.0,0.0,0.0,0.0,0
5,monolithic_k8s_1svc,166,32.34806700129411,31.41077400141512,0.9372929998789914,602112,1,31.41077400141512,0.04873299985774793,0.007989998266566545,0.0,602112,0.0,0.0,0.0,0.0,0,0.0,0.0,0.0,0.0,0,0.0,0.0,0.0,0.0,0,0.0,0.0,0.0,0.0,0
5,monolithic_k8s_1svc,167,32.551768999837805,31.602846000168938,0.9489229996688664,602112,1,31.602846000168938,0.04650299888453446,0.008601000445196405,0.0,602112,0.0,0.0,0.0,0.0,0,0.0,0.0,0.0,0.0,0,0.0,0.0,0.0,0.0,0,0.0,0.0,0.0,0.0,0
5,monolithic_k8s_1svc,168,33.49241300020367,32.35896700061858,1.133445999585092,602112,1,32.35896700061858,0.057894001656677574,0.007520997314713895,0.0,602112,0.0,0.0,0.0,0.0,0,0.0,0.0,0.0,0.0,0,0.0,0.0,0.0,0.0,0,0.0,0.0,0.0,0.0,0
5,monolithic_k8s_1svc,169,33.50089300147374,32.52616799727548,0.9747250041982625,602112,1,32.52616799727548,0.04829300087294541,0.00833100057207048,0.0,602112,0.0,0.0,0.0,0.0,0,0.0,0.0,0.0,0.0,0,0.0,0.0,0.0,0.0,0,0.0,0.0,0.0,0.0,0
5,monolithic_k8s_1svc,170,33.293119002337335,32.314678999682656,0.9784400026546791,602112,1,32.314678999682656,0.05285400038701482,0.009000999853014946,0.0,602112,0.0,0.0,0.0,0.0,0,0.0,0.0,0.0,0.0,0,0.0,0.0,0.0,0.0,0,0.0,0.0,0.0,0.0,0
5,monolithic_k8s_1svc,171,32.79013599967584,31.79775399985374,0.9923819998221006,602112,1,31.79775399985374,0.05864400009158999,0.008840001100907102,0.0,602112,0.0,0.0,0.0,0.0,0,0.0,0.0,0.0,0.0,0,0.0,0.0,0.0,0.0,0,0.0,0.0,0.0,0.0,0
5,monolithic_k8s_1svc,172,33.123328001238406,32.163979998586,0.9593480026524048,602112,1,32.163979998586,0.05864400009158999,0.007800001185387373,0.0,602112,0.0,0.0,0.0,0.0,0,0.0,0.0,0.0,0.0,0,0.0,0.0,0.0,0.0,0,0.0,0.0,0.0,0.0,0
5,monolithic_k8s_1svc,173,33.31401100149378,32.36008599924389,0.9539250022498891,602112,1,32.36008599924389,0.04966400229022838,0.007950999133754522,0.0,602112,0.0,0.0,0.0,0.0,0,0.0,0.0,0.0,0.0,0,0.0,0.0,0.0,0.0,0,0.0,0.0,0.0,0.0,0
5,monolithic_k8s_1svc,174,33.16916599942488,32.18141000252217,0.9877559969027061,602112,1,32.18141000252217,0.0498629997309763,0.007520000508520752,0.0,602112,0.0,0.0,0.0,0.0,0,0.0,0.0,0.0,0.0,0,0.0,0.0,0.0,0.0,0,0.0,0.0,0.0,0.0,0
5,monolithic_k8s_1svc,175,32.29734299748088,31.33108900146908,0.9662539960118011,602112,1,31.33108900146908,0.04886299939244054,0.007300997822312638,0.0,602112,0.0,0.0,0.0,0.0,0,0.0,0.0,0.0,0.0,0,0.0,0.0,0.0,0.0,0,0.0,0.0,0.0,0.0,0
5,monolithic_k8s_1svc,176,33.18183599913027,32.28803199817776,0.8938040009525139,602112,1,32.28803199817776,0.05216300269239582,0.00774100044509396,0.0,602112,0.0,0.0,0.0,0.0,0,0.0,0.0,0.0,0.0,0,0.0,0.0,0.0,0.0,0,0.0,0.0,0.0,0.0,0
5,monolithic_k8s_1svc,177,33.442908999859355,32.390104002843145,1.05280499701621,602112,1,32.390104002843145,0.054072999773779884,0.012590997357619926,0.0,602112,0.0,0.0,0.0,0.0,0,0.0,0.0,0.0,0.0,0,0.0,0.0,0.0,0.0,0,0.0,0.0,0.0,0.0,0
5,monolithic_k8s_1svc,178,33.5180739966745,32.45163300016429,1.0664409965102095,602112,1,32.45163300016429,0.07524499960709363,0.007710001227678731,0.0,602112,0.0,0.0,0.0,0.0,0,0.0,0.0,0.0,0.0,0,0.0,0.0,0.0,0.0,0,0.0,0.0,0.0,0.0,0
5,monolithic_k8s_1svc,179,32.47343499970157,31.54243300014059,0.9310019995609764,602112,1,31.54243300014059,0.049992999265668914,0.008081002306425944,0.0,602112,0.0,0.0,0.0,0.0,0,0.0,0.0,0.0,0.0,0,0.0,0.0,0.0,0.0,0,0.0,0.0,0.0,0.0,0
5,monolithic_k8s_1svc,180,32.36865399958333,31.43621500203153,0.9324389975517988,602112,1,31.43621500203153,0.050134000048274174,0.007300001016119495,0.0,602112,0.0,0.0,0.0,0.0,0,0.0,0.0,0.0,0.0,0,0.0,0.0,0.0,0.0,0,0.0,0.0,0.0,0.0,0
5,monolithic_k8s_1svc,181,32.24600899920915,31.347560001449892,0.8984489977592602,602112,1,31.347560001449892,0.04914300006930716,0.008109996997518465,0.0,602112,0.0,0.0,0.0,0.0,0,0.0,0.0,0.0,0.0,0,0.0,0.0,0.0,0.0,0,0.0,0.0,0.0,0.0,0
5,monolithic_k8s_1svc,182,32.61506399940117,31.701042997156037,0.9140210022451356,602112,1,31.701042997156037,0.04687300315708853,0.00802100112196058,0.0,602112,0.0,0.0,0.0,0.0,0,0.0,0.0,0.0,0.0,0,0.0,0.0,0.0,0.0,0,0.0,0.0,0.0,0.0,0
5,monolithic_k8s_1svc,183,33.91615099826595,32.93577499789535,0.9803760003705975,602112,1,32.93577499789535,0.0476829991384875,0.012241001968504861,0.0,602112,0.0,0.0,0.0,0.0,0,0.0,0.0,0.0,0.0,0,0.0,0.0,0.0,0.0,0,0.0,0.0,0.0,0.0,0
5,monolithic_k8s_1svc,184,32.6866789982887,31.618288998288335,1.0683900000003632,602112,1,31.618288998288335,0.04834300125367008,0.009580002370057628,0.0,602112,0.0,0.0,0.0,0.0,0,0.0,0.0,0.0,0.0,0,0.0,0.0,0.0,0.0,0,0.0,0.0,0.0,0.0,0
5,monolithic_k8s_1svc,185,32.77923899804591,31.845196997892344,0.9340420001535676,602112,1,31.845196997892344,0.05217400030232966,0.008841001545079052,0.0,602112,0.0,0.0,0.0,0.0,0,0.0,0.0,0.0,0.0,0,0.0,0.0,0.0,0.0,0,0.0,0.0,0.0,0.0,0
5,monolithic_k8s_1svc,186,33.29995999956736,32.27528099887422,1.0246790006931406,602112,1,32.27528099887422,0.05216300269239582,0.009470000804867595,0.0,602112,0.0,0.0,0.0,0.0,0,0.0,0.0,0.0,0.0,0,0.0,0.0,0.0,0.0,0,0.0,0.0,0.0,0.0,0
5,monolithic_k8s_1svc,187,33.26659699814627,32.326358999853255,0.9402379982930142,602112,1,32.326358999853255,0.049423000746173784,0.008481001714244485,0.0,602112,0.0,0.0,0.0,0.0,0,0.0,0.0,0.0,0.0,0,0.0,0.0,0.0,0.0,0,0.0,0.0,0.0,0.0,0
5,monolithic_k8s_1svc,188,32.89396300169756,31.9652309990488,0.9287320026487578,602112,1,31.9652309990488,0.04813300256500952,0.00847100091050379,0.0,602112,0.0,0.0,0.0,0.0,0,0.0,0.0,0.0,0.0,0,0.0,0.0,0.0,0.0,0,0.0,0.0,0.0,0.0,0
5,monolithic_k8s_1svc,189,32.852799999091076,31.90254700166406,0.9502529974270146,602112,1,31.90254700166406,0.04788300066138618,0.008089999028015882,0.0,602112,0.0,0.0,0.0,0.0,0,0.0,0.0,0.0,0.0,0,0.0,0.0,0.0,0.0,0,0.0,0.0,0.0,0.0,0
5,monolithic_k8s_1svc,190,32.46417000264046,31.498139000177616,0.9660310024628416,602112,1,31.498139000177616,0.049233000027015805,0.009051000233739614,0.0,602112,0.0,0.0,0.0,0.0,0,0.0,0.0,0.0,0.0,0,0.0,0.0,0.0,0.0,0,0.0,0.0,0.0,0.0,0
5,monolithic_k8s_1svc,191,32.29025199834723,31.363419999252073,0.9268319990951568,602112,1,31.363419999252073,0.049992999265668914,0.008191000233637169,0.0,602112,0.0,0.0,0.0,0.0,0,0.0,0.0,0.0,0.0,0,0.0,0.0,0.0,0.0,0,0.0,0.0,0.0,0.0,0
5,monolithic_k8s_1svc,192,33.10346099897288,32.11482999904547,0.988630999927409,602112,1,32.11482999904547,0.05296400195220485,0.009350998880108818,0.0,602112,0.0,0.0,0.0,0.0,0,0.0,0.0,0.0,0.0,0,0.0,0.0,0.0,0.0,0,0.0,0.0,0.0,0.0,0
5,monolithic_k8s_1svc,193,32.82232400306384,31.763217997649917,1.0591060054139234,602112,1,31.763217997649917,0.04705300307250582,0.010461000783834606,0.0,602112,0.0,0.0,0.0,0.0,0,0.0,0.0,0.0,0.0,0,0.0,0.0,0.0,0.0,0,0.0,0.0,0.0,0.0,0
5,monolithic_k8s_1svc,194,33.10432099897298,32.15661400099634,0.9477069979766384,602112,1,32.15661400099634,0.049113001296063885,0.008349998097401112,0.0,602112,0.0,0.0,0.0,0.0,0,0.0,0.0,0.0,0.0,0,0.0,0.0,0.0,0.0,0,0.0,0.0,0.0,0.0,0
5,monolithic_k8s_1svc,195,33.07815399966785,32.11214000111795,0.9660139985498972,602112,1,32.11214000111795,0.05389400030253455,0.008930997864808887,0.0,602112,0.0,0.0,0.0,0.0,0,0.0,0.0,0.0,0.0,0,0.0,0.0,0.0,0.0,0,0.0,0.0,0.0,0.0,0
5,monolithic_k8s_1svc,196,32.91283399812528,31.99119300188613,0.9216409962391481,602112,1,31.99119300188613,0.051712999265873805,0.00896999699762091,0.0,602112,0.0,0.0,0.0,0.0,0,0.0,0.0,0.0,0.0,0,0.0,0.0,0.0,0.0,0,0.0,0.0,0.0,0.0,0
5,monolithic_k8s_1svc,197,32.69556099985493,31.68387800178607,1.0116829980688635,602112,1,31.68387800178607,0.050652997742872685,0.008120001439237967,0.0,602112,0.0,0.0,0.0,0.0,0,0.0,0.0,0.0,0.0,0,0.0,0.0,0.0,0.0,0,0.0,0.0,0.0,0.0,0
5,monolithic_k8s_1svc,198,32.43902200119919,31.451696002477547,0.9873259987216443,602112,1,31.451696002477547,0.05130299905431457,0.009051000233739614,0.0,602112,0.0,0.0,0.0,0.0,0,0.0,0.0,0.0,0.0,0,0.0,0.0,0.0,0.0,0,0.0,0.0,0.0,0.0,0
5,monolithic_k8s_1svc,199,33.76672000013059,32.782494999992196,0.9842250001383945,602112,1,32.782494999992196,0.05734399746870622,0.0099300013971515,0.0,602112,0.0,0.0,0.0,0.0,0,0.0,0.0,0.0,0.0,0,0.0,0.0,0.0,0.0,0,0.0,0.0,0.0,0.0,0
5,monolithic_k8s_1svc,200,33.39102500103763,32.31776299799094,1.0732620030466933,602112,1,32.31776299799094,0.049493999540572986,0.009180002962239087,0.0,602112,0.0,0.0,0.0,0.0,0,0.0,0.0,0.0,0.0,0,0.0,0.0,0.0,0.0,0,0.0,0.0,0.0,0.0,0
