round,condition,iteration,end_to_end_ms,total_compute_ms,non_compute_overhead_ms,total_activation_bytes,num_hops,hop_1_compute_ms,hop_1_deserialize_ms,hop_1_serialize_ms,hop_1_forward_ms,hop_1_activation_bytes,hop_2_compute_ms,hop_2_deserialize_ms,hop_2_serialize_ms,hop_2_forward_ms,hop_2_activation_bytes,hop_3_compute_ms,hop_3_deserialize_ms,hop_3_serialize_ms,hop_3_forward_ms,hop_3_activation_bytes,hop_4_compute_ms,hop_4_deserialize_ms,hop_4_serialize_ms,hop_4_forward_ms,hop_4_activation_bytes,hop_5_compute_ms,hop_5_deserialize_ms,hop_5_serialize_ms,hop_5_forward_ms,hop_5_activation_bytes
1,chain_4svc,1,100.03315799986012,87.5659950033878,12.467162996472325,2007040,3,30.381003001821227,0.2876779981306754,0.09065399717655964,65.8181959988724,602112,14.492294001684058,0.3789609982050024,0.05175199839868583,47.257064001314575,802816,16.61932299975888,0.2201409988629166,0.06048299837857485,28.27590399829205,401408,26.073375000123633,0.1651759994274471,0.02905400106101297,0.0,200704,0.0,0.0,0.0,0.0,0
1,chain_4svc,2,100.35687499839696,86.98959100001957,13.367283998377388,2007040,3,30.394342000363395,0.26707500001066364,0.21413500144262798,66.34913200105075,602112,15.017991998320213,0.35738000224228017,0.0554550024389755,46.81014699963271,802816,16.261664000921883,0.22258600074565038,0.06460299846366979,27.953864002483897,401408,25.315593000414083,0.1776770004653372,0.02619099905132316,0.0,200704,0.0,0.0,0.0,0.0,0
1,chain_4svc,3,96.91360899887513,84.61252999768476,12.301079001190374,2007040,3,29.161286998714786,0.3091889993811492,0.09107400182983838,64.37617399933515,602112,14.244496000173967,0.3975389990955591,0.05384800169849768,45.991391998541076,802816,15.839609997783555,0.21720800214097835,0.04043900116812438,27.5242679999792,401408,25.367137001012452,0.16692099961801432,0.025142999220406637,0.0,200704,0.0,0.0,0.0,0.0,0
1,chain_4svc,4,94.98905100190314,82.95148299293942,12.037568008963717,2007040,3,29.494780999812065,0.27098599821329117,0.11083899880759418,62.00469800023711,602112,13.08987199809053,0.30583700208808295,0.06488299914053641,45.52568700091797,802816,15.857349997531855,0.21811500118928961,0.04616600199369714,26.653549997718073,401408,24.509479997504968,0.14373399972100742,0.025003002519952133,0.0,200704,0.0,0.0,0.0,0.0,0
1,chain_4svc,5,92.22415700060083,79.92405499680899,12.300102003791835,2007040,3,28.184340997540858,0.2670050016604364,0.2895640027418267,60.186229999089846,602112,12.721107999823289,0.3578690011636354,0.06523199772345833,43.81875700346427,802816,14.924613999028224,0.24570299865445122,0.0633470008324366,26.30238600249868,401408,24.09399200041662,0.1569339983689133,0.025142999220406637,0.0,200704,0.0,0.0,0.0,0.0,0
1,chain_4svc,6,97.72698500091792,84.77847299582209,12.948512005095836,2007040,3,27.936402999330312,0.29515099959098734,0.1386359981552232,66.1387680011103,602112,15.12415199977113,0.4657739991671406,0.06823500007158145,47.13372300102492,802816,16.874593999091303,0.22363300013239495,0.042534000385785475,27.494096000737045,401408,24.84332399762934,0.1910860009957105,0.025841000024229288,0.0,200704,0.0,0.0,0.0,0.0,0
1,chain_4svc,7,94.75319500052137,82.5924290002149,12.160766000306467,2007040,3,27.360069998394465,0.352281000232324,0.22761400032322854,63.61489899791195,602112,13.61661900227773,0.38210399725358,0.04902900036540814,46.508151001035,802816,15.749096000945428,0.22705499941366725,0.04371999966679141,28.06798500023433,401408,25.866643998597283,0.19877000158885494,0.02619099905132316,0.0,200704,0.0,0.0,0.0,0.0,0
1,chain_4svc,8,107.49183400184847,93.25446100046975,14.237373001378728,2007040,3,30.572228999517392,0.27021800269722007,0.2953609982796479,73.54450400089263,602112,19.48562699908507,0.5898130002606194,0.08157500269589946,49.371520999557106,802816,17.582997999852523,0.35228200067649595,0.07068000195431523,28.714578998915385,401408,25.61360700201476,0.40200899820774794,0.029472997994162142,0.0,200704,0.0,0.0,0.0,0.0,0
1,chain_4svc,9,106.6542920016218,93.41921900340822,13.235072998213582,2007040,3,27.576857999520143,0.3443890018388629,0.2213990010204725,75.09561900224071,602112,14.179193000018131,0.34725299701676704,0.05859800148755312,57.15244599923608,802816,17.375639003148535,0.2131569999619387,0.05440599852590822,36.930477999703726,401408,34.287529000721406,0.2058930003840942,0.0457459973404184,0.0,200704,0.0,0.0,0.0,0.0,0
1,chain_4svc,10,95.78692200011574,83.31396200446761,12.472959995648125,2007040,3,27.67142399898148,0.34892899930127896,0.25995100077125244,63.8297320001584,602112,13.280121002026135,0.37218699799268506,0.06062199827283621,47.03231299936306,802816,15.112348002730869,0.19255399820394814,0.059574998886091635,29.392184002063004,401408,27.250069000729127,0.15078800061019138,0.031010000384412706,0.0,200704,0.0,0.0,0.0,0.0,0
1,chain_4svc,11,105.56210700087831,92.78191300109029,12.780193999788025,2007040,3,26.993889001460047,0.30849099857732654,0.09903499812935479,74.71407300181454,602112,14.837381997494958,0.4210760016576387,0.0892570024007,55.847943000117084,802816,15.262648001225898,0.23857899941504002,0.045327000407269225,38.071761999162845,401408,35.687994000909384,0.21182999989832751,0.02863499685190618,0.0,200704,0.0,0.0,0.0,0.0,0
1,chain_4svc,12,105.44162999940454,92.16786500473972,13.273764994664816,2007040,3,28.733646002365276,0.3952349979954306,0.128577998111723,72.85195399890654,602112,15.263765002600849,0.3863649981212802,0.1202669991471339,53.598202001012396,802816,18.72260600066511,0.38210399725358,0.036318000638857484,31.352919999335427,401408,29.44784799910849,0.14799400014453568,0.028844002372352406,0.0,200704,0.0,0.0,0.0,0.0,0
1,chain_4svc,13,98.02353300256073,85.01670300029218,13.006830002268543,2007040,3,27.53662900067866,0.43287900189170614,0.09226099791703746,66.48008599950117,602112,14.273479999246774,0.3462050008238293,0.09959400267689489,48.545293997449335,802816,16.237289000855526,0.24570299865445122,0.03862199810100719,29.155070998967858,401408,26.969304999511223,0.15420999989146367,0.02626100103952922,0.0,200704,0.0,0.0,0.0,0.0,0
1,chain_4svc,14,91.96322899879306,80.3681800061895,11.595048992603552,2007040,3,27.4656710025738,0.33230599728995003,0.08772100045462139,61.1927879981522,602112,13.324540002940921,0.36694899972644635,0.053918000048724934,44.36128700035624,802816,14.725007000379264,0.22055999943404458,0.0380629971914459,27.001501999620814,401408,24.85296200029552,0.1280899996345397,0.027237998438067734,0.0,200704,0.0,0.0,0.0,0.0,0
1,chain_4svc,15,92.42397499838262,80.36608300244552,12.057891995937098,2007040,3,27.29127500060713,0.2658179982972797,0.25862400070764124,61.88464099977864,602112,12.414921999152284,0.47597099910490215,0.057201003073714674,45.73730799893383,802816,14.18904100137297,0.21155099966563284,0.04176500078756362,28.891139998449944,401408,26.470845001313137,0.16301099822157994,0.025841000024229288,0.0,200704,0.0,0.0,0.0,0.0,0
1,chain_4svc,16,100.39123699971242,87.30730199749814,13.083935002214275,2007040,3,28.90587599904393,0.313658998493338,0.10923200170509517,68.17996199970366,602112,14.709221999510191,0.42338099956396036,0.057619003200670704,49.29308900318574,802816,16.24085100047523,0.2801349983201362,0.03897200076607987,30.13690499938093,401408,27.451352998468792,0.30925900136935525,0.03003100209753029,0.0,200704,0.0,0.0,0.0,0.0,0
1,chain_4svc,17,92.69929000220145,80.04760599214933,12.651684010052122,2007040,3,26.88724099789397,0.5203210021136329,0.11258499944233336,61.773592002282385,602112,13.432585998089053,0.41765300193219446,0.05335899913916364,44.621238001127494,802816,14.274317996751051,0.2095950003422331,0.04113700197194703,27.765709997765953,401408,25.453460999415256,0.17118200048571452,0.028146001568529755,0.0,200704,0.0,0.0,0.0,0.0,0
1,chain_4svc,18,92.92613700017682,80.99675199628109,11.929385003895732,2007040,3,27.36838000055286,0.30450999838649295,0.1806110012694262,62.39350799660315,602112,13.487061998603167,0.4766000020026695,0.056781998864607885,44.97295999681228,802816,15.05682399874786,0.24856700110831298,0.06572100028279237,27.137065000715666,401408,25.084485998377204,0.14785500025027432,0.027518002752913162,0.0,200704,0.0,0.0,0.0,0.0,0
1,chain_4svc,19,94.60813500118093,81.30182200329727,13.306312997883651,2007040,3,26.4021210023202,0.2918679965659976,0.18885199824580923,64.24563999826205,602112,13.540141000703443,0.5352669977582991,0.09205199967254885,46.46387100001448,802816,15.831089000130305,0.28837699937867,0.04672399882110767,27.806358000816545,401408,25.528471000143327,0.19639500169432722,0.0295429999823682,0.0,200704,0.0,0.0,0.0,0.0,0
1,chain_4svc,20,94.40873600033228,83.10338900264469,11.305346997687593,2007040,3,27.26194100250723,0.28621199817280285,0.1089529978344217,63.78265900275437,602112,14.324953001050744,0.4095519980182871,0.0534290011273697,45.76566399919102,802816,15.23275599902263,0.1864769983512815,0.03855199975077994,28.345676000753883,401408,26.283739000064088,0.20708099691546522,0.027657002647174522,0.0,200704,0.0,0.0,0.0,0.0,0
1,chain_4svc,21,89.93823800119571,78.26175299851457,11.676485002681147,2007040,3,27.479499000037322,0.2697990021260921,0.16992499877233058,59.22164599905955,602112,12.297867997403955,0.36666900268755853,0.08821000301395543,43.03722800250398,802816,14.539226998749655,0.1875950001704041,0.03876300252159126,25.841082002443727,401408,23.945159002323635,0.1230609996127896,0.02577199848019518,0.0,200704,0.0,0.0,0.0,0.0,0
1,chain_4svc,22,88.89263799937908,77.07493199632154,11.817706003057538,2007040,3,26.379143000667682,0.2596019985503517,0.1320000010309741,59.11052800001926,602112,12.704554999800166,0.4191900006844662,0.04923900269204751,42.67907900066348,802816,14.275574998464435,0.2219560010416899,0.037017001886852086,25.774034002097324,401408,23.715658997389255,0.13220999971963465,0.02584200046840124,0.0,200704,0.0,0.0,0.0,0.0,0
1,chain_4svc,23,88.4863690007478,76.18556799934595,12.300801001401851,2007040,3,25.73827499873005,0.26071899992530234,0.0886289999471046,59.49654300275142,602112,12.542382999527035,0.41520900049363263,0.04965699918102473,42.666858000302454,802816,14.240235002944246,0.2270559998578392,0.04015899685327895,25.796731999434996,401408,23.66467499814462,0.1336070017714519,0.02723800207604654,0.0,200704,0.0,0.0,0.0,0.0,0
1,chain_4svc,24,87.7737739974691,76.31617299193749,11.457601005531615,2007040,3,25.772916997084394,0.2663060004124418,0.08597499981988221,58.854628001427045,602112,12.321124999289168,0.38580600084969774,0.06167000174173154,42.6563110013376,802816,14.265447996876901,0.21078300051158294,0.04127600186620839,25.961000999814132,401408,23.95668299868703,0.13263000073493458,0.024863002181518823,0.0,200704,0.0,0.0,0.0,0.0,0
1,chain_4svc,25,88.17452500079526,76.37239399991813,11.802131000877125,2007040,3,25.84296799977892,0.28670000028796494,0.17635099720791914,59.138743999938015,602112,12.947395000082906,0.39712000216240995,0.05873699774383567,42.52556699793786,802816,13.96338199992897,0.187943998753326,0.03994999860879034,25.868181000987533,401408,23.618649000127334,0.14163900050334632,0.02619099905132316,0.0,200704,0.0,0.0,0.0,0.0,0
1,chain_4svc,26,89.4235750020016,77.35059799961164,12.072977002389962,2007040,3,27.30377700208919,0.27859799956786446,0.09037499694386497,58.809301001019776,602112,11.87322999976459,0.3661800001282245,0.05266000152914785,43.16650499822572,802816,14.834030000201892,0.22118800188763998,0.03806300082942471,25.60962699863012,401408,23.339560997555964,0.16538600175408646,0.025702000129967928,0.0,200704,0.0,0.0,0.0,0.0,0
1,chain_4svc,27,90.66731599887135,78.29541599858203,12.371900000289315,2007040,3,26.14251900013187,0.264770002104342,0.08688299931236543,61.13489000199479,602112,14.67339299779269,0.43469500087667257,0.05014600174035877,42.20031500153709,802816,14.045795000129147,0.2392779970250558,0.04623499989975244,25.63351199933095,401408,23.433709000528324,0.1322800017078407,0.025072997232200578,0.0,200704,0.0,0.0,0.0,0.0,0
1,chain_4svc,28,88.99314000154845,76.76553400233388,12.227605999214575,2007040,3,27.001991002180148,0.2647000001161359,0.08897799853002653,58.60885499714641,602112,12.084639998647617,0.39928600017447025,0.05335900277714245,42.46899500139989,802816,13.827401002345141,0.21986199863022193,0.1123750007536728,26.077286998770433,401408,23.851501999160973,0.13130200022715144,0.02626000059535727,0.0,200704,0.0,0.0,0.0,0.0,0
1,chain_4svc,29,88.88628199929371,77.0414790022187,11.844802997075021,2007040,3,25.538737998431316,0.25408399960724637,0.17851500160759315,60.18462399879354,602112,12.198203003208619,0.37134800004423596,0.05252099799690768,44.40661399712553,802816,14.179752000927692,0.22258600074565038,0.03813299917965196,27.40644499863265,401408,25.124785999651067,0.1321400013694074,0.02905400106101297,0.0,200704,0.0,0.0,0.0,0.0,0
1,chain_4svc,30,88.9677879968076,76.00216399805504,12.965623998752562,2007040,3,26.212569999188418,0.32008500056690536,0.0956129988480825,59.19077699945774,602112,11.943351000809344,0.3835700008494314,0.05182299719308503,43.19905100055621,802816,14.233391000743723,0.26847100161830895,0.03806399763561785,25.953178002964705,401408,23.612851997313555,0.15714400069555268,0.025283003196818754,0.0,200704,0.0,0.0,0.0,0.0,0
1,chain_4svc,31,87.8124660011963,75.01907200276037,12.793393998435931,2007040,3,25.573658000212163,0.261836001300253,0.09065499762073159,58.784438002476236,602112,12.047064999933355,0.39844699858804233,0.05014700218453072,42.735091999929864,802816,13.867700003174832,0.2095950003422331,0.04064699896844104,25.721023997903103,401408,23.530648999440018,0.12767099906341173,0.026330002583563328,0.0,200704,0.0,0.0,0.0,0.0,0
1,chain_4svc,32,88.22970099936356,75.63933599885786,12.590365000505699,2007040,3,25.962605999666266,0.26043999969260767,0.08890900062397122,58.72339599955012,602112,12.199389999295818,0.3712090001499746,0.05266099833534099,42.758420000609476,802816,14.211879999493249,0.22111900034360588,0.03960000321967527,25.599848999263486,401408,23.265460000402527,0.12634399899980053,0.025421999453101307,0.0,200704,0.0,0.0,0.0,0.0,0
1,chain_4svc,33,88.01724200020544,75.3943320014514,12.62290999875404,2007040,3,26.087135000125272,0.30248400071286596,0.1764900007401593,58.16151900216937,602112,12.037427000905154,0.38810999831184745,0.051404000259935856,42.296487001294736,802816,13.910792000388028,0.20582399884006009,0.06439400021918118,25.450737000937806,401408,23.35897800003295,0.12753099872497842,0.024794000637484714,0.0,200704,0.0,0.0,0.0,0.0,0
1,chain_4svc,34,88.09581400055322,75.88909000332933,12.20672399722389,2007040,3,25.989495999965584,0.2909600007114932,0.08681300096213818,58.66402999890852,602112,12.079472002369585,0.3908339967892971,0.0492389990540687,42.68850800144719,802816,14.373423000506591,0.22922100106370635,0.057410001318203285,25.64356999937445,401408,23.44669900048757,0.14443300096900202,0.02618999860715121,0.0,200704,0.0,0.0,0.0,0.0,0
1,chain_4svc,35,89.55138499732129,77.6449799996044,11.90640499771689,2007040,3,25.94151500306907,0.2834169972629752,0.13563199900090694,60.59850600286154,602112,12.649590000364697,0.3920219969586469,0.04958800127496943,44.207495000591734,802816,15.023578998807352,0.23508700178354047,0.039531001675641164,26.405403998069232,401408,24.030295997363282,0.2088270011881832,0.025702000129967928,0.0,200704,0.0,0.0,0.0,0.0,0
1,chain_4svc,36,90.1328870022553,78.14099800089025,11.991889001365053,2007040,3,26.852670001972,0.2653279989317525,0.1855689988587983,60.0130229977367,602112,12.708258000202477,0.386712999898009,0.051613002142403275,43.55775799922412,802816,14.95729999805917,0.21755700072390027,0.03778500104090199,25.798688002396375,401408,23.6227700006566,0.1905979988805484,0.025353001547046006,0.0,200704,0.0,0.0,0.0,0.0,0
1,chain_4svc,37,88.97903199977009,76.85115999993286,12.127871999837225,2007040,3,26.217039998300606,0.2652590010256972,0.16175299970200285,59.28310699891881,602112,12.483786002121633,0.39656099761486985,0.05035600042901933,43.29536300065229,802816,14.805812999838963,0.25429399829590693,0.03820400161202997,25.751754001248628,401408,23.34452099967166,0.15351199908764102,0.025142999220406637,0.0,200704,0.0,0.0,0.0,0.0,0
1,chain_4svc,38,88.06990300217876,75.81275300253765,12.257149999641115,2007040,3,25.41707300042617,0.254782000411069,0.12683299792115577,59.30769200131181,602112,12.54231400162098,0.4068279995408375,0.04874899968854152,42.932604999805335,802816,14.232621997507522,0.24570300229243003,0.03708599979290739,25.829767000686843,401408,23.620744002982974,0.16559499999857508,0.02577199848019518,0.0,200704,0.0,0.0,0.0,0.0,0
1,chain_4svc,39,88.9424359993427,77.0488820016908,11.893553997651907,2007040,3,25.7868150001741,0.26896100098383613,0.1665719973971136,59.743223999248585,602112,12.100984000426251,0.40145000093616545,0.048469999455846846,43.786490001366474,802816,14.461144000961212,0.24479599960613996,0.03897200076607987,26.81565300008515,401408,24.699939000129234,0.15176599845290184,0.028914000722579658,0.0,200704,0.0,0.0,0.0,0.0,0
1,chain_4svc,40,88.56068000022788,76.29968899709638,12.260991003131494,2007040,3,26.534330998401856,0.31645200215280056,0.17257900253753178,58.65641700074775,602112,12.034702998789726,0.40948199966805987,0.047772002290003,42.64974599936977,802816,14.045375999558019,0.30108799910522066,0.03911200110451318,25.863082002615556,401408,23.68527900034678,0.12690199946518987,0.025143002858385444,0.0,200704,0.0,0.0,0.0,0.0,0
1,chain_4svc,41,91.38738399997237,78.63449800061062,12.752885999361752,2007040,3,25.951013001758838,0.28579299760167487,0.10001299961004406,61.89825900219148,602112,13.697356000193395,0.443564000306651,0.06460400254582055,44.107552002969896,802816,14.474972998868907,0.30863099891575985,0.04106600317754783,26.845265998417744,401408,24.51115599978948,0.14017200010130182,0.025702000129967928,0.0,200704,0.0,0.0,0.0,0.0,0
1,chain_4svc,42,95.00769800069975,83.04116200088174,11.966535999818007,2007040,3,26.604592003423022,0.2862109977286309,0.09016599869937636,65.19290299911518,602112,17.899591999594122,0.3707190007844474,0.05538400000659749,43.59777699937695,802816,15.033147999929497,0.3096779983025044,0.04539700239547528,25.55948099688976,401408,23.5038299979351,0.12774000060744584,0.02667900116648525,0.0,200704,0.0,0.0,0.0,0.0,0
1,chain_4svc,43,90.0361560015881,78.31064299898571,11.725513002602383,2007040,3,26.824384000065038,0.27762100216932595,0.1012699976854492,60.01812099930248,602112,12.236336999194464,0.41066899939323775,0.05035499998484738,44.00188199724653,802816,14.529588999721454,0.22852199981571175,0.03603900040616281,26.872084999922663,401408,24.720333000004757,0.13402599870460108,0.02723800207604654,0.0,200704,0.0,0.0,0.0,0.0,0
1,chain_4svc,44,88.67026199732209,76.7484920033894,11.921769993932685,2007040,3,26.281434002157766,0.33314499887637794,0.16740999853936955,58.88961899836431,602112,12.501175999204861,0.478486002975842,0.05301000055624172,42.23411799830501,802816,14.480002002528636,0.24465599926770665,0.039250997360795736,25.40666700224392,401408,23.485879999498138,0.12836899986723438,0.025702000129967928,0.0,200704,0.0,0.0,0.0,0.0,0
1,chain_4svc,45,87.72104300078354,75.95041199965635,11.770631001127185,2007040,3,25.93152799818199,0.26204599998891354,0.10643800123943947,58.82641199787031,602112,12.211822002427652,0.4090629990969319,0.08730199988349341,42.7332760009449,802816,13.982658998429542,0.283836001472082,0.04064799941261299,26.034613998490386,401408,23.824403000617167,0.13661100092576817,0.025841000024229288,0.0,200704,0.0,0.0,0.0,0.0,0
1,chain_4svc,46,87.57500399951823,75.04610100295395,12.528902996564284,2007040,3,25.6308589996479,0.26567700115265325,0.16147399946930818,58.47566700322204,602112,11.968703001912218,0.3645739998319186,0.051402999815763906,42.559161000099266,802816,14.097339000727516,0.2188139987993054,0.0414160022046417,25.846181000815704,401408,23.349200000666315,0.1401029985572677,0.025282999558839947,0.0,200704,0.0,0.0,0.0,0.0,0
1,chain_4svc,47,89.07059500052128,76.27203200536314,12.798562995158136,2007040,3,26.724719002231723,0.26043999969260767,0.16664199938531965,58.4103649998724,602112,12.144076001277426,0.4235199994582217,0.051125000027241185,42.47905299780541,802816,13.904017003369518,0.2582749984867405,0.05887599763809703,25.78744399943389,401408,23.499219998484477,0.14024200208950788,0.031010000384412706,0.0,200704,0.0,0.0,0.0,0.0,0
1,chain_4svc,48,88.15112899901578,76.54762899619527,11.60350000282051,2007040,3,25.72577399769216,0.28090300111216493,0.1250160021299962,59.156483999686316,602112,12.67885400011437,0.43218000064371154,0.051402999815763906,42.824419997486984,802816,14.52546899963636,0.27650300035020337,0.03946000288124196,25.69909399971948,401408,23.617531998752384,0.14394399840966798,0.027657002647174522,0.0,200704,0.0,0.0,0.0,0.0,0
1,chain_4svc,49,88.36784700179123,76.38489799865056,11.982949003140675,2007040,3,26.058919000206515,0.2837669999280479,0.17264800044358708,59.056750000308966,602112,12.109573999623535,0.38371099799405783,0.08723200153326616,43.192765002459055,802816,14.424337998207193,0.2660270001797471,0.05622200114885345,25.998574998084223,401408,23.792067000613315,0.1347940014966298,0.02563099769758992,0.0,200704,0.0,0.0,0.0,0.0,0
1,chain_4svc,50,87.9291019991797,75.97359899955336,11.955502999626333,2007040,3,25.408483001228888,0.29291600003489293,0.0891880008566659,58.967493001546245,602112,12.387333998049144,0.42303200098103844,0.05021600009058602,42.83098499945481,802816,14.347651998832589,0.3163129986205604,0.03624800228863023,25.72179200069513,401408,23.83013000144274,0.13032499919063412,0.024654000299051404,0.0,200704,0.0,0.0,0.0,0.0,0
1,chain_4svc,51,87.77782499964815,75.65232600245508,12.125498997193063,2007040,3,26.070233001519227,0.26651599910110235,0.16510600107721984,58.5312610019173,602112,12.040150999382604,0.39558400021633133,0.05049600076745264,42.42178300046362,802816,14.204406001226744,0.32203999944613315,0.03869200008921325,25.40184800091083,401408,23.33753600032651,0.13556299745687284,0.025282999558839947,0.0,200704,0.0,0.0,0.0,0.0,0
1,chain_4svc,52,89.36141600133851,76.25981000455795,13.101605996780563,2007040,3,25.431042002310278,0.26253499891026877,0.11055899813072756,60.1828779981588,602112,12.417994999850634,0.412485002016183,0.04972699753125198,44.00069400071516,802816,14.809165000770008,0.26875099865719676,0.036666999221779406,26.17471600024146,401408,23.601608001627028,0.15022899970063008,0.0253529979090672,0.0,200704,0.0,0.0,0.0,0.0,0
1,chain_4svc,53,89.70063699962338,77.44027399894549,12.260363000677899,2007040,3,26.49410199956037,0.2797859997372143,0.12885800242656842,59.84728799739969,602112,12.696732999756932,0.36555100086843595,0.05049600076745264,43.34578799898736,802816,14.152932999422774,0.25450300017837435,0.04085800173925236,26.335282000218285,401408,24.09650600020541,0.1520449986855965,0.02577199848019518,0.0,200704,0.0,0.0,0.0,0.0,0
1,chain_4svc,54,88.7802629986254,76.33363300556084,12.446629993064562,2007040,3,25.46009499928914,0.2860019994841423,0.08995700045488775,59.828081997693516,602112,11.97890000184998,0.35856699832947925,0.05077500100014731,44.097006000811234,802816,15.445913002622547,0.28334699891274795,0.04015900049125776,25.790097999561112,401408,23.448725001799176,0.17600099818082526,0.025561999791534618,0.0,200704,0.0,0.0,0.0,0.0,0
1,chain_4svc,55,90.79135499996482,78.0335799936438,12.757775006321026,2007040,3,26.262994997523492,0.28411700259312056,0.18543000260251574,60.95616499806056,602112,12.481271998694865,0.3994940016127657,0.051543000154197216,44.53274800107465,802816,15.035592998174252,0.25408399960724637,0.03897100032190792,26.691893999668537,401408,24.25371999925119,0.16203199993469752,0.027657999453367665,0.0,200704,0.0,0.0,0.0,0.0,0
1,chain_4svc,56,89.68192000247655,77.6130619997275,12.068858002749039,2007040,3,26.41343399955076,0.28285900043556467,0.08492800043313764,59.81481200069538,602112,12.504039998020744,0.36611000177799724,0.04923799860989675,43.67194899896276,802816,14.582179999706568,0.22021100085112266,0.05859700104338117,26.293237002391834,401408,24.113408002449432,0.1518359968031291,0.0253529979090672,0.0,200704,0.0,0.0,0.0,0.0,0
1,chain_4svc,57,88.8640730008774,76.49280199984787,12.371271001029527,2007040,3,26.025325001683086,0.27056600083597004,0.08380999861401506,59.57797900191508,602112,12.134995999076637,0.38587500239373185,0.05287100066198036,43.61398100081715,802816,14.660471999377478,0.2561800029070582,0.05524500011233613,25.8522570002242,401408,23.67200899971067,0.15008899936219677,0.02695900184335187,0.0,200704,0.0,0.0,0.0,0.0,0
1,chain_4svc,58,89.4552140016458,77.683044000878,11.772170000767801,2007040,3,27.08775599967339,0.2592529999674298,0.08583599992562085,58.87942199842655,602112,12.358070998743642,0.42701200072770007,0.051123999583069235,43.09554599967669,802816,14.725565000844654,0.24486499751219526,0.057549001212464646,25.7907269988209,401408,23.511652001616312,0.17718800154398195,0.024444998416583985,0.0,200704,0.0,0.0,0.0,0.0,0
1,chain_4svc,59,88.06836600342649,76.51249700575136,11.555868997675134,2007040,3,25.830187001702143,0.29696699857595377,0.21147999723325484,59.06918100299663,602112,12.026602002151776,0.4423770005814731,0.09016599869937636,43.179495998629136,802816,14.33235600052285,0.23850900106481276,0.03925100099877454,26.302317000954645,401408,24.323352001374587,0.1470870010962244,0.0267489995167125,0.0,200704,0.0,0.0,0.0,0.0,0
1,chain_4svc,60,87.77985099732177,75.09485100308666,12.684999994235113,2007040,3,25.562622999132145,0.2702880010474473,0.09777800005394965,58.55640400113771,602112,12.078914001904195,0.40955099757411517,0.050983999244635925,42.61265999957686,802816,14.024634001543745,0.2619759980007075,0.03994999860879034,25.824110001849476,401408,23.428680000506574,0.1405910006724298,0.027237998438067734,0.0,200704,0.0,0.0,0.0,0.0,0
1,chain_4svc,61,87.85583800272434,75.8914639991417,11.964374003582634,2007040,3,25.65739800047595,0.2575760008767247,0.1811700021789875,58.84799300110899,602112,12.346267998509575,0.39830700188758783,0.04965700281900354,42.71518799941987,802816,14.31321900236071,0.30346199855557643,0.03813399962382391,25.694623996969312,401408,23.57457899779547,0.12592500206665136,0.025353001547046006,0.0,200704,0.0,0.0,0.0,0.0,0
1,chain_4svc,62,86.86876600040705,75.04079300633748,11.827972994069569,2007040,3,25.450388002354885,0.27014700026484206,0.10245799785479903,58.06723199930275,602112,12.328877000982175,0.4087839988642372,0.05328900078893639,41.954542000894435,802816,13.890258000174072,0.25715700030559674,0.03827399996225722,25.520577997667715,401408,23.37127000282635,0.13179199959267862,0.025281999114667997,0.0,200704,0.0,0.0,0.0,0.0,0
1,chain_4svc,63,87.11383999980171,75.34243899499415,11.771401004807558,2007040,3,25.513035998301348,0.2698680000321474,0.1188000023830682,58.470637999562314,602112,12.125078999815742,0.4186309997749049,0.07431100311805494,42.51208799905726,802816,14.225637998606544,0.2847440009645652,0.03855300019495189,25.684496999019757,401408,23.47868599827052,0.12976600191905163,0.025702000129967928,0.0,200704,0.0,0.0,0.0,0.0,0
1,chain_4svc,64,87.34180299870786,74.61049799894681,12.73130499976105,2007040,3,25.3694409984746,0.28362699958961457,0.08779099880484864,58.50562900013756,602112,12.091345997760072,0.43057400034740567,0.05014600174035877,42.240752998623066,802816,13.806937000481412,0.2576469996711239,0.059574998886091635,25.681074999738485,401408,23.342774002230726,0.12592499842867255,0.024793996999505907,0.0,200704,0.0,0.0,0.0,0.0,0
1,chain_4svc,65,87.98958500119625,75.94929399783723,12.040291003359016,2007040,3,26.017292999313213,0.278807998256525,0.24242099971161224,58.374186999571975,602112,12.314281000726623,0.39746900074533187,0.08911799886845984,42.2250379997422,802816,13.822510998579673,0.25520200142636895,0.0576899983570911,25.85107000049902,401408,23.79520899921772,0.13549299910664558,0.025422003091080114,0.0,200704,0.0,0.0,0.0,0.0,0
1,chain_4svc,66,88.7112589989556,76.62815500225406,12.083103996701539,2007040,3,25.66570999988471,0.33957000050577335,0.15344200073741376,59.73225900015677,602112,12.075841001205845,0.3666689990495797,0.09589199908077717,44.02932899756706,802816,14.197211999999126,0.26009099747170694,0.03820400161202997,26.882002002821537,401408,24.68939200116438,0.14359499982674606,0.024723998649278656,0.0,200704,0.0,0.0,0.0,0.0,0
1,chain_4svc,67,89.89319000102114,77.71663799940143,12.176552001619712,2007040,3,27.048226998886093,0.2866300019377377,0.08164400060195476,59.377743000368355,602112,12.318401000811718,0.4314119978516828,0.0534290011273697,43.41618900070898,802816,14.242119999835268,0.2433990011923015,0.04141599856666289,26.57665500009898,401408,24.10788999986835,0.16056700042099692,0.024794000637484714,0.0,200704,0.0,0.0,0.0,0.0,0
1,chain_4svc,68,89.42888299861806,77.77139400059241,11.657488998025656,2007040,3,27.111013998364797,0.2619769984448794,0.14855300105409697,58.9463300020725,602112,12.526738002634374,0.363875999028096,0.0548959978914354,42.71239399895421,802816,14.326349999464583,0.25995100077125244,0.05398700159275904,25.834587002464104,401408,23.807292000128655,0.12634400263777934,0.025142999220406637,0.0,200704,0.0,0.0,0.0,0.0,0
1,chain_4svc,69,90.25699600169901,78.33809099975042,11.918905001948588,2007040,3,26.65920800063759,0.3076530010730494,0.16901699927984737,60.32905599931837,602112,12.477430998842465,0.40396400072495453,0.05042600241722539,43.99943699900177,802816,14.415747999009909,0.2412330031802412,0.03980899782618508,26.975240998581285,401408,24.785704001260456,0.14680800086352974,0.027027999749407172,0.0,200704,0.0,0.0,0.0,0.0,0
1,chain_4svc,70,91.89841500119655,80.31440199920326,11.584013001993299,2007040,3,26.823895001143683,0.2897729973483365,0.15490900113945827,61.63027699949453,602112,12.721666997094871,0.3645040014816914,0.048608999350108206,45.136389999242965,802816,14.82557900089887,0.24570300229243003,0.03764399662031792,27.729532001103507,401408,25.94326100006583,0.12955599959241226,0.027168000087840483,0.0,200704,0.0,0.0,0.0,0.0,0
1,chain_4svc,71,93.07189600076526,80.86517300034757,12.206723000417696,2007040,3,28.06777500154567,0.3172209981130436,0.18989999807672575,61.78448799983016,602112,12.717755998892244,0.3645040014816914,0.0724259989510756,45.08987599911052,802816,15.064646999235265,0.31226200007949956,0.04337199789006263,27.2573319998628,401408,25.01499500067439,0.12543599950731732,0.025771001674002036,0.0,200704,0.0,0.0,0.0,0.0,0
1,chain_4svc,72,93.45735199894989,82.16841800822294,11.288933990726946,2007040,3,27.030207002098905,0.3457869970588945,0.19883899949491024,62.846640998031944,602112,13.651609002408804,0.3425739996600896,0.05161299850442447,45.69624100258807,802816,15.291702002286911,0.22307399922283366,0.0372260001313407,28.15863900104887,401408,26.194900001428323,0.1468070004193578,0.026260997401550412,0.0,200704,0.0,0.0,0.0,0.0,0
1,chain_4svc,73,94.24104599747807,82.83219299846678,11.408852999011287,2007040,3,28.820458999689436,0.33370399978593923,0.17502400078228675,62.03640699823154,602112,13.636243998917053,0.33740599974407814,0.06676799966953695,45.02059299920802,802816,15.255592999892542,0.2143439996871166,0.03729599848156795,27.39757399831433,401408,25.11989699996775,0.149740997585468,0.03520000245771371,0.0,200704,0.0,0.0,0.0,0.0,0
1,chain_4svc,74,93.55701700042118,80.17765000477084,13.379366995650344,2007040,3,26.242741998430574,0.3323759992781561,0.12550600149552338,63.34091099779471,602112,12.849198003095808,0.4173039997112937,0.05580299693974666,46.26503200051957,802816,15.502484002354322,0.23494699780712835,0.04323199755162932,27.95519099890953,401408,25.583226000890136,0.1836139999795705,0.024794000637484714,0.0,200704,0.0,0.0,0.0,0.0,0
1,chain_4svc,75,93.61086400167551,82.07259499977226,11.538269001903245,2007040,3,27.36649500002386,0.5176669983484317,0.09442599912290461,62.60875999942073,602112,13.468065000779461,0.3723270019690972,0.05203199907555245,45.570177000627154,802816,15.83583899991936,0.2466810001351405,0.03855199975077994,27.13503999984823,401408,25.40219599904958,0.1378680026391521,0.027657999453367665,0.0,200704,0.0,0.0,0.0,0.0,0
1,chain_4svc,76,92.08545200090157,79.75706500656088,12.32838699434069,2007040,3,26.722974002041155,0.3075829990848433,0.18522000027587637,62.28909399942495,602112,13.295415999891702,0.3326559999550227,0.06285800191108137,44.9843440001132,802816,14.627159001975087,0.2528259974496905,0.03827299951808527,27.38891399712884,401408,25.111516002652934,0.16482600040035322,0.027097998099634424,0.0,200704,0.0,0.0,0.0,0.0,0
1,chain_4svc,77,90.62003299914068,77.97148900499451,12.648543994146166,2007040,3,26.265999000315787,0.3612909968069289,0.09107400182983838,60.34665699917241,602112,12.847451002016896,0.602525000431342,0.05573399903369136,43.62822800248978,802816,14.853654000035021,0.3030439984286204,0.040508002712158486,25.939349998225225,401408,24.004385002626805,0.14506099978461862,0.026120997063117102,0.0,200704,0.0,0.0,0.0,0.0,0
1,chain_4svc,78,93.51148000132525,81.46469399798661,12.046786003338639,2007040,3,25.987749999330845,0.40103100036503747,0.10483200094313361,64.12711799930548,602112,16.882207000890048,0.35779899917542934,0.05440699897008017,43.524094002350466,802816,14.502071997412713,0.254782000411069,0.04015900049125776,26.357701000961242,401408,24.09266500035301,0.1511369991931133,0.028146001568529755,0.0,200704,0.0,0.0,0.0,0.0,0
1,chain_4svc,79,89.80099900145433,77.5706700005685,12.230329000885831,2007040,3,25.536781999107916,0.3443200002948288,0.10839400056283921,60.665763998258626,602112,12.788855001417687,0.34732199856080115,0.10671799827832729,44.15707000225666,802816,15.094888000021456,0.29871300284867175,0.041904997488018125,26.430126999912318,401408,24.15014500002144,0.16971500008367002,0.02681900150491856,0.0,200704,0.0,0.0,0.0,0.0,0
1,chain_4svc,80,90.37139599968214,77.72969900179305,12.641696997889085,2007040,3,25.89793400329654,0.30779199732933193,0.18682599693420343,60.79965000026277,602112,12.403257998812478,0.3268590007792227,0.07060999996610917,44.440696998208296,802816,15.38354399963282,0.21329700030037202,0.040368002373725176,26.194061996648088,401408,24.04496300005121,0.1449209994461853,0.04469900159165263,0.0,200704,0.0,0.0,0.0,0.0,0
1,chain_4svc,81,94.1587730012543,81.68602199657471,12.472751004679594,2007040,3,26.973845000611618,0.5395970001700334,0.11447100041550584,63.19403299858095,602112,12.61676499780151,0.41939900256693363,0.06390500129782595,46.8123110003944,802816,15.01456999903894,0.20421800218173303,0.06711700189043768,29.06246099882992,401408,27.08084199912264,0.1482740008214023,0.02660999962245114,0.0,200704,0.0,0.0,0.0,0.0,0
1,chain_4svc,82,93.0587659968296,81.83618100520107,11.222584991628537,2007040,3,27.697195000655483,0.29263699980219826,0.18801400074153207,62.21596999967005,602112,13.51730399983353,0.36869399991701357,0.050914997700601816,45.108801998139825,802816,15.398210001876578,0.2213279985880945,0.04372100011096336,27.302171001792885,401408,25.22347200283548,0.1292769993597176,0.04602599801728502,0.0,200704,0.0,0.0,0.0,0.0,0
1,chain_4svc,83,92.90238999892608,80.14663999711047,12.755750001815613,2007040,3,25.93208599864738,0.2876780017686542,0.20463599867071025,63.69493799866177,602112,13.578623998910189,0.4775080014951527,0.08262300252681598,45.78256600143504,802816,14.402478002011776,0.20226099877618253,0.045187000068835914,28.580972000781912,401408,26.233451997541124,0.1771890019881539,0.024794000637484714,0.0,200704,0.0,0.0,0.0,0.0,0
1,chain_4svc,84,91.61213499828591,79.41120800023782,12.20092699804809,2007040,3,26.913780999166192,0.395863000449026,0.09687000056146644,60.743287998775486,602112,13.020310001593316,0.47073300083866343,0.06537199806189165,43.96193200227572,802816,14.521697001327993,0.18277599883731455,0.03855300019495189,27.18155399998068,401408,24.95541999815032,0.13395600035437383,0.025771001674002036,0.0,200704,0.0,0.0,0.0,0.0,0
1,chain_4svc,85,91.4532450005936,79.51080099883256,11.942444001761032,2007040,3,26.79518999866559,0.2941730017482769,0.1159370003733784,61.30970400045044,602112,12.933496000187006,0.4122059981455095,0.06425500032491982,44.97016700042877,802816,15.136373000132153,0.24514499818906188,0.045188000513007864,26.786180002090987,401408,24.645741999847814,0.14506099978461862,0.027656999009195715,0.0,200704,0.0,0.0,0.0,0.0,0
1,chain_4svc,86,93.25977000116836,80.32522600115044,12.934544000017922,2007040,3,26.67289700184483,0.3127509990008548,0.09924500045599416,62.99288899754174,602112,13.56067499727942,0.42680300248321146,0.07200700201792642,44.924211000761716,802816,14.741210001375293,0.24367799778701738,0.042394000047352165,27.745246999984374,401408,25.350444000650896,0.16161299936356954,0.025212997570633888,0.0,200704,0.0,0.0,0.0,0.0,0
1,chain_4svc,87,92.05569899859256,79.98712200060254,12.068576997990021,2007040,3,26.856790002057096,0.2645599997777026,0.3195959980075713,61.80125000173575,602112,13.45479500014335,0.3940470014640596,0.04902900036540814,44.58037999938824,802816,15.475594998861197,0.2257290034322068,0.0351999988197349,26.391154999146238,401408,24.199941999540897,0.14261599790188484,0.024584001948824152,0.0,200704,0.0,0.0,0.0,0.0,0
1,chain_4svc,88,88.69749999939813,76.50837500113994,12.189124998258194,2007040,3,25.90219299963792,0.28341800134512596,0.14170899885357358,59.263551000185544,602112,12.308552999456879,0.440282001363812,0.05489600152941421,43.177958999876864,802816,14.370629000040935,0.21169100000406615,0.03806400127359666,26.279129000613466,401408,23.927000002004206,0.13765800031251274,0.026888999855145812,0.0,200704,0.0,0.0,0.0,0.0,0
1,chain_4svc,89,89.20196699909866,77.49307399717509,11.70889300192357,2007040,3,26.13329999803682,0.26875100229517557,0.09596300151315518,59.93235600180924,602112,12.409684000886045,0.41520900049363263,0.050634997023735195,43.8619890010159,802816,14.193859999068081,0.20261000099708326,0.03994999860879034,26.932289001706522,401408,24.756229999184143,0.1335380002274178,0.02633099938975647,0.0,200704,0.0,0.0,0.0,0.0,0
1,chain_4svc,90,90.89863099870854,79.29345299999113,11.605177998717409,2007040,3,26.413154999318067,0.3085610005655326,0.17879500228445977,61.503794000600465,602112,12.73591400240548,0.4046629983349703,0.05880699973204173,45.137926001189044,802816,14.780251000047429,0.2051250012300443,0.06104199928813614,27.651100001094164,401408,25.364132998220157,0.12683300155913457,0.027587000658968464,0.0,200704,0.0,0.0,0.0,0.0,0
1,chain_4svc,91,90.87341900158208,78.70748299683328,12.1659360047488,2007040,3,26.364405999629525,0.2955700001621153,0.2495440021448303,60.92501600141986,602112,12.773279999237275,0.5325430029188283,0.06006399780744687,44.21238400027505,802816,14.57135500095319,0.20645199765567668,0.05482599954120815,27.129033998789964,401408,24.998441997013288,0.15986700236680917,0.026749999960884452,0.0,200704,0.0,0.0,0.0,0.0,0
1,chain_4svc,92,93.11387099660351,82.17274900380289,10.941121992800618,2007040,3,27.23589100060053,0.2836969979398418,0.17586100148037076,62.66072099970188,602112,13.717609999730485,0.395443999877898,0.050983999244635925,45.65335900042555,802816,16.135599002154777,0.22132899903226644,0.04134600021643564,26.972588002536213,401408,25.0836490013171,0.17208999997819774,0.044558997615240514,0.0,200704,0.0,0.0,0.0,0.0,0
1,chain_4svc,93,89.44089600117877,77.62731100228848,11.813584998890292,2007040,3,26.038035997771658,0.2924270011135377,0.21364600252127275,60.175683996931184,602112,12.250514999323059,0.5035590002080426,0.0625079992460087,44.07367800013162,802816,14.483214003121248,0.2093859984597657,0.05154299651621841,26.880396999331424,401408,24.855546002072515,0.13535299876821227,0.025281999114667997,0.0,200704,0.0,0.0,0.0,0.0,0
1,chain_4svc,94,93.17295700020622,80.7504219992552,12.42253500095103,2007040,3,26.661092997528613,0.2590430012787692,0.09254000178771093,62.85865300014848,602112,13.409188999503385,0.37323399737942964,0.06146099985926412,45.31434700038517,802816,15.30888300112565,0.21197000023676082,0.045746000978397205,27.445276002254104,401408,25.371257001097547,0.13947399929747917,0.027587000658968464,0.0,200704,0.0,0.0,0.0,0.0,0
1,chain_4svc,95,93.62015299848281,79.73031600340619,13.889836995076621,2007040,3,26.948912000079872,0.5678830020769965,0.17977199968299828,62.30103699999745,602112,12.78494400321506,0.3883889985445421,0.10106099944096059,45.443832997989375,802816,14.58986299985554,0.21874400044907816,0.05810799848404713,27.796859001682606,401408,25.406597000255715,0.3324469980725553,0.025771001674002036,0.0,200704,0.0,0.0,0.0,0.0,0
1,chain_4svc,96,93.74223700069706,81.26180299950647,12.480434001190588,2007040,3,26.47699099907186,0.3392910002730787,0.08730199988349341,63.50720300179091,602112,13.315670999872964,0.3715579987328965,0.05573300222749822,46.635822000098415,802816,15.371670000604354,0.20889699953841045,0.039111997466534376,28.524401001050137,401408,26.097470999957295,0.15812100173207,0.02577199848019518,0.0,200704,0.0,0.0,0.0,0.0,0
1,chain_4svc,97,88.93971100042108,77.5995129988587,11.340198001562385,2007040,3,26.56240699798218,0.3038120012206491,0.18647700198926032,59.11527799980831,602112,12.503062000178033,0.39998300053412095,0.05838799916091375,43.11510099796578,802816,14.331029000459239,0.20596299873432145,0.0562230015930254,26.349600000685314,401408,24.203015000239247,0.1603559976501856,0.02933400173787959,0.0,200704,0.0,0.0,0.0,0.0,0
1,chain_4svc,98,89.7129289987788,77.58324099631864,12.12968800246017,2007040,3,25.78052999888314,0.3001789991685655,0.11691500185406767,60.60765499933041,602112,12.82314699710696,0.4164660022070166,0.05915600195294246,43.91409099844168,802816,14.849814000626793,0.2048459973593708,0.039459999243263155,26.070372998219682,401408,24.129749999701744,0.13891599883208983,0.026191002689301968,0.0,200704,0.0,0.0,0.0,0.0,0
1,chain_4svc,99,88.76943699942785,76.27685199622647,12.492585003201384,2007040,3,25.561086997186067,0.28837600257247686,0.0837400002637878,60.0387939994107,602112,12.665304999245564,0.4631199990399182,0.05622200114885345,43.219584000325995,802816,14.02393500029575,0.18745499983197078,0.08017900108825415,26.349600000685314,401408,24.026524999499088,0.15721399904577993,0.027727000997401774,0.0,200704,0.0,0.0,0.0,0.0,0
1,chain_4svc,100,87.56983599960222,75.08583999879193,12.483996000810293,2007040,3,25.48901000045589,0.2904719985963311,0.08527699901605956,58.358962000056636,602112,12.440693000826286,0.3895070003636647,0.05245099964668043,42.320022999774665,802816,13.783958998828894,0.23536699882242829,0.06292700345511548,25.6346999995003,401408,23.372177998680854,0.1271820001420565,0.025352001102874056,0.0,200704,0.0,0.0,0.0,0.0,0
1,chain_4svc,101,87.74241500213975,75.69835399772273,12.044061004417017,2007040,3,25.892625999404117,0.2778999987640418,0.19730200074263848,58.627992002584506,602112,12.111181000364013,0.39153200123109855,0.048469999455846846,42.641993997676764,802816,14.113332999841077,0.22663599884253927,0.04183500277576968,25.73995099737658,401408,23.581213998113526,0.16049600162659772,0.025702000129967928,0.0,200704,0.0,0.0,0.0,0.0,0
1,chain_4svc,102,89.83082199847559,77.14393599962932,12.686885998846265,2007040,3,25.916511000104947,0.3119829998468049,0.16608400255790912,60.396105000108946,602112,12.76832100120373,0.3975389990955591,0.05203199907555245,43.3101689995965,802816,14.486288000625791,0.20910599778289907,0.07542900129919872,26.168988999415888,401408,23.972815997694852,0.14785500025027432,0.025282999558839947,0.0,200704,0.0,0.0,0.0,0.0,0
1,chain_4svc,103,88.15105899702758,76.95417699869722,11.196881998330355,2007040,3,25.964841999666533,0.2700080003705807,0.187943998753326,58.97894699955941,602112,12.005509997834451,0.3496970020933077,0.06474300244008191,43.481699998665135,802816,15.398629999253899,0.2256580009998288,0.03715599814313464,25.513804001093376,401408,23.58519500194234,0.12613400031113997,0.024654000299051404,0.0,200704,0.0,0.0,0.0,0.0,0
1,chain_4svc,104,89.5401400011906,77.85254900227301,11.687590998917585,2007040,3,25.631278000219027,0.260089997027535,0.16398799925809726,60.65787099942099,602112,12.48441400093725,0.411647000873927,0.04902899672742933,44.50306500075385,802816,16.04955400034669,0.18996899962075986,0.050565999117679894,25.774244000785984,401408,23.687303000770044,0.14876299974275753,0.02584200046840124,0.0,200704,0.0,0.0,0.0,0.0,0
1,chain_4svc,105,86.6597290005302,75.0581130014325,11.601615999097703,2007040,3,25.177515999530442,0.25715700030559674,0.10224799916613847,58.31426299846498,602112,12.179764999018516,0.36904399894410744,0.09589199908077717,42.61978400245425,802816,13.826283000526018,0.25953200020012446,0.03757499871426262,26.00960999916424,401408,23.874549002357526,0.15546799841104075,0.0253529979090672,0.0,200704,0.0,0.0,0.0,0.0,0
1,chain_4svc,106,86.98735700090765,75.9914080008457,10.995949000061955,2007040,3,25.80322799985879,0.27538600261323154,0.10106099944096059,58.11661099869525,602112,11.995382999884896,0.37609699938911945,0.051263999921502545,42.576202999043744,802816,13.778929998807143,0.22433200138038956,0.03897200076607987,26.44493300249451,401408,24.413867002294865,0.15197499669739045,0.025142999220406637,0.0,200704,0.0,0.0,0.0,0.0,0
1,chain_4svc,107,89.72249699945678,77.9743539969786,11.748143002478173,2007040,3,26.37627899821382,0.3482310021354351,0.19206399883842096,60.09648400140577,602112,12.803869998606388,0.34292299824301153,0.06055300036678091,43.7072189997707,802816,14.660543001809856,0.21252800070215017,0.04001900015282445,26.533422998909373,401408,24.133661998348543,0.1544900005683303,0.025492001441307366,0.0,200704,0.0,0.0,0.0,0.0,0
1,chain_4svc,108,87.84717700109468,76.07982799527235,11.767349005822325,2007040,3,25.825297998380847,0.2619760016386863,0.08527599857188761,59.14502999803517,602112,12.173898998298682,0.372256003174698,0.051333001465536654,43.199400999583304,802816,13.934676997450879,0.24696000036783516,0.04428000102052465,26.363498000137042,401408,24.145954001141945,0.1588199993420858,0.03198700142093003,0.0,200704,0.0,0.0,0.0,0.0,0
1,chain_4svc,109,87.55265500076348,75.83398399947328,11.718671001290204,2007040,3,25.637074002588633,0.263442998402752,0.13116300033289008,58.801409002626315,602112,12.201345998619217,0.3786810011661146,0.05426699863164686,42.95313900001929,802816,13.822511999023845,0.22111900034360588,0.03778400059673004,26.404354997794144,401408,24.17305199924158,0.14848399951006286,0.033244999940507114,0.0,200704,0.0,0.0,0.0,0.0,0
1,chain_4svc,110,88.00529899963294,76.25750499937567,11.747794000257272,2007040,3,25.71341200018651,0.2895639991038479,0.10566999844741076,58.984253999369685,602112,12.455779997253558,0.3691830024763476,0.0694920017849654,42.7172130002873,802816,13.99557900003856,0.2143439996871166,0.0372260001313407,26.19978900111164,401408,24.092734001897043,0.1574239977344405,0.024654000299051404,0.0,200704,0.0,0.0,0.0,0.0,0
1,chain_4svc,111,88.31672399901436,76.07326200013631,12.243461998878047,2007040,3,25.825507000263315,0.3349610014993232,0.2420719974907115,58.98285799776204,602112,12.180044999695383,0.4049420022056438,0.053986997954780236,42.97227500137524,802816,13.764891999016982,0.1994680023926776,0.03806399763561785,26.60431299955235,401408,24.30281800116063,0.15225500101223588,0.026749999960884452,0.0,200704,0.0,0.0,0.0,0.0,0
1,chain_4svc,112,90.74260499983211,78.6141040007351,12.128500999097014,2007040,3,26.36629199696472,0.3477420032140799,0.09302900070906617,61.009454999293666,602112,13.339277000341099,0.4004030015494209,0.06509199738502502,43.590723998931935,802816,15.048932000354398,0.2790180005831644,0.039391001337207854,25.86860000155866,401408,23.85960300307488,0.16063599832705222,0.025421999453101307,0.0,200704,0.0,0.0,0.0,0.0,0
1,chain_4svc,113,89.9893619971408,78.54468100777012,11.444680989370681,2007040,3,26.091045001521707,0.29410400020424277,0.19374099792912602,60.42802199954167,602112,13.387957002123585,0.40829399949871004,0.05000599776394665,43.3960050031601,802816,14.62820500091766,0.1849410000431817,0.07633699715370312,26.34575800038874,401408,24.43747400320717,0.1279499992961064,0.027656999009195715,0.0,200704,0.0,0.0,0.0,0.0,0
1,chain_4svc,114,90.4406099980406,78.67919599448214,11.761414003558457,2007040,3,26.591949997964548,0.26232600066578016,0.2037980011664331,60.81536399869947,602112,12.241085998539347,0.491336002596654,0.05817900091642514,44.507604998216266,802816,14.149650000035763,0.22733500009053387,0.041834999137790874,27.711861999705434,401408,25.696509997942485,0.19562600209610537,0.025142999220406637,0.0,200704,0.0,0.0,0.0,0.0,0
1,chain_4svc,115,89.0671029992518,77.36023599863984,11.706867000611965,2007040,3,25.62373499677051,0.29103000269969925,0.20275000133551657,60.33638999724644,602112,13.083447000099113,0.39418599772034213,0.049099002353614196,43.403338000644,802816,14.05019600133528,0.24158299856935628,0.03820299752987921,26.728979999461444,401408,24.602858000434935,0.1499499994679354,0.023815999156795442,0.0,200704,0.0,0.0,0.0,0.0,0
1,chain_4svc,116,88.8318059987796,76.4609539983212,12.370852000458399,2007040,3,25.784230998397106,0.31477599986828864,0.09009600034914911,59.49521599904983,602112,12.453125000320142,0.4470569983823225,0.052032002713531256,42.87421700064442,802816,14.339270997879794,0.2453540000715293,0.04015900049125776,25.93983900078456,401408,23.88432700172416,0.15414099834742956,0.04944799729855731,0.0,200704,0.0,0.0,0.0,0.0,0
1,chain_4svc,117,90.17227799995453,77.91086900033406,12.261408999620471,2007040,3,25.88969199860003,0.3075829990848433,0.08744200022192672,60.89728900042246,602112,12.09176500196918,0.3980980000051204,0.048189998778980225,44.87539200272295,802816,15.82773699919926,0.2528269978938624,0.04428000102052465,26.29142200021306,401408,24.101675000565592,0.16796899944893084,0.030521001463057473,0.0,200704,0.0,0.0,0.0,0.0,0
1,chain_4svc,118,88.63345500139985,76.38887699795305,12.244578003446804,2007040,3,25.89423099925625,0.2797859997372143,0.10315599865862168,59.39520299943979,602112,12.978055998246418,0.3857360024994705,0.048959002015180886,42.623205998097546,802816,13.95088099889108,0.25164000180666335,0.039670001569902524,25.925240999640664,401408,23.5657090015593,0.15756299762870185,0.024375000066356733,0.0,200704,0.0,0.0,0.0,0.0,0
1,chain_4svc,119,89.0871480005444,76.95843699912075,12.128711001423653,2007040,3,25.824529999226797,0.30290300128399394,0.0886289999471046,59.79441799718188,602112,12.954518999322318,0.3948150006181095,0.054337000619852915,42.91172200100846,802816,14.499278000585036,0.248076998104807,0.05866699939360842,25.67904999887105,401408,23.6801099999866,0.1250160021299962,0.025212997570633888,0.0,200704,0.0,0.0,0.0,0.0,0
1,chain_4svc,120,88.53672499753884,76.47646000259556,12.060264994943282,2007040,3,25.75042800162919,0.28837599893449806,0.09617199975764379,59.45324099957361,602112,12.706931000138866,0.37058000089018606,0.05238100129645318,43.04861200216692,802816,14.726334000442876,0.2614169970911462,0.039599999581696466,25.441308000154095,401408,23.29276700038463,0.132839002617402,0.02577199848019518,0.0,200704,0.0,0.0,0.0,0.0,0
1,chain_4svc,121,88.54280100058531,76.03987699985737,12.502924000727944,2007040,3,26.10801699847798,0.2935449992946815,0.17432500317227095,59.00806999852648,602112,12.204837999888696,0.3487899994070176,0.05266099833534099,43.0176029985887,802816,14.348070002597524,0.3110750003543217,0.04057799742440693,25.65530300125829,401408,23.37895199889317,0.12403900109347887,0.027168000087840483,0.0,200704,0.0,0.0,0.0,0.0,0
1,chain_4svc,122,89.08644899929641,76.78425099948072,12.30219799981569,2007040,3,25.96602899939171,0.30541799787897617,0.17411500084563158,59.71326199869509,602112,12.430357000994263,0.3821739992417861,0.051543000154197216,43.44838600081857,802816,14.96980099909706,0.2487759993528016,0.03785499939112924,25.636446000135038,401408,23.418063999997685,0.14589900092687458,0.02612000025692396,0.0,200704,0.0,0.0,0.0,0.0,0
1,chain_4svc,123,88.6993860003713,76.4963629990234,12.203023001347901,2007040,3,26.455409002664965,0.2839069966285024,0.09016599869937636,58.99005100218346,602112,12.438527999620419,0.39607299913768657,0.059854999562958255,42.60253300162731,802816,14.385575999767752,0.2628840011311695,0.03757399827009067,25.386971999978414,401408,23.216849996970268,0.12369000251055695,0.025700999685795978,0.0,200704,0.0,0.0,0.0,0.0,0
1,chain_4svc,124,87.87727899834863,76.52793300076155,11.34934599758708,2007040,3,26.05011900232057,0.26902999888989143,0.17118200048571452,58.60187099824543,602112,12.1926159990835,0.34892899930127896,0.051402999815763906,42.928554001264274,802816,14.644269002019428,0.2713349967962131,0.059993999457219616,25.35037499910686,401408,23.64092899733805,0.12341000183369033,0.02667900116648525,0.0,200704,0.0,0.0,0.0,0.0,0
1,chain_4svc,125,90.74979900105973,78.59161400483572,12.158184996224009,2007040,3,25.966517001506872,0.28844700136687607,0.09163299910142086,61.41593299980741,602112,13.539163999666926,0.35284100158605725,0.05279999822960235,44.17494900189922,802816,15.510586003074422,0.2434679990983568,0.04015899685327895,26.031330999103375,401408,23.5753470005875,0.13772799866274,0.025352001102874056,0.0,200704,0.0,0.0,0.0,0.0,0
1,chain_4svc,126,89.25923700007843,77.2121709997009,12.047066000377527,2007040,3,27.041102999646682,0.29193800219218247,0.11062900011893362,58.729471998958616,602112,12.300381000386551,0.3768659989873413,0.09058499927050434,42.54721899997094,802816,14.591817998734768,0.22468099996331148,0.03946000288124196,25.314615999377565,401408,23.2788690009329,0.1316519992542453,0.024793996999505907,0.0,200704,0.0,0.0,0.0,0.0,0
1,chain_4svc,127,87.71964700281387,75.32595699740341,12.393690005410463,2007040,3,25.441937003051862,0.2838359978341032,0.09051499728229828,58.84031100140419,602112,12.20092699804809,0.36680900302599184,0.050564998673507944,42.51201800070703,802816,14.210202996764565,0.23278300068341196,0.03946000288124196,25.635119000071427,401408,23.472889999538893,0.13521299842977896,0.025771001674002036,0.0,200704,0.0,0.0,0.0,0.0,0
1,chain_4svc,128,88.52003200081526,76.37218399759149,12.147848003223771,2007040,3,26.006956002674997,0.2874689998861868,0.08813999738777056,59.12344900207245,602112,12.706929999694694,0.3506049979478121,0.05356900146580301,42.756464001286076,802816,14.428527996642515,0.2611380004964303,0.0400200005969964,25.497601000097347,401408,23.229769998579286,0.1287890008825343,0.051473001803969964,0.0,200704,0.0,0.0,0.0,0.0,0
1,chain_4svc,129,87.52744299999904,75.64624999940861,11.881193000590429,2007040,3,25.917907998518785,0.25240800096071325,0.10923200170509517,57.97078100295039,602112,12.30680699882214,0.3695330015034415,0.054476000514114276,41.9879260007292,802816,14.108723000390455,0.24137299988069572,0.0379939992853906,25.378030997671885,401408,23.31281200167723,0.12564599819597788,0.025352001102874056,0.0,200704,0.0,0.0,0.0,0.0,0
1,chain_4svc,130,91.33800600102404,79.25615799831576,12.081848002708284,2007040,3,26.691125000070315,0.31149399728747085,0.2218870031356346,61.016788000415545,602112,14.035109998076223,0.5676030014001299,0.06097200093790889,43.061602002126165,802816,14.47217900204123,0.2731509994191583,0.038761998439440504,25.904079997417284,401408,24.05774399812799,0.13423600103124045,0.027657002647174522,0.0,200704,0.0,0.0,0.0,0.0,0
1,chain_4svc,131,87.63374100090005,75.5218629965384,12.111878004361643,2007040,3,25.61193200017442,0.2933350006060209,0.17125199883594178,58.67541399857146,602112,12.667259998124791,0.33985000118263997,0.05245099964668043,42.13207900102134,802816,13.814339999953518,0.2762240001175087,0.05936500019743107,25.709779998578597,401408,23.428330998285674,0.1292770029976964,0.025142999220406637,0.0,200704,0.0,0.0,0.0,0.0,0
1,chain_4svc,132,87.52555699902587,75.26917600262095,12.256380996404914,2007040,3,25.8634309975605,0.30562800020561554,0.10629900134517811,58.167805000266526,602112,12.220483000419335,0.3383129987923894,0.0583869987167418,42.01921500134631,802816,13.830055002472363,0.2545729985286016,0.039180999010568485,25.39765799883753,401408,23.355207002168754,0.13465400115819648,0.024304998078150675,0.0,200704,0.0,0.0,0.0,0.0,0
1,chain_4svc,133,88.5930170006759,76.10944000043673,12.483577000239165,2007040,3,25.964980999560794,0.26714399791671894,0.1804710009309929,59.25880200084066,602112,12.690167997789104,0.39425700015272014,0.049098001909442246,42.70876200098428,802816,14.093917001446243,0.2577159975771792,0.04127599822822958,25.54320700073731,401408,23.360374001640594,0.12557599984575063,0.04826099757337943,0.0,200704,0.0,0.0,0.0,0.0,0
1,chain_4svc,134,88.05495700289612,76.48581699686474,11.569140006031375,2007040,3,26.376208999863593,0.2590429976407904,0.2030300020123832,58.53552099870285,602112,12.552649001008831,0.405432001571171,0.05496599987964146,42.45900800015079,802816,13.885788997868076,0.2590430012787692,0.04001900015282445,25.720046000060393,401408,23.671169998124242,0.13395600035437383,0.02612100070109591,0.0,200704,0.0,0.0,0.0,0.0,0
1,chain_4svc,135,87.63576699857367,75.53904299857095,12.096724000002723,2007040,3,25.740788998518838,0.28816700069000944,0.1770490016497206,58.47322200133931,602112,12.639602002309402,0.3666689990495797,0.050565999117679894,42.03821199917002,802816,13.746733999141725,0.21594999998342246,0.03869200008921325,25.60899799937033,401408,23.411917998600984,0.14610899961553514,0.025352001102874056,0.0,200704,0.0,0.0,0.0,0.0,0
1,chain_4svc,136,88.11439200144378,76.06481200491544,12.049579996528337,2007040,3,26.29679900201154,0.25876399740809575,0.16768999921623617,58.44298099691514,602112,12.500199001806322,0.39488499896833673,0.06460399890784174,42.21023200079799,802816,13.896753000153694,0.2891450021706987,0.039041999116307124,25.534477001201594,401408,23.371061000943882,0.12766999861923978,0.02563199814176187,0.0,200704,0.0,0.0,0.0,0.0,0
1,chain_4svc,137,89.7139070002595,77.4766609974904,12.237246002769098,2007040,3,27.61939199990593,0.27259199850959703,0.16978500207187608,58.52602300001308,602112,12.462762999348342,0.43148300028406084,0.05238100129645318,42.23886699764989,802816,13.963661000161665,0.24647200189065188,0.05782899825135246,25.48600699810777,401408,23.430844998074463,0.13346800187719055,0.024793000193312764,0.0,200704,0.0,0.0,0.0,0.0,0
1,chain_4svc,138,87.36492000025464,75.5252860035398,11.839633996714838,2007040,3,25.28598100252566,0.2619759980007075,0.10434299838379957,58.83144100153004,602112,12.266858000657521,0.38964600025792606,0.05175299884285778,42.759955998917576,802816,14.121085001534084,0.2566679977462627,0.03708599979290739,25.86266299840645,401408,23.85136199882254,0.13989299986860715,0.025841000024229288,0.0,200704,0.0,0.0,0.0,0.0,0
1,chain_4svc,139,89.47050899951137,77.47030799873755,12.000201000773814,2007040,3,25.993336999817984,0.29438300043693744,0.10057200051960535,59.83695100076147,602112,13.459125999361277,0.3300019998278003,0.06439400021918118,42.56740200071363,802816,14.198120999935782,0.248985001235269,0.03883200042764656,25.819500999205047,401408,23.81972399962251,0.13095300164422952,0.025282999558839947,0.0,200704,0.0,0.0,0.0,0.0,0
1,chain_4svc,140,90.58832500159042,78.30568199642585,12.282643005164573,2007040,3,26.314817998354556,0.264770002104342,0.1755820012476761,60.69572500200593,602112,14.017161000083433,0.659723998978734,0.06537200169987045,42.396570002892986,802816,14.391860997420736,0.21120200108271092,0.07382300100289285,25.52588600156014,401408,23.58184200056712,0.14136000027065165,0.025212997570633888,0.0,200704,0.0,0.0,0.0,0.0,0
1,chain_4svc,141,89.45430599851534,77.22704900152166,12.227256996993674,2007040,3,25.476020000496646,0.3285349994257558,0.11118800102849491,60.20718199943076,602112,12.29696000154945,0.3139379987260327,0.05929500184720382,44.464442999014864,802816,15.346109001256991,0.2462619995640125,0.038622001738986,26.39129499948467,401408,24.107959998218575,0.138636001793202,0.025772002118173987,0.0,200704,0.0,0.0,0.0,0.0,0
1,chain_4svc,142,88.94823199807433,76.68724099858082,12.260990999493515,2007040,3,25.799946000915952,0.29815399830113165,0.10839400056283921,59.47112099966034,602112,12.866728000517469,0.40291699770023115,0.057689001550897956,43.01990699968883,802816,14.368254000146408,0.2904719985963311,0.04085800173925236,25.942421998479404,401408,23.65231299700099,0.1553980000608135,0.025702000129967928,0.0,200704,0.0,0.0,0.0,0.0,0
1,chain_4svc,143,89.1440679988591,76.9357389981451,12.208329000714002,2007040,3,26.07693800018751,0.2931950002675876,0.10699700214900076,59.57895699975779,602112,12.580028000229504,0.3926499994122423,0.11495900253066793,43.340690001059556,802816,14.679329997306922,0.28006499996990897,0.05042600241722539,25.79470700220554,401408,23.59944300042116,0.12913699902128428,0.025212997570633888,0.0,200704,0.0,0.0,0.0,0.0,0
1,chain_4svc,144,95.41208199880202,83.3546789981483,12.057403000653721,2007040,3,26.221718999295263,0.270567001280142,0.20191300063743256,65.91248200129485,602112,14.445848999457667,0.4260339992470108,0.0492389990540687,47.58469099760987,802816,16.201111000555102,0.2864909984054975,0.048050998884718865,28.74649699879228,401408,26.48599999884027,0.13814699923386797,0.0266800016106572,0.0,200704,0.0,0.0,0.0,0.0,0
1,chain_4svc,145,91.45080100279301,79.47001399588771,11.980787006905302,2007040,3,27.065128000685945,0.26176699975621887,0.12117499863961712,60.93402599799447,602112,13.210139997681836,0.36066200118511915,0.047772002290003,44.132065999292536,802816,14.821177999692736,0.24912500157370232,0.03820399797405116,26.818027999979677,401408,24.373567997827195,0.1681790017755702,0.026191002689301968,0.0,200704,0.0,0.0,0.0,0.0,0
1,chain_4svc,146,95.55134600304882,82.94002900220221,12.611317000846611,2007040,3,25.85372300018207,0.2771319996099919,0.0963120000960771,66.49503199878382,602112,13.48350000262144,0.4368599984445609,0.06586000017705373,48.86328299835441,802816,16.420203999587102,0.2920080005424097,0.0421840013586916,29.570558999694185,401408,27.182601999811595,0.16776000120444223,0.027029000193579122,0.0,200704,0.0,0.0,0.0,0.0,0
1,chain_4svc,147,93.27164299975266,80.11877400349476,13.152868996257894,2007040,3,26.176602001214633,0.34501800109865144,0.18871199790737592,62.8100430003542,602112,13.822791002894519,0.3924409975297749,0.053847998060518876,45.28047300118487,802816,15.471405000425875,0.27426800079410896,0.03813399962382391,26.90358399922843,401408,24.647975998959737,0.16217300071730278,0.03575899972929619,0.0,200704,0.0,0.0,0.0,0.0,0
1,chain_4svc,148,91.35714199874201,79.97050099947955,11.386640999262454,2007040,3,26.74413600107073,0.2814620020217262,0.10029199984273873,61.44519700319506,602112,13.410306000878336,0.33544899997650646,0.05049600076745264,44.60608199951821,802816,15.206634998321533,0.24367800142499618,0.03820300116785802,26.67136000309256,401408,24.609423999208957,0.15211500067380257,0.02577099803602323,0.0,200704,0.0,0.0,0.0,0.0,0
1,chain_4svc,149,87.74031999928411,75.4703869970399,12.269933002244215,2007040,3,25.49578400066821,0.29054199694655836,0.10169000233872794,58.55933799830382,602112,12.250305000634398,0.3599639967433177,0.05028600207879208,42.53520599741023,802816,14.309097998193465,0.28411700259312056,0.039531001675641164,25.678490001155296,401408,23.415199997543823,0.15574700228171423,0.025143002858385444,0.0,200704,0.0,0.0,0.0,0.0,0
1,chain_4svc,150,87.71203300057095,75.88866999867605,11.823363001894904,2007040,3,25.721373000124004,0.29815399830113165,0.1892709988169372,58.79239899877575,602112,12.687793001532555,0.5133369995746762,0.04875000013271347,41.91675699985353,802816,13.820136999129318,0.21616000231006183,0.039041999116307124,25.629461000789888,401408,23.659366997890174,0.17404600293957628,0.025700999685795978,0.0,200704,0.0,0.0,0.0,0.0,0
1,chain_4svc,151,91.04459999798564,78.63519700185861,12.409402996127028,2007040,3,25.398495999979787,0.3146359995298553,0.09938400035025552,62.231473999418085,602112,15.042577000713209,0.477158999274252,0.04874899968854152,42.94329099866445,802816,14.415468001971021,0.2891449985327199,0.03813299917965196,26.005280000390485,401408,23.778655999194598,0.15085799896041863,0.048680001782486215,0.0,200704,0.0,0.0,0.0,0.0,0
1,chain_4svc,152,90.22668399848044,77.16824200178962,13.058441996690817,2007040,3,25.88214899878949,0.29186900064814836,0.08723200153326616,60.632797998550814,602112,12.571577000926482,0.35409699921729043,0.09107399819185957,44.13276400009636,802816,15.3235500001756,0.2417920004518237,0.09016499825520441,26.047114999528276,401408,23.39096600189805,0.15791199984960258,0.025212997570633888,0.0,200704,0.0,0.0,0.0,0.0,0
1,chain_4svc,153,89.96498700071243,77.85408699783147,12.110900002880953,2007040,3,26.331510998716112,0.2602300010039471,0.12690200310316868,60.57462000171654,602112,12.486229999922216,0.665102998027578,0.054826003179186955,44.11264999725972,802816,15.286115001799772,0.2545729985286016,0.0415559989050962,25.93627600072068,401408,23.750230997393373,0.16245200094999745,0.025492001441307366,0.0,200704,0.0,0.0,0.0,0.0,0
1,chain_4svc,154,94.72239499882562,80.64223800465697,14.080156994168647,2007040,3,26.03761700083851,0.2920080005424097,0.08115599848679267,63.96557500193012,602112,12.34612800180912,0.37358299960033037,0.05203199907555245,47.76502199820243,802816,15.140563999011647,0.2533860024414025,0.0415559989050962,29.498202999093337,401408,27.1179290029977,0.188362999324454,0.03855199975077994,0.0,200704,0.0,0.0,0.0,0.0,0
1,chain_4svc,155,93.1667410004593,80.11283700034255,13.053904000116745,2007040,3,27.296723001200007,0.4580220011121128,0.10259799819323234,61.54863300253055,602112,13.172914001188474,0.3927199977624696,0.050984999688807875,44.61613999956171,802816,15.006399000412785,0.2220959977421444,0.057130000641336665,27.111781997518847,401408,24.636800997541286,0.18396300220047124,0.031499002943746746,0.0,200704,0.0,0.0,0.0,0.0,0
1,chain_4svc,156,90.7751519989688,77.38600800075801,13.389143998210784,2007040,3,25.82215499933227,0.2878880004573148,0.19185500059393235,61.73957999999402,602112,12.42099900264293,0.39048499820637517,0.05740999768022448,45.01339800117421,802816,14.44075000108569,0.30031999995117076,0.0646740008960478,27.438151999376714,401408,24.702103997697122,0.19157600036123767,0.025421999453101307,0.0,200704,0.0,0.0,0.0,0.0,0
1,chain_4svc,157,93.59836300063762,82.05667299989727,11.541690000740346,2007040,3,26.677296998968814,0.26148699907935224,0.17683900296106003,63.75262700021267,602112,14.009129001351539,0.3579379990696907,0.05049600076745264,46.32453700105543,802816,15.777381999214413,0.21713700334657915,0.0583869987167418,27.940664000198012,401408,25.592865000362508,0.1903890006360598,0.04665400047088042,0.0,200704,0.0,0.0,0.0,0.0,0
1,chain_4svc,158,89.19239899842069,77.00739599749795,12.185003000922734,2007040,3,26.03796599942143,0.2743379991443362,0.17055300122592598,59.75572600073065,602112,12.3959249976906,0.3645040014816914,0.05000700184609741,43.73347900036606,802816,14.662986999610439,0.22028100283932872,0.036665998777607456,26.175834002060583,401408,23.910518000775483,0.15770300160511397,0.025281999114667997,0.0,200704,0.0,0.0,0.0,0.0,0
1,chain_4svc,159,89.74917600062327,77.53742499699001,12.211751003633253,2007040,3,27.23477299878141,0.30003999927430414,0.08492800043313764,59.037125000031665,602112,12.5010369993106,0.3670879996207077,0.051543000154197216,42.9359569970984,802816,14.127091999398544,0.25108100089710206,0.039739999920129776,25.87285999834421,401408,23.67452299949946,0.16126400078064762,0.02591099837445654,0.0,200704,0.0,0.0,0.0,0.0,0
1,chain_4svc,160,90.05082300063805,77.83662700239802,12.21419599824003,2007040,3,26.241625000693602,0.32525300048291683,0.1005019985313993,60.500658000819385,602112,13.116762002027826,0.37176699697738513,0.050635000661714,43.60587900009705,802816,14.162920000671875,0.19492800129228272,0.03764500070246868,26.589157001581043,401408,24.315319999004714,0.15232499936246313,0.02947300163214095,0.0,200704,0.0,0.0,0.0,0.0,0
1,chain_4svc,161,90.24903399767936,78.15768799991929,12.091345997760072,2007040,3,26.224582998111146,0.2886560032493435,0.09121300172409974,60.64425200020196,602112,13.28137800010154,0.4214950022287667,0.057200999435735866,43.49671599993599,802816,14.513804999296553,0.2438869996694848,0.04036899917991832,26.199160998658044,401408,24.13792200241005,0.1546300009067636,0.025561999791534618,0.0,200704,0.0,0.0,0.0,0.0,0
1,chain_4svc,162,95.05386400269344,80.65788099702331,14.395983005670132,2007040,3,26.233871998556424,0.5491650008480065,0.16629300080239773,64.3592720007291,602112,14.414490000490332,0.5284920007397886,0.06104199928813614,45.96750600103405,802816,14.981673997681355,0.2994820024468936,0.1295570000365842,27.71193200169364,401408,25.0278450002952,0.228591998165939,0.024933000531746075,0.0,200704,0.0,0.0,0.0,0.0,0
1,chain_4svc,163,92.89861900106189,80.67296700392035,12.22565199714154,2007040,3,27.09564800170483,0.29130999973858707,0.09393700020154938,62.207029997807695,602112,13.434749998850748,0.3988659991591703,0.06055300036678091,44.994192001468036,802816,15.04425300299772,0.21532199752982706,0.03855300019495189,27.36705300048925,401408,25.09831600036705,0.15546799841104075,0.031008999940240756,0.0,200704,0.0,0.0,0.0,0.0,0
1,chain_4svc,164,91.82703799888259,78.8689559994964,12.958081999386195,2007040,3,26.087274000019534,0.3047200007131323,0.20910600142087787,62.36068200087175,602112,12.897317999886582,0.5893939996894915,0.05335999958333559,45.20874599984381,802816,15.28248300019186,0.23459899966837838,0.07996800195542164,26.95582500018645,401408,24.601880999398418,0.16217200027313083,0.02416500137769617,0.0,200704,0.0,0.0,0.0,0.0,0
1,chain_4svc,165,92.83282799879089,79.96812599958503,12.864701999205863,2007040,3,26.551860999461496,0.32099200325319543,0.08325199814862572,62.64395999824046,602112,13.136386998667149,0.43734900100389495,0.05489600152941421,45.779841999319615,802816,15.182818999164738,0.2417920004518237,0.06914299956406467,27.26599200104829,401408,25.097059002291644,0.1667119977355469,0.024863998987711966,0.0,200704,0.0,0.0,0.0,0.0,0
1,chain_4svc,166,89.83885300040129,77.62319100220338,12.215661998197902,2007040,3,26.002836002589902,0.310305997118121,0.18116899809683673,60.26403400028357,602112,13.074157999653835,0.34236400097142905,0.04881899803876877,43.592819001787575,802816,14.347303000249667,0.22139800057630055,0.045327000407269225,26.43934700245154,401408,24.19889399970998,0.16852800035849214,0.025282999558839947,0.0,200704,0.0,0.0,0.0,0.0,0
1,chain_4svc,167,88.54866799811134,76.99943300031009,11.54923499780125,2007040,3,26.00667599836015,0.2757360016403254,0.0906550012587104,59.514840999327134,602112,12.484415001381421,0.36583099790732376,0.05182200038689189,43.32483599864645,802816,14.17032300014398,0.24395699801971205,0.039601000025868416,26.672687999962363,401408,24.338019000424538,0.16468700050609186,0.026539997634245083,0.0,200704,0.0,0.0,0.0,0.0,0
1,chain_4svc,168,88.7116080011765,76.87441800226225,11.837189998914255,2007040,3,25.92992000063532,0.2651190006872639,0.25101199935306795,59.20453500220901,602112,12.30855399990105,0.32637000185786746,0.04965699918102473,43.646246998832794,802816,14.365881001140224,0.2453540000715293,0.03966999793192372,26.52846400087583,401408,24.27006300058565,0.16901699927984737,0.025282999558839947,0.0,200704,0.0,0.0,0.0,0.0,0
1,chain_4svc,169,87.64177299963194,76.45250399946235,11.189269000169588,2007040,3,25.881381003273418,0.2549919990997296,0.08576499749324284,58.780385999853024,602112,12.232914999913191,0.36024299697601236,0.04742200326290913,43.05133600064437,802816,14.63407299888786,0.2235630017821677,0.03764400025829673,25.636097001552116,401408,23.704134997387882,0.1391949990647845,0.024654000299051404,0.0,200704,0.0,0.0,0.0,0.0,0
1,chain_4svc,170,88.1994589981332,76.65085299959173,11.548605998541461,2007040,3,26.114372001757147,0.266795999777969,0.08772100045462139,58.61395299871219,602112,12.55313899673638,0.32790600016596727,0.0526610019733198,42.621320997568546,802816,14.39214000129141,0.2121799989254214,0.0379939992853906,25.620452001021476,401408,23.5912019998068,0.12969599993084557,0.025352001102874056,0.0,200704,0.0,0.0,0.0,0.0,0
1,chain_4svc,171,87.58792500157142,75.5710999983421,12.016825003229314,2007040,3,26.098657999682473,0.30583700208808295,0.20051499814144336,58.12101099945721,602112,12.24988600006327,0.3649930004030466,0.05091400089440867,42.12146300051245,802816,13.892073999159038,0.2946620006696321,0.04190500112599693,25.386132998391986,401408,23.330481999437325,0.12969599993084557,0.026749999960884452,0.0,200704,0.0,0.0,0.0,0.0,0
1,chain_4svc,172,88.81148200089228,76.22593799897004,12.585544001922244,2007040,3,25.508635997539386,0.2940340018540155,0.17662900063442066,59.74762500045472,602112,13.029249999817694,0.4740859985759016,0.07018999895080924,42.74061000251095,802816,13.898081000661477,0.29934099802630953,0.06718700024066493,26.113883999641985,401408,23.789971000951482,0.15693499881308526,0.024933000531746075,0.0,200704,0.0,0.0,0.0,0.0,0
1,chain_4svc,173,88.16160499918624,75.63032600228325,12.531278996902984,2007040,3,25.74113800073974,0.3134500002488494,0.16789999790489674,58.99829299960402,602112,12.454242998501286,0.3247640015615616,0.05894700007047504,43.072217998997075,802816,14.174654002999887,0.29738599914708175,0.03771399860852398,25.838079000095604,401408,23.260291000042344,0.13095300164422952,0.025422999897273257,0.0,200704,0.0,0.0,0.0,0.0,0
1,chain_4svc,174,88.65601400248124,76.80345699918689,11.85255700329435,2007040,3,25.983698997151805,0.3028330029337667,0.09561400293023326,59.31774800046696,602112,12.61941800112254,0.3175009987899102,0.050774997362168506,42.99050400004489,802816,14.556408001226373,0.228591998165939,0.03827299951808527,25.650135001342278,401408,23.643931999686174,0.12913699902128428,0.02584200046840124,0.0,200704,0.0,0.0,0.0,0.0,0
1,chain_4svc,175,88.93628899750183,76.7350809983327,12.201207999169128,2007040,3,25.906662998750107,0.2927069981524255,0.08821000301395543,59.493818996998016,602112,12.033515999064548,0.3646440018201247,0.05398800203693099,43.646038000588305,802816,14.388928000698797,0.21748699873569421,0.062228999013314024,26.498432001972105,401408,24.405973999819253,0.1316519992542453,0.025282999558839947,0.0,200704,0.0,0.0,0.0,0.0,0
1,chain_4svc,176,88.50089599945932,76.37658499879763,12.124311000661692,2007040,3,25.603341000532964,0.3694619990710635,0.09016600233735517,59.55891199846519,602112,12.481900997954654,0.3786119996220805,0.04791100218426436,43.15134900025441,802816,13.986429999931715,0.21622999702231027,0.045886001316830516,26.46022899716627,401408,24.304913000378292,0.13535399921238422,0.025142999220406637,0.0,200704,0.0,0.0,0.0,0.0,0
1,chain_4svc,177,87.8063199997996,75.64625200029695,12.160067999502644,2007040,3,25.45471799749066,0.3172210017510224,0.08695300130057149,59.09062299906509,602112,12.25973400141811,0.35228200067649595,0.05105400123284198,42.73041400301736,802816,14.518415002385154,0.23180399875855073,0.039040998672135174,25.48810199732543,401408,23.41338499900303,0.14436299898079596,0.02723800207604654,0.0,200704,0.0,0.0,0.0,0.0,0
1,chain_4svc,178,87.9404160004924,75.96870899942587,11.971707001066534,2007040,3,25.793869001063285,0.34040899845422246,0.08513699867762625,58.53286700221361,602112,12.714543001493439,0.3659709982457571,0.050564998673507944,42.36870299791917,802816,13.966175996756647,0.22761400032322854,0.04043800072395243,25.68638299999293,401408,23.4941210001125,0.1333979998889845,0.025212997570633888,0.0,200704,0.0,0.0,0.0,0.0,0
1,chain_4svc,179,88.32622199770412,75.67635300074471,12.649868996959412,2007040,3,25.516179000987904,0.26965800134348683,0.11733399878721684,59.23561500094365,602112,12.829572999180527,0.40766600068309344,0.0800380003056489,42.594360998919,802816,13.981400999909965,0.2695889997994527,0.03764500070246868,25.79435799998464,401408,23.349200000666315,0.1370290010527242,0.025561999791534618,0.0,200704,0.0,0.0,0.0,0.0,0
1,chain_4svc,180,90.27291999882436,78.18457700341241,12.08834299541195,2007040,3,26.84994500305038,0.3094690000580158,0.1926929980982095,59.82521800251561,602112,12.332509002590086,0.3909739971277304,0.050704999011941254,43.83097900063149,802816,13.786333998723421,0.2128769992850721,0.03813399962382391,27.48145399891655,401408,25.215788999048527,0.19807100034086034,0.02856499850167893,0.0,200704,0.0,0.0,0.0,0.0,0
1,chain_4svc,181,91.30636799818603,79.03385300232912,12.272514995856909,2007040,3,25.544534000800923,0.3019260002474766,0.13793800098937936,62.2228840002208,602112,13.509899999917252,0.3520719983498566,0.0646740008960478,45.174034999945434,802816,15.698320999945281,0.27426800079410896,0.036247998650651425,26.478596999368165,401408,24.28109800166567,0.18040099894278683,0.02563199814176187,0.0,200704,0.0,0.0,0.0,0.0,0
1,chain_4svc,182,92.8016790021502,81.01658999657957,11.785089005570626,2007040,3,26.194550999207422,0.2671450019988697,0.08401900049648248,63.09562599926721,602112,13.978607999888482,0.39523400118923746,0.04993699985789135,45.505154001148185,802816,15.176742999756243,0.21127099898876622,0.036805999116040766,27.790083997388138,401408,25.666687997727422,0.17474299966124818,0.025213001208612695,0.0,200704,0.0,0.0,0.0,0.0,0
1,chain_4svc,183,90.77808500296669,78.98203099830425,11.796054004662437,2007040,3,26.15949100072612,0.28628099971683696,0.1012699976854492,61.271779999515275,602112,13.334108996787108,0.33356400308548473,0.04902900036540814,44.339076997857774,802816,14.459119000093779,0.21190000188653357,0.05482599954120815,27.117368998005986,401408,25.029312000697246,0.1588199993420858,0.02626100103952922,0.0,200704,0.0,0.0,0.0,0.0,0
1,chain_4svc,184,92.59417900102562,80.55025500289048,12.043923998135142,2007040,3,25.987121000071056,0.2613479991850909,0.0891880008566659,62.99295800272375,602112,13.273626002046512,0.4118569995625876,0.05203199907555245,45.893614002125105,802816,15.047814002173254,0.25597000058041885,0.03813399962382391,28.203477999340976,401408,26.241693998599658,0.14163900050334632,0.024793000193312764,0.0,200704,0.0,0.0,0.0,0.0,0
1,chain_4svc,185,91.6781349988014,80.1123480014212,11.5657869973802,2007040,3,27.29728199847159,0.30066800172789954,0.16601400056970306,61.01699700229801,602112,13.570592000178294,0.33258599796681665,0.0505660027556587,43.722374000935815,802816,15.270191001036437,0.2115499992214609,0.03966999793192372,25.927546001184965,401408,23.974283001734875,0.1288579987885896,0.026679997972678393,0.0,200704,0.0,0.0,0.0,0.0,0
1,chain_4svc,186,89.55655300087528,78.16774499588064,11.388808004994644,2007040,3,26.18358600011561,0.257226998655824,0.210782000067411,60.34491000173148,602112,12.24373999866657,0.34676499853958376,0.048679001338314265,44.74625400325749,802816,14.132958000118379,0.20030599989695475,0.039181999454740435,27.73861199966632,401408,25.60746099698008,0.19506800163071603,0.024375000066356733,0.0,200704,0.0,0.0,0.0,0.0,0
1,chain_4svc,187,88.12731299985899,76.74507000410813,11.382242995750858,2007040,3,25.77682800256298,0.27098599821329117,0.18954999904963188,59.19789999825298,602112,12.050907000229927,0.33167800211231224,0.06718799704685807,43.715110998164164,802816,13.730459999351297,0.21818599998368882,0.039950002246769145,27.29588500005775,401408,25.186875001963926,0.2609289986139629,0.027168000087840483,0.0,200704,0.0,0.0,0.0,0.0,0
1,chain_4svc,188,87.82308199806721,76.31177199800732,11.511310000059893,2007040,3,25.876491999952123,0.25932299831765704,0.20093399871257134,58.941789997334126,602112,12.626751999050612,0.33817400253610685,0.04965699918102473,42.78509900177596,802816,14.11884999834001,0.18913199892267585,0.038622001738986,26.182746998529183,401408,23.68967800066457,0.17048299923771992,0.02577199848019518,0.0,200704,0.0,0.0,0.0,0.0,0
1,chain_4svc,189,89.30652000344708,77.08415100205457,12.222369001392508,2007040,3,26.800568000908243,0.3698110012919642,0.20477599900914356,59.164027003134834,602112,12.004672000330174,0.3499769991321955,0.0521019974257797,43.38692500095931,802816,14.407714999833843,0.24521500017726794,0.05887700172024779,26.058429000840988,401408,23.87119600098231,0.12711199815385044,0.026888999855145812,0.0,200704,0.0,0.0,0.0,0.0,0
1,chain_4svc,190,89.06193399889162,76.72502499917755,12.336908999714069,2007040,3,26.310557997931028,0.2590430012787692,0.09589299952494912,59.60430900086067,602112,12.324826002441114,0.44405299922800623,0.05021700053475797,43.3217629979481,802816,14.150977000099374,0.23264300034497865,0.04043899753014557,26.18358600011561,401408,23.938663998706033,0.15253400124493055,0.024375000066356733,0.0,200704,0.0,0.0,0.0,0.0,0
1,chain_4svc,191,88.78200900289812,76.65972300310386,12.122285999794258,2007040,3,26.329485001042485,0.2547129988670349,0.11789299969677813,59.35092300205724,602112,12.373366000247188,0.36429499959922396,0.05014599810237996,43.355426998459734,802816,13.993832999403821,0.2128080013790168,0.0400200005969964,26.563454997813096,401408,23.96303900241037,0.13353699978324585,0.025282999558839947,0.0,200704,0.0,0.0,0.0,0.0,0
1,chain_4svc,192,92.00904499812168,80.32906799780903,11.679977000312647,2007040,3,26.185820999671705,0.309189003019128,0.16608299847575836,62.59011200017994,602112,13.344306000362849,0.35668100099428557,0.05245099964668043,45.60467899864307,802816,15.525671999057522,0.2948710025520995,0.03834299786831252,27.10402999946382,401408,25.273268998716958,0.15281299783964641,0.033734002499841154,0.0,200704,0.0,0.0,0.0,0.0,0
1,chain_4svc,193,88.85031499812612,77.18633099648287,11.663984001643257,2007040,3,26.144894000026397,0.2715440023166593,0.20561400015139952,59.45212400183664,602112,12.583938998432131,0.39635200300836004,0.06586100062122568,43.330493001121795,802816,14.624783998442581,0.3395000021555461,0.03911100066034123,25.947731002816,401408,23.832713999581756,0.12969599993084557,0.025421999453101307,0.0,200704,0.0,0.0,0.0,0.0,0
1,chain_4svc,194,89.6655769975041,77.68311300242203,11.982463995082071,2007040,3,25.728915999934543,0.2737100003287196,0.10657899838406593,60.85810800141189,602112,12.688142000115477,0.390485001844354,0.05063600110588595,44.24178799672518,802816,15.13106600032188,0.26204599998891354,0.039460999687435105,26.356793998274952,401408,24.134989002050133,0.14024199845152907,0.056780998420435935,0.0,200704,0.0,0.0,0.0,0.0,0
1,chain_4svc,195,89.99369299999671,78.02561700009392,11.968075999902794,2007040,3,26.591670997731853,0.3594760019041132,0.19290199998067692,59.96860300001572,602112,11.88133200048469,0.4064780005137436,0.05252100163488649,44.29689300013706,802816,15.16864000222995,0.2795769978547469,0.039880000258563086,26.3031550020969,401408,24.383973999647424,0.15421100033563562,0.025422999897273257,0.0,200704,0.0,0.0,0.0,0.0,0
1,chain_4svc,196,88.58442699784064,76.59134900313802,11.993077994702617,2007040,3,25.37656500135199,0.2561799992690794,0.11970800187555142,60.131263999210205,602112,12.233753001055447,0.37875099951634184,0.05000700184609741,44.02960899824393,802816,15.01380199988489,0.21916299738222733,0.05873700138181448,26.12917900114553,401408,23.96722900084569,0.16154400145751424,0.025282999558839947,0.0,200704,0.0,0.0,0.0,0.0,0
1,chain_4svc,197,87.28509099819348,76.024582998798,11.260507999395486,2007040,3,25.496272999589564,0.2895640027418267,0.17125199883594178,58.74728100025095,602112,12.1849339993787,0.3328650018374901,0.05049500032328069,43.00391300057527,802816,14.401079999515787,0.21902400112594478,0.03757500235224143,25.75894899928244,401408,23.942296000313945,0.1300449985137675,0.02856499850167893,0.0,200704,0.0,0.0,0.0,0.0,0
1,chain_4svc,198,88.035820001096,75.52039600341232,12.515423997683683,2007040,3,25.823621999734314,0.30136699933791533,0.19653399795060977,58.3725799988315,602112,12.131993000366492,0.3609420018619858,0.0492389990540687,42.549384001176804,802816,13.965198002551915,0.27308099743095227,0.04867999814450741,25.66864300024463,401408,23.599583000759594,0.15791199984960258,0.024444001610390842,0.0,200704,0.0,0.0,0.0,0.0,0
1,chain_4svc,199,88.52631899935659,76.23906599837937,12.287253000977216,2007040,3,26.407288998598233,0.2674940005817916,0.09219100320478901,58.94255900057033,602112,12.160907001089072,0.3424339993216563,0.05049600076745264,42.974020998372,802816,14.034271000127774,0.2159510004275944,0.03729599848156795,26.0443210027006,401408,23.636598998564295,0.1665720010350924,0.026051002350868657,0.0,200704,0.0,0.0,0.0,0.0,0
1,chain_4svc,200,88.66502399905585,76.63325400426402,12.03176999479183,2007040,3,25.824879001447698,0.3640849972725846,0.10057200051960535,59.433614998852136,602112,12.210984001285397,0.4068279995408375,0.05426699863164686,43.603992999123875,802816,14.78968000083114,0.18668600023374893,0.05733999932999723,26.321104996895883,401408,23.807711000699783,0.19541700021363795,0.02667900116648525,0.0,200704,0.0,0.0,0.0,0.0,0
2,chain_4svc,1,97.54972699738573,84.61679099491448,12.932936002471251,2007040,3,29.366551996645285,0.2554810016590636,0.18864200319512747,64.71546499960823,602112,13.816295999276917,0.4644469991035294,0.06718800068483688,46.58567500155186,802816,15.987884999049129,0.223703002120601,0.04113600152777508,27.80726599667105,401408,25.44605799994315,0.13961299919174053,0.02709800173761323,0.0,200704,0.0,0.0,0.0,0.0,0
2,chain_4svc,2,98.58024099958129,85.85172899984173,12.728511999739567,2007040,3,29.778547999740113,0.26462999812792987,0.17788699915399775,65.15274399862392,602112,14.046494001377141,0.44237800102564506,0.05587299892795272,46.942147997469874,802816,16.679107000527438,0.24374799977522343,0.06104199928813614,27.460572000563843,401408,25.347579998197034,0.14003300020704046,0.04721300138044171,0.0,200704,0.0,0.0,0.0,0.0,0
2,chain_4svc,3,98.2119660002354,85.83727299992461,12.374693000310799,2007040,3,29.53864099981729,0.29396399986580946,0.09756899817148224,65.19513799867127,602112,14.113193003140623,0.36003399873152375,0.05489499744726345,47.17010999956983,802816,16.605494998657377,0.22202600302989595,0.05852699905517511,28.010226000333205,401408,25.579943998309318,0.1341660026810132,0.026888999855145812,0.0,200704,0.0,0.0,0.0,0.0,0
2,chain_4svc,4,99.45012000025599,87.53282100224169,11.917298998014303,2007040,3,28.925013000844046,0.3215510005247779,0.1293459972657729,67.20525200216798,602112,14.271944000938674,0.440282001363812,0.06187899998622015,48.86069900021539,802816,17.04535699900589,0.2052650015684776,0.041974999476224184,29.37472299890942,401408,27.29050700145308,0.13591199967777357,0.027447000320535153,0.0,200704,0.0,0.0,0.0,0.0,0
2,chain_4svc,5,100.95786300007603,87.54392499758978,13.413938002486248,2007040,3,30.010841001057997,0.34816100014722906,0.3557739983079955,66.69016999876476,602112,14.897165998263517,0.64149600075325,0.060204001783858985,47.59384000135469,802816,16.742802999942796,0.21532200116780587,0.04337199789006263,28.02803499798756,401408,25.893114998325473,0.16992499877233058,0.02612000025692396,0.0,200704,0.0,0.0,0.0,0.0,0
2,chain_4svc,6,96.471021999605,84.50546200401732,11.965559995587682,2007040,3,29.47327000219957,0.30164599957061,0.09540399696561508,63.629495998611674,602112,13.981471001898171,0.40543100112699904,0.05287000021780841,45.97497999930056,802816,15.494732000661315,0.20645199765567668,0.04015900049125776,27.776255999924615,401408,25.55598899925826,0.13353699978324585,0.027168000087840483,0.0,200704,0.0,0.0,0.0,0.0,0
2,chain_4svc,7,97.49818400086951,85.50831799948355,11.989866001385963,2007040,3,29.10604199860245,0.29054200058453716,0.15016000179457478,64.89048799994634,602112,14.619404999393737,0.4090629990969319,0.05866799983778037,46.563605999836,802816,16.482503000588622,0.22000199896865524,0.04050799907417968,27.282055998512078,401408,25.300368000898743,0.13940400094725192,0.027168000087840483,0.0,200704,0.0,0.0,0.0,0.0,0
2,chain_4svc,8,96.37387200200465,84.65876300033415,11.715109001670498,2007040,3,29.034174996922957,0.270148000709014,0.16796900308690965,64.01662800271879,602112,14.266426001995569,0.4242190007062163,0.08290199912153184,46.05494800125598,802816,15.905959000519942,0.1947189994098153,0.04134700066060759,27.810547999251867,401408,25.45220300089568,0.13605200001620688,0.02632999894558452,0.0,200704,0.0,0.0,0.0,0.0,0
2,chain_4svc,9,99.62004499902832,87.06753400474554,12.552510994282784,2007040,3,29.28616400095052,0.2647000001161359,0.1713919991743751,66.60775599812041,602112,14.486776002740953,0.4444029982551001,0.05468599920277484,48.42649299826007,802816,17.03781399919535,0.1920649992825929,0.05866799983778037,28.59591900050873,401408,26.256780001858715,0.14387400005944073,0.030450999474851415,0.0,200704,0.0,0.0,0.0,0.0,0
2,chain_4svc,10,98.26581399829593,86.69423200262827,11.571581995667657,2007040,3,29.211783003120217,0.2695889997994527,0.1983499969355762,65.87120599942864,602112,14.509404998534592,0.4451710010471288,0.054197000281419605,47.64943400004995,802816,16.273607001494383,0.1953469982254319,0.04043800072395243,28.87186299994937,401408,26.699436999479076,0.1309529980062507,0.025213001208612695,0.0,200704,0.0,0.0,0.0,0.0,0
2,chain_4svc,11,99.43894499883754,87.49706299931859,11.941881999518955,2007040,3,29.62503600065247,0.28928399842698127,0.2100140009133611,66.44795800093561,602112,14.438934998906916,0.40186900150729343,0.05440699897008017,48.18672599867568,802816,16.811527999379905,0.2200009985244833,0.040647002606419846,28.62385499975062,401408,26.621564000379294,0.13199999739299528,0.028215999918757007,0.0,200704,0.0,0.0,0.0,0.0,0
2,chain_4svc,12,97.6792840010603,85.77762799905031,11.901656002009986,2007040,3,29.427803001453867,0.29543100026785396,0.1784449996193871,64.82728099945234,602112,14.074849997996353,0.4154880007263273,0.054686002840753645,47.22270199999912,802816,16.92425200235448,0.21532200116780587,0.041345996578456834,27.607170002738712,401408,25.35072299724561,0.14219800141290762,0.02654000127222389,0.0,200704,0.0,0.0,0.0,0.0,0
2,chain_4svc,13,98.85255400149617,86.46801400391269,12.384539997583488,2007040,3,29.960415999084944,0.2765729987004306,0.1411500015819911,65.60238499878324,602112,13.699381001060829,0.3809159970842302,0.06341699918266386,48.44611899898155,802816,15.83004200074356,0.3176399986841716,0.07619700045324862,29.442958999425173,401408,26.978175003023352,0.14987999747972935,0.026679997972678393,0.0,200704,0.0,0.0,0.0,0.0,0
2,chain_4svc,14,98.62235599939595,85.88616099950741,12.73619499988854,2007040,3,28.705500000796746,0.28886600193800405,0.1667119977355469,66.68269599686028,602112,13.73716499801958,0.41590800174162723,0.05287000021780841,48.98201399919344,802816,16.70334200025536,0.35081500027445145,0.051543000154197216,28.994295997108566,401408,26.740154000435723,0.1292769993597176,0.027238998882239684,0.0,200704,0.0,0.0,0.0,0.0,0
2,chain_4svc,15,107.25695599830942,95.01594100220245,12.24101499610697,2007040,3,31.396013000630774,0.3041599993593991,0.09763799971551634,72.6291589999164,602112,15.042227001686115,0.41478999992250465,0.06201900032465346,54.01997499939171,802816,20.261707999452483,0.2769919992715586,0.04015900049125776,30.774351002037292,401408,28.31599300043308,0.15937900025164708,0.02626000059535727,0.0,200704,0.0,0.0,0.0,0.0,0
2,chain_4svc,16,105.69753099844093,92.00729900112492,13.690231997316005,2007040,3,29.566298999270657,0.3277670002717059,0.22300500131677836,72.73329300005571,602112,15.511005000007572,0.5094949992781039,0.1076260014087893,53.36451099719852,802816,17.872073000035016,0.3249039982620161,0.05908700040890835,31.84390699971118,401408,29.057922001811676,0.16349900033674203,0.028635000489884987,0.0,200704,0.0,0.0,0.0,0.0,0
2,chain_4svc,17,101.55417100031627,88.2473010024114,13.306869997904869,2007040,3,29.74348800125881,0.2843250003934372,0.20142299763392657,68.1047430007311,602112,14.03050000226358,0.6090200004109647,0.06292799662332982,49.877454999659676,802816,16.94897599736578,0.25282700153184123,0.03897100032190792,29.955247999168932,401408,27.524337001523236,0.15225500101223588,0.030031998903723434,0.0,200704,0.0,0.0,0.0,0.0,0
2,chain_4svc,18,102.4368999969738,89.37440700174193,13.062492995231878,2007040,3,29.906149000453297,0.30953900204622187,0.23445799888577312,68.73583299966413,602112,14.74498199968366,0.3897159986081533,0.063975003286032,50.26731099860626,802816,16.802237998490455,0.23082700136001222,0.04965799962519668,30.748440000024857,401408,27.921038003114518,0.182146999577526,0.04351199822849594,0.0,200704,0.0,0.0,0.0,0.0,0
2,chain_4svc,19,103.48201200031326,90.54530300272745,12.93670899758581,2007040,3,31.644927999877837,0.4440539996721782,0.08562599759898148,67.88893200064194,602112,15.33591200131923,0.4092719973414205,0.054756001190980896,48.752026003057836,802816,16.414966001320863,0.26204599998891354,0.04162500044913031,29.620566001540283,401408,27.14949700020952,0.1405220027663745,0.027726997359422967,0.0,200704,0.0,0.0,0.0,0.0,0
2,chain_4svc,20,102.06289800044033,89.84276400224189,12.220133998198435,2007040,3,30.836580001050606,0.26637599876266904,0.17921399921760894,67.90262199865538,602112,15.070372999616666,0.40899300074670464,0.07012100104475394,49.25760900005116,802816,16.505341001902707,0.23138499818742275,0.04099799843970686,29.85320900188526,401408,27.430469999671914,0.17830599972512573,0.029962000553496182,0.0,200704,0.0,0.0,0.0,0.0,0
2,chain_4svc,21,109.63778999939677,96.00727399811149,13.630516001285287,2007040,3,32.090099000924965,0.348509998730151,0.18787400040309876,73.92095099930884,602112,16.014353997888975,0.5588040003203787,0.0681650017213542,53.37016900011804,802816,18.393721999018453,0.32148099853657186,0.06292700345511548,31.817646999115823,401408,29.509099000279093,0.18522000027587637,0.0456769994343631,0.0,200704,0.0,0.0,0.0,0.0,0
2,chain_4svc,22,112.14859999745386,99.24150300503243,12.90709699242143,2007040,3,34.38810100124101,0.3418750020500738,0.26393099687993526,73.82652500018594,602112,17.476141001679935,0.41688499914016575,0.05866699939360842,52.73810099970433,802816,17.907413999637356,0.2799950016196817,0.04616499791154638,31.890909998764982,401408,29.469847002474125,0.21175999791012146,0.02856599894585088,0.0,200704,0.0,0.0,0.0,0.0,0
2,chain_4svc,23,99.40772600020864,87.19618400573381,12.211541994474828,2007040,3,29.66791899962118,0.36555099723045714,0.1716010010568425,66.11460400017677,602112,14.313360003143316,0.4198179995000828,0.05517499812413007,48.23715200109291,802816,16.60465600070893,0.26986900047631934,0.04246399839757942,28.979839000385255,401408,26.61024900226039,0.16475699885631911,0.027656999009195715,0.0,200704,0.0,0.0,0.0,0.0,0
2,chain_4svc,24,103.44576400166261,91.47566400497453,11.970099996688077,2007040,3,35.706712002138374,0.30772299942327663,0.20987400057492778,64.56034599978011,602112,13.988526003231527,0.43532299969228916,0.08115599848679267,46.67262899965863,802816,16.05842400022084,0.22391300080926158,0.06844499876024202,28.000029000395443,401408,25.722001999383792,0.17907399887917563,0.028077000024495646,0.0,200704,0.0,0.0,0.0,0.0,0
2,chain_4svc,25,97.42268500122009,85.18306400219444,12.239620999025647,2007040,3,29.24530599921127,0.3077929977735039,0.12173400318715721,64.8855290019128,602112,13.942220000899397,0.42177399882348254,0.05259099998511374,47.16927299887175,802816,15.904423002211843,0.23850899742683396,0.04148600055486895,28.547378002258483,401408,26.091114999871934,0.1948589997482486,0.02619099905132316,0.0,200704,0.0,0.0,0.0,0.0,0
2,chain_4svc,26,100.27173799971933,87.50334700016538,12.768390999553958,2007040,3,30.594159998145187,0.3806370004895143,0.10930200005532242,65.89816400082782,602112,14.323834999231622,0.33517100018798374,0.05810800212202594,47.83493400100269,802816,16.321937000611797,0.2167189995816443,0.05922600030316971,28.998137000598945,401408,26.26341500217677,0.17788699915399775,0.026678997528506443,0.0,200704,0.0,0.0,0.0,0.0,0
2,chain_4svc,27,98.74192500137724,86.09079899906646,12.651126002310775,2007040,3,29.654510002728784,0.3976779989898205,0.12822899952880107,65.58506399960606,602112,14.402476997929625,0.39076400207704864,0.056712000514380634,47.408270998857915,802816,16.19957399816485,0.21979200027999468,0.04001900015282445,28.289383997616824,401408,25.834238000243204,0.17327699970337562,0.026330002583563328,0.0,200704,0.0,0.0,0.0,0.0,0
2,chain_4svc,28,97.02039699914167,84.23210199907771,12.788295000063954,2007040,3,28.569938000146067,0.4046620015287772,0.16559399955440313,64.92296400028863,602112,13.983356999233365,0.3769350005313754,0.051753002480836585,47.26907599979313,802816,15.943115999107249,0.2512200007913634,0.04113700197194703,28.38778999648639,401408,25.735691000591032,0.17977300012717023,0.0267489995167125,0.0,200704,0.0,0.0,0.0,0.0,0
2,chain_4svc,29,97.13766099957866,84.11825800430961,13.019402995269047,2007040,3,28.482146000897046,0.3503260013530962,0.16217199663515203,65.42582499969285,602112,13.953535002656281,0.41842099744826555,0.059574998886091635,47.36629600301967,802816,16.2407110001368,0.2237029984826222,0.04162500044913031,28.08516600271105,401408,25.441866000619484,0.14715699944645166,0.02842599860741757,0.0,200704,0.0,0.0,0.0,0.0,0
2,chain_4svc,30,101.99501199895167,88.09965599721181,13.895356001739856,2007040,3,29.090956999425543,0.3362179995747283,0.2190930026699789,69.26034400021308,602112,15.216133000649279,0.4484529999899678,0.07019099939498119,50.08411599919782,802816,15.950099998008227,0.23389900161419064,0.05384800169849768,30.994772001577076,401408,27.842465999128763,0.23082700136001222,0.0267489995167125,0.0,200704,0.0,0.0,0.0,0.0,0
2,chain_4svc,31,102.1830960016814,87.8499020000163,14.333194001665106,2007040,3,30.74201500203344,0.4650759983633179,0.11956899834331125,67.04126299882773,602112,14.250152002205141,0.41451099968981,0.06362599742715247,48.27626299811527,802816,16.483480998431332,0.22754499877919443,0.06914299956406467,28.664433000813005,401408,26.374253997346386,0.14715600264025852,0.025421999453101307,0.0,200704,0.0,0.0,0.0,0.0,0
2,chain_4svc,32,96.86346200032858,84.44721299747471,12.416249002853874,2007040,3,28.63942899784888,0.27391900221118703,0.10343600297346711,64.88301499848603,602112,13.72948299831478,0.36464300137595274,0.06153100184747018,47.67101499965065,802816,15.934315000777133,0.2813930004776921,0.06153100184747018,28.830376999394502,401408,26.143986000533914,0.19988699932582676,0.02618999860715121,0.0,200704,0.0,0.0,0.0,0.0,0
2,chain_4svc,33,97.71734699825174,85.10302599825081,12.614321000000928,2007040,3,29.17546399839921,0.2675640025699977,0.20477599900914356,65.17893400086905,602112,14.214393999282038,0.3706499992404133,0.05252100163488649,47.14412899920717,802816,16.161510000529233,0.2635830023791641,0.041765997593756765,28.02181900187861,401408,25.551658000040334,0.1807510016078595,0.027237998438067734,0.0,200704,0.0,0.0,0.0,0.0,0
2,chain_4svc,34,100.29443600069499,88.08792299532797,12.206513005367015,2007040,3,30.242017997807125,0.280554002529243,0.20763900101883337,66.71293800172862,602112,15.374185000837315,0.3870629989251029,0.06725699859089218,47.670387000835035,802816,15.927889999147737,0.25806499979807995,0.039460999687435105,28.91705100046238,401408,26.543829997535795,0.1994680023926776,0.0267489995167125,0.0,200704,0.0,0.0,0.0,0.0,0
2,chain_4svc,35,101.767956999538,88.38502800062997,13.382928998908028,2007040,3,30.794116002653027,0.323645999742439,0.10406499859527685,67.27243999921484,602112,14.962537999963388,0.5291899979056325,0.07724500028416514,47.874604002572596,802816,16.38416599962511,0.2942430000985041,0.04875000013271347,28.353358997264877,401408,26.244207998388447,0.14555000234395266,0.028147002012701705,0.0,200704,0.0,0.0,0.0,0.0,0
2,chain_4svc,36,100.35205500025768,87.11802999823703,13.234025002020644,2007040,3,29.491917997802375,0.3276269999332726,0.20610299907275476,66.98930199854658,602112,14.449481001065578,0.4806500000995584,0.09735899948282167,48.46288100088714,802816,16.19629099877784,0.21692900190828368,0.07703599840169773,29.288049998285715,401408,26.98034000059124,0.17830599972512573,0.02619099905132316,0.0,200704,0.0,0.0,0.0,0.0,0
2,chain_4svc,37,102.06387600192102,88.66278800269356,13.401087999227457,2007040,3,30.136417000903748,0.303671997244237,0.20205200053169392,67.95975200293469,602112,14.221307999832788,0.4048730006616097,0.09212100121658295,49.38828299782472,802816,16.64760800122167,0.191297000128543,0.0443499993707519,29.91809199738782,401408,27.657455000735354,0.1932519990077708,0.03261600068071857,0.0,200704,0.0,0.0,0.0,0.0,0
2,chain_4svc,38,103.26207999969483,89.87063100357773,13.391448996117106,2007040,3,30.56992400161107,0.2660270001797471,0.21189999824855477,68.72912800099584,602112,14.617590000852942,0.40612999873701483,0.06586000017705373,49.925434999749996,802816,17.81473300070502,0.2833479993569199,0.04826099757337943,29.252150998217985,401408,26.868384000408696,0.1333979998889845,0.04036799873574637,0.0,200704,0.0,0.0,0.0,0.0,0
2,chain_4svc,39,106.78754999753437,94.65988599549746,12.127664002036909,2007040,3,29.622590998769738,0.26043999969260767,0.1005019985313993,73.79649300128222,602112,15.308952999475878,0.37099900146131404,0.05964500087429769,54.72006899799453,802816,16.789736997452565,0.24290900182677433,0.048261001211358234,35.30931299974327,401408,32.93860499979928,0.19304300076328218,0.029962000553496182,0.0,200704,0.0,0.0,0.0,0.0,0
2,chain_4svc,40,104.67441899891128,90.61158100303146,14.062837995879818,2007040,3,32.32777000084752,0.48609800069243647,0.09666099867899902,68.458281999483,602112,14.542091001203516,0.4440539996721782,0.05740999768022448,49.519236003106926,802816,16.475727999932133,0.2637919969856739,0.06537200169987045,29.728891000559088,401408,27.26599200104829,0.1525349980511237,0.027728001441573724,0.0,200704,0.0,0.0,0.0,0.0,0
2,chain_4svc,41,101.48097800265532,88.10957199602854,13.371406006626785,2007040,3,29.908871998486575,0.26309399981983006,0.11063000056310557,67.66515900017112,602112,14.409391998924548,0.4177230002824217,0.14352400103234686,48.72290200000862,802816,16.728205999243073,0.1885029996628873,0.04085800173925236,29.377866001595976,401408,27.06310199937434,0.1288579987885896,0.05440699897008017,0.0,200704,0.0,0.0,0.0,0.0,0
2,chain_4svc,42,99.55523200187599,87.7959829995234,11.75924900235259,2007040,3,30.226302998926258,0.32203999944613315,0.5106829994474538,65.77133199971286,602112,14.28723799836007,0.4149999986111652,0.051893002819269896,48.21438300132286,802816,16.463366002426483,0.1939510002557654,0.0400889985030517,29.14173099998152,401408,26.819075999810593,0.15916900156298652,0.0324059983540792,0.0,200704,0.0,0.0,0.0,0.0,0
2,chain_4svc,43,100.06605400121771,88.27209400260472,11.79395999861299,2007040,3,29.850065999198705,0.32245900001726113,0.14219800141290762,67.04245099899708,602112,14.812727000389714,0.3992849997302983,0.05203199907555245,48.45987700173282,802816,16.91440400099964,0.23508699814556167,0.039250997360795736,29.077196999423904,401408,26.69489700201666,0.17481399845564738,0.032894997275434434,0.0,200704,0.0,0.0,0.0,0.0,0
2,chain_4svc,44,96.96082200025558,84.26429800238111,12.696523997874465,2007040,3,28.951902000699192,0.3438300009293016,0.21476299662026577,64.5039139999426,602112,13.750924001215026,0.42805900011444464,0.07067999831633642,47.12596999888774,802816,15.552002001641085,0.22824299958301708,0.05000600140192546,28.371447002427885,401408,26.009469998825807,0.15085800259839743,0.028147002012701705,0.0,200704,0.0,0.0,0.0,0.0,0
2,chain_4svc,45,97.1884360005788,84.6132970036706,12.575138996908208,2007040,3,28.708083998935763,0.35710000156541355,0.18410300253890455,65.09666000056313,602112,13.989084000058938,0.45061800119583495,0.056501998187741265,47.3779599997215,802816,16.03663400237565,0.22377299683284946,0.04204400102025829,28.39554299862357,401408,25.879495002300246,0.16838900046423078,0.027865997253684327,0.0,200704,0.0,0.0,0.0,0.0,0
2,chain_4svc,46,97.71106100015459,84.90055499714799,12.810506003006594,2007040,3,29.38073000041186,0.34578600025270134,0.1778169971657917,65.06858500142698,602112,13.904505998652894,0.41262400191044435,0.054756001190980896,47.24218800038216,802816,16.008347000024514,0.23250300000654534,0.04344199987826869,28.23595399968326,401408,25.606971998058725,0.1595190005900804,0.02912399941124022,0.0,200704,0.0,0.0,0.0,0.0,0
2,chain_4svc,47,95.75598200171953,83.1399179987784,12.61606400294113,2007040,3,28.417752997484058,0.3139380023640115,0.10532099986448884,63.942316999600735,602112,13.888862002204405,0.4189100000075996,0.05321899880073033,46.32949599908898,802816,15.615139000146883,0.22118900233181193,0.04043800072395243,27.84518900080002,401408,25.218163998943055,0.17977300012717023,0.028495000151451677,0.0,200704,0.0,0.0,0.0,0.0,0
2,chain_4svc,48,96.27965599793242,83.65052900626324,12.629126991669182,2007040,3,28.57810800196603,0.3343329990457278,0.17181099974550307,64.26554499921622,602112,13.729553000302985,0.4380469981697388,0.05391700324253179,46.82146100094542,802816,16.179809001187095,0.2339689999644179,0.041904997488018125,27.68322699921555,401408,25.16305900280713,0.1652449973335024,0.02660999962245114,0.0,200704,0.0,0.0,0.0,0.0,0
2,chain_4svc,49,98.69631900073728,86.19919200646109,12.497126994276186,2007040,3,29.097033002472017,0.3332149972266052,0.1040639981511049,66.17990599988843,602112,13.87468400207581,0.40068199814413674,0.05426699863164686,48.632037000061246,802816,16.146493999258382,0.2271250014018733,0.04085800173925236,29.560152997873956,401408,27.08098100265488,0.1555380003992468,0.026958998205373064,0.0,200704,0.0,0.0,0.0,0.0,0
2,chain_4svc,50,100.58288199797971,88.49335399645497,12.08952800152474,2007040,3,30.364239999471465,0.329024998791283,0.11069900210713968,66.81218200174044,602112,14.39626199862687,0.42400900201755576,0.05398700159275904,48.844426000869134,802816,17.21276799798943,0.22908100072527304,0.04162500044913031,28.80921500036493,401408,26.520084000367206,0.15400100164697506,0.026259996957378462,0.0,200704,0.0,0.0,0.0,0.0,0
2,chain_4svc,51,101.41022699826863,89.7924079981749,11.617819000093732,2007040,3,29.874509997171117,0.3668790013762191,0.09442600276088342,68.36204000137514,602112,14.293104999524076,0.40571099816588685,0.05524500011233613,50.57335700257681,802816,16.787013002613094,0.18975999773829244,0.039040998672135174,31.197521999274613,401408,28.83777999886661,0.18892200023401529,0.028566002583829686,0.0,200704,0.0,0.0,0.0,0.0,0
2,chain_4svc,52,103.39610599839943,91.91350200489978,11.482603993499652,2007040,3,31.388679002702702,0.3392909966350999,0.13549299910664558,68.87279200236662,602112,15.01687500058324,0.37945000076433644,0.053918000048724934,50.309494999964954,802816,16.633850002108375,0.2171380001527723,0.039878999814391136,31.11776299920166,401408,28.874097999505466,0.15965800048434176,0.027237998438067734,0.0,200704,0.0,0.0,0.0,0.0,0
2,chain_4svc,53,100.27187700325157,87.82014899770729,12.451728005544282,2007040,3,30.639346998214023,0.2634430020407308,0.18207700122729875,66.4230239999597,602112,14.78639699780615,0.3659009998955298,0.05496499943546951,48.07204700045986,802816,16.534115999093046,0.2809029974741861,0.04525800250121392,28.577899000083562,401408,25.860289002594072,0.18172799900639802,0.027237998438067734,0.0,200704,0.0,0.0,0.0,0.0,0
2,chain_4svc,54,96.60253400215879,85.18551000088337,11.417024001275422,2007040,3,28.819551000196952,0.3353099964442663,0.19388100190553814,64.49504500051262,602112,13.979934999952093,0.35423699955572374,0.05510499977390282,47.23261899926001,802816,16.23658999960753,0.22663599884253927,0.039670001569902524,28.317039999819826,401408,26.149434001126792,0.14317499881144613,0.02605099871288985,0.0,200704,0.0,0.0,0.0,0.0,0
2,chain_4svc,55,92.66569700048422,80.57777400244959,12.087922998034628,2007040,3,28.895540002849884,0.28201999884913675,0.11886999709531665,60.38080900179921,602112,12.85436599937384,0.3486500027065631,0.05049600076745264,44.26581299776444,802816,15.117515999008901,0.2142750017810613,0.06285799827310257,26.3008500005526,401408,23.71035200121696,0.16154399781953543,0.024722998205106705,0.0,200704,0.0,0.0,0.0,0.0,0
2,chain_4svc,56,87.55202599786571,75.50957000421477,12.042455993650947,2007040,3,25.593842001399025,0.2614879995235242,0.15798199819982983,58.81488799786894,602112,12.049789998854976,0.354725998477079,0.05014600174035877,43.18375499860849,802816,14.153980002447497,0.22454099962487817,0.038761998439440504,26.232475000142585,401408,23.711958001513267,0.15847000031499192,0.02563199814176187,0.0,200704,0.0,0.0,0.0,0.0,0
2,chain_4svc,57,87.7009289979469,75.51983699886478,12.181091999082128,2007040,3,25.695951000670902,0.267213999904925,0.09344800128019415,58.52008699730504,602112,12.104405999707524,0.34313200012547895,0.05265999789116904,42.877359999693,802816,14.15202499993029,0.2185340017604176,0.04420999903231859,25.921189997461624,401408,23.56745499855606,0.14932200065231882,0.024444998416583985,0.0,200704,0.0,0.0,0.0,0.0,0
2,chain_4svc,58,87.14743399832514,75.61314699341892,11.534287004906218,2007040,3,25.310983997769654,0.2590420008345973,0.09135300206253305,58.66535699897213,602112,12.208609998197062,0.3253920003771782,0.05517500176210888,43.1342379997659,802816,14.413372999115381,0.287189002847299,0.0379939992853906,25.740998997207498,401408,23.680179998336826,0.14729600297869183,0.025142999220406637,0.0,200704,0.0,0.0,0.0,0.0,0
2,chain_4svc,59,90.65160099999048,77.70427600189578,12.9473249980947,2007040,3,26.420699003210757,0.2886549991671927,0.18312499742023647,60.73839900273015,602112,12.664605997997569,0.3607319995353464,0.05028600207879208,44.344246001855936,802816,14.70670700291521,0.23962699924595654,0.0372260001313407,26.710751000791788,401408,23.912263997772243,0.15944900223985314,0.024373999622184783,0.0,200704,0.0,0.0,0.0,0.0,0
2,chain_4svc,60,89.56332800153177,76.90053800251917,12.662789999012602,2007040,3,26.462604000698775,0.29480099692591466,0.17753700012690388,59.68651200237218,602112,12.027649998344714,0.3504650012473576,0.051473001803969964,43.98958899764693,802816,14.75936800125055,0.2237029984826222,0.039599999581696466,26.19496999977855,401408,23.65091600222513,0.17222999667865224,0.025702000129967928,0.0,200704,0.0,0.0,0.0,0.0,0
2,chain_4svc,61,88.26343399778125,76.01725000495207,12.246183992829174,2007040,3,25.77298700271058,0.26330299806431867,0.09400699855177663,59.35699899782776,602112,12.418762999004684,0.3797290009970311,0.048261001211358234,43.020534998504445,802816,14.034202002221718,0.22656699729850516,0.06006399780744687,26.117026998690562,401408,23.791298001015093,0.1806109976314474,0.025282999558839947,0.0,200704,0.0,0.0,0.0,0.0,0
2,chain_4svc,62,89.64252800069517,77.30499100216548,12.337536998529686,2007040,3,26.563105999230174,0.2735699999902863,0.18019100025412627,59.43529199794284,602112,12.250584000867093,0.3628979975474067,0.051613002142403275,43.49161800200818,802816,14.792682999541285,0.22517000252264552,0.0400889985030517,25.934670000424376,401408,23.698618002526928,0.15791199984960258,0.024863998987711966,0.0,200704,0.0,0.0,0.0,0.0,0
2,chain_4svc,63,88.95856900198851,77.30268799787154,11.655881004116964,2007040,3,25.86538800096605,0.26923899713438004,0.17306700101471506,59.38919600157533,602112,12.539868999738246,0.41555799907655455,0.04902900036540814,43.31331199864508,802816,14.854562999971677,0.21196899979258887,0.03771500269067474,25.907500999892363,401408,24.04286799719557,0.15784200149937533,0.026190002245130017,0.0,200704,0.0,0.0,0.0,0.0,0
2,chain_4svc,64,90.05103299932671,77.70839699878707,12.342636000539642,2007040,3,26.304063001589384,0.27517600028659217,0.18598799942992628,60.56589000218082,602112,12.531418000435224,0.46256200221250765,0.07291399742825888,44.02856100205099,802816,14.886270997521933,0.2554810016590636,0.057131001085508615,26.398769001389155,401408,23.986644999240525,0.16929599951254204,0.027658003091346473,0.0,200704,0.0,0.0,0.0,0.0,0
2,chain_4svc,65,93.89302500130725,80.57428199754213,13.318743003765121,2007040,3,27.76731599806226,0.333215000864584,0.23459899966837838,62.69124299797113,602112,13.849470997229218,0.40305700167664327,0.056711000070208684,44.12340500130085,802816,14.836614001978887,0.23403899831464514,0.056711000070208684,26.53984800053877,401408,24.120881000271766,0.16056599997682497,0.02633099938975647,0.0,200704,0.0,0.0,0.0,0.0,0
2,chain_4svc,66,90.2942919965426,77.83348400334944,12.460807993193157,2007040,3,26.703696999902604,0.38866899922140874,0.20065500211785547,59.92034300288651,602112,12.369944000965916,0.43574200026341714,0.05238200174062513,43.877702999452595,802816,15.023510000901297,0.2209089980169665,0.03855300019495189,26.128341000003275,401408,23.736333001579624,0.15588599853799678,0.03191699943272397,0.0,200704,0.0,0.0,0.0,0.0,0
2,chain_4svc,67,89.74240199677297,77.54196500172839,12.200436995044583,2007040,3,26.728560998890316,0.26204599998891354,0.16901699927984737,59.46574299741769,602112,12.133111002185615,0.35591299820225686,0.047981000534491614,43.68745399915497,802816,14.693996999994852,0.2314550001756288,0.0400889985030517,26.200418000371428,401408,23.986296000657603,0.1463189983041957,0.0267489995167125,0.0,200704,0.0,0.0,0.0,0.0,0
2,chain_4svc,68,90.58155000093393,78.23297700088006,12.348573000053875,2007040,3,27.089572002296336,0.26965899814968,0.07996899876161478,60.063379001803696,602112,12.352622998150764,0.3337740017741453,0.051683000492630526,44.16091100210906,802816,14.871114999550628,0.21881499924347736,0.059574998886091635,26.176602001214633,401408,23.919667000882328,0.14799400014453568,0.024933997337939218,0.0,200704,0.0,0.0,0.0,0.0,0
2,chain_4svc,69,88.30058999956236,76.67962800405803,11.62096199550433,2007040,3,26.166892999754054,0.29186900064814836,0.09365799996885471,59.18316400129697,602112,12.652244000491919,0.3736530015885364,0.05279999822960235,43.00209699795232,802816,14.427900001464877,0.23892799799796194,0.045256998419063166,25.742744997842237,401408,23.43259100234718,0.147714999911841,0.0253529979090672,0.0,200704,0.0,0.0,0.0,0.0,0
2,chain_4svc,70,92.302100998495,81.49982200120576,10.80227899728925,2007040,3,26.503670000238344,0.29151999842724763,0.08010800229385495,62.58145099855028,602112,12.693101001787,0.3703010006574914,0.06956299694138579,46.76014000142459,802816,15.308183999877656,0.21853500220458955,0.038762998883612454,29.034036000666674,401408,26.994866999302758,0.12348100062808953,0.027308000426273793,0.0,200704,0.0,0.0,0.0,0.0,0
2,chain_4svc,71,90.97671500057913,78.71446600256604,12.262248998013092,2007040,3,26.791698001034092,0.2651190006872639,0.18473099771654233,60.87445000230218,602112,12.63254900186439,0.3603829973144457,0.050983999244635925,44.437833999836585,802816,14.800783999817213,0.24570300229243003,0.03855300019495189,26.862168000661768,401408,24.489434999850346,0.17893499898491427,0.024794000637484714,0.0,200704,0.0,0.0,0.0,0.0,0
2,chain_4svc,72,90.11514800295117,77.20644499568152,12.90870300726965,2007040,3,26.364475997979753,0.2734300032898318,0.22167800125316717,60.1990110008046,602112,12.257569000212243,0.36289700074121356,0.050635000661714,44.02318299980834,802816,14.976366997871082,0.2628840011311695,0.0478410001960583,26.08867100207135,401408,23.608032999618445,0.2156709997507278,0.025632001779740676,0.0,200704,0.0,0.0,0.0,0.0,0
2,chain_4svc,73,88.52031200149213,76.54762700622086,11.972684995271266,2007040,3,25.6431510024413,0.2869789968826808,0.2152519991795998,59.68581399793038,602112,12.34864200159791,0.35926599957747385,0.053289997595129535,43.7287299973832,802816,14.35065400073654,0.19122700177831575,0.036527999327518046,26.676668003347004,401408,24.205180001445115,0.15847099712118506,0.03191699943272397,0.0,200704,0.0,0.0,0.0,0.0,0
2,chain_4svc,74,88.42735299913329,76.94390899996506,11.48344399916823,2007040,3,25.477626000792952,0.2640009988681413,0.09645200043451041,59.84030399849871,602112,12.141491999500431,0.40948199966805987,0.04993699985789135,44.263019000936765,802816,14.553335000528023,0.21629999901051633,0.03925100099877454,27.248182999755954,401408,24.771455999143654,0.18822399943019263,0.025213001208612695,0.0,200704,0.0,0.0,0.0,0.0,0
2,chain_4svc,75,89.44459700069274,78.21237600364839,11.232220997044351,2007040,3,25.745050003024517,0.2600209991214797,0.16559399955440313,60.54472799951327,602112,12.486371000704821,0.3696019994094968,0.05203199907555245,44.532330000947695,802816,14.769007000722922,0.21343600019463338,0.03897200076607987,27.375993002351606,401408,25.211947999196127,0.13269899864098988,0.025841000024229288,0.0,200704,0.0,0.0,0.0,0.0,0
2,chain_4svc,76,97.98777399919345,85.5255690003105,12.462204998882953,2007040,3,26.250563998473808,0.2793669991660863,0.1933920029841829,68.22857299994212,602112,13.379995001741918,0.5102629984321538,0.05287000021780841,50.94086499957484,802816,16.96510900001158,0.25387500136275776,0.04686399915954098,31.469625002500834,401408,28.92990100008319,0.17460399976698682,0.02870499884011224,0.0,200704,0.0,0.0,0.0,0.0,0
2,chain_4svc,77,95.19410600114497,80.70844699977897,14.485659001366002,2007040,3,26.381168001535116,0.3133099999104161,0.08828000136418268,64.26687100247364,602112,13.13883100010571,0.6546260010509286,0.05426699863164686,46.93558199869585,802816,15.25412699993467,0.3124720024061389,0.07116899723769166,28.686433000984835,401408,25.934320998203475,0.19471799896564335,0.025213001208612695,0.0,200704,0.0,0.0,0.0,0.0,0
2,chain_4svc,78,92.88241499962169,80.72681600242504,12.155598997196648,2007040,3,27.781704000517493,0.2994110000145156,0.09973399937734939,61.84385300002759,602112,12.621584002772579,0.4367199981061276,0.06914299956406467,45.56717399827903,802816,15.148665999731747,0.25883300259010866,0.05796899858978577,27.58209600142436,401408,25.17486199940322,0.18766500215861015,0.030031998903723434,0.0,200704,0.0,0.0,0.0,0.0,0
2,chain_4svc,79,89.41114299886976,77.24925699585583,12.161886003013933,2007040,3,26.168221000261838,0.30003999927430414,0.20861699886154383,60.19754400040256,602112,12.804568999854382,0.3760979998332914,0.06159999975352548,43.61398100081715,802816,14.054874998691957,0.22014199930708855,0.0562919994990807,26.557309000054374,401408,24.221591997047653,0.19010899995919317,0.025702000129967928,0.0,200704,0.0,0.0,0.0,0.0,0
2,chain_4svc,80,94.57963800014113,82.71269499527989,11.866943004861241,2007040,3,28.50463499999023,0.29403300140984356,0.20924599812133238,62.45126599969808,602112,13.05613899967284,0.4209360013192054,0.051192997489124537,45.85324499930721,802816,14.882149996992666,0.23739200332784094,0.03764400025829673,28.21053200023016,401408,26.269770998624153,0.1463879998482298,0.025213001208612695,0.0,200704,0.0,0.0,0.0,0.0,0
2,chain_4svc,81,90.19337000063388,78.86399800190702,11.329371998726856,2007040,3,27.39834300155053,0.25338499835925177,0.18382399866823107,59.492493001016555,602112,12.330134002695559,0.3701610003190581,0.05335899913916364,43.723352002416505,802816,14.788422999117756,0.20428700008778833,0.04323200118960813,26.459740001882892,401408,24.347097998543177,0.18438200277159922,0.024723998649278656,0.0,200704,0.0,0.0,0.0,0.0,0
2,chain_4svc,82,92.01637899968773,80.50395100508467,11.512427994603058,2007040,3,27.68804600054864,0.32294799893861637,0.1889909981400706,60.882551999384305,602112,12.310509002418257,0.3371259990672115,0.051123999583069235,45.16816799878143,802816,15.42209600302158,0.22963999799685553,0.05817799683427438,27.272488001472084,401408,25.083299999096198,0.15455999891855754,0.025702000129967928,0.0,200704,0.0,0.0,0.0,0.0,0
2,chain_4svc,83,88.53029899910325,76.26972699654289,12.260572002560366,2007040,3,26.07791499758605,0.25806499979807995,0.20310000036261044,59.102705999976024,602112,12.107198999729007,0.34592599695315585,0.060064001445425674,43.00845300167566,802816,14.227733998268377,0.21413400099845603,0.07403200288536027,26.068555998790544,401408,23.856879000959452,0.15812199853826314,0.025561999791534618,0.0,200704,0.0,0.0,0.0,0.0,0
2,chain_4svc,84,91.59069299857947,79.47343700288911,12.117255995690357,2007040,3,27.235961002588738,0.2944529987871647,0.2220959977421444,60.82304699884844,602112,12.804848000087077,0.36387500222190283,0.050914997700601816,44.42477300108294,802816,14.821806998952525,0.2668650013220031,0.06341699918266386,27.047736999520566,401408,24.610821001260774,0.1546989988128189,0.03149799886159599,0.0,200704,0.0,0.0,0.0,0.0,0
2,chain_4svc,85,92.2411989995453,79.8354950020439,12.405703997501405,2007040,3,27.433891998953186,0.3110050020040944,0.13528300041798502,61.580339999636635,602112,12.146241002483293,0.3541669975675177,0.08206399797927588,45.006344000285026,802816,16.013795000617392,0.2653980009199586,0.0407879997510463,26.313282000046456,401408,24.241566999990027,0.1482740008214023,0.02612100070109591,0.0,200704,0.0,0.0,0.0,0.0,0
2,chain_4svc,86,88.75980000084382,77.8412350009603,10.918564999883529,2007040,3,26.188334999460494,0.35346900040167384,0.17565199959790334,59.28562199915177,602112,12.548319002235075,0.3663200004666578,0.051404000259935856,43.48414500054787,802816,14.20929500091006,0.19897899983334355,0.04008999894722365,26.86447299856809,401408,24.895285998354666,0.1477150035498198,0.028146001568529755,0.0,200704,0.0,0.0,0.0,0.0,0
2,chain_4svc,87,91.94129900060943,80.16109799791593,11.780201002693502,2007040,3,27.811526000732556,0.4797429974132683,0.1723000023048371,60.35629499820061,602112,12.96876699780114,0.3663890020106919,0.05035600042901933,43.99007800020627,802816,14.800714998273179,0.19779200010816567,0.03848200140055269,26.812719999725232,401408,24.580090001109056,0.16776000120444223,0.027517999114934355,0.0,200704,0.0,0.0,0.0,0.0,0
2,chain_4svc,88,92.84777399807354,80.84652600155096,12.00124799652258,2007040,3,28.716395998344524,0.34222400063299574,0.10678800026653334,60.75138900268939,602112,12.606289001269033,0.3531889997248072,0.059155998314963654,44.739618999301456,802816,14.529799002048094,0.19367099957889877,0.05782799780718051,27.489975000207778,401408,24.994041999889305,0.15497899948968552,0.02660899917827919,0.0,200704,0.0,0.0,0.0,0.0,0
2,chain_4svc,89,90.18310399915208,78.34849500432028,11.834608994831797,2007040,3,27.629239000816597,0.33237699972232804,0.1604270000825636,59.35399699956179,602112,12.709793001704384,0.3219009995518718,0.050565999117679894,42.88609099967289,802816,14.273410000896547,0.22810299924458377,0.05517500176210888,25.80923400091706,401408,23.736053000902757,0.1497410012234468,0.02605099871288985,0.0,200704,0.0,0.0,0.0,0.0,0
2,chain_4svc,90,86.97254999788129,75.08143900122377,11.891110996657517,2007040,3,25.548863999574678,0.3418060005060397,0.17453400141675957,57.983631999377394,602112,12.454032999812625,0.3792400020756759,0.05245099964668043,41.970745001890464,802816,13.602161001472268,0.2411639979982283,0.0619489983364474,25.953387001209194,401408,23.4763810003642,0.15707400234532543,0.02856599894585088,0.0,200704,0.0,0.0,0.0,0.0,0
2,chain_4svc,91,88.58484600204974,77.45836399772088,11.126482004328864,2007040,3,25.37237499927869,0.31861800016486086,0.1040640017890837,60.09913699745084,602112,12.41268699959619,0.389647000702098,0.05189299918129109,44.64659099903656,802816,14.915743999154074,0.19520800196914934,0.03785399894695729,27.433332998043625,401408,24.757557999691926,0.18556999930297025,0.026609002816258,0.0,200704,0.0,0.0,0.0,0.0,0
2,chain_4svc,92,90.2191409986699,77.43021799979033,12.78892299887957,2007040,3,25.862034999590833,0.32713800101191737,0.33167799847433344,60.919777999515645,602112,12.653082998440368,0.4956660013704095,0.07815299977664836,44.11621200051741,802816,14.145809000183363,0.3005290018336382,0.05105400123284198,27.251255996816326,401408,24.769291001575766,0.16203300037886947,0.024443997972412035,0.0,200704,0.0,0.0,0.0,0.0,0
2,chain_4svc,93,90.309168001113,78.39382300153375,11.915344999579247,2007040,3,26.98348299963982,0.31771000067237765,0.17299800310865976,60.0726670018048,602112,12.788994001311949,0.34026900175376795,0.05447699732030742,43.53142800027854,802816,14.261816002544947,0.19660499674500898,0.04106699998374097,26.491726999665843,401408,24.359529998037033,0.1505090003774967,0.02905400106101297,0.0,200704,0.0,0.0,0.0,0.0,0
2,chain_4svc,94,91.90407200003392,78.98901500084321,12.91505699919071,2007040,3,26.230171002680436,0.3939769994758535,0.18605799778015353,62.37856100051431,602112,12.684370998613304,0.40235800042864867,0.0505660027556587,45.76643199834507,802816,15.429430000949651,0.24276999829453416,0.039739999920129776,27.477613002702128,401408,24.64504299859982,0.20477600264712237,0.024723998649278656,0.0,200704,0.0,0.0,0.0,0.0,0
2,chain_4svc,95,91.00493100049789,78.60202199663036,12.402909003867535,2007040,3,26.5338419994805,0.3368460020283237,0.08527699901605956,61.05422300242935,602112,13.119485000061104,0.32294799893861637,0.048540001444052905,44.468703999882564,802816,14.996550999057945,0.21762699907412753,0.037155001336941496,26.75970999916899,401408,23.952143998030806,0.14939100219635293,0.025702000129967928,0.0,200704,0.0,0.0,0.0,0.0,0
2,chain_4svc,96,90.58224900218192,78.11682999818004,12.465419004001888,2007040,3,25.711177000630414,0.279645999398781,0.1040639981511049,61.81263400139869,602112,12.554185999761103,0.40990100023918785,0.0639749996480532,45.27167299966095,802816,14.808885996899335,0.2466810001351405,0.03911100066034123,27.44366999831982,401408,25.042581000889186,0.19464899742160924,0.02577199848019518,0.0,200704,0.0,0.0,0.0,0.0,0
2,chain_4svc,97,89.61759500016342,77.43692100120825,12.180673998955172,2007040,3,25.99710899812635,0.2853030018741265,0.12257200069143437,60.26927099810564,602112,12.436782002623659,0.36890399860567413,0.047911998990457505,43.92889700102387,802816,14.683100998809095,0.20589400082826614,0.05321900243870914,26.6366489995562,401408,24.319929001649143,0.15309299851651303,0.02598199716885574,0.0,200704,0.0,0.0,0.0,0.0,0
2,chain_4svc,98,91.40735899927677,78.5960149987659,12.811344000510871,2007040,3,26.671499999793014,0.37707600131398067,0.21029299750807695,61.02579700018396,602112,12.556212001072709,0.5793370000901632,0.050565999117679894,44.598888998734765,802816,14.74183800019091,0.2325729983567726,0.03806400127359666,27.126657998451265,401408,24.626464997709263,0.12753100236295722,0.025631001335568726,0.0,200704,0.0,0.0,0.0,0.0,0
2,chain_4svc,99,89.78968500014162,78.46848200279055,11.321202997351065,2007040,3,26.16193400172051,0.27433899958850816,0.185081000381615,60.334573998261476,602112,12.882860999525292,0.3235770018363837,0.051123999583069235,44.22858799807727,802816,14.962397999624955,0.22139800057630055,0.03897200076607987,26.608154003042728,401408,24.461289001919795,0.1455509991501458,0.025282999558839947,0.0,200704,0.0,0.0,0.0,0.0,0
2,chain_4svc,100,89.80288499878952,77.9594060004456,11.843478998343926,2007040,3,26.216900001600152,0.3292339970357716,0.08353099838132039,60.1339189997816,602112,12.896898999315454,0.34816100014722906,0.04944800093653612,43.67236800317187,802816,14.221517001715256,0.19080799756920896,0.03953099803766236,26.915108002867782,401408,24.624089997814735,0.14541000200551935,0.024305001716129482,0.0,200704,0.0,0.0,0.0,0.0,0
2,chain_4svc,101,89.2336750002869,77.00180799656664,12.231867003720254,2007040,3,25.81754600032582,0.2566679977462627,0.17628000205149874,60.13894699935918,602112,12.25337799769477,0.4021480017399881,0.05915600195294246,44.15665099804755,802816,14.11095799994655,0.2093860020977445,0.04057799742440693,27.419854002801003,401408,24.8199259985995,0.18885200188378803,0.025561999791534618,0.0,200704,0.0,0.0,0.0,0.0,0
2,chain_4svc,102,91.91168600227684,79.47183099531685,12.439855006959988,2007040,3,26.519873998040566,0.2668650013220031,0.0807370015536435,62.3588659982488,602112,13.770898996881442,0.39726000250084326,0.051613002142403275,44.97212299975217,802816,14.68631399984588,0.18885200188378803,0.03813399962382391,27.3975039999641,401408,24.494744000548963,0.16790000154287554,0.03149799886159599,0.0,200704,0.0,0.0,0.0,0.0,0
2,chain_4svc,103,91.53363199948217,78.00047600539983,13.533155994082335,2007040,3,25.855609001155244,0.25520200142636895,0.11223599722143263,62.230567000369774,602112,13.067941999906907,0.580034997256007,0.06537200169987045,44.63429799943697,802816,14.913440001691924,0.21490299695869908,0.03806300082942471,26.712566999776755,401408,24.163485002645757,0.15651499779778533,0.025561999791534618,0.0,200704,0.0,0.0,0.0,0.0,0
2,chain_4svc,104,91.21564300221507,78.68771799621754,12.527925005997531,2007040,3,26.750001998152584,0.29473199901985936,0.23571600104332902,60.89652100126841,602112,12.815673999284627,0.3941870018024929,0.04937799894833006,44.36422099752235,802816,14.109072999417549,0.23417900229105726,0.03862199810100719,27.65480100060813,401408,25.012968999362784,0.14743599967914633,0.02626100103952922,0.0,200704,0.0,0.0,0.0,0.0,0
2,chain_4svc,105,92.93095499742776,79.91350800148211,13.017446995945647,2007040,3,26.792186999955447,0.2702870006032754,0.1771179995557759,62.6582770019013,602112,13.736815999436658,0.4496410001593176,0.057550001656636596,44.52499600301962,802816,14.915883002686314,0.24381799812545069,0.0576899983570911,26.59481400041841,401408,24.468621999403695,0.20945600044797175,0.026749999960884452,0.0,200704,0.0,0.0,0.0,0.0,0
2,chain_4svc,106,93.4583999987808,80.67373599624261,12.784664002538193,2007040,3,27.58251499835751,0.46423800085904077,0.11014100164175034,61.94156199853751,602112,13.279841998155462,0.4006810013379436,0.05608300125459209,44.54664700097055,802816,14.819432999502169,0.1857089991972316,0.03778400059673004,27.111990999401314,401408,24.991946000227472,0.1469470007577911,0.023955999495228752,0.0,200704,0.0,0.0,0.0,0.0,0
2,chain_4svc,107,92.00939499714877,79.85498000198277,12.154414995166007,2007040,3,26.977894998708507,0.2654689997143578,0.09582300117472187,61.64969299788936,602112,13.116621001245221,0.4652860006899573,0.0576899983570911,44.67187299815123,802816,15.424681001604768,0.26162699941778556,0.03764500070246868,26.486699000088265,401408,24.33578300042427,0.15721400268375874,0.025212997570633888,0.0,200704,0.0,0.0,0.0,0.0,0
2,chain_4svc,108,90.5895120013156,79.14881200122181,11.440700000093784,2007040,3,26.61758300018846,0.27503599994815886,0.15134699788177386,60.86159999904339,602112,12.853806998464279,0.4154880007263273,0.051123999583069235,44.503483997687,802816,15.878721002081875,0.22733500009053387,0.056362998293479905,25.99689900307567,401408,23.7987010004872,0.14310600090539083,0.02660999962245114,0.0,200704,0.0,0.0,0.0,0.0,0
2,chain_4svc,109,93.15919800064876,81.33520699630026,11.8239910043485,2007040,3,27.635595000901958,0.2885859976231586,0.08527699901605956,62.3391699991771,602112,13.699450999411056,0.3896469970641192,0.049238002247875556,44.929449999472126,802816,15.380749999167165,0.19513799998094328,0.039949001802597195,26.979362999554724,401408,24.61941099682008,0.14722600099048577,0.04539700239547528,0.0,200704,0.0,0.0,0.0,0.0,0
2,chain_4svc,110,92.86174299995764,80.03698900574818,12.824753994209459,2007040,3,27.41992400115123,0.2722429999266751,0.1854999973147642,62.178675001632655,602112,13.021566999668721,0.39830700188758783,0.05224199776421301,45.20497499834164,802816,14.975738002249273,0.3323759992781561,0.03855300019495189,27.285757998470217,401408,24.61976000267896,0.19925899687223136,0.024723998649278656,0.0,200704,0.0,0.0,0.0,0.0,0
2,chain_4svc,111,94.03459399982239,82.3192059979192,11.715388001903193,2007040,3,28.35901499929605,0.2848149997589644,0.08688299931236543,62.23231300100451,602112,13.397943999734707,0.38727299761376344,0.06341600237647071,45.054047001030995,802816,15.933965998556232,0.22286500097834505,0.03904200275428593,26.9354320007551,401408,24.62828100033221,0.15756299762870185,0.027588001103140414,0.0,200704,0.0,0.0,0.0,0.0,0
2,chain_4svc,112,89.22780799912289,76.45299199793953,12.774816001183353,2007040,3,25.788281996938167,0.2572270022938028,0.09016600233735517,60.24294199960423,602112,12.147986999480054,0.39244000072358176,0.08003900074982084,44.04497400173568,802816,14.185689000441926,0.2562490008131135,0.06844499876024202,27.01742599674617,401408,24.331034001079388,0.16706200040061958,0.0253529979090672,0.0,200704,0.0,0.0,0.0,0.0,0
2,chain_4svc,113,91.78387499923701,79.55948100061505,12.224393998621963,2007040,3,26.464489001227776,0.2933349969680421,0.15225500101223588,62.03047000235529,602112,13.263707998703467,0.37665600029868074,0.051125000027241185,45.13094199865009,802816,15.568275000987342,0.22230600006878376,0.04001900015282445,26.79421200082288,401408,24.263008999696467,0.15951800014590845,0.02905400106101297,0.0,200704,0.0,0.0,0.0,0.0,0
2,chain_4svc,114,91.64447200237191,79.9425630029873,11.701908999384614,2007040,3,27.27486300136661,0.26623599842423573,0.10574000043561682,61.04751800012309,602112,13.25302199984435,0.43287899825372733,0.05580400102189742,44.219647999852896,802816,14.599919999454869,0.1975820014195051,0.039459999243263155,26.995145999535453,401408,24.81475800232147,0.19213499763282016,0.024095999833662063,0.0,200704,0.0,0.0,0.0,0.0,0
2,chain_4svc,115,93.67253500022343,82.74482300475938,10.927711995464051,2007040,3,28.335200000583427,0.269657997705508,0.15923899991321377,62.41844100077287,602112,13.349544002267066,0.3594049994717352,0.04825999712920748,45.595599000080256,802816,15.1756250015751,0.24228099937317893,0.038622998545179144,28.07168700019247,401408,25.88445400033379,0.14925199866411276,0.025352001102874056,0.0,200704,0.0,0.0,0.0,0.0,0
2,chain_4svc,116,94.11295700192568,80.71333699990646,13.399620002019219,2007040,3,28.171699999802513,0.3961420006817207,0.14862299940432422,62.05051500000991,602112,13.24324499728391,0.4863070025749039,0.05412700193119235,44.52688200035482,802816,15.55172300140839,0.22963899755268358,0.057270000979769975,26.06031499817618,401408,23.746669001411647,0.17600099818082526,0.02626100103952922,0.0,200704,0.0,0.0,0.0,0.0,0
2,chain_4svc,117,93.41698400021414,79.47706800041487,13.939915999799268,2007040,3,26.779335999890463,0.28201999884913675,0.1365409989375621,62.78881099933642,602112,12.953191999258706,0.408294999942882,0.05259099998511374,45.77194900048198,802816,14.835844998742687,0.2590430012787692,0.038622998545179144,27.813831002276856,401408,24.908695002523018,0.1792839975678362,0.025702000129967928,0.0,200704,0.0,0.0,0.0,0.0,0
2,chain_4svc,118,92.88506899974891,80.99018799839541,11.894881001353497,2007040,3,26.8225670006359,0.2876780017686542,0.08150499706971459,62.77274699823465,602112,13.008087000343949,0.36981199809815735,0.048820002120919526,46.2867530004587,802816,16.21445099954144,0.2786679979180917,0.039949001802597195,27.33527599775698,401408,24.945082997874124,0.1680390014371369,0.02612100070109591,0.0,200704,0.0,0.0,0.0,0.0,0
2,chain_4svc,119,91.24881800016738,79.01946600031806,12.229351999849314,2007040,3,26.57861099942238,0.2668649976840243,0.17739800023264252,61.40412999957334,602112,12.614390001544962,0.4025679991173092,0.06627999755437486,44.74401900006342,802816,15.13204400180257,0.20770899936906062,0.04022899884148501,26.90162799990503,401408,24.69442099754815,0.12648399933823384,0.0259810003626626,0.0,200704,0.0,0.0,0.0,0.0,0
2,chain_4svc,120,94.65988600277342,82.22191700042458,12.437969002348837,2007040,3,27.78156400017906,0.321621002512984,0.11181699665030465,63.35515799946734,602112,14.087421001022449,0.43336799717508256,0.05014600174035877,45.69714900208055,802816,15.934036000544438,0.25883299895212986,0.062438997701974586,26.963508000335423,401408,24.418895998678636,0.16796900308690965,0.025002998881973326,0.0,200704,0.0,0.0,0.0,0.0,0
2,chain_4svc,121,91.05556499707745,77.74080299714115,13.314761999936309,2007040,3,26.083433000167133,0.2704960024857428,0.09687099736765958,61.171486999228364,602112,12.096303998987423,0.37162700027693063,0.0842990011733491,45.15427000296768,802816,14.602712999476353,0.2695889997994527,0.05594300091615878,27.496050999616273,401408,24.958352998510236,0.19087699911324307,0.025213001208612695,0.0,200704,0.0,0.0,0.0,0.0,0
2,chain_4svc,122,89.34081199913635,77.51318900409387,11.827622995042475,2007040,3,25.794077999307774,0.32525300048291683,0.11139799971715547,60.23469999854569,602112,12.990557002922287,0.4350439994595945,0.06676899647573009,43.70959400330321,802816,14.322439001261955,0.2109219967678655,0.03820400161202997,26.549976002570475,401408,24.406115000601858,0.12452699957066216,0.030520997825078666,0.0,200704,0.0,0.0,0.0,0.0,0
2,chain_4svc,123,89.40702200197848,77.32908700199914,12.077934999979334,2007040,3,25.705380001454614,0.26218600032734685,0.09086399950319901,60.51539400141337,602112,13.194006998674013,0.4511070001171902,0.05245099964668043,43.817918998684036,802816,14.233041001716629,0.20512499759206548,0.03869200008921325,27.01372500087018,401408,24.196659000153886,0.15875000099185854,0.02570199649198912,0.0,200704,0.0,0.0,0.0,0.0,0
2,chain_4svc,124,88.85059299791465,76.87777000319329,11.972822994721355,2007040,3,25.697906999994302,0.25806499979807995,0.19646500004455447,59.82200599828502,602112,12.715521002974128,0.37518899989663623,0.04902899672742933,43.646456997521454,802816,14.17283699993277,0.22970999998506159,0.04092800008947961,26.59250899887411,401408,24.29150500029209,0.17586100148037076,0.024373999622184783,0.0,200704,0.0,0.0,0.0,0.0,0
2,chain_4svc,125,90.3168500008178,77.28864800083102,13.028201999986777,2007040,3,26.73638300257153,0.3124719987681601,0.08702299965079874,60.39393999890308,602112,12.571856001159176,0.416954997490393,0.04895899837720208,43.800527000712464,802816,14.131980999081861,0.2822999995260034,0.038622001738986,26.621074001013767,401408,23.84842799801845,0.19869999960064888,0.07214700235635974,0.0,200704,0.0,0.0,0.0,0.0,0
2,chain_4svc,126,88.41603800101439,76.20463599960203,12.211402001412353,2007040,3,25.831863000348676,0.2661669968802016,0.10986100096488371,59.29106900293846,602112,12.270279999938793,0.3668789977382403,0.06516199937323108,43.21853699730127,802816,14.181218997691758,0.2689600005396642,0.036737001209985465,26.458971999090863,401408,23.921274001622805,0.1917849986057263,0.02535199746489525,0.0,200704,0.0,0.0,0.0,0.0,0
2,chain_4svc,127,93.71702399948845,82.33576000202447,11.381263997463975,2007040,3,26.043833000585437,0.29438300043693744,0.1731369993649423,64.68864600174129,602112,13.98307799900067,0.38790100006735884,0.06439400021918118,46.9035950009129,802816,16.248324001935543,0.19080800120718777,0.03757399827009067,28.29420200214372,401408,26.06052500050282,0.15092799731064588,0.027656999009195715,0.0,200704,0.0,0.0,0.0,0.0,0
2,chain_4svc,128,92.23868499975652,81.050183995103,11.188501004653517,2007040,3,28.211998996994225,0.2716840026550926,0.0927500004763715,61.086630001227604,602112,13.204972001403803,0.3970500001742039,0.04944700049236417,44.34312699959264,802816,15.231148998282151,0.2609289986139629,0.03624800228863023,26.701113001763588,401408,24.40206399842282,0.1574929992784746,0.025702000129967928,0.0,200704,0.0,0.0,0.0,0.0,0
2,chain_4svc,129,92.2753510021721,79.83556500039413,12.439786001777975,2007040,3,26.482229000976076,0.37735499790869653,0.18116899809683673,62.135862001014175,602112,13.06612600092194,0.4942699997627642,0.06146099985926412,45.279007001227,802816,14.938721997168614,0.31624300027033314,0.057201003073714674,27.50708599705831,401408,25.348488001327496,0.1625219993002247,0.025422999897273257,0.0,200704,0.0,0.0,0.0,0.0,0
2,chain_4svc,130,92.89477800120949,81.32473099976778,11.570047001441708,2007040,3,27.653475000988692,0.26239499857183546,0.17865499830804765,62.04485800117254,602112,13.43125799758127,0.40200900184572674,0.04972800161340274,45.046154998999555,802816,15.60885399885592,0.23208399943541735,0.03624700184445828,26.848688001336996,401408,24.631144002341898,0.13633100024890155,0.033383999834768474,0.0,200704,0.0,0.0,0.0,0.0,0
2,chain_4svc,131,91.08378200107836,78.31308599634212,12.770696004736237,2007040,3,25.909248000971274,0.2548519987612963,0.20554399816319346,61.89560599887045,602112,12.44872499955818,0.46374900193768553,0.05733999932999723,45.50794800161384,802816,15.14671099721454,0.24283899983856827,0.04057800106238574,27.453308000986,401408,24.80840199859813,0.1960459994734265,0.026191002689301968,0.0,200704,0.0,0.0,0.0,0.0,0
2,chain_4svc,132,90.65481500147143,78.88662700133864,11.768188000132795,2007040,3,27.058842999394983,0.28104299781261943,0.10057200051960535,60.5212609989394,602112,13.18611399983638,0.3983770002378151,0.048190999223152176,43.57480000180658,802816,14.889623002090957,0.22614699992118403,0.06146099985926412,26.165775998379104,401408,23.75204700001632,0.21127099898876622,0.025213001208612695,0.0,200704,0.0,0.0,0.0,0.0,0
2,chain_4svc,133,90.60767099799705,78.2667110033799,12.340959994617151,2007040,3,25.881379999191267,0.2592529999674298,0.16091599900391884,61.53061300210538,602112,13.369308999244822,0.3816150019702036,0.05245099964668043,44.38796600152273,802816,14.27145500201732,0.22181700114742853,0.037294998037396,27.306011998007307,401408,24.744567002926487,0.16084500020951964,0.025702000129967928,0.0,200704,0.0,0.0,0.0,0.0,0
2,chain_4svc,134,90.00479799942696,77.72418199965614,12.280615999770816,2007040,3,25.71341200018651,0.26902999888989143,0.17020400264300406,60.654728000372415,602112,13.171937000151956,0.4096910015505273,0.05496499943546951,43.90417300237459,802816,14.153631000226596,0.2348080015508458,0.04581699977279641,27.18853899932583,401408,24.685201999091078,0.21176000154810026,0.025212997570633888,0.0,200704,0.0,0.0,0.0,0.0,0
2,chain_4svc,135,88.12305200262927,76.50258099965868,11.62047100297059,2007040,3,25.817475998337613,0.28816700069000944,0.18473100135452114,59.099213998706546,602112,12.63911400019424,0.37812299706274644,0.05098400288261473,43.10183100096765,802816,13.894379000703339,0.19939800040447153,0.04092699964530766,26.70125200165785,401408,24.151612000423484,0.1646860000619199,0.025281999114667997,0.0,200704,0.0,0.0,0.0,0.0,0
2,chain_4svc,136,87.65462399969692,75.72098100354197,11.933642996154958,2007040,3,25.707335000333842,0.30108799910522066,0.16845799837028608,58.55563599834568,602112,12.25177100059227,0.32616099997540005,0.04979799996362999,42.81059200002346,802816,14.259372001106385,0.2829289987857919,0.04567599899019115,25.804554999922402,401408,23.502503001509467,0.15504799739574082,0.030521001463057473,0.0,200704,0.0,0.0,0.0,0.0,0
2,chain_4svc,137,88.77132300040103,76.59812499696272,12.173198003438301,2007040,3,26.01429000060307,0.2581349981483072,0.09959399903891608,59.46141299864394,602112,12.318121000134852,0.32916399868554436,0.0639749996480532,43.39789000005112,802816,14.16962599978433,0.251010998908896,0.03911100066034123,26.617163999617333,401408,24.096087996440474,0.16294000306515954,0.02723800207604654,0.0,200704,0.0,0.0,0.0,0.0,0
2,chain_4svc,138,89.879850998841,78.21628500096267,11.663565997878322,2007040,3,27.736096999433357,0.28027499865856953,0.1622420022613369,58.79058400023496,602112,12.258476002898533,0.35158299942850135,0.05203199907555245,42.867024003498955,802816,14.441867999266833,0.2424909980618395,0.04078700294485316,25.931806998414686,401408,23.779843999363948,0.12690199946518987,0.033873002394102514,0.0,200704,0.0,0.0,0.0,0.0,0
2,chain_4svc,139,91.23547799754306,80.25643200380728,10.979045993735781,2007040,3,26.809018003405072,0.36017399906995706,0.08849000005284324,61.283163999178214,602112,12.669705000007525,0.3153349971398711,0.057130000641336665,45.21943200234091,802816,16.070507001131773,0.2519189984013792,0.04448899926501326,26.830390001123305,401408,24.707201999262907,0.13053400107310154,0.029124003049219027,0.0,200704,0.0,0.0,0.0,0.0,0
2,chain_4svc,140,96.31527500096126,83.501975001127,12.813299999834271,2007040,3,27.339536001818487,0.34445900018909015,0.21909399947617203,65.37812299939105,602112,14.206570998794632,0.36150099913356826,0.07480100248358212,47.62142800245783,802816,15.660185999877285,0.37316499947337434,0.05482599954120815,28.891836998809595,401408,26.29568200063659,0.1848009997047484,0.024722998205106705,0.0,200704,0.0,0.0,0.0,0.0,0
2,chain_4svc,141,91.13001699734014,80.30420500290347,10.825811994436663,2007040,3,27.878295000846265,0.2628840011311695,0.09582299753674306,60.332058998028515,602112,13.353874001040822,0.42380000013508834,0.05287000021780841,43.56537100102287,802816,15.113606001250446,0.2824399998644367,0.05545399835682474,25.974479998694733,401408,23.95842999976594,0.14939099855837412,0.0295429999823682,0.0,200704,0.0,0.0,0.0,0.0,0
2,chain_4svc,142,93.02580100120394,80.73987599709653,12.285925004107412,2007040,3,27.34218999830773,0.2653279989317525,0.18529000226408243,62.365920002775965,602112,12.443277999409474,0.40431299930787645,0.06439400021918118,46.13903800054686,802816,15.367969001090387,0.25052199998754077,0.039739999920129776,28.041445002600085,401408,25.58643899828894,0.16943599985097535,0.03149899930576794,0.0,200704,0.0,0.0,0.0,0.0,0
2,chain_4svc,143,96.61992399924202,84.71233299496816,11.907591004273854,2007040,3,28.527682999992976,0.40745700243860483,0.0816449974081479,64.19144199753646,602112,14.141199997538934,0.3520720019878354,0.06509200102300383,46.80253400147194,802816,16.49276999887661,0.2334810014872346,0.047981000534491614,27.925786998821422,401408,25.550679998559644,0.1447120012016967,0.026818997866939753,0.0,200704,0.0,0.0,0.0,0.0,0
2,chain_4svc,144,91.44528199976776,79.41092799956095,12.034354000206804,2007040,3,27.14139499948942,0.25282700153184123,0.09393700020154938,61.40915799915092,602112,13.497608997568022,0.46263100011856295,0.05245100328465924,43.83537900139345,802816,14.252457000111463,0.28125199969508685,0.05852799949934706,26.72807199996896,401408,24.519467002392048,0.15218499902402982,0.030101997253950685,0.0,200704,0.0,0.0,0.0,0.0,0
2,chain_4svc,145,89.88390199738205,77.2183179979038,12.665583999478258,2007040,3,25.80923500136123,0.35737999860430136,0.09393699656357057,60.698937999404734,602112,12.386776001221733,0.4184220015304163,0.04867899770033546,44.335165999655146,802816,15.347714997915318,0.29047100179013796,0.036806999560212716,25.95520299655618,401408,23.674591997405514,0.14003300020704046,0.0266800016106572,0.0,200704,0.0,0.0,0.0,0.0,0
2,chain_4svc,146,90.06088000023738,78.4720439951343,11.588836005103076,2007040,3,25.229268001567107,0.25520199778839014,0.10357599967392161,61.70472899975721,602112,12.896060998173198,0.36038400139659643,0.048680001782486215,45.248695998452604,802816,13.725221997447079,0.3195260032953229,0.03911200110451318,28.891419002320617,401408,26.621492997946916,0.16468700050609186,0.024794000637484714,0.0,200704,0.0,0.0,0.0,0.0,0
2,chain_4svc,147,89.69630700084963,76.61551300043357,13.080794000416063,2007040,3,25.84122199914418,0.3044400000362657,0.1812390000850428,60.2886180022324,602112,12.197854000987718,0.325671997416066,0.051892002375097945,44.32853100297507,802816,14.740370999788865,0.2528269978938624,0.03708599979290739,26.428240998939145,401408,23.8360660005128,0.19276300008641556,0.024794000637484714,0.0,200704,0.0,0.0,0.0,0.0,0
2,chain_4svc,148,89.91407299981802,77.05558800080325,12.858484999014763,2007040,3,25.609766998968553,0.36666900268755853,0.19415899805608205,60.6694640009664,602112,12.714543001493439,0.39879600080894306,0.053918000048724934,44.05314499672386,802816,14.438934998906916,0.2694490030989982,0.05796799814561382,26.765996000904124,401408,24.292343001434347,0.15791199984960258,0.025841000024229288,0.0,200704,0.0,0.0,0.0,0.0,0
2,chain_4svc,149,87.97610599867767,76.12431600136915,11.851789997308515,2007040,3,26.438717999553774,0.28327800100669265,0.08534600056009367,58.27165899972897,602112,12.071929002559045,0.429386996984249,0.051544000598369166,42.54749699975946,802816,13.655030998052098,0.258135001786286,0.040090002585202456,26.09390900033759,401408,23.958638001204235,0.15497899948968552,0.02577199848019518,0.0,200704,0.0,0.0,0.0,0.0,0
2,chain_4svc,150,92.55904800011194,80.16333299747203,12.395715002639918,2007040,3,26.705093998316443,0.2618370017444249,0.11915000141016208,62.4503580002056,602112,12.32356900072773,0.39963499875739217,0.04951700248057023,46.52386500310968,802816,14.162221999868052,0.2585539987194352,0.039041999116307124,29.403358999843476,401408,26.9724479985598,0.14596900291508064,0.025353001547046006,0.0,200704,0.0,0.0,0.0,0.0,0
2,chain_4svc,151,91.94073999969987,79.53817900124704,12.402560998452827,2007040,3,26.57456000088132,0.2637920006236527,0.14373399972100742,61.99596900114557,602112,13.362185000005411,0.41534899719408713,0.051543000154197216,44.875042000057874,802816,14.350235000165412,0.25862400070764124,0.03855300019495189,27.638807998300763,401408,25.2511990001949,0.16126400078064762,0.0338039972120896,0.0,200704,0.0,0.0,0.0,0.0,0
2,chain_4svc,152,91.52811499734526,78.7121629982721,12.81595199907315,2007040,3,25.722701000631787,0.2575759972387459,0.16699100160622038,62.663165997946635,602112,12.66593299806118,0.4482440017454792,0.05077500100014731,45.874546998675214,802816,15.405124999233522,0.38866900285938755,0.04351099778432399,27.482850997330388,401408,24.918404000345618,0.18130899843527004,0.04770200030179694,0.0,200704,0.0,0.0,0.0,0.0,0
2,chain_4svc,153,93.15472799789859,81.45666200653068,11.698065991367912,2007040,3,27.72659900074359,0.3191069990862161,0.09002599836094305,62.35027499860735,602112,12.296470002183923,0.4124160004721489,0.04993699985789135,46.42734400113113,802816,15.23617800194188,0.2619759980007075,0.05817799683427438,28.427389999706065,401408,26.197415001661284,0.1631499981158413,0.03387299875612371,0.0,200704,0.0,0.0,0.0,0.0,0
2,chain_4svc,154,91.31125599742518,78.4827999996196,12.828455997805577,2007040,3,26.410640999529278,0.2630240014696028,0.23522699848399498,61.69774400041206,602112,12.648681997234235,0.3550750006979797,0.05866700303158723,44.74548600046546,802816,14.436350000323728,0.23082700136001222,0.04246399839757942,27.312228001392214,401408,24.98712700253236,0.20016700000269338,0.024863998987711966,0.0,200704,0.0,0.0,0.0,0.0,0
2,chain_4svc,155,90.1034830021672,78.29744099581148,11.80604200635571,2007040,3,26.851481998164672,0.3136590021313168,0.13821700122207403,60.027339997759555,602112,12.522267999884207,0.41981899994425476,0.051544000598369166,43.98253499675775,802816,14.375588998518651,0.21881400243728422,0.038761998439440504,26.936688998830505,401408,24.548101999243954,0.19855999926221557,0.025282999558839947,0.0,200704,0.0,0.0,0.0,0.0,0
2,chain_4svc,156,87.34536499832757,76.06020299863303,11.285161999694537,2007040,3,25.30700299757882,0.2619059996504802,0.09288900037063286,59.11604600260034,602112,12.24429899957613,0.3665990006993525,0.04993699985789135,43.35584599903086,802816,13.971832999231992,0.19939800040447153,0.039670001569902524,27.006739997887053,401408,24.537068002246087,0.17097199815907516,0.026678997528506443,0.0,200704,0.0,0.0,0.0,0.0,0
2,chain_4svc,157,90.47853399897576,77.93126199612743,12.54727200284833,2007040,3,26.260271999490215,0.2527569995436352,0.18661699868971482,60.416010001063114,602112,12.62409799892339,0.40689800152904354,0.051333001465536654,44.086390000302345,802816,14.326978998724371,0.22272500063991174,0.04064699896844104,27.044315000239294,401408,24.719912998989457,0.19011000040336512,0.024863002181518823,0.0,200704,0.0,0.0,0.0,0.0,0
2,chain_4svc,158,88.04776299803052,76.24758699603262,11.800176001997897,2007040,3,25.651183001173194,0.260998000157997,0.09037500058184378,59.2083069968794,602112,12.088201998267323,0.3286760002083611,0.048261001211358234,43.44356700312346,802816,14.507448999211192,0.23096700169844553,0.03806399763561785,26.375720000942238,401408,24.000752997380914,0.16426799993496388,0.026330002583563328,0.0,200704,0.0,0.0,0.0,0.0,0
2,chain_4svc,159,91.0133119978127,78.52854699740419,12.484765000408515,2007040,3,26.697271001467016,0.3060469971387647,0.1588199993420858,60.58404900250025,602112,12.335511997662252,0.3917419999197591,0.07605700011481531,44.439369998144684,802816,14.538039999024477,0.24556300195399672,0.039460999687435105,27.29818900115788,401408,24.957723999250447,0.182146999577526,0.024304998078150675,0.0,200704,0.0,0.0,0.0,0.0,0
2,chain_4svc,160,88.76105599847506,76.86729300257866,11.893762995896395,2007040,3,26.377676000265637,0.25862400070764124,0.1660130001255311,59.26096699840855,602112,12.43350000004284,0.40605899994261563,0.04972799797542393,43.15602900169324,802816,14.29108000229462,0.21546099742408842,0.03897200076607987,26.24902800016571,401408,23.765036999975564,0.1702739973552525,0.0295429999823682,0.0,200704,0.0,0.0,0.0,0.0,0
2,chain_4svc,161,90.27361799962819,78.29513600154314,11.978481998085044,2007040,3,26.91035799944075,0.2572270022938028,0.16768999921623617,59.81788500139373,602112,12.899135002953699,0.3546560001268517,0.05224099732004106,43.43644300024607,802816,14.544255998771405,0.23795100059942342,0.05866699939360842,26.280106998456176,401408,23.94138700037729,0.17090300025301985,0.025702000129967928,0.0,200704,0.0,0.0,0.0,0.0,0
2,chain_4svc,162,90.19420800177613,77.49007200618507,12.70413599559106,2007040,3,25.747145002242178,0.2489159996912349,0.09812799908104353,61.059391002345365,602112,13.117530001181876,0.5015329988964368,0.051333001465536654,43.995734999043634,802816,14.736879002157366,0.22942999930819497,0.03820399797405116,26.398209000035422,401408,23.888518000603653,0.16440699982922524,0.028146001568529755,0.0,200704,0.0,0.0,0.0,0.0,0
2,chain_4svc,163,90.66829400035203,78.68331699864939,11.984977001702646,2007040,3,25.9982259995013,0.2880970023397822,0.08478800009470433,61.301253001147415,602112,13.431329000013648,0.37665600029868074,0.051333001465536654,44.114117001299746,802816,15.172552000876749,0.222375998419011,0.03911200110451318,25.99166100117145,401408,24.08120999825769,0.1540709999972023,0.025493001885479316,0.0,200704,0.0,0.0,0.0,0.0,0
2,chain_4svc,164,89.31888200095273,76.77349399818922,12.545388002763502,2007040,3,26.093070999195334,0.2590429976407904,0.22761400032322854,59.8558090023289,602112,12.620744997548172,0.4151390021434054,0.08234400229412131,43.16496799947345,802816,14.440331000514561,0.23774100191076286,0.04064799941261299,25.88633899722481,401408,23.619347000931157,0.14729599934071302,0.047352998080896214,0.0,200704,0.0,0.0,0.0,0.0,0
2,chain_4svc,165,88.55153100012103,76.62661799622583,11.924913003895199,2007040,3,26.149154000449926,0.33740599974407814,0.15819100008229725,59.131690999493,602112,12.68017999973381,0.3795199991145637,0.05000700184609741,42.616082002496114,802816,13.727596997341607,0.2192330030084122,0.03918100264854729,26.305250001314562,401408,24.06968699870049,0.14156900215311907,0.027169000532012433,0.0,200704,0.0,0.0,0.0,0.0,0
2,chain_4svc,166,89.28507800010266,77.04147699769237,12.243601002410287,2007040,3,26.262366998707876,0.29515100322896615,0.08779099880484864,59.661229999619536,602112,12.387333998049144,0.40389500281889923,0.05091500133858062,43.22370500085526,802816,14.22954900044715,0.22188799994182773,0.04099700163351372,26.59690899963607,401408,24.1622270004882,0.16999500076053664,0.02619099905132316,0.0,200704,0.0,0.0,0.0,0.0,0
2,chain_4svc,167,88.24206200006302,76.68067699705716,11.561385003005853,2007040,3,25.909807001880836,0.26295399948139675,0.08918700041249394,59.18840199956321,602112,12.519195999630028,0.37518899989663623,0.04902900036540814,42.94133499934105,802816,14.142386997264111,0.26337300005252473,0.04190500112599693,26.35658399958629,401408,24.109286998282187,0.14687700240756385,0.025353001547046006,0.0,200704,0.0,0.0,0.0,0.0,0
2,chain_4svc,168,91.35253199929139,79.16676100285258,12.185770996438805,2007040,3,26.426286000059918,0.31938599931891076,0.0907239991647657,61.59933800154249,602112,13.28040000225883,0.3556339979695622,0.05629299994325265,44.55670400056988,802816,14.876144003210356,0.2441669967083726,0.05461599721456878,27.026715000829427,401408,24.583930997323478,0.17425600162823685,0.025283003196818754,0.0,200704,0.0,0.0,0.0,0.0,0
2,chain_4svc,169,91.4032379987475,78.62325399764813,12.779984001099365,2007040,3,27.323262998834252,0.2613479991850909,0.1748829999996815,60.47719100024551,602112,12.25952399909147,0.4045230016345158,0.05014699854655191,44.28550900047412,802816,14.479792000201996,0.22419200104195625,0.03764500070246868,27.275491000182228,401408,24.560674999520415,0.17362600192427635,0.025212000764440745,0.0,200704,0.0,0.0,0.0,0.0,0
2,chain_4svc,170,89.3369020013779,76.72900699981255,12.607895001565339,2007040,3,26.660675001039635,0.2744779994827695,0.17634999676374719,59.131621001142776,602112,12.320915000600507,0.35884699900634587,0.05049600076745264,43.01969700100017,802816,14.029104000655934,0.24982399918371812,0.0576189995626919,26.230728999507846,401408,23.718312997516477,0.21266800104058348,0.025213001208612695,0.0,200704,0.0,0.0,0.0,0.0,0
2,chain_4svc,171,89.73821199833765,77.58498699695338,12.153225001384271,2007040,3,26.963019001414068,0.2878870000131428,0.1713919991743751,59.22562799969455,602112,12.61292399794911,0.3730240023287479,0.05280000186758116,42.95530300078099,802816,14.27103499736404,0.24074400062090717,0.04057800106238574,25.9920799981046,401408,23.738009000226157,0.16768999921623617,0.025073000870179385,0.0,200704,0.0,0.0,0.0,0.0,0
2,chain_4svc,172,89.86776800156804,76.7725179939589,13.095250007609138,2007040,3,25.770821997866733,0.2730110027187038,0.0949140012380667,60.36097399919527,602112,12.696383997536032,0.600010000198381,0.05091500133858062,43.438118998892605,802816,14.646853000158444,0.2554810016590636,0.039880000258563086,26.017223000962986,401408,23.65845899839769,0.20484600099734962,0.025772002118173987,0.0,200704,0.0,0.0,0.0,0.0,0
2,chain_4svc,173,90.05396599968662,78.0469199999061,12.00704599978053,2007040,3,26.585316001728643,0.2767829973890912,0.10860299880732782,60.13175299813156,602112,13.199384000472492,0.3955829997721594,0.056362998293479905,43.18654999951832,802816,14.458350000495557,0.19234399951528758,0.05866699939360842,26.17122400260996,401408,23.803869997209404,0.16440700346720405,0.033383999834768474,0.0,200704,0.0,0.0,0.0,0.0,0
2,chain_4svc,174,90.0335019978229,77.28033699822845,12.753164999594446,2007040,3,25.67555700079538,0.2963379993161652,0.17208999997819774,60.85775799874682,602112,12.783687001501676,0.4379069978313055,0.05252099799690768,44.1300409984251,802816,14.90617499803193,0.2564590031397529,0.04106699998374097,26.33577099913964,401408,23.914917997899465,0.20861699886154383,0.024375000066356733,0.0,200704,0.0,0.0,0.0,0.0,0
2,chain_4svc,175,89.35415200176067,77.38209499802906,11.972057003731607,2007040,3,25.760065000213217,0.27098599821329117,0.1742550011840649,60.40141300036339,602112,13.775437997537665,0.40592000004835427,0.05328900078893639,42.896356997516705,802816,14.05983400036348,0.1977219981199596,0.039599999581696466,26.434946001245407,401408,23.7867579999147,0.2159510004275944,0.025213001208612695,0.0,200704,0.0,0.0,0.0,0.0,0
2,chain_4svc,176,89.5808589993976,77.31162600248354,12.26923299691407,2007040,3,25.884872000460746,0.25785599791561253,0.08520700066583231,60.59200999879977,602112,12.46073900256306,0.33824300044216216,0.05252099799690768,44.29696299848729,802816,14.744492000318132,0.2466810001351405,0.03722499968716875,26.852040999074234,401408,24.221522999141598,0.1771889983501751,0.02430400127195753,0.0,200704,0.0,0.0,0.0,0.0,0
2,chain_4svc,177,89.32097800061456,76.85737599967979,12.46360200093477,2007040,3,25.979299000027822,0.304999000945827,0.08108600013656542,59.721084999182494,602112,12.735496002278524,0.33125899790320545,0.05301000055624172,43.199679999816,802816,13.859247999789659,0.20973500068066642,0.04232400169712491,26.70146200034651,401408,24.283332997583784,0.16657300147926435,0.025282002752646804,0.0,200704,0.0,0.0,0.0,0.0,0
2,chain_4svc,178,89.31182800006354,76.22565499696066,13.086173003102886,2007040,3,26.706000997364754,0.3001100012625102,0.12369000251055695,58.79058400023496,602112,12.172571001428878,0.4109490000701044,0.08241300020017661,42.83335999934934,802816,13.801488999888534,0.1920649992825929,0.03855300019495189,26.26062199851731,401408,23.54559399827849,0.1495320029789582,0.025353001547046006,0.0,200704,0.0,0.0,0.0,0.0,0
2,chain_4svc,179,88.31944700068561,75.35284600089653,12.96660099978908,2007040,3,25.633233999542426,0.39320799987763166,0.09924500045599416,58.94654000076116,602112,12.245137000718387,0.3802879982686136,0.04805100252269767,42.95551299946965,802816,14.090633998421254,0.1941600021382328,0.037296002119546756,25.8915779995732,401408,23.383841002214467,0.14464299965766259,0.0259810003626626,0.0,200704,0.0,0.0,0.0,0.0,0
2,chain_4svc,180,89.63393800149788,76.96618800036958,12.667750001128297,2007040,3,26.744972998130834,0.2591130032669753,0.08625500049674883,59.33080899922061,602112,12.270838000404183,0.33475199961685576,0.04916900070384145,43.276645003061276,802816,14.028056000825018,0.23487799990107305,0.05817800047225319,26.33290800076793,401408,23.92232100100955,0.1728589995764196,0.025212000764440745,0.0,200704,0.0,0.0,0.0,0.0,0
2,chain_4svc,181,88.67403300246224,76.61334899967187,12.060684002790367,2007040,3,26.576166001177626,0.3578689975256566,0.08751199857215397,58.51841000185232,602112,12.280476999876555,0.34878899896284565,0.048121000872924924,42.6713969973207,802816,13.833895998686785,0.22335399989970028,0.03987900345236994,26.278571000148077,401408,23.922809999930905,0.17607100016903132,0.024862998543540016,0.0,200704,0.0,0.0,0.0,0.0,0
2,chain_4svc,182,88.57974700003979,75.81841000137501,12.761336998664774,2007040,3,25.77389399812091,0.2995510003529489,0.08772200089879334,59.291907000442734,602112,12.342915000772336,0.5290509980113711,0.04923799860989675,42.59939000257873,802816,13.963313002022915,0.2081279999401886,0.04141599856666289,26.00905199869885,401408,23.73828800045885,0.1521159974799957,0.024654000299051404,0.0,200704,0.0,0.0,0.0,0.0,0
2,chain_4svc,183,88.93887299927883,77.33851500233868,11.600357996940147,2007040,3,26.71047100011492,0.2600209991214797,0.08681400140631013,59.17736700212117,602112,13.011371000175131,0.3947449986299034,0.0548249990970362,42.431489997397875,802816,14.019115998962661,0.2611380004964303,0.03771499905269593,26.0005310010456,401408,23.597557003085967,0.12578499809023924,0.030031998903723434,0.0,200704,0.0,0.0,0.0,0.0,0
2,chain_4svc,184,90.03175600082614,77.91128700046102,12.12046900036512,2007040,3,26.03119099876494,0.2623250002216082,0.0865340007294435,60.78721800076892,602112,13.269505001517246,0.37602799784508534,0.050635000661714,43.60217700013891,802816,14.426503003051039,0.2242619993921835,0.04057799742440693,26.67736700095702,401408,24.18408799712779,0.18473100135452114,0.025702000129967928,0.0,200704,0.0,0.0,0.0,0.0,0
2,chain_4svc,185,89.94536200043513,78.14993599822628,11.795426002208842,2007040,3,26.574839001114015,0.28739899789798073,0.16196300202864222,60.15850300173042,602112,12.697431997366948,0.36254800215829164,0.060064001445425674,43.83537800094928,802816,14.096990002144594,0.2595309997559525,0.06690800000797026,27.176175997738028,401408,24.780674997600727,0.14813500092714094,0.027656999009195715,0.0,200704,0.0,0.0,0.0,0.0,0
2,chain_4svc,186,87.76609100095811,76.32350600033533,11.442585000622785,2007040,3,25.81712699975469,0.2528269978938624,0.08485700163873844,58.88158699963242,602112,12.395646001095884,0.35933499748352915,0.05245099964668043,43.11398399659083,802816,13.76817399795982,0.2614879995235242,0.03862300218315795,26.638883999112295,401408,24.342559001524933,0.13039399709668942,0.025700999685795978,0.0,200704,0.0,0.0,0.0,0.0,0
2,chain_4svc,187,88.07178799906978,75.94691800113651,12.124869997933274,2007040,3,25.668502999906195,0.25995100077125244,0.11796299804700539,59.26690399792278,602112,12.546992002171464,0.3642249976110179,0.05077500100014731,42.864090002694866,802816,13.728574998822296,0.19723199875443242,0.06418500197469257,26.396393001050455,401408,24.002848000236554,0.19094699746347032,0.03387399920029566,0.0,200704,0.0,0.0,0.0,0.0,0
2,chain_4svc,188,89.16711599886185,76.4280580006016,12.73905799826025,2007040,3,25.56793099938659,0.27035700259148143,0.09533399861538783,60.130915997433476,602112,12.072487999830628,0.3719769993040245,0.06439400021918118,43.95892899992759,802816,14.678142000775551,0.2382299971941393,0.04351200186647475,26.570229998469586,401408,24.109497000608826,0.16566499834880233,0.024862998543540016,0.0,200704,0.0,0.0,0.0,0.0,0
2,chain_4svc,189,89.52191199932713,77.23479899868835,12.287113000638783,2007040,3,26.698459001636365,0.30381100077647716,0.16810899978736416,59.22220499996911,602112,12.007115998130757,0.3429930002312176,0.05105400123284198,43.4888250019867,802816,14.648039999883622,0.21609100076602772,0.039181999454740435,26.17241100233514,401408,23.881183999037603,0.12641300054383464,0.027657999453367665,0.0,200704,0.0,0.0,0.0,0.0,0
2,chain_4svc,190,90.1895289971435,77.92811899707885,12.261410000064643,2007040,3,26.617791001626756,0.2943129984487314,0.08730299668968655,60.18671900164918,602112,12.28292199812131,0.43720900066546164,0.05091400089440867,43.97736700047972,802816,14.934810998965986,0.22139800057630055,0.04337200152804144,26.390317998448154,401408,24.092594998364802,0.14219800141290762,0.027656999009195715,0.0,200704,0.0,0.0,0.0,0.0,0
2,chain_4svc,191,89.72668800197425,77.71677699929569,12.009911002678564,2007040,3,27.05674699973315,0.38308100192807615,0.200375998247182,59.201461997872684,602112,12.267276000784477,0.34424999830662273,0.048609999794280156,43.529891001526266,802816,14.40582899886067,0.241932000790257,0.03757500235224143,26.163890997850103,401408,23.98692499991739,0.12410899944370613,0.025561999791534618,0.0,200704,0.0,0.0,0.0,0.0,0
2,chain_4svc,192,89.95639700151514,77.77998299934552,12.176414002169622,2007040,3,26.08468999824254,0.31163400126388296,0.08478800009470433,60.60332500055665,602112,13.193866001529386,0.3554249997250736,0.09589299952494912,43.583738999586785,802816,14.369301999977324,0.21979200027999468,0.0400200005969964,26.656624002498575,401408,24.13212499959627,0.14136000027065165,0.0266800016106572,0.0,200704,0.0,0.0,0.0,0.0,0
2,chain_4svc,193,88.2191540003987,75.5518949990801,12.667259001318598,2007040,3,25.922517997969408,0.3721170032804366,0.0956129988480825,58.86405699857278,602112,12.219435000588419,0.4677300021285191,0.05531399801839143,42.67118799907621,802816,13.902830000006361,0.2251699988846667,0.042113999370485544,25.981744001910556,401408,23.507112000515917,0.1482740008214023,0.023954999051056802,0.0,200704,0.0,0.0,0.0,0.0,0
2,chain_4svc,194,88.89969200026826,76.7619719990762,12.137720001192065,2007040,3,26.24707200084231,0.3347509991726838,0.19255399820394814,59.32424400089076,602112,12.931330998981139,0.40068200178211555,0.047771998652024195,42.469694002647884,802816,14.046494001377141,0.21699799981433898,0.03994999860879034,25.73052300067502,401408,23.537074997875607,0.12264199904166162,0.024654000299051404,0.0,200704,0.0,0.0,0.0,0.0,0
2,chain_4svc,195,88.92762899995432,77.42937900184188,11.498249998112442,2007040,3,25.62967199992272,0.31240200041793287,0.08520700066583231,60.208439997950336,602112,12.795210001058877,0.40899299710872583,0.08122600047499873,43.52632899826858,802816,14.151256000332069,0.1997479994315654,0.04085800173925236,27.10340100020403,401408,24.853241000528214,0.15078800061019138,0.02577199848019518,0.0,200704,0.0,0.0,0.0,0.0,0
2,chain_4svc,196,88.47372799937148,77.11592999476125,11.357798004610231,2007040,3,25.742047000676394,0.3138690008199774,0.08157499905792065,59.55702600113,602112,12.725856999168172,0.3535389987519011,0.05594400136033073,43.378892998589436,802816,14.057179996598279,0.20086500080651604,0.0696320021233987,26.81251000103657,401408,24.5908459983184,0.19290300042484887,0.025771001674002036,0.0,200704,0.0,0.0,0.0,0.0,0
2,chain_4svc,197,88.88251200187369,76.60922699869843,12.27328500317526,2007040,3,26.153972998145036,0.32204000308411196,0.09980400136555545,59.571973000856815,602112,12.42560800164938,0.40200899820774794,0.05175199839868583,43.12599699915154,802816,13.907857999583939,0.20198200218146667,0.056991000747075304,26.574629002425354,401408,24.121787999320077,0.20023699835292064,0.025282999558839947,0.0,200704,0.0,0.0,0.0,0.0,0
2,chain_4svc,198,89.7906630016223,77.59245899796952,12.19820400365279,2007040,3,25.657747999503044,0.39698000182397664,0.1622420022613369,60.57378200057428,602112,12.581214999954682,0.37113899816176854,0.05517500176210888,44.34613099874696,802816,14.568001999577973,0.22614800036535598,0.05335899913916364,27.269344998785527,401408,24.785493998933816,0.1708330019027926,0.0259810003626626,0.0,200704,0.0,0.0,0.0,0.0,0
2,chain_4svc,199,87.78424999763956,75.66427099663997,12.119979000999592,2007040,3,25.45744199960609,0.32259900035569444,0.16706099995644763,59.023785001045326,602112,12.288019999687094,0.37211599919828586,0.06998100070632063,42.80688899962115,802816,13.992366999445949,0.2297789978911169,0.08527700265403837,26.22528199935914,401408,23.926441997900838,0.16273100118269213,0.0266800016106572,0.0,200704,0.0,0.0,0.0,0.0,0
2,chain_4svc,200,88.64281500063953,76.64205599940033,12.000759001239203,2007040,3,26.185820999671705,0.3134500002488494,0.14750500122318044,58.95736499951454,602112,12.565640998218441,0.3407580006751232,0.06292699981713668,42.754998001328204,802816,14.239258001907729,0.23026799681247212,0.04001900015282445,25.881659999868134,401408,23.651335999602452,0.16161299936356954,0.05440599852590822,0.0,200704,0.0,0.0,0.0,0.0,0
3,chain_4svc,1,95.81269400223391,83.99533799820347,11.817356004030444,2007040,3,29.019298999628518,0.3353100000822451,0.0982670026132837,63.37115099813673,602112,13.57820499833906,0.3704410009959247,0.060133999795652926,46.350938002433395,802816,15.702371001680149,0.20854699687333778,0.06202000076882541,27.832059997308534,401408,25.69546299855574,0.16084500020951964,0.028215999918757007,0.0,200704,0.0,0.0,0.0,0.0,0
3,chain_4svc,2,94.8129800017341,82.47299899812788,12.339981003606226,2007040,3,28.330730001471238,0.27915700047742575,0.10029199984273873,63.24403899998288,602112,13.371124998229789,0.4427960011526011,0.05601300290436484,46.22242899858975,802816,15.096983999683289,0.2023310007643886,0.05922499985899776,28.278558002057252,401408,25.674159998743562,0.15714400069555268,0.02626100103952922,0.0,200704,0.0,0.0,0.0,0.0,0
3,chain_4svc,3,100.80225600177073,87.65406399834319,13.148192003427539,2007040,3,30.267788999481127,0.2871190008590929,0.08820999937597662,66.6835349984467,602112,14.555499998095911,0.4782760006492026,0.06292800026130863,48.271584000758594,802816,16.345472999091726,0.21113200273248367,0.0695630005793646,29.052542999124853,401408,26.485302001674427,0.15965800048434176,0.02619099905132316,0.0,200704,0.0,0.0,0.0,0.0,0
3,chain_4svc,4,103.19077200256288,89.92161600326654,13.269155999296345,2007040,3,30.31402399938088,0.35640300120576285,0.18668700067792088,69.15565199960838,602112,16.502548001881223,0.4947579982399475,0.06439400021918118,48.514424001041334,802816,16.958125001110602,0.23026800045045093,0.04001900015282445,28.78679600325995,401408,26.14691900089383,0.14701699910801835,0.03142899731756188,0.0,200704,0.0,0.0,0.0,0.0,0
3,chain_4svc,5,101.45485699831625,88.8093170033244,12.64553999499185,2007040,3,30.49512399957166,0.32881500010262243,0.17034400298143737,67.45004700132995,602112,15.760829002829269,0.468008998723235,0.05538400000659749,47.782621997612296,802816,16.336463999323314,0.2833480029948987,0.05768899791291915,28.579016998264706,401408,26.216900001600152,0.1794239979062695,0.03198699778295122,0.0,200704,0.0,0.0,0.0,0.0,0
3,chain_4svc,6,100.13051799978712,87.79242299715406,12.338095002633054,2007040,3,29.752916998404544,0.33056000029318966,0.15351200272561982,66.72823299959418,602112,15.095586997631472,0.38217300243559293,0.0555240003450308,48.029374000179814,802816,16.348616998584475,0.25960100174415857,0.04728299973066896,28.899590000946773,401408,26.595302002533572,0.15400099800899625,0.03149899930576794,0.0,200704,0.0,0.0,0.0,0.0,0
3,chain_4svc,7,97.55594399757683,84.74075699268724,12.815187004889594,2007040,3,29.407617999822833,0.3434819991525728,0.14736600132891908,64.48687300144229,602112,14.181776998157147,0.35067499993601814,0.13528400086215697,46.5335029984999,802816,15.775773998029763,0.29263699980219826,0.04092800008947961,27.58111799994367,401408,25.375587996677496,0.1279500029340852,0.027727000997401774,0.0,200704,0.0,0.0,0.0,0.0,0
3,chain_4svc,8,96.62187999856542,83.89588299542083,12.725997003144585,2007040,3,28.90873899741564,0.28404600016074255,0.09547400259179994,64.23076300052344,602112,13.7009179998131,0.4275700011930894,0.05482599954120815,46.75434299861081,802816,15.672617999371141,0.24130300153046846,0.039950002246769145,28.15570600068895,401408,25.613607998820953,0.1469470007577911,0.04923799860989675,0.0,200704,0.0,0.0,0.0,0.0,0
3,chain_4svc,9,100.28584500105353,86.97653099807212,13.30931400298141,2007040,3,28.998556001170073,0.28481399931479245,0.11481999899842776,68.0237960004888,602112,15.05738299965742,0.4425869992701337,0.07703600203967653,48.956870999973034,802816,17.386114999681013,0.6575600018550176,0.05887600127607584,28.02768599940464,401408,25.534476997563615,0.15504800103371963,0.028636000934056938,0.0,200704,0.0,0.0,0.0,0.0,0
3,chain_4svc,10,108.37442400224973,95.89280200088979,12.481622001359938,2007040,3,33.86987600242719,0.448941998911323,0.12110500028938986,70.55367199791363,602112,15.41902299868525,0.4950379989168141,0.08527700265403837,51.20409800292691,802816,17.34798100005719,0.25715700030559674,0.0415559989050962,31.394404999446124,401408,29.255921999720158,0.14478199955192395,0.028565002139657736,0.0,200704,0.0,0.0,0.0,0.0,0
3,chain_4svc,11,109.90074400251615,97.16245400340995,12.7382899991062,2007040,3,30.78133500093827,0.3256720010540448,0.18095999985234812,75.58800200058613,602112,15.331581002101302,0.43986300079268403,0.0576899983570911,56.49774999983492,802816,19.080475001828745,0.24528399808332324,0.0653019997116644,34.55558099813061,401408,31.96906299854163,0.2079190016957,0.034362001315457746,0.0,200704,0.0,0.0,0.0,0.0,0
3,chain_4svc,12,110.37231499722111,97.70037599810166,12.671938999119448,2007040,3,30.668960000184597,0.3025539990630932,0.11335300223436207,75.42946200192091,602112,14.49033799872268,0.3347509991726838,0.06055300036678091,57.68191700190073,802816,23.30163800070295,0.23362000138149597,0.04372100011096336,31.541561998892576,401408,29.239439998491434,0.16098500054795295,0.028705002478091046,0.0,200704,0.0,0.0,0.0,0.0,0
3,chain_4svc,13,116.0198549987399,102.6624200057995,13.357434992940398,2007040,3,38.766477002354804,0.35060599839198403,0.24039499840000644,73.5299070001929,602112,17.1560570015572,0.48854299893719144,0.07305399776669219,52.29411700202036,802816,17.66115099962917,0.2843959991878364,0.09156300075119361,31.349846998637076,401408,29.078735002258327,0.1603559976501856,0.030589999369112775,0.0,200704,0.0,0.0,0.0,0.0,0
3,chain_4svc,14,102.1543910028413,88.94480899834889,13.209582004492404,2007040,3,30.483878999802982,0.60294400100247,0.21099199875607155,67.75651299903984,602112,14.590142000088235,0.4018689978693146,0.05587399937212467,49.20404000222334,802816,16.631125999992946,0.2483569987816736,0.07054000161588192,29.461466998327523,401408,27.239661998464726,0.16273100118269213,0.02660999962245114,0.0,200704,0.0,0.0,0.0,0.0,0
3,chain_4svc,15,99.029254000925,86.1187360023905,12.910517998534488,2007040,3,29.3370790022891,0.3406869982427452,0.20288999803597108,65.94579699958558,602112,13.686459999007639,0.4160469979979098,0.05601300290436484,48.313489998690784,802816,16.63378000012017,0.24137299988069572,0.04756199996336363,28.86941900214879,401408,26.461417000973597,0.24828700043144636,0.028075999580323696,0.0,200704,0.0,0.0,0.0,0.0,0
3,chain_4svc,16,108.48079300194513,95.74508700097795,12.735706000967184,2007040,3,29.265630000736564,0.38035799661884084,0.08828000136418268,75.76072099982412,602112,14.945846000046004,0.47729799916851334,0.0863940003910102,56.956329997774446,802816,22.48791199963307,0.32483400354976766,0.06390499765984714,31.506152998190373,401408,29.04569900056231,0.18577900118543766,0.03820300116785802,0.0,200704,0.0,0.0,0.0,0.0,0
3,chain_4svc,17,107.95795699959854,95.13236600105301,12.825590998545522,2007040,3,33.35646900086431,0.3314690002298448,0.24290900182677433,70.56394000028376,602112,16.00806799979182,0.45802199747413397,0.08304199945996515,50.575661996845156,802816,17.714022000291152,0.2613479991850909,0.03876200207741931,30.1965510006994,401408,28.053807000105735,0.13346799823921174,0.02723800207604654,0.0,200704,0.0,0.0,0.0,0.0,0
3,chain_4svc,18,109.3127470012405,96.68843999679666,12.624307004443835,2007040,3,30.438551999395713,0.29291600003489293,0.15840100240893662,75.3604589990573,602112,14.933135000319453,0.3777740021178033,0.0562919994990807,56.496352997783106,802816,17.908600999362534,0.2124579987139441,0.1435250014765188,35.739887000090675,401408,33.40815199771896,0.1551180030219257,0.03547899905242957,0.0,200704,0.0,0.0,0.0,0.0,0
3,chain_4svc,19,111.7613970018283,99.39180300352746,12.369593998300843,2007040,3,31.52955000041402,0.3252520000387449,0.12906700067105703,76.556428000913,602112,15.861539999605156,0.38587500239373185,0.06153099820949137,56.83955499989679,802816,18.45106200198643,0.310305997118121,0.04302199886296876,35.592730000644224,401408,33.54965100152185,0.15218499902402982,0.03736500002560206,0.0,200704,0.0,0.0,0.0,0.0,0
3,chain_4svc,20,107.61391699998057,92.54382499784697,15.070092002133606,2007040,3,31.197312997392146,0.40906200229073875,0.13367700012167916,72.16031099960674,602112,15.151180999964708,0.5277240015857387,0.0830409990157932,52.80794200007222,802816,18.451969997840934,0.4102500024600886,0.0463050018879585,30.292653002106817,401408,27.74336100264918,0.18522000027587637,0.027586997020989656,0.0,200704,0.0,0.0,0.0,0.0,0
3,chain_4svc,21,98.90486500080442,86.54414300326607,12.360721997538349,2007040,3,29.53619800246088,0.2615569974295795,0.12012699880870059,65.82727500062902,602112,14.409670999157242,0.3649930004030466,0.0800380003056489,47.59272299997974,802816,16.04068500091671,0.21057199774077162,0.06299700180534273,28.82269399924553,401408,26.55758900073124,0.1545589984743856,0.028075999580323696,0.0,200704,0.0,0.0,0.0,0.0,0
3,chain_4svc,22,100.7597209973028,87.91974300402217,12.839977993280627,2007040,3,29.068886000459315,0.304999000945827,0.11998799891443923,68.22584899782669,602112,14.898632001859369,0.4666129971155897,0.05573399903369136,49.24126600235468,802816,17.041167000570567,0.22258500030147843,0.0414160022046417,29.20752199861454,401408,26.911058001132915,0.1808199995139148,0.02605099871288985,0.0,200704,0.0,0.0,0.0,0.0,0
3,chain_4svc,23,100.04098100034753,87.83635199870332,12.204629001644207,2007040,3,29.311307000170927,0.3609420018619858,0.09295899872086011,67.06109800143167,602112,15.13225400049123,0.33049099874915555,0.05384800169849768,48.17345700212172,802816,17.156335001345724,0.20324000070104375,0.08534699736628681,28.278907000640174,401408,26.23645599669544,0.1383560011163354,0.02723900252021849,0.0,200704,0.0,0.0,0.0,0.0,0
3,chain_4svc,24,99.87336000267533,87.28586000142968,12.587500001245644,2007040,3,29.58340999975917,0.31980499989003874,0.19423000048846006,66.73787100226036,602112,14.430414001253666,0.3635260000010021,0.07452199861290865,48.512817000300856,802816,17.084189999877708,0.22377200002665631,0.04763200195156969,28.7494299991522,401408,26.18784600053914,0.15609600086463615,0.025702000129967928,0.0,200704,0.0,0.0,0.0,0.0,0
3,chain_4svc,25,103.99486000096658,92.04738899279619,11.947471008170396,2007040,3,29.893507999076974,0.31771000067237765,0.09065400081453845,70.65138100006152,602112,14.444870997976977,0.38021799991838634,0.05580400102189742,52.65568800314213,802816,17.2620069970435,0.21839500186615624,0.04833000275539234,32.82595100245089,401408,30.447002998698736,0.18305500270798802,0.031218998628901318,0.0,200704,0.0,0.0,0.0,0.0,0
3,chain_4svc,26,101.01939300147933,88.96450600150274,12.054886999976588,2007040,3,31.290412000089418,0.3546560001268517,0.11551799980225042,66.20595600179513,602112,14.455278000241378,0.4411899972183164,0.09687000056146644,48.012331000791164,802816,16.755165001086425,0.27000899717677385,0.0653019997116644,28.63887100102147,401408,26.46365100008552,0.19660399993881583,0.0266800016106572,0.0,200704,0.0,0.0,0.0,0.0,0
3,chain_4svc,27,97.36806900036754,84.54094099943177,12.827128000935772,2007040,3,29.099407001922373,0.3172209981130436,0.08772100045462139,64.69171899880166,602112,13.776625997707015,0.39076400207704864,0.05901600161450915,47.07868799960124,802816,16.056189000664745,0.22593800167669542,0.042394000047352165,28.034949998982484,401408,25.608718999137636,0.23892800163594075,0.027168000087840483,0.0,200704,0.0,0.0,0.0,0.0,0
3,chain_4svc,28,95.53227899959893,83.81340000050841,11.71887899909052,2007040,3,28.646833001403138,0.26386199897387996,0.18068099961965345,63.78217000019504,602112,13.489995999407256,0.3477419995761011,0.07892100256867707,46.455281000817195,802816,16.183719999389723,0.19304200031911023,0.04162600089330226,27.722128997993423,401408,25.492851000308292,0.14177900084177963,0.028146001568529755,0.0,200704,0.0,0.0,0.0,0.0,0
3,chain_4svc,29,96.37589799967827,84.51838300243253,11.857514997245744,2007040,3,28.333313999610255,0.26462999812792987,0.1426170019840356,64.72992300041369,602112,13.541189997340553,0.3238560020690784,0.05517500176210888,47.57121199872927,802816,16.11974500337965,0.2108529988618102,0.03994899816461839,28.883317001600517,401408,26.524134002102073,0.1552579997223802,0.03191799987689592,0.0,200704,0.0,0.0,0.0,0.0,0
3,chain_4svc,30,96.84956400087685,84.9486760016589,11.900887999217957,2007040,3,28.994504998991033,0.27804000274045393,0.08828000136418268,64.53513400265365,602112,13.983775999804493,0.3345420009281952,0.05580400102189742,47.111023999605095,802816,16.281219002848957,0.22272499700193293,0.05873699774383567,28.02300700204796,401408,25.689176000014413,0.1555380003992468,0.030031998903723434,0.0,200704,0.0,0.0,0.0,0.0,0
3,chain_4svc,31,97.97862500272458,85.57529600147973,12.403329001244856,2007040,3,29.42794200134813,0.25806499979807995,0.1215250013046898,65.02423499841825,602112,14.286400000855792,0.3439009997237008,0.06125100117060356,47.056479001184925,802816,15.970354001183296,0.23152499852585606,0.04001900015282445,28.352519999316428,401408,25.89059999809251,0.1968140022654552,0.026749999960884452,0.0,200704,0.0,0.0,0.0,0.0,0
3,chain_4svc,32,96.0185879994242,84.23398699596873,11.784601003455464,2007040,3,28.58641999773681,0.26295400311937556,0.10692800060496666,64.05518099927576,602112,13.886346998333465,0.3719769993040245,0.06069300070521422,46.867486998962704,802816,15.716548998170765,0.20645200129365548,0.042464002035558224,28.251878000446595,401408,26.044671001727693,0.13737799963564612,0.027237998438067734,0.0,200704,0.0,0.0,0.0,0.0,0
3,chain_4svc,33,101.21997900205315,88.96834700135514,12.25163200069801,2007040,3,29.87856199979433,0.37134800004423596,0.10099100109073333,67.9460619976453,602112,14.459398000326473,0.4472659966268111,0.057131001085508615,49.65040000024601,802816,17.814594000810757,0.2718939977057744,0.04595599966705777,28.89023199895746,401408,26.815793000423582,0.1378679990011733,0.03240600199205801,0.0,200704,0.0,0.0,0.0,0.0,0
3,chain_4svc,34,99.65301000192994,87.37497700349195,12.278032998437993,2007040,3,29.337707001104718,0.32057299904408865,0.17600099818082526,66.80673499795375,602112,14.528401999996277,0.3999840009782929,0.05796799814561382,48.58775699904072,802816,17.36299700132804,0.3219700010959059,0.04665499727707356,28.12581400212366,401408,26.145871001062915,0.14031200043973513,0.0324059983540792,0.0,200704,0.0,0.0,0.0,0.0,0
3,chain_4svc,35,98.83055399768637,87.37092599767493,11.459628000011435,2007040,3,29.681188996619312,0.3415950013732072,0.07975900007295422,65.7692370004952,602112,14.92621999932453,0.4388150009617675,0.056852000852813944,47.33046700130217,802816,16.760123002313776,0.22433199774241075,0.04274399907444604,27.942060001805658,401408,26.003393999417312,0.13961399963591248,0.02912399941124022,0.0,200704,0.0,0.0,0.0,0.0,0
3,chain_4svc,36,98.09847400174476,85.86891199956881,12.229562002175953,2007040,3,29.658349998499034,0.31575500179314986,0.1581920005264692,64.63382000220008,602112,14.094964000832988,0.3791009985434357,0.06083200059947558,46.97525300070993,802816,16.21375299873762,0.21986099818604998,0.0442790005763527,28.140201000496745,401408,25.90184500149917,0.16063599832705222,0.028075999580323696,0.0,200704,0.0,0.0,0.0,0.0,0
3,chain_4svc,37,94.49987900006818,82.39547499761102,12.104404002457159,2007040,3,28.034879996994277,0.273849000222981,0.10483300138730556,63.38483999934397,602112,13.836270998581313,0.39488499896833673,0.06194900197442621,45.71321199910017,802816,15.724650998890866,0.2151120024791453,0.07116800043149851,26.932846998533932,401408,24.799673003144562,0.131511998915812,0.029961996915517375,0.0,200704,0.0,0.0,0.0,0.0,0
3,chain_4svc,38,90.70349400280975,78.83229000799474,11.871203994815005,2007040,3,26.990886002749903,0.31770999703439884,0.1034359993354883,60.20376000014949,602112,12.525202000688296,0.38692299858666956,0.05224100095801987,44.11090400026296,802816,15.288909002265427,0.22139800057630055,0.036247998650651425,26.25943399834796,401408,24.027293002291117,0.13255999874672852,0.024234999727923423,0.0,200704,0.0,0.0,0.0,0.0,0
3,chain_4svc,39,89.04216900191386,77.654688997427,11.38748000448686,2007040,3,26.359027997386875,0.37309400067897514,0.08115600212477148,59.43124099940178,602112,12.592319999384927,0.36624999847845174,0.07731400182819925,43.131443999300245,802816,13.908766999520594,0.21580999964498915,0.04001900015282445,26.83471999989706,401408,24.794574001134606,0.12976599828107283,0.028635000489884987,0.0,200704,0.0,0.0,0.0,0.0,0
3,chain_4svc,40,88.78710799763212,77.14114299960784,11.645964998024283,2007040,3,26.055985003040405,0.30492899895762093,0.08422899918514304,59.677642999304226,602112,12.8233569994336,0.3856650000670925,0.0519620007253252,42.87254099835991,802816,14.254551999329124,0.2195130000473,0.05615299960481934,26.077286998770433,401408,24.00724899780471,0.15022899970063008,0.02612100070109591,0.0,200704,0.0,0.0,0.0,0.0,0
3,chain_4svc,41,88.67312500296975,76.65371800248977,12.019407000479987,2007040,3,26.42642600039835,0.30185600189724937,0.17530199693283066,58.94737799826544,602112,12.472471000364749,0.3517929981171619,0.0528009986737743,42.71588600022369,802816,14.219632001186255,0.27496699840412475,0.03911100066034123,25.982232997193933,401408,23.535189000540413,0.14666700008092448,0.025213001208612695,0.0,200704,0.0,0.0,0.0,0.0,0
3,chain_4svc,42,92.54954899734003,80.6754830009595,11.874065996380523,2007040,3,26.34813300028327,0.26805200104718097,0.1885029996628873,62.90258400258608,602112,12.57332300156122,0.3549349967215676,0.053498999477596954,47.0752649998758,802816,14.163689000270097,0.2573670026322361,0.06271799793466926,30.040385001484537,401408,27.590337998844916,0.17928300076164305,0.025143002858385444,0.0,200704,0.0,0.0,0.0,0.0,0
3,chain_4svc,43,96.01034600200364,85.50692200515186,10.50342399685178,2007040,3,28.91544400335988,0.5215079982008319,0.16992499877233058,63.776442999369465,602112,13.515976999769919,0.33614800122450106,0.04874899968854152,47.30518400174333,802816,15.654250000807224,0.18780499885906465,0.04316199920140207,29.284137999638915,401408,27.42125100121484,0.14331499914987944,0.02598099672468379,0.0,200704,0.0,0.0,0.0,0.0,0
3,chain_4svc,44,94.40545400138944,82.84783799899742,11.557616002392024,2007040,3,28.62755699970876,0.2503830000932794,0.16992399832815863,62.381144998653326,602112,13.13904100243235,0.40571099816588685,0.04972699753125198,45.416873999784,802816,15.62596399890026,0.20554499860736541,0.036737001209985465,27.66793100090581,401408,25.45527599795605,0.15497899948968552,0.03268600266892463,0.0,200704,0.0,0.0,0.0,0.0,0
3,chain_4svc,45,94.64326500165043,80.73030699961237,13.912958002038067,2007040,3,26.581613998132525,0.3342620002513286,0.25617899882490747,64.21532800231944,602112,13.24722500066855,0.39369799924315885,0.12103600238333456,46.643503999803215,802816,15.125129000807647,0.33286599864368327,0.03862300218315795,28.380735999235185,401408,25.776339000003645,0.19876899750670418,0.027169000532012433,0.0,200704,0.0,0.0,0.0,0.0,0
3,chain_4svc,46,92.80335500079673,81.12889400217682,11.674460998619907,2007040,3,26.751747998787323,0.40948199966805987,0.17334700169158168,62.33442099983222,602112,12.748346001899336,0.3571009983716067,0.0492389990540687,46.206854000047315,802816,15.585596000164514,0.23222399977385066,0.060272999689914286,27.929838001000462,401408,26.04320400132565,0.13102400043862872,0.025281999114667997,0.0,200704,0.0,0.0,0.0,0.0,0
3,chain_4svc,47,91.24274200075888,79.70698600183823,11.53575599892065,2007040,3,26.798193001013715,0.2691000008780975,0.21546199786826037,61.32255400007125,602112,12.654409001697786,0.35772999763139524,0.07591800022055395,45.036445997538976,802816,15.101802000572206,0.28432600083760917,0.039180999010568485,27.129522000905126,401408,25.152581998554524,0.13870600014342926,0.037296002119546756,0.0,200704,0.0,0.0,0.0,0.0,0
3,chain_4svc,48,93.02964100061217,79.87649099959526,13.153150001016911,2007040,3,26.05626399963512,0.3138690008199774,0.10231799751636572,63.36284099961631,602112,12.877622997621074,0.5372920022637118,0.05063600110588595,46.35352100012824,802816,15.508909000345739,0.28495399965322576,0.04015900049125776,28.029082997818477,401408,25.43369500199333,0.3166619972034823,0.02654000127222389,0.0,200704,0.0,0.0,0.0,0.0,0
3,chain_4svc,49,91.64209599839523,79.97084999806248,11.671246000332758,2007040,3,26.92230200045742,0.33768399953260086,0.16852800035849214,61.487381000915775,602112,12.780193999788025,0.3562620004231576,0.05105499803903513,45.11089799780166,802816,14.938512998924125,0.19094700110144913,0.03764400025829673,27.54284600086976,401408,25.329840998892905,0.13905399828217924,0.027448000764707103,0.0,200704,0.0,0.0,0.0,0.0,0
3,chain_4svc,50,91.08804300194606,78.66767299856292,12.420370003383141,2007040,3,25.76474599845824,0.24235000091721304,0.1215940028487239,61.97578400315251,602112,12.557260000903625,0.3825919993687421,0.057199998991563916,45.31567400044878,802816,15.41671799714095,0.3595449998101685,0.05999400309519842,27.214798999921186,401408,24.928949002060108,0.1366099968436174,0.027936999686062336,0.0,200704,0.0,0.0,0.0,0.0,0
3,chain_4svc,51,98.35150900107692,86.17886800129781,12.172640999779105,2007040,3,26.61639500001911,0.2839070002664812,0.14652800018666312,68.22368399662082,602112,14.129466002486879,0.4092719973414205,0.04944799729855731,50.45776900078636,802816,18.929895999463042,0.22035100118955597,0.0428829989687074,28.873679002572317,401408,26.503110999328783,0.14652800018666312,0.025702000129967928,0.0,200704,0.0,0.0,0.0,0.0,0
3,chain_4svc,52,89.44145400164416,77.81106400216231,11.63038999948185,2007040,3,27.16402399892104,0.324484000884695,0.08464799975627102,59.05144200005452,602112,12.218108000524808,0.34292300188099034,0.05440599852590822,43.17076499864925,802816,14.06968200171832,0.21127099898876622,0.0400889985030517,26.621283999702428,401408,24.359250000998145,0.20177300029899925,0.025142999220406637,0.0,200704,0.0,0.0,0.0,0.0,0
3,chain_4svc,53,89.69532900300692,78.42581000659266,11.269518996414263,2007040,3,25.967286001105094,0.24891499924706295,0.10008399840444326,60.782050000852905,602112,12.091625001630746,0.3413160011405125,0.05147299816599116,45.1677489982103,802816,14.796524003031664,0.19199499729438685,0.03848299820674583,27.905114002351183,401408,25.570375000825152,0.20079499881830998,0.027169000532012433,0.0,200704,0.0,0.0,0.0,0.0,0
3,chain_4svc,54,89.48175300247385,78.35876200260827,11.122990999865578,2007040,3,25.67367200026638,0.25862399706966244,0.17495300198788755,60.8019540013629,602112,12.294934000237845,0.42331000076956116,0.06816599852754734,44.763924001017585,802816,15.207263000775129,0.18410299890092574,0.036666999221779406,27.036912000767188,401408,25.18289300132892,0.15693499881308526,0.02577199848019518,0.0,200704,0.0,0.0,0.0,0.0,0
3,chain_4svc,55,90.29184699829784,78.99732499936363,11.294521998934215,2007040,3,26.253706997522386,0.327418001688784,0.21455400201375596,61.0769220002112,602112,12.142679002863588,0.3482309984974563,0.07354399713221937,45.398156998999184,802816,15.21131399931619,0.3110750003543217,0.04351200186647475,27.58328400159371,401408,25.389624999661464,0.13856599980499595,0.0266800016106572,0.0,200704,0.0,0.0,0.0,0.0,0
3,chain_4svc,56,91.541595000308,79.17290800833143,12.368686991976574,2007040,3,26.150132001930615,0.3691829988383688,0.13318799756234512,61.90929500007769,602112,12.270071001694305,0.3277670002717059,0.0528699965798296,45.91875700134551,802816,15.333607003412908,0.20135399972787127,0.03862199810100719,27.595366998866666,401408,25.419098001293605,0.1277410010516178,0.026749999960884452,0.0,200704,0.0,0.0,0.0,0.0,0
3,chain_4svc,57,87.41304100112757,75.79766700655455,11.61537399457302,2007040,3,25.52008900238434,0.28320899946265854,0.16922699796850793,58.85392900017905,602112,11.976736001088284,0.36045299930265173,0.0491680002596695,43.325882998033194,802816,14.238070001738379,0.2160199983336497,0.06467300045187585,26.32536500095739,401408,24.062772001343546,0.17683999976725318,0.024723998649278656,0.0,200704,0.0,0.0,0.0,0.0,0
3,chain_4svc,58,89.22263999920688,77.6210939984594,11.601546000747476,2007040,3,26.23582700107363,0.24919499992392957,0.09442599912290461,60.02161300057196,602112,12.486997999076266,0.34439000228303485,0.05161299850442447,43.97150000295369,802816,13.929579999967245,0.19995599723188207,0.05566300023929216,27.362584001821233,401408,24.96868899834226,0.1561659992148634,0.02626100103952922,0.0,200704,0.0,0.0,0.0,0.0,0
3,chain_4svc,59,91.03398399747675,77.91973799976404,13.114245997712715,2007040,3,26.882701997237746,0.27971600138698705,0.2542930014897138,60.99506700047641,602112,12.540357998659601,0.5316349997883663,0.05238100129645318,43.92931599795702,802816,14.252806002332363,0.20784899970749393,0.05726999734179117,26.911824999842793,401408,24.243872001534328,0.16587400023126975,0.0253529979090672,0.0,200704,0.0,0.0,0.0,0.0,0
3,chain_4svc,60,91.94311399915023,80.56652799859876,11.37658600055147,2007040,3,26.28618299786467,0.29494200134649873,0.09680100265541114,62.64046800060896,602112,12.152177998359548,0.3251830021326896,0.05775899990112521,46.87754299811786,802816,14.549354000337189,0.1947189994098153,0.03764500070246868,29.720997998083476,401408,27.57881300203735,0.13661100092576817,0.02842599860741757,0.0,200704,0.0,0.0,0.0,0.0,0
3,chain_4svc,61,89.66229400175507,77.74185100424802,11.920442997507052,2007040,3,26.653271001123358,0.2900529980252031,0.27336000130162574,59.65808699693298,602112,12.484833001508377,0.3538189994287677,0.06104199928813614,43.57018999871798,802816,14.307353001640877,0.21427399769891053,0.06460399890784174,26.418393001222285,401408,24.296393999975407,0.14918099986971356,0.026399997295811772,0.0,200704,0.0,0.0,0.0,0.0,0
3,chain_4svc,62,91.82403399972827,81.1835800013796,10.640453998348676,2007040,3,27.72450299744378,0.33139900187961757,0.08464900020044297,61.031594002997736,602112,12.773489001119742,0.3473229990049731,0.05294000220601447,45.009698002104415,802816,15.124850000574952,0.21532200116780587,0.0780829977884423,27.377948998037027,401408,25.560738002241123,0.1369599995086901,0.039180999010568485,0.0,200704,0.0,0.0,0.0,0.0,0
3,chain_4svc,63,92.84840299733332,81.1198150004202,11.72858799691312,2007040,3,27.939405998040456,0.3181989995937329,0.09826800305745564,61.544091997348005,602112,12.563405998662347,0.3624780001700856,0.05678100205841474,45.5115789991396,802816,15.560522002488142,0.2332719996047672,0.08681399776833132,27.13755399963702,401408,25.05648100122926,0.13053400107310154,0.027237998438067734,0.0,200704,0.0,0.0,0.0,0.0,0
3,chain_4svc,64,94.04513999834307,82.01811999970232,12.027019998640753,2007040,3,27.024061000702204,0.3208519992767833,0.18333499974687584,63.13843899988569,602112,13.371543998800917,0.3870630025630817,0.051683000492630526,46.438518998911604,802816,15.025325999886263,0.27727099950425327,0.04015900049125776,28.71604599931743,401408,26.597189000312937,0.14422299864236265,0.0295429999823682,0.0,200704,0.0,0.0,0.0,0.0,0
3,chain_4svc,65,91.48439400087227,79.67450999785797,11.809884003014304,2007040,3,27.944853998633334,0.3186879985150881,0.18808400272973813,60.21388699809904,602112,12.834739998652367,0.37072000122861937,0.050984999688807875,43.77042599662673,802816,14.624504001403693,0.23075699937180616,0.04462899960344657,26.473986999917543,401408,24.270411999168573,0.13255999874672852,0.027587000658968464,0.0,200704,0.0,0.0,0.0,0.0,0
3,chain_4svc,66,90.6504840022535,78.93390800018096,11.716576002072543,2007040,3,26.259223999659298,0.31191300149657764,0.09477499770582654,61.10311199881835,602112,12.969254999916302,0.6063660002837423,0.056781998864607885,44.262880001042504,802816,14.930270997865591,0.23906800197437406,0.05817800047225319,26.722625003458234,401408,24.775158002739772,0.1286489969061222,0.027237998438067734,0.0,200704,0.0,0.0,0.0,0.0,0
3,chain_4svc,67,91.5872709992982,80.20300400312408,11.38426699617412,2007040,3,27.18518600158859,0.28181100060464814,0.2167879974876996,61.306071998842526,602112,13.353595000808127,0.4036149985040538,0.07927000115159899,44.32182700111298,802816,14.589164002245525,0.24109399964800104,0.03743499837582931,27.09550900181057,401408,25.075058998481836,0.15791199984960258,0.028704002033919096,0.0,200704,0.0,0.0,0.0,0.0,0
3,chain_4svc,68,89.06039799694554,77.11027199911769,11.950125997827854,2007040,3,26.55297900128062,0.2903320018958766,0.21706799816456623,59.468536001077155,602112,12.449982001271565,0.44489199717645533,0.06669900176348165,42.95544300111942,802816,14.440121998632094,0.2684719984245021,0.03827300315606408,25.83870699891122,401408,23.66718899793341,0.1581920005264692,0.024934000975918025,0.0,200704,0.0,0.0,0.0,0.0,0
3,chain_4svc,69,88.35017700039316,76.41192600203794,11.938250998355215,2007040,3,25.737506999576,0.30416099980357103,0.16817800133139826,59.49493700245512,602112,12.225860999024007,0.6497370013676118,0.06271800157264806,43.32441699807532,802816,14.581761002773419,0.25932299831765704,0.038761998439440504,25.96100000300794,401408,23.86679700066452,0.12983600026927888,0.02660899917827919,0.0,200704,0.0,0.0,0.0,0.0,0
3,chain_4svc,70,88.77132300040103,76.95585100373137,11.815471996669658,2007040,3,25.800993000302697,0.2785990000120364,0.18522000027587637,59.58510300115449,602112,12.676409001869615,0.4337169993959833,0.051404000259935856,43.19115899852477,802816,14.54278899836936,0.28907500018249266,0.039530001231469214,25.814890999754425,401408,23.935660003189696,0.1320709998253733,0.033385000278940424,0.0,200704,0.0,0.0,0.0,0.0,0
3,chain_4svc,71,92.42453399929218,80.28464799645008,12.139886002842104,2007040,3,27.979913997114636,0.3059070004383102,0.10713800293160602,61.145785002736375,602112,12.869941001554253,0.3748399976757355,0.06097200093790889,44.50152900244575,802816,15.053681996505475,0.26442099988344125,0.04162500044913031,26.659696999558946,401408,24.381111001275713,0.14100999760557897,0.025282999558839947,0.0,200704,0.0,0.0,0.0,0.0,0
3,chain_4svc,72,91.22130000105244,79.4994179996138,11.721882001438644,2007040,3,26.7498630018963,0.27957599741057493,0.18047099729301408,60.80782200297108,602112,13.289201000588946,0.4103899991605431,0.060203001339687034,44.09232699981658,802816,14.68917699821759,0.2332719996047672,0.03960000321967527,26.753633999760495,401408,24.77117699891096,0.1540709999972023,0.0267489995167125,0.0,200704,0.0,0.0,0.0,0.0,0
3,chain_4svc,73,90.8818700008851,79.00591599900508,11.875954001880018,2007040,3,26.638115999958245,0.31198199940263294,0.20889699953841045,60.88359899877105,602112,13.113897999573965,0.3768659989873413,0.05384800169849768,44.14603400073247,802816,14.59873199928552,0.23222399977385066,0.04714299939223565,26.765087997773662,401408,24.655170000187354,0.16692099961801432,0.028566002583829686,0.0,200704,0.0,0.0,0.0,0.0,0
3,chain_4svc,74,90.8260659998632,79.57449899549829,11.251567004364915,2007040,3,27.761868997913552,0.28949400075362064,0.09449600111111067,59.97614599982626,602112,13.107194001349853,0.329861999489367,0.053637999371858314,43.28327999974135,802816,14.616262997151352,0.20065500211785547,0.054895001085242257,26.174228001764277,401408,24.08917299908353,0.13353699978324585,0.027169000532012433,0.0,200704,0.0,0.0,0.0,0.0,0
3,chain_4svc,75,89.16299599877675,77.17941500231973,11.983580996457022,2007040,3,26.302804999431828,0.2842559988494031,0.10127100176759996,59.58552100128145,602112,12.919319000502583,0.3826629981631413,0.051402999815763906,42.674748998251744,802816,14.169066002068575,0.22761400032322854,0.05873699774383567,26.00213699770393,401408,23.788225000316743,0.13919400225859135,0.024514996766811237,0.0,200704,0.0,0.0,0.0,0.0,0
3,chain_4svc,76,88.40032399893971,76.27712999965297,12.123193999286741,2007040,3,26.048162999359192,0.31435699929716066,0.0891880008566659,58.70761099868105,602112,12.453265000658575,0.37141899883863516,0.05133299782755785,42.40327399747912,802816,14.18170699980692,0.21203999858698808,0.05308000254444778,25.951920997613342,401408,23.593994999828283,0.16748100097174756,0.024863998987711966,0.0,200704,0.0,0.0,0.0,0.0,0
3,chain_4svc,77,90.21166800084757,78.5499189987604,11.661749002087163,2007040,3,26.756846000353107,0.27999600206385367,0.19702399731613696,60.29553199914517,602112,13.784308001049794,0.360522997652879,0.10022300193668343,42.725943003461,802816,14.316920998680871,0.1956269989022985,0.039670001569902524,25.79030700144358,401408,23.69184399867663,0.12690200310316868,0.02640000093379058,0.0,200704,0.0,0.0,0.0,0.0,0
3,chain_4svc,78,88.39871700183721,76.82916000339901,11.569556998438202,2007040,3,25.8977240009699,0.34040899845422246,0.18061000082525425,59.31544300256064,602112,13.261333999253111,0.4004719994554762,0.05287000021780841,42.42506499940646,802816,13.977211001474643,0.200375998247182,0.0576899983570911,25.779063002119074,401408,23.692891001701355,0.1602869997441303,0.02577099803602323,0.0,200704,0.0,0.0,0.0,0.0,0
3,chain_4svc,79,88.82097999958205,77.74827600223944,11.072703997342614,2007040,3,26.350506999733625,0.27482700170367025,0.17090300025301985,59.427889002108714,602112,12.912823000078788,0.35479600046528503,0.05266099833534099,43.29913400215446,802816,14.621012000134215,0.1954869985638652,0.03764400025829673,26.07079199879081,401408,23.863934002292808,0.13206999938120134,0.024653996661072597,0.0,200704,0.0,0.0,0.0,0.0,0
3,chain_4svc,80,89.31448200019076,77.94746399667929,11.367018003511475,2007040,3,26.182886998867616,0.30660500124213286,0.0927500004763715,59.53516500085243,602112,13.279631999466801,0.3348910031490959,0.09009600034914911,42.83496599964565,802816,14.661450000858167,0.1994680023926776,0.038622998545179144,25.81943100085482,401408,23.823494997486705,0.1292770029976964,0.025772002118173987,0.0,200704,0.0,0.0,0.0,0.0,0
3,chain_4svc,81,89.16732499710633,77.6700529968366,11.497272000269732,2007040,3,26.214525998511817,0.3003190031449776,0.0858349994814489,59.714868999435566,602112,12.66726000176277,0.3496979988995008,0.05014599810237996,43.444823000754695,802816,14.568490998499328,0.20044600023538806,0.04469900159165263,26.23065899751964,401408,24.219775998062687,0.1313030006713234,0.028496000595623627,0.0,200704,0.0,0.0,0.0,0.0,0
3,chain_4svc,82,91.17324900216772,79.65202199920896,11.521227002958767,2007040,3,27.518191000126535,0.2803449970087968,0.17076299991458654,60.70054500014521,602112,12.526250000519212,0.39195199860841967,0.059574998886091635,44.377979000273626,802816,14.302953000878915,0.24360799943679012,0.03911100066034123,27.54968899898813,401408,25.304627997684292,0.17299800310865976,0.025632001779740676,0.0,200704,0.0,0.0,0.0,0.0,0
3,chain_4svc,83,92.89058699869202,80.844011001318,12.04657599737402,2007040,3,27.677640002366388,0.3322369993838947,0.11055899813072756,61.76982100078021,602112,12.813579000066966,0.38692300222464837,0.05503499778569676,45.361069998762105,802816,14.787026000703918,0.23697300275671296,0.0428829989687074,27.870193000126164,401408,25.565765998180723,0.1476460020057857,0.02940299964393489,0.0,200704,0.0,0.0,0.0,0.0,0
3,chain_4svc,84,92.49884500241023,81.10794399908627,11.390901003323961,2007040,3,28.23637400069856,0.342293998983223,0.0816449974081479,60.79874200077029,602112,12.844868000684073,0.4181420008535497,0.06495200068457052,44.60796800049138,802816,14.716834997670958,0.19639500169432722,0.050635000661714,27.444228002423188,401408,25.309867000032682,0.16042599963839166,0.024793000193312764,0.0,200704,0.0,0.0,0.0,0.0,0
3,chain_4svc,85,92.22394700191217,81.24567000049865,10.978277001413517,2007040,3,27.260335999017116,0.35276999915367924,0.09973300257115625,61.776525999448495,602112,12.818538001738489,0.33468099718447775,0.053777999710291624,45.54999299944029,802816,14.853794000373455,0.20575400048983283,0.041835999581962824,28.280025002459297,401408,26.31300199936959,0.16049600162659772,0.03555000148480758,0.0,200704,0.0,0.0,0.0,0.0,0
3,chain_4svc,86,91.9050509983208,80.44304899522103,11.46200200309977,2007040,3,27.329059998010052,0.6171910026750993,0.15721399904577993,60.88129400086473,602112,12.979242997971596,0.3320280011394061,0.051473001803969964,44.49049400136573,802816,14.286609999544453,0.19841999892378226,0.036597000871552154,27.81550800136756,401408,25.848135999694932,0.1469470007577911,0.048819001676747575,0.0,200704,0.0,0.0,0.0,0.0,0
3,chain_4svc,87,91.59397499752231,80.49270700212219,11.101267995400121,2007040,3,27.718428002117435,0.3821030004473869,0.10832399857463315,60.479845000372734,602112,12.884677002148237,0.34892899930127896,0.04916899706586264,44.34899499756284,802816,14.26831099888659,0.20086500080651604,0.05587399937212467,27.536490000784397,401408,25.621290998969926,0.1278099989576731,0.02346600012970157,0.0,200704,0.0,0.0,0.0,0.0,0
3,chain_4svc,88,89.00089300004765,76.92519299598644,12.075700004061218,2007040,3,26.31593600017368,0.39104399911593646,0.125714999740012,59.26669399923412,602112,12.725927997962572,0.3491380011837464,0.053916999604552984,42.827492998185335,802816,14.252666998800123,0.2088960027322173,0.0372260001313407,25.864548999379622,401408,23.630661999050062,0.1306730009673629,0.026679997972678393,0.0,200704,0.0,0.0,0.0,0.0,0
3,chain_4svc,89,89.25232299952768,78.28165799946873,10.970665000058943,2007040,3,26.39772099792026,0.2799260000756476,0.08492699998896569,59.65501399987261,602112,12.501805002102628,0.35346900040167384,0.051053997594863176,43.908572999498574,802816,14.359943997988012,0.236135001614457,0.060622001910815015,27.039426000555977,401408,25.022188001457835,0.15023000014480203,0.04001900015282445,0.0,200704,0.0,0.0,0.0,0.0,0
3,chain_4svc,90,88.84130400110735,77.23095800247393,11.61034599863342,2007040,3,25.63330300108646,0.2583440000307746,0.17264899724978022,59.95777799762436,602112,12.234800000442192,0.40626999907544814,0.051402999815763906,44.09679699892877,802816,14.177517001371598,0.22041999909561127,0.03987999662058428,27.330316999723436,401408,25.185337999573676,0.13367700012167916,0.02416500137769617,0.0,200704,0.0,0.0,0.0,0.0,0
3,chain_4svc,91,90.1186399969447,78.19847699647653,11.920163000468165,2007040,3,26.304760998755228,0.2765729987004306,0.18095999985234812,60.2979069990397,602112,12.55237099758233,0.39320799987763166,0.05007600339013152,44.08184999920195,802816,14.515131999360165,0.19758299822569825,0.04113600152777508,27.110595001431648,401408,24.826213000778807,0.14080099936109036,0.0295429999823682,0.0,200704,0.0,0.0,0.0,0.0,0
3,chain_4svc,92,91.53202599918586,79.70412500071689,11.827900998468976,2007040,3,27.891773999726865,0.29096100115566514,0.20833799862884916,59.92551100280252,602112,12.48504400064121,0.3865729995595757,0.06425399988074787,44.03268199894228,802816,14.752175000467105,0.21623000066028908,0.09442599912290461,26.6346930002328,401408,24.575131999881705,0.16175300333998166,0.02535199746489525,0.0,200704,0.0,0.0,0.0,0.0,0
3,chain_4svc,93,95.84132899908582,83.46293300201069,12.378395997075131,2007040,3,26.73519500240218,0.3401989997655619,0.18661699868971482,65.08353100070963,602112,13.01136999973096,0.4057100013596937,0.051544000598369166,48.49046799790813,802816,15.991235999536002,0.21769700106233358,0.05747999966843054,29.893298000388313,401408,27.725132000341546,0.21266800104058348,0.03603799996199086,0.0,200704,0.0,0.0,0.0,0.0,0
3,chain_4svc,94,93.19446899826289,81.13755399608635,12.056915002176538,2007040,3,27.696984998328844,0.3605230012908578,0.24423700233455747,62.26457899902016,602112,12.594346000696532,0.4254060004313942,0.04770200030179694,45.89570899770479,802816,15.395276997878682,0.26707500001066364,0.045747001422569156,27.73009099837509,401408,25.450945999182295,0.17181099974550307,0.02682000194909051,0.0,200704,0.0,0.0,0.0,0.0,0
3,chain_4svc,95,95.91920200182358,83.11791600499419,12.801285996829392,2007040,3,26.965742999891518,0.3816150019702036,0.27461799982120283,65.06788600017899,602112,12.888798002677504,0.47380699834320694,0.05768899791291915,48.28073300086544,802816,15.60186899951077,0.2907509988290258,0.08381000225199386,29.97633999984828,401408,27.661506002914393,0.1285090002056677,0.024723998649278656,0.0,200704,0.0,0.0,0.0,0.0,0
3,chain_4svc,96,103.03963499973179,91.30175900281756,11.737875996914227,2007040,3,30.88854200177593,0.3148459982185159,0.19374099792912602,68.68205499995383,602112,12.861071001680102,0.37316499947337434,0.05014599810237996,52.38721700152382,802816,20.035980000102427,0.23927700021886267,0.03715499769896269,29.8449680012709,401408,27.5161659992591,0.15714400069555268,0.029962000553496182,0.0,200704,0.0,0.0,0.0,0.0,0
3,chain_4svc,97,97.02766000191332,85.20499499718426,11.82266500472906,2007040,3,27.20467099788948,0.3330060026200954,0.1313030006713234,66.55753900122363,602112,12.895782001578482,0.33761499798856676,0.06537199806189165,50.039696998283034,802816,15.403727997181704,0.23669300207984634,0.0400200005969964,32.01878999971086,401408,29.700814000534592,0.1264140009880066,0.03387299875612371,0.0,200704,0.0,0.0,0.0,0.0,0
3,chain_4svc,98,96.23635399839259,83.64920300300582,12.587150995386764,2007040,3,27.34316799978842,0.2839070002664812,0.1925529977597762,65.44279599984293,602112,13.010742000915343,0.46305000068969093,0.05685099677066319,48.38214399933349,802816,16.286737001792062,0.26372199863544665,0.03883200042764656,29.034455001237802,401408,27.008556000509998,0.13556300109485164,0.03527000080794096,0.0,200704,0.0,0.0,0.0,0.0,0
3,chain_4svc,99,92.26920600121957,80.52413500627154,11.745070994948037,2007040,3,26.804129000083776,0.3217609992134385,0.10413400013931096,62.046743998507736,602112,12.202183999761473,0.3397799991944339,0.05824799882248044,46.258886002760846,802816,14.976576003391529,0.19632499970612116,0.03778499740292318,28.519232000689954,401408,26.541246003034757,0.1317209971603006,0.025212997570633888,0.0,200704,0.0,0.0,0.0,0.0,0
3,chain_4svc,100,91.41434300181572,80.04760399853694,11.36673900327878,2007040,3,26.053050998598337,0.2846749994205311,0.11691500185406767,61.836519998905715,602112,12.50236399937421,0.3276269999332726,0.05000700184609741,45.8088260020304,802816,15.775703999679536,0.23753200002829544,0.042394000047352165,27.543404001335148,401408,25.71648500088486,0.12452699957066216,0.027168000087840483,0.0,200704,0.0,0.0,0.0,0.0,0
3,chain_4svc,101,90.60787999987951,79.63518999895314,10.972690000926377,2007040,3,26.482437999220565,0.2793670028040651,0.09728999793878756,60.810614999354584,602112,12.241575001098681,0.32783699862193316,0.0759879985707812,45.05229999995208,802816,15.140355000767158,0.2089669978886377,0.04043800072395243,27.59655300178565,401408,25.770821997866733,0.1293460009037517,0.028146001568529755,0.0,200704,0.0,0.0,0.0,0.0,0
3,chain_4svc,102,96.49393000290729,85.20150400727289,11.292425995634403,2007040,3,27.20138900258462,0.29396399986580946,0.17460399976698682,66.14505499965162,602112,12.96066600116319,0.3753989985852968,0.06579000182682648,49.36530499981018,802816,16.309784001350636,0.18563900084700435,0.0386930005333852,30.6885850004619,401408,28.729665002174443,0.14324599760584533,0.03533999915816821,0.0,200704,0.0,0.0,0.0,0.0,0
3,chain_4svc,103,89.18066500336863,76.54713800002355,12.63352700334508,2007040,3,25.82844000062323,0.2460529976815451,0.19220499962102622,60.466923998319544,602112,11.986793000687612,0.37435099875438027,0.05091400089440867,44.22425799930352,802816,15.084202001162339,0.4705930005002301,0.06488299914053641,25.796453999646474,401408,23.64770299755037,0.13423600103124045,0.02695900184335187,0.0,200704,0.0,0.0,0.0,0.0,0
3,chain_4svc,104,87.86247299940442,76.22125799753121,11.641215001873206,2007040,3,25.983907999034273,0.2748970000538975,0.18934100080514327,58.82676200053538,602112,11.924772999918787,0.40871400051400997,0.05189199873711914,43.18110199892544,802816,14.535665999574121,0.21371500042732805,0.07186700167949311,25.81677699708962,401408,23.77691099900403,0.12683200111496262,0.027027999749407172,0.0,200704,0.0,0.0,0.0,0.0,0
3,chain_4svc,105,99.05509499731124,87.08373799890978,11.971356998401461,2007040,3,34.16558499884559,0.2885860012611374,0.12690199946518987,61.181124998256564,602112,14.053618000616552,0.3764469984162133,0.04958800127496943,43.7226539979747,802816,14.559131999703823,0.23250300000654534,0.03806400127359666,26.365802998043364,401408,24.30540299974382,0.15078800061019138,0.04043800072395243,0.0,200704,0.0,0.0,0.0,0.0,0
3,chain_4svc,106,103.14474600090762,89.03497599749244,14.109770003415179,2007040,3,30.7553549973818,0.47520299995085225,0.2375310032221023,68.08232399998815,602112,14.11479899979895,0.42868899981840514,0.06865400064270943,49.43591499977629,802816,16.75502500074799,0.2733610017457977,0.0900959967111703,29.77554500102997,401408,27.409796999563696,0.15930900190141983,0.0266800016106572,0.0,200704,0.0,0.0,0.0,0.0,0
3,chain_4svc,107,103.45665999921039,90.7069870045234,12.74967299468699,2007040,3,31.56251499967766,0.5076089983049314,0.12431800132617354,67.73136999981944,602112,13.270553001348162,0.43616199764073826,0.057689001550897956,50.856286001362605,802816,17.51190000140923,0.2459130009810906,0.04378999801701866,30.77058000053512,401408,28.362019002088346,0.13102299999445677,0.04043799708597362,0.0,200704,0.0,0.0,0.0,0.0,0
3,chain_4svc,108,98.90884700143943,86.08500099944649,12.823846001992933,2007040,3,26.407846999063622,0.37246599822537974,0.11342300058458932,69.1804449998017,602112,14.278648002800765,0.402079000195954,0.06739699892932549,50.577408001117874,802816,16.500243000336923,0.28181100060464814,0.03855199975077994,30.952307999541517,401408,28.898262997245183,0.16322000010404736,0.033804000850068405,0.0,200704,0.0,0.0,0.0,0.0,0
3,chain_4svc,109,94.42472999944584,81.06366099673323,13.361069002712611,2007040,3,26.26187799978652,0.2665859974513296,0.15693400200689211,64.78705200061086,602112,12.432242998329457,0.5388989993662108,0.0562919994990807,47.24847300167312,802816,15.61709399902611,0.2636520002852194,0.039950002246769145,28.94519700203091,401408,26.752445999591146,0.2494750006007962,0.02619099905132316,0.0,200704,0.0,0.0,0.0,0.0,0
3,chain_4svc,110,95.5553969979519,82.63768600227195,12.917710995679954,2007040,3,28.540813000290655,0.5106819990032818,0.14645800183643587,63.208629999280674,602112,12.424421001924202,0.3934880005544983,0.057199998991563916,46.89374699955806,802816,14.8965379994479,0.2855120001186151,0.08269300087704323,29.100035997544182,401408,26.77591400060919,0.14946100054658018,0.030520997825078666,0.0,200704,0.0,0.0,0.0,0.0,0
3,chain_4svc,111,91.96839700234705,80.35609500075225,11.612302001594799,2007040,3,27.158086999406805,0.2561799992690794,0.13695900270249695,61.79014499866753,602112,12.703577998763649,0.33272599830524996,0.050635000661714,45.38013699857402,802816,15.046487002109643,0.222794998990139,0.03806399763561785,27.75690999988001,401408,25.44794300047215,0.20184200184303336,0.02633099938975647,0.0,200704,0.0,0.0,0.0,0.0,0
3,chain_4svc,112,92.33150399813894,79.67003899466363,12.661465003475314,2007040,3,26.19902099831961,0.24123399998643436,0.23774100191076286,63.10030500026187,602112,13.028829998802394,0.8075799996731803,0.0682360005157534,45.51472300227033,802816,14.873977997922339,0.2271250014018733,0.03841299985651858,27.58307399926707,401408,25.568209999619285,0.1250870009243954,0.05147399861016311,0.0,200704,0.0,0.0,0.0,0.0,0
3,chain_4svc,113,89.32649399866932,77.50529600161826,11.821197997051058,2007040,3,26.040200002171332,0.36562199966283515,0.09254099859390408,60.05192500015255,602112,12.666351998632308,0.3281860008428339,0.05196300116949715,43.76232499998878,802816,14.373003999935463,0.2366940025240183,0.03708599979290739,26.81781899809721,401408,24.42574000087916,0.1266229992324952,0.025352001102874056,0.0,200704,0.0,0.0,0.0,0.0,0
3,chain_4svc,114,90.85190799669363,78.98803700663848,11.863870990055148,2007040,3,25.79645300284028,0.2578549974714406,0.21169100000406615,61.71038500178838,602112,12.13646300311666,0.33300499853794463,0.05245099964668043,46.019748002436245,802816,15.836398000828922,0.22831199748907238,0.037574001908069476,27.22296999854734,401408,25.218722999852616,0.1398230015183799,0.024164997739717364,0.0,200704,0.0,0.0,0.0,0.0,0
3,chain_4svc,115,89.54454099875875,78.68750699344673,10.857034005312016,2007040,3,26.637137998477556,0.2775510001811199,0.17076299991458654,60.02747999809799,602112,12.316025997279212,0.3507450019242242,0.0786420023359824,44.18144499868504,802816,14.531264998367988,0.22153800091473386,0.057829001889331266,27.186581999558257,401408,25.203077999321977,0.1278099989576731,0.027657999453367665,0.0,200704,0.0,0.0,0.0,0.0,0
3,chain_4svc,116,103.63720100212959,90.11486699819216,13.52233400393743,2007040,3,26.735125997220166,0.24346800273633562,0.24416700034635141,73.58026300062193,602112,14.241212000342784,0.5043270030000713,0.07682599971303716,55.19953299881308,802816,19.69619900046382,0.26064999838126823,0.04260299829184078,31.694375997176394,401408,29.442330000165384,0.15567700029350817,0.03142899731756188,0.0,200704,0.0,0.0,0.0,0.0,0
3,chain_4svc,117,105.27352099961718,91.49864099890692,13.774880000710255,2007040,3,29.16156599894748,0.3145670016238,0.18577900118543766,71.93556100173737,602112,16.249860000243643,0.47834599899942987,0.06467300045187585,51.841682001395384,802816,16.536699997232063,0.35891600055038,0.07102900053723715,31.693537999672117,401408,29.550515002483735,0.14282699703471735,0.028145997930550948,0.0,200704,0.0,0.0,0.0,0.0,0
3,chain_4svc,118,96.83315099755418,84.40216600502026,12.430984992533922,2007040,3,28.01029600232141,0.3033920002053492,0.1238289987668395,65.20756900135893,602112,13.69379400057369,0.436930000432767,0.06139099787105806,47.718787001940655,802816,17.863203000160865,0.20812900038436055,0.042255000153090805,27.107172001706203,401408,24.834873001964297,0.1498099991295021,0.02842599860741757,0.0,200704,0.0,0.0,0.0,0.0,0
3,chain_4svc,119,89.59531499931472,78.15084400135675,11.444470997957978,2007040,3,28.010645000904333,0.30094799876678735,0.17348699839203618,58.23848499858286,602112,12.306108998018317,0.5467209994094446,0.05301000055624172,42.36974999730592,802816,14.109142000961583,0.1877349968708586,0.04120599987800233,25.961349998397054,401408,23.724948001472512,0.20645199765567668,0.024863998987711966,0.0,200704,0.0,0.0,0.0,0.0,0
3,chain_4svc,120,88.75875100056874,76.71238299735705,12.046368003211683,2007040,3,26.131762999284547,0.2754560009634588,0.12201400022604503,59.32885299989721,602112,11.949635998462327,0.3962119990319479,0.04902900036540814,43.62494599990896,802816,14.84080400041421,0.24563300030422397,0.039391001337207854,26.08008099923609,401408,23.79017999919597,0.1646169985178858,0.025353001547046006,0.0,200704,0.0,0.0,0.0,0.0,0
3,chain_4svc,121,91.6462169989245,79.97455000077025,11.671666998154251,2007040,3,25.70949999790173,0.2686810003069695,0.2037980011664331,62.65066400010255,602112,12.832645003072685,0.4572529978759121,0.05747999966843054,45.77830500056734,802816,15.129598999919835,0.20296000002417713,0.04623499989975244,28.318855998804793,401408,26.302805999876,0.13737799963564612,0.028635000489884987,0.0,200704,0.0,0.0,0.0,0.0,0
3,chain_4svc,122,89.5969220000552,77.35974799652467,12.237174003530527,2007040,3,25.992498998675728,0.26986900047631934,0.10874299914576113,59.986063999531325,602112,12.845356999605428,0.44167899977765046,0.04937799894833006,43.352492997655645,802816,14.624294999521226,0.21797599765704945,0.04057800106238574,26.200486998277484,401408,23.897596998722292,0.1355620006506797,0.026331003027735278,0.0,200704,0.0,0.0,0.0,0.0,0
3,chain_4svc,123,91.35923700159765,79.48984899849165,11.869388003105996,2007040,3,26.681137998821214,0.25150000146823004,0.10008300159825012,61.908107996714534,602112,12.586174001626205,0.4491519975999836,0.05252099799690768,45.07611599910888,802816,15.384242000436643,0.22894100038683973,0.041974999476224184,27.041590998123866,401408,24.83829499760759,0.1798430021153763,0.02961200152640231,0.0,200704,0.0,0.0,0.0,0.0,0
3,chain_4svc,124,99.62039400124922,86.55573399664718,13.064660004602047,2007040,3,27.063241999712773,0.2765040007943753,0.17181000293930992,69.22786699942662,602112,13.851145999069558,0.7959860013215803,0.07047100007184781,50.74020900065079,802816,16.19691999803763,0.24758900326560251,0.06592999852728099,31.75653500147746,401408,29.444425999827217,0.1266920007765293,0.06341599873849191,0.0,200704,0.0,0.0,0.0,0.0,0
3,chain_4svc,125,97.06677099893568,84.61119999992661,12.455570999009069,2007040,3,28.201802000694443,0.2873979974538088,0.138636001793202,65.63842199830106,602112,14.110329000686761,0.4128340005991049,0.05545499880099669,47.8088130003016,802816,16.008276998036308,0.18990000171470456,0.03806400127359666,29.172880997066386,401408,26.2907920005091,0.17090300025301985,0.06732800102327019,0.0,200704,0.0,0.0,0.0,0.0,0
3,chain_4svc,126,96.81373499915935,82.88995400289423,13.923780996265123,2007040,3,27.110595001431648,0.27461799982120283,0.12641300054383464,66.35576699773083,602112,12.956056001712568,0.43664999975590035,0.059993999457219616,48.55926299933344,802816,15.482021000934765,0.4286879993742332,0.04127600186620839,29.423193002003245,401408,27.341281998815248,0.14589900092687458,0.027168000087840483,0.0,200704,0.0,0.0,0.0,0.0,0
3,chain_4svc,127,94.76458000062848,81.93807999850833,12.826500002120156,2007040,3,26.855043997784378,0.2528969998820685,0.23368999973172322,64.09003299995675,602112,13.337809999939054,0.5954709995421581,0.062647999584442,46.841226001561154,802816,15.852461001486517,0.404522997996537,0.047352998080896214,28.216817998327315,401408,25.89276499929838,0.15071800225996412,0.02912399941124022,0.0,200704,0.0,0.0,0.0,0.0,0
3,chain_4svc,128,91.02022599836346,78.70433899734053,12.31588700102293,2007040,3,27.30552299908595,0.36066200118511915,0.08094700024230406,60.47251099880668,602112,13.056487998255761,0.41255500036641024,0.051123999583069235,43.60217700013891,802816,14.48125799652189,0.2684720020624809,0.06439400021918118,26.205656002275646,401408,23.861070003476925,0.15232499936246313,0.030031998903723434,0.0,200704,0.0,0.0,0.0,0.0,0
3,chain_4svc,129,89.71809699869482,78.15915399987716,11.558942998817656,2007040,3,26.36161200280185,0.34173599851783365,0.10727699918788858,60.074624001572374,602112,12.412756997946417,0.4554369988909457,0.05238200174062513,44.09421200034558,802816,15.31852100015385,0.22754500241717324,0.04022899884148501,26.324037000449607,401408,24.066263998975046,0.1709729986032471,0.025912002456607297,0.0,200704,0.0,0.0,0.0,0.0,0
3,chain_4svc,130,96.15806200235966,84.49910700073815,11.658955001621507,2007040,3,28.446317002817523,0.32183099756366573,0.21029299750807695,64.35787599912146,602112,13.024640997173265,0.406269002269255,0.07410200123558752,47.507027000392554,802816,15.301550000003772,0.28648999796132557,0.03820300116785802,29.70374700089451,401408,27.72659900074359,0.1264829988940619,0.024863998987711966,0.0,200704,0.0,0.0,0.0,0.0,0
3,chain_4svc,131,95.63962600077502,83.98472300177673,11.654902998998296,2007040,3,28.20047500063083,0.2905410001403652,0.10504199963179417,64.12732800163212,602112,13.841928001056658,0.3526299988152459,0.04902900036540814,46.88676300065708,802816,15.579241000523325,0.22705499941366725,0.03855199975077994,28.851888000644976,401408,26.363078999565914,0.12864800009992905,0.059505997342057526,0.0,200704,0.0,0.0,0.0,0.0,0
3,chain_4svc,132,99.99719000188634,86.20470899768407,13.792481004202273,2007040,3,27.52056499957689,0.31240200041793287,0.17865499830804765,69.12492099945666,602112,13.679405998118455,0.4179330026090611,0.10217800081591122,50.321438000537455,802816,16.61506199889118,0.23753200002829544,0.037296002119546756,30.851735999021912,401408,28.38967600109754,0.13472499995259568,0.04930800059810281,0.0,200704,0.0,0.0,0.0,0.0,0
3,chain_4svc,133,94.20905799925094,82.48689599713543,11.72216200211551,2007040,3,27.459524000732927,0.3077930014114827,0.12152399722253904,63.45873299869709,602112,14.254412999434862,0.38259299981291406,0.04930800059810281,45.48874199826969,802816,15.544108999165474,0.2445860009174794,0.03862300218315795,27.42516199941747,401408,25.228849997802172,0.13353699978324585,0.03478100188658573,0.0,200704,0.0,0.0,0.0,0.0,0
3,chain_4svc,134,97.51781000159099,82.73392700357363,14.783882998017361,2007040,3,26.867476000916213,0.5891840010008309,0.10587999713607132,66.02835000012419,602112,12.790671000402654,0.4582309993566014,0.05859700104338117,48.851479001314146,802816,14.878169000439811,0.23871899975347333,0.03722599649336189,30.87855400008266,401408,28.19761100181495,0.16203300037886947,0.027237998438067734,0.0,200704,0.0,0.0,0.0,0.0,0
3,chain_4svc,135,96.0956230010197,83.32234299814445,12.773280002875254,2007040,3,27.863768002134748,0.3163129986205604,0.09344799764221534,64.54316500094137,602112,13.351638997846749,0.7109190009941813,0.05301000055624172,47.097546001168666,802816,16.192589999263873,0.22572800298803486,0.04134700066060759,28.286030999879586,401408,25.91434599889908,0.14261600153986365,0.025282999558839947,0.0,200704,0.0,0.0,0.0,0.0,0
3,chain_4svc,136,92.36579600110417,80.67066299554426,11.69513300555991,2007040,3,26.956803998473333,0.3163130022585392,0.10280700007569976,62.190826996811666,602112,12.917362997541204,0.3627580008469522,0.0534290011273697,45.4726780008059,802816,15.840587999264244,0.20854800095548853,0.03820300116785802,27.210050000576302,401408,24.95590800026548,0.14883299809298478,0.027588001103140414,0.0,200704,0.0,0.0,0.0,0.0,0
3,chain_4svc,137,91.14391600087401,79.34604599722661,11.797870003647404,2007040,3,26.51016600066214,0.29263699980219826,0.11998799891443923,61.40119599876925,602112,12.526668997452362,0.37148800038266927,0.0815050007076934,44.986160999542335,802816,14.703146000101697,0.3300710013718344,0.04092800008947961,27.68092199767125,401408,25.606064999010414,0.14736600132891908,0.0267489995167125,0.0,200704,0.0,0.0,0.0,0.0,0
3,chain_4svc,138,92.15305900215753,80.35092799764243,11.802131004515104,2007040,3,26.955126999382628,0.28195100094308145,0.20372800281620584,61.801179999747546,602112,13.010671998927137,0.32972299959510565,0.06167000174173154,45.34437899928889,802816,14.70810499813524,0.23934700220706873,0.03904100231011398,27.94241000083275,401408,25.677024001197424,0.1461789979657624,0.02912399941124022,0.0,200704,0.0,0.0,0.0,0.0,0
3,chain_4svc,139,91.34024100058014,80.04466999773285,11.295571002847282,2007040,3,27.527619000466075,0.25345599715365097,0.19562700254027732,60.78246900142403,602112,13.333758997760015,0.4323900029703509,0.07354400077019818,43.69297199809807,802816,14.847088998067193,0.19031900228583254,0.04064799941261299,26.295821997337043,401408,24.33620300143957,0.1602869997441303,0.024723998649278656,0.0,200704,0.0,0.0,0.0,0.0,0
3,chain_4svc,140,89.5769470007508,78.67563499530661,10.901312005444197,2007040,3,27.236937999987276,0.3364280019013677,0.18305499907000922,58.98299700129428,602112,12.737450997519772,0.33314500251435675,0.04993699985789135,42.9975579972961,802816,14.333822997286916,0.22628700025961734,0.04379100209916942,26.330463002523175,401408,24.367423000512645,0.15462899682461284,0.02905400106101297,0.0,200704,0.0,0.0,0.0,0.0,0
3,chain_4svc,141,94.58026699940092,81.9107020033698,12.669564996031113,2007040,3,26.847222001379123,0.3309800013084896,0.19164499826729298,64.01914299931377,602112,13.354153001273517,0.42030799886561,0.05482599954120815,46.91686399746686,802816,15.358680000645109,0.40563999937148765,0.059505997342057526,28.739232999214437,401408,26.35064700007206,0.14925199866411276,0.025213001208612695,0.0,200704,0.0,0.0,0.0,0.0,0
3,chain_4svc,142,93.59291500004474,82.21137200234807,11.38154299769667,2007040,3,27.289530000416562,0.2899819992308039,0.08366999827558175,63.026343003002694,602112,12.913383001432521,0.46242199823609553,0.05161299850442447,46.60383399823331,802816,15.788275999511825,0.23236400011228397,0.04085700129508041,28.3585960023629,401408,26.220183000987163,0.1538620017527137,0.02612000025692396,0.0,200704,0.0,0.0,0.0,0.0,0
3,chain_4svc,143,91.90162800223334,79.80246100123622,12.099167000997113,2007040,3,27.855805998115102,0.2519189984013792,0.16412800323450938,60.652283998933854,602112,12.80114700057311,0.3953039995394647,0.051613002142403275,44.28746399935335,802816,14.726961002452299,0.22251599875744432,0.04043899753014557,26.629733998561278,401408,24.418547000095714,0.15330200039898045,0.02612000025692396,0.0,200704,0.0,0.0,0.0,0.0,0
3,chain_4svc,144,98.78851000030409,85.68857999853208,13.099930001772009,2007040,3,27.7736720017856,0.32057299904408865,0.1259949967788998,67.75232200016035,602112,12.417854999512201,0.5180860025575384,0.053847998060518876,51.11484000008204,802816,15.360146997409174,0.27559500085772015,0.042464002035558224,32.52681900266907,401408,30.136905999825103,0.15721399904577993,0.03666700285975821,0.0,200704,0.0,0.0,0.0,0.0,0
3,chain_4svc,145,96.48967000248376,83.19662700159824,13.293043000885518,2007040,3,28.02342599898111,0.34459900052752346,0.18452200311003253,64.78139499813551,602112,13.14155500222114,0.494549996801652,0.05287000021780841,47.40254299758817,802816,16.159763999894494,0.3347509991726838,0.04889000047114678,28.264938002394047,401408,25.8718820005015,0.1753029973770026,0.02912399941124022,0.0,200704,0.0,0.0,0.0,0.0,0
3,chain_4svc,146,93.85545000259299,81.74294400305371,12.11250599953928,2007040,3,28.0163019997417,0.4372789990156889,0.15644599989173003,61.68559199795709,602112,12.67983200159506,0.3640849972725846,0.05384800169849768,45.59280600005877,802816,15.345341002102941,0.22747399998479523,0.039878999814391136,27.798605999123538,401408,25.701468999614008,0.15553699995507486,0.025771001674002036,0.0,200704,0.0,0.0,0.0,0.0,0
3,chain_4svc,147,90.87202199953026,79.85414200084051,11.01787999868975,2007040,3,27.938638002524385,0.24689099882380106,0.08269199679489248,59.88179000269156,602112,12.612433998583583,0.33523999809403904,0.05301000055624172,43.60818400164135,802816,14.839545998256654,0.21364599888329394,0.04204500146443024,26.380260002042633,401408,24.46352400147589,0.12613400031113997,0.026260997401550412,0.0,200704,0.0,0.0,0.0,0.0,0
3,chain_4svc,148,94.31954899991979,81.57120199757628,12.748347002343507,2007040,3,26.246582998282975,0.3215510005247779,0.18012200234807096,63.883440001518466,602112,12.99537700106157,0.4154879970883485,0.051543000154197216,47.12485300115077,802816,16.072602000349434,0.22901099873706698,0.04015900049125776,28.545982000650838,401408,26.256639997882303,0.16377900101360865,0.025911002012435347,0.0,200704,0.0,0.0,0.0,0.0,0
3,chain_4svc,149,92.03600399996503,80.36769099999219,11.66831299997284,2007040,3,28.13161100129946,0.2781100010906812,0.1868959989224095,60.6360109995876,602112,12.598326997249387,0.38587500239373185,0.05042600241722539,44.41520500040497,802816,15.349111999967135,0.22377299683284946,0.03869200008921325,26.556330998573685,401408,24.288641001476208,0.15476899716304615,0.03289500091341324,0.0,200704,0.0,0.0,0.0,0.0,0
3,chain_4svc,150,93.31068499886896,80.43417999942903,12.87650499943993,2007040,3,26.18959299798007,0.2928460016846657,0.1180319995910395,63.86451399885118,602112,12.424281001585769,0.5078879985376261,0.05196299753151834,47.05864299830864,802816,15.410084000905044,0.2704270009417087,0.04281299698050134,28.748731998348376,401408,26.41022199895815,0.16440699982922524,0.025282999558839947,0.0,200704,0.0,0.0,0.0,0.0,0
3,chain_4svc,151,96.58081300221966,85.35117499559419,11.229638006625464,2007040,3,29.221491000498645,0.38336099896696396,0.13130200022715144,63.94420300057391,602112,13.53462399856653,0.3533989984134678,0.051543000154197216,46.9632400017872,802816,15.877393998380285,0.1956269989022985,0.03862300218315795,28.63565900042886,401408,26.717665998148732,0.1278100025956519,0.02646999928401783,0.0,200704,0.0,0.0,0.0,0.0,0
3,chain_4svc,152,92.57972200066433,81.4790120057296,11.100709994934732,2007040,3,27.276329001324484,0.2808339995681308,0.08828000136418268,61.89965600060532,602112,13.721451003220864,0.33069999699364416,0.053009996918262914,44.83439400064526,802816,15.377887000795454,0.1975819977815263,0.03855199975077994,26.991864000592614,401408,25.1033450003888,0.1428260002285242,0.040368002373725176,0.0,200704,0.0,0.0,0.0,0.0,0
3,chain_4svc,153,90.90310100145871,79.00270300160628,11.90039799985243,2007040,3,25.756085000466555,0.3011580010934267,0.2256580009998288,62.0279560025665,602112,13.945503000286408,0.5643910008075181,0.09302899707108736,44.162796999444254,802816,14.853026001219405,0.2886559996113647,0.044279997382545844,26.519453997025266,401408,24.44808899963391,0.17677000141702592,0.02723800207604654,0.0,200704,0.0,0.0,0.0,0.0,0
3,chain_4svc,154,92.95092999673216,82.07043100628653,10.88049899044563,2007040,3,26.14559200083022,0.3317480004625395,0.17977300012717023,63.786080998397665,602112,14.312521001556888,0.35500499870977364,0.07137799912015907,45.88369600242004,802816,15.086228002473945,0.24570299865445122,0.039459999243263155,28.368024999508634,401408,26.526090001425473,0.13870600014342926,0.02898399907280691,0.0,200704,0.0,0.0,0.0,0.0,0
3,chain_4svc,155,87.49021599942353,75.6946519977646,11.795564001658931,2007040,3,25.857494998490438,0.25038200328708626,0.13458499961416237,58.70390999916708,602112,11.983091000729473,0.39802800165489316,0.06578999818884768,42.91807800109382,802816,14.18387300145696,0.22670599719276652,0.038622001738986,25.795755002036458,401408,23.670192997087725,0.15092800094862469,0.02626000059535727,0.0,200704,0.0,0.0,0.0,0.0,0
3,chain_4svc,156,89.34325700101908,77.54245299656759,11.800804004451493,2007040,3,26.530907998676412,0.2867010007321369,0.19520800196914934,59.36775500231306,602112,11.932385998079553,0.40934199932962656,0.05070500264992006,43.90885199973127,802816,14.275505000114208,0.2171380001527723,0.06788600148865953,26.82759700110182,401408,24.803653999697417,0.15358200107584707,0.025281999114667997,0.0,200704,0.0,0.0,0.0,0.0,0
3,chain_4svc,157,94.45455199966091,81.98669099874678,12.467861000914127,2007040,3,26.55975399829913,0.32825599919306114,0.11265400098636746,64.23418600024888,602112,12.199600001622457,0.4404920000524726,0.06152999776531942,48.331926998798735,802816,15.549556999758352,0.20742999913636595,0.042953000956913456,29.99093600010383,401408,27.677779999066843,0.2192329993704334,0.02695900184335187,0.0,200704,0.0,0.0,0.0,0.0,0
3,chain_4svc,158,93.7913359994127,81.37131400144426,12.420021997968433,2007040,3,27.422506998846075,0.27329099975759163,0.18130900207324885,62.85592899803305,602112,12.14805700146826,0.44496099872048944,0.05049600076745264,46.73946700131637,802816,14.90387100056978,0.22230600006878376,0.04951799928676337,29.042557001957903,401408,26.896879000560148,0.15546799841104075,0.03624800228863023,0.0,200704,0.0,0.0,0.0,0.0,0
3,chain_4svc,159,93.51860400056466,80.69999500366976,12.818608996894909,2007040,3,27.275421001832,0.3371960010554176,0.12829899787902832,62.33784399955766,602112,13.181155001802836,0.572213000850752,0.07207699673017487,44.879092998598935,802816,15.43466799921589,0.24926500191213563,0.03925100099877454,26.730445999419317,401408,24.80875100081903,0.13004599895793945,0.025702000129967928,0.0,200704,0.0,0.0,0.0,0.0,0
3,chain_4svc,160,93.19831000175327,81.28708500225912,11.911224999494152,2007040,3,26.225910001812736,0.30437000168603845,0.16468699686811306,63.39636499978951,602112,12.939152999024373,0.4615840007318184,0.04965799962519668,46.651396001834655,802816,16.10396099931677,0.23983600112842396,0.03994999860879034,27.88437100025476,401408,26.01806100210524,0.13206999938120134,0.024375000066356733,0.0,200704,0.0,0.0,0.0,0.0,0
3,chain_4svc,161,88.64972900119028,76.73410500137834,11.915623999811942,2007040,3,25.98956600195379,0.27643399880616926,0.12836899986723438,59.48990899923956,602112,12.262806001672288,0.385875999199925,0.05629299994325265,43.771612999989884,802816,13.751482998486608,0.19939800040447153,0.0780830014264211,27.081541000370635,401408,24.730249999265652,0.22663600248051807,0.025142999220406637,0.0,200704,0.0,0.0,0.0,0.0,0
3,chain_4svc,162,91.37034300147207,79.59614800347481,11.774194997997256,2007040,3,26.007445001596352,0.3941870018024929,0.18144899877370335,61.896095001429785,602112,13.382578999880934,0.3841990001092199,0.050844999350374565,44.77880000195,802816,14.40219800133491,0.22328399791149423,0.06125100117060356,27.980054001091048,401408,25.803926000662614,0.1489729984314181,0.028496000595623627,0.0,200704,0.0,0.0,0.0,0.0,0
3,chain_4svc,163,89.53874399958295,77.15245600047638,12.386287999106571,2007040,3,25.748402000317583,0.26092800180776976,0.2234940002381336,60.61729399880278,602112,12.318609999056207,0.5214379998506047,0.07466100214514881,44.115513999713585,802816,14.369093001732836,0.2643509978952352,0.06732700057909824,27.107032998173963,401408,24.71635099936975,0.20742999913636595,0.025772002118173987,0.0,200704,0.0,0.0,0.0,0.0,0
3,chain_4svc,164,88.62374800082762,77.2015559959982,11.422192004829412,2007040,3,26.066041999001754,0.2786680015560705,0.09798799874261022,59.45261300075799,602112,12.375741000141716,0.3687639982672408,0.05105400123284198,43.542463001358556,802816,14.391441996849608,0.20135400336585008,0.04435000300873071,26.409802998387022,401408,24.368331000005128,0.14352400103234686,0.028215999918757007,0.0,200704,0.0,0.0,0.0,0.0,0
3,chain_4svc,165,91.65313099947525,79.41651600049227,12.236614998982986,2007040,3,26.233103999402374,0.2871889992093202,0.09226000111084431,62.124058000335936,602112,12.555304001580225,0.3781929990509525,0.05293999856803566,45.887816999311326,802816,14.273829001467675,0.22230600006878376,0.03715599814313464,28.873540002678055,401408,26.35427899804199,0.17614100215723738,0.025353001547046006,0.0,200704,0.0,0.0,0.0,0.0,0
3,chain_4svc,166,91.03070299897809,79.71836999786319,11.312333001114894,2007040,3,28.104302000429016,0.26043999969260767,0.21560199820669368,59.821168000780744,602112,12.620884997886606,0.34781200156430714,0.05307900210027583,44.005024999933084,802816,14.289402999565937,0.19709400294232182,0.03855300019495189,27.09034099825658,401408,24.703779999981634,0.16985500042210333,0.0267489995167125,0.0,200704,0.0,0.0,0.0,0.0,0
3,chain_4svc,167,89.25029700185405,77.32706200113171,11.923235000722343,2007040,3,25.80706899971119,0.3523519990267232,0.1544900005683303,60.10325800161809,602112,12.785363000148209,0.34299199978704564,0.05210200106375851,43.626970997138415,802816,13.87042300120811,0.20205200053169392,0.03855300019495189,27.146283999172738,401408,24.864207000064198,0.14603899762732908,0.02905400106101297,0.0,200704,0.0,0.0,0.0,0.0,0
3,chain_4svc,168,93.77988099731738,81.50129099522019,12.27859000209719,2007040,3,26.54620399698615,0.2860020031221211,0.09177200263366103,63.67859500096529,602112,12.768460997904185,0.3397799991944339,0.053637999371858314,47.28646699732053,802816,15.026304001366952,0.20358799883979373,0.04015900049125776,29.549746999691706,401408,27.1603219989629,0.187943998753326,0.030102000891929492,0.0,200704,0.0,0.0,0.0,0.0,0
3,chain_4svc,169,94.35823999956483,81.08719800293329,13.271041996631538,2007040,3,26.027070001873653,0.35779899917542934,0.19779200010816567,64.24228700052481,602112,13.428884001768893,0.464726999780396,0.05440599852590822,47.12017400015611,802816,15.033985997433774,0.210782000067411,0.04183500277576968,29.517409999243682,401408,26.59725800185697,0.2681219993974082,0.024375000066356733,0.0,200704,0.0,0.0,0.0,0.0,0
3,chain_4svc,170,94.68223600197234,82.63929200256825,12.042943999404088,2007040,3,27.591664998908527,0.4362309991847724,0.17125100202974863,63.60239800051204,602112,12.63778700013063,0.380079000024125,0.05287000021780841,47.315520998381544,802816,15.720530001999578,0.29605899908347055,0.06390500129782595,28.96929199778242,401408,26.68931000152952,0.14540999836754054,0.03387299875612371,0.0,200704,0.0,0.0,0.0,0.0,0
3,chain_4svc,171,94.4829079999181,81.7750000023807,12.707907997537404,2007040,3,27.60262999800034,0.29382399952737615,0.11188600183231756,63.589896002667956,602112,12.258127000677632,0.39293000008910894,0.05587399937212467,47.54914099976304,802816,15.28862900158856,0.3100969988736324,0.08101699859253131,29.1079280032136,401408,26.625614002114162,0.15071899906615727,0.030031998903723434,0.0,200704,0.0,0.0,0.0,0.0,0
3,chain_4svc,172,93.19663299902459,79.92181999361492,13.27481300540967,2007040,3,26.758242998766946,0.3215510005247779,0.09533400225336663,63.03158100126893,602112,12.731724000332179,0.3910429986717645,0.1125150010921061,46.28640300143161,802816,14.796733998082345,0.24451600256725214,0.04141599856666289,28.07629599919892,401408,25.635118996433448,0.18843300131266005,0.02423500336590223,0.0,200704,0.0,0.0,0.0,0.0,0
3,chain_4svc,173,88.90814299957128,76.97701400320511,11.93112899636617,2007040,3,26.458762000402203,0.329442998918239,0.09735999992699362,59.23589400117635,602112,12.287739999010228,0.3482309984974563,0.04972800161340274,43.41926100096316,802816,14.182336002704687,0.2131569999619387,0.059783997130580246,26.37537199916551,401408,24.048176001087995,0.2086870008497499,0.027027999749407172,0.0,200704,0.0,0.0,0.0,0.0,0
3,chain_4svc,174,88.2517710015236,76.05154300108552,12.200228000438074,2007040,3,25.7729869990726,0.3283949990873225,0.20631200095522217,59.3872410026961,602112,12.523805002274457,0.3309799976705108,0.051053997594863176,43.26623899760307,802816,14.158660000248346,0.22230600006878376,0.11977800022577867,26.067787999636494,401408,23.596090999490116,0.1735560035740491,0.02618999860715121,0.0,200704,0.0,0.0,0.0,0.0,0
3,chain_4svc,175,89.41484500246588,76.40822300527361,13.00662199719227,2007040,3,25.692598999739857,0.254782000411069,0.12445799802662805,59.73596100011491,602112,12.650149001274258,0.34822999805328436,0.04965799962519668,43.41060099977767,802816,14.113961002294673,0.24716999905649573,0.04043800072395243,26.541244998952607,401408,23.951514001964824,0.1885029996628873,0.02598199716885574,0.0,200704,0.0,0.0,0.0,0.0,0
3,chain_4svc,176,91.27200600050855,79.49934899806976,11.772657002438791,2007040,3,26.986905999365263,0.27838900132337585,0.10497199764358811,60.78505299956305,602112,12.235638001584448,0.33642799826338887,0.05531499846256338,45.294162999198306,802816,14.088119998632465,0.21909299903200008,0.06439400021918118,28.44275600000401,401408,26.188684998487588,0.14052099868422374,0.025282002752646804,0.0,200704,0.0,0.0,0.0,0.0,0
3,chain_4svc,177,89.4748390019231,77.7295590050926,11.745279996830504,2007040,3,26.265860000421526,0.24025500169955194,0.11286399967502803,60.24161400273442,602112,12.349341002845904,0.420725998992566,0.05852699905517511,44.09944999861182,802816,13.905274001444923,0.22705499941366725,0.06104199928813614,27.57462299996405,401408,25.209084000380244,0.22286499734036624,0.02905400106101297,0.0,200704,0.0,0.0,0.0,0.0,0
3,chain_4svc,178,88.91882799798623,77.1994610040565,11.719366993929725,2007040,3,26.57861099942238,0.2475889996276237,0.1765589986462146,59.305177001078846,602112,12.169359000836266,0.34145599784096703,0.04902900036540814,43.61502800020389,802816,13.781026002106955,0.2263569986098446,0.08192400127882138,27.013655002519954,401408,24.6704650016909,0.1489729984314181,0.02912399941124022,0.0,200704,0.0,0.0,0.0,0.0,0
3,chain_4svc,179,86.57096000024467,74.88043700504932,11.690522995195352,2007040,3,25.268450001021847,0.2521979986340739,0.1672709986451082,58.16633799986448,602112,12.350319000688614,0.42777999988175,0.08911799886845984,41.992117003246676,802816,13.777604002825683,0.20030599989695475,0.03952999759349041,25.644408000516705,401408,23.484064000513172,0.16426799993496388,0.025003002519952133,0.0,200704,0.0,0.0,0.0,0.0,0
3,chain_4svc,180,89.59384899935685,77.12437999725807,12.469469002098776,2007040,3,26.22004300064873,0.2795060026983265,0.09016599869937636,59.998215998348314,602112,12.02597399969818,0.35395799932302907,0.05007599975215271,44.25778099903255,802816,14.34360099665355,0.22097900000517257,0.05706100273528136,27.069317999121267,401408,24.534762000257615,0.17963299978873692,0.04637500023818575,0.0,200704,0.0,0.0,0.0,0.0,0
3,chain_4svc,181,87.88796499720775,76.1770470016927,11.710917995515047,2007040,3,25.97839100053534,0.27440800113254227,0.10434399882797152,58.806228000321425,602112,12.125986002502032,0.3366370001458563,0.04798199734068476,43.07151999819325,802816,13.909324999985984,0.19953800074290484,0.038622998545179144,26.459740001882892,401408,24.163344998669345,0.14582899893866852,0.02584200046840124,0.0,200704,0.0,0.0,0.0,0.0,0
3,chain_4svc,182,89.26803699796437,77.03533199673984,12.23270500122453,2007040,3,25.89465100027155,0.2774109998426866,0.09505400157650001,60.21779900038382,602112,12.216081999213202,0.363456998456968,0.07068000195431523,44.277895998675376,802816,13.897032997192582,0.21273800302878954,0.05252100163488649,27.60486400075024,401408,25.027566000062507,0.17181099974550307,0.0267489995167125,0.0,200704,0.0,0.0,0.0,0.0,0
3,chain_4svc,183,88.90080900164321,77.57953900363646,11.321269998006755,2007040,3,25.92642800300382,0.2445859972795006,0.09449599747313187,60.06756900023902,602112,12.376300001051277,0.38112599941086955,0.05042500197305344,44.35325500162435,802816,14.08302200070466,0.19583599714678712,0.042532999941613525,27.58733500013477,401408,25.1937889988767,0.1653159997658804,0.02612100070109591,0.0,200704,0.0,0.0,0.0,0.0,0
3,chain_4svc,184,88.18255799997132,76.62173100106884,11.560826998902485,2007040,3,25.68191300088074,0.2843949987436645,0.17509299868834205,59.40602799819317,602112,12.454034000256797,0.3694619990710635,0.05049500032328069,43.53442999854451,802816,13.877756999136182,0.22028000239515677,0.03736500002560206,26.92034600113402,401408,24.60802700079512,0.16601400056970306,0.02577099803602323,0.0,200704,0.0,0.0,0.0,0.0,0
3,chain_4svc,185,89.46275599737419,77.59420400179806,11.868551995576127,2007040,3,26.42698400086374,0.298783001198899,0.08688399975653738,59.81236799925682,602112,12.521500000730157,0.3687639982672408,0.05245099964668043,43.785860998468706,802816,14.152234001812758,0.22139799693832174,0.05803900057799183,26.889615000982303,401408,24.493485998391407,0.17034400298143737,0.028215999918757007,0.0,200704,0.0,0.0,0.0,0.0,0
3,chain_4svc,186,90.33452099902206,77.70539299963275,12.629127999389311,2007040,3,26.597398002195405,0.3944649979530368,0.12327099830145016,59.71074800254428,602112,12.27670499793021,0.3648530000646133,0.0534290011273697,43.91849000239745,802816,14.201961999788182,0.19394999981159344,0.08702299965079874,27.054161997511983,401408,24.629327999718953,0.15665500177419744,0.027588001103140414,0.0,200704,0.0,0.0,0.0,0.0,0
3,chain_4svc,187,89.89123499850393,77.84842900218791,12.04280599631602,2007040,3,26.014150000264635,0.37560900091193616,0.13486399984685704,60.59173099856707,602112,12.269581002328778,0.3162439970765263,0.054337000619852915,44.78487700180267,802816,13.948995001555886,0.19869999960064888,0.03806399763561785,28.077553000912303,401408,25.615702998038614,0.17306700101471506,0.02695900184335187,0.0,200704,0.0,0.0,0.0,0.0,0
3,chain_4svc,188,87.66223700149567,75.94384699768852,11.718390003807144,2007040,3,25.964142998418538,0.2459130009810906,0.15644500308553688,58.70293200132437,602112,12.064735998137621,0.35304999983054586,0.051123999583069235,43.02584299875889,802816,13.795763003145112,0.22258500030147843,0.04448899926501326,26.535728000453673,401408,24.119204997987254,0.17223000031663105,0.02723800207604654,0.0,200704,0.0,0.0,0.0,0.0,0
3,chain_4svc,189,97.79026199976215,85.65149499918334,12.13876700057881,2007040,3,25.67520799857448,0.2738500006671529,0.10867300079553388,68.96281899753376,602112,12.954729001648957,0.42931699863402173,0.05964400043012574,51.96034300024621,802816,14.026798999111634,0.1994680023926776,0.039459999243263155,35.26161099944147,401408,32.99475899984827,0.1693660015007481,0.036737001209985465,0.0,200704,0.0,0.0,0.0,0.0,0
3,chain_4svc,190,101.17583899773308,86.21993600172573,14.955902996007353,2007040,3,29.239160001452547,0.3242759994463995,0.11202599853277206,65.91785899945535,602112,13.269715000205906,0.4388149973237887,0.054406002163887024,48.8481270003831,802816,15.303715001209639,0.23508699814556167,0.04162500044913031,30.784966998908203,401408,28.407345998857636,0.16901699927984737,0.04085700129508041,0.0,200704,0.0,0.0,0.0,0.0,0
3,chain_4svc,191,92.62435100026778,80.04215900655254,12.582191993715242,2007040,3,26.940670002659317,0.3044399963982869,0.22300499767879955,61.689153997576796,602112,12.333975999354152,0.32916399868554436,0.07473000005120412,45.694983997236704,802816,14.076736002607504,0.20673099788837135,0.060133999795652926,28.852657000243198,401408,26.690777001931565,0.14673699843115173,0.02842499816324562,0.0,200704,0.0,0.0,0.0,0.0,0
3,chain_4svc,192,90.65334800106939,78.54077099545975,12.112577005609637,2007040,3,26.64977899985388,0.3347509991726838,0.08618499850854278,60.09892799920635,602112,12.442579998605652,0.36024300061399117,0.053497999033425,44.17927900067298,802816,14.766422998945927,0.24437600222881883,0.03764400025829673,26.890523000474786,401408,24.681988998054294,0.17656000272836536,0.03142900095554069,0.0,200704,0.0,0.0,0.0,0.0,0
3,chain_4svc,193,96.87966500132461,84.63243399819476,12.247231003129855,2007040,3,29.2019349981274,0.396282001020154,0.1940200017997995,64.22538599872496,602112,13.582954998128116,0.4328089999035001,0.05657099973177537,47.091469001316,802816,15.991725002095336,0.23990699992282316,0.042813000618480146,28.22051900147926,401408,25.855818999843905,0.19276300008641556,0.02577099803602323,0.0,200704,0.0,0.0,0.0,0.0,0
3,chain_4svc,194,100.48049399847514,88.2271859991306,12.253307999344543,2007040,3,27.682947998982854,0.27350000164005905,0.16189300004043616,69.42398300088826,602112,13.823908997437684,0.5453240009956062,0.06139100150903687,51.60121800145134,802816,16.2764690030599,0.22670699763693847,0.036247998650651425,32.70330899977125,401408,30.443859999650158,0.15567700029350817,0.04742300006910227,0.0,200704,0.0,0.0,0.0,0.0,0
3,chain_4svc,195,98.05517099812278,86.82050399875152,11.234666999371257,2007040,3,27.732744998502312,0.29927200012025423,0.18829300097422674,67.2313729992311,602112,12.69987599880551,0.3326559999550227,0.04993699985789135,51.16184300277382,802816,15.097821000381373,0.20687099822680466,0.04323200118960813,33.804572998633375,401408,31.290062001062324,0.1468070004193578,0.05440699897008017,0.0,200704,0.0,0.0,0.0,0.0,0
3,chain_4svc,196,95.2396430002409,81.53488300013123,13.704760000109673,2007040,3,27.62455999982194,0.25450300017837435,0.25806499979807995,64.39251600022544,602112,12.9141500001424,0.41688499914016575,0.07403299969155341,47.05969100177754,802816,15.409663999889744,0.4184219978924375,0.037296002119546756,27.953933000389952,401408,25.586509000277147,0.17767799727153033,0.0358280012733303,0.0,200704,0.0,0.0,0.0,0.0,0
3,chain_4svc,197,95.60086400233558,81.87228899987531,13.728575002460275,2007040,3,27.210537999053486,0.6322080007521436,0.12536600115709007,63.05812099890318,602112,12.812600998586277,0.650574998871889,0.10979100261465646,46.52868400080479,802816,15.513449001446133,0.23222399977385066,0.06586100062122568,28.584255000168923,401408,26.335701000789413,0.21853499856661074,0.02856499850167893,0.0,200704,0.0,0.0,0.0,0.0,0
3,chain_4svc,198,93.85538100104895,82.24287000120967,11.612510999839287,2007040,3,27.450864003185416,0.4104589970665984,0.09100399984163232,62.75947800168069,602112,12.699737002549227,0.361431000783341,0.05007599975215271,46.66131399790174,802816,15.748815996630583,0.2533850019972306,0.04092800008947961,28.604089999134885,401408,26.34345299884444,0.17523299902677536,0.025213001208612695,0.0,200704,0.0,0.0,0.0,0.0,0
3,chain_4svc,199,95.12028300014208,83.97326800331939,11.14701499682269,2007040,3,26.866987001994858,0.27007799872080795,0.1201979976030998,65.14603899995564,602112,12.876576001872309,0.3519319980114233,0.04993699985789135,48.957430000882596,802816,15.27417099714512,0.21623000066028908,0.03897200076607987,31.156176002696157,401408,28.955534002307104,0.16342899834853597,0.04923799860989675,0.0,200704,0.0,0.0,0.0,0.0,0
3,chain_4svc,200,121.69239899958484,105.03207900183043,16.660319997754414,2007040,3,31.322048998845275,0.31051699988893233,0.17432499953429215,86.60001499811187,602112,16.37187400046969,0.6757880000805017,0.11942899800487794,65.45152599937865,802816,21.933718002401292,0.9221199979947414,0.05482599954120815,38.59033700064174,401408,35.40443800011417,0.42819899681489915,0.03771400224650279,0.0,200704,0.0,0.0,0.0,0.0,0
4,chain_4svc,1,97.05440999823622,84.87380799488164,12.18060200335458,2007040,3,29.19055099846446,0.26609699852997437,0.11433100007707253,64.38776700088056,602112,13.536509999539703,0.35416800164966844,0.06627900074818172,47.218092000548495,802816,15.887870998994913,0.29026200354564935,0.05517499812413007,28.58893400116358,401408,26.25887599788257,0.1379370005452074,0.028565002139657736,0.0,200704,0.0,0.0,0.0,0.0,0
4,chain_4svc,2,95.76701700279955,83.79838299151743,11.96863401128212,2007040,3,29.218137999123428,0.30374199923244305,0.18990000171470456,63.10372799998731,602112,13.845488996594213,0.3704410009959247,0.060064001445425674,45.54608100079349,802816,15.606826997100143,0.2218870031356346,0.04190500112599693,27.30405699912808,401408,25.127928998699645,0.1407310010108631,0.02626000059535727,0.0,200704,0.0,0.0,0.0,0.0,0
4,chain_4svc,3,95.87988199928077,82.98752100017737,12.892360999103403,2007040,3,28.36187800130574,0.2836280000337865,0.12194399823783897,63.74857600167161,602112,14.136660000076517,0.4207960009807721,0.05601299926638603,45.7407299982151,802816,15.70160299888812,0.2670050016604364,0.042253999708918855,27.124144002300454,401408,24.78737999990699,0.1436649981769733,0.027168000087840483,0.0,200704,0.0,0.0,0.0,0.0,0
4,chain_4svc,4,97.67942399776075,85.00999800526188,12.669425992498873,2007040,3,29.23720500257332,0.33628799792495556,0.092889997176826,64.58143900090363,602112,13.659921001817565,0.3248329994676169,0.059155998314963654,47.3160099973029,802816,16.058633002103306,0.2502429997548461,0.05775899990112521,28.27303999947617,401408,26.054238998767687,0.1350740021734964,0.027727000997401774,0.0,200704,0.0,0.0,0.0,0.0,0
4,chain_4svc,5,96.36758700071368,84.82023800024763,11.547349000466056,2007040,3,29.12070900129038,0.2910309995058924,0.17139099873020314,64.0807429990673,602112,13.815667000017129,0.35402800131123513,0.09254099859390408,46.767264000664,802816,16.287644997646566,0.24214100267272443,0.05789799979538657,27.72101200025645,401408,25.596217001293553,0.14310600090539083,0.0358990000677295,0.0,200704,0.0,0.0,0.0,0.0,0
4,chain_4svc,6,97.7929859982396,85.05504600179847,12.737939996441128,2007040,3,29.171483998652548,0.28418600049917586,0.18012100190389901,65.01760000173817,602112,13.868049001757754,0.37414199687191285,0.07668599937460385,46.884596999007044,802816,16.295187000650913,0.21469399871421047,0.038622998545179144,27.84826300194254,401408,25.72032600073726,0.1292769993597176,0.03240700243622996,0.0,200704,0.0,0.0,0.0,0.0,0
4,chain_4svc,7,98.46144000039203,86.95837200139067,11.50306799900136,2007040,3,30.105826001090463,0.27790099920821376,0.23376000171992928,64.71441699977731,602112,13.958073999674525,0.32525300048291683,0.05580400102189742,47.27040299985674,802816,16.522942001756746,0.2265659968543332,0.048190999223152176,28.238607999810483,401408,26.371529998868937,0.13116300033289008,0.02961300197057426,0.0,200704,0.0,0.0,0.0,0.0,0
4,chain_4svc,8,95.58947999903467,83.45643900611321,12.133040992921451,2007040,3,28.43116200165241,0.32504299815627746,0.1097210006264504,63.92332000177703,602112,13.98901400170871,0.5261180012894329,0.10287699842592701,45.90974699749495,802816,15.861610001593363,0.24276999829453416,0.04001900015282445,27.108360001875553,401408,25.17465300115873,0.128577998111723,0.027029000193579122,0.0,200704,0.0,0.0,0.0,0.0,0
4,chain_4svc,9,98.08841600170126,85.66182999857119,12.426586003130069,2007040,3,30.779519998759497,0.28670000028796494,0.14988000111770816,63.789364001422655,602112,13.752111000940204,0.3346819976286497,0.054616000852547586,46.376569000130985,802816,15.62596399890026,0.23040800078888424,0.04337200152804144,27.951349002250936,401408,25.50423499997123,0.13598199802800082,0.027169000532012433,0.0,200704,0.0,0.0,0.0,0.0,0
4,chain_4svc,10,95.66267400077777,83.1255989978672,12.53707500291057,2007040,3,28.613378999580164,0.26148699907935224,0.18165800065617077,63.47563400049694,602112,13.471906000631861,0.3695330015034415,0.053777999710291624,46.40324800129747,802816,15.9735669985821,0.24675100212334655,0.057968001783592626,27.39582799767959,401408,25.066746999073075,0.13388599836616777,0.026191002689301968,0.0,200704,0.0,0.0,0.0,0.0,0
4,chain_4svc,11,95.199972998671,82.69607299735071,12.50390000132029,2007040,3,28.880104000563733,0.3432019984757062,0.09065499762073159,62.568321998696774,602112,13.51534800051013,0.3221100014343392,0.05049500032328069,45.38244300056249,802816,15.398489998915466,0.25771600121515803,0.0428829989687074,27.102702999400208,401408,24.902130997361382,0.13919400225859135,0.025771001674002036,0.0,200704,0.0,0.0,0.0,0.0,0
4,chain_4svc,12,95.40453900262946,83.85383900531451,11.55069999731495,2007040,3,29.010707999987062,0.31708199821878225,0.10162000035052188,63.15100999927381,602112,13.592523002444068,0.38259299981291406,0.07012099740677513,45.96136000327533,802816,15.565482000965858,0.27880800189450383,0.045117998524801806,27.619671000138624,401408,25.685126001917524,0.1603559976501856,0.028145997930550948,0.0,200704,0.0,0.0,0.0,0.0,0
4,chain_4svc,13,94.80285300014657,83.35628399436246,11.446569005784113,2007040,3,28.439681998861488,0.24612299966975115,0.11838200225611217,63.24501699782559,602112,13.574294000136433,0.33195800278917886,0.0556639970454853,46.199311000236776,802816,16.04585199675057,0.25198900038958527,0.040508002712158486,27.533555999980308,401408,25.296455998613965,0.13905500236433,0.02660999962245114,0.0,200704,0.0,0.0,0.0,0.0,0
4,chain_4svc,14,94.87290399920312,82.8633430028276,12.009560996375512,2007040,3,28.44003100108239,0.25045299844350666,0.12089600204490125,63.2148459990276,602112,13.420363000477664,0.3532590017130133,0.05440699897008017,46.29953400217346,802816,15.821033000975149,0.254292997851735,0.04134600021643564,27.501428998220945,401408,25.181916000292404,0.1436649981769733,0.031008999940240756,0.0,200704,0.0,0.0,0.0,0.0,0
4,chain_4svc,15,96.00252400196041,82.82046100430307,13.18206299765734,2007040,3,28.31061500182841,0.32748800003901124,0.13954399764770642,63.69675400128472,602112,13.468764002027456,0.34844000037992373,0.053428997489390895,46.287659999507014,802816,15.75887299986789,0.2581349981483072,0.057270000979769975,27.7078809995146,401408,25.282209000579314,0.1695059982012026,0.025700999685795978,0.0,200704,0.0,0.0,0.0,0.0,0
4,chain_4svc,16,94.7439769988705,82.83191399823409,11.912063000636408,2007040,3,28.76486599780037,0.2760839997790754,0.11691500185406767,62.569577999965986,602112,13.52477600084967,0.3388719997019507,0.056362998293479905,45.384049000858795,802816,15.611996001098305,0.25862399706966244,0.060063001001253724,27.071692999015795,401408,24.93027599848574,0.1343060030194465,0.027656999009195715,0.0,200704,0.0,0.0,0.0,0.0,0
4,chain_4svc,17,95.5126549997658,83.15521300028195,12.357441999483854,2007040,3,28.913279998960206,0.29291600003489293,0.18270500004291534,63.29209099931177,602112,13.520237000193447,0.3924410011677537,0.05245099964668043,46.12646599707659,802816,15.609342000971083,0.28879499950562604,0.04092800008947961,27.502337001351407,401408,25.11235400015721,0.1299760006077122,0.028075999580323696,0.0,200704,0.0,0.0,0.0,0.0,0
4,chain_4svc,18,95.71379800036084,83.55540400225436,12.158393998106476,2007040,3,29.22931300054188,0.26134699874091893,0.17858600040199235,62.955593999504345,602112,13.54754500061972,0.34578600025270134,0.050774997362168506,45.708254001510795,802816,15.84778100004769,0.24947499696281739,0.039950002246769145,26.975799999490846,401408,24.930765001045074,0.13395700079854578,0.02842599860741757,0.0,200704,0.0,0.0,0.0,0.0,0
4,chain_4svc,19,97.05287399992812,85.12991500174394,11.922958998184185,2007040,3,28.83463699981803,0.29857299887225963,0.14492199989035726,65.0118730009126,602112,13.500750999810407,0.35570399995776825,0.054058000387158245,47.90177299946663,802816,16.242107001744444,0.2552719997765962,0.041974999476224184,28.748870998242637,401408,26.552420000371058,0.13304900130606256,0.04441900091478601,0.0,200704,0.0,0.0,0.0,0.0,0
4,chain_4svc,20,98.55544700258179,84.87743799923919,13.678009003342595,2007040,3,29.165965999709442,0.27866900200024247,0.17565199959790334,65.09442599781323,602112,13.514090998796746,0.3818240002146922,0.05524500011233613,47.94256000241148,802816,15.75482200132683,0.24109399964800104,0.0400200005969964,29.142988001694903,401408,26.442558999406174,0.1757220015861094,0.02709800173761323,0.0,200704,0.0,0.0,0.0,0.0,0
4,chain_4svc,21,96.11385099924519,83.1158199980564,12.998031001188792,2007040,3,28.395891000400297,0.26665599943953566,0.10245799785479903,63.83497000206262,602112,13.531061998946825,0.34173600215581246,0.0780830014264211,46.521071999450214,802816,15.699367999332026,0.22237600205698982,0.060133999795652926,28.100461000576615,401408,25.489498999377247,0.16782999955466948,0.027727000997401774,0.0,200704,0.0,0.0,0.0,0.0,0
4,chain_4svc,22,95.71882599993842,83.06357899709838,12.655247002840042,2007040,3,28.71430000232067,0.32811599885462783,0.12313099796301685,63.418294997973135,602112,13.566820998676121,0.4101810009160545,0.07906099926913157,45.94033800094621,802816,15.747837998787872,0.21916300102020614,0.04190500112599693,27.32661600020947,401408,25.034619997313712,0.15064900071593001,0.028635000489884987,0.0,200704,0.0,0.0,0.0,0.0,0
4,chain_4svc,23,96.87303100145073,83.76681600202573,13.106214999424992,2007040,3,29.286652999871876,0.3096779983025044,0.1722999986668583,64.0469399986614,602112,13.64455500151962,0.3339830000186339,0.06439400021918118,46.43656400003238,802816,15.723673001048155,0.21615999867208302,0.04001900015282445,27.77269400030491,401408,25.111934999586083,0.15986800281098112,0.026678997528506443,0.0,200704,0.0,0.0,0.0,0.0,0
4,chain_4svc,24,96.08849899814231,83.86550399882253,12.22299499931978,2007040,3,28.74035100103356,0.2780399991024751,0.1771890019881539,64.15344900233322,602112,13.330268000572687,0.37742399945273064,0.0724259989510756,47.08525300156907,802816,15.797216998180375,0.2271250014018733,0.07913000081316568,28.439334000722738,401408,25.99766799903591,0.15448900012415834,0.02709800173761323,0.0,200704,0.0,0.0,0.0,0.0,0
4,chain_4svc,25,99.47072300201398,87.13786500084097,12.332858001173008,2007040,3,28.91795799951069,0.2842559988494031,0.1871759995992761,67.11634400198818,602112,13.903249000577489,0.34578600025270134,0.054895001085242257,49.51749000247219,802816,16.48005899915006,0.2628840011311695,0.04721300138044171,30.210100001568208,401408,27.836599001602735,0.1588199993420858,0.030380997486645356,0.0,200704,0.0,0.0,0.0,0.0,0
4,chain_4svc,26,101.59600599945406,89.77816000333405,11.817845996120013,2007040,3,29.66889700110187,0.2564589995017741,0.1615430010133423,68.67423200310441,602112,14.81838400286506,0.34187599885626696,0.06153099820949137,50.28581900114659,802816,17.721703999995952,0.3979579996666871,0.04092699964530766,29.688872000406263,401408,27.56917499937117,0.16894700092962012,0.029124003049219027,0.0,200704,0.0,0.0,0.0,0.0,0
4,chain_4svc,27,101.27564299909864,89.28472900151974,11.9909139975789,2007040,3,32.036460001108935,0.3526309992594179,0.18054099928122014,65.68863900247379,602112,14.666339000541484,0.3703010006574914,0.05580300057772547,47.39597799925832,802816,16.560516000026837,0.27259199850959703,0.039670001569902524,27.98619999884977,401408,26.02141399984248,0.18193699725088663,0.02709800173761323,0.0,200704,0.0,0.0,0.0,0.0,0
4,chain_4svc,28,100.65942900109803,89.08491300098831,11.574516000109725,2007040,3,29.976269997860072,0.31205300183501095,0.19604500266723335,67.55061899821158,602112,15.075332001288189,0.37784400046803057,0.053987998398952186,48.92837499937741,802816,17.802092999772867,0.2719630028877873,0.04141599856666289,28.39686999868718,401408,26.23121800206718,0.15330200039898045,0.041834999137790874,0.0,200704,0.0,0.0,0.0,0.0,0
4,chain_4svc,29,99.65014599947608,88.01291200143169,11.637233998044394,2007040,3,30.235243000788614,0.3121919980912935,0.09777800005394965,66.10873700265074,602112,14.874188000248978,0.3554249997250736,0.05573299858951941,47.52504700081772,802816,17.404412999894703,0.22880199685459957,0.039880000258563086,27.55394999985583,401408,25.499068000499392,0.16608299847575836,0.0267489995167125,0.0,200704,0.0,0.0,0.0,0.0,0
4,chain_4svc,30,96.04652400230407,84.11546500065015,11.93105900165392,2007040,3,29.309420999197755,0.3165220005030278,0.0906550012587104,63.42143800065969,602112,13.731298997299746,0.3574500005925074,0.05294000220601447,46.14134199800901,802816,15.964975002134452,0.2533859988034237,0.04085799810127355,27.34316799978842,401408,25.109770002018195,0.13318799756234512,0.0267489995167125,0.0,200704,0.0,0.0,0.0,0.0,0
4,chain_4svc,31,96.08479700182215,84.05742599643418,12.027371005387977,2007040,3,28.795596001145896,0.2538049993745517,0.09763799971551634,64.18299100187141,602112,14.265097997849807,0.3376849999767728,0.05252100163488649,46.22068299795501,802816,15.842053999222117,0.25017300140461884,0.04420999903231859,27.552064002520638,401408,25.154677998216357,0.14045200077816844,0.0267489995167125,0.0,200704,0.0,0.0,0.0,0.0,0
4,chain_4svc,32,95.26960499715642,83.09158599513466,12.178019002021756,2007040,3,28.918447998876218,0.2652590010256972,0.10916199971688911,62.97780300155864,602112,13.423715998214902,0.36638999881688505,0.05503500142367557,45.74324500208604,802816,15.652223999495618,0.3040209994651377,0.042464002035558224,27.10437900168472,401408,25.097197998547927,0.13311899965628982,0.02667900116648525,0.0,200704,0.0,0.0,0.0,0.0,0
4,chain_4svc,33,94.90489200106822,82.82758500354248,12.077306997525739,2007040,3,28.65989299971261,0.28670000028796494,0.1657350003370084,62.89951100188773,602112,13.451024002279155,0.34236399733345024,0.0521019974257797,45.75218500031042,802816,15.530491000390612,0.23375999808195047,0.07347299833782017,27.423346000432502,401408,25.186177001160104,0.13598199802800082,0.02577099803602323,0.0,200704,0.0,0.0,0.0,0.0,0
4,chain_4svc,34,95.45957400041516,83.10583400088944,12.353739999525715,2007040,3,28.65109399863286,0.24619200121378526,0.1755820012476761,63.387006000994006,602112,13.48007799970219,0.3577290008252021,0.054756001190980896,45.98007800086634,802816,15.870829000050435,0.25101199935306795,0.0625079992460087,27.215637001063442,401408,25.10383300250396,0.13165099881007336,0.04770200030179694,0.0,200704,0.0,0.0,0.0,0.0,0
4,chain_4svc,35,94.99722199689131,82.98612499856972,12.011096998321591,2007040,3,28.92668899949058,0.2782500014291145,0.21064199972897768,62.53773099888349,602112,13.37573499768041,0.34948800021084026,0.05594300091615878,45.44362399974489,802816,15.732752002804773,0.24619199757580645,0.06202000076882541,26.99696299896459,401408,24.950948998593958,0.13458500325214118,0.026749999960884452,0.0,200704,0.0,0.0,0.0,0.0,0
4,chain_4svc,36,95.7394299985026,82.56148700456833,13.177942993934266,2007040,3,28.619874003197765,0.2799260000756476,0.19925899687223136,63.047155999811366,602112,13.472605001879856,0.3418059968680609,0.057130000641336665,45.68143500000588,802816,15.287022000848083,0.23878899810370058,0.04351199822849594,27.67149399733171,401408,25.18198599864263,0.14589900092687458,0.026749999960884452,0.0,200704,0.0,0.0,0.0,0.0,0
4,chain_4svc,37,94.99966699877405,82.76633300556568,12.233333993208362,2007040,3,28.672534001088934,0.26721500034909695,0.09589299952494912,62.87534500006586,602112,13.628492000862025,0.34683400008361787,0.05531500210054219,45.63540899835061,802816,15.197625001746928,0.25715699666761793,0.04141599856666289,27.622186000371585,401408,25.267682001867797,0.13409599705482833,0.026818997866939753,0.0,200704,0.0,0.0,0.0,0.0,0
4,chain_4svc,38,94.92088600018178,83.31172700127354,11.609158998908242,2007040,3,28.290639998886036,0.2943129984487314,0.16538500130991451,63.4207389994117,602112,13.472394999553217,0.3564019971236121,0.05817800047225319,46.17759000029764,802816,16.00520500142011,0.21664899759343825,0.04043800072395243,27.435150001110742,401408,25.543487001414178,0.12934699770994484,0.027097998099634424,0.0,200704,0.0,0.0,0.0,0.0,0
4,chain_4svc,39,97.6527429993439,85.8269369964546,11.825806002889294,2007040,3,30.65813500143122,0.25128999914159067,0.1674799968895968,63.789153999096015,602112,13.606979999167379,0.3710689998115413,0.05489600152941421,46.70747900308925,802816,16.00520499778213,0.28306899912422523,0.039599999581696466,27.94031499797711,401408,25.556616998073878,0.13842600310454145,0.027517002308741212,0.0,200704,0.0,0.0,0.0,0.0,0
4,chain_4svc,40,99.7063690010691,88.06592200198793,11.640446999081178,2007040,3,31.538907998765353,0.28160200236015953,0.1898990012705326,64.88657699810574,602112,14.899541001796024,0.4361610008345451,0.053428997489390895,46.32348899758654,802816,16.01176999974996,0.23906800197437406,0.04015900049125776,27.781913999206154,401408,25.615703001676593,0.14017200010130182,0.026958998205373064,0.0,200704,0.0,0.0,0.0,0.0,0
4,chain_4svc,41,97.27846199893975,85.161834002065,12.11662799687474,2007040,3,29.35775199875934,0.2832079990184866,0.28537300022435375,64.43197699991288,602112,14.14895199923194,0.32483399991178885,0.06488300277851522,46.20426999827032,802816,16.044735002651578,0.21245899915811606,0.04050799907417968,27.698801997757982,401408,25.610395001422148,0.13102299999445677,0.02626000059535727,0.0,200704,0.0,0.0,0.0,0.0,0
4,chain_4svc,42,98.06851199755329,85.46075699996436,12.607754997588927,2007040,3,29.274150998389814,0.25862400070764124,0.23487799990107305,65.15602600120474,602112,13.965756999823498,0.45397099893307313,0.056781998864607885,47.14412999965134,802816,16.092996000224957,0.2389289984421339,0.04386000000522472,28.05583200097317,401408,26.12785300152609,0.1321400013694074,0.027726997359422967,0.0,200704,0.0,0.0,0.0,0.0,0
4,chain_4svc,43,98.27971299819183,84.85893100078101,13.420781997410813,2007040,3,29.079363001073943,0.2987120024044998,0.10594999912427738,65.33384299837053,602112,13.907928998378338,0.5685809992428403,0.09316800060332753,47.06213600002229,802816,16.157109999767272,0.4189809988019988,0.042394000047352165,27.78694100197754,401408,25.71452900156146,0.12543599950731732,0.027169000532012433,0.0,200704,0.0,0.0,0.0,0.0,0
4,chain_4svc,44,96.1091019999003,84.04324900038773,12.065852999512572,2007040,3,29.18091299943626,0.2637920006236527,0.09302900070906617,63.580885998817394,602112,13.569894999818644,0.33035099841072224,0.0625079992460087,46.31846100164694,802816,15.924885999993421,0.22754500241717324,0.04260399873601273,27.71116299845744,401408,25.367555001139408,0.14031200043973513,0.028356000257190317,0.0,200704,0.0,0.0,0.0,0.0,0
4,chain_4svc,45,94.95755199895939,82.35559500099043,12.601956997968955,2007040,3,28.65800799918361,0.2725220001593698,0.09309900269727223,63.24788100027945,602112,13.4872019989416,0.34878900260082446,0.054756001190980896,45.905347000370966,802816,15.25259100162657,0.19653399795060977,0.04099699799553491,27.768364001531154,401408,24.957794001238653,0.16552499801036902,0.02612100070109591,0.0,200704,0.0,0.0,0.0,0.0,0
4,chain_4svc,46,93.85943099914584,81.4682560012443,12.391174997901544,2007040,3,27.879064000444487,0.25764599922695197,0.11062900011893362,62.54143300247961,602112,13.223969002865488,0.34236399733345024,0.050355996791040525,45.63142799815978,802816,14.719697999680648,0.22957000328460708,0.0590859999647364,28.180499997688457,401408,25.645524998253677,0.1567250001244247,0.033385000278940424,0.0,200704,0.0,0.0,0.0,0.0,0
4,chain_4svc,47,91.97370499896351,80.58845999767072,11.385245001292787,2007040,3,28.270595998037606,0.25715700030559674,0.15993700071703643,60.644879999017576,602112,12.937407998833805,0.33789400185924023,0.05252099799690768,44.295984000200406,802816,14.349119002872612,0.19653399795060977,0.04099699799553491,27.334577000146965,401408,25.0313369979267,0.14715699944645166,0.025352001102874056,0.0,200704,0.0,0.0,0.0,0.0,0
4,chain_4svc,48,89.86657999776071,77.7839660004247,12.082613997336011,2007040,3,26.65899799831095,0.25918300161720254,0.17418499919585884,59.91419699785183,602112,12.599164998391643,0.3408270022191573,0.05007599975215271,43.64883200105396,802816,14.730594000866404,0.238997999986168,0.03813299917965196,26.241904000926297,401408,23.7952090028557,0.15420999989146367,0.025282999558839947,0.0,200704,0.0,0.0,0.0,0.0,0
4,chain_4svc,49,89.94564100066782,78.18450700142421,11.761133999243611,2007040,3,25.84240900250734,0.27999599842587486,0.1400319997628685,61.01825400037342,602112,12.276145997020649,0.33670700213406235,0.05196300116949715,45.05411599893705,802816,16.039566999097588,0.22035100118955597,0.039599999581696466,26.388570997369243,401408,24.026385002798634,0.1816589974623639,0.024793000193312764,0.0,200704,0.0,0.0,0.0,0.0,0
4,chain_4svc,50,87.588483998843,76.14031100092689,11.448172997916117,2007040,3,25.398704998224275,0.27231300191488117,0.1848009997047484,59.07553799988818,602112,12.341588000708725,0.33950099896173924,0.05105400123284198,43.358848997741006,802816,15.00304699948174,0.2222360017185565,0.04113600152777508,25.632045999373076,401408,23.396971002512146,0.12285199773032218,0.024863998987711966,0.0,200704,0.0,0.0,0.0,0.0,0
4,chain_4svc,51,89.05963000142947,77.30659800290596,11.753031998523511,2007040,3,25.541392002196517,0.2586230002634693,0.1266229992324952,60.62337000184925,602112,12.190940000436967,0.33125899790320545,0.05335899913916364,44.63073599981726,802816,15.018900001450675,0.2213990010204725,0.05615199916064739,26.99521599788568,401408,24.5553659988218,0.1278099989576731,0.026749999960884452,0.0,200704,0.0,0.0,0.0,0.0,0
4,chain_4svc,52,93.31264000138617,80.88919700094266,12.423443000443513,2007040,3,27.34833599970443,0.2857920007954817,0.12110600073356181,62.853693998476956,602112,12.80882900027791,0.5038379968027584,0.05000700184609741,45.93440199823817,802816,15.780523997818818,0.2398370015725959,0.039670001569902524,27.62127699679695,401408,24.951508003141498,0.2741289972618688,0.026679997972678393,0.0,200704,0.0,0.0,0.0,0.0,0
4,chain_4svc,53,95.30068400272285,84.79621299920836,10.504471003514482,2007040,3,28.119249000155833,0.24647099780850112,0.12341099863988347,64.41737999921315,602112,13.518142000975786,0.31771000067237765,0.08290199912153184,47.7002799998445,802816,15.368806998594664,0.23327100279857405,0.03925100099877454,30.00078400145867,401408,27.790014999482082,0.14778500190004706,0.02577199848019518,0.0,200704,0.0,0.0,0.0,0.0,0
4,chain_4svc,54,91.43864799989387,80.12834099645261,11.310307003441267,2007040,3,27.854896998178447,0.25666900182841346,0.19164600234944373,60.64187700030743,602112,13.110684998537181,0.35158299942850135,0.06055300036678091,43.95739200117532,802816,14.707965001434786,0.1963949980563484,0.042255000153090805,26.74294800090138,401408,24.454793998302193,0.17062299957615323,0.02584200046840124,0.0,200704,0.0,0.0,0.0,0.0,0
4,chain_4svc,55,94.85362699706457,82.71101800346514,12.142608993599424,2007040,3,27.53718800158822,0.3251829984947108,0.1498099991295021,63.76533799993922,602112,14.731571001902921,0.42191399916191585,0.05063600110588595,45.49740199945518,802816,15.927051998005481,0.2501030030543916,0.06418500197469257,27.084055000159424,401408,24.51520700196852,0.19304300076328218,0.024933997337939218,0.0,200704,0.0,0.0,0.0,0.0,0
4,chain_4svc,56,92.15152199976728,80.51875699675293,11.632765003014356,2007040,3,27.30496399817639,0.28251000185264274,0.20337900059530511,61.60750899653067,602112,13.219918000686448,0.3313979977974668,0.06851500074844807,44.84738599785487,802816,15.483975999813993,0.2237029984826222,0.057829001889331266,26.831786999537144,401408,24.509898998076096,0.17998200200963765,0.030521001463057473,0.0,200704,0.0,0.0,0.0,0.0,0
4,chain_4svc,57,90.5988710001111,78.15643200228806,12.442438997823047,2007040,3,26.417275999847334,0.2549919990997296,0.1928329984366428,60.92732100296416,602112,12.613413000508444,0.4328089999035001,0.05915500150877051,44.14526600157842,802816,14.619266003137454,0.24514399774488993,0.06285799827310257,26.591949997964548,401408,24.506476998794824,0.16776000120444223,0.02940299964393489,0.0,200704,0.0,0.0,0.0,0.0,0
4,chain_4svc,58,93.97739300038666,82.75194400630426,11.225448994082399,2007040,3,29.480463002983015,0.2845349990820978,0.197512999875471,61.46517099841731,602112,13.268317001347896,0.4222630013828166,0.05231199975241907,44.591903999389615,802816,15.25252000283217,0.22523999723489396,0.036107998312218115,26.854554998863023,401408,24.750643999141175,0.15043899838929065,0.024724002287257463,0.0,200704,0.0,0.0,0.0,0.0,0
4,chain_4svc,59,89.7809550006059,77.79234699773951,11.988608002866386,2007040,3,26.87473999685608,0.2554810016590636,0.2019120001932606,59.9676259989792,602112,12.646377999772085,0.4438440009835176,0.05573399903369136,43.07605999929365,802816,14.483492999715963,0.28642100005527027,0.0400200005969964,25.74016099970322,401408,23.787736001395388,0.15295300181605853,0.026749999960884452,0.0,200704,0.0,0.0,0.0,0.0,0
4,chain_4svc,60,89.21691300201928,77.69002799977898,11.526885002240306,2007040,3,26.644051999028306,0.2447260012559127,0.08332099969265983,59.143562997633126,602112,12.03791599982651,0.4675900017900858,0.050635000661714,43.65427899756469,802816,15.231289002258563,0.23487799990107305,0.03813399962382391,25.92286700019031,401408,23.776770998665597,0.15365199942607433,0.04658400212065317,0.0,200704,0.0,0.0,0.0,0.0,0
4,chain_4svc,61,93.04291200169246,81.60109500022372,11.441817001468735,2007040,3,25.878168002236634,0.3807069988397416,0.08213399996748194,63.738658998772735,602112,12.9300049993617,0.42743100129882805,0.046165001549525186,47.47098799998639,802816,15.377816998807248,0.20226199922035448,0.04099700163351372,29.801874999975553,401408,27.41510499981814,0.1345149976259563,0.03142900095554069,0.0,200704,0.0,0.0,0.0,0.0,0
4,chain_4svc,62,91.88905599876307,79.73262099767453,12.15643500108854,2007040,3,26.285345997166587,0.346484001056524,0.08339100168086588,62.086832000204595,602112,13.279144000989618,0.39642099727643654,0.06055199992260896,45.14840300180367,802816,15.455829998245463,0.2496839988452848,0.056711000070208684,26.904841000941815,401408,24.712301001272863,0.1651050006330479,0.030799998057773337,0.0,200704,0.0,0.0,0.0,0.0,0
4,chain_4svc,63,90.71962700181757,77.37832599377725,13.341301008040318,2007040,3,26.478387997485697,0.3690430021379143,0.10650900003383867,60.99122600062401,602112,12.514166999608278,0.3970500001742039,0.06201900032465346,44.047207997209625,802816,14.159637998091057,0.2433280023979023,0.04050799907417968,27.016657000785926,401408,24.22613299859222,0.18082000315189362,0.024513999960618094,0.0,200704,0.0,0.0,0.0,0.0,0
4,chain_4svc,64,89.82453600037843,78.0920370016247,11.732498998753726,2007040,3,27.243153999734204,0.28698000096483156,0.16580500232521445,59.31488500209525,602112,12.554396002087742,0.4877739993389696,0.06683899846393615,42.98561500036158,802816,14.380546999746002,0.21273799939081073,0.03813400326180272,25.927126996975858,401408,23.913940000056755,0.13039400073466823,0.025282999558839947,0.0,200704,0.0,0.0,0.0,0.0,0
4,chain_4svc,65,89.77236399732647,77.39648399729049,12.375880000035977,2007040,3,26.12959799807868,0.3157540013489779,0.08388000060222112,60.0291560003825,602112,13.152310999430483,0.6505050005216617,0.05706100273528136,42.89482000240241,802816,14.308469999377849,0.24221100102295168,0.05817900091642514,25.890390999848023,401408,23.806105000403477,0.13675000082002953,0.029962000553496182,0.0,200704,0.0,0.0,0.0,0.0,0
4,chain_4svc,66,89.98580100160325,77.29968300191103,12.686117999692215,2007040,3,25.67367200026638,0.4525740005192347,0.20561400015139952,60.55143199773738,602112,12.483786002121633,0.404522997996537,0.0519620007253252,44.34745799881057,802816,14.873699001327623,0.24570299865445122,0.053568997827824205,26.546623001195258,401408,24.2685259981954,0.15421100033563562,0.02619099905132316,0.0,200704,0.0,0.0,0.0,0.0,0
4,chain_4svc,67,89.66676400086726,77.23277599870926,12.433988002158003,2007040,3,26.187428000412183,0.33391300166840665,0.1917849986057263,60.01288300103624,602112,12.42078900031629,0.39460599873564206,0.05105400123284198,43.97394400075427,802816,14.087142000789754,0.2339000020583626,0.04246399839757942,27.030765999370487,401408,24.53741699719103,0.15448900012415834,0.025213001208612695,0.0,200704,0.0,0.0,0.0,0.0,0
4,chain_4svc,68,95.30194100079825,81.89016900360002,13.41177199719823,2007040,3,26.17974500026321,0.4057100013596937,0.19185500059393235,65.34620599995833,602112,12.549088001833297,0.3723959998751525,0.07046999962767586,48.74811400077306,802816,14.119758001470473,0.2771319996099919,0.039040998672135174,31.566704998112982,401408,29.04157800003304,0.14883299809298478,0.04330199953983538,0.0,200704,0.0,0.0,0.0,0.0,0
4,chain_4svc,69,99.79003900298267,86.2536690037814,13.53636999920127,2007040,3,28.10884200152941,0.3704410009959247,0.22035099755157717,68.06025400146609,602112,14.89611800207058,0.5317750001267996,0.0978479984041769,48.736032000306295,802816,15.853369000979,0.2270559998578392,0.039599999581696466,29.990307997650234,401408,27.395339999202406,0.14715600264025852,0.02842499816324562,0.0,200704,0.0,0.0,0.0,0.0,0
4,chain_4svc,70,98.8075060013216,84.39985999939381,14.407646001927787,2007040,3,28.147115001047496,0.5210189992794767,0.19234399951528758,66.13974699939718,602112,13.676681999641005,0.46144400039338507,0.07060999996610917,47.85309299768414,802816,15.901210997981252,0.28614099937840365,0.04155600254307501,29.148715002520476,401408,26.67485200072406,0.1497410012234468,0.027237998438067734,0.0,200704,0.0,0.0,0.0,0.0,0
4,chain_4svc,71,94.6443819993874,81.42097200106946,13.223409998317948,2007040,3,27.404139000282157,0.3012970009876881,0.2079190016957,63.11413400180754,602112,12.903324997751042,0.46570500126108527,0.05643199983751401,46.18555200067931,802816,15.66668200030108,0.4098310018889606,0.04560699744615704,27.683366999553982,401408,25.44682600273518,0.16210299872909673,0.025281999114667997,0.0,200704,0.0,0.0,0.0,0.0,0
4,chain_4svc,72,103.52538299775915,90.5638110016298,12.96157199612935,2007040,3,35.185413998988224,0.3148459982185159,0.12194300143164583,64.73711500075296,602112,15.160260001721326,0.5729810000048019,0.05196199708734639,44.642259999818634,802816,14.94877900040592,0.21127099898876622,0.08108600013656542,27.339467000274453,401408,25.26935800051433,0.12913699902128428,0.025702000129967928,0.0,200704,0.0,0.0,0.0,0.0,0
4,chain_4svc,73,101.04998400129261,87.61230100208195,13.437682999210665,2007040,3,28.00855000168667,0.38866899922140874,0.19653399795060977,68.61472699893056,602112,15.109345000382746,0.4461489988898393,0.07109900252544321,49.48780800259556,802816,15.925585998047609,0.25212800028384663,0.04379000165499747,30.726369997864822,401408,28.568820001964923,0.15225500101223588,0.026749999960884452,0.0,200704,0.0,0.0,0.0,0.0,0
4,chain_4svc,74,98.88810299889883,85.33993200035184,13.548170998546993,2007040,3,29.106740999850444,0.4140210003242828,0.2772719999484252,65.4885430012655,602112,13.170050999178784,0.3687639982672408,0.07954900138429366,48.23596499772975,802816,16.381582001486095,0.23313099882216193,0.07710499994573183,29.249077997519635,401408,26.681557999836514,0.2748970000538975,0.0295429999823682,0.0,200704,0.0,0.0,0.0,0.0,0
4,chain_4svc,75,106.33609299839009,91.90784400561824,14.428248992771842,2007040,3,28.535994002595544,0.6558139975822996,0.2438869996694848,73.47200900039752,602112,13.837387999956263,0.4109479996259324,0.05964500087429769,55.262529000174254,802816,19.39608900283929,0.42945699897245504,0.062228999013314024,32.601409999188036,401408,30.138373000227148,0.1842419987951871,0.043022002500947565,0.0,200704,0.0,0.0,0.0,0.0,0
4,chain_4svc,76,99.90632599874516,87.69778500209213,12.208540996653028,2007040,3,29.23985900270054,0.3850369976134971,0.11712499690474942,67.1974990000308,602112,14.035738000529818,0.4347649992268998,0.05524500011233613,49.46671499783406,802816,16.21249500021804,0.21462299991981126,0.03953099803766236,30.745366002520313,401408,28.20969299864373,0.18619800175656565,0.045328000851441175,0.0,200704,0.0,0.0,0.0,0.0,0
4,chain_4svc,77,102.3186579986941,90.19071699731285,12.12794100138126,2007040,3,28.095294001104776,0.3648530000646133,0.11921899931621738,70.92928099882556,602112,13.757628999883309,0.42044700239785016,0.059574998886091635,52.95915000169771,802816,20.487575999140972,0.2068009998765774,0.05531400165637024,29.977946000144584,401408,27.85021799718379,0.13793800098937936,0.027169000532012433,0.0,200704,0.0,0.0,0.0,0.0,0
4,chain_4svc,78,99.12004800207797,87.00600400334224,12.114043998735724,2007040,3,28.23113500198815,0.28530399868031964,0.2206999997724779,67.22557499961113,602112,13.887184999475721,0.5033489978814032,0.05259099998511374,49.487457999930484,802816,15.940671000862494,0.22188699949765578,0.0400200005969964,31.249134997779038,401408,28.947013001015875,0.16231200061156414,0.027377998776501045,0.0,200704,0.0,0.0,0.0,0.0,0
4,chain_4svc,79,96.69619200212765,84.9337299951003,11.762462007027352,2007040,3,29.22791599849006,0.38377999953809194,0.09254000178771093,64.1578489994572,602112,13.708459999179468,0.38971699905232526,0.08890900062397122,46.690158000274096,802816,15.433270997164072,0.2709159998630639,0.03820300116785802,28.556667999509955,401408,26.56408300026669,0.1307439997617621,0.0295429999823682,0.0,200704,0.0,0.0,0.0,0.0,0
4,chain_4svc,80,91.11123000184307,78.66802200078382,12.443208001059247,2007040,3,26.781430999108125,0.27678300102707,0.20149299962213263,60.816761000751285,602112,12.508719999459572,0.3399189990886953,0.05859700104338117,44.52918599781697,802816,14.439144000789383,0.26742399859358557,0.04029900082969107,27.42418400157476,401408,24.93872700142674,0.3085610005655326,0.026120997063117102,0.0,200704,0.0,0.0,0.0,0.0,0
4,chain_4svc,81,91.9192280016432,80.1641020043462,11.755125997297,2007040,3,27.090201001556125,0.3392209982848726,0.1258550000784453,61.21304300177144,602112,13.055580002401257,0.38482799936900847,0.05566400068346411,44.55691399925854,802816,14.475672000116901,0.23313099882216193,0.03813299917965196,27.728065997507656,401408,25.542649000271922,0.2019120001932606,0.028356000257190317,0.0,200704,0.0,0.0,0.0,0.0,0
4,chain_4svc,82,90.34820899978513,79.05976400434156,11.28844499544357,2007040,3,27.550179001991637,0.28062399724149145,0.16782899911049753,59.53991499700351,602112,12.59148200188065,0.37176700061536394,0.053498999477596954,43.606996001472,802816,13.915052000811556,0.21161999757168815,0.06055300036678091,27.169470999069745,401408,25.003050999657717,0.17285799913224764,0.025772002118173987,0.0,200704,0.0,0.0,0.0,0.0,0
4,chain_4svc,83,92.64230000189855,80.903305006359,11.738994995539542,2007040,3,26.694617001339793,0.35773000126937404,0.16363899703719653,62.70758499886142,602112,12.903534003271488,0.3677869972307235,0.06816599852754734,46.491528999467846,802816,14.500466000754386,0.2716839990171138,0.03848200140055269,29.24858899859828,401408,26.804688000993337,0.18745499983197078,0.024723998649278656,0.0,200704,0.0,0.0,0.0,0.0,0
4,chain_4svc,84,89.52442599911592,78.2106280021253,11.313797996990616,2007040,3,26.269560999935493,0.27510699874255806,0.2094550000037998,60.100603997852886,602112,13.456681001116522,0.4259650013409555,0.06292699981713668,43.0900279970956,802816,14.229619002435356,0.2570869983173907,0.09819699698709883,26.25887599788257,401408,24.254766998637933,0.14177900084177963,0.02612100070109591,0.0,200704,0.0,0.0,0.0,0.0,0
4,chain_4svc,85,91.84715100127505,79.97811299719615,11.869038004078902,2007040,3,26.211732998490334,0.440282001363812,0.09302900070906617,61.93339099991135,602112,13.294298998516751,0.34892899930127896,0.054337000619852915,45.04377999910503,802816,14.762091999728,0.20966500233043917,0.059155998314963654,27.85887900245143,401408,25.709989000461064,0.20666199998231605,0.028075999580323696,0.0,200704,0.0,0.0,0.0,0.0,0
4,chain_4svc,86,89.98817499741563,78.06389100005617,11.924283997359453,2007040,3,25.971686001867056,0.31847799982642755,0.115308997919783,60.81312900278135,602112,12.531418000435224,0.48826399870449677,0.054056999942986295,44.45564300112892,802816,15.556053000182146,0.24291000227094628,0.04867899770033546,26.474895999854198,401408,24.004733997571748,0.17956300143850967,0.02626000059535727,0.0,200704,0.0,0.0,0.0,0.0,0
4,chain_4svc,87,89.80525999868405,78.05544099755934,11.749819001124706,2007040,3,26.453524998942157,0.34369100103504024,0.15595600052620284,59.98166299832519,602112,12.643862999539124,0.36625000211643055,0.05189199873711914,43.597427997156046,802816,15.017223999166163,0.22733500009053387,0.036876001104246825,25.86943799906294,401408,23.9408289999119,0.15406999955303036,0.035689998185262084,0.0,200704,0.0,0.0,0.0,0.0,0
4,chain_4svc,88,89.81042800223804,76.6738330021326,13.136595000105444,2007040,3,25.902473000314785,0.31016700086183846,0.12110500028938986,60.255723001318984,602112,12.528485000075307,0.467589998152107,0.05091400089440867,43.531287999940105,802816,14.340109002660029,0.3810559974226635,0.04001900015282445,26.322361001803074,401408,23.902765999082476,0.21706800180254504,0.04581599932862446,0.0,200704,0.0,0.0,0.0,0.0,0
4,chain_4svc,89,87.90619300270919,76.1367489976692,11.769444005039986,2007040,3,25.995641997724306,0.30870000045979396,0.11447100041550584,58.56436699832557,602112,12.303105999308173,0.3320969990454614,0.04958700083079748,42.529130001639714,802816,13.896893000492128,0.1927639968926087,0.038622001738986,26.145872001507087,401408,23.941108000144595,0.15435000022989698,0.026260997401550412,0.0,200704,0.0,0.0,0.0,0.0,0
4,chain_4svc,90,89.11522299968055,78.02862100288621,11.086601996794343,2007040,3,26.8580470001325,0.3135189981549047,0.20854800095548853,58.890737000183435,602112,12.164330000814516,0.3517930017551407,0.048609999794280156,43.1969549972564,802816,14.494808001472848,0.24297900017700158,0.062368999351747334,26.315236998925684,401408,24.511436000466347,0.15546799841104075,0.025281999114667997,0.0,200704,0.0,0.0,0.0,0.0,0
4,chain_4svc,91,90.29373299927101,78.76230699912412,11.531426000146894,2007040,3,26.51938399867504,0.33817399889812805,0.08527700265403837,60.30705699959071,602112,13.309873000252992,0.3477419995761011,0.053847998060518876,43.48714800289599,802816,14.644898001279216,0.2216079992649611,0.060132999351480976,26.428870001836913,401408,24.288151998916874,0.173487002030015,0.025073000870179385,0.0,200704,0.0,0.0,0.0,0.0,0
4,chain_4svc,92,88.48148000106448,77.31882000007317,11.162660000991309,2007040,3,25.706636002723826,0.30332299866131507,0.1426169983460568,59.35637099901214,602112,12.399277999065816,0.3304210003989283,0.051123999583069235,43.56900199854863,802816,14.517856001475593,0.19367099957889877,0.039180999010568485,26.915806000033626,401408,24.69504999680794,0.20330900224507786,0.025772002118173987,0.0,200704,0.0,0.0,0.0,0.0,0
4,chain_4svc,93,90.48328300195863,79.22689499901026,11.25638800294837,2007040,3,26.124848998733796,0.287189002847299,0.09673100066720508,61.110514998290455,602112,13.711953000893118,0.37134800004423596,0.05245099964668043,43.9331570014474,802816,15.599772999848938,0.1960459994734265,0.03848300184472464,25.948569000320276,401408,23.790319999534404,0.13262900029076263,0.025142999220406637,0.0,200704,0.0,0.0,0.0,0.0,0
4,chain_4svc,94,88.84130400110735,77.33565200396697,11.505651997140376,2007040,3,25.791006002691574,0.2984329985338263,0.17907399887917563,59.57301899979939,602112,13.174381001590518,0.468008998723235,0.050844999350374565,42.46347799926298,802816,14.587487999961013,0.22139800057630055,0.03820400161202997,25.726401996507775,401408,23.782776999723865,0.19786200209637173,0.025561999791534618,0.0,200704,0.0,0.0,0.0,0.0,0
4,chain_4svc,95,88.52939099961077,77.16293299745303,11.366458002157742,2007040,3,25.630857999203727,0.3077930014114827,0.11754400111385621,59.70571999932872,602112,13.07946599990828,0.40605899994261563,0.049099002353614196,42.926598001940874,802816,14.447875000769272,0.1994680023926776,0.039110997022362426,26.171223998971982,401408,24.004733997571748,0.1399630018568132,0.024794000637484714,0.0,200704,0.0,0.0,0.0,0.0,0
4,chain_4svc,96,88.496706001024,76.18906099742162,12.307645003602374,2007040,3,25.16368799842894,0.30010900081833825,0.1637090026633814,59.870336001040414,602112,13.058652999461628,0.47583099876646884,0.05203199907555245,42.83391899662092,802816,14.334731000417378,0.2094550000037998,0.04281299698050134,25.978810001106467,401408,23.631988999113673,0.1491820003138855,0.025073000870179385,0.0,200704,0.0,0.0,0.0,0.0,0
4,chain_4svc,97,88.94781300114118,77.22565000585746,11.722162995283725,2007040,3,26.901208999333903,0.34313200012547895,0.19402099860599265,58.862939000391634,602112,12.647285002458375,0.4376279975986108,0.06572100028279237,42.558252996968804,802816,13.87656900260481,0.24765899797785096,0.056781998864607885,26.090767001733184,401408,23.80058700146037,0.15064799663377926,0.024794000637484714,0.0,200704,0.0,0.0,0.0,0.0,0
4,chain_4svc,98,87.99628899942036,75.38937300341786,12.606915996002499,2007040,3,25.381244002346648,0.3143579997413326,0.16838800002005883,59.043060999101726,602112,12.42043999809539,0.3875520014844369,0.05007599975215271,42.768476996570826,802816,14.208248001523316,0.23564599905512296,0.04001899651484564,25.816009001573548,401408,23.379441001452506,0.15532799807260744,0.02626100103952922,0.0,200704,0.0,0.0,0.0,0.0,0
4,chain_4svc,99,87.94097500140197,75.70519700311706,12.235777998284902,2007040,3,25.576940999599174,0.3080019996559713,0.10057200051960535,58.9975240000058,602112,12.914220002130605,0.41555799907655455,0.0500069982081186,42.3636740015354,802816,13.917706000938779,0.19017899830942042,0.035688997741090134,25.635747999331215,401408,23.296330000448506,0.15008999980636872,0.025213001208612695,0.0,200704,0.0,0.0,0.0,0.0,0
4,chain_4svc,100,87.86023799984832,75.56656200176803,12.293675998080289,2007040,3,25.621709999541054,0.3200840001227334,0.09246999979950488,58.79009400086943,602112,12.508998999692267,0.42624400157365017,0.056221997510874644,42.480099997192156,802816,14.082532001339132,0.1939510002557654,0.039739999920129776,25.59607700095512,401408,23.35332100119558,0.15344200073741376,0.024304998078150675,0.0,200704,0.0,0.0,0.0,0.0,0
4,chain_4svc,101,88.54782900016289,76.10336499783443,12.44446400232846,2007040,3,25.50849600083893,0.304999000945827,0.08799999704933725,59.71905899787089,602112,12.727812998491572,0.4084350002813153,0.05014600174035877,43.12299299999722,802816,14.097757997660665,0.19849000091198832,0.03722499968716875,26.20523699806654,401408,23.769298000843264,0.1970230005099438,0.025212997570633888,0.0,200704,0.0,0.0,0.0,0.0,0
4,chain_4svc,102,92.28519899988896,80.08357400103705,12.201624998851912,2007040,3,26.162284000747604,0.2795059990603477,0.21022399960202165,62.811370997224,602112,13.344515002245316,0.5047459999332204,0.07815299977664836,45.37538800286711,802816,14.47993200054043,0.20449599833227694,0.04106699998374097,28.35615199728636,401408,26.0968429975037,0.17544200090924278,0.025283003196818754,0.0,200704,0.0,0.0,0.0,0.0,0
4,chain_4svc,103,92.58977799981949,81.0603789977904,11.529399002029095,2007040,3,28.085794998332858,0.32245900001726113,0.09589300316292793,61.2660529986897,602112,13.023940999119077,0.4570439996314235,0.05573400267167017,44.592882000870304,802816,14.887039000313962,0.2433279987599235,0.056781998864607885,27.126519002194982,401408,25.063604000024498,0.1499499994679354,0.027727000997401774,0.0,200704,0.0,0.0,0.0,0.0,0
4,chain_4svc,104,91.83004100123071,79.4100189996243,12.420022001606412,2007040,3,27.012257000023965,0.29487199935829267,0.2349480018892791,61.2740139986272,602112,13.537696999264881,0.5570580033236183,0.07193700002972037,43.55391599892755,802816,14.48454099954688,0.2886560032493435,0.0428829989687074,26.607665000483394,401408,24.375524000788573,0.15211500067380257,0.02535199746489525,0.0,200704,0.0,0.0,0.0,0.0,0
4,chain_4svc,105,103.79643900159863,80.66493699880084,23.131502002797788,2007040,3,27.957006997894496,0.27538600261323154,0.17683899932308123,66.76210599835031,602112,13.15252000131295,0.3693229991768021,0.051263999921502545,44.05565900015063,802816,15.052285001729615,0.20917599977110513,0.056221997510874644,26.718363998952555,401408,24.50312499786378,0.15134600107558072,0.02660999962245114,0.0,200704,0.0,0.0,0.0,0.0,0
4,chain_4svc,106,94.98283500215621,80.13686199774384,14.845973004412372,2007040,3,28.864250001788605,0.9146470001724083,0.1442239990865346,61.55163500079652,602112,12.94229599807295,1.245697003469104,0.059574998886091635,43.04868200051715,802816,14.507798998238286,0.20281999968574382,0.0435110014223028,26.099565999174956,401408,23.822516999643994,0.2089670015266165,0.02577099803602323,0.0,200704,0.0,0.0,0.0,0.0,0
4,chain_4svc,107,88.14631000132067,76.87700199676328,11.269308004557388,2007040,3,25.915254998835735,0.2741979988059029,0.13297799887368456,58.96581600245554,602112,12.971978998393752,0.3832220027106814,0.04714299939223565,42.2824480010604,802816,14.159079000819474,0.20337900059530511,0.04532799721346237,25.804695000260836,401408,23.830688998714322,0.1488330017309636,0.02640000093379058,0.0,200704,0.0,0.0,0.0,0.0,0
4,chain_4svc,108,89.35960000235355,77.48755599823198,11.872044004121562,2007040,3,26.943602999381255,0.2989919994433876,0.17223000031663105,59.26920899946708,602112,12.730465998174623,0.41548900117049925,0.050984999688807875,42.695700998592656,802816,14.129047001915751,0.2138560012099333,0.03764399662031792,25.964003998524277,401408,23.684439998760354,0.19129599968437105,0.025282999558839947,0.0,200704,0.0,0.0,0.0,0.0,0
4,chain_4svc,109,90.17835399936303,77.44481399276992,12.733540006593103,2007040,3,25.46498499941663,0.3309800013084896,0.08674299897393212,60.902176999661606,602112,12.851152998337056,0.42268200195394456,0.07144800110836513,43.66845700133126,802816,14.663195997854928,0.2508710022084415,0.04085800173925236,26.506393998715794,401408,24.46547999716131,0.13067400141153485,0.025562003429513425,0.0,200704,0.0,0.0,0.0,0.0,0
4,chain_4svc,110,89.77997700276319,76.61425799597055,13.165719006792642,2007040,3,26.11011299813981,0.31449699963559397,0.1946480006154161,59.9147550019552,602112,12.763571998220868,0.4101800004718825,0.05287100066198036,42.743612997583114,802816,14.049637000425719,0.19751199943129905,0.05817800047225319,26.03545199963264,401408,23.69093599918415,0.15176599845290184,0.025422003091080114,0.0,200704,0.0,0.0,0.0,0.0,0
4,chain_4svc,111,89.602718999231,76.80268900367082,12.80002999556018,2007040,3,26.642376000381773,0.2992709996760823,0.11195700062671676,59.65019599898369,602112,12.275099001271883,0.3927199977624696,0.051404000259935856,42.75387999950908,802816,13.98091200098861,0.20659199799411,0.05776000034529716,26.037128001917154,401408,23.904302001028555,0.1567250001244247,0.025632001779740676,0.0,200704,0.0,0.0,0.0,0.0,0
4,chain_4svc,112,89.90604099744814,78.02380099747097,11.882239999977173,2007040,3,25.67248400009703,0.34767200122587383,0.15917000200715847,61.104928001441294,602112,13.287104997289134,0.39313900197157636,0.051123999583069235,43.57570700085489,802816,14.619405999837909,0.19569700089050457,0.03925100099877454,26.54117500060238,401408,24.4448060002469,0.1890619969344698,0.024654000299051404,0.0,200704,0.0,0.0,0.0,0.0,0
4,chain_4svc,113,93.44603800127516,81.58090899451054,11.865129006764619,2007040,3,27.038936997996643,0.2903320018958766,0.2031700023508165,63.2513740019931,602112,13.532737997593358,0.37546900057350285,0.04693400114774704,45.383628999843495,802816,15.040550999401603,0.20868699721177109,0.05370800136006437,27.89533599934657,401408,25.968682999518933,0.15232500300044194,0.0295429999823682,0.0,200704,0.0,0.0,0.0,0.0,0
4,chain_4svc,114,91.8891959991015,80.99633500023629,10.892860998865217,2007040,3,29.304812000191305,0.2732899993134197,0.16559499999857508,59.503248001419706,602112,13.150774000678211,0.3830819987342693,0.051543000154197216,42.93784300170955,802816,14.85700699777226,0.2664460007508751,0.039739999920129776,25.64238299964927,401408,23.68374200159451,0.1259239979845006,0.024723998649278656,0.0,200704,0.0,0.0,0.0,0.0,0
4,chain_4svc,115,88.57869900020887,77.12123999954201,11.457459000666859,2007040,3,26.27850099815987,0.2918680002039764,0.17544200090924278,59.16277000142145,602112,13.22934700147016,0.35737999860430136,0.07109799844329245,42.19591399669298,802816,14.040628000657307,0.19653399795060977,0.0590859999647364,25.708802000735886,401408,23.572763999254676,0.17006399866659194,0.04700300269178115,0.0,200704,0.0,0.0,0.0,0.0,0
4,chain_4svc,116,90.04293199905078,77.74841599893989,12.294516000110889,2007040,3,26.900022003246704,0.32469399957335554,0.2052649979304988,59.65620200004196,602112,12.878320998424897,0.3971900005126372,0.05182300083106384,42.402367002068786,802816,14.145459997962462,0.19702400095411576,0.057270000979769975,25.80176199990092,401408,23.824612999305828,0.1512769995315466,0.02667900116648525,0.0,200704,0.0,0.0,0.0,0.0,0
4,chain_4svc,117,87.30220299912617,75.72964100108948,11.57256199803669,2007040,3,25.560108999343356,0.29382399952737615,0.1484140011598356,58.433273999980884,602112,12.611317000846611,0.44195800001034513,0.04979699951945804,42.263660001481185,802816,13.960100000986131,0.1947189994098153,0.039530001231469214,25.760345000890084,401408,23.598114999913378,0.15155700020841323,0.025353001547046006,0.0,200704,0.0,0.0,0.0,0.0,0
4,chain_4svc,118,88.68988800168154,76.33013999657123,12.359748005110305,2007040,3,25.434952000068733,0.33831400287454017,0.17558199760969728,59.699853001802694,602112,12.659088999498636,0.4369989983388223,0.05524500011233613,43.36597299698042,802816,14.414629997190787,0.22349300343194045,0.05733999932999723,26.07980099855922,401408,23.821468999813078,0.1497410012234468,0.024515000404790044,0.0,200704,0.0,0.0,0.0,0.0,0
4,chain_4svc,119,96.03898099885555,83.96963700579363,12.06934399306192,2007040,3,31.134454999119043,0.29948099836474285,0.20149400006630458,60.969784997723764,602112,13.411284002359025,0.38077700082794763,0.05168299685465172,44.141146001493325,802816,14.762791000975994,0.223703002120601,0.03897100032190792,26.973914002155652,401408,24.661107003339566,0.1981409986910876,0.026259996957378462,0.0,200704,0.0,0.0,0.0,0.0,0
4,chain_4svc,120,90.68456599925412,78.47903099900577,12.205535000248346,2007040,3,26.77186299843015,0.29501099925255403,0.2508710022084415,60.7068999997864,602112,12.820004001696361,0.3899259972968139,0.06586100062122568,44.06885899879853,802816,14.44501099831541,0.20701100220321678,0.04050799907417968,26.712566999776755,401408,24.44215300056385,0.16349900033674203,0.02618999860715121,0.0,200704,0.0,0.0,0.0,0.0,0
4,chain_4svc,121,93.94407899890211,82.58488499632222,11.359194002579898,2007040,3,28.97816199765657,0.2914489996328484,0.16831900211400352,61.7307089996757,602112,13.509899999917252,0.3664600008050911,0.059853999118786305,44.58233599871164,802816,14.90519800063339,0.1968140022654552,0.04113599788979627,27.314882001519436,401408,25.191624998115003,0.13011500050197355,0.024793000193312764,0.0,200704,0.0,0.0,0.0,0.0,0
4,chain_4svc,122,90.61381799983792,79.13163199918927,11.482186000648653,2007040,3,26.8638439993083,0.27720199796021916,0.20687100186478347,60.4889939968416,602112,12.980220999452285,0.3261599995312281,0.05349900311557576,43.78397500113351,802816,14.40820499919937,0.20582300203386694,0.04756199996336363,26.901348999672337,401408,24.87936200122931,0.14750500122318044,0.024723998649278656,0.0,200704,0.0,0.0,0.0,0.0,0
4,chain_4svc,123,90.95324800000526,80.1591429990367,10.794105000968557,2007040,3,27.15990300202975,0.2928469984908588,0.18668699703994207,60.51539400141337,602112,13.45619299900136,0.32902400198508985,0.054336000175680965,43.65302199948928,802816,14.787444997637067,0.21609000032185577,0.03911100066034123,26.599353001074633,401408,24.755602000368526,0.12948699804837815,0.025702000129967928,0.0,200704,0.0,0.0,0.0,0.0,0
4,chain_4svc,124,91.63644000000204,79.97881199844414,11.657628001557896,2007040,3,27.662832999340026,0.3345420009281952,0.1636400011193473,60.623298999416875,602112,13.035046998993494,0.396282001020154,0.054686002840753645,43.781671000033384,802816,14.832982000370976,0.20917599977110513,0.05796799814561382,26.521271000092383,401408,24.44794999973965,0.16887699894141406,0.027029000193579122,0.0,200704,0.0,0.0,0.0,0.0,0
4,chain_4svc,125,92.26752900212887,80.56813600342139,11.69939299870748,2007040,3,27.77129700189107,0.34529799813753925,0.1665029994910583,60.96517400146695,602112,12.730467002256773,0.6077629986975808,0.08562599759898148,44.329789001494646,802816,15.018202000646852,0.19855999926221557,0.03862199810100719,27.039147000323283,401408,25.04816999862669,0.14485100109595805,0.0238860011450015,0.0,200704,0.0,0.0,0.0,0.0,0
4,chain_4svc,126,90.82466899781139,79.62080200377386,11.203866994037526,2007040,3,27.06540700091864,0.3167319991916884,0.12354999853414483,60.472302000562195,602112,12.818397000955883,0.3297929979453329,0.05238199810264632,44.47526800140622,802816,14.844715002254816,0.22167800125316717,0.05859699740540236,27.20872200006852,401408,24.89228299964452,0.19660399993881583,0.056851000408641994,0.0,200704,0.0,0.0,0.0,0.0,0
4,chain_4svc,127,92.15263900114223,80.48942199820885,11.66321700293338,2007040,3,26.471053999557626,0.32881500010262243,0.08674299897393212,62.000648002140224,602112,12.898855002276832,0.3206429973943159,0.053638999816030264,45.56410000077449,802816,14.973362998716766,0.2060330007225275,0.042673000280046836,28.257326001039473,401408,26.14614999765763,0.15379199976450764,0.024724002287257463,0.0,200704,0.0,0.0,0.0,0.0,0
4,chain_4svc,128,90.02239799883682,78.20252800229355,11.819869996543275,2007040,3,26.447727999766357,0.3323759992781561,0.16706099995644763,60.263964001933346,602112,12.810576001356822,0.3168019975419156,0.05259099998511374,43.673624997609295,802816,14.230945998860989,0.2123890008078888,0.05859700104338117,26.790021001943387,401408,24.71327800230938,0.14554999870597385,0.025702000129967928,0.0,200704,0.0,0.0,0.0,0.0,0
4,chain_4svc,129,92.18323099776171,79.62282800144749,12.560402996314224,2007040,3,27.0678510023572,0.33817399889812805,0.16943599985097535,61.239932001626585,602112,12.965973000973463,0.3663200004666578,0.051123999583069235,44.27007400227012,802816,14.363575999595923,0.22775400066166185,0.0590859999647364,27.2677390021272,401408,25.2254279985209,0.14974000077927485,0.02612000025692396,0.0,200704,0.0,0.0,0.0,0.0,0
4,chain_4svc,130,90.24868399865227,78.4181989984063,11.830485000245972,2007040,3,26.958898997690994,0.35724000190384686,0.10853400090127252,60.11645800026599,602112,12.481411002227105,0.3507449982862454,0.0492389990540687,43.68081900247489,802816,14.07373300025938,0.22537900076713413,0.0400889985030517,27.15333800006192,401408,24.904155998228816,0.13409600069280714,0.03527000080794096,0.0,200704,0.0,0.0,0.0,0.0,0
4,chain_4svc,131,89.31699699678575,76.9907029971364,12.326293999649351,2007040,3,26.169477998337243,0.30465000236290507,0.1693660015007481,59.67498800237081,602112,12.867216999438824,0.4606059992511291,0.05301000055624172,42.56062800050131,802816,14.415328001632588,0.23173499721451662,0.059155998314963654,25.502280001092004,401408,23.53867999772774,0.13933400259702466,0.024095999833662063,0.0,200704,0.0,0.0,0.0,0.0,0
4,chain_4svc,132,93.6879000000772,81.20376400256646,12.484135997510748,2007040,3,27.955261000897735,0.3069539998250548,0.19339099890203215,62.087809998047305,602112,12.968835999345174,0.35703100002137944,0.0885599984030705,45.07863100297982,802816,14.219631000742083,0.24381799812545069,0.04246399839757942,28.14858199781156,401408,26.060036001581466,0.19276300008641556,0.026888999855145812,0.0,200704,0.0,0.0,0.0,0.0,0
4,chain_4svc,133,91.57288300048094,80.12827199490857,11.44461100557237,2007040,3,26.9485619974148,0.3487190006126184,0.11104900113423355,61.1455059988657,602112,12.928747000842122,0.35018699782085605,0.057131001085508615,44.7880889987573,802816,14.824181998847052,0.1994680023926776,0.04092699964530766,27.453796999907354,401408,25.4267809978046,0.15155700020841323,0.02681900150491856,0.0,200704,0.0,0.0,0.0,0.0,0
4,chain_4svc,134,89.08330600024783,78.07038599639782,11.012920003850013,2007040,3,26.360634998127352,0.2661660000740085,0.19618500300566666,59.5155410010193,602112,12.783755999407731,0.33628800156293437,0.05810899892821908,43.17146299945307,802816,14.407155998924281,0.20505499924183823,0.04204500146443024,26.418253997690044,401408,24.518838999938453,0.16887700257939287,0.027238998882239684,0.0,200704,0.0,0.0,0.0,0.0,0
4,chain_4svc,135,91.67645900015486,80.77179199972306,10.9046670004318,2007040,3,26.676248999137897,0.3307010010757949,0.16636299915262498,62.04003799939528,602112,14.029243000550196,0.458930000604596,0.051543000154197216,44.2112669989001,802816,14.803578000282869,0.19730300118681043,0.039878999814391136,27.430679998360574,401408,25.262721999752102,0.15148700185818598,0.032895997719606385,0.0,200704,0.0,0.0,0.0,0.0,0
4,chain_4svc,136,90.51918200202635,78.13038099629921,12.388801005727146,2007040,3,25.730104000103893,0.30108799910522066,0.14254699999582954,61.53459399865824,602112,12.78626999919652,0.536523999471683,0.05293999856803566,44.63255199880223,802816,14.822225999523653,0.25897299929056317,0.042323998059146106,26.788693998241797,401408,24.791780997475144,0.19017900194739923,0.025352001102874056,0.0,200704,0.0,0.0,0.0,0.0,0
4,chain_4svc,137,91.23547800118104,79.49375999669428,11.741718004486756,2007040,3,27.01491199695738,0.32546200236538425,0.16405800124630332,60.75104000046849,602112,12.636948998988373,0.3923010008293204,0.049238002247875556,44.58366199833108,802816,15.09418900241144,0.22475099831353873,0.036178000300424173,26.904212001682026,401408,24.747709998337086,0.14757600001757964,0.027168000087840483,0.0,200704,0.0,0.0,0.0,0.0,0
4,chain_4svc,138,88.67158900102368,76.98274100403069,11.68884799699299,2007040,3,26.31586600182345,0.3167319991916884,0.20009699801448733,59.208586000750074,602112,12.527156999567524,0.37393299862742424,0.05287100066198036,42.82427999714855,802816,14.535944999806816,0.23229300131788477,0.05817800047225319,25.64894799797912,401408,23.603773002832895,0.13814699923386797,0.027237998438067734,0.0,200704,0.0,0.0,0.0,0.0,0
4,chain_4svc,139,88.41952999864588,76.51200799591606,11.90752200272982,2007040,3,26.169267999648582,0.27440800113254227,0.2012839977396652,58.881098997517256,602112,12.584846997924615,0.393000002077315,0.06774600115022622,42.28524199788808,802816,14.465194999502273,0.26896100098383613,0.0393210029869806,25.28870499736513,401408,23.292697998840595,0.12976600191905163,0.02667900116648525,0.0,200704,0.0,0.0,0.0,0.0,0
4,chain_4svc,140,87.94809900064138,76.1702029958542,11.77789600478718,2007040,3,25.574775998393307,0.35437700353213586,0.16538500130991451,58.92034900170984,602112,12.488325999584049,0.38021799991838634,0.052032002713531256,42.81750600057421,802816,14.323415998660494,0.22419200104195625,0.039950002246769145,26.06185100012226,401408,23.783684999216348,0.16489600238855928,0.02619099905132316,0.0,200704,0.0,0.0,0.0,0.0,0
4,chain_4svc,141,90.26656400237698,77.98978899154463,12.276775010832353,2007040,3,25.83835799669032,0.2903320018958766,0.14024300253367983,60.76752199805924,602112,12.747786997351795,0.4122060017834883,0.05573400267167017,43.965075001324294,802816,14.664383998024277,0.22328400154947303,0.05775899990112521,26.890314002230298,401408,24.739259999478236,0.18319499940844253,0.025562003429513425,0.0,200704,0.0,0.0,0.0,0.0,0
4,chain_4svc,142,89.98454399988987,78.45381799415918,11.530726005730685,2007040,3,25.917907998518785,0.34145600147894584,0.0802489994384814,60.790709998400416,602112,12.893896997411503,0.41765300193219446,0.09156200030702166,44.42302600000403,802816,14.785977997235022,0.21811600163346156,0.057270000979769975,26.98753399818088,401408,24.85603500099387,0.13821700122207403,0.02535199746489525,0.0,200704,0.0,0.0,0.0,0.0,0
4,chain_4svc,143,88.81602200199268,76.63381200109143,12.18221000090125,2007040,3,26.62393799982965,0.2963379993161652,0.13975300316815265,58.55912799961516,602112,12.69484699878376,0.644849002128467,0.050984999688807875,41.99281399996835,802816,13.86155300133396,0.20952499835402705,0.05454599886434153,25.722701000631787,401408,23.45347400114406,0.12669299758272246,0.02612100070109591,0.0,200704,0.0,0.0,0.0,0.0,0
4,chain_4svc,144,88.19240499724401,76.26637599969399,11.92602899755002,2007040,3,25.611443001253065,0.3099569985351991,0.08772100045462139,59.16200100182323,602112,12.650008997297846,0.4803020019608084,0.05580400102189742,42.69723900142708,802816,14.688688999740407,0.25527099933242425,0.059574998886091635,25.412324001081288,401408,23.316235001402674,0.12760100071318448,0.025841000024229288,0.0,200704,0.0,0.0,0.0,0.0,0
4,chain_4svc,145,89.66557700114208,77.58945699606556,12.076120005076518,2007040,3,25.5669529979059,0.3139389991702046,0.1749540024320595,60.724709001078736,602112,13.22333999996772,0.3990059994976036,0.051892002375097945,43.738019001466455,802816,14.466172997344984,0.2234940002381336,0.05580300057772547,26.64747399830958,401408,24.33299100084696,0.1607750018592924,0.024862998543540016,0.0,200704,0.0,0.0,0.0,0.0,0
4,chain_4svc,146,91.46302200315404,79.79079899814678,11.672223005007254,2007040,3,26.993819999916013,0.3358689973538276,0.1842420024331659,61.18636300016078,602112,13.287874000525335,0.4339260012784507,0.0667690001137089,44.136325999716064,802816,14.414839999517426,0.22160699882078916,0.03848200140055269,27.079166000476107,401408,25.09426499818801,0.1678990010987036,0.024513999960618094,0.0,200704,0.0,0.0,0.0,0.0,0
4,chain_4svc,147,90.94822000042768,79.8561699957645,11.092050004663179,2007040,3,26.507930997468065,0.31135400058701634,0.12690200310316868,61.19313800081727,602112,12.521361000835896,0.4104589970665984,0.05028600207879208,45.164536000811495,802816,14.79799099979573,0.19849000091198832,0.03813399962382391,27.995977998216404,401408,26.028886997664813,0.12997500016354024,0.024513999960618094,0.0,200704,0.0,0.0,0.0,0.0,0
4,chain_4svc,148,95.90460500112385,81.72848500180407,14.17611999931978,2007040,3,27.62455999982194,0.3146369999740273,0.14645800183643587,62.99323799976264,602112,13.476236999849789,0.49664399921311997,0.06907300121383741,45.44453200287535,802816,14.968614003009861,0.28481399931479245,0.097079999250127,27.806566999061033,401408,25.659073999122484,0.1755820012476761,0.028356000257190317,0.0,200704,0.0,0.0,0.0,0.0,0
4,chain_4svc,149,90.34562500164611,78.231652994873,12.11397200677311,2007040,3,26.885355997364968,0.3621989999373909,0.07654600267414935,59.58628999724169,602112,12.65629499903298,0.40592000004835427,0.05259099998511374,43.219584000325995,802816,15.025046999653568,0.26134699874091893,0.05657100336975418,25.82159599842271,401408,23.664954998821486,0.15567700029350817,0.025212000764440745,0.0,200704,0.0,0.0,0.0,0.0,0
4,chain_4svc,150,87.83118399878731,75.9785589943931,11.852625004394213,2007040,3,25.649855997471604,0.3181290012435056,0.1744640030665323,58.91329500082065,602112,13.156711000192445,0.4009609983768314,0.05301000055624172,41.803893000178505,802816,13.789127999189077,0.21245800235192291,0.03911100066034123,25.38564400310861,401408,23.38286399753997,0.15916900156298652,0.02709800173761323,0.0,200704,0.0,0.0,0.0,0.0,0
4,chain_4svc,151,86.96863900331664,75.30709899583599,11.661540007480653,2007040,3,24.996346997795627,0.27629400210571475,0.10287700206390582,58.66451899782987,602112,12.947395000082906,0.4187009981251322,0.06432400186895393,41.94560200267006,802816,14.00137599921436,0.19080700076301582,0.03904200275428593,25.57317000173498,401408,23.361980998743093,0.15330200039898045,0.024863998987711966,0.0,200704,0.0,0.0,0.0,0.0,0
4,chain_4svc,152,87.99580100094317,75.83517199964263,12.16062900130055,2007040,3,25.641545002144994,0.34208400029456243,0.1499499994679354,59.0152639997541,602112,12.666002996411407,0.42296100218663923,0.04993700349587016,42.57354899891652,802816,14.081135002925294,0.20086499716853723,0.07144799747038633,25.676045999716735,401408,23.44648899816093,0.13109300198266283,0.04469900159165263,0.0,200704,0.0,0.0,0.0,0.0,0
4,chain_4svc,153,88.059007000993,75.97883799826377,12.080169002729235,2007040,3,25.54502400016645,0.33642700145719573,0.08918700041249394,59.3021740023687,602112,12.731095997878583,0.43246000132057816,0.052311002946225926,42.76379799921415,802816,14.011084000230767,0.22866200015414506,0.06139100150903687,26.135464999242686,401408,23.69163399998797,0.15365099898190238,0.025422999897273257,0.0,200704,0.0,0.0,0.0,0.0,0
4,chain_4svc,154,87.66049099722295,75.50698599879979,12.15350499842316,2007040,3,25.398494999535615,0.34389999927952886,0.17327800014754757,58.7881390019902,602112,12.653990001126658,0.4442629979166668,0.05307999890646897,42.275463998521445,802816,13.991318999615032,0.2156020018446725,0.06460399890784174,25.60271299807937,401408,23.463181998522487,0.14464199921349064,0.025841000024229288,0.0,200704,0.0,0.0,0.0,0.0,0
4,chain_4svc,155,88.18381499804673,76.53310100431554,11.650713993731188,2007040,3,26.24371900310507,0.31442799809155986,0.10238799950457178,58.575750001182314,602112,12.718874000711367,0.42743099766084924,0.05091400089440867,42.03220499766758,802816,14.044888001080835,0.2037979975284543,0.053777999710291624,25.739461998455226,401408,23.525619999418268,0.12829900151700713,0.02660999962245114,0.0,200704,0.0,0.0,0.0,0.0,0
4,chain_4svc,156,88.3554149986594,76.8303479962924,11.525067002366995,2007040,3,25.414488998649176,0.30136699933791533,0.10986100096488371,59.63454999800888,602112,13.319791996764252,0.40829400313668884,0.06921300155227073,42.4287669993646,802816,14.586510002118303,0.23718200100120157,0.03631799700087868,25.54076300293673,401408,23.509556998760672,0.1511369991931133,0.025421999453101307,0.0,200704,0.0,0.0,0.0,0.0,0
4,chain_4svc,157,89.15880400309106,77.08415299930493,12.07465100378613,2007040,3,25.158938999084057,0.3124009999737609,0.10022299829870462,60.52335600179504,602112,14.468129000306362,0.4290369979571551,0.05280000186758116,42.265058000339195,802816,13.886556000215933,0.1968140022654552,0.038622998545179144,25.979508998716483,401408,23.57052899969858,0.15071799862198532,0.031008999940240756,0.0,200704,0.0,0.0,0.0,0.0,0
4,chain_4svc,158,87.93280299869366,76.70107000012649,11.231732998567168,2007040,3,26.760967000882374,0.28621199817280285,0.16391800090787,57.74211999960244,602112,12.25435599917546,0.3850370012514759,0.05217199941398576,42.207369002426276,802816,14.3158040009439,0.1949279976543039,0.057270000979769975,25.50486399923102,401408,23.36994299912476,0.13772799866274,0.025353001547046006,0.0,200704,0.0,0.0,0.0,0.0,0
4,chain_4svc,159,87.63408999948297,75.62432000122499,12.00976999825798,2007040,3,25.578477001545252,0.28698000096483156,0.08869899829733185,58.53377499806811,602112,12.534910001704702,0.45201600005384535,0.051402999815763906,42.08332999769482,802816,14.254063997213962,0.19346200133441016,0.03848200140055269,25.545303000399144,401408,23.25686900076107,0.1292769993597176,0.025142999220406637,0.0,200704,0.0,0.0,0.0,0.0,0
4,chain_4svc,160,91.16381999774603,79.05717900212039,12.10664099562564,2007040,3,25.856307001959067,0.2996910006913822,0.16224299906753004,62.10415299938177,602112,14.331728001707233,0.4711519977718126,0.059924001106992364,43.55817699979525,802816,14.812727000389714,0.24242099971161224,0.04043800072395243,26.092651998624206,401408,24.05641699806438,0.1308130013057962,0.025561999791534618,0.0,200704,0.0,0.0,0.0,0.0,0
4,chain_4svc,161,90.77186899958178,79.67262599777314,11.099243001808645,2007040,3,26.921392996882787,0.35451700023259036,0.08876900028553791,60.508201000629924,602112,12.984341999981552,0.39642100091441534,0.05824799882248044,44.30282899920712,802816,14.926080999430269,0.204566000320483,0.039599999581696466,27.105776000098558,401408,24.84081000147853,0.15309299851651303,0.027097998099634424,0.0,200704,0.0,0.0,0.0,0.0,0
4,chain_4svc,162,89.52051500091329,77.17236099779257,12.348154003120726,2007040,3,25.698394998471485,0.31938599931891076,0.10490299973753281,60.70285000168951,602112,12.444324998796219,0.47785700007807463,0.05182300083106384,44.17075899982592,802816,14.421404001041083,0.23236400011228397,0.03820399797405116,27.13853099703556,401408,24.60823699948378,0.18389300021226518,0.024234999727923423,0.0,200704,0.0,0.0,0.0,0.0,0
4,chain_4svc,163,91.46239400070044,80.07624200035934,11.386152000341099,2007040,3,27.325847000611247,0.27084600151283666,0.09184199734590948,61.09060999733629,602112,13.231023000116693,0.4288970012567006,0.050564998673507944,44.253033000131836,802816,14.481049998721574,0.20791800125152804,0.03806300082942471,27.269135000096867,401408,25.03832200090983,0.1646169985178858,0.03715599814313464,0.0,200704,0.0,0.0,0.0,0.0,0
4,chain_4svc,164,90.48677499959012,77.63324700135854,12.853527998231584,2007040,3,26.17548399939551,0.2885859976231586,0.20833800226682797,61.022934001812246,602112,12.428751000697957,0.5324729972926434,0.05496499943546951,44.194365000294056,802816,14.48028100276133,0.3520719983498566,0.03953099803766236,26.76396999959252,401408,24.548730998503743,0.14380400170921348,0.02563199814176187,0.0,200704,0.0,0.0,0.0,0.0,0
4,chain_4svc,165,90.50633099832339,78.1197649994283,12.386565998895094,2007040,3,27.46601900071255,0.3068149999307934,0.17146200116258115,59.53816900000675,602112,12.971142001333646,0.3892979984811973,0.05300900011206977,42.99071299828938,802816,14.043142000446096,0.26134699874091893,0.038622998545179144,26.053541001601843,401408,23.639461996936006,0.15309300215449184,0.024724002287257463,0.0,200704,0.0,0.0,0.0,0.0,0
4,chain_4svc,166,88.56920099788113,76.29158800409641,12.277612993784714,2007040,3,25.829000001976965,0.28209100128151476,0.16266099919448607,59.56219500149018,602112,12.95947800099384,0.4432150017237291,0.05580399738391861,42.81771599926287,802816,13.865045002603438,0.263023997831624,0.039739999920129776,26.04683600293356,401408,23.638064998522168,0.14010300219524652,0.02577199848019518,0.0,200704,0.0,0.0,0.0,0.0,0
4,chain_4svc,167,88.91959700122243,77.069972998288,11.849624002934434,2007040,3,26.25014499790268,0.2739890005614143,0.1899700000649318,59.44590799845173,602112,13.46499200008111,0.4429360014910344,0.051263999921502545,42.3117819991603,802816,13.704270000744145,0.22733500009053387,0.03869200008921325,25.80413500254508,401408,23.650565999560058,0.15986799917300232,0.025632001779740676,0.0,200704,0.0,0.0,0.0,0.0,0
4,chain_4svc,168,88.74171000206843,76.85968099758611,11.88202900448232,2007040,3,25.380964998475974,0.27336000130162574,0.09058499927050434,60.15466099779587,602112,12.873921998107107,0.4260340028849896,0.08869900193531066,43.73683200174128,802816,14.27606400102377,0.20030599989695475,0.04721300138044171,26.546482997218845,401408,24.32872999997926,0.15588699898216873,0.025700999685795978,0.0,200704,0.0,0.0,0.0,0.0,0
4,chain_4svc,169,93.4726480008976,80.11535099649336,13.357297004404245,2007040,3,27.305313997203484,0.28816700069000944,0.18801400074153207,62.374580000323476,602112,13.99446199866361,0.48274599976139143,0.08164500104612671,44.3102329991234,802816,14.512337998894509,0.236135001614457,0.2935449992946815,26.996124001016142,401408,24.30323700173176,0.2192329993704334,0.02584199683042243,0.0,200704,0.0,0.0,0.0,0.0,0
4,chain_4svc,170,94.31815200150595,83.26311599739711,11.055036004108842,2007040,3,28.01127299971995,0.2670050016604364,0.08248299855040386,63.37478299974464,602112,14.628834000177449,0.3777740021178033,0.06921299791429192,45.142536000639666,802816,15.710891999333398,0.19744300152524374,0.04141599856666289,27.084962999651907,401408,24.91211699816631,0.16734100063331425,0.025702000129967928,0.0,200704,0.0,0.0,0.0,0.0,0
4,chain_4svc,171,90.18184700107668,78.19239899617969,11.989448004896985,2007040,3,26.9492600018566,0.3221100014343392,0.15812199853826314,59.867822001251625,602112,12.591900998813799,0.3616400026658084,0.05203199907555245,43.38056999768014,802816,14.410438998311292,0.19122700177831575,0.042464002035558224,26.31670399932773,401408,24.240798997198,0.1418490028299857,0.026330002583563328,0.0,200704,0.0,0.0,0.0,0.0,0
4,chain_4svc,172,91.01673399709398,79.16606399885495,11.850669998239027,2007040,3,27.064010999310995,0.3808469991781749,0.17320700135314837,60.437031999754254,602112,12.884608000604203,0.33761500162654556,0.050913997256429866,43.56131999884383,802816,14.54202099921531,0.21720800214097835,0.039180999010568485,26.676877001591492,401408,24.675423999724444,0.15302400061045773,0.029124003049219027,0.0,200704,0.0,0.0,0.0,0.0,0
4,chain_4svc,173,88.64497900140123,76.46074400327052,12.184234998130705,2007040,3,26.47734000129276,0.3044400000362657,0.17683899932308123,58.66584600153146,602112,12.388032999297138,0.3477420032140799,0.04728299973066896,42.3517310009629,802816,14.232343000912806,0.1981409986910876,0.039601000025868416,25.775779999094084,401408,23.363028001767816,0.17753800057107583,0.026260997401550412,0.0,200704,0.0,0.0,0.0,0.0,0
4,chain_4svc,174,88.21642999828327,76.11523699961253,12.10119299867074,2007040,3,25.611441997170914,0.30150700331432745,0.15253400124493055,59.364822001953144,602112,12.576326000271365,0.3593360015656799,0.05845800114911981,42.883227000857005,802816,14.252667002438102,0.2032390002568718,0.0409279964515008,25.948359001631616,401408,23.674801999732153,0.19660500038298778,0.02709800173761323,0.0,200704,0.0,0.0,0.0,0.0,0
4,chain_4svc,175,91.4528959983727,78.95995899525587,12.492937003116822,2007040,3,26.85322799879941,0.29005300166318193,0.16482600040035322,60.97949200193398,602112,13.297999998030718,0.4191900006844662,0.05231199975241907,43.76050800055964,802816,14.416584999707993,0.2172780004912056,0.045188000513007864,26.489841999136843,401408,24.39214599871775,0.1278099989576731,0.02667900116648525,0.0,200704,0.0,0.0,0.0,0.0,0
4,chain_4svc,176,89.01919100026134,77.12787100172136,11.891319998539984,2007040,3,26.616324998030905,0.3324470017105341,0.11970800187555142,59.25740500242682,602112,12.373994002700783,0.32197099790209904,0.05426699863164686,43.17034599807812,802816,14.340178000566084,0.23397000040858984,0.04064799941261299,26.077356000314467,401408,23.797374000423588,0.18515000192564912,0.026679997972678393,0.0,200704,0.0,0.0,0.0,0.0,0
4,chain_4svc,177,89.22075499867788,76.85297700299998,12.367777995677898,2007040,3,25.762790002772817,0.32336699950974435,0.15609599722665735,60.04193699845928,602112,12.917921998450765,0.40047299989964813,0.0491680002596695,43.207082999288104,802816,14.469735000602668,0.2017719998548273,0.039041999116307124,26.130227000976447,401408,23.702530001173727,0.13765800031251274,0.025281999114667997,0.0,200704,0.0,0.0,0.0,0.0,0
4,chain_4svc,178,93.72219199940446,80.94968100340338,12.772510996001074,2007040,3,29.88142500180402,0.30772299942327663,0.11565800014068373,60.37424399983138,602112,13.339905999600887,0.44866299867862836,0.05238100129645318,43.16957800256205,802816,14.08511699992232,0.19800099835265428,0.039040998672135174,26.31223400021554,401408,23.64323300207616,0.12920699737151153,0.02374700125074014,0.0,200704,0.0,0.0,0.0,0.0,0
4,chain_4svc,179,88.8517099992896,77.78731799771776,11.064392001571832,2007040,3,26.38549800030887,0.30087900086073205,0.19960699864896014,59.171151002374245,602112,12.656086000788491,0.374281000404153,0.05482599954120815,43.162105001101736,802816,14.885851996950805,0.2128770029230509,0.05629200313705951,25.77515199664049,401408,23.859881999669597,0.1264140009880066,0.02626100103952922,0.0,200704,0.0,0.0,0.0,0.0,0
4,chain_4svc,180,88.83236500332714,76.68067600025097,12.151689003076172,2007040,3,26.007026001025224,0.3292340006737504,0.0858349994814489,59.32466299782391,602112,12.921413999720244,0.40214899854618125,0.07193700002972037,42.71029899973655,802816,14.020234000781784,0.22139800057630055,0.05538500045076944,26.022810001450125,401408,23.732001998723717,0.15679500211263075,0.02660999962245114,0.0,200704,0.0,0.0,0.0,0.0,0
4,chain_4svc,181,88.70881400071084,77.00704499802669,11.70176900268416,2007040,3,26.103406999027357,0.32336699950974435,0.1672709986451082,59.14021100034006,602112,12.568504000228131,0.3823829974862747,0.051473001803969964,42.912001998047344,802816,14.48530899870093,0.22356400222633965,0.039391001337207854,26.09935699729249,401408,23.84982500007027,0.18235599782201461,0.025422999897273257,0.0,200704,0.0,0.0,0.0,0.0,0
4,chain_4svc,182,88.88286100045661,77.9575910019048,10.925269998551812,2007040,3,25.741766999999527,0.3148460018564947,0.08304199945996515,59.89568899894948,602112,12.743876002787147,0.36869399991701357,0.051544000598369166,43.578150998655474,802816,14.621918999182526,0.20044600023538806,0.039671002014074475,26.956314999551978,401408,24.850028999935603,0.1379370005452074,0.024723998649278656,0.0,200704,0.0,0.0,0.0,0.0,0
4,chain_4svc,183,89.67800800019177,77.38083799631568,12.29717000387609,2007040,3,26.526018998993095,0.32853599986992776,0.19807100034086034,59.61094400117872,602112,12.432032999640796,0.3878309980791528,0.12676299957092851,43.31149700010428,802816,14.239746000384912,0.26665599943953566,0.04001900015282445,26.484254998649703,401408,24.183039997296873,0.1932520026457496,0.025283003196818754,0.0,200704,0.0,0.0,0.0,0.0,0
4,chain_4svc,184,90.66731599887135,79.12185300301644,11.545462995854905,2007040,3,27.348823998181615,0.3217610028514173,0.16790000154287554,60.21919599879766,602112,13.198756001656875,0.3295130009064451,0.05712999700335786,43.45271599959233,802816,14.576453002518974,0.21574099810095504,0.0400889985030517,26.443816001119558,401408,23.997820000658976,0.1307439997617621,0.033873002394102514,0.0,200704,0.0,0.0,0.0,0.0,0
4,chain_4svc,185,90.56506700289901,77.76468900192413,12.800378000974888,2007040,3,26.509677001740783,0.2900529980252031,0.22384199837688357,60.500098999909824,602112,12.460808000469115,0.5208790025790222,0.05671199687640183,43.836774999363115,802816,14.425733999814838,0.22831300157122314,0.06341599873849191,26.74930400098674,401408,24.36846999989939,0.22600800002692267,0.024794000637484714,0.0,200704,0.0,0.0,0.0,0.0,0
4,chain_4svc,186,92.16618899881723,81.59864999834099,10.567539000476245,2007040,3,29.101432999596,0.2827889984473586,0.17285800277022645,59.96259699895745,602112,12.982525000552414,0.35961499816039577,0.05021700053475797,43.86247699949308,802816,15.071071997226682,0.1974420010810718,0.04015900049125776,26.629665000655223,401408,24.443620000965893,0.15309299851651303,0.05531399801839143,0.0,200704,0.0,0.0,0.0,0.0,0
4,chain_4svc,187,87.44426100020064,75.3959389985539,12.048322001646738,2007040,3,25.771519998670556,0.28739900153595954,0.18976000137627125,58.05759400027455,602112,12.276495999685721,0.3645739998319186,0.053428997489390895,41.884909998771036,802816,13.84828400114202,0.21609000032185577,0.039530001231469214,25.61905499896966,401408,23.499638999055605,0.14485100109595805,0.04393099879962392,0.0,200704,0.0,0.0,0.0,0.0,0
4,chain_4svc,188,87.68095400228049,75.5449120006233,12.136042001657188,2007040,3,25.71068800170906,0.2739189985732082,0.16440699982922524,58.550676996674156,602112,12.265042001672555,0.43755799924838357,0.051123999583069235,42.60036800042144,802816,13.919312998041278,0.23173500085249543,0.03799300247919746,26.301548998162616,401408,23.649868999200407,0.14918099986971356,0.024863998987711966,0.0,200704,0.0,0.0,0.0,0.0,0
4,chain_4svc,189,87.61753799990402,75.23306700022658,12.384470999677433,2007040,3,25.56269300112035,0.32839599953149445,0.1482740008214023,58.686240001406986,602112,12.324896000791341,0.37113900179974735,0.05182299719308503,42.55112900136737,802816,13.961287000711309,0.21839499822817743,0.03757499871426262,25.955552999221254,401408,23.384190997603582,0.14925200230209157,0.02674900315469131,0.0,200704,0.0,0.0,0.0,0.0,0
4,chain_4svc,190,87.9591340017214,76.05594300184748,11.903190999873914,2007040,3,25.577290001820074,0.32399499832536094,0.10071200085803866,58.85490700165974,602112,12.584289001097204,0.48016099754022434,0.05252100163488649,42.62432399991667,802816,14.284444998338586,0.19660399993881583,0.06299700180534273,25.981953000155045,401408,23.609919000591617,0.1266229992324952,0.024794000637484714,0.0,200704,0.0,0.0,0.0,0.0,0
4,chain_4svc,191,88.20448799815495,76.37295399763389,11.83153400052106,2007040,3,25.66801400098484,0.25045299844350666,0.08562599759898148,59.250839996821014,602112,12.273143998754676,0.3310489992145449,0.04979700315743685,43.017672000132734,802816,14.501792000373825,0.22321400319924578,0.03764499706448987,25.95136200034176,401408,23.930003997520544,0.15162600175244734,0.02667900116648525,0.0,200704,0.0,0.0,0.0,0.0,0
4,chain_4svc,192,91.93536199745722,80.81369799765525,11.121663999801967,2007040,3,27.84693599824095,0.27496700204210356,0.1660130001255311,61.011759000393795,602112,13.04531300047529,0.32266800189972855,0.05196299753151834,44.60943500089343,802816,14.834727000561543,0.2009349991567433,0.06167099854792468,27.315300998452585,401408,25.08672199837747,0.16063500152085908,0.038622998545179144,0.0,200704,0.0,0.0,0.0,0.0,0
4,chain_4svc,193,91.81076399909216,79.42217200252344,12.38859199656872,2007040,3,26.908612002443988,0.31784999737283215,0.18026199904852547,61.629578998690704,602112,12.544129000161774,0.4316909980843775,0.05580400102189742,45.022618000075454,802816,14.756923999811988,0.24675099848536775,0.043302003177814186,27.491023000038695,401408,25.21250700010569,0.16454700016765855,0.0253529979090672,0.0,200704,0.0,0.0,0.0,0.0,0
4,chain_4svc,194,91.22158000172931,80.31034900341183,10.911230998317478,2007040,3,27.919152002141345,0.3226689987059217,0.18584899953566492,60.259912999754306,602112,13.547264999942854,0.35884699900634587,0.053987998398952186,43.237952999334084,802816,14.687361999676796,0.21266799740260467,0.03771400224650279,26.319846998376306,401408,24.156570001650834,0.1320709998253733,0.02563199814176187,0.0,200704,0.0,0.0,0.0,0.0,0
4,chain_4svc,195,87.44377200127929,75.58297400100855,11.860798000270734,2007040,3,26.272633996995864,0.27084600151283666,0.17488400044385344,57.803091000096174,602112,12.138000001868932,0.394954997318564,0.0519620007253252,41.90446500069811,802816,13.7820730014937,0.21141099932719953,0.03897200076607987,25.62191900142352,401408,23.390267000650056,0.12550499741337262,0.024515000404790044,0.0,200704,0.0,0.0,0.0,0.0,0
4,chain_4svc,196,91.15055100119207,77.88649200301734,13.264058998174733,2007040,3,26.53405100136297,0.2994819988089148,0.20742999913636595,60.94883200057666,602112,12.330692999967141,0.4034060002595652,0.05817800047225319,44.934477999049705,802816,14.08469699890702,1.0018100001616403,0.03820400161202997,27.206486996874446,401408,24.93705100278021,0.13220999971963465,0.028075999580323696,0.0,200704,0.0,0.0,0.0,0.0,0
4,chain_4svc,197,92.13943999930052,79.72423899991554,12.415200999384979,2007040,3,26.527835998422233,0.3448080024099909,0.13751799997407943,61.86215100024128,602112,13.531272001273464,0.5915590008953586,0.09966399738914333,43.927639999310486,802816,15.083434002008289,0.2391380003246013,0.04015800004708581,26.51114399850485,401408,24.581696998211555,0.15351200272561982,0.025142999220406637,0.0,200704,0.0,0.0,0.0,0.0,0
4,chain_4svc,198,91.04222599853529,79.3880889978027,11.65413700073259,2007040,3,27.296372998534935,0.35304999983054586,0.18934100080514327,60.16862999967998,602112,13.14197499959846,0.3644339994934853,0.06425399988074787,43.62892700009979,802816,14.938791002350627,0.20289099848014303,0.05531499846256338,26.140911999391392,401408,24.010949997318676,0.1350740021734964,0.024794000637484714,0.0,200704,0.0,0.0,0.0,0.0,0
4,chain_4svc,199,126.29063700296683,112.82997500529746,13.460661997669376,2007040,3,29.928918000223348,0.36366499989526346,0.161055002536159,92.67868700044346,602112,16.861813001014525,0.3811960013990756,0.09198099724017084,71.80844899994554,802816,21.30346600097255,0.20386799951666035,0.044698997953673825,47.45876699962537,401408,44.735778003087034,0.32783699862193316,0.04874899968854152,0.0,200704,0.0,0.0,0.0,0.0,0
4,chain_4svc,200,123.59132499841508,102.60458999982802,20.986734998587053,2007040,3,33.07025699905353,0.6167030005599372,0.38287200004560873,82.97131899962551,602112,21.013204001064878,0.8015040002646856,0.07144800110836513,54.85514300016803,802816,17.67840299726231,0.23906800197437406,0.11167699994985014,33.62375299911946,401408,30.842726002447307,0.17704799756756984,0.031010000384412706,0.0,200704,0.0,0.0,0.0,0.0,0
5,chain_4svc,1,99.00355200079503,86.82567400319385,12.177877997601172,2007040,3,30.768135002290364,0.33733499731170014,0.18612900021253154,64.55385099980049,602112,13.719496000703657,0.3564019971236121,0.05300900011206977,47.262232001230586,802816,16.037542001868133,0.20749900068040006,0.042044997826451436,28.63712500038673,401408,26.3005009983317,0.15183499999693595,0.028146001568529755,0.0,200704,0.0,0.0,0.0,0.0,0
5,chain_4svc,2,97.59707999910461,84.5907389993954,13.00634099970921,2007040,3,28.531733998534037,0.29193800219218247,0.1924839998537209,65.44042200039257,602112,13.795693001156906,0.4163960002188105,0.07137799912015907,47.808464001718676,802816,16.854131001309725,0.2519189984013792,0.05664100171998143,28.07957899858593,401408,25.40918099839473,0.1540709999972023,0.02619099905132316,0.0,200704,0.0,0.0,0.0,0.0,0
5,chain_4svc,3,100.53476200118894,87.5257670013525,13.008994999836432,2007040,3,29.638654999871505,0.33656699815765023,0.23292200057767332,67.27711799976532,602112,14.433347001613583,0.3818240002146922,0.056571996537968516,48.72045700176386,802816,16.732536998461,0.30884000079822727,0.04337100108386949,29.22868399764411,401408,26.721228001406416,0.17118200048571452,0.02898399907280691,0.0,200704,0.0,0.0,0.0,0.0,0
5,chain_4svc,4,97.30912300074124,85.22944099604501,12.079682004696224,2007040,3,28.934371999639552,0.29878200075472705,0.17495299834990874,65.16482600272866,602112,13.959052001155214,0.36352700044517405,0.05573399903369136,47.34890500185429,802816,15.934454997477587,0.2556910003477242,0.042603001929819584,28.74307499951101,401408,26.40156199777266,0.15770300160511397,0.02723800207604654,0.0,200704,0.0,0.0,0.0,0.0,0
5,chain_4svc,5,95.55749200080754,83.23462100452161,12.322870996285928,2007040,3,29.02111400180729,0.2980149984068703,0.1695059982012026,63.384561999555444,602112,13.529036998079391,0.33258600160479546,0.054337000619852915,46.04524000023957,802816,15.395696002087789,0.2399769982730504,0.05775899990112521,27.72310599902994,401408,25.288774002547143,0.15372199777630158,0.025841000024229288,0.0,200704,0.0,0.0,0.0,0.0,0
5,chain_4svc,6,95.63257300033001,83.18531300028553,12.44726000004448,2007040,3,28.63831200011191,0.2561799992690794,0.1695060018391814,63.510486001177924,602112,13.855756998964353,0.3700910019688308,0.05587299892795272,45.73947299650172,802816,15.383194000605727,0.23313199926633388,0.039180999010568485,27.795183003036072,401408,25.308050000603544,0.14066099902265705,0.02619099905132316,0.0,200704,0.0,0.0,0.0,0.0,0
5,chain_4svc,7,95.1472430024296,82.8024420006841,12.344801001745509,2007040,3,28.71395100009977,0.255201000982197,0.09596299787517637,62.996449996717274,602112,13.569336002547061,0.3721169996424578,0.07193700002972037,45.53665300045395,802816,15.279758998076431,0.25198900038958527,0.04316199920140207,27.507644997967873,401408,25.239395999960834,0.20554400180117227,0.02619099905132316,0.0,200704,0.0,0.0,0.0,0.0,0
5,chain_4svc,8,95.39580899945577,83.08585900158505,12.309949997870717,2007040,3,28.81885299939313,0.2519189984013792,0.1716010010568425,63.41997100025765,602112,13.675914000486955,0.3776339981413912,0.06369599941535853,45.89256599865621,802816,15.589367001666687,0.23012900055618957,0.04050799907417968,27.58111799994367,401408,25.001725000038277,0.15497899948968552,0.02612000025692396,0.0,200704,0.0,0.0,0.0,0.0,0
5,chain_4svc,9,95.81395100030932,83.46551899740007,12.348432002909249,2007040,3,28.40106000076048,0.2538049993745517,0.09107299774768762,64.264775999618,602112,13.745406999078114,0.4177230002824217,0.05189199873711914,46.76440000184812,802816,16.11415799925453,0.2802050003083423,0.040369002817897126,27.7755570023146,401408,25.204893998306943,0.15134700151975267,0.028354999813018367,0.0,200704,0.0,0.0,0.0,0.0,0
5,chain_4svc,10,96.79515799871297,84.01377599511761,12.781382003595354,2007040,3,29.226659000414656,0.26581700149108656,0.17243899856111966,64.01257799734594,602112,13.448648998746648,0.41911999869626015,0.05866700303158723,46.82572100136895,802816,16.03949699710938,0.25164000180666335,0.04099700163351372,27.891354999155737,401408,25.298970998846926,0.15421100033563562,0.027308000426273793,0.0,200704,0.0,0.0,0.0,0.0,0
5,chain_4svc,11,97.61265400084085,85.13333699738723,12.479317003453616,2007040,3,29.46572699875105,0.25198900038958527,0.1731369993649423,64.71518499893136,602112,14.007731999299722,0.37798300036229193,0.054337000619852915,46.98062999887043,802816,16.36523799970746,0.2737100003287196,0.0400200005969964,27.895614999579266,401408,25.294639999629,0.15700500080129132,0.02619099905132316,0.0,200704,0.0,0.0,0.0,0.0,0
5,chain_4svc,12,96.17538200109266,83.81060499959858,12.364777001494076,2007040,3,28.996180997637566,0.2500340015103575,0.16866800069692545,64.14611500076717,602112,13.698961000045529,0.3744219975487795,0.054407002608058974,46.6717899980722,802816,16.00897600292228,0.2575759972387459,0.042044997826451436,27.794554000138305,401408,25.106486998993205,0.15476900080102496,0.02667900116648525,0.0,200704,0.0,0.0,0.0,0.0,0
5,chain_4svc,13,96.7197979989578,84.0125880058622,12.707209993095603,2007040,3,28.925431000971003,0.2795770014927257,0.1785849999578204,64.32861199937179,602112,13.680453001143178,0.40689799789106473,0.05517500176210888,46.76237500098068,802816,16.398134001065046,0.26225499823340215,0.04099700163351372,27.39617699990049,401408,25.008570002682973,0.14163800005917437,0.02646999928401783,0.0,200704,0.0,0.0,0.0,0.0,0
5,chain_4svc,14,99.11725399797433,86.87497999926563,12.242273998708697,2007040,3,31.32547199857072,0.3140780027024448,0.17970300177694298,64.47737399867037,602112,14.16550400244887,0.36471299972618,0.05859799784957431,46.57806300019729,802816,16.154246997757582,0.23606499962625094,0.042253999708918855,27.719544999854406,401408,25.229757000488462,0.1552579997223802,0.025912002456607297,0.0,200704,0.0,0.0,0.0,0.0,0
5,chain_4svc,15,97.93406600147136,85.01935599997523,12.914710001496132,2007040,3,29.418933001579717,0.2604389992484357,0.20323999706306495,64.91528200058383,602112,14.203706999978749,0.4187019985693041,0.053918000048724934,46.93788700024015,802816,16.284572000586195,0.25771600121515803,0.05866699939360842,27.70096699896385,401408,25.11214399783057,0.15532800171058625,0.02709900218178518,0.0,200704,0.0,0.0,0.0,0.0,0
5,chain_4svc,16,96.97185699769761,84.21024100243812,12.76161599525949,2007040,3,29.249777002405608,0.26134699874091893,0.0984069993137382,64.20268700094311,602112,14.17206900077872,0.33300499853794463,0.053779000154463574,46.52652000004309,802816,15.402122000523377,0.2745480014709756,0.05810799848404713,28.228970000782283,401408,25.38627299873042,0.1526039995951578,0.025911002012435347,0.0,200704,0.0,0.0,0.0,0.0,0
5,chain_4svc,17,95.89950699955807,83.02621499751695,12.873292002041126,2007040,3,28.73399600139237,0.2915189979830757,0.18871199790737592,63.78545299958205,602112,13.726130000577541,0.39593299879925326,0.05615299960481934,46.26042300151312,802816,15.563036999083124,0.2878870000131428,0.042464002035558224,27.641671000310453,401408,25.00305199646391,0.1553980000608135,0.02626000059535727,0.0,200704,0.0,0.0,0.0,0.0,0
5,chain_4svc,18,96.63619799903245,84.01286699881894,12.623331000213511,2007040,3,28.615543997148052,0.26532899937592447,0.08911800250643864,64.36388200017973,602112,13.814339999953518,0.3986570009146817,0.05293999856803566,46.85170199809363,802816,16.13301500037778,0.2811820013448596,0.04400100078782998,27.922644996579038,401408,25.449968001339585,0.15302400061045773,0.025213001208612695,0.0,200704,0.0,0.0,0.0,0.0,0
5,chain_4svc,19,96.68306099774782,84.0908110003511,12.59224999739672,2007040,3,28.81808500023908,0.25052199998754077,0.17523299902677536,64.52319099844317,602112,13.710904997424223,0.3633859996625688,0.05629200313705951,47.09363399888389,802816,16.026646000682376,0.25785600155359134,0.03980999827035703,28.22980800192454,401408,25.535175002005417,0.15909899957478046,0.026400997739983723,0.0,200704,0.0,0.0,0.0,0.0,0
5,chain_4svc,20,96.31073600030504,84.32869199896231,11.982044001342729,2007040,3,29.47752999898512,0.38000900167389773,0.18263600213686004,63.73293099750299,602112,14.027566998265684,0.3851770015899092,0.05503600186784752,46.13456800143467,802816,15.37579100113362,0.2503830000932794,0.06062199827283621,27.901482000743272,401408,25.44780400057789,0.15490899750147946,0.030031998903723434,0.0,200704,0.0,0.0,0.0,0.0,0
5,chain_4svc,21,97.05888000098639,84.36689600057434,12.691984000412049,2007040,3,28.968662998522632,0.25953200020012446,0.1547700012451969,64.65589000072214,602112,13.919102999352617,0.3777739984798245,0.0555240003450308,47.07254200184252,802816,16.173105002962984,0.2513599974918179,0.04050799907417968,28.039979002642212,401408,25.30602499973611,0.16098500054795295,0.02618999860715121,0.0,200704,0.0,0.0,0.0,0.0,0
5,chain_4svc,22,96.92981199987116,84.47675699790125,12.453055001969915,2007040,3,29.372278000664664,0.2982240002893377,0.17502399714430794,63.87512999936007,602112,13.768524000624893,0.430295000114711,0.053918000048724934,46.586442997067934,802816,16.138742998009548,0.2626040004543029,0.053777999710291624,27.650470998196397,401408,25.197211998602143,0.16210200192290358,0.027656999009195715,0.0,200704,0.0,0.0,0.0,0.0,0
5,chain_4svc,23,97.48358700016979,84.82442900640308,12.659157993766712,2007040,3,29.441492002661107,0.25450300017837435,0.18158899911213666,64.56202200206462,602112,13.78326100166305,0.45313299779081717,0.053777999710291624,46.973855001851916,802816,16.441157000372186,0.25981100043281913,0.04162600089330226,27.73064999928465,401408,25.158519001706736,0.15427999824169092,0.026679997972678393,0.0,200704,0.0,0.0,0.0,0.0,0
5,chain_4svc,24,96.34013899994898,83.82673900632653,12.513399993622443,2007040,3,28.71890900132712,0.2936149976449087,0.20072500046808273,64.09261600128957,602112,14.096919003350195,0.5220669991103932,0.05482599954120815,46.02330999841797,802816,15.70642200022121,0.2376709999225568,0.041834999137790874,27.56980399863096,401408,25.30448900142801,0.1516960001026746,0.027097998099634424,0.0,200704,0.0,0.0,0.0,0.0,0
5,chain_4svc,25,97.14771799917798,83.46600699587725,13.681711003300734,2007040,3,28.427810000721365,0.3257409989601001,0.09009499990497716,64.43225700058974,602112,14.076245999603998,0.4477560032682959,0.06055300036678091,46.53420199974789,802816,15.748047997476533,0.2314550001756288,0.05957500252407044,27.60451600261149,401408,25.213902998075355,0.1741860032780096,0.02619099905132316,0.0,200704,0.0,0.0,0.0,0.0,0
5,chain_4svc,26,97.13535599803436,84.24711700354237,12.888238994491985,2007040,3,29.293567000422627,0.2933349969680421,0.10581000242382288,64.2709220010147,602112,13.72906400138163,0.3962819973821752,0.053777999710291624,46.921614000893896,802816,15.693430999817792,0.25478300085524097,0.057060999097302556,28.140201000496745,401408,25.531055001920322,0.170134000654798,0.0267489995167125,0.0,200704,0.0,0.0,0.0,0.0,0
5,chain_4svc,27,96.84984300110955,84.20213899808004,12.647704003029503,2007040,3,28.763399001036305,0.2590430012787692,0.09805799709283747,64.57117199897766,602112,14.101949000178138,0.4047329966851976,0.054056999942986295,46.69330099932267,802816,15.938365999318194,0.26295399948139675,0.039530001231469214,27.974885997537058,401408,25.39842499754741,0.17188100173370913,0.0266800016106572,0.0,200704,0.0,0.0,0.0,0.0,0
5,chain_4svc,28,96.19158499845071,83.73280199521105,12.45878300323966,2007040,3,28.84623099816963,0.3344020005897619,0.1313719985773787,63.95111700112466,602112,13.918543998443056,0.42813000254682265,0.0696320021233987,46.32872799993493,802816,15.612973998941015,0.2590420008345973,0.04190500112599693,28.05394700044417,401408,25.355052999657346,0.17509300232632086,0.02619099905132316,0.0,200704,0.0,0.0,0.0,0.0,0
5,chain_4svc,29,95.39029100051266,82.98116799778654,12.409123002726119,2007040,3,28.69083399855299,0.2785280012176372,0.15658499978599139,63.21009699968272,602112,13.819649000652134,0.4469169980438892,0.05321899880073033,45.713701998465694,802816,15.466654996998841,0.2580660002422519,0.05845700070494786,27.38311800203519,401408,25.004030001582578,0.17600099818082526,0.026399997295811772,0.0,200704,0.0,0.0,0.0,0.0,0
5,chain_4svc,30,98.20393400150351,85.64339300210122,12.560540999402292,2007040,3,28.893654001876712,0.3059759983443655,0.09247100024367683,65.74416300281882,602112,14.0962910008966,0.44733600225299597,0.0576189995626919,47.80371500237379,802816,16.441226998722414,0.2626050008984748,0.04190500112599693,28.684826000244357,401408,26.212221000605496,0.20805800158996135,0.027656999009195715,0.0,200704,0.0,0.0,0.0,0.0,0
5,chain_4svc,31,95.38421499746619,82.98228299463517,12.401932002831018,2007040,3,28.496113998699002,0.3124720024061389,0.10057200051960535,63.43903800006956,602112,13.6966569989454,0.41688499914016575,0.05573300222749822,45.9644330003357,802816,15.67073299884214,0.2590430012787692,0.05775899990112521,27.428096000221558,401408,25.118778998148628,0.17132200082414784,0.02640000093379058,0.0,200704,0.0,0.0,0.0,0.0,0
5,chain_4svc,32,95.48276200075634,83.27387300232658,12.208888998429757,2007040,3,28.605696999875363,0.2926359993580263,0.08883800182957202,63.37806599913165,602112,13.593080999271479,0.4238700021232944,0.05238199810264632,46.14497399961692,802816,15.683165001973975,0.2640719976625405,0.06586000017705373,27.655081001284998,401408,25.391930001205765,0.17223000031663105,0.03708599979290739,0.0,200704,0.0,0.0,0.0,0.0,0
5,chain_4svc,33,96.94685399881564,84.36424100000295,12.582612998812692,2007040,3,28.832891999627464,0.3334240027470514,0.15309299851651303,64.64506499833078,602112,13.646859002619749,0.38936800046940334,0.05573399903369136,47.293660001741955,802816,16.612268998869695,0.2809729994623922,0.0428829989687074,27.805379999335855,401408,25.27222099888604,0.1721600019664038,0.026191002689301968,0.0,200704,0.0,0.0,0.0,0.0,0
5,chain_4svc,34,97.94042200155673,85.38693499940564,12.553487002151087,2007040,3,28.8742379998439,0.3082110015384387,0.09288900037063286,65.65336900166585,602112,14.196864001860376,0.45369199870037846,0.053288997150957584,47.87628099802532,802816,16.22024799871724,0.25331600045319647,0.04211400300846435,28.685525998298544,401408,26.095584998984123,0.17097200179705396,0.027657999453367665,0.0,200704,0.0,0.0,0.0,0.0,0
5,chain_4svc,35,97.2866329975659,85.16099600092275,12.125636996643152,2007040,3,28.60283300105948,0.2890050018322654,0.0865339970914647,65.43714000144973,602112,13.94312800039188,0.45522799700847827,0.05301000055624172,47.91532199669746,802816,16.187213001103373,0.2762240001175087,0.04155499846092425,28.83365900197532,401408,26.427821998368017,0.17174100139527582,0.02633099938975647,0.0,200704,0.0,0.0,0.0,0.0,0
5,chain_4svc,36,96.94182499879389,84.25982900007511,12.681995998718776,2007040,3,28.78973000042606,0.3228780005883891,0.20079499881830998,64.64590199902887,602112,13.571152001532027,0.4363009975349996,0.05335899913916364,47.46449300000677,802816,16.78303199878428,0.2583450004749466,0.05964400043012574,27.83401499982574,401408,25.115914999332745,0.16782999955466948,0.02654000127222389,0.0,200704,0.0,0.0,0.0,0.0,0
5,chain_4svc,37,96.07180700186291,83.70605299933231,12.365754002530593,2007040,3,28.50498400221113,0.29277700014063157,0.09917599891196005,64.32665600004839,602112,13.577715999417705,0.4205170007480774,0.05454599886434153,46.92964499918162,802816,15.964067999448162,0.2597410020825919,0.042044997826451436,28.177218002383597,401408,25.659284998255316,0.20337900059530511,0.027516998670762405,0.0,200704,0.0,0.0,0.0,0.0,0
5,chain_4svc,38,97.78907500003697,84.67936800298048,13.109706997056492,2007040,3,29.799151001498103,0.36925300082657486,0.08527699901605956,64.24193800194189,602112,13.779001001239521,0.39844699858804233,0.09002599836094305,46.48049400202581,802816,15.66940599877853,0.2438870033074636,0.05817800047225319,28.07028999814065,401408,25.431810001464328,0.17474400010542013,0.04874899968854152,0.0,200704,0.0,0.0,0.0,0.0,0
5,chain_4svc,39,96.55112999826088,84.32757599439356,12.22355400386732,2007040,3,28.87982500033104,0.3353789979883004,0.11475000064820051,64.26861700310837,602112,13.878105997719103,0.37281500044628046,0.0527299998793751,46.78032399897347,802816,15.99884999814094,0.29948099836474285,0.061041002481942996,27.995279000606388,401408,25.570794998202473,0.17180999930133112,0.02667900116648525,0.0,200704,0.0,0.0,0.0,0.0,0
5,chain_4svc,40,96.92722799809417,84.35816600103863,12.569061997055542,2007040,3,28.821995998441707,0.2876780017686542,0.16699100160622038,64.76700799976243,602112,13.720893002755474,0.392020996514475,0.0562919994990807,47.29806100294809,802816,16.505969997524517,0.25820500013651326,0.06586100062122568,27.895056999113876,401408,25.309307002316928,0.17236999701708555,0.025702000129967928,0.0,200704,0.0,0.0,0.0,0.0,0
5,chain_4svc,41,99.05460699883406,86.6703450010391,12.384261997794965,2007040,3,31.50077399914153,0.2999700009240769,0.08869899829733185,63.94539100074326,602112,13.893471001210855,0.3695329978654627,0.05580300057772547,46.498094001435675,802816,15.740645001642406,0.2660269965417683,0.04092699964530766,27.894078997633187,401408,25.535454999044305,0.18507999993744306,0.02612100070109591,0.0,200704,0.0,0.0,0.0,0.0,0
5,chain_4svc,42,96.42702099881717,83.37814600236015,13.048874996457016,2007040,3,28.863272000307916,0.3006689985340927,0.10420400212751701,64.06817100287299,602112,13.5726180014899,0.33384400012437254,0.056711000070208684,46.58064600153011,802816,15.895344000455225,0.260998000157997,0.039460999687435105,27.9950700023619,401408,25.046912000107113,0.17467399811721407,0.028077000024495646,0.0,200704,0.0,0.0,0.0,0.0,0
5,chain_4svc,43,97.43930699914927,85.34489000157919,12.094416997570079,2007040,3,28.768847001629183,0.31847799982642755,0.1660130001255311,65.19751199812163,602112,14.106069000263233,0.3828030021395534,0.051543000154197216,47.39486100152135,802816,16.518123000423657,0.25527100297040306,0.041834999137790874,28.180010998767102,401408,25.951850999263115,0.17104300059145316,0.02870499884011224,0.0,200704,0.0,0.0,0.0,0.0,0
5,chain_4svc,44,96.66134100189083,84.43715500470717,12.224185997183667,2007040,3,28.73085200189962,0.4138129988859873,0.0886289999471046,64.37191300210543,602112,13.819159001286607,0.3578689975256566,0.05307999890646897,46.96470599810709,802816,16.00667100137798,0.23606499962625094,0.041835999581962824,28.388976999849547,401408,25.880473000142956,0.18235600145999342,0.02912399941124022,0.0,200704,0.0,0.0,0.0,0.0,0
5,chain_4svc,45,97.74311900036992,84.9861820024671,12.756936997902812,2007040,3,28.851399998529814,0.33957000050577335,0.20128300093347207,65.39907600017614,602112,13.93733100121608,0.42282199865439907,0.05817900091642514,47.59146600190434,802816,15.58510700124316,0.2806939992296975,0.04155499846092425,29.150880000088364,401408,26.61234400147805,0.1770489980117418,0.028145997930550948,0.0,200704,0.0,0.0,0.0,0.0,0
5,chain_4svc,46,98.34522399978596,85.29767599975457,13.047548000031384,2007040,3,29.90691800005152,0.4487330006668344,0.18026099860435352,64.71902599878376,602112,14.244494999729795,0.4230310005368665,0.05335899913916364,46.73646399896825,802816,15.894575000857003,0.260160999459913,0.04113700197194703,27.98096200058353,401408,25.251687999116257,0.17208999997819774,0.02905400106101297,0.0,200704,0.0,0.0,0.0,0.0,0
5,chain_4svc,47,98.03400999953737,84.94825899833813,13.085751001199242,2007040,3,28.71108799809008,0.3073030020459555,0.16734100063331425,65.71482999788714,602112,14.207339998392854,0.3749800016521476,0.07151799945859239,47.76984199997969,802816,16.81488000031095,0.30017999961273745,0.042463001591386274,28.060022999852663,401408,25.21495100154425,0.1672709986451082,0.025702000129967928,0.0,200704,0.0,0.0,0.0,0.0,0
5,chain_4svc,48,97.67069300141884,84.94050600347691,12.730186997941928,2007040,3,28.71276400037459,0.3256720010540448,0.18878199989558198,65.50313999832724,602112,13.619063000078313,0.3926499994122423,0.057059998653130606,48.00723300286336,802816,15.99340100074187,0.29927200012025423,0.04134700066060759,29.13823899871204,401408,26.61527800228214,0.1806799991754815,0.026888999855145812,0.0,200704,0.0,0.0,0.0,0.0,0
5,chain_4svc,49,97.99336200012476,85.30724500087672,12.686116999248043,2007040,3,28.514134002762148,0.30122799944365397,0.08918700041249394,66.14561300011701,602112,13.922245998401195,0.365621002856642,0.05580300057772547,48.44039200179395,802816,16.75837799848523,0.31477599986828864,0.04155600254307501,28.652140998019604,401408,26.112487001228146,0.1751630006765481,0.02905500150518492,0.0,200704,0.0,0.0,0.0,0.0,0
5,chain_4svc,50,95.95719699791516,83.8471329989261,12.110063998989062,2007040,3,29.082574998028576,0.35982500048703514,0.1787250002962537,63.31981800030917,602112,13.934817001427291,0.37058000089018606,0.05328900078893639,45.890890000009676,802816,15.809647997230059,0.223703002120601,0.04183500277576968,27.568756002438022,401408,25.020093002240174,0.15721299860160798,0.02912399941124022,0.0,200704,0.0,0.0,0.0,0.0,0
5,chain_4svc,51,96.53199400054291,84.8981119961536,11.633882004389307,2007040,3,28.69732900217059,0.3338429996802006,0.16782999955466948,64.60525399961625,602112,14.069750999624375,0.38880899955984205,0.05301000055624172,47.150066999165574,802816,16.25076899654232,0.2293600009579677,0.060552003560587764,28.151515001809457,401408,25.880262997816317,0.1512080016254913,0.025352001102874056,0.0,200704,0.0,0.0,0.0,0.0,0
5,chain_4svc,52,98.76071299731848,86.17195500482921,12.588757992489263,2007040,3,29.118614002072718,0.32127200029208325,0.1491820003138855,66.24430000010761,602112,14.875863998895511,0.44433299990487285,0.05580400102189742,47.21872099980828,802816,16.447792000690242,0.30136699933791533,0.04616499791154638,27.840091999678407,401408,25.729685003170744,0.1751629970385693,0.026259996957378462,0.0,200704,0.0,0.0,0.0,0.0,0
5,chain_4svc,53,96.29718599899206,84.02774500427768,12.269440994714387,2007040,3,29.252361000544624,0.4064780005137436,0.11076900045736693,63.25870599903283,602112,13.668859999597771,0.46353899961104617,0.051613002142403275,45.79953700158512,802816,15.878093003266258,0.26029999935417436,0.07801299943821505,27.39275600106339,401408,25.228431000869023,0.14240699965739623,0.0267489995167125,0.0,200704,0.0,0.0,0.0,0.0,0
5,chain_4svc,54,100.16990800068015,88.13129300324363,12.038614997436525,2007040,3,29.748656001174822,0.32853599986992776,0.22782299856771715,67.00843799990253,602112,16.691330001776805,0.4073169984621927,0.054126998293213546,46.708876001503086,802816,16.034816999308532,0.2003760018851608,0.06104199928813614,27.919360996747855,401408,25.656490000983467,0.13395600035437383,0.034083001082763076,0.0,200704,0.0,0.0,0.0,0.0,0
5,chain_4svc,55,99.4344060018193,87.24521200201707,12.189193999802228,2007040,3,29.317382999579422,0.3025539990630932,0.1758620019245427,66.40297999911127,602112,14.564091001375346,0.3668079989438411,0.05238199810264632,48.119259998202324,802816,16.55080900309258,0.20016599955852143,0.06718700024066493,29.117076999682467,401408,26.81292899796972,0.16203300037886947,0.029124003049219027,0.0,200704,0.0,0.0,0.0,0.0,0
5,chain_4svc,56,94.88952700121445,82.87779999955092,12.01172700166353,2007040,3,29.278620997502003,0.31044600109453313,0.1159370003733784,62.06720699992729,602112,13.573526000982383,0.4337169993959833,0.059574998886091635,44.93985599765438,802816,15.38354399963282,0.2152520028175786,0.04099699799553491,27.031183999497443,401408,24.64210900143371,0.14003300020704046,0.026679997972678393,0.0,200704,0.0,0.0,0.0,0.0,0
5,chain_4svc,57,91.58873700289405,79.27326999924844,12.315467003645608,2007040,3,27.21605499755242,0.3477420032140799,0.1639889997022692,60.475374997622566,602112,13.059700999292545,0.3841300022031646,0.0548249990970362,43.808210000861436,802816,14.785070001380518,0.1963949980563484,0.041764997149584815,26.542990999587346,401408,24.21244400102296,0.13842599946656264,0.02605099871288985,0.0,200704,0.0,0.0,0.0,0.0,0
5,chain_4svc,58,89.32195600209525,76.8077880020428,12.51416800005245,2007040,3,26.633506000507623,0.2885860012611374,0.2362749983149115,58.72074099897873,602112,12.644492002436891,0.34529799813753925,0.05238099765847437,42.59443100090721,802816,14.0128309976717,0.20365800082799979,0.04099700163351372,25.947871003154432,401408,23.516959001426585,0.15400099800899625,0.025073997676372528,0.0,200704,0.0,0.0,0.0,0.0,0
5,chain_4svc,59,87.28830399923027,75.43916999929934,11.849133999930928,2007040,3,25.749169999471633,0.2827200005413033,0.17118200048571452,58.162008001090726,602112,12.622910999198211,0.4042430009576492,0.05307999890646897,41.74760000023525,802816,13.635684998007491,0.2334810014872346,0.03869200008921325,25.69664999828092,401408,23.431404002622003,0.1392639969708398,0.025212997570633888,0.0,200704,0.0,0.0,0.0,0.0,0
5,chain_4svc,60,88.8059639983112,76.47778599493904,12.328178003372159,2007040,3,25.680794999061618,0.3258120013924781,0.19080800120718777,59.67931900158874,602112,12.580237998918165,0.4297359992051497,0.0835999999253545,43.24570500102709,802816,14.689735999127151,0.2291509990755003,0.04092800008947961,25.94137499909266,401408,23.527016997832106,0.17453400141675957,0.024794000637484714,0.0,200704,0.0,0.0,0.0,0.0,0
5,chain_4svc,61,87.49308099868358,75.87812699421193,11.614954004471656,2007040,3,25.724865998199675,0.2873980010917876,0.18033100059255958,58.50395300149103,602112,12.16949899753672,0.3470430019660853,0.051892002375097945,42.92974100098945,802816,14.220748998923227,0.2180460032832343,0.03911100066034123,26.148943998123286,401408,23.763012999552302,0.1440129999537021,0.02640000093379058,0.0,200704,0.0,0.0,0.0,0.0,0
5,chain_4svc,62,89.35415199812269,76.58610900398344,12.76804299413925,2007040,3,25.92377499968279,0.304999000945827,0.11642599929473363,60.13517600149498,602112,12.31504800307448,0.40661899765837006,0.05161299850442447,43.55224100072519,802816,14.58539200029918,0.2459130009810906,0.039601000025868416,26.09432799727074,401408,23.761894000926986,0.160146999405697,0.025074001314351335,0.0,200704,0.0,0.0,0.0,0.0,0
5,chain_4svc,63,88.77942499748315,76.07347300290712,12.705951994576026,2007040,3,25.542089002556168,0.304580000374699,0.08681399776833132,59.41832099779276,602112,12.286065000807866,0.32993200147757307,0.047631998313590884,43.491686999914236,802816,14.728848000231665,0.2504520016373135,0.03966999793192372,25.825367996731075,401408,23.516470999311423,0.15309300215449184,0.024513999960618094,0.0,200704,0.0,0.0,0.0,0.0,0
5,chain_4svc,64,88.42965700023342,76.76343999992241,11.666217000311008,2007040,3,25.689385998703074,0.28628099971683696,0.16524600141565315,59.41014900236041,602112,12.648264000745257,0.42673200005083345,0.08806999903754331,43.20708200248191,802816,14.60627599954023,0.21958200159133412,0.056221997510874644,26.124500000150874,401408,23.81951400093385,0.15497899948968552,0.02549199780332856,0.0,200704,0.0,0.0,0.0,0.0,0
5,chain_4svc,65,87.52450899919495,75.61684700340265,11.907661995792296,2007040,3,25.366508001752663,0.28572199880727567,0.1390549987263512,58.845408999331994,602112,12.248278999322793,0.5114509986015037,0.048820002120919526,42.50021400002879,802816,14.209924000169849,0.2271249977638945,0.03778400059673004,25.92587000253843,401408,23.79213600215735,0.15930899826344103,0.02577199848019518,0.0,200704,0.0,0.0,0.0,0.0,0
5,chain_4svc,66,89.47847099989303,76.98134400197887,12.497126997914165,2007040,3,25.357567999890307,0.30234400037443265,0.09491499804425985,60.597039002459496,602112,13.162646999262506,0.43714000275940634,0.04826099757337943,43.716648000554414,802816,14.319085999886738,0.20058600057382137,0.057199998991563916,26.51093399981619,401408,24.142043002939317,0.21762699907412753,0.02619099905132316,0.0,200704,0.0,0.0,0.0,0.0,0
5,chain_4svc,67,88.2691610022448,76.95843599867658,11.310725003568223,2007040,3,25.565137999365106,0.2867699986381922,0.10057200051960535,59.4385050026176,602112,13.159433998225722,0.49154600128531456,0.05238100129645318,42.835594998905435,802816,14.382991001184564,0.19932899886043742,0.05245099964668043,26.209776999166934,401408,23.850872999901185,0.17837599807535298,0.025702000129967928,0.0,200704,0.0,0.0,0.0,0.0,0
5,chain_4svc,68,88.23284300160594,75.82169400484418,12.411148996761767,2007040,3,25.69951299665263,0.3105160030827392,0.0886289999471046,59.24169100035215,602112,12.33956300347927,0.4412599992065225,0.05014599810237996,43.17474599884008,802816,14.005428001837572,0.2624650005600415,0.07060999996610917,26.190081000095233,401408,23.777190002874704,0.168806996953208,0.025142999220406637,0.0,200704,0.0,0.0,0.0,0.0,0
5,chain_4svc,69,88.11928099748911,76.16328899894143,11.955991998547688,2007040,3,25.308399999630637,0.30723300005774945,0.15078800061019138,59.662837000360014,602112,12.136183999245986,0.38545599818462506,0.05328900078893639,43.74807600106578,802816,15.181142000074033,0.22000199896865524,0.039391001337207854,25.967494999349583,401408,23.53756299999077,0.20833799862884916,0.02654000127222389,0.0,200704,0.0,0.0,0.0,0.0,0
5,chain_4svc,70,90.31636099825846,77.81888599856757,12.497474999690894,2007040,3,25.76809699894511,0.2730110027187038,0.08325199814862572,60.972647999733454,602112,13.078418000077363,0.4675210002460517,0.05203199907555245,44.155045001389226,802816,15.463443000044208,0.22335299945552833,0.04071800140081905,25.8896220002498,401408,23.508927999500884,0.14366400137078017,0.025212997570633888,0.0,200704,0.0,0.0,0.0,0.0,0
5,chain_4svc,71,87.22160600154893,75.2772060004645,11.944400001084432,2007040,3,25.801412000873825,0.32672000088496134,0.18661699868971482,58.00018499940052,602112,12.362609999399865,0.3990760014858097,0.053987998398952186,42.231114999594865,802816,13.7936669998453,0.21972199829178862,0.05622200114885345,25.68575400073314,401408,23.319517000345513,0.17537300300318748,0.0253529979090672,0.0,200704,0.0,0.0,0.0,0.0,0
5,chain_4svc,72,88.45207700142055,76.0037689942692,12.448308007151354,2007040,3,25.54516199961654,0.2769230013655033,0.1639889997022692,59.41440900278394,602112,12.277123998501338,0.453133001428796,0.0519620007253252,43.469546999403974,802816,14.077084997552447,0.22321399956126697,0.057131001085508615,26.57379199808929,401408,24.10439799859887,0.18235700190416537,0.025282999558839947,0.0,200704,0.0,0.0,0.0,0.0,0
5,chain_4svc,73,88.04643600160489,75.68801700108452,12.358419000520371,2007040,3,25.217745002009906,0.3070940001634881,0.08827999772620387,59.21941099950345,602112,12.204139999084873,0.4321099986555055,0.050635000661714,43.345509002392646,802816,14.412534997973125,0.2809729994623922,0.042952000512741506,26.096633002453018,401408,23.853597002016613,0.18850199921871535,0.024653996661072597,0.0,200704,0.0,0.0,0.0,0.0,0
5,chain_4svc,74,87.31868500035489,75.32847100446816,11.990213995886734,2007040,3,25.542159000906395,0.2758049995463807,0.10434399882797152,58.489356000791304,602112,12.367778999760048,0.4187009981251322,0.049099002353614196,42.304169000999536,802816,13.601393002318218,0.22970999998506159,0.05747899922425859,26.250633996824035,401408,23.817140001483494,0.18026099860435352,0.025073000870179385,0.0,200704,0.0,0.0,0.0,0.0,0
5,chain_4svc,75,88.47142300146515,76.2930570053868,12.178365996078355,2007040,3,25.724447001266526,0.3087699988100212,0.09442599912290461,59.15236399960122,602112,12.41729700268479,0.4367199981061276,0.05287000021780841,43.08290399785619,802816,13.976722999359481,0.24989300072775222,0.050635000661714,26.34443100032513,401408,24.174590002076002,0.15358200107584707,0.026259996957378462,0.0,200704,0.0,0.0,0.0,0.0,0
5,chain_4svc,76,86.88538699789206,75.25304100272479,11.63234599516727,2007040,3,25.852325998130254,0.27720200159819797,0.08583599992562085,57.80204400070943,602112,12.21957400048268,0.4024279987788759,0.0505660027556587,42.0607009982632,802816,13.794785001664422,0.248148000537185,0.059713998780352995,25.374959001055686,401408,23.386356002447428,0.14520100012305193,0.030031998903723434,0.0,200704,0.0,0.0,0.0,0.0,0
5,chain_4svc,77,89.12101999885635,77.23424000141677,11.88677999743959,2007040,3,25.819501002843026,0.2944529987871647,0.19227399752708152,59.767529000964714,602112,12.606427997525316,0.39977400228963234,0.04874899968854152,43.625225000141654,802816,15.087554002093384,0.24304899852722883,0.05231199975241907,26.1013820017979,401408,23.72075699895504,0.16077599866548553,0.025213001208612695,0.0,200704,0.0,0.0,0.0,0.0,0
5,chain_4svc,78,89.25029700185405,76.70965999932378,12.540637002530275,2007040,3,25.57002600224223,0.34159599817940034,0.09093399785342626,59.919155999523355,602112,12.138907997723436,0.3672970015031751,0.06628000119235367,43.82839499885449,802816,14.407925002160482,0.2848149997589644,0.06369499897118658,26.6962940004305,401408,24.592800997197628,0.17285800277022645,0.025213001208612695,0.0,200704,0.0,0.0,0.0,0.0,0
5,chain_4svc,79,88.45570899939048,76.67941899853759,11.776290000852896,2007040,3,25.863152000965783,0.3354500004206784,0.12822899952880107,59.479362000274705,602112,12.665024998568697,0.4015200029243715,0.051123999583069235,43.16357100105961,802816,14.81649899869808,0.2857920007954817,0.03904200275428593,25.444380997214466,401408,23.334743000305025,0.1377280023007188,0.024373999622184783,0.0,200704,0.0,0.0,0.0,0.0,0
5,chain_4svc,80,92.75739900112967,80.4327830010152,12.324616000114474,2007040,3,25.711596001201542,0.3014370013261214,0.17334699805360287,63.39825000031851,602112,16.828918000101112,0.3730240023287479,0.04958799763699062,42.84879500119132,802816,14.254412999434862,0.25478300085524097,0.04434899892657995,25.893603000440635,401408,23.63785600027768,0.13891499838791788,0.024445002054562792,0.0,200704,0.0,0.0,0.0,0.0,0
5,chain_4svc,81,89.30170100211399,76.75715199729893,12.544549004815053,2007040,3,25.87711999876774,0.326999001117656,0.16748100097174756,59.570993998931954,602112,12.358210999082075,0.4229609985486604,0.05300900011206977,43.38441000072635,802816,14.942003999749431,0.25673799973446876,0.057690001995069906,25.47846399829723,401408,23.579816999699688,0.12822899952880107,0.025422999897273257,0.0,200704,0.0,0.0,0.0,0.0,0
5,chain_4svc,82,88.34864100208506,76.5147319980315,11.833909004053567,2007040,3,25.893043999531073,0.3026240010512993,0.08674399941810407,59.36119000034523,602112,12.515842998254811,0.43490499956533313,0.051402999815763906,43.07130999950459,802816,14.281791001849342,0.25128999914159067,0.06202000076882541,26.018759999715257,401408,23.824053998396266,0.1665720010350924,0.02563199814176187,0.0,200704,0.0,0.0,0.0,0.0,0
5,chain_4svc,83,87.88440300122602,76.31715099705616,11.567252004169859,2007040,3,25.450597000599373,0.2811129998008255,0.16433800192316994,59.14307399871177,602112,12.233682999067241,0.4497109985095449,0.0766160010243766,43.114053001772845,802816,15.025954999146052,0.24947400015662424,0.04099700163351372,25.400032001925865,401408,23.606915998243494,0.13032500282861292,0.03198700142093003,0.0,200704,0.0,0.0,0.0,0.0,0
5,chain_4svc,84,88.01612499883049,75.96850000481936,12.04762499401113,2007040,3,25.354145000164863,0.2774819986370858,0.19702400095411576,59.21710599795915,602112,12.286204000702128,0.4433549984241836,0.05321899880073033,43.2304789974296,802816,14.305817003332777,0.25094099692068994,0.06676899647573009,26.229261999105802,401408,24.022334000619594,0.17055400167009793,0.02912399941124022,0.0,200704,0.0,0.0,0.0,0.0,0
5,chain_4svc,85,88.19673500329372,76.23934699950041,11.957388003793312,2007040,3,26.371320000180276,0.3117030028079171,0.13744899843004532,58.45136200150591,602112,12.577094999869587,0.3660399997897912,0.06488299914053641,42.11426899928483,802816,13.85484899947187,0.25953200020012446,0.056711000070208684,25.626249000197276,401408,23.43608299997868,0.13179100278648548,0.02549299824750051,0.0,200704,0.0,0.0,0.0,0.0,0
5,chain_4svc,86,89.36330099822953,76.41457999852719,12.948720999702346,2007040,3,25.398075998964487,0.3311200016469229,0.1674800005275756,60.43919699732214,602112,12.763222999637946,0.4064089989697095,0.04965699918102473,43.877074000192806,802816,14.10942200163845,0.23278200023924,0.039599999581696466,26.757545001601102,401408,24.143858998286305,0.15665500177419744,0.025283003196818754,0.0,200704,0.0,0.0,0.0,0.0,0
5,chain_4svc,87,89.73849200265249,76.6746699991927,13.06382200345979,2007040,3,26.616744999046205,0.34208400029456243,0.1694349994068034,59.47531199853984,602112,12.079052998160478,0.370928999473108,0.04875000013271347,43.68647599767428,802816,13.929998000094201,0.3466240013949573,0.038971997128101066,26.646706002793508,401408,24.048874001891818,0.20631199731724337,0.028146998374722898,0.0,200704,0.0,0.0,0.0,0.0,0
5,chain_4svc,88,88.81818699956057,76.22125600028085,12.59693099927972,2007040,3,25.813914002355887,0.3342620002513286,0.1822869999159593,59.40030100100557,602112,12.497684001573361,0.4092029994353652,0.050425998779246584,43.12858000048436,802816,13.815247999446001,0.22063000142225064,0.04022899884148501,26.36587300003157,401408,24.094409996905597,0.20044600023538806,0.025213001208612695,0.0,200704,0.0,0.0,0.0,0.0,0
5,chain_4svc,89,89.16180800224538,76.77279799827375,12.389010003971634,2007040,3,26.002347000030568,0.3005280013894662,0.08527699901605956,59.45854900346603,602112,12.362610999844037,0.3577289971872233,0.054546002502320334,43.495599002199015,802816,13.819368999975268,0.26791200070874766,0.03813399962382391,26.950027997372672,401408,24.588470998423873,0.13011500050197355,0.027657002647174522,0.0,200704,0.0,0.0,0.0,0.0,0
5,chain_4svc,90,87.15546600069501,75.02263499918627,12.132831001508748,2007040,3,25.160335000691703,0.29724599880864844,0.09512500037089922,58.98369499846012,602112,12.140724000346381,0.36506299875327386,0.04923799860989675,42.975207998097176,802816,13.933840000390774,0.2590430012787692,0.04057799742440693,26.177649000601377,401408,23.78773599775741,0.16510600107721984,0.025702000129967928,0.0,200704,0.0,0.0,0.0,0.0,0
5,chain_4svc,91,87.0835290006653,75.03918600195902,12.04434299870627,2007040,3,25.63330300108646,0.2794370011542924,0.16322000010404736,58.33339899982093,602112,12.083522997272667,0.33733500094967894,0.05049600076745264,42.65239999949699,802816,13.714257001993246,0.24158199812518433,0.05762000000686385,26.131344002351398,401408,23.60810300160665,0.15916999836917967,0.025282999558839947,0.0,200704,0.0,0.0,0.0,0.0,0
5,chain_4svc,92,87.65371600020444,75.12879299974884,12.524923000455601,2007040,3,25.487194001470925,0.3075829990848433,0.08408999929088168,58.84254600096028,602112,12.195060000522062,0.37512000199058093,0.051404000259935856,42.74619699936011,802816,13.656986997375498,0.21909400311415084,0.053777999710291624,26.252728999679675,401408,23.789552000380354,0.15889000133029185,0.025841000024229288,0.0,200704,0.0,0.0,0.0,0.0,0
5,chain_4svc,93,87.58562000002712,75.46277599976747,12.122844000259647,2007040,3,25.673391999589512,0.2813930004776921,0.08820999937597662,58.50758499946096,602112,12.256800997420214,0.3677160020743031,0.05182200038689189,42.66064200055553,802816,13.84919100019033,0.2620470004330855,0.056641998526174575,26.01352200144902,401408,23.683392002567416,0.15421100033563562,0.024584998755017295,0.0,200704,0.0,0.0,0.0,0.0,0
5,chain_4svc,94,88.09008699972765,75.85905799714965,12.231029002577998,2007040,3,25.442075999308145,0.33705600071698427,0.0921219980227761,59.37704499956453,602112,12.058938998961821,0.33593899934203364,0.05049500032328069,43.573751998337684,802816,14.332146998640383,0.24172200210159644,0.039530001231469214,26.392413001303794,401408,24.0258960002393,0.17760699847713113,0.02577199848019518,0.0,200704,0.0,0.0,0.0,0.0,0
5,chain_4svc,95,87.00663300260203,75.11643100224319,11.89020200035884,2007040,3,25.256367000110913,0.31030700120027177,0.08206400161725469,58.450385000469396,602112,12.479596000048332,0.35870700230589136,0.051262999477330595,42.4622909995378,802816,13.782772002741694,0.2552719997765962,0.05049500032328069,25.838638001005165,401408,23.59769599934225,0.157284001033986,0.025282999558839947,0.0,200704,0.0,0.0,0.0,0.0,0
5,chain_4svc,96,87.98329900309909,75.50901099966723,12.474288003431866,2007040,3,25.090982002438977,0.28320899946265854,0.0878610007930547,59.494238998013316,602112,12.550972998724319,0.37658699875464663,0.09729000157676637,43.00740599865094,802816,14.080157998250797,0.27992499963147566,0.060133999795652926,26.103965999936918,401408,23.78689800025313,0.16301099822157994,0.031008999940240756,0.0,200704,0.0,0.0,0.0,0.0,0
5,chain_4svc,97,88.0138890024682,75.92617499904009,12.087714003428118,2007040,3,25.991311002144357,0.27629399846773595,0.18878199989558198,58.794843000214314,602112,12.219016000017291,0.39202200059662573,0.05014600174035877,42.82693399727577,802816,13.948156996775651,0.22789400100009516,0.03925100099877454,26.04013099698932,401408,23.767691000102786,0.12892799713881686,0.025353001547046006,0.0,200704,0.0,0.0,0.0,0.0,0
5,chain_4svc,98,87.6442179978767,75.54421100212494,12.100006995751755,2007040,3,25.409041001694277,0.3127509990008548,0.08527699901605956,58.882634999463335,602112,12.89389600060531,0.3795199991145637,0.04881999848294072,42.309406999265775,802816,13.774461000139127,0.22852199981571175,0.03778400059673004,25.760135999007616,401408,23.466812999686226,0.13053400107310154,0.024863998987711966,0.0,200704,0.0,0.0,0.0,0.0,0
5,chain_4svc,99,88.88572300202213,76.27238100030809,12.613342001714045,2007040,3,26.120238999283174,0.2943130020867102,0.1679699998931028,59.209703002125025,602112,12.383214001602028,0.36373599868966267,0.09065399717655964,42.935258003126364,802816,13.844861001416575,0.2304779991391115,0.03869200008921325,26.361193999036914,401408,23.92406699800631,0.12934700134792365,0.025213001208612695,0.0,200704,0.0,0.0,0.0,0.0,0
5,chain_4svc,100,90.09265799977584,77.07144099185825,13.021217007917585,2007040,3,25.742186000570655,0.3501860010146629,0.1660839989199303,60.55185100194649,602112,12.166843996965326,0.3486500027065631,0.05063600110588595,44.46583900062251,802816,14.285981997090857,0.22656600049231201,0.039670001569902524,27.10919800301781,401408,24.876428997231415,0.1326990022789687,0.02612000025692396,0.0,200704,0.0,0.0,0.0,0.0,0
5,chain_4svc,101,89.35855200252263,77.47072600250249,11.88782600002014,2007040,3,26.067020000482444,0.2745480014709756,0.17264900088775903,59.91342800189159,602112,13.6831780000648,0.32560199906583875,0.06243800089578144,42.78335299750324,802816,14.086932998907287,0.2489159996912349,0.0590859999647364,25.897933999658562,401408,23.633595003047958,0.13200099783716723,0.024793996999505907,0.0,200704,0.0,0.0,0.0,0.0,0
5,chain_4svc,102,87.97212399804266,75.39070100028766,12.581422997754999,2007040,3,25.451784997130744,0.29948100200272165,0.17523200222058222,59.168636002141284,602112,12.33439499992528,0.3663200004666578,0.060413000028347597,43.015158000343945,802816,14.080228000239003,0.2399059994786512,0.06795599983888678,26.126944001589436,401408,23.524293002992636,0.14066099902265705,0.02577099803602323,0.0,200704,0.0,0.0,0.0,0.0,0
5,chain_4svc,103,87.9410449997522,75.72768799946061,12.21335700029158,2007040,3,25.65649099778966,0.30807200164417736,0.08834899927023798,58.933129999786615,602112,12.472402002458693,0.3575189984985627,0.053918000048724934,42.764635996718425,802816,13.82628400097019,0.22942999930819497,0.03855199975077994,26.21662099772948,401408,23.77251099824207,0.12997500016354024,0.025281999114667997,0.0,200704,0.0,0.0,0.0,0.0,0
5,chain_4svc,104,87.53666200209409,75.27525200202945,12.261410000064643,2007040,3,25.311752000561683,0.27915700047742575,0.10008300159825012,59.06820399832213,602112,12.471005000406876,0.3506050015857909,0.05328900078893639,42.59792400262086,802816,13.6908599997696,0.19492800129228272,0.04064799941261299,26.21850699870265,401408,23.801635001291288,0.1573529989400413,0.024234999727923423,0.0,200704,0.0,0.0,0.0,0.0,0
5,chain_4svc,105,88.20944699982647,75.96870999987004,12.240736999956425,2007040,3,25.67884000018239,0.3112839985988103,0.08869900193531066,59.27221199817723,602112,12.289346999750705,0.3964909992646426,0.050425998779246584,43.2416550029302,802816,13.882295999792404,0.23292200057767332,0.038622998545179144,26.477898998564342,401408,24.118227000144543,0.18515099873184226,0.025281999114667997,0.0,200704,0.0,0.0,0.0,0.0,0
5,chain_4svc,106,87.79270099694259,75.11517399689183,12.677527000050759,2007040,3,25.384386997757247,0.2986430008604657,0.09442600276088342,58.78667200158816,602112,12.41827400008333,0.43420600195531733,0.05426699863164686,42.77364600056899,802816,13.743031999183586,0.23075700300978497,0.038622998545179144,26.027140997030074,401408,23.569480999867665,0.14659799853689037,0.024862998543540016,0.0,200704,0.0,0.0,0.0,0.0,0
5,chain_4svc,107,90.07659499911824,78.06801100014127,12.008583998976974,2007040,3,25.22633500120719,0.29263699980219826,0.1812390000850428,61.22086500181467,602112,12.509976000728784,0.4271520010661334,0.051125000027241185,45.26112800158444,802816,16.473981999297393,0.27419899925007485,0.0625080028839875,26.145871001062915,401408,23.8577179989079,0.16287000107695349,0.025002998881973326,0.0,200704,0.0,0.0,0.0,0.0,0
5,chain_4svc,108,88.83243499803939,76.24207100161584,12.590363996423548,2007040,3,25.94905800287961,0.27098599821329117,0.18249599816044793,59.448142998007825,602112,12.52492200001143,0.44517099740915,0.051404000259935856,42.8519380002399,802816,14.059555000130786,0.26211500153294764,0.041206996684195474,25.980556001741206,401408,23.708535998594016,0.13444499927572906,0.028146001568529755,0.0,200704,0.0,0.0,0.0,0.0,0
5,chain_4svc,109,87.35702800186118,75.41269899957115,11.944329002290033,2007040,3,25.402895000297576,0.30527800117852166,0.14401400039787404,58.75349699999788,602112,12.250724001205526,0.4088540008524433,0.0521019974257797,42.92136000003666,802816,14.164246997097507,0.2576460028649308,0.03904100231011398,25.90338099980727,401408,23.59483300097054,0.16112500088638626,0.025702000129967928,0.0,200704,0.0,0.0,0.0,0.0,0
5,chain_4svc,110,88.56857200225932,76.1532310025359,12.415340999723412,2007040,3,25.92496199940797,0.3144269976473879,0.16845800200826488,59.402397000667406,602112,12.456618002033792,0.44021199937560596,0.04867999814450741,43.30395299984957,802816,14.206081999873277,0.3073740008403547,0.056851000408641994,26.048162999359192,401408,23.565569001220865,0.17565199959790334,0.024445002054562792,0.0,200704,0.0,0.0,0.0,0.0,0
5,chain_4svc,111,88.08519800004433,76.12969500405598,11.955502995988354,2007040,3,25.71061700291466,0.3461359992797952,0.18466199981048703,59.09481400158256,602112,12.382935001369333,0.366319996828679,0.06159999975352548,43.251431998214684,802816,14.163548999931663,0.26043999969260767,0.038622001738986,26.277103999746032,401408,23.87259399984032,0.17223000031663105,0.02667900116648525,0.0,200704,0.0,0.0,0.0,0.0,0
5,chain_4svc,112,88.31232400189037,76.1367489976692,12.175575004221173,2007040,3,25.791215000936063,0.28390599982230924,0.13821699758409522,59.41517699830001,602112,12.543779997940874,0.4196090012555942,0.05238100129645318,43.008592998376116,802816,14.277460999437608,0.30625599902123213,0.06097200093790889,26.05689299889491,401408,23.524292999354657,0.15281300147762522,0.024863998987711966,0.0,200704,0.0,0.0,0.0,0.0,0
5,chain_4svc,113,87.8476670004602,75.57110100242426,12.276565998035949,2007040,3,25.50353699916741,0.2963389997603372,0.16126400078064762,59.15816000197083,602112,12.39068699942436,0.4243580006004777,0.04993699985789135,43.01138699884177,802816,13.8949380016129,0.2686810003069695,0.056640998082002625,26.58922699993127,401408,23.781939002219588,0.17935399955604225,0.024304998078150675,0.0,200704,0.0,0.0,0.0,0.0,0
5,chain_4svc,114,87.6461730003939,75.58339100432931,12.062781996064587,2007040,3,25.268659002904315,0.29955199715914205,0.09079399751499295,58.82718000066234,602112,12.466324998968048,0.40221800009021536,0.04895899837720208,42.655193003156455,802816,13.967922001029365,0.2598120008769911,0.03869200008921325,26.19287500056089,401408,23.880485001427587,0.15910000001895241,0.024375000066356733,0.0,200704,0.0,0.0,0.0,0.0,0
5,chain_4svc,115,88.8260089996038,75.90166200316162,12.924346996442182,2007040,3,25.725284998770803,0.29948099836474285,0.16510600107721984,59.369012000388466,602112,12.462694001442287,0.44077099664718844,0.04714299939223565,43.153024998900946,802816,13.901712001825217,0.2986429972224869,0.0534290011273697,26.2846459991124,401408,23.81197100112331,0.15421100033563562,0.030590999813284725,0.0,200704,0.0,0.0,0.0,0.0,0
5,chain_4svc,116,87.89229499961948,75.47171600162983,12.42057899798965,2007040,3,25.734923001436982,0.29724599880864844,0.09135299842455424,58.72730700139073,602112,12.348711999948137,0.448941998911323,0.04965799962519668,42.71316199810826,802816,13.81392099938239,0.2637920006236527,0.06907399802003056,26.009889999841107,401408,23.57416000086232,0.15847099712118506,0.025702000129967928,0.0,200704,0.0,0.0,0.0,0.0,0
5,chain_4svc,117,87.59665599791333,75.1786600012565,12.417995996656828,2007040,3,25.462888999754796,0.280973003100371,0.08045799768297002,58.90156199893681,602112,12.09113600270939,0.39251099951798096,0.05287000021780841,42.74885099948733,802816,14.151046998449601,0.2885860012611374,0.04665400047088042,25.73031300198636,401408,23.473588000342716,0.15218499902402982,0.026749999960884452,0.0,200704,0.0,0.0,0.0,0.0,0
5,chain_4svc,118,87.56410899877665,75.30982199750724,12.254287001269404,2007040,3,25.679467998998007,0.27343100009602495,0.08772100045462139,58.53265800033114,602112,12.185700998088578,0.4433550020621624,0.051055001677013934,42.81464199812035,802816,13.796880000882084,0.24137299988069572,0.03841299985651858,26.409802998387022,401408,23.647772999538574,0.19611600146163255,0.025213001208612695,0.0,200704,0.0,0.0,0.0,0.0,0
5,chain_4svc,119,87.92588999858708,75.96863999788184,11.957250000705244,2007040,3,25.654674998804694,0.28048400054103695,0.09959399903891608,58.95981000139727,602112,12.838301998272073,0.46018700231797993,0.05147399861016311,42.51781499988283,802816,13.888862002204405,0.2987829975609202,0.05021600009058602,25.90799099925789,401408,23.586800998600665,0.16224299906753004,0.025702000129967928,0.0,200704,0.0,0.0,0.0,0.0,0
5,chain_4svc,120,88.18639899982372,75.5815070006065,12.604891999217216,2007040,3,25.494598001387203,0.2773409978544805,0.13772699821856804,59.339330000511836,602112,12.647284998820396,0.40612999873701483,0.05105400123284198,42.9343499999959,802816,13.941941000666702,0.3042999996978324,0.039530001231469214,26.007025997387245,401408,23.497682999732206,0.15930900190141983,0.024934000975918025,0.0,200704,0.0,0.0,0.0,0.0,0
5,chain_4svc,121,88.02359699984663,75.47660500495113,12.546991994895507,2007040,3,25.559341000189306,0.29647799965459853,0.12201299978187308,59.06499099728535,602112,12.235220001457492,0.4764600016642362,0.050634997023735195,43.05266200026381,802816,13.897731001634384,0.27748099819291383,0.05782899825135246,26.241973999276524,401408,23.784313001669943,0.20219200087012723,0.051123999583069235,0.0,200704,0.0,0.0,0.0,0.0,0
5,chain_4svc,122,88.32189199893037,75.97918700412265,12.342704994807718,2007040,3,25.063884000701364,0.2985029968840536,0.1046920006047003,59.60347099971841,602112,13.173613002436468,0.5112409999128431,0.051682000048458576,42.702266000560485,802816,13.932303001638502,0.30527800117852166,0.06390499765984714,26.14112200171803,401408,23.809386999346316,0.18864300000132062,0.05287000021780841,0.0,200704,0.0,0.0,0.0,0.0,0
5,chain_4svc,123,89.4786099997873,77.1569959979388,12.321614001848502,2007040,3,25.539506001223344,0.2816019987221807,0.1920649992825929,60.50631499965675,602112,12.770345998433186,0.4543899995042011,0.06760700125596486,44.092744999943534,802816,14.173535997542785,0.2775510001811199,0.05915600195294246,26.881583999056602,401408,24.673608000739478,0.12934700134792365,0.025213001208612695,0.0,200704,0.0,0.0,0.0,0.0,0
5,chain_4svc,124,88.2153130005463,75.78768000530545,12.427632995240856,2007040,3,25.678980000520824,0.27901700013899244,0.08436899952357635,59.27828799758572,602112,12.22942200183752,0.36813599945162423,0.050635997467907146,43.21469600108685,802816,14.141130002826685,0.26462999812792987,0.03952999759349041,26.14656999867293,401408,23.738148000120418,0.16622300245217048,0.025003999326145276,0.0,200704,0.0,0.0,0.0,0.0,0
5,chain_4svc,125,88.00334300030954,75.3608080012782,12.64253499903134,2007040,3,25.112702998740133,0.2809729994623922,0.08967699977802113,59.46727999980794,602112,12.146451001171954,0.426941998739494,0.0724259989510756,43.287680000503315,802816,14.6461550029926,0.2660270001797471,0.05768899791291915,25.677582001662813,401408,23.455498998373514,0.16419800158473663,0.025772002118173987,0.0,200704,0.0,0.0,0.0,0.0,0
5,chain_4svc,126,87.96199800053728,75.89872800235753,12.063269998179749,2007040,3,25.42999400247936,0.27706199762178585,0.16699199841241352,59.25049099823809,602112,12.417087000358151,0.43246000132057816,0.050914997700601816,43.13235200243071,802816,14.4459889997961,0.23005800176179036,0.06390499765984714,25.854981002339628,401408,23.605657999723917,0.18033200103673153,0.028635000489884987,0.0,200704,0.0,0.0,0.0,0.0,0
5,chain_4svc,127,87.76755799772218,75.6012739984726,12.166283999249572,2007040,3,25.475251997704618,0.352281000232324,0.0863940003910102,58.813142000872176,602112,12.299822999921162,0.41283500104327686,0.0611809991823975,42.828820001886925,802816,14.011993000167422,0.2280329972563777,0.05866700303158723,25.90240299832658,401408,23.814206000679405,0.1569339983689133,0.02374600080656819,0.0,200704,0.0,0.0,0.0,0.0,0
5,chain_4svc,128,88.62367799883941,76.14862300033565,12.475054998503765,2007040,3,25.250152000808157,0.27482699806569144,0.09009499990497716,60.14753699855646,602112,12.391036001645261,0.4629110007954296,0.05014599810237996,43.912973000260536,802816,14.73513399832882,0.29179799821577035,0.05901600161450915,26.240366998536047,401408,23.77230099955341,0.15986800281098112,0.024794000637484714,0.0,200704,0.0,0.0,0.0,0.0,0
5,chain_4svc,129,88.3834919986839,75.81945800484391,12.564033993839985,2007040,3,25.793869001063285,0.2804850009852089,0.10154999836231582,59.161164001125144,602112,12.2815239992633,0.38049800059525296,0.05217199941398576,43.22258799948031,802816,14.235696002288023,0.2636520002852194,0.044278996938373893,25.969939997594338,401408,23.5083690022293,0.16049699843279086,0.024723998649278656,0.0,200704,0.0,0.0,0.0,0.0,0
5,chain_4svc,130,88.52554999975837,75.94468399474863,12.580866005009739,2007040,3,25.255738997657318,0.2796460030367598,0.08981599967228249,59.94967600054224,602112,12.719222999294288,0.46074499914539047,0.06614000085392036,43.55049399964628,802816,14.033712999662384,0.2552009973442182,0.05817900091642514,26.456876999873202,401408,23.93600899813464,0.15937900025164708,0.025213001208612695,0.0,200704,0.0,0.0,0.0,0.0,0
5,chain_4svc,131,89.0974140020262,76.7816679981479,12.315746003878303,2007040,3,26.095305998751428,0.273849000222981,0.08911800250643864,59.55814300250495,602112,12.722505001875106,0.4402129998197779,0.04770200030179694,43.04896200119401,802816,14.140989998850273,0.21741700038546696,0.056712000514380634,26.19245599998976,401408,23.82286699867109,0.17111200213548727,0.024094999389490113,0.0,200704,0.0,0.0,0.0,0.0,0
5,chain_4svc,132,88.06717900006333,75.26994299769285,12.797236002370482,2007040,3,25.437117998080794,0.2821600028255489,0.18591900152387097,59.15026799993939,602112,12.168590001238044,0.41911999869626015,0.04951799928676337,43.07291700024507,802816,14.059134999115486,0.23292200057767332,0.03848300184472464,26.129318997845985,401408,23.605099999258528,0.15791199984960258,0.025700999685795978,0.0,200704,0.0,0.0,0.0,0.0,0
5,chain_4svc,133,87.96178700140445,75.64254800308845,12.319238998315996,2007040,3,25.210970001353417,0.30772299942327663,0.16224199862335809,59.55122999876039,602112,12.248907998582581,0.4131839996261988,0.05482599954120815,43.36981399683282,802816,13.996068002597895,0.28153199673397467,0.05726999734179117,26.505556001211517,401408,24.186602000554558,0.15840100240893662,0.027587997465161607,0.0,200704,0.0,0.0,0.0,0.0,0
5,chain_4svc,134,87.83097400009865,75.47807099763304,12.35290300246561,2007040,3,25.485237998509547,0.2831390011124313,0.10629900134517811,59.12065499796881,602112,12.438807996659307,0.4420280019985512,0.04819100286113098,42.85089000040898,802816,13.888861001760233,0.23159600095823407,0.03966999793192372,26.0929309988569,401408,23.665164000703953,0.16126400078064762,0.024863998987711966,0.0,200704,0.0,0.0,0.0,0.0,0
5,chain_4svc,135,87.57172200057539,75.67216199822724,11.899560002348153,2007040,3,25.528330999804894,0.29005300166318193,0.14163899686536752,59.048088998679304,602112,12.15231699825381,0.39907500104163773,0.06160100019769743,43.34425200067926,802816,13.897381999413483,0.27608500022324733,0.04993699985789135,26.6034740016039,401408,24.094132000755053,0.19353099924046546,0.028146001568529755,0.0,200704,0.0,0.0,0.0,0.0,0
5,chain_4svc,136,88.40053300082218,75.36436900409171,13.036163996730465,2007040,3,25.59880099943257,0.28739899789798073,0.1996770006371662,59.111366001161514,602112,12.17697100219084,0.4342760003055446,0.04979699951945804,42.95299900331884,802816,14.018628000485478,0.2473090025887359,0.04665399683290161,26.06262000335846,401408,23.569969001982827,0.1580520001880359,0.04986699786968529,0.0,200704,0.0,0.0,0.0,0.0,0
5,chain_4svc,137,87.51228600158356,75.26170200435445,12.250583997229114,2007040,3,25.50444500229787,0.33216699739568867,0.08387999696424231,58.67764899812755,602112,12.289974998566322,0.3779130020120647,0.050425998779246584,42.7271299995482,802816,14.004240001668222,0.2581349981483072,0.060133999795652926,25.80420600133948,401408,23.463042001822032,0.16196299839066342,0.024375000066356733,0.0,200704,0.0,0.0,0.0,0.0,0
5,chain_4svc,138,87.84745700177155,75.79263900333899,12.054817998432554,2007040,3,25.521696003124816,0.27273199884803034,0.08946699745138176,59.00897799801896,602112,12.526179998531006,0.45334300011745654,0.07829199967090972,42.83098499945481,802816,13.91149000119185,0.26574799994705245,0.07305500184884295,26.275357999111293,401408,23.833273000491317,0.16678199972375296,0.025632001779740676,0.0,200704,0.0,0.0,0.0,0.0,0
5,chain_4svc,139,87.90933699856396,75.76512200466823,12.14421499389573,2007040,3,25.488171999313636,0.2803450006467756,0.15637600154150277,59.259151999867754,602112,12.520453001343412,0.4601869986800011,0.05196199708734639,43.15176799718756,802816,13.958145002106903,0.27559499721974134,0.07375199857051484,26.24260200173012,401408,23.798352001904277,0.15714300025138073,0.02626100103952922,0.0,200704,0.0,0.0,0.0,0.0,0
5,chain_4svc,140,87.83893600048032,75.33000800322043,12.508927997259889,2007040,3,25.573658000212163,0.2903319982578978,0.17285799913224764,58.656346998759545,602112,12.345430001005298,0.38692299858666956,0.05307899846229702,42.39517300084117,802816,13.838366001436953,0.251429999480024,0.039460999687435105,26.008980999904452,401408,23.572554000566015,0.12473699825932272,0.025213001208612695,0.0,200704,0.0,0.0,0.0,0.0,0
5,chain_4svc,141,88.00550800151541,75.86241000171867,12.143097999796737,2007040,3,25.588882999727502,0.31484700230066665,0.2067319983325433,58.9901910025219,602112,12.351506000413792,0.41883999801939353,0.05238100129645318,43.05154500252684,802816,13.85596600084682,0.2314550001756288,0.08115600212477148,26.462185000127647,401408,24.066055000730557,0.16782899911049753,0.0266800016106572,0.0,200704,0.0,0.0,0.0,0.0,0
5,chain_4svc,142,88.31162500064238,75.87645000239718,12.435174998245202,2007040,3,25.4591180018906,0.28285900043556467,0.1925529977597762,59.447724001074675,602112,12.239899002452148,0.44530999730341136,0.04770200030179694,43.622711000352865,802816,14.199377998011187,0.24151199977495708,0.038901998777873814,26.612693000060972,401408,23.97805500004324,0.1566540013300255,0.024794000637484714,0.0,200704,0.0,0.0,0.0,0.0,0
5,chain_4svc,143,87.62982999905944,75.9333690002677,11.696460998791736,2007040,3,26.01729200250702,0.29563999851234257,0.19569699725252576,58.48907700055861,602112,12.01186499747564,0.4035460005979985,0.05063600110588595,43.10113300016383,802816,14.110469001025194,0.2627439971547574,0.03897200076607987,26.1168170000019,401408,23.793742999259848,0.15511799938394688,0.027657002647174522,0.0,200704,0.0,0.0,0.0,0.0,0
5,chain_4svc,144,87.73913199911476,75.64750799429021,12.091624004824553,2007040,3,25.67052799713565,0.2836270032275934,0.1636400011193473,58.78185300025507,602112,12.290114998904755,0.43811700015794486,0.05273100032354705,42.81541099771857,802816,13.93160500083468,0.2686809966689907,0.0590859999647364,26.03370600263588,401408,23.755259997415124,0.17467400175519288,0.026330002583563328,0.0,200704,0.0,0.0,0.0,0.0,0
5,chain_4svc,145,88.53274400098599,76.19367000370403,12.339073997281957,2007040,3,25.77068200116628,0.31037599910632707,0.08541599891032092,59.46253100046306,602112,12.188844000775134,0.4108790017198771,0.06341599873849191,43.53652600184432,802816,13.758607001363998,0.2535249986976851,0.039599999581696466,26.922160999674816,401408,24.475537000398617,0.1721600019664038,0.026678997528506443,0.0,200704,0.0,0.0,0.0,0.0,0
5,chain_4svc,146,88.67494099831674,76.90284300042549,11.772097997891251,2007040,3,25.74868200099445,0.29047100179013796,0.16531499932170846,59.61164300242672,602112,13.434122000035131,0.40647900095791556,0.05733999932999723,42.58604999995441,802816,14.114379999227822,0.27329099975759163,0.07186700167949311,25.83779999986291,401408,23.60565900016809,0.1693659978627693,0.025841000024229288,0.0,200704,0.0,0.0,0.0,0.0,0
5,chain_4svc,147,88.39955499934149,75.99992899849894,12.399626000842545,2007040,3,25.569607001671102,0.28697999732685275,0.09414699889020994,59.045225996669615,602112,12.305479998758528,0.39593300243723206,0.05000600140192546,43.10064399760449,802816,14.291149997006869,0.265188002231298,0.06097200093790889,25.99284800089663,401408,23.833692001062445,0.1991889985220041,0.025352001102874056,0.0,200704,0.0,0.0,0.0,0.0,0
5,chain_4svc,148,87.6365350013657,75.22364000033122,12.412895001034485,2007040,3,25.40904199850047,0.2837669999280479,0.16943599985097535,58.74483699881239,602112,12.229004001710564,0.4566950010485016,0.04958699719281867,42.7564639976481,802816,14.118641000095522,0.2367630004300736,0.03834300150629133,25.699792000523303,401408,23.46695300002466,0.17830599972512573,0.028075999580323696,0.0,200704,0.0,0.0,0.0,0.0,0
5,chain_4svc,149,87.75987599801738,75.59743000456365,12.16244599345373,2007040,3,25.390044000232592,0.30716399851371534,0.15721400268375874,58.999479999329196,602112,12.295143002120312,0.4413999995449558,0.05014699854655191,43.08486000081757,802816,13.790384000458289,0.23718300144537352,0.038901998777873814,26.344781002990203,401408,24.121859001752455,0.16957600018940866,0.05531399801839143,0.0,200704,0.0,0.0,0.0,0.0,0
5,chain_4svc,150,88.2876000032411,76.18570699560223,12.101893007638864,2007040,3,25.640775998908794,0.3012970009876881,0.08115600212477148,59.47559099877253,602112,12.395994999678805,0.4150690001551993,0.05063600110588595,43.55601199858938,802816,14.292126998043386,0.23243400210049003,0.05789900023955852,26.383123000414344,401408,23.856808998971246,0.17683899932308123,0.024863998987711966,0.0,200704,0.0,0.0,0.0,0.0,0
5,chain_4svc,151,88.56563899826142,76.13758700608741,12.428051992174005,2007040,3,25.116475000686478,0.27769000007538125,0.08129599882522598,60.29937300263555,602112,12.459411002055276,0.42610499804141,0.05091400089440867,43.99671300052432,802816,14.218235002772417,0.2924269974755589,0.038761998439440504,26.797634000104154,401408,24.343466000573244,0.21483299860847183,0.025282999558839947,0.0,200704,0.0,0.0,0.0,0.0,0
5,chain_4svc,152,88.88656199997058,75.38552999903914,13.501032000931446,2007040,3,25.63658499639132,0.3214820026187226,0.08583600356359966,59.348618997319136,602112,12.096722999558551,0.4380470018077176,0.04909899871563539,43.31484900103533,802816,13.77376200252911,0.2184650002163835,0.04092699964530766,26.49214600023697,401408,23.878460000560153,0.18019100025412627,0.023955999495228752,0.0,200704,0.0,0.0,0.0,0.0,0
5,chain_4svc,153,89.30994300317252,76.3827320006385,12.927211002534023,2007040,3,26.273752002452966,0.2871889992093202,0.1933919993462041,59.26557699785917,602112,12.68541899844422,0.36876400190521963,0.05287000021780841,42.7760889979254,802816,13.73562899971148,0.2058240024780389,0.03869200008921325,26.21236100094393,401408,23.687932000029832,0.222375998419011,0.024375000066356733,0.0,200704,0.0,0.0,0.0,0.0,0
5,chain_4svc,154,88.87070800119545,76.29340200219303,12.57730599900242,2007040,3,25.564299001416657,0.29829399863956496,0.17125199883594178,59.5228029997088,602112,12.59434500025236,0.42533599844318815,0.051683000492630526,43.244448002951685,802816,13.980493000417482,0.2389290020801127,0.05727099778596312,26.377186997706303,401408,24.154265000106534,0.18543000260251574,0.02632999894558452,0.0,200704,0.0,0.0,0.0,0.0,0
5,chain_4svc,155,88.91554600268137,76.44188700214727,12.473659000534099,2007040,3,25.768796000193106,0.3316089969302993,0.19409000015002675,59.48697500207345,602112,12.58435799900326,0.42645400026231073,0.05224100095801987,43.20037800061982,802816,14.17744700302137,0.24297900017700158,0.03764499706448987,26.187707000644878,401408,23.911285999929532,0.17697899966151454,0.027097998099634424,0.0,200704,0.0,0.0,0.0,0.0,0
5,chain_4svc,156,88.99027699953876,76.84850499936147,12.141772000177298,2007040,3,25.477556002442725,0.2758049995463807,0.2094550000037998,59.974260002491064,602112,13.374616999499267,0.3955829997721594,0.06202000076882541,42.869329001405276,802816,13.936422998085618,0.22614800036535598,0.06062299871700816,26.209776999166934,401408,24.059908999333857,0.16336000044248067,0.025212997570633888,0.0,200704,0.0,0.0,0.0,0.0,0
5,chain_4svc,157,89.3512879993068,77.36854699760443,11.98274100170238,2007040,3,25.705169999127975,0.2758049995463807,0.09791800039238296,60.5061750029563,602112,12.294584998016944,0.46277100045699626,0.05259099998511374,44.539871996676084,802816,13.812245000735857,0.2728710023802705,0.06634999954258092,27.605633000348462,401408,25.55654699972365,0.1489019996370189,0.024794000637484714,0.0,200704,0.0,0.0,0.0,0.0,0
5,chain_4svc,158,88.97973100101808,77.21196199054248,11.767769010475604,2007040,3,25.424126997677376,0.30492900259559974,0.08443800106761046,60.468250998383155,602112,13.173193998227362,0.4041739994136151,0.048329999117413536,43.70645000017248,802816,15.018480997241568,0.2242620030301623,0.03897100032190792,25.891158999002073,401408,23.59615999739617,0.18452200311003253,0.024864002625690773,0.0,200704,0.0,0.0,0.0,0.0,0
5,chain_4svc,159,87.81504999933532,75.30661000419059,12.508439995144727,2007040,3,25.105718999839155,0.31372900048154406,0.08625500049674883,59.210819999862,602112,12.152457002230221,0.4608849994838238,0.050216996896779165,43.36730000068201,802816,14.388020001206314,0.23767199672874995,0.054756001190980896,26.084550001542084,401408,23.660414000914898,0.16978600251604803,0.027866997697856277,0.0,200704,0.0,0.0,0.0,0.0,0
5,chain_4svc,160,88.17159300087951,75.69423299719347,12.477360003686044,2007040,3,25.258043999201618,0.30003999927430414,0.08988600166048855,59.42893699830165,602112,12.315048999880673,0.4249869998602662,0.0632759984000586,43.30779500014614,802816,14.500674998998875,0.2715439986786805,0.03813300281763077,26.03971200005617,401408,23.6204649991123,0.1787250002962537,0.051544000598369166,0.0,200704,0.0,0.0,0.0,0.0,0
5,chain_4svc,161,88.3119039972371,75.38755599671276,12.924348000524333,2007040,3,25.425453997740988,0.2849550000973977,0.18843300131266005,59.174991998588666,602112,12.513678000686923,0.42903799840132706,0.05259099998511374,42.84704900055658,802816,13.792967998597305,0.23620499996468425,0.040090002585202456,26.10256900152308,401408,23.655455999687547,0.1785159984137863,0.024234999727923423,0.0,200704,0.0,0.0,0.0,0.0,0
5,chain_4svc,162,87.85625699965749,75.20268699590815,12.653570003749337,2007040,3,25.230666000425117,0.30080799842835404,0.1336069981334731,59.010864002630115,602112,12.495728999056155,0.3726760005520191,0.08534600056009367,42.56391099988832,802816,13.830473999405513,0.24437600222881883,0.0379939992853906,25.885151997499634,401408,23.645817997021368,0.17188000128953718,0.024444001610390842,0.0,200704,0.0,0.0,0.0,0.0,0
5,chain_4svc,163,89.68031299809809,76.6762059975008,13.004107000597287,2007040,3,25.439561999519356,0.2880970023397822,0.21629999901051633,60.52195899974322,602112,12.792206998710753,0.44063099994673394,0.06928299990249798,43.96451600041473,802816,14.694974001031369,0.25876400104607455,0.05643199983751401,26.410083002701867,401408,23.749462998239323,0.17341700004180893,0.02416500137769617,0.0,200704,0.0,0.0,0.0,0.0,0
5,chain_4svc,164,90.91672000067774,78.41309999639634,12.503620004281402,2007040,3,25.450037999689812,0.27685299937729724,0.16496600073878653,62.258294001367176,602112,12.124869997933274,0.3690430021379143,0.04958700083079748,46.38711499865167,802816,16.073230999609223,0.3138680003758054,0.04365100176073611,27.343866000592243,401408,24.764960999164032,0.24235099772340618,0.028077000024495646,0.0,200704,0.0,0.0,0.0,0.0,0
5,chain_4svc,165,89.90157100197393,77.35346100162133,12.548110000352608,2007040,3,26.02253100121743,0.2938939978776034,0.16391900135204196,60.522029001731426,602112,13.225365000835154,0.392509999073809,0.05273100032354705,43.57815100229345,802816,14.368463998835068,0.2538049993745517,0.05747999966843054,26.160607998463092,401408,23.737101000733674,0.18941099915537052,0.02563199814176187,0.0,200704,0.0,0.0,0.0,0.0,0
5,chain_4svc,166,88.03637800156139,75.52109300377197,12.515284997789422,2007040,3,25.337523002235685,0.2780399991024751,0.18801399710355327,59.18085899975267,602112,12.504598002124112,0.4598380000970792,0.05105499803903513,42.848724999203114,802816,14.055853000172647,0.23871899975347333,0.07130799713195302,25.9704279997095,401408,23.623118999239523,0.17739800023264252,0.024863998987711966,0.0,200704,0.0,0.0,0.0,0.0,0
5,chain_4svc,167,89.6288399999321,77.66691099459422,11.961929005337879,2007040,3,26.55276899895398,0.27748100183089264,0.17732799824443646,59.782963999168715,602112,13.44208399677882,0.45397100257105194,0.05580300057772547,42.90187399965362,802816,13.816504997521406,0.2320140010851901,0.05866700303158723,26.238131998979952,401408,23.855553001340013,0.17690899767330848,0.0259810003626626,0.0,200704,0.0,0.0,0.0,0.0,0
5,chain_4svc,168,89.13841100002173,77.21594200120308,11.922468998818658,2007040,3,25.535594999382738,0.2746169993770309,0.09107300138566643,60.17715099733323,602112,12.357651001366321,0.4491519975999836,0.05238200174062513,44.37001699989196,802816,14.221866000298178,0.23362100182566792,0.07054099842207506,27.3975039999641,401408,25.100830000155838,0.16266100283246487,0.024304998078150675,0.0,200704,0.0,0.0,0.0,0.0,0
5,chain_4svc,169,88.2626659986272,76.15239299775567,12.11027300087153,2007040,3,25.549352998496033,0.2766430006886367,0.10210900290985592,59.82612599837012,602112,13.004107000597287,0.41765300193219446,0.05252099799690768,42.946085002768086,802816,13.972392000141554,0.23990699992282316,0.05915600195294246,26.191198998276377,401408,23.626540998520795,0.17621100050746463,0.024794000637484714,0.0,200704,0.0,0.0,0.0,0.0,0
5,chain_4svc,170,87.49119400090422,74.86493000033079,12.626264000573428,2007040,3,25.445359002333134,0.2957099968625698,0.18556999930297025,58.74078600027133,602112,12.026741002046037,0.3802190003625583,0.06669899812550284,43.10315800103126,802816,14.003261996549554,0.2538740009185858,0.03918200309271924,26.06632199967862,401408,23.38956799940206,0.17334699805360287,0.025004002964124084,0.0,200704,0.0,0.0,0.0,0.0,0
5,chain_4svc,171,88.12591600144515,75.5756399994425,12.550276002002647,2007040,3,25.481186999968486,0.2997610026795883,0.15979799718479626,59.32054200093262,602112,12.569970000186004,0.4471969987207558,0.06488299914053641,42.91374800232006,802816,13.907859000028111,0.2634430020407308,0.045396998757496476,26.149782999709714,401408,23.6166239992599,0.18941100279334933,0.024794000637484714,0.0,200704,0.0,0.0,0.0,0.0,0
5,chain_4svc,172,88.14288799840142,75.64185099909082,12.5010369993106,2007040,3,25.306862997240387,0.2973160007968545,0.16419700114056468,59.362308002164355,602112,12.149662998126587,0.4576030005409848,0.04972700116923079,43.6843810020946,802816,14.143086002150085,0.23606499962625094,0.057130000641336665,26.725487001385773,401408,24.042239001573762,0.17432499953429215,0.024304998078150675,0.0,200704,0.0,0.0,0.0,0.0,0
5,chain_4svc,173,88.26119899822515,75.72873299432104,12.53246600390412,2007040,3,25.655024001025595,0.2711259985517245,0.16831799803185277,58.987118001823546,602112,12.594344996614382,0.4495010034588631,0.05238200174062513,42.86814100123593,802816,13.86001699938788,0.2741979988059029,0.06774600115022622,26.08755399705842,401408,23.619346997293178,0.18165900110034272,0.025702000129967928,0.0,200704,0.0,0.0,0.0,0.0,0
5,chain_4svc,174,87.58610999939265,75.31575999746565,12.270350001927,2007040,3,25.829837999481242,0.25282700153184123,0.19737299953703769,58.37327900007949,602112,12.250514999323059,0.46975499935797416,0.053497999033425,42.318626001360826,802816,13.803863999783061,0.2367630004300736,0.04043900116812438,25.80713899806142,401408,23.431542998878285,0.18920100046670996,0.024375000066356733,0.0,200704,0.0,0.0,0.0,0.0,0
5,chain_4svc,175,88.26825299911434,76.27322000189452,11.995032997219823,2007040,3,25.425523999729194,0.26141800117329694,0.08143500235746615,59.76703999840538,602112,12.434059000952402,0.42980599755537696,0.05287000021780841,43.53198699755012,802816,13.968970000860281,0.263442998402752,0.03862199810100719,26.775774000270758,401408,24.444667000352638,0.16824799968162552,0.024863998987711966,0.0,200704,0.0,0.0,0.0,0.0,0
5,chain_4svc,176,87.50076299838838,75.31799399293959,12.18276900544879,2007040,3,25.688058998639463,0.2663060004124418,0.0842990011733491,58.54362399986712,602112,12.145960998168448,0.4321810010878835,0.051404000259935856,42.81799499949557,802816,13.981890999275493,0.25429399829590693,0.057619003200670704,25.979437999922084,401408,23.50208299685619,0.17656000272836536,0.025772002118173987,0.0,200704,0.0,0.0,0.0,0.0,0
5,chain_4svc,177,89.13973800008534,76.8635210042703,12.276216995815048,2007040,3,26.210894000541884,0.2797859997372143,0.19066800086875446,59.61520399796427,602112,12.436223001714097,0.39739999920129776,0.04937899939250201,43.66070400283206,802816,14.716346002387581,0.24563300030422397,0.04113699833396822,26.08098800192238,401408,23.500057999626733,0.17942300110007636,0.024934000975918025,0.0,200704,0.0,0.0,0.0,0.0,0
5,chain_4svc,178,88.01172400126234,75.96410000041942,12.047624000842916,2007040,3,25.297084997873753,0.2874689998861868,0.13179100278648548,59.58845500208554,602112,12.288298999919789,0.4359519989520777,0.051683000492630526,43.50789100135444,802816,14.61144400309422,0.23320099717238918,0.05573399903369136,26.2173899973277,401408,23.76727199953166,0.17865500194602646,0.031010000384412706,0.0,200704,0.0,0.0,0.0,0.0,0
5,chain_4svc,179,88.14791600161698,75.82288100093137,12.325035000685602,2007040,3,25.138475000858307,0.2658869998413138,0.08492699998896569,59.797071997309104,602112,12.793603997124592,0.42233299973304383,0.09016500189318322,43.111399998451816,802816,14.38327100186143,0.2695889997994527,0.04022899884148501,26.086715999554144,401408,23.507531001087045,0.1736269987304695,0.024793000193312764,0.0,200704,0.0,0.0,0.0,0.0,0
5,chain_4svc,180,89.06081700115465,77.0088620010938,12.051955000060843,2007040,3,26.004511000792263,0.24898599804146215,0.10958200073218904,59.48795299991616,602112,12.559774000692414,0.38489699727506377,0.048400001105619594,43.57493900170084,802816,14.647621999756666,0.2350169997953344,0.05573300222749822,26.19846200104803,401408,23.79695499985246,0.17544300135341473,0.024793996999505907,0.0,200704,0.0,0.0,0.0,0.0,0
5,chain_4svc,181,88.44097199835232,75.56132100580726,12.879650992545066,2007040,3,25.33088800191763,0.26560799960861914,0.16838899682625197,59.560797999438364,602112,12.147358000220265,0.41891100045177154,0.06816600216552615,43.4229630009213,802816,14.525049002259038,0.24081399897113442,0.0548959978914354,25.959113998396788,401408,23.558026001410326,0.17669999942881986,0.025702000129967928,0.0,200704,0.0,0.0,0.0,0.0,0
5,chain_4svc,182,87.66789299988886,75.74989599743276,11.917997002456104,2007040,3,25.452203997701872,0.27405900254962035,0.164337001478998,59.13441400116426,602112,12.476871997932903,0.41541800237610005,0.05210200106375851,42.903271001705434,802816,14.525747999869054,0.23585500093759038,0.057199998991563916,25.59049000046798,401408,23.29507200192893,0.15958899894030765,0.04707399784820154,0.0,200704,0.0,0.0,0.0,0.0,0
5,chain_4svc,183,87.81176800039248,75.87847399554448,11.933294004847994,2007040,3,25.366995996591868,0.2596020021883305,0.15868100308580324,59.226465000392636,602112,12.207772000692785,0.42610399759723805,0.04902900036540814,43.52793599900906,802816,14.436559999012388,0.24067500271485187,0.039880000258563086,26.332557998102857,401408,23.86714599924744,0.18019200069829822,0.02619099905132316,0.0,200704,0.0,0.0,0.0,0.0,0
5,chain_4svc,184,87.1385630016448,75.1188060057757,12.019756995869102,2007040,3,25.399752001249,0.28348699925118126,0.191297000128543,58.5821759996179,602112,12.37392500115675,0.390066001273226,0.07053999797790311,42.504963999817846,802816,14.075339000555687,0.24605199723737314,0.039599999581696466,25.601805002224864,401408,23.26979000281426,0.1463189983041957,0.0267489995167125,0.0,200704,0.0,0.0,0.0,0.0,0
5,chain_4svc,185,88.46834900032263,76.88384600260179,11.584502997720847,2007040,3,26.109694001206663,0.24989300072775222,0.17467399811721407,59.51267699856544,602112,12.730677000945434,0.45397099893307313,0.04930800059810281,43.138357999850996,802816,14.4536709995009,0.32427499900222756,0.039041999116307124,25.772847002372146,401408,23.58980400094879,0.15351299953181297,0.024863998987711966,0.0,200704,0.0,0.0,0.0,0.0,0
5,chain_4svc,186,88.84004799983813,76.53302999824518,12.307018001592951,2007040,3,25.556825999956345,0.2461219992255792,0.1672709986451082,60.14006400073413,602112,12.258405997272348,0.41744400004972704,0.05049600076745264,43.94782400049735,802816,14.72542500050622,0.2362749983149115,0.04232400169712491,26.538730999163818,401408,23.99237300051027,0.1804710009309929,0.02618999860715121,0.0,200704,0.0,0.0,0.0,0.0,0
5,chain_4svc,187,88.02380800261744,76.1243180022575,11.899490000359947,2007040,3,25.536223001836333,0.2508020006644074,0.08702299965079874,59.51742599791032,602112,12.261759999091737,0.36855399957858026,0.09896499977912754,43.63737700259662,802816,14.599081998312613,0.2563880007073749,0.045327000407269225,26.058498999191215,401408,23.727253003016813,0.21203999858698808,0.025700999685795978,0.0,200704,0.0,0.0,0.0,0.0,0
5,chain_4svc,188,86.83293599824538,74.79837200298789,12.034563995257486,2007040,3,25.252456001908286,0.2395570008957293,0.10308699711458758,58.58063899722765,602112,12.144355001510121,0.38678299824823625,0.04895899837720208,42.87903600197751,802816,13.928322001447668,0.23648400019737892,0.039250997360795736,26.05144500194001,401408,23.473238998121815,0.1778170008037705,0.024513999960618094,0.0,200704,0.0,0.0,0.0,0.0,0
5,chain_4svc,189,88.33599900026456,76.137864994962,12.198134005302563,2007040,3,25.490616000752198,0.24186199880205095,0.09330900138593279,59.458201001689304,602112,12.269580998690799,0.44831400009570643,0.04993700349587016,43.50397999951383,802816,14.617589997214964,0.25198900038958527,0.056711000070208684,26.083433000167133,401408,23.76007799830404,0.16894800137379207,0.025353001547046006,0.0,200704,0.0,0.0,0.0,0.0,0
5,chain_4svc,190,87.35702900230535,75.9457329986617,11.411296003643656,2007040,3,25.39304799938691,0.24074400062090717,0.18326500139664859,59.00855999789201,602112,12.16698399730376,0.3706499992404133,0.05838700235472061,43.31477899904712,802816,14.22515000012936,0.23927700021886267,0.039459999243263155,26.32285000072443,401408,24.160551001841668,0.14499099779641256,0.024654000299051404,0.0,200704,0.0,0.0,0.0,0.0,0
5,chain_4svc,191,89.26517299914849,77.3293649945117,11.935808004636783,2007040,3,25.19204299824196,0.2446549988235347,0.08967700341599993,60.951625997404335,602112,12.899204000859754,0.383850001526298,0.05866699939360842,44.43420199822867,802816,15.468121997400885,0.236135001614457,0.03869200008921325,26.14370700030122,401408,23.769995998009108,0.19227500160923228,0.025352001102874056,0.0,200704,0.0,0.0,0.0,0.0,0
5,chain_4svc,192,88.6955450005189,77.00222800121992,11.693316999298986,2007040,3,25.632464999944204,0.24235000091721304,0.08807099948171526,60.0214740006777,602112,12.266368998098187,0.42491700151003897,0.04658500256482512,44.05349399894476,802816,15.254756002832437,0.22475099831353873,0.05775899990112521,26.249447000736836,401408,23.84863800034509,0.17481300164945424,0.025702000129967928,0.0,200704,0.0,0.0,0.0,0.0,0
5,chain_4svc,193,87.70099799949094,75.81764299902716,11.88335500046378,2007040,3,25.45339100106503,0.24870600100257434,0.08541599891032092,59.07197600026848,602112,12.088413001038134,0.4516660010267515,0.05251999755273573,43.35060800076462,802816,14.39430599930347,0.236135001614457,0.03925100099877454,26.215154000965413,401408,23.881532997620525,0.1779570011422038,0.026470002921996638,0.0,200704,0.0,0.0,0.0,0.0,0
5,chain_4svc,194,87.89411199904862,75.98393500302336,11.910176996025257,2007040,3,25.909736003086437,0.27957599741057493,0.08674399941810407,58.71543300236226,602112,12.316374999500113,0.4167459992459044,0.050635000661714,42.936027002724586,802816,14.048659999389201,0.2335499993932899,0.039040998672135174,26.07882300071651,401408,23.70916400104761,0.17167099940706976,0.02612100070109591,0.0,200704,0.0,0.0,0.0,0.0,0
5,chain_4svc,195,87.76476399725652,75.69479000449064,12.069973992765881,2007040,3,25.533498999720905,0.28223099798196927,0.17076299991458654,58.95729600160848,602112,12.41401400329778,0.4247069991833996,0.04812099723494612,42.843487000936875,802816,14.014087999385083,0.26672500098356977,0.04337100108386949,26.043554000352742,401408,23.733189002086874,0.17488399680587463,0.025702000129967928,0.0,200704,0.0,0.0,0.0,0.0,0
5,chain_4svc,196,86.57983000011882,75.18257199626532,11.397258003853494,2007040,3,25.54460399915115,0.27901700013899244,0.10301699876436032,57.90652699943166,602112,12.236057998961769,0.37588800114463083,0.04763200195156969,42.0572090006317,802816,13.884251999115804,0.30360199889400974,0.05580300057772547,25.649576000432717,401408,23.5176579990366,0.15029900168883614,0.02577199848019518,0.0,200704,0.0,0.0,0.0,0.0,0
5,chain_4svc,197,88.52394399946206,76.09763900109101,12.426304998371052,2007040,3,25.400869999430142,0.24137299988069572,0.0871619995450601,59.978520999720786,602112,12.401023999700556,0.4418179996719118,0.06292699981713668,43.67160000037984,802816,14.456745000643423,0.3165220005030278,0.039739999920129776,26.493682998989243,401408,23.83900000131689,0.17977300012717023,0.024304998078150675,0.0,200704,0.0,0.0,0.0,0.0,0
5,chain_4svc,198,88.04447999864351,75.72838499618229,12.316095002461225,2007040,3,25.604108999687014,0.31282100098906085,0.08290199912153184,58.95520000194665,602112,12.221041997690918,0.3758180027944036,0.04944800093653612,43.137101998581784,802816,14.067306998185813,0.3234370014979504,0.03897200076607987,26.328577001550002,401408,23.83592700061854,0.1998170009755995,0.0253529979090672,0.0,200704,0.0,0.0,0.0,0.0,0
5,chain_4svc,199,88.81671999915852,75.82930600256077,12.987413996597752,2007040,3,25.677233999886084,0.24228100301115774,0.1699940003163647,59.62561100022867,602112,12.1725709977909,0.39656100125284865,0.0534290011273697,43.798431997856824,802816,14.135961002466502,0.317431000439683,0.0400889985030517,26.4810420012509,401408,23.843540002417285,0.21064199972897768,0.023884997062850744,0.0,200704,0.0,0.0,0.0,0.0,0
5,chain_4svc,200,88.21999299834715,76.17306600150187,12.046926996845286,2007040,3,25.581201000022702,0.24388800011365674,0.13933399895904586,59.328504001314286,602112,12.437829998816596,0.36764600008609705,0.05210200106375851,43.21211099886568,802816,14.526446000672877,0.3019959985977039,0.04001900015282445,26.05549600048107,401408,23.62758900198969,0.17683899932308123,0.024793000193312764,0.0,200704,0.0,0.0,0.0,0.0,0
